status,month,credit_history,purpose,credit_amount,savings,employment,investment_as_income_percentage,other_debtors,residence_since,property,age,installment_plans,housing,number_of_credits,skill_level,people_liable_for,telephone,foreign_worker,sex,output,prediction
A14,0,A33,A40,15400,A63,A72,4,A102,1,A121,1,A143,A152,1,A171,1,A191,A202,A91,0.5352110879587728,1
A14,0,A33,A40,15400,A63,A72,4,A102,1,A121,0,A143,A152,1,A171,1,A191,A202,A91,0.4970336457430014,0
A14,1,A33,A40,16800,A63,A72,1,A103,1,A121,0,A142,A151,1,A171,1,A192,A202,A92,0.477617614329914,0
A14,1,A33,A40,16800,A63,A72,1,A103,1,A121,1,A142,A151,1,A171,1,A192,A202,A92,0.5160490257731901,1
A11,0,A33,A40,14299,A63,A72,1,A102,2,A121,0,A143,A151,1,A171,1,A192,A202,A92,0.49989885091919595,0
A11,0,A33,A40,14299,A63,A72,1,A102,2,A121,1,A143,A151,1,A171,1,A192,A202,A92,0.5380795741266321,1
A11,0,A33,A40,14900,A63,A72,1,A103,1,A121,1,A143,A151,1,A171,1,A191,A202,A91,0.536202342772783,1
A11,0,A33,A40,14900,A63,A72,1,A103,1,A121,0,A143,A151,1,A171,1,A191,A202,A91,0.4978379294923356,0
