job,marital,education,default,housing,loan,contact,month,day_of_week,emp.var.rate,duration,campaign,pdays,previous,poutcome,age,output,decision
blue-collar,divorced,basic.6y,no,no,no,cellular,jan,tue,-3,4930,14,274,0,failure,0,0.499703,NEGATIVE
blue-collar,divorced,basic.6y,no,no,no,cellular,jan,tue,-3,4930,14,274,0,failure,1,0.500172,POSITIVE
housemaid,married,illiterate,unknown,unknown,unknown,telephone,oct,fri,-1,4898,9,262,4,nonexistent,0,0.499893,NEGATIVE
housemaid,married,illiterate,unknown,unknown,unknown,telephone,oct,fri,-1,4898,9,262,4,nonexistent,1,0.500029,POSITIVE
admin.,divorced,basic.4y,no,no,no,cellular,jul,mon,-3,4533,8,258,0,failure,0,0.499954,NEGATIVE
admin.,divorced,basic.4y,no,no,no,cellular,jul,mon,-3,4533,8,258,0,failure,1,0.500090,POSITIVE
management,single,professional.course,unknown,unknown,unknown,telephone,mar,(null),0,4594,9,255,5,success,0,0.499901,NEGATIVE
management,single,professional.course,unknown,unknown,unknown,telephone,mar,(null),0,4594,9,255,5,success,1,0.500037,POSITIVE
blue-collar,divorced,basic.6y,no,no,no,cellular,jan,tue,-3,4930,39,188,0,failure,0,0.492994,NEGATIVE
blue-collar,divorced,basic.6y,no,no,no,cellular,jan,tue,-3,4930,39,188,0,failure,1,0.504434,POSITIVE
admin.,divorced,basic.4y,no,no,no,cellular,jan,mon,-3,4923,33,227,0,failure,0,0.499835,NEGATIVE
admin.,divorced,basic.4y,no,no,no,cellular,jan,mon,-3,4923,33,227,0,failure,1,0.502156,POSITIVE
entrepreneur,divorced,basic.6y,no,no,no,cellular,feb,tue,-3,4938,33,220,1,failure,0,0.497279,NEGATIVE
entrepreneur,divorced,basic.6y,no,no,no,cellular,feb,tue,-3,4938,33,220,1,failure,1,0.505219,POSITIVE
housemaid,married,basic.9y,no,no,no,cellular,feb,wed,-2,4868,30,223,2,nonexistent,0,0.497790,NEGATIVE
housemaid,married,basic.9y,no,no,no,cellular,feb,wed,-2,4868,30,223,2,nonexistent,1,0.500111,POSITIVE
admin.,divorced,basic.6y,no,no,no,cellular,jul,tue,-3,4696,26,219,0,failure,0,0.496400,NEGATIVE
admin.,divorced,basic.6y,no,no,no,cellular,jul,tue,-3,4696,26,219,0,failure,1,0.501884,POSITIVE
blue-collar,married,basic.9y,no,no,no,cellular,feb,wed,-2,4712,28,221,2,nonexistent,0,0.498961,NEGATIVE
blue-collar,married,basic.9y,no,no,no,cellular,feb,wed,-2,4712,28,221,2,nonexistent,1,0.501282,POSITIVE
admin.,divorced,basic.6y,no,no,no,cellular,jul,tue,-3,4852,33,204,0,failure,0,0.493665,NEGATIVE
admin.,divorced,basic.6y,no,no,no,cellular,jul,tue,-3,4852,33,204,0,failure,1,0.501094,POSITIVE
self-employed,divorced,basic.4y,no,no,no,cellular,jan,mon,-3,4923,36,204,0,failure,0,0.499381,NEGATIVE
self-employed,divorced,basic.4y,no,no,no,cellular,jan,mon,-3,4923,36,204,0,failure,1,0.506810,POSITIVE
blue-collar,divorced,basic.6y,no,no,no,cellular,feb,tue,-3,4938,36,205,1,failure,0,0.496570,NEGATIVE
blue-collar,divorced,basic.6y,no,no,no,cellular,feb,tue,-3,4938,36,205,1,failure,1,0.504000,POSITIVE
management,married,basic.9y,no,no,no,cellular,mar,wed,-2,4906,33,209,2,nonexistent,0,0.496017,NEGATIVE
management,married,basic.9y,no,no,no,cellular,mar,wed,-2,4906,33,209,2,nonexistent,1,0.503958,POSITIVE
entrepreneur,divorced,basic.6y,no,no,no,cellular,aug,tue,-3,4938,36,189,1,failure,0,0.497612,NEGATIVE
entrepreneur,divorced,basic.6y,no,no,no,cellular,aug,tue,-3,4938,36,189,1,failure,1,0.509051,POSITIVE
retired,married,high.school,unknown,unknown,unknown,telephone,oct,thu,-1,4961,34,195,3,nonexistent,0,0.497196,NEGATIVE
retired,married,high.school,unknown,unknown,unknown,telephone,oct,thu,-1,4961,34,195,3,nonexistent,1,0.505137,POSITIVE
self-employed,divorced,basic.6y,no,no,no,cellular,jul,tue,-3,4852,33,196,0,failure,0,0.498731,NEGATIVE
self-employed,divorced,basic.6y,no,no,no,cellular,jul,tue,-3,4852,33,196,0,failure,1,0.506160,POSITIVE
blue-collar,married,basic.9y,no,no,no,cellular,aug,wed,-2,4868,33,198,2,nonexistent,0,0.494132,NEGATIVE
blue-collar,married,basic.9y,no,no,no,cellular,aug,wed,-2,4868,33,198,2,nonexistent,1,0.501561,POSITIVE
entrepreneur,married,basic.9y,no,no,no,cellular,nov,wed,-2,4875,33,190,2,nonexistent,0,0.495561,NEGATIVE
entrepreneur,married,basic.9y,no,no,no,cellular,nov,wed,-2,4875,33,190,2,nonexistent,1,0.502990,POSITIVE
services,married,basic.9y,no,no,no,cellular,feb,wed,-2,4946,36,198,2,nonexistent,0,0.493435,NEGATIVE
services,married,basic.9y,no,no,no,cellular,feb,wed,-2,4946,36,198,2,nonexistent,1,0.500863,POSITIVE
technician,married,illiterate,unknown,unknown,unknown,telephone,apr,fri,-1,4976,34,200,4,nonexistent,0,0.495492,NEGATIVE
technician,married,illiterate,unknown,unknown,unknown,telephone,apr,fri,-1,4976,34,200,4,nonexistent,1,0.503432,POSITIVE
unemployed,single,professional.course,unknown,unknown,unknown,telephone,jun,(null),0,4992,34,194,6,success,0,0.499571,NEGATIVE
unemployed,single,professional.course,unknown,unknown,unknown,telephone,jun,(null),0,4992,34,194,6,success,1,0.507511,POSITIVE
retired,married,high.school,unknown,unknown,unknown,telephone,apr,thu,-1,4883,35,195,3,nonexistent,0,0.494177,NEGATIVE
retired,married,high.school,unknown,unknown,unknown,telephone,apr,thu,-1,4883,35,195,3,nonexistent,1,0.501607,POSITIVE
blue-collar,divorced,basic.6y,no,no,no,cellular,jan,tue,-3,4704,33,205,0,failure,0,0.495689,NEGATIVE
blue-collar,divorced,basic.6y,no,no,no,cellular,jan,tue,-3,4704,33,205,0,failure,1,0.503118,POSITIVE
blue-collar,divorced,basic.6y,no,no,no,cellular,jul,tue,-3,4704,33,189,0,failure,0,0.496149,NEGATIVE
blue-collar,divorced,basic.6y,no,no,no,cellular,jul,tue,-3,4704,33,189,0,failure,1,0.503578,POSITIVE
blue-collar,divorced,basic.6y,no,no,no,cellular,jan,tue,-3,4704,36,188,0,failure,0,0.499800,NEGATIVE
blue-collar,divorced,basic.6y,no,no,no,cellular,jan,tue,-3,4704,36,188,0,failure,1,0.511239,POSITIVE
entrepreneur,married,basic.9y,no,no,no,cellular,may,wed,-2,4797,33,198,2,nonexistent,0,0.493715,NEGATIVE
entrepreneur,married,basic.9y,no,no,no,cellular,may,wed,-2,4797,33,198,2,nonexistent,1,0.501144,POSITIVE
technician,married,illiterate,unknown,unknown,unknown,telephone,feb,fri,-1,4820,34,192,4,nonexistent,0,0.497070,NEGATIVE
technician,married,illiterate,unknown,unknown,unknown,telephone,feb,fri,-1,4820,34,192,4,nonexistent,1,0.505010,POSITIVE
management,married,basic.9y,no,no,no,cellular,mar,wed,-2,4719,33,193,2,nonexistent,0,0.498873,NEGATIVE
management,married,basic.9y,no,no,no,cellular,mar,wed,-2,4719,33,193,2,nonexistent,1,0.506302,POSITIVE
student,married,basic.9y,no,no,no,cellular,aug,wed,-2,4953,30,214,2,nonexistent,0,0.495163,NEGATIVE
student,married,basic.9y,no,no,no,cellular,aug,wed,-2,4953,30,214,2,nonexistent,1,0.502003,POSITIVE
housemaid,married,high.school,unknown,unknown,unknown,telephone,oct,thu,-1,4961,31,215,3,nonexistent,0,0.497414,NEGATIVE
housemaid,married,high.school,unknown,unknown,unknown,telephone,oct,thu,-1,4961,31,215,3,nonexistent,1,0.505355,POSITIVE
self-employed,divorced,basic.6y,no,no,no,cellular,jul,tue,-3,4852,30,212,0,failure,0,0.499706,NEGATIVE
self-employed,divorced,basic.6y,no,no,no,cellular,jul,tue,-3,4852,30,212,0,failure,1,0.502028,POSITIVE
entrepreneur,married,basic.9y,no,no,no,cellular,aug,wed,-2,4875,30,214,2,nonexistent,0,0.496413,NEGATIVE
entrepreneur,married,basic.9y,no,no,no,cellular,aug,wed,-2,4875,30,214,2,nonexistent,1,0.502228,POSITIVE
unemployed,single,professional.course,unknown,unknown,unknown,telephone,mar,(null),0,4992,31,217,6,success,0,0.497460,NEGATIVE
unemployed,single,professional.course,unknown,unknown,unknown,telephone,mar,(null),0,4992,31,217,6,success,1,0.502192,POSITIVE
student,single,professional.course,unknown,unknown,unknown,telephone,may,(null),0,4906,31,209,5,success,0,0.495891,NEGATIVE
student,single,professional.course,unknown,unknown,unknown,telephone,may,(null),0,4906,31,209,5,success,1,0.503831,POSITIVE
student,single,professional.course,unknown,unknown,unknown,telephone,nov,(null),0,4984,31,201,5,success,0,0.496915,NEGATIVE
student,single,professional.course,unknown,unknown,unknown,telephone,nov,(null),0,4984,31,201,5,success,1,0.504855,POSITIVE
services,married,illiterate,unknown,unknown,unknown,telephone,oct,fri,-1,4898,31,198,4,nonexistent,0,0.498937,NEGATIVE
services,married,illiterate,unknown,unknown,unknown,telephone,oct,fri,-1,4898,31,198,4,nonexistent,1,0.506877,POSITIVE
housemaid,married,basic.9y,no,no,no,cellular,aug,wed,-2,4790,30,206,2,nonexistent,0,0.498161,NEGATIVE
housemaid,married,basic.9y,no,no,no,cellular,aug,wed,-2,4790,30,206,2,nonexistent,1,0.506101,POSITIVE
student,married,high.school,unknown,unknown,unknown,telephone,feb,thu,-1,4727,31,207,3,nonexistent,0,0.492481,NEGATIVE
student,married,high.school,unknown,unknown,unknown,telephone,feb,thu,-1,4727,31,207,3,nonexistent,1,0.500422,POSITIVE
retired,married,high.school,unknown,unknown,unknown,telephone,oct,thu,-1,4805,31,199,3,nonexistent,0,0.492187,NEGATIVE
retired,married,high.school,unknown,unknown,unknown,telephone,oct,thu,-1,4805,31,199,3,nonexistent,1,0.500127,POSITIVE
management,single,professional.course,unknown,unknown,unknown,telephone,nov,(null),0,4828,31,193,5,success,0,0.493208,NEGATIVE
management,single,professional.course,unknown,unknown,unknown,telephone,nov,(null),0,4828,31,193,5,success,1,0.501148,POSITIVE
services,divorced,basic.6y,no,no,no,cellular,aug,tue,-3,4704,30,197,1,failure,0,0.499964,NEGATIVE
services,divorced,basic.6y,no,no,no,cellular,aug,tue,-3,4704,30,197,1,failure,1,0.507905,POSITIVE
entrepreneur,married,basic.9y,no,no,no,cellular,sep,wed,-2,4719,30,198,2,nonexistent,0,0.493321,NEGATIVE
entrepreneur,married,basic.9y,no,no,no,cellular,sep,wed,-2,4719,30,198,2,nonexistent,1,0.501261,POSITIVE
technician,single,professional.course,unknown,unknown,unknown,telephone,may,(null),0,4828,31,201,5,success,0,0.497811,NEGATIVE
technician,single,professional.course,unknown,unknown,unknown,telephone,may,(null),0,4828,31,201,5,success,1,0.505752,POSITIVE
management,single,professional.course,unknown,unknown,unknown,telephone,may,(null),0,4750,31,201,5,success,0,0.492184,NEGATIVE
management,single,professional.course,unknown,unknown,unknown,telephone,may,(null),0,4750,31,201,5,success,1,0.500124,POSITIVE
technician,single,professional.course,unknown,unknown,unknown,telephone,jun,(null),0,4750,31,193,5,success,0,0.499204,NEGATIVE
technician,single,professional.course,unknown,unknown,unknown,telephone,jun,(null),0,4750,31,193,5,success,1,0.507145,POSITIVE
admin.,divorced,basic.4y,no,no,no,cellular,jan,mon,-3,4611,26,227,0,failure,0,0.496326,NEGATIVE
admin.,divorced,basic.4y,no,no,no,cellular,jan,mon,-3,4611,26,227,0,failure,1,0.501810,POSITIVE
blue-collar,divorced,basic.6y,no,no,no,cellular,jan,tue,-3,4540,26,219,0,failure,0,0.497032,NEGATIVE
blue-collar,divorced,basic.6y,no,no,no,cellular,jan,tue,-3,4540,26,219,0,failure,1,0.502516,POSITIVE
blue-collar,divorced,basic.6y,no,no,no,cellular,jan,tue,-3,4626,33,197,1,failure,0,0.496726,NEGATIVE
blue-collar,divorced,basic.6y,no,no,no,cellular,jan,tue,-3,4626,33,197,1,failure,1,0.504154,POSITIVE
services,divorced,basic.6y,no,no,no,cellular,feb,tue,-3,4626,33,189,1,failure,0,0.492763,NEGATIVE
services,divorced,basic.6y,no,no,no,cellular,feb,tue,-3,4626,33,189,1,failure,1,0.500192,POSITIVE
blue-collar,divorced,basic.6y,no,no,no,cellular,feb,tue,-3,4548,33,189,1,failure,0,0.499659,NEGATIVE
blue-collar,divorced,basic.6y,no,no,no,cellular,feb,tue,-3,4548,33,189,1,failure,1,0.507088,POSITIVE
admin.,divorced,basic.4y,no,no,no,cellular,jul,mon,-3,4611,30,204,0,failure,0,0.493433,NEGATIVE
admin.,divorced,basic.4y,no,no,no,cellular,jul,mon,-3,4611,30,204,0,failure,1,0.501374,POSITIVE
services,divorced,basic.6y,no,no,no,cellular,feb,tue,-3,4626,30,205,1,failure,0,0.498941,NEGATIVE
services,divorced,basic.6y,no,no,no,cellular,feb,tue,-3,4626,30,205,1,failure,1,0.506881,POSITIVE
entrepreneur,married,basic.9y,no,no,no,cellular,mar,wed,-2,4641,30,206,2,nonexistent,0,0.492297,NEGATIVE
entrepreneur,married,basic.9y,no,no,no,cellular,mar,wed,-2,4641,30,206,2,nonexistent,1,0.500237,POSITIVE
blue-collar,married,basic.9y,no,no,no,cellular,aug,wed,-2,4556,26,206,2,nonexistent,0,0.498593,NEGATIVE
blue-collar,married,basic.9y,no,no,no,cellular,aug,wed,-2,4556,26,206,2,nonexistent,1,0.500995,POSITIVE
student,married,high.school,unknown,unknown,unknown,telephone,apr,thu,-1,4649,28,207,3,nonexistent,0,0.501783,POSITIVE
student,married,high.school,unknown,unknown,unknown,telephone,apr,thu,-1,4649,28,207,3,nonexistent,1,0.499705,NEGATIVE
blue-collar,married,basic.9y,no,no,no,cellular,nov,wed,-2,4634,30,190,2,nonexistent,0,0.494998,NEGATIVE
blue-collar,married,basic.9y,no,no,no,cellular,nov,wed,-2,4634,30,190,2,nonexistent,1,0.502938,POSITIVE
self-employed,married,illiterate,unknown,unknown,unknown,telephone,apr,fri,-1,4657,31,196,4,nonexistent,0,0.498971,NEGATIVE
self-employed,married,illiterate,unknown,unknown,unknown,telephone,apr,fri,-1,4657,31,196,4,nonexistent,1,0.506911,POSITIVE
blue-collar,married,basic.9y,no,no,no,cellular,may,wed,-2,4556,30,198,2,nonexistent,0,0.493974,NEGATIVE
blue-collar,married,basic.9y,no,no,no,cellular,may,wed,-2,4556,30,198,2,nonexistent,1,0.501915,POSITIVE
student,married,illiterate,unknown,unknown,unknown,telephone,feb,fri,-1,4579,31,192,4,nonexistent,0,0.496703,NEGATIVE
student,married,illiterate,unknown,unknown,unknown,telephone,feb,fri,-1,4579,31,192,4,nonexistent,1,0.504643,POSITIVE
services,married,illiterate,unknown,unknown,unknown,telephone,sep,fri,-1,4641,28,198,4,nonexistent,0,0.501359,POSITIVE
services,married,illiterate,unknown,unknown,unknown,telephone,sep,fri,-1,4641,28,198,4,nonexistent,1,0.499282,NEGATIVE
blue-collar,divorced,basic.6y,no,no,no,cellular,feb,tue,-3,4470,26,213,1,failure,0,0.498718,NEGATIVE
blue-collar,divorced,basic.6y,no,no,no,cellular,feb,tue,-3,4470,26,213,1,failure,1,0.503690,POSITIVE
blue-collar,married,basic.9y,no,no,no,cellular,feb,wed,-2,4478,28,206,2,nonexistent,0,0.498419,NEGATIVE
blue-collar,married,basic.9y,no,no,no,cellular,feb,wed,-2,4478,28,206,2,nonexistent,1,0.500741,POSITIVE
admin.,divorced,basic.6y,no,no,no,cellular,jul,tue,-3,4462,30,188,0,failure,0,0.496753,NEGATIVE
admin.,divorced,basic.6y,no,no,no,cellular,jul,tue,-3,4462,30,188,0,failure,1,0.504182,POSITIVE
services,married,basic.9y,no,no,no,cellular,feb,wed,-2,4478,30,190,2,nonexistent,0,0.492582,NEGATIVE
services,married,basic.9y,no,no,no,cellular,feb,wed,-2,4478,30,190,2,nonexistent,1,0.500523,POSITIVE
housemaid,married,illiterate,unknown,unknown,unknown,telephone,feb,fri,-1,4501,31,192,4,nonexistent,0,0.494515,NEGATIVE
housemaid,married,illiterate,unknown,unknown,unknown,telephone,feb,fri,-1,4501,31,192,4,nonexistent,1,0.502455,POSITIVE
admin.,divorced,basic.6y,no,no,no,cellular,jan,tue,-3,4383,30,196,0,failure,0,0.493815,NEGATIVE
admin.,divorced,basic.6y,no,no,no,cellular,jan,tue,-3,4383,30,196,0,failure,1,0.501756,POSITIVE
self-employed,divorced,basic.6y,no,no,no,cellular,jan,tue,-3,4383,30,188,0,failure,0,0.499380,NEGATIVE
self-employed,divorced,basic.6y,no,no,no,cellular,jan,tue,-3,4383,30,188,0,failure,1,0.507320,POSITIVE
blue-collar,married,basic.9y,no,no,no,cellular,feb,wed,-2,4399,30,190,2,nonexistent,0,0.494700,NEGATIVE
blue-collar,married,basic.9y,no,no,no,cellular,feb,wed,-2,4399,30,190,2,nonexistent,1,0.502640,POSITIVE
housemaid,married,basic.9y,no,no,no,cellular,aug,wed,-2,4478,26,198,2,nonexistent,0,0.498308,NEGATIVE
housemaid,married,basic.9y,no,no,no,cellular,aug,wed,-2,4478,26,198,2,nonexistent,1,0.500630,POSITIVE
entrepreneur,divorced,basic.6y,no,no,no,cellular,aug,tue,-3,4391,28,189,1,failure,0,0.497795,NEGATIVE
entrepreneur,divorced,basic.6y,no,no,no,cellular,aug,tue,-3,4391,28,189,1,failure,1,0.505735,POSITIVE
services,divorced,basic.6y,no,no,no,cellular,feb,tue,-3,4391,28,197,1,failure,0,0.498598,NEGATIVE
services,divorced,basic.6y,no,no,no,cellular,feb,tue,-3,4391,28,197,1,failure,1,0.500919,POSITIVE
self-employed,married,illiterate,unknown,unknown,unknown,telephone,apr,fri,-1,4422,28,192,4,nonexistent,0,0.495272,NEGATIVE
self-employed,married,illiterate,unknown,unknown,unknown,telephone,apr,fri,-1,4422,28,192,4,nonexistent,1,0.503213,POSITIVE
self-employed,divorced,basic.6y,no,no,no,cellular,jan,tue,-3,4930,39,181,0,failure,0,0.491622,NEGATIVE
self-employed,divorced,basic.6y,no,no,no,cellular,jan,tue,-3,4930,39,181,0,failure,1,0.503061,POSITIVE
admin.,divorced,basic.6y,no,no,no,cellular,jan,tue,-3,4852,39,181,0,failure,0,0.492952,NEGATIVE
admin.,divorced,basic.6y,no,no,no,cellular,jan,tue,-3,4852,39,181,0,failure,1,0.504393,POSITIVE
self-employed,divorced,basic.6y,no,no,no,cellular,jan,tue,-3,4852,39,173,0,failure,0,0.493389,NEGATIVE
self-employed,divorced,basic.6y,no,no,no,cellular,jan,tue,-3,4852,39,173,0,failure,1,0.504829,POSITIVE
entrepreneur,divorced,basic.6y,no,no,no,cellular,aug,tue,-3,4875,39,159,1,failure,0,0.499656,NEGATIVE
entrepreneur,divorced,basic.6y,no,no,no,cellular,aug,tue,-3,4875,39,159,1,failure,1,0.511094,POSITIVE
blue-collar,divorced,basic.6y,no,no,no,cellular,jan,tue,-3,4860,42,158,0,failure,0,0.495350,NEGATIVE
blue-collar,divorced,basic.6y,no,no,no,cellular,jan,tue,-3,4860,42,158,0,failure,1,0.506790,POSITIVE
services,married,illiterate,unknown,unknown,unknown,telephone,apr,fri,-1,4976,40,161,4,nonexistent,0,0.496295,NEGATIVE
services,married,illiterate,unknown,unknown,unknown,telephone,apr,fri,-1,4976,40,161,4,nonexistent,1,0.507734,POSITIVE
management,married,basic.9y,no,no,no,cellular,mar,wed,-2,4875,39,167,2,nonexistent,0,0.490981,NEGATIVE
management,married,basic.9y,no,no,no,cellular,mar,wed,-2,4875,39,167,2,nonexistent,1,0.502421,POSITIVE
management,single,professional.course,unknown,unknown,unknown,telephone,mar,(null),0,4906,40,162,5,success,0,0.489033,NEGATIVE
management,single,professional.course,unknown,unknown,unknown,telephone,mar,(null),0,4906,40,162,5,success,1,0.500472,POSITIVE
admin.,divorced,basic.6y,no,no,no,cellular,jan,tue,-3,4774,39,173,0,failure,0,0.494721,NEGATIVE
admin.,divorced,basic.6y,no,no,no,cellular,jan,tue,-3,4774,39,173,0,failure,1,0.506161,POSITIVE
self-employed,divorced,basic.6y,no,no,no,cellular,jan,tue,-3,4774,39,165,0,failure,0,0.496516,NEGATIVE
self-employed,divorced,basic.6y,no,no,no,cellular,jan,tue,-3,4774,39,165,0,failure,1,0.507956,POSITIVE
admin.,divorced,basic.6y,no,no,no,cellular,apr,tue,-3,4774,39,165,0,failure,0,0.496007,NEGATIVE
admin.,divorced,basic.6y,no,no,no,cellular,apr,tue,-3,4774,39,165,0,failure,1,0.507447,POSITIVE
management,married,basic.9y,no,no,no,cellular,mar,wed,-2,4797,39,159,2,nonexistent,0,0.494107,NEGATIVE
management,married,basic.9y,no,no,no,cellular,mar,wed,-2,4797,39,159,2,nonexistent,1,0.505547,POSITIVE
blue-collar,divorced,basic.6y,no,no,no,cellular,jan,tue,-3,4696,39,165,0,failure,0,0.488794,NEGATIVE
blue-collar,divorced,basic.6y,no,no,no,cellular,jan,tue,-3,4696,39,165,0,failure,1,0.500233,POSITIVE
self-employed,divorced,basic.6y,no,no,no,cellular,jan,tue,-3,4696,39,157,0,failure,0,0.499642,NEGATIVE
self-employed,divorced,basic.6y,no,no,no,cellular,jan,tue,-3,4696,39,157,0,failure,1,0.511081,POSITIVE
admin.,divorced,basic.6y,no,no,no,cellular,apr,tue,-3,4696,39,157,0,failure,0,0.499133,NEGATIVE
admin.,divorced,basic.6y,no,no,no,cellular,apr,tue,-3,4696,39,157,0,failure,1,0.510572,POSITIVE
admin.,divorced,basic.6y,no,no,no,cellular,jan,tue,-3,4930,45,141,0,failure,0,0.491858,NEGATIVE
admin.,divorced,basic.6y,no,no,no,cellular,jan,tue,-3,4930,45,141,0,failure,1,0.504330,POSITIVE
entrepreneur,divorced,basic.6y,no,no,no,cellular,feb,tue,-3,4875,45,127,1,failure,0,0.491881,NEGATIVE
entrepreneur,divorced,basic.6y,no,no,no,cellular,feb,tue,-3,4875,45,127,1,failure,1,0.505743,POSITIVE
admin.,divorced,basic.6y,no,no,no,cellular,jul,tue,-3,4930,42,149,0,failure,0,0.488284,NEGATIVE
admin.,divorced,basic.6y,no,no,no,cellular,jul,tue,-3,4930,42,149,0,failure,1,0.500754,POSITIVE
entrepreneur,divorced,basic.6y,no,no,no,cellular,aug,tue,-3,4938,42,142,1,failure,0,0.497811,NEGATIVE
entrepreneur,divorced,basic.6y,no,no,no,cellular,aug,tue,-3,4938,42,142,1,failure,1,0.510281,POSITIVE
housemaid,married,illiterate,unknown,unknown,unknown,telephone,oct,fri,-1,4969,40,153,4,nonexistent,0,0.490312,NEGATIVE
housemaid,married,illiterate,unknown,unknown,unknown,telephone,oct,fri,-1,4969,40,153,4,nonexistent,1,0.501751,POSITIVE
services,married,basic.9y,no,no,no,cellular,feb,wed,-2,4946,42,151,2,nonexistent,0,0.494530,NEGATIVE
services,married,basic.9y,no,no,no,cellular,feb,wed,-2,4946,42,151,2,nonexistent,1,0.505971,POSITIVE
student,married,illiterate,unknown,unknown,unknown,telephone,feb,fri,-1,4969,43,145,4,nonexistent,0,0.498497,NEGATIVE
student,married,illiterate,unknown,unknown,unknown,telephone,feb,fri,-1,4969,43,145,4,nonexistent,1,0.509936,POSITIVE
management,single,professional.course,unknown,unknown,unknown,telephone,mar,(null),0,4984,43,146,5,success,0,0.496920,NEGATIVE
management,single,professional.course,unknown,unknown,unknown,telephone,mar,(null),0,4984,43,146,5,success,1,0.509391,POSITIVE
technician,single,professional.course,unknown,unknown,unknown,telephone,jun,(null),0,4984,40,154,5,success,0,0.489735,NEGATIVE
technician,single,professional.course,unknown,unknown,unknown,telephone,jun,(null),0,4984,40,154,5,success,1,0.501174,POSITIVE
services,married,basic.9y,no,no,no,cellular,aug,wed,-2,4868,39,151,2,nonexistent,0,0.494529,NEGATIVE
services,married,basic.9y,no,no,no,cellular,aug,wed,-2,4868,39,151,2,nonexistent,1,0.505968,POSITIVE
housemaid,married,illiterate,unknown,unknown,unknown,telephone,oct,fri,-1,4891,40,145,4,nonexistent,0,0.493437,NEGATIVE
housemaid,married,illiterate,unknown,unknown,unknown,telephone,oct,fri,-1,4891,40,145,4,nonexistent,1,0.504877,POSITIVE
blue-collar,married,basic.9y,no,no,no,cellular,feb,wed,-2,4868,42,151,2,nonexistent,0,0.492241,NEGATIVE
blue-collar,married,basic.9y,no,no,no,cellular,feb,wed,-2,4868,42,151,2,nonexistent,1,0.503681,POSITIVE
management,married,basic.9y,no,no,no,cellular,mar,wed,-2,4875,42,143,2,nonexistent,0,0.498676,NEGATIVE
management,married,basic.9y,no,no,no,cellular,mar,wed,-2,4875,42,143,2,nonexistent,1,0.511146,POSITIVE
services,married,illiterate,unknown,unknown,unknown,telephone,apr,fri,-1,4898,40,153,4,nonexistent,0,0.499421,NEGATIVE
services,married,illiterate,unknown,unknown,unknown,telephone,apr,fri,-1,4898,40,153,4,nonexistent,1,0.510860,POSITIVE
technician,single,professional.course,unknown,unknown,unknown,telephone,jun,(null),0,4906,40,146,5,success,0,0.492860,NEGATIVE
technician,single,professional.course,unknown,unknown,unknown,telephone,jun,(null),0,4906,40,146,5,success,1,0.504301,POSITIVE
self-employed,married,illiterate,unknown,unknown,unknown,telephone,oct,fri,-1,4969,41,133,4,nonexistent,0,0.493863,NEGATIVE
self-employed,married,illiterate,unknown,unknown,unknown,telephone,oct,fri,-1,4969,41,133,4,nonexistent,1,0.506335,POSITIVE
services,married,illiterate,unknown,unknown,unknown,telephone,apr,fri,-1,4976,43,137,4,nonexistent,0,0.498375,NEGATIVE
services,married,illiterate,unknown,unknown,unknown,telephone,apr,fri,-1,4976,43,137,4,nonexistent,1,0.510846,POSITIVE
services,married,illiterate,unknown,unknown,unknown,telephone,may,fri,-1,4976,44,129,4,nonexistent,0,0.495786,NEGATIVE
services,married,illiterate,unknown,unknown,unknown,telephone,may,fri,-1,4976,44,129,4,nonexistent,1,0.508256,POSITIVE
retired,married,high.school,unknown,unknown,unknown,telephone,oct,thu,-1,4883,41,132,3,nonexistent,0,0.498858,NEGATIVE
retired,married,high.school,unknown,unknown,unknown,telephone,oct,thu,-1,4883,41,132,3,nonexistent,1,0.511328,POSITIVE
student,married,illiterate,unknown,unknown,unknown,telephone,feb,fri,-1,4891,43,137,4,nonexistent,0,0.493137,NEGATIVE
student,married,illiterate,unknown,unknown,unknown,telephone,feb,fri,-1,4891,43,137,4,nonexistent,1,0.505608,POSITIVE
management,single,professional.course,unknown,unknown,unknown,telephone,mar,(null),0,4906,43,138,5,success,0,0.490617,NEGATIVE
management,single,professional.course,unknown,unknown,unknown,telephone,mar,(null),0,4906,43,138,5,success,1,0.503088,POSITIVE
services,married,illiterate,unknown,unknown,unknown,telephone,apr,fri,-1,4898,43,129,4,nonexistent,0,0.492072,NEGATIVE
services,married,illiterate,unknown,unknown,unknown,telephone,apr,fri,-1,4898,43,129,4,nonexistent,1,0.504543,POSITIVE
blue-collar,married,basic.9y,no,no,no,cellular,aug,wed,-2,4790,39,151,2,nonexistent,0,0.496743,NEGATIVE
blue-collar,married,basic.9y,no,no,no,cellular,aug,wed,-2,4790,39,151,2,nonexistent,1,0.508183,POSITIVE
blue-collar,divorced,basic.6y,no,no,no,cellular,jul,tue,-3,4696,39,149,0,failure,0,0.489864,NEGATIVE
blue-collar,divorced,basic.6y,no,no,no,cellular,jul,tue,-3,4696,39,149,0,failure,1,0.501303,POSITIVE
self-employed,divorced,basic.6y,no,no,no,cellular,jul,tue,-3,4696,39,141,0,failure,0,0.488785,NEGATIVE
self-employed,divorced,basic.6y,no,no,no,cellular,jul,tue,-3,4696,39,141,0,failure,1,0.500224,POSITIVE
blue-collar,married,basic.9y,no,no,no,cellular,aug,wed,-2,4712,39,143,2,nonexistent,0,0.499869,NEGATIVE
blue-collar,married,basic.9y,no,no,no,cellular,aug,wed,-2,4712,39,143,2,nonexistent,1,0.511308,POSITIVE
blue-collar,divorced,basic.6y,no,no,no,cellular,jan,tue,-3,4774,42,149,0,failure,0,0.498789,NEGATIVE
blue-collar,divorced,basic.6y,no,no,no,cellular,jan,tue,-3,4774,42,149,0,failure,1,0.510229,POSITIVE
blue-collar,married,basic.9y,no,no,no,cellular,feb,wed,-2,4790,42,143,2,nonexistent,0,0.487602,NEGATIVE
blue-collar,married,basic.9y,no,no,no,cellular,feb,wed,-2,4790,42,143,2,nonexistent,1,0.500071,POSITIVE
student,married,illiterate,unknown,unknown,unknown,telephone,feb,fri,-1,4813,40,153,4,nonexistent,0,0.491628,NEGATIVE
student,married,illiterate,unknown,unknown,unknown,telephone,feb,fri,-1,4813,40,153,4,nonexistent,1,0.503068,POSITIVE
management,single,professional.course,unknown,unknown,unknown,telephone,mar,(null),0,4828,40,154,5,success,0,0.492158,NEGATIVE
management,single,professional.course,unknown,unknown,unknown,telephone,mar,(null),0,4828,40,154,5,success,1,0.503598,POSITIVE
blue-collar,divorced,basic.6y,no,no,no,cellular,jan,tue,-3,4696,42,141,0,failure,0,0.492673,NEGATIVE
blue-collar,divorced,basic.6y,no,no,no,cellular,jan,tue,-3,4696,42,141,0,failure,1,0.505145,POSITIVE
management,married,basic.9y,no,no,no,cellular,mar,wed,-2,4719,39,151,2,nonexistent,0,0.497233,NEGATIVE
management,married,basic.9y,no,no,no,cellular,mar,wed,-2,4719,39,151,2,nonexistent,1,0.508672,POSITIVE
student,married,illiterate,unknown,unknown,unknown,telephone,feb,fri,-1,4735,40,145,4,nonexistent,0,0.494754,NEGATIVE
student,married,illiterate,unknown,unknown,unknown,telephone,feb,fri,-1,4735,40,145,4,nonexistent,1,0.506193,POSITIVE
management,single,professional.course,unknown,unknown,unknown,telephone,mar,(null),0,4750,40,146,5,success,0,0.495284,NEGATIVE
management,single,professional.course,unknown,unknown,unknown,telephone,mar,(null),0,4750,40,146,5,success,1,0.506724,POSITIVE
housemaid,married,illiterate,unknown,unknown,unknown,telephone,oct,fri,-1,4813,40,137,4,nonexistent,0,0.490362,NEGATIVE
housemaid,married,illiterate,unknown,unknown,unknown,telephone,oct,fri,-1,4813,40,137,4,nonexistent,1,0.502833,POSITIVE
student,married,illiterate,unknown,unknown,unknown,telephone,oct,fri,-1,4813,40,129,4,nonexistent,0,0.496548,NEGATIVE
student,married,illiterate,unknown,unknown,unknown,telephone,oct,fri,-1,4813,40,129,4,nonexistent,1,0.509019,POSITIVE
management,married,basic.9y,no,no,no,cellular,mar,wed,-2,4797,42,135,2,nonexistent,0,0.492372,NEGATIVE
management,married,basic.9y,no,no,no,cellular,mar,wed,-2,4797,42,135,2,nonexistent,1,0.504843,POSITIVE
admin.,divorced,basic.6y,no,no,no,cellular,jan,tue,-3,4774,44,125,0,failure,0,0.495853,NEGATIVE
admin.,divorced,basic.6y,no,no,no,cellular,jan,tue,-3,4774,44,125,0,failure,1,0.509714,POSITIVE
technician,single,professional.course,unknown,unknown,unknown,telephone,jun,(null),0,4828,40,138,5,success,0,0.495986,NEGATIVE
technician,single,professional.course,unknown,unknown,unknown,telephone,jun,(null),0,4828,40,138,5,success,1,0.507426,POSITIVE
self-employed,divorced,basic.6y,no,no,no,cellular,jan,tue,-3,4696,42,133,0,failure,0,0.498860,NEGATIVE
self-employed,divorced,basic.6y,no,no,no,cellular,jan,tue,-3,4696,42,133,0,failure,1,0.511330,POSITIVE
admin.,divorced,basic.6y,no,no,no,cellular,apr,tue,-3,4696,42,133,0,failure,0,0.490922,NEGATIVE
admin.,divorced,basic.6y,no,no,no,cellular,apr,tue,-3,4696,42,133,0,failure,1,0.503393,POSITIVE
self-employed,divorced,basic.6y,no,no,no,cellular,apr,tue,-3,4696,42,125,0,failure,0,0.488924,NEGATIVE
self-employed,divorced,basic.6y,no,no,no,cellular,apr,tue,-3,4696,42,125,0,failure,1,0.501394,POSITIVE
technician,single,professional.course,unknown,unknown,unknown,telephone,jun,(null),0,4750,40,130,5,success,0,0.493830,NEGATIVE
technician,single,professional.course,unknown,unknown,unknown,telephone,jun,(null),0,4750,40,130,5,success,1,0.506301,POSITIVE
self-employed,married,illiterate,unknown,unknown,unknown,telephone,oct,fri,-1,4969,35,181,4,nonexistent,0,0.490943,NEGATIVE
self-employed,married,illiterate,unknown,unknown,unknown,telephone,oct,fri,-1,4969,35,181,4,nonexistent,1,0.502383,POSITIVE
retired,married,high.school,unknown,unknown,unknown,telephone,oct,thu,-1,4883,35,180,3,nonexistent,0,0.495828,NEGATIVE
retired,married,high.school,unknown,unknown,unknown,telephone,oct,thu,-1,4883,35,180,3,nonexistent,1,0.507268,POSITIVE
services,married,illiterate,unknown,unknown,unknown,telephone,apr,fri,-1,4976,37,185,4,nonexistent,0,0.492678,NEGATIVE
services,married,illiterate,unknown,unknown,unknown,telephone,apr,fri,-1,4976,37,185,4,nonexistent,1,0.504118,POSITIVE
self-employed,married,illiterate,unknown,unknown,unknown,telephone,apr,fri,-1,4891,37,181,4,nonexistent,0,0.498874,NEGATIVE
self-employed,married,illiterate,unknown,unknown,unknown,telephone,apr,fri,-1,4891,37,181,4,nonexistent,1,0.510313,POSITIVE
services,married,illiterate,unknown,unknown,unknown,telephone,oct,fri,-1,4976,37,167,4,nonexistent,0,0.494479,NEGATIVE
services,married,illiterate,unknown,unknown,unknown,telephone,oct,fri,-1,4976,37,167,4,nonexistent,1,0.505919,POSITIVE
retired,married,high.school,unknown,unknown,unknown,telephone,oct,thu,-1,4883,37,168,3,nonexistent,0,0.495600,NEGATIVE
retired,married,high.school,unknown,unknown,unknown,telephone,oct,thu,-1,4883,37,168,3,nonexistent,1,0.507039,POSITIVE
student,married,illiterate,unknown,unknown,unknown,telephone,oct,fri,-1,4891,37,161,4,nonexistent,0,0.491164,NEGATIVE
student,married,illiterate,unknown,unknown,unknown,telephone,oct,fri,-1,4891,37,161,4,nonexistent,1,0.502604,POSITIVE
housemaid,married,illiterate,unknown,unknown,unknown,telephone,nov,fri,-1,4898,37,161,4,nonexistent,0,0.492612,NEGATIVE
housemaid,married,illiterate,unknown,unknown,unknown,telephone,nov,fri,-1,4898,37,161,4,nonexistent,1,0.504052,POSITIVE
technician,single,professional.course,unknown,unknown,unknown,telephone,may,(null),0,4914,37,170,6,success,0,0.497855,NEGATIVE
technician,single,professional.course,unknown,unknown,unknown,telephone,may,(null),0,4914,37,170,6,success,1,0.509296,POSITIVE
entrepreneur,divorced,basic.6y,no,no,no,cellular,aug,tue,-3,4782,36,174,1,failure,0,0.490286,NEGATIVE
entrepreneur,divorced,basic.6y,no,no,no,cellular,aug,tue,-3,4782,36,174,1,failure,1,0.501726,POSITIVE
services,divorced,basic.6y,no,no,no,cellular,oct,tue,-3,4782,33,182,1,failure,0,0.492745,NEGATIVE
services,divorced,basic.6y,no,no,no,cellular,oct,tue,-3,4782,33,182,1,failure,1,0.500174,POSITIVE
blue-collar,divorced,basic.6y,no,no,no,cellular,oct,tue,-3,4704,33,182,1,failure,0,0.499641,NEGATIVE
blue-collar,divorced,basic.6y,no,no,no,cellular,oct,tue,-3,4704,33,182,1,failure,1,0.507070,POSITIVE
retired,married,high.school,unknown,unknown,unknown,telephone,oct,thu,-1,4727,34,176,3,nonexistent,0,0.488731,NEGATIVE
retired,married,high.school,unknown,unknown,unknown,telephone,oct,thu,-1,4727,34,176,3,nonexistent,1,0.500169,POSITIVE
blue-collar,married,basic.9y,no,no,no,cellular,may,wed,-2,4790,36,182,2,nonexistent,0,0.498336,NEGATIVE
blue-collar,married,basic.9y,no,no,no,cellular,may,wed,-2,4790,36,182,2,nonexistent,1,0.509776,POSITIVE
services,married,basic.9y,no,no,no,cellular,may,wed,-2,4790,36,175,2,nonexistent,0,0.499679,NEGATIVE
services,married,basic.9y,no,no,no,cellular,may,wed,-2,4790,36,175,2,nonexistent,1,0.511118,POSITIVE
self-employed,divorced,basic.6y,no,no,no,cellular,jan,tue,-3,4696,36,181,0,failure,0,0.499805,NEGATIVE
self-employed,divorced,basic.6y,no,no,no,cellular,jan,tue,-3,4696,36,181,0,failure,1,0.511243,POSITIVE
blue-collar,married,basic.9y,no,no,no,cellular,may,wed,-2,4712,36,175,2,nonexistent,0,0.497389,NEGATIVE
blue-collar,married,basic.9y,no,no,no,cellular,may,wed,-2,4712,36,175,2,nonexistent,1,0.508828,POSITIVE
technician,single,professional.course,unknown,unknown,unknown,telephone,may,(null),0,4750,34,178,5,success,0,0.496723,NEGATIVE
technician,single,professional.course,unknown,unknown,unknown,telephone,may,(null),0,4750,34,178,5,success,1,0.505032,POSITIVE
self-employed,married,illiterate,unknown,unknown,unknown,telephone,oct,fri,-1,4813,35,165,4,nonexistent,0,0.489049,NEGATIVE
self-employed,married,illiterate,unknown,unknown,unknown,telephone,oct,fri,-1,4813,35,165,4,nonexistent,1,0.500488,POSITIVE
retired,married,high.school,unknown,unknown,unknown,telephone,oct,thu,-1,4727,35,164,3,nonexistent,0,0.495290,NEGATIVE
retired,married,high.school,unknown,unknown,unknown,telephone,oct,thu,-1,4727,35,164,3,nonexistent,1,0.506731,POSITIVE
services,married,illiterate,unknown,unknown,unknown,telephone,apr,fri,-1,4820,37,169,4,nonexistent,0,0.489427,NEGATIVE
services,married,illiterate,unknown,unknown,unknown,telephone,apr,fri,-1,4820,37,169,4,nonexistent,1,0.500866,POSITIVE
self-employed,married,illiterate,unknown,unknown,unknown,telephone,apr,fri,-1,4735,37,165,4,nonexistent,0,0.496979,NEGATIVE
self-employed,married,illiterate,unknown,unknown,unknown,telephone,apr,fri,-1,4735,37,165,4,nonexistent,1,0.508419,POSITIVE
technician,single,professional.course,unknown,unknown,unknown,telephone,dec,(null),0,4828,31,185,5,success,0,0.497289,NEGATIVE
technician,single,professional.course,unknown,unknown,unknown,telephone,dec,(null),0,4828,31,185,5,success,1,0.505229,POSITIVE
student,married,illiterate,unknown,unknown,unknown,telephone,oct,fri,-1,4813,37,153,4,nonexistent,0,0.494290,NEGATIVE
student,married,illiterate,unknown,unknown,unknown,telephone,oct,fri,-1,4813,37,153,4,nonexistent,1,0.505729,POSITIVE
housemaid,married,illiterate,unknown,unknown,unknown,telephone,nov,fri,-1,4820,37,153,4,nonexistent,0,0.495737,NEGATIVE
housemaid,married,illiterate,unknown,unknown,unknown,telephone,nov,fri,-1,4820,37,153,4,nonexistent,1,0.507177,POSITIVE
services,married,illiterate,unknown,unknown,unknown,telephone,oct,fri,-1,4742,36,151,4,nonexistent,0,0.489059,NEGATIVE
services,married,illiterate,unknown,unknown,unknown,telephone,oct,fri,-1,4742,36,151,4,nonexistent,1,0.500498,POSITIVE
technician,single,professional.course,unknown,unknown,unknown,telephone,nov,(null),0,4750,37,138,5,success,0,0.488564,NEGATIVE
technician,single,professional.course,unknown,unknown,unknown,telephone,nov,(null),0,4750,37,138,5,success,1,0.500002,POSITIVE
blue-collar,divorced,basic.6y,no,no,no,cellular,jan,tue,-3,4618,39,157,0,failure,0,0.491920,NEGATIVE
blue-collar,divorced,basic.6y,no,no,no,cellular,jan,tue,-3,4618,39,157,0,failure,1,0.503360,POSITIVE
admin.,divorced,basic.6y,no,no,no,cellular,jul,tue,-3,4618,39,141,0,failure,0,0.490980,NEGATIVE
admin.,divorced,basic.6y,no,no,no,cellular,jul,tue,-3,4618,39,141,0,failure,1,0.503057,POSITIVE
services,married,basic.9y,no,no,no,cellular,feb,wed,-2,4634,39,143,2,nonexistent,0,0.493914,NEGATIVE
services,married,basic.9y,no,no,no,cellular,feb,wed,-2,4634,39,143,2,nonexistent,1,0.505353,POSITIVE
blue-collar,divorced,basic.6y,no,no,no,cellular,jan,tue,-3,4540,39,149,0,failure,0,0.495046,NEGATIVE
blue-collar,divorced,basic.6y,no,no,no,cellular,jan,tue,-3,4540,39,149,0,failure,1,0.506486,POSITIVE
blue-collar,married,basic.9y,no,no,no,cellular,feb,wed,-2,4556,39,143,2,nonexistent,0,0.491623,NEGATIVE
blue-collar,married,basic.9y,no,no,no,cellular,feb,wed,-2,4556,39,143,2,nonexistent,1,0.503063,POSITIVE
entrepreneur,divorced,basic.6y,no,no,no,cellular,aug,tue,-3,4563,39,127,1,failure,0,0.495464,NEGATIVE
entrepreneur,divorced,basic.6y,no,no,no,cellular,aug,tue,-3,4563,39,127,1,failure,1,0.507935,POSITIVE
entrepreneur,divorced,basic.6y,no,no,no,cellular,feb,tue,-3,4626,42,127,1,failure,0,0.496780,NEGATIVE
entrepreneur,divorced,basic.6y,no,no,no,cellular,feb,tue,-3,4626,42,127,1,failure,1,0.509250,POSITIVE
student,married,illiterate,unknown,unknown,unknown,telephone,feb,fri,-1,4657,40,137,4,nonexistent,0,0.497880,NEGATIVE
student,married,illiterate,unknown,unknown,unknown,telephone,feb,fri,-1,4657,40,137,4,nonexistent,1,0.509320,POSITIVE
management,single,professional.course,unknown,unknown,unknown,telephone,mar,(null),0,4672,40,138,5,success,0,0.498410,NEGATIVE
management,single,professional.course,unknown,unknown,unknown,telephone,mar,(null),0,4672,40,138,5,success,1,0.509849,POSITIVE
admin.,divorced,basic.6y,no,no,no,cellular,jan,tue,-3,4540,42,125,0,failure,0,0.488252,NEGATIVE
admin.,divorced,basic.6y,no,no,no,cellular,jan,tue,-3,4540,42,125,0,failure,1,0.500722,POSITIVE
services,married,basic.9y,no,no,no,cellular,feb,wed,-2,4556,39,135,2,nonexistent,0,0.497040,NEGATIVE
services,married,basic.9y,no,no,no,cellular,feb,wed,-2,4556,39,135,2,nonexistent,1,0.508480,POSITIVE
housemaid,married,illiterate,unknown,unknown,unknown,telephone,feb,fri,-1,4579,40,137,4,nonexistent,0,0.489648,NEGATIVE
housemaid,married,illiterate,unknown,unknown,unknown,telephone,feb,fri,-1,4579,40,137,4,nonexistent,1,0.501598,POSITIVE
student,married,illiterate,unknown,unknown,unknown,telephone,feb,fri,-1,4579,40,129,4,nonexistent,0,0.495833,NEGATIVE
student,married,illiterate,unknown,unknown,unknown,telephone,feb,fri,-1,4579,40,129,4,nonexistent,1,0.508304,POSITIVE
management,single,professional.course,unknown,unknown,unknown,telephone,mar,(null),0,4594,40,130,5,success,0,0.493313,NEGATIVE
management,single,professional.course,unknown,unknown,unknown,telephone,mar,(null),0,4594,40,130,5,success,1,0.505785,POSITIVE
blue-collar,divorced,basic.6y,no,no,no,cellular,jan,tue,-3,4462,39,141,0,failure,0,0.498172,NEGATIVE
blue-collar,divorced,basic.6y,no,no,no,cellular,jan,tue,-3,4462,39,141,0,failure,1,0.509611,POSITIVE
blue-collar,married,basic.9y,no,no,no,cellular,feb,wed,-2,4478,39,135,2,nonexistent,0,0.490297,NEGATIVE
blue-collar,married,basic.9y,no,no,no,cellular,feb,wed,-2,4478,39,135,2,nonexistent,1,0.502768,POSITIVE
management,married,basic.9y,no,no,no,cellular,mar,wed,-2,4485,39,127,2,nonexistent,0,0.495068,NEGATIVE
management,married,basic.9y,no,no,no,cellular,mar,wed,-2,4485,39,127,2,nonexistent,1,0.507540,POSITIVE
blue-collar,divorced,basic.6y,no,no,no,cellular,jan,tue,-3,4383,39,133,0,failure,0,0.494206,NEGATIVE
blue-collar,divorced,basic.6y,no,no,no,cellular,jan,tue,-3,4383,39,133,0,failure,1,0.506677,POSITIVE
housemaid,married,basic.9y,no,no,no,cellular,aug,wed,-2,4634,33,177,2,nonexistent,0,0.493924,NEGATIVE
housemaid,married,basic.9y,no,no,no,cellular,aug,wed,-2,4634,33,177,2,nonexistent,1,0.501411,POSITIVE
admin.,divorced,basic.4y,no,no,no,cellular,jul,mon,-3,4533,33,181,0,failure,0,0.499617,NEGATIVE
admin.,divorced,basic.4y,no,no,no,cellular,jul,mon,-3,4533,33,181,0,failure,1,0.507046,POSITIVE
entrepreneur,divorced,basic.6y,no,no,no,cellular,feb,tue,-3,4626,36,175,1,failure,0,0.498811,NEGATIVE
entrepreneur,divorced,basic.6y,no,no,no,cellular,feb,tue,-3,4626,36,175,1,failure,1,0.510250,POSITIVE
student,married,basic.9y,no,no,no,cellular,mar,wed,-2,4641,33,183,2,nonexistent,0,0.498520,NEGATIVE
student,married,basic.9y,no,no,no,cellular,mar,wed,-2,4641,33,183,2,nonexistent,1,0.505949,POSITIVE
admin.,divorced,basic.6y,no,no,no,cellular,jan,tue,-3,4540,36,173,0,failure,0,0.490978,NEGATIVE
admin.,divorced,basic.6y,no,no,no,cellular,jan,tue,-3,4540,36,173,0,failure,1,0.502417,POSITIVE
services,married,basic.9y,no,no,no,cellular,may,wed,-2,4556,33,175,2,nonexistent,0,0.494559,NEGATIVE
services,married,basic.9y,no,no,no,cellular,may,wed,-2,4556,33,175,2,nonexistent,1,0.501987,POSITIVE
entrepreneur,divorced,basic.6y,no,no,no,cellular,aug,tue,-3,4626,36,158,1,failure,0,0.496538,NEGATIVE
entrepreneur,divorced,basic.6y,no,no,no,cellular,aug,tue,-3,4626,36,158,1,failure,1,0.507978,POSITIVE
retired,married,high.school,unknown,unknown,unknown,telephone,oct,thu,-1,4649,34,168,3,nonexistent,0,0.491856,NEGATIVE
retired,married,high.school,unknown,unknown,unknown,telephone,oct,thu,-1,4649,34,168,3,nonexistent,1,0.503296,POSITIVE
housemaid,married,illiterate,unknown,unknown,unknown,telephone,nov,fri,-1,4664,34,161,4,nonexistent,0,0.488869,NEGATIVE
housemaid,married,illiterate,unknown,unknown,unknown,telephone,nov,fri,-1,4664,34,161,4,nonexistent,1,0.500308,POSITIVE
entrepreneur,married,basic.9y,no,no,no,cellular,sep,wed,-2,4563,33,167,2,nonexistent,0,0.492174,NEGATIVE
entrepreneur,married,basic.9y,no,no,no,cellular,sep,wed,-2,4563,33,167,2,nonexistent,1,0.503614,POSITIVE
retired,married,high.school,unknown,unknown,unknown,telephone,oct,thu,-1,4571,34,160,3,nonexistent,0,0.494982,NEGATIVE
retired,married,high.school,unknown,unknown,unknown,telephone,oct,thu,-1,4571,34,160,3,nonexistent,1,0.506422,POSITIVE
self-employed,divorced,basic.6y,no,no,no,cellular,apr,tue,-3,4618,36,165,0,failure,0,0.490931,NEGATIVE
self-employed,divorced,basic.6y,no,no,no,cellular,apr,tue,-3,4618,36,165,0,failure,1,0.502372,POSITIVE
technician,single,professional.course,unknown,unknown,unknown,telephone,may,(null),0,4672,34,170,5,success,0,0.499850,NEGATIVE
technician,single,professional.course,unknown,unknown,unknown,telephone,may,(null),0,4672,34,170,5,success,1,0.511288,POSITIVE
self-employed,divorced,basic.6y,no,no,no,cellular,jan,tue,-3,4540,36,165,0,failure,0,0.492772,NEGATIVE
self-employed,divorced,basic.6y,no,no,no,cellular,jan,tue,-3,4540,36,165,0,failure,1,0.504211,POSITIVE
admin.,divorced,basic.6y,no,no,no,cellular,apr,tue,-3,4540,36,165,0,failure,0,0.492263,NEGATIVE
admin.,divorced,basic.6y,no,no,no,cellular,apr,tue,-3,4540,36,165,0,failure,1,0.503703,POSITIVE
management,married,basic.9y,no,no,no,cellular,mar,wed,-2,4563,36,159,2,nonexistent,0,0.490365,NEGATIVE
management,married,basic.9y,no,no,no,cellular,mar,wed,-2,4563,36,159,2,nonexistent,1,0.501804,POSITIVE
technician,single,professional.course,unknown,unknown,unknown,telephone,mar,(null),0,4594,34,170,5,success,0,0.489764,NEGATIVE
technician,single,professional.course,unknown,unknown,unknown,telephone,mar,(null),0,4594,34,170,5,success,1,0.501203,POSITIVE
student,married,illiterate,unknown,unknown,unknown,telephone,nov,fri,-1,4657,31,177,4,nonexistent,0,0.494817,NEGATIVE
student,married,illiterate,unknown,unknown,unknown,telephone,nov,fri,-1,4657,31,177,4,nonexistent,1,0.502758,POSITIVE
retired,married,high.school,unknown,unknown,unknown,telephone,oct,thu,-1,4571,31,180,3,nonexistent,0,0.493703,NEGATIVE
retired,married,high.school,unknown,unknown,unknown,telephone,oct,thu,-1,4571,31,180,3,nonexistent,1,0.501644,POSITIVE
technician,married,illiterate,unknown,unknown,unknown,telephone,apr,fri,-1,4586,31,185,4,nonexistent,0,0.494938,NEGATIVE
technician,married,illiterate,unknown,unknown,unknown,telephone,apr,fri,-1,4586,31,185,4,nonexistent,1,0.502878,POSITIVE
unemployed,single,professional.course,unknown,unknown,unknown,telephone,may,(null),0,4602,31,179,6,success,0,0.499309,NEGATIVE
unemployed,single,professional.course,unknown,unknown,unknown,telephone,may,(null),0,4602,31,179,6,success,1,0.507249,POSITIVE
management,single,professional.course,unknown,unknown,unknown,telephone,nov,(null),0,4602,31,171,6,success,0,0.492986,NEGATIVE
management,single,professional.course,unknown,unknown,unknown,telephone,nov,(null),0,4602,31,171,6,success,1,0.500926,POSITIVE
entrepreneur,divorced,basic.6y,no,no,no,cellular,feb,tue,-3,4470,33,182,1,failure,0,0.494210,NEGATIVE
entrepreneur,divorced,basic.6y,no,no,no,cellular,feb,tue,-3,4470,33,182,1,failure,1,0.501638,POSITIVE
blue-collar,married,basic.9y,no,no,no,cellular,may,wed,-2,4478,33,175,2,nonexistent,0,0.493646,NEGATIVE
blue-collar,married,basic.9y,no,no,no,cellular,may,wed,-2,4478,33,175,2,nonexistent,1,0.505086,POSITIVE
entrepreneur,divorced,basic.6y,no,no,no,cellular,feb,tue,-3,4391,33,175,1,failure,0,0.493509,NEGATIVE
entrepreneur,divorced,basic.6y,no,no,no,cellular,feb,tue,-3,4391,33,175,1,failure,1,0.500939,POSITIVE
entrepreneur,divorced,basic.6y,no,no,no,cellular,aug,tue,-3,4407,33,159,1,failure,0,0.491088,NEGATIVE
entrepreneur,divorced,basic.6y,no,no,no,cellular,aug,tue,-3,4407,33,159,1,failure,1,0.502527,POSITIVE
admin.,divorced,basic.6y,no,no,no,cellular,jan,tue,-3,4462,36,165,0,failure,0,0.494104,NEGATIVE
admin.,divorced,basic.6y,no,no,no,cellular,jan,tue,-3,4462,36,165,0,failure,1,0.505543,POSITIVE
self-employed,divorced,basic.6y,no,no,no,cellular,jan,tue,-3,4462,36,157,0,failure,0,0.495898,NEGATIVE
self-employed,divorced,basic.6y,no,no,no,cellular,jan,tue,-3,4462,36,157,0,failure,1,0.507338,POSITIVE
self-employed,married,illiterate,unknown,unknown,unknown,telephone,apr,fri,-1,4501,34,165,4,nonexistent,0,0.493236,NEGATIVE
self-employed,married,illiterate,unknown,unknown,unknown,telephone,apr,fri,-1,4501,34,165,4,nonexistent,1,0.504677,POSITIVE
admin.,divorced,basic.6y,no,no,no,cellular,jan,tue,-3,4383,36,157,0,failure,0,0.496013,NEGATIVE
admin.,divorced,basic.6y,no,no,no,cellular,jan,tue,-3,4383,36,157,0,failure,1,0.507453,POSITIVE
blue-collar,married,basic.9y,no,no,no,cellular,may,wed,-2,4399,33,167,2,nonexistent,0,0.495825,NEGATIVE
blue-collar,married,basic.9y,no,no,no,cellular,may,wed,-2,4399,33,167,2,nonexistent,1,0.507265,POSITIVE
self-employed,divorced,basic.6y,no,no,no,cellular,jul,tue,-3,4462,30,181,0,failure,0,0.498982,NEGATIVE
self-employed,divorced,basic.6y,no,no,no,cellular,jul,tue,-3,4462,30,181,0,failure,1,0.506792,POSITIVE
admin.,divorced,basic.6y,no,no,no,cellular,oct,tue,-3,4462,30,181,0,failure,0,0.496306,NEGATIVE
admin.,divorced,basic.6y,no,no,no,cellular,oct,tue,-3,4462,30,181,0,failure,1,0.503735,POSITIVE
student,married,basic.9y,no,no,no,cellular,aug,wed,-2,4485,30,175,2,nonexistent,0,0.492317,NEGATIVE
student,married,basic.9y,no,no,no,cellular,aug,wed,-2,4485,30,175,2,nonexistent,1,0.500257,POSITIVE
housemaid,married,high.school,unknown,unknown,unknown,telephone,oct,thu,-1,4493,31,176,3,nonexistent,0,0.493334,NEGATIVE
housemaid,married,high.school,unknown,unknown,unknown,telephone,oct,thu,-1,4493,31,176,3,nonexistent,1,0.501038,POSITIVE
admin.,divorced,basic.6y,no,no,no,cellular,jul,tue,-3,4383,30,181,0,failure,0,0.495732,NEGATIVE
admin.,divorced,basic.6y,no,no,no,cellular,jul,tue,-3,4383,30,181,0,failure,1,0.503161,POSITIVE
entrepreneur,married,basic.9y,no,no,no,cellular,aug,wed,-2,4407,30,175,2,nonexistent,0,0.494094,NEGATIVE
entrepreneur,married,basic.9y,no,no,no,cellular,aug,wed,-2,4407,30,175,2,nonexistent,1,0.501523,POSITIVE
self-employed,married,illiterate,unknown,unknown,unknown,telephone,apr,fri,-1,4469,31,181,4,nonexistent,0,0.499697,NEGATIVE
self-employed,married,illiterate,unknown,unknown,unknown,telephone,apr,fri,-1,4469,31,181,4,nonexistent,1,0.507637,POSITIVE
services,married,illiterate,unknown,unknown,unknown,telephone,oct,fri,-1,4485,28,182,4,nonexistent,0,0.493893,NEGATIVE
services,married,illiterate,unknown,unknown,unknown,telephone,oct,fri,-1,4485,28,182,4,nonexistent,1,0.501833,POSITIVE
management,single,professional.course,unknown,unknown,unknown,telephone,sep,(null),0,4524,31,171,6,success,0,0.493171,NEGATIVE
management,single,professional.course,unknown,unknown,unknown,telephone,sep,(null),0,4524,31,171,6,success,1,0.501111,POSITIVE
student,single,professional.course,unknown,unknown,unknown,telephone,nov,(null),0,4516,31,162,5,success,0,0.493946,NEGATIVE
student,single,professional.course,unknown,unknown,unknown,telephone,nov,(null),0,4516,31,162,5,success,1,0.505898,POSITIVE
student,single,professional.course,unknown,unknown,unknown,telephone,may,(null),0,4438,31,170,5,success,0,0.498680,NEGATIVE
student,single,professional.course,unknown,unknown,unknown,telephone,may,(null),0,4438,31,170,5,success,1,0.506621,POSITIVE
technician,single,professional.course,unknown,unknown,unknown,telephone,nov,(null),0,4438,28,170,5,success,0,0.494045,NEGATIVE
technician,single,professional.course,unknown,unknown,unknown,telephone,nov,(null),0,4438,28,170,5,success,1,0.501986,POSITIVE
self-employed,married,illiterate,unknown,unknown,unknown,telephone,oct,fri,-1,4657,35,149,4,nonexistent,0,0.495300,NEGATIVE
self-employed,married,illiterate,unknown,unknown,unknown,telephone,oct,fri,-1,4657,35,149,4,nonexistent,1,0.506740,POSITIVE
entrepreneur,divorced,basic.6y,no,no,no,cellular,aug,tue,-3,4548,36,150,1,failure,0,0.499664,NEGATIVE
entrepreneur,divorced,basic.6y,no,no,no,cellular,aug,tue,-3,4548,36,150,1,failure,1,0.511103,POSITIVE
services,married,basic.9y,no,no,no,cellular,aug,wed,-2,4556,36,143,2,nonexistent,0,0.493912,NEGATIVE
services,married,basic.9y,no,no,no,cellular,aug,wed,-2,4556,36,143,2,nonexistent,1,0.505352,POSITIVE
services,married,illiterate,unknown,unknown,unknown,telephone,oct,fri,-1,4586,34,151,4,nonexistent,0,0.496988,NEGATIVE
services,married,illiterate,unknown,unknown,unknown,telephone,oct,fri,-1,4586,34,151,4,nonexistent,1,0.508428,POSITIVE
student,single,professional.course,unknown,unknown,unknown,telephone,may,(null),0,4656,36,152,5,success,0,0.489251,NEGATIVE
student,single,professional.course,unknown,unknown,unknown,telephone,may,(null),0,4656,36,152,5,success,1,0.500689,POSITIVE
student,single,professional.course,unknown,unknown,unknown,telephone,nov,(null),0,4672,36,136,5,success,0,0.489069,NEGATIVE
student,single,professional.course,unknown,unknown,unknown,telephone,nov,(null),0,4672,36,136,5,success,1,0.500507,POSITIVE
services,married,illiterate,unknown,unknown,unknown,telephone,oct,fri,-1,4586,36,135,4,nonexistent,0,0.495310,NEGATIVE
services,married,illiterate,unknown,unknown,unknown,telephone,oct,fri,-1,4586,36,135,4,nonexistent,1,0.506751,POSITIVE
technician,single,professional.course,unknown,unknown,unknown,telephone,jun,(null),0,4594,37,138,5,success,0,0.492244,NEGATIVE
technician,single,professional.course,unknown,unknown,unknown,telephone,jun,(null),0,4594,37,138,5,success,1,0.503683,POSITIVE
blue-collar,married,basic.9y,no,no,no,cellular,aug,wed,-2,4478,36,143,2,nonexistent,0,0.496126,NEGATIVE
blue-collar,married,basic.9y,no,no,no,cellular,aug,wed,-2,4478,36,143,2,nonexistent,1,0.507566,POSITIVE
retired,married,high.school,unknown,unknown,unknown,telephone,oct,thu,-1,4493,34,152,3,nonexistent,0,0.498108,NEGATIVE
retired,married,high.school,unknown,unknown,unknown,telephone,oct,thu,-1,4493,34,152,3,nonexistent,1,0.509548,POSITIVE
student,married,illiterate,unknown,unknown,unknown,telephone,oct,fri,-1,4501,34,145,4,nonexistent,0,0.493672,NEGATIVE
student,married,illiterate,unknown,unknown,unknown,telephone,oct,fri,-1,4501,34,145,4,nonexistent,1,0.505113,POSITIVE
housemaid,married,illiterate,unknown,unknown,unknown,telephone,nov,fri,-1,4508,34,145,4,nonexistent,0,0.495120,NEGATIVE
housemaid,married,illiterate,unknown,unknown,unknown,telephone,nov,fri,-1,4508,34,145,4,nonexistent,1,0.506560,POSITIVE
services,married,basic.9y,no,no,no,cellular,aug,wed,-2,4399,33,151,2,nonexistent,0,0.490601,NEGATIVE
services,married,basic.9y,no,no,no,cellular,aug,wed,-2,4399,33,151,2,nonexistent,1,0.502040,POSITIVE
entrepreneur,married,basic.9y,no,no,no,cellular,sep,wed,-2,4407,33,151,2,nonexistent,0,0.497614,NEGATIVE
entrepreneur,married,basic.9y,no,no,no,cellular,sep,wed,-2,4407,33,151,2,nonexistent,1,0.509054,POSITIVE
management,married,basic.9y,no,no,no,cellular,mar,wed,-2,4485,36,151,2,nonexistent,0,0.493490,NEGATIVE
management,married,basic.9y,no,no,no,cellular,mar,wed,-2,4485,36,151,2,nonexistent,1,0.504930,POSITIVE
student,married,illiterate,unknown,unknown,unknown,telephone,feb,fri,-1,4501,37,145,4,nonexistent,0,0.491011,NEGATIVE
student,married,illiterate,unknown,unknown,unknown,telephone,feb,fri,-1,4501,37,145,4,nonexistent,1,0.502451,POSITIVE
management,single,professional.course,unknown,unknown,unknown,telephone,mar,(null),0,4516,37,146,5,success,0,0.491541,NEGATIVE
management,single,professional.course,unknown,unknown,unknown,telephone,mar,(null),0,4516,37,146,5,success,1,0.502981,POSITIVE
self-employed,divorced,basic.6y,no,no,no,cellular,jan,tue,-3,4383,36,149,0,failure,0,0.497807,NEGATIVE
self-employed,divorced,basic.6y,no,no,no,cellular,jan,tue,-3,4383,36,149,0,failure,1,0.509247,POSITIVE
admin.,divorced,basic.6y,no,no,no,cellular,apr,tue,-3,4383,36,149,0,failure,0,0.497298,NEGATIVE
admin.,divorced,basic.6y,no,no,no,cellular,apr,tue,-3,4383,36,149,0,failure,1,0.508737,POSITIVE
management,married,basic.9y,no,no,no,cellular,mar,wed,-2,4407,36,143,2,nonexistent,0,0.495805,NEGATIVE
management,married,basic.9y,no,no,no,cellular,mar,wed,-2,4407,36,143,2,nonexistent,1,0.507244,POSITIVE
services,married,illiterate,unknown,unknown,unknown,telephone,apr,fri,-1,4430,34,153,4,nonexistent,0,0.491528,NEGATIVE
services,married,illiterate,unknown,unknown,unknown,telephone,apr,fri,-1,4430,34,153,4,nonexistent,1,0.502968,POSITIVE
management,single,professional.course,unknown,unknown,unknown,telephone,may,(null),0,4411,34,147,6,success,0,0.495223,NEGATIVE
management,single,professional.course,unknown,unknown,unknown,telephone,may,(null),0,4411,34,147,6,success,1,0.506663,POSITIVE
services,married,basic.9y,no,no,no,cellular,nov,wed,-2,4478,36,127,2,nonexistent,0,0.489675,NEGATIVE
services,married,basic.9y,no,no,no,cellular,nov,wed,-2,4478,36,127,2,nonexistent,1,0.502145,POSITIVE
housemaid,married,illiterate,unknown,unknown,unknown,telephone,oct,fri,-1,4501,37,129,4,nonexistent,0,0.493058,NEGATIVE
housemaid,married,illiterate,unknown,unknown,unknown,telephone,oct,fri,-1,4501,37,129,4,nonexistent,1,0.505530,POSITIVE
technician,single,professional.course,unknown,unknown,unknown,telephone,jun,(null),0,4516,37,130,5,success,0,0.495369,NEGATIVE
technician,single,professional.course,unknown,unknown,unknown,telephone,jun,(null),0,4516,37,130,5,success,1,0.506809,POSITIVE
self-employed,married,illiterate,unknown,unknown,unknown,telephone,aug,fri,-1,4422,35,133,4,nonexistent,0,0.490925,NEGATIVE
self-employed,married,illiterate,unknown,unknown,unknown,telephone,aug,fri,-1,4422,35,133,4,nonexistent,1,0.502365,POSITIVE
student,single,professional.course,unknown,unknown,unknown,telephone,nov,(null),0,4438,31,154,5,success,0,0.496281,NEGATIVE
student,single,professional.course,unknown,unknown,unknown,telephone,nov,(null),0,4438,31,154,5,success,1,0.507722,POSITIVE
unemployed,single,professional.course,unknown,unknown,unknown,telephone,may,(null),0,4914,21,233,6,success,0,0.499869,NEGATIVE
unemployed,single,professional.course,unknown,unknown,unknown,telephone,may,(null),0,4914,21,233,6,success,1,0.500338,POSITIVE
technician,single,professional.course,unknown,unknown,unknown,telephone,nov,(null),0,4906,18,232,5,success,0,0.499903,NEGATIVE
technician,single,professional.course,unknown,unknown,unknown,telephone,nov,(null),0,4906,18,232,5,success,1,0.500373,POSITIVE
housemaid,married,illiterate,unknown,unknown,unknown,telephone,may,fri,-1,4508,18,223,4,nonexistent,0,0.499912,NEGATIVE
housemaid,married,illiterate,unknown,unknown,unknown,telephone,may,fri,-1,4508,18,223,4,nonexistent,1,0.500380,POSITIVE
student,single,professional.course,unknown,unknown,unknown,telephone,nov,(null),0,4516,24,193,5,success,0,0.499983,NEGATIVE
student,single,professional.course,unknown,unknown,unknown,telephone,nov,(null),0,4516,24,193,5,success,1,0.500253,POSITIVE
admin.,divorced,basic.6y,no,no,no,cellular,jan,tue,-3,4305,26,204,0,failure,0,0.498669,NEGATIVE
admin.,divorced,basic.6y,no,no,no,cellular,jan,tue,-3,4305,26,204,0,failure,1,0.500991,POSITIVE
blue-collar,divorced,basic.6y,no,no,no,cellular,jan,tue,-3,4305,30,188,0,failure,0,0.498476,NEGATIVE
blue-collar,divorced,basic.6y,no,no,no,cellular,jan,tue,-3,4305,30,188,0,failure,1,0.505905,POSITIVE
blue-collar,divorced,basic.6y,no,no,no,cellular,jul,tue,-3,4227,26,188,0,failure,0,0.498702,NEGATIVE
blue-collar,divorced,basic.6y,no,no,no,cellular,jul,tue,-3,4227,26,188,0,failure,1,0.501024,POSITIVE
housemaid,married,high.school,unknown,unknown,unknown,telephone,apr,thu,-1,4336,28,191,3,nonexistent,0,0.496144,NEGATIVE
housemaid,married,high.school,unknown,unknown,unknown,telephone,apr,thu,-1,4336,28,191,3,nonexistent,1,0.504084,POSITIVE
entrepreneur,divorced,basic.6y,no,no,no,cellular,feb,tue,-3,4157,26,190,1,failure,0,0.499778,NEGATIVE
entrepreneur,divorced,basic.6y,no,no,no,cellular,feb,tue,-3,4157,26,190,1,failure,1,0.502100,POSITIVE
blue-collar,divorced,basic.6y,no,no,no,cellular,jan,tue,-3,4071,26,188,0,failure,0,0.498093,NEGATIVE
blue-collar,divorced,basic.6y,no,no,no,cellular,jan,tue,-3,4071,26,188,0,failure,1,0.500415,POSITIVE
blue-collar,divorced,basic.6y,no,no,no,cellular,jan,tue,-3,4305,39,125,0,failure,0,0.487774,NEGATIVE
blue-collar,divorced,basic.6y,no,no,no,cellular,jan,tue,-3,4305,39,125,0,failure,1,0.500244,POSITIVE
admin.,divorced,basic.6y,no,no,no,cellular,jan,tue,-3,4305,33,173,0,failure,0,0.497809,NEGATIVE
admin.,divorced,basic.6y,no,no,no,cellular,jan,tue,-3,4305,33,173,0,failure,1,0.508865,POSITIVE
self-employed,divorced,basic.6y,no,no,no,cellular,jan,tue,-3,4305,33,165,0,failure,0,0.499604,NEGATIVE
self-employed,divorced,basic.6y,no,no,no,cellular,jan,tue,-3,4305,33,165,0,failure,1,0.511042,POSITIVE
self-employed,divorced,basic.6y,no,no,no,cellular,apr,tue,-3,4305,33,157,0,failure,0,0.488963,NEGATIVE
self-employed,divorced,basic.6y,no,no,no,cellular,apr,tue,-3,4305,33,157,0,failure,1,0.500402,POSITIVE
blue-collar,married,basic.9y,no,no,no,cellular,may,wed,-2,4321,33,159,2,nonexistent,0,0.498545,NEGATIVE
blue-collar,married,basic.9y,no,no,no,cellular,may,wed,-2,4321,33,159,2,nonexistent,1,0.509985,POSITIVE
entrepreneur,divorced,basic.6y,no,no,no,cellular,feb,tue,-3,4235,33,159,1,failure,0,0.497251,NEGATIVE
entrepreneur,divorced,basic.6y,no,no,no,cellular,feb,tue,-3,4235,33,159,1,failure,1,0.508691,POSITIVE
blue-collar,divorced,basic.6y,no,no,no,cellular,jul,tue,-3,4305,30,174,0,failure,0,0.499098,NEGATIVE
blue-collar,divorced,basic.6y,no,no,no,cellular,jul,tue,-3,4305,30,174,0,failure,1,0.506528,POSITIVE
housemaid,married,basic.9y,no,no,no,cellular,feb,wed,-2,4266,30,177,2,nonexistent,0,0.498457,NEGATIVE
housemaid,married,basic.9y,no,no,no,cellular,feb,wed,-2,4266,30,177,2,nonexistent,1,0.505886,POSITIVE
services,married,basic.9y,no,no,no,cellular,aug,wed,-2,4321,28,175,2,nonexistent,0,0.497127,NEGATIVE
services,married,basic.9y,no,no,no,cellular,aug,wed,-2,4321,28,175,2,nonexistent,1,0.505068,POSITIVE
services,divorced,basic.6y,no,no,no,cellular,aug,tue,-3,4235,26,182,1,failure,0,0.493350,NEGATIVE
services,divorced,basic.6y,no,no,no,cellular,aug,tue,-3,4235,26,182,1,failure,1,0.501291,POSITIVE
retired,married,high.school,unknown,unknown,unknown,telephone,jul,thu,-1,4297,31,164,3,nonexistent,0,0.495604,NEGATIVE
retired,married,high.school,unknown,unknown,unknown,telephone,jul,thu,-1,4297,31,164,3,nonexistent,1,0.503033,POSITIVE
student,single,professional.course,unknown,unknown,unknown,telephone,oct,(null),0,4343,28,168,5,success,0,0.498013,NEGATIVE
student,single,professional.course,unknown,unknown,unknown,telephone,oct,(null),0,4343,28,168,5,success,1,0.505953,POSITIVE
admin.,divorced,basic.6y,no,no,no,cellular,jan,tue,-3,4149,33,157,0,failure,0,0.492134,NEGATIVE
admin.,divorced,basic.6y,no,no,no,cellular,jan,tue,-3,4149,33,157,0,failure,1,0.503574,POSITIVE
admin.,divorced,basic.4y,no,no,no,cellular,jan,mon,-3,4064,30,173,0,failure,0,0.499618,NEGATIVE
admin.,divorced,basic.4y,no,no,no,cellular,jan,mon,-3,4064,30,173,0,failure,1,0.507047,POSITIVE
blue-collar,divorced,basic.6y,no,no,no,cellular,aug,tue,-3,4157,26,182,1,failure,0,0.498040,NEGATIVE
blue-collar,divorced,basic.6y,no,no,no,cellular,aug,tue,-3,4157,26,182,1,failure,1,0.505781,POSITIVE
housemaid,married,basic.9y,no,no,no,cellular,aug,wed,-2,4165,26,175,2,nonexistent,0,0.493071,NEGATIVE
housemaid,married,basic.9y,no,no,no,cellular,aug,wed,-2,4165,26,175,2,nonexistent,1,0.501011,POSITIVE
self-employed,married,illiterate,unknown,unknown,unknown,telephone,apr,fri,-1,4188,27,177,4,nonexistent,0,0.494942,NEGATIVE
self-employed,married,illiterate,unknown,unknown,unknown,telephone,apr,fri,-1,4188,27,177,4,nonexistent,1,0.502883,POSITIVE
management,married,basic.9y,no,no,no,cellular,mar,wed,-2,4094,27,178,2,nonexistent,0,0.498571,NEGATIVE
management,married,basic.9y,no,no,no,cellular,mar,wed,-2,4094,27,178,2,nonexistent,1,0.506511,POSITIVE
entrepreneur,married,basic.9y,no,no,no,cellular,mar,wed,-2,4172,30,167,2,nonexistent,0,0.497619,NEGATIVE
entrepreneur,married,basic.9y,no,no,no,cellular,mar,wed,-2,4172,30,167,2,nonexistent,1,0.505048,POSITIVE
services,married,basic.9y,no,no,no,cellular,may,wed,-2,4165,30,159,2,nonexistent,0,0.496406,NEGATIVE
services,married,basic.9y,no,no,no,cellular,may,wed,-2,4165,30,159,2,nonexistent,1,0.503835,POSITIVE
entrepreneur,divorced,basic.6y,no,no,no,cellular,feb,tue,-3,4079,30,166,1,failure,0,0.493023,NEGATIVE
entrepreneur,divorced,basic.6y,no,no,no,cellular,feb,tue,-3,4079,30,166,1,failure,1,0.500452,POSITIVE
blue-collar,married,basic.9y,no,no,no,cellular,may,wed,-2,4087,30,159,2,nonexistent,0,0.494803,NEGATIVE
blue-collar,married,basic.9y,no,no,no,cellular,may,wed,-2,4087,30,159,2,nonexistent,1,0.506243,POSITIVE
self-employed,married,illiterate,unknown,unknown,unknown,telephone,aug,fri,-1,4156,27,165,4,nonexistent,0,0.494592,NEGATIVE
self-employed,married,illiterate,unknown,unknown,unknown,telephone,aug,fri,-1,4156,27,165,4,nonexistent,1,0.502533,POSITIVE
entrepreneur,divorced,basic.6y,no,no,no,cellular,aug,tue,-3,4250,33,143,1,failure,0,0.497069,NEGATIVE
entrepreneur,divorced,basic.6y,no,no,no,cellular,aug,tue,-3,4250,33,143,1,failure,1,0.508508,POSITIVE
blue-collar,divorced,basic.6y,no,no,no,cellular,jan,tue,-3,4305,36,149,0,failure,0,0.489951,NEGATIVE
blue-collar,divorced,basic.6y,no,no,no,cellular,jan,tue,-3,4305,36,149,0,failure,1,0.501390,POSITIVE
self-employed,married,illiterate,unknown,unknown,unknown,telephone,apr,fri,-1,4344,34,149,4,nonexistent,0,0.498136,NEGATIVE
self-employed,married,illiterate,unknown,unknown,unknown,telephone,apr,fri,-1,4344,34,149,4,nonexistent,1,0.509575,POSITIVE
blue-collar,divorced,basic.6y,no,no,no,cellular,jan,tue,-3,4227,36,141,0,failure,0,0.493076,NEGATIVE
blue-collar,divorced,basic.6y,no,no,no,cellular,jan,tue,-3,4227,36,141,0,failure,1,0.504516,POSITIVE
self-employed,divorced,basic.6y,no,no,no,cellular,apr,tue,-3,4227,33,149,0,failure,0,0.492089,NEGATIVE
self-employed,divorced,basic.6y,no,no,no,cellular,apr,tue,-3,4227,33,149,0,failure,1,0.503528,POSITIVE
self-employed,divorced,basic.6y,no,no,no,cellular,jul,tue,-3,4305,36,125,0,failure,0,0.489160,NEGATIVE
self-employed,divorced,basic.6y,no,no,no,cellular,jul,tue,-3,4305,36,125,0,failure,1,0.501380,POSITIVE
blue-collar,married,basic.9y,no,no,no,cellular,aug,wed,-2,4321,36,127,2,nonexistent,0,0.496047,NEGATIVE
blue-collar,married,basic.9y,no,no,no,cellular,aug,wed,-2,4321,36,127,2,nonexistent,1,0.508518,POSITIVE
housemaid,married,high.school,unknown,unknown,unknown,telephone,nov,thu,-1,4336,34,136,3,nonexistent,0,0.488642,NEGATIVE
housemaid,married,high.school,unknown,unknown,unknown,telephone,nov,thu,-1,4336,34,136,3,nonexistent,1,0.500081,POSITIVE
student,married,illiterate,unknown,unknown,unknown,telephone,oct,fri,-1,4344,34,129,4,nonexistent,0,0.498572,NEGATIVE
student,married,illiterate,unknown,unknown,unknown,telephone,oct,fri,-1,4344,34,129,4,nonexistent,1,0.510012,POSITIVE
services,married,basic.9y,no,no,no,cellular,aug,wed,-2,4243,33,135,2,nonexistent,0,0.496446,NEGATIVE
services,married,basic.9y,no,no,no,cellular,aug,wed,-2,4243,33,135,2,nonexistent,1,0.507886,POSITIVE
housemaid,married,illiterate,unknown,unknown,unknown,telephone,oct,fri,-1,4266,34,129,4,nonexistent,0,0.490851,NEGATIVE
housemaid,married,illiterate,unknown,unknown,unknown,telephone,oct,fri,-1,4266,34,129,4,nonexistent,1,0.502290,POSITIVE
management,married,basic.9y,no,no,no,cellular,mar,wed,-2,4328,36,135,2,nonexistent,0,0.498390,NEGATIVE
management,married,basic.9y,no,no,no,cellular,mar,wed,-2,4328,36,135,2,nonexistent,1,0.509829,POSITIVE
student,married,illiterate,unknown,unknown,unknown,telephone,feb,fri,-1,4344,37,129,4,nonexistent,0,0.495910,NEGATIVE
student,married,illiterate,unknown,unknown,unknown,telephone,feb,fri,-1,4344,37,129,4,nonexistent,1,0.507350,POSITIVE
management,single,professional.course,unknown,unknown,unknown,telephone,mar,(null),0,4359,37,130,5,success,0,0.496441,NEGATIVE
management,single,professional.course,unknown,unknown,unknown,telephone,mar,(null),0,4359,37,130,5,success,1,0.507880,POSITIVE
management,single,professional.course,unknown,unknown,unknown,telephone,may,(null),0,4332,34,139,6,success,0,0.497132,NEGATIVE
management,single,professional.course,unknown,unknown,unknown,telephone,may,(null),0,4332,34,139,6,success,1,0.508571,POSITIVE
blue-collar,married,basic.9y,no,no,no,cellular,feb,wed,-2,4243,36,135,2,nonexistent,0,0.489654,NEGATIVE
blue-collar,married,basic.9y,no,no,no,cellular,feb,wed,-2,4243,36,135,2,nonexistent,1,0.501094,POSITIVE
services,married,basic.9y,no,no,no,cellular,feb,wed,-2,4243,36,127,2,nonexistent,0,0.495070,NEGATIVE
services,married,basic.9y,no,no,no,cellular,feb,wed,-2,4243,36,127,2,nonexistent,1,0.506510,POSITIVE
services,married,illiterate,unknown,unknown,unknown,telephone,apr,fri,-1,4273,34,137,4,nonexistent,0,0.496834,NEGATIVE
services,married,illiterate,unknown,unknown,unknown,telephone,apr,fri,-1,4273,34,137,4,nonexistent,1,0.508274,POSITIVE
technician,single,professional.course,unknown,unknown,unknown,telephone,jun,(null),0,4281,34,130,5,success,0,0.490274,NEGATIVE
technician,single,professional.course,unknown,unknown,unknown,telephone,jun,(null),0,4281,34,130,5,success,1,0.501713,POSITIVE
services,married,illiterate,unknown,unknown,unknown,telephone,oct,fri,-1,4351,31,151,4,nonexistent,0,0.491893,NEGATIVE
services,married,illiterate,unknown,unknown,unknown,telephone,oct,fri,-1,4351,31,151,4,nonexistent,1,0.503332,POSITIVE
retired,married,high.school,unknown,unknown,unknown,telephone,oct,thu,-1,4258,31,152,3,nonexistent,0,0.493013,NEGATIVE
retired,married,high.school,unknown,unknown,unknown,telephone,oct,thu,-1,4258,31,152,3,nonexistent,1,0.504452,POSITIVE
student,married,illiterate,unknown,unknown,unknown,telephone,oct,fri,-1,4266,31,145,4,nonexistent,0,0.488578,NEGATIVE
student,married,illiterate,unknown,unknown,unknown,telephone,oct,fri,-1,4266,31,145,4,nonexistent,1,0.500017,POSITIVE
housemaid,married,illiterate,unknown,unknown,unknown,telephone,nov,fri,-1,4273,31,145,4,nonexistent,0,0.490025,NEGATIVE
housemaid,married,illiterate,unknown,unknown,unknown,telephone,nov,fri,-1,4273,31,145,4,nonexistent,1,0.501464,POSITIVE
unemployed,single,professional.course,unknown,unknown,unknown,telephone,nov,(null),0,4289,28,155,6,success,0,0.494841,NEGATIVE
unemployed,single,professional.course,unknown,unknown,unknown,telephone,nov,(null),0,4289,28,155,6,success,1,0.502782,POSITIVE
self-employed,divorced,basic.6y,no,no,no,cellular,jan,tue,-3,4149,33,149,0,failure,0,0.493928,NEGATIVE
self-employed,divorced,basic.6y,no,no,no,cellular,jan,tue,-3,4149,33,149,0,failure,1,0.505369,POSITIVE
admin.,divorced,basic.6y,no,no,no,cellular,apr,tue,-3,4149,33,149,0,failure,0,0.493420,NEGATIVE
admin.,divorced,basic.6y,no,no,no,cellular,apr,tue,-3,4149,33,149,0,failure,1,0.504860,POSITIVE
management,married,basic.9y,no,no,no,cellular,mar,wed,-2,4172,33,143,2,nonexistent,0,0.491521,NEGATIVE
management,married,basic.9y,no,no,no,cellular,mar,wed,-2,4172,33,143,2,nonexistent,1,0.502960,POSITIVE
admin.,divorced,basic.6y,no,no,no,cellular,jan,tue,-3,4071,33,149,0,failure,0,0.495261,NEGATIVE
admin.,divorced,basic.6y,no,no,no,cellular,jan,tue,-3,4071,33,149,0,failure,1,0.506700,POSITIVE
self-employed,divorced,basic.6y,no,no,no,cellular,jan,tue,-3,4071,33,141,0,failure,0,0.497055,NEGATIVE
self-employed,divorced,basic.6y,no,no,no,cellular,jan,tue,-3,4071,33,141,0,failure,1,0.508495,POSITIVE
admin.,divorced,basic.6y,no,no,no,cellular,apr,tue,-3,4071,33,141,0,failure,0,0.496546,NEGATIVE
admin.,divorced,basic.6y,no,no,no,cellular,apr,tue,-3,4071,33,141,0,failure,1,0.507986,POSITIVE
blue-collar,married,basic.9y,no,no,no,cellular,aug,wed,-2,4165,33,135,2,nonexistent,0,0.494156,NEGATIVE
blue-collar,married,basic.9y,no,no,no,cellular,aug,wed,-2,4165,33,135,2,nonexistent,1,0.505596,POSITIVE
services,married,basic.9y,no,no,no,cellular,aug,wed,-2,4165,33,127,2,nonexistent,0,0.499572,NEGATIVE
services,married,basic.9y,no,no,no,cellular,aug,wed,-2,4165,33,127,2,nonexistent,1,0.511011,POSITIVE
blue-collar,married,basic.9y,no,no,no,cellular,aug,wed,-2,4087,33,127,2,nonexistent,0,0.497282,NEGATIVE
blue-collar,married,basic.9y,no,no,no,cellular,aug,wed,-2,4087,33,127,2,nonexistent,1,0.508722,POSITIVE
blue-collar,divorced,basic.6y,no,no,no,cellular,jan,tue,-3,4149,36,133,0,failure,0,0.496202,NEGATIVE
blue-collar,divorced,basic.6y,no,no,no,cellular,jan,tue,-3,4149,36,133,0,failure,1,0.507642,POSITIVE
blue-collar,married,basic.9y,no,no,no,cellular,feb,wed,-2,4165,36,127,2,nonexistent,0,0.491700,NEGATIVE
blue-collar,married,basic.9y,no,no,no,cellular,feb,wed,-2,4165,36,127,2,nonexistent,1,0.504171,POSITIVE
student,married,illiterate,unknown,unknown,unknown,telephone,feb,fri,-1,4188,34,137,4,nonexistent,0,0.489042,NEGATIVE
student,married,illiterate,unknown,unknown,unknown,telephone,feb,fri,-1,4188,34,137,4,nonexistent,1,0.500481,POSITIVE
management,single,professional.course,unknown,unknown,unknown,telephone,mar,(null),0,4203,34,138,5,success,0,0.489572,NEGATIVE
management,single,professional.course,unknown,unknown,unknown,telephone,mar,(null),0,4203,34,138,5,success,1,0.501011,POSITIVE
services,married,illiterate,unknown,unknown,unknown,telephone,apr,fri,-1,4195,34,129,4,nonexistent,0,0.499961,NEGATIVE
services,married,illiterate,unknown,unknown,unknown,telephone,apr,fri,-1,4195,34,129,4,nonexistent,1,0.511399,POSITIVE
blue-collar,divorced,basic.6y,no,no,no,cellular,jan,tue,-3,4071,36,125,0,failure,0,0.496773,NEGATIVE
blue-collar,divorced,basic.6y,no,no,no,cellular,jan,tue,-3,4071,36,125,0,failure,1,0.509243,POSITIVE
management,married,basic.9y,no,no,no,cellular,mar,wed,-2,4094,33,135,2,nonexistent,0,0.494646,NEGATIVE
management,married,basic.9y,no,no,no,cellular,mar,wed,-2,4094,33,135,2,nonexistent,1,0.506087,POSITIVE
student,married,illiterate,unknown,unknown,unknown,telephone,feb,fri,-1,4110,34,129,4,nonexistent,0,0.492167,NEGATIVE
student,married,illiterate,unknown,unknown,unknown,telephone,feb,fri,-1,4110,34,129,4,nonexistent,1,0.503607,POSITIVE
management,single,professional.course,unknown,unknown,unknown,telephone,mar,(null),0,4125,34,130,5,success,0,0.492697,NEGATIVE
management,single,professional.course,unknown,unknown,unknown,telephone,mar,(null),0,4125,34,130,5,success,1,0.504137,POSITIVE
entrepreneur,married,basic.9y,no,no,no,cellular,sep,wed,-2,4172,30,151,2,nonexistent,0,0.493330,NEGATIVE
entrepreneur,married,basic.9y,no,no,no,cellular,sep,wed,-2,4172,30,151,2,nonexistent,1,0.504770,POSITIVE
retired,married,high.school,unknown,unknown,unknown,telephone,oct,thu,-1,4180,31,144,3,nonexistent,0,0.496138,NEGATIVE
retired,married,high.school,unknown,unknown,unknown,telephone,oct,thu,-1,4180,31,144,3,nonexistent,1,0.507578,POSITIVE
housemaid,married,basic.9y,no,no,no,cellular,aug,wed,-2,4087,30,145,2,nonexistent,0,0.497259,NEGATIVE
housemaid,married,basic.9y,no,no,no,cellular,aug,wed,-2,4087,30,145,2,nonexistent,1,0.508698,POSITIVE
technician,single,professional.course,unknown,unknown,unknown,telephone,mar,(null),0,4203,31,154,5,success,0,0.490919,NEGATIVE
technician,single,professional.course,unknown,unknown,unknown,telephone,mar,(null),0,4203,31,154,5,success,1,0.502359,POSITIVE
management,single,professional.course,unknown,unknown,unknown,telephone,may,(null),0,4203,31,154,5,success,0,0.489663,NEGATIVE
management,single,professional.course,unknown,unknown,unknown,telephone,may,(null),0,4203,31,154,5,success,1,0.501102,POSITIVE
management,single,professional.course,unknown,unknown,unknown,telephone,may,(null),0,4176,31,147,6,success,0,0.490263,NEGATIVE
management,single,professional.course,unknown,unknown,unknown,telephone,may,(null),0,4176,31,147,6,success,1,0.501702,POSITIVE
self-employed,married,illiterate,unknown,unknown,unknown,telephone,apr,fri,-1,4110,31,149,4,nonexistent,0,0.494393,NEGATIVE
self-employed,married,illiterate,unknown,unknown,unknown,telephone,apr,fri,-1,4110,31,149,4,nonexistent,1,0.505832,POSITIVE
student,single,professional.course,unknown,unknown,unknown,telephone,nov,(null),0,4203,28,154,5,success,0,0.496288,NEGATIVE
student,single,professional.course,unknown,unknown,unknown,telephone,nov,(null),0,4203,28,154,5,success,1,0.504229,POSITIVE
student,married,illiterate,unknown,unknown,unknown,telephone,oct,fri,-1,4110,27,153,4,nonexistent,0,0.499807,NEGATIVE
student,married,illiterate,unknown,unknown,unknown,telephone,oct,fri,-1,4110,27,153,4,nonexistent,1,0.507747,POSITIVE
technician,single,professional.course,unknown,unknown,unknown,telephone,nov,(null),0,4125,28,146,5,success,0,0.495803,NEGATIVE
technician,single,professional.course,unknown,unknown,unknown,telephone,nov,(null),0,4125,28,146,5,success,1,0.506150,POSITIVE
management,single,professional.course,unknown,unknown,unknown,telephone,nov,(null),0,4133,28,147,6,success,0,0.496481,NEGATIVE
management,single,professional.course,unknown,unknown,unknown,telephone,nov,(null),0,4133,28,147,6,success,1,0.508432,POSITIVE
services,married,illiterate,unknown,unknown,unknown,telephone,oct,fri,-1,4195,31,135,4,nonexistent,0,0.498144,NEGATIVE
services,married,illiterate,unknown,unknown,unknown,telephone,oct,fri,-1,4195,31,135,4,nonexistent,1,0.509583,POSITIVE
retired,married,high.school,unknown,unknown,unknown,telephone,oct,thu,-1,4102,31,136,3,nonexistent,0,0.499264,NEGATIVE
retired,married,high.school,unknown,unknown,unknown,telephone,oct,thu,-1,4102,31,136,3,nonexistent,1,0.510703,POSITIVE
student,married,illiterate,unknown,unknown,unknown,telephone,oct,fri,-1,4110,31,129,4,nonexistent,0,0.494829,NEGATIVE
student,married,illiterate,unknown,unknown,unknown,telephone,oct,fri,-1,4110,31,129,4,nonexistent,1,0.506268,POSITIVE
housemaid,married,illiterate,unknown,unknown,unknown,telephone,nov,fri,-1,4117,31,129,4,nonexistent,0,0.496276,NEGATIVE
housemaid,married,illiterate,unknown,unknown,unknown,telephone,nov,fri,-1,4117,31,129,4,nonexistent,1,0.507717,POSITIVE
management,single,professional.course,unknown,unknown,unknown,telephone,may,(null),0,4098,31,139,6,success,0,0.493388,NEGATIVE
management,single,professional.course,unknown,unknown,unknown,telephone,may,(null),0,4098,31,139,6,success,1,0.504828,POSITIVE
entrepreneur,divorced,basic.6y,no,no,no,cellular,feb,tue,-3,4001,26,182,1,failure,0,0.498149,NEGATIVE
entrepreneur,divorced,basic.6y,no,no,no,cellular,feb,tue,-3,4001,26,182,1,failure,1,0.500470,POSITIVE
housemaid,married,high.school,unknown,unknown,unknown,telephone,apr,thu,-1,4024,26,176,3,nonexistent,0,0.499052,NEGATIVE
housemaid,married,high.school,unknown,unknown,unknown,telephone,apr,thu,-1,4024,26,176,3,nonexistent,1,0.506992,POSITIVE
blue-collar,married,basic.9y,no,no,no,cellular,feb,wed,-2,3931,26,175,2,nonexistent,0,0.494128,NEGATIVE
blue-collar,married,basic.9y,no,no,no,cellular,feb,wed,-2,3931,26,175,2,nonexistent,1,0.502068,POSITIVE
entrepreneur,divorced,basic.6y,no,no,no,cellular,feb,tue,-3,4001,30,159,1,failure,0,0.493316,NEGATIVE
entrepreneur,divorced,basic.6y,no,no,no,cellular,feb,tue,-3,4001,30,159,1,failure,1,0.500744,POSITIVE
blue-collar,married,basic.9y,no,no,no,cellular,aug,wed,-2,4009,26,167,2,nonexistent,0,0.495151,NEGATIVE
blue-collar,married,basic.9y,no,no,no,cellular,aug,wed,-2,4009,26,167,2,nonexistent,1,0.503092,POSITIVE
blue-collar,divorced,basic.6y,no,no,no,cellular,aug,tue,-3,4001,28,158,1,failure,0,0.498343,NEGATIVE
blue-collar,divorced,basic.6y,no,no,no,cellular,aug,tue,-3,4001,28,158,1,failure,1,0.505772,POSITIVE
admin.,divorced,basic.4y,no,no,no,cellular,jul,mon,-3,3908,28,157,0,failure,0,0.495335,NEGATIVE
admin.,divorced,basic.4y,no,no,no,cellular,jul,mon,-3,3908,28,157,0,failure,1,0.502764,POSITIVE
retired,married,high.school,unknown,unknown,unknown,telephone,apr,thu,-1,4024,27,168,3,nonexistent,0,0.492370,NEGATIVE
retired,married,high.school,unknown,unknown,unknown,telephone,apr,thu,-1,4024,27,168,3,nonexistent,1,0.500310,POSITIVE
student,married,illiterate,unknown,unknown,unknown,telephone,apr,fri,-1,4032,27,161,4,nonexistent,0,0.498784,NEGATIVE
student,married,illiterate,unknown,unknown,unknown,telephone,apr,fri,-1,4032,27,161,4,nonexistent,1,0.506724,POSITIVE
blue-collar,divorced,basic.6y,no,no,no,cellular,feb,tue,-3,3923,28,166,1,failure,0,0.496496,NEGATIVE
blue-collar,divorced,basic.6y,no,no,no,cellular,feb,tue,-3,3923,28,166,1,failure,1,0.503925,POSITIVE
admin.,divorced,basic.4y,no,no,no,cellular,jan,mon,-3,3830,28,165,0,failure,0,0.493489,NEGATIVE
admin.,divorced,basic.4y,no,no,no,cellular,jan,mon,-3,3830,28,165,0,failure,1,0.500918,POSITIVE
student,married,basic.9y,no,no,no,cellular,mar,wed,-2,3860,26,159,2,nonexistent,0,0.492928,NEGATIVE
student,married,basic.9y,no,no,no,cellular,mar,wed,-2,3860,26,159,2,nonexistent,1,0.500868,POSITIVE
housemaid,married,illiterate,unknown,unknown,unknown,telephone,apr,fri,-1,3876,26,161,4,nonexistent,0,0.499103,NEGATIVE
housemaid,married,illiterate,unknown,unknown,unknown,telephone,apr,fri,-1,3876,26,161,4,nonexistent,1,0.507043,POSITIVE
entrepreneur,married,basic.9y,no,no,no,cellular,mar,wed,-2,3782,26,159,2,nonexistent,0,0.493448,NEGATIVE
entrepreneur,married,basic.9y,no,no,no,cellular,mar,wed,-2,3782,26,159,2,nonexistent,1,0.501388,POSITIVE
blue-collar,divorced,basic.6y,no,no,no,cellular,jan,tue,-3,3993,33,141,0,failure,0,0.489334,NEGATIVE
blue-collar,divorced,basic.6y,no,no,no,cellular,jan,tue,-3,3993,33,141,0,failure,1,0.500773,POSITIVE
admin.,divorced,basic.6y,no,no,no,cellular,jul,tue,-3,3993,33,125,0,failure,0,0.489032,NEGATIVE
admin.,divorced,basic.6y,no,no,no,cellular,jul,tue,-3,3993,33,125,0,failure,1,0.500471,POSITIVE
admin.,divorced,basic.6y,no,no,no,cellular,apr,tue,-3,3993,33,133,0,failure,0,0.499672,NEGATIVE
admin.,divorced,basic.6y,no,no,no,cellular,apr,tue,-3,3993,33,133,0,failure,1,0.511111,POSITIVE
management,married,basic.9y,no,no,no,cellular,mar,wed,-2,4016,33,127,2,nonexistent,0,0.497772,NEGATIVE
management,married,basic.9y,no,no,no,cellular,mar,wed,-2,4016,33,127,2,nonexistent,1,0.509212,POSITIVE
blue-collar,divorced,basic.6y,no,no,no,cellular,jan,tue,-3,3915,33,133,0,failure,0,0.492459,NEGATIVE
blue-collar,divorced,basic.6y,no,no,no,cellular,jan,tue,-3,3915,33,133,0,failure,1,0.503899,POSITIVE
blue-collar,married,basic.9y,no,no,no,cellular,feb,wed,-2,3931,33,127,2,nonexistent,0,0.489038,NEGATIVE
blue-collar,married,basic.9y,no,no,no,cellular,feb,wed,-2,3931,33,127,2,nonexistent,1,0.500476,POSITIVE
entrepreneur,divorced,basic.6y,no,no,no,cellular,aug,tue,-3,4001,30,142,1,failure,0,0.493951,NEGATIVE
entrepreneur,divorced,basic.6y,no,no,no,cellular,aug,tue,-3,4001,30,142,1,failure,1,0.505391,POSITIVE
blue-collar,married,basic.9y,no,no,no,cellular,may,wed,-2,4009,30,151,2,nonexistent,0,0.497929,NEGATIVE
blue-collar,married,basic.9y,no,no,no,cellular,may,wed,-2,4009,30,151,2,nonexistent,1,0.509368,POSITIVE
self-employed,divorced,basic.6y,no,no,no,cellular,jan,tue,-3,3915,30,149,0,failure,0,0.490185,NEGATIVE
self-employed,divorced,basic.6y,no,no,no,cellular,jan,tue,-3,3915,30,149,0,failure,1,0.501625,POSITIVE
admin.,divorced,basic.6y,no,no,no,cellular,apr,tue,-3,3915,30,149,0,failure,0,0.489677,NEGATIVE
admin.,divorced,basic.6y,no,no,no,cellular,apr,tue,-3,3915,30,149,0,failure,1,0.501116,POSITIVE
self-employed,divorced,basic.6y,no,no,no,cellular,apr,tue,-3,3915,30,141,0,failure,0,0.491471,NEGATIVE
self-employed,divorced,basic.6y,no,no,no,cellular,apr,tue,-3,3915,30,141,0,failure,1,0.502911,POSITIVE
self-employed,married,illiterate,unknown,unknown,unknown,telephone,oct,fri,-1,4032,27,149,4,nonexistent,0,0.493073,NEGATIVE
self-employed,married,illiterate,unknown,unknown,unknown,telephone,oct,fri,-1,4032,27,149,4,nonexistent,1,0.501013,POSITIVE
student,married,basic.9y,no,no,no,cellular,sep,wed,-2,3938,26,151,2,nonexistent,0,0.493951,NEGATIVE
student,married,basic.9y,no,no,no,cellular,sep,wed,-2,3938,26,151,2,nonexistent,1,0.501892,POSITIVE
technician,single,professional.course,unknown,unknown,unknown,telephone,may,(null),0,4047,28,154,5,success,0,0.497186,NEGATIVE
technician,single,professional.course,unknown,unknown,unknown,telephone,may,(null),0,4047,28,154,5,success,1,0.505126,POSITIVE
services,married,illiterate,unknown,unknown,unknown,telephone,apr,fri,-1,3961,28,153,4,nonexistent,0,0.492693,NEGATIVE
services,married,illiterate,unknown,unknown,unknown,telephone,apr,fri,-1,3961,28,153,4,nonexistent,1,0.500633,POSITIVE
services,married,basic.9y,no,no,no,cellular,aug,wed,-2,4009,30,135,2,nonexistent,0,0.492704,NEGATIVE
services,married,basic.9y,no,no,no,cellular,aug,wed,-2,4009,30,135,2,nonexistent,1,0.504144,POSITIVE
entrepreneur,married,basic.9y,no,no,no,cellular,sep,wed,-2,4016,30,135,2,nonexistent,0,0.499583,NEGATIVE
entrepreneur,married,basic.9y,no,no,no,cellular,sep,wed,-2,4016,30,135,2,nonexistent,1,0.511022,POSITIVE
entrepreneur,divorced,basic.6y,no,no,no,cellular,aug,tue,-3,3923,30,134,1,failure,0,0.497077,NEGATIVE
entrepreneur,divorced,basic.6y,no,no,no,cellular,aug,tue,-3,3923,30,134,1,failure,1,0.508516,POSITIVE
services,married,basic.9y,no,no,no,cellular,aug,wed,-2,3931,30,127,2,nonexistent,0,0.495829,NEGATIVE
services,married,basic.9y,no,no,no,cellular,aug,wed,-2,3931,30,127,2,nonexistent,1,0.507269,POSITIVE
services,married,illiterate,unknown,unknown,unknown,telephone,apr,fri,-1,4016,31,135,4,nonexistent,0,0.494028,NEGATIVE
services,married,illiterate,unknown,unknown,unknown,telephone,apr,fri,-1,4016,31,135,4,nonexistent,1,0.505468,POSITIVE
technician,single,professional.course,unknown,unknown,unknown,telephone,nov,(null),0,4047,28,138,5,success,0,0.496918,NEGATIVE
technician,single,professional.course,unknown,unknown,unknown,telephone,nov,(null),0,4047,28,138,5,success,1,0.508869,POSITIVE
management,single,professional.course,unknown,unknown,unknown,telephone,nov,(null),0,4055,28,139,6,success,0,0.499161,NEGATIVE
management,single,professional.course,unknown,unknown,unknown,telephone,nov,(null),0,4055,28,139,6,success,1,0.510599,POSITIVE
services,married,illiterate,unknown,unknown,unknown,telephone,oct,fri,-1,3961,28,137,4,nonexistent,0,0.493089,NEGATIVE
services,married,illiterate,unknown,unknown,unknown,telephone,oct,fri,-1,3961,28,137,4,nonexistent,1,0.504529,POSITIVE
blue-collar,divorced,basic.6y,no,no,no,cellular,jan,tue,-3,3837,33,125,0,failure,0,0.495585,NEGATIVE
blue-collar,divorced,basic.6y,no,no,no,cellular,jan,tue,-3,3837,33,125,0,failure,1,0.507025,POSITIVE
entrepreneur,divorced,basic.6y,no,no,no,cellular,feb,tue,-3,3845,30,143,1,failure,0,0.499760,NEGATIVE
entrepreneur,divorced,basic.6y,no,no,no,cellular,feb,tue,-3,3845,30,143,1,failure,1,0.511199,POSITIVE
admin.,divorced,basic.6y,no,no,no,cellular,jan,tue,-3,3758,30,141,0,failure,0,0.493425,NEGATIVE
admin.,divorced,basic.6y,no,no,no,cellular,jan,tue,-3,3758,30,141,0,failure,1,0.504866,POSITIVE
entrepreneur,married,basic.9y,no,no,no,cellular,sep,wed,-2,3860,26,151,2,nonexistent,0,0.495221,NEGATIVE
entrepreneur,married,basic.9y,no,no,no,cellular,sep,wed,-2,3860,26,151,2,nonexistent,1,0.503143,POSITIVE
services,married,basic.9y,no,no,no,cellular,feb,wed,-2,3853,28,151,2,nonexistent,0,0.493624,NEGATIVE
services,married,basic.9y,no,no,no,cellular,feb,wed,-2,3853,28,151,2,nonexistent,1,0.501053,POSITIVE
blue-collar,married,basic.9y,no,no,no,cellular,feb,wed,-2,3774,28,151,2,nonexistent,0,0.497863,NEGATIVE
blue-collar,married,basic.9y,no,no,no,cellular,feb,wed,-2,3774,28,151,2,nonexistent,1,0.505292,POSITIVE
housemaid,married,basic.9y,no,no,no,cellular,apr,wed,-2,3797,30,129,2,nonexistent,0,0.490189,NEGATIVE
housemaid,married,basic.9y,no,no,no,cellular,apr,wed,-2,3797,30,129,2,nonexistent,1,0.501628,POSITIVE
student,married,high.school,unknown,unknown,unknown,telephone,oct,thu,-1,3868,27,136,3,nonexistent,0,0.493326,NEGATIVE
student,married,high.school,unknown,unknown,unknown,telephone,oct,thu,-1,3868,27,136,3,nonexistent,1,0.504766,POSITIVE
housemaid,married,high.school,unknown,unknown,unknown,telephone,oct,thu,-1,3868,28,136,3,nonexistent,0,0.488664,NEGATIVE
housemaid,married,high.school,unknown,unknown,unknown,telephone,oct,thu,-1,3868,28,136,3,nonexistent,1,0.500102,POSITIVE
management,single,professional.course,unknown,unknown,unknown,telephone,nov,(null),0,3899,26,139,6,success,0,0.498294,NEGATIVE
management,single,professional.course,unknown,unknown,unknown,telephone,nov,(null),0,3899,26,139,6,success,1,0.510245,POSITIVE
services,married,illiterate,unknown,unknown,unknown,telephone,oct,fri,-1,3883,28,129,4,nonexistent,0,0.496215,NEGATIVE
services,married,illiterate,unknown,unknown,unknown,telephone,oct,fri,-1,3883,28,129,4,nonexistent,1,0.507654,POSITIVE
retired,married,high.school,unknown,unknown,unknown,telephone,oct,thu,-1,3790,27,132,3,nonexistent,0,0.495784,NEGATIVE
retired,married,high.school,unknown,unknown,unknown,telephone,oct,thu,-1,3790,27,132,3,nonexistent,1,0.507224,POSITIVE
blue-collar,divorced,basic.6y,no,no,no,cellular,jan,tue,-3,4305,14,235,0,failure,0,0.499552,NEGATIVE
blue-collar,divorced,basic.6y,no,no,no,cellular,jan,tue,-3,4305,14,235,0,failure,1,0.500022,POSITIVE
self-employed,divorced,basic.4y,no,no,no,cellular,jan,mon,-3,4220,20,212,0,failure,0,0.499635,NEGATIVE
self-employed,divorced,basic.4y,no,no,no,cellular,jan,mon,-3,4220,20,212,0,failure,1,0.500104,POSITIVE
retired,married,high.school,unknown,unknown,unknown,telephone,oct,thu,-1,4336,24,191,3,nonexistent,0,0.499846,NEGATIVE
retired,married,high.school,unknown,unknown,unknown,telephone,oct,thu,-1,4336,24,191,3,nonexistent,1,0.500115,POSITIVE
services,divorced,basic.6y,no,no,no,cellular,aug,tue,-3,4235,20,197,1,failure,0,0.499930,NEGATIVE
services,divorced,basic.6y,no,no,no,cellular,aug,tue,-3,4235,20,197,1,failure,1,0.500200,POSITIVE
student,married,high.school,unknown,unknown,unknown,telephone,may,thu,-1,4258,24,191,3,nonexistent,0,0.499755,NEGATIVE
student,married,high.school,unknown,unknown,unknown,telephone,may,thu,-1,4258,24,191,3,nonexistent,1,0.500025,POSITIVE
housemaid,married,high.school,unknown,unknown,unknown,telephone,aug,thu,-1,4258,12,222,3,nonexistent,0,0.499622,NEGATIVE
housemaid,married,high.school,unknown,unknown,unknown,telephone,aug,thu,-1,4258,12,222,3,nonexistent,1,0.500090,POSITIVE
housemaid,married,illiterate,unknown,unknown,unknown,telephone,nov,fri,-1,4266,12,215,4,nonexistent,0,0.499833,NEGATIVE
housemaid,married,illiterate,unknown,unknown,unknown,telephone,nov,fri,-1,4266,12,215,4,nonexistent,1,0.500302,POSITIVE
student,married,illiterate,unknown,unknown,unknown,telephone,nov,fri,-1,4110,9,208,4,nonexistent,0,0.499897,NEGATIVE
student,married,illiterate,unknown,unknown,unknown,telephone,nov,fri,-1,4110,9,208,4,nonexistent,1,0.500034,POSITIVE
entrepreneur,divorced,basic.6y,no,no,no,cellular,feb,tue,-3,4001,14,213,1,failure,0,0.499704,NEGATIVE
entrepreneur,divorced,basic.6y,no,no,no,cellular,feb,tue,-3,4001,14,213,1,failure,1,0.500172,POSITIVE
blue-collar,married,basic.9y,no,no,no,cellular,aug,wed,-2,3931,14,198,2,nonexistent,0,0.499621,NEGATIVE
blue-collar,married,basic.9y,no,no,no,cellular,aug,wed,-2,3931,14,198,2,nonexistent,1,0.500090,POSITIVE
housemaid,married,basic.9y,no,no,no,cellular,aug,wed,-2,3853,14,190,2,nonexistent,0,0.499747,NEGATIVE
housemaid,married,basic.9y,no,no,no,cellular,aug,wed,-2,3853,14,190,2,nonexistent,1,0.500216,POSITIVE
services,divorced,basic.6y,no,no,no,cellular,apr,tue,-3,3766,14,189,1,failure,0,0.499781,NEGATIVE
services,divorced,basic.6y,no,no,no,cellular,apr,tue,-3,3766,14,189,1,failure,1,0.500250,POSITIVE
self-employed,married,illiterate,unknown,unknown,unknown,telephone,apr,fri,-1,3876,9,208,4,nonexistent,0,0.499997,NEGATIVE
self-employed,married,illiterate,unknown,unknown,unknown,telephone,apr,fri,-1,3876,9,208,4,nonexistent,1,0.500132,POSITIVE
services,married,illiterate,unknown,unknown,unknown,telephone,apr,fri,-1,3805,12,192,4,nonexistent,0,0.499890,NEGATIVE
services,married,illiterate,unknown,unknown,unknown,telephone,apr,fri,-1,3805,12,192,4,nonexistent,1,0.500359,POSITIVE
blue-collar,divorced,basic.6y,no,no,no,cellular,jul,tue,-3,3993,23,181,0,failure,0,0.499872,NEGATIVE
blue-collar,divorced,basic.6y,no,no,no,cellular,jul,tue,-3,3993,23,181,0,failure,1,0.502194,POSITIVE
entrepreneur,divorced,basic.6y,no,no,no,cellular,aug,tue,-3,3923,23,174,1,failure,0,0.498151,NEGATIVE
entrepreneur,divorced,basic.6y,no,no,no,cellular,aug,tue,-3,3923,23,174,1,failure,1,0.500472,POSITIVE
student,married,basic.9y,no,no,no,cellular,feb,wed,-2,4016,23,183,2,nonexistent,0,0.499809,NEGATIVE
student,married,basic.9y,no,no,no,cellular,feb,wed,-2,4016,23,183,2,nonexistent,1,0.500079,POSITIVE
student,married,basic.9y,no,no,no,cellular,nov,wed,-2,4016,23,167,2,nonexistent,0,0.498246,NEGATIVE
student,married,basic.9y,no,no,no,cellular,nov,wed,-2,4016,23,167,2,nonexistent,1,0.501711,POSITIVE
technician,married,illiterate,unknown,unknown,unknown,telephone,aug,fri,-1,3961,24,161,4,nonexistent,0,0.499220,NEGATIVE
technician,married,illiterate,unknown,unknown,unknown,telephone,aug,fri,-1,3961,24,161,4,nonexistent,1,0.503952,POSITIVE
unemployed,single,professional.course,unknown,unknown,unknown,telephone,may,(null),0,4055,18,186,6,success,0,0.499941,NEGATIVE
unemployed,single,professional.course,unknown,unknown,unknown,telephone,may,(null),0,4055,18,186,6,success,1,0.500410,POSITIVE
entrepreneur,divorced,basic.6y,no,no,no,cellular,feb,tue,-3,3782,23,175,1,failure,0,0.498971,NEGATIVE
entrepreneur,divorced,basic.6y,no,no,no,cellular,feb,tue,-3,3782,23,175,1,failure,1,0.501293,POSITIVE
housemaid,married,basic.9y,no,no,no,cellular,aug,wed,-2,3853,23,167,2,nonexistent,0,0.497794,NEGATIVE
housemaid,married,basic.9y,no,no,no,cellular,aug,wed,-2,3853,23,167,2,nonexistent,1,0.500116,POSITIVE
retired,married,high.school,unknown,unknown,unknown,telephone,oct,thu,-1,3868,24,160,3,nonexistent,0,0.492786,NEGATIVE
retired,married,high.school,unknown,unknown,unknown,telephone,oct,thu,-1,3868,24,160,3,nonexistent,1,0.500726,POSITIVE
services,divorced,basic.6y,no,no,no,cellular,aug,tue,-3,3766,23,158,1,failure,0,0.499589,NEGATIVE
services,divorced,basic.6y,no,no,no,cellular,aug,tue,-3,3766,23,158,1,failure,1,0.507529,POSITIVE
entrepreneur,married,basic.9y,no,no,no,cellular,sep,wed,-2,3782,23,159,2,nonexistent,0,0.493189,NEGATIVE
entrepreneur,married,basic.9y,no,no,no,cellular,sep,wed,-2,3782,23,159,2,nonexistent,1,0.501129,POSITIVE
unemployed,single,professional.course,unknown,unknown,unknown,telephone,may,(null),0,3821,15,179,6,success,0,0.499556,NEGATIVE
unemployed,single,professional.course,unknown,unknown,unknown,telephone,may,(null),0,3821,15,179,6,success,1,0.500026,POSITIVE
management,single,professional.course,unknown,unknown,unknown,telephone,nov,(null),0,3891,24,154,5,success,0,0.493807,NEGATIVE
management,single,professional.course,unknown,unknown,unknown,telephone,nov,(null),0,3891,24,154,5,success,1,0.501747,POSITIVE
services,married,illiterate,unknown,unknown,unknown,telephone,oct,fri,-1,3805,23,151,4,nonexistent,0,0.498620,NEGATIVE
services,married,illiterate,unknown,unknown,unknown,telephone,oct,fri,-1,3805,23,151,4,nonexistent,1,0.503352,POSITIVE
unemployed,single,professional.course,unknown,unknown,unknown,telephone,nov,(null),0,3821,24,139,6,success,0,0.492954,NEGATIVE
unemployed,single,professional.course,unknown,unknown,unknown,telephone,nov,(null),0,3821,24,139,6,success,1,0.500895,POSITIVE
admin.,divorced,basic.4y,no,no,no,cellular,jan,mon,-3,4923,45,110,0,failure,0,0.498486,NEGATIVE
admin.,divorced,basic.4y,no,no,no,cellular,jan,mon,-3,4923,45,110,0,failure,1,0.511201,POSITIVE
management,married,basic.9y,no,no,no,cellular,mar,wed,-2,4875,45,115,2,nonexistent,0,0.492572,NEGATIVE
management,married,basic.9y,no,no,no,cellular,mar,wed,-2,4875,45,115,2,nonexistent,1,0.506433,POSITIVE
blue-collar,divorced,basic.6y,no,no,no,cellular,feb,tue,-3,4930,45,95,0,failure,0,0.497343,NEGATIVE
blue-collar,divorced,basic.6y,no,no,no,cellular,feb,tue,-3,4930,45,95,0,failure,1,0.510058,POSITIVE
retired,married,high.school,unknown,unknown,unknown,telephone,oct,thu,-1,4883,45,97,3,nonexistent,0,0.487654,NEGATIVE
retired,married,high.school,unknown,unknown,unknown,telephone,oct,thu,-1,4883,45,97,3,nonexistent,1,0.501514,POSITIVE
retired,married,high.school,unknown,unknown,unknown,telephone,apr,thu,-1,4883,46,101,3,nonexistent,0,0.491282,NEGATIVE
retired,married,high.school,unknown,unknown,unknown,telephone,apr,thu,-1,4883,46,101,3,nonexistent,1,0.504378,POSITIVE
services,married,basic.9y,no,no,no,cellular,aug,wed,-2,4946,44,119,2,nonexistent,0,0.493832,NEGATIVE
services,married,basic.9y,no,no,no,cellular,aug,wed,-2,4946,44,119,2,nonexistent,1,0.506303,POSITIVE
services,married,illiterate,unknown,unknown,unknown,telephone,nov,fri,-1,4976,42,122,4,nonexistent,0,0.489610,NEGATIVE
services,married,illiterate,unknown,unknown,unknown,telephone,nov,fri,-1,4976,42,122,4,nonexistent,1,0.502080,POSITIVE
management,single,professional.course,unknown,unknown,unknown,telephone,nov,(null),0,4984,44,115,5,success,0,0.496703,NEGATIVE
management,single,professional.course,unknown,unknown,unknown,telephone,nov,(null),0,4984,44,115,5,success,1,0.509173,POSITIVE
technician,single,professional.course,unknown,unknown,unknown,telephone,dec,(null),0,4992,42,116,6,success,0,0.489407,NEGATIVE
technician,single,professional.course,unknown,unknown,unknown,telephone,dec,(null),0,4992,42,116,6,success,1,0.501877,POSITIVE
self-employed,divorced,basic.4y,no,no,no,cellular,jul,mon,-3,4845,44,118,0,failure,0,0.493372,NEGATIVE
self-employed,divorced,basic.4y,no,no,no,cellular,jul,mon,-3,4845,44,118,0,failure,1,0.505843,POSITIVE
admin.,divorced,basic.6y,no,no,no,cellular,jul,tue,-3,4852,44,118,0,failure,0,0.498069,NEGATIVE
admin.,divorced,basic.6y,no,no,no,cellular,jul,tue,-3,4852,44,118,0,failure,1,0.511929,POSITIVE
blue-collar,divorced,basic.6y,no,no,no,cellular,jul,tue,-3,4852,44,110,0,failure,0,0.493369,NEGATIVE
blue-collar,divorced,basic.6y,no,no,no,cellular,jul,tue,-3,4852,44,110,0,failure,1,0.507231,POSITIVE
admin.,divorced,basic.4y,no,no,no,cellular,apr,mon,-3,4845,44,118,0,failure,0,0.493544,NEGATIVE
admin.,divorced,basic.4y,no,no,no,cellular,apr,mon,-3,4845,44,118,0,failure,1,0.506901,POSITIVE
admin.,divorced,basic.4y,no,no,no,cellular,apr,mon,-3,4845,44,110,0,failure,0,0.492666,NEGATIVE
admin.,divorced,basic.4y,no,no,no,cellular,apr,mon,-3,4845,44,110,0,failure,1,0.505382,POSITIVE
admin.,divorced,basic.4y,no,no,no,cellular,oct,mon,-3,4923,44,102,0,failure,0,0.495820,NEGATIVE
admin.,divorced,basic.4y,no,no,no,cellular,oct,mon,-3,4923,44,102,0,failure,1,0.508537,POSITIVE
blue-collar,divorced,basic.6y,no,no,no,cellular,jul,tue,-3,4852,44,102,0,failure,0,0.492697,NEGATIVE
blue-collar,divorced,basic.6y,no,no,no,cellular,jul,tue,-3,4852,44,102,0,failure,1,0.505414,POSITIVE
technician,single,professional.course,unknown,unknown,unknown,telephone,nov,(null),0,4914,42,108,6,success,0,0.494716,NEGATIVE
technician,single,professional.course,unknown,unknown,unknown,telephone,nov,(null),0,4914,42,108,6,success,1,0.507187,POSITIVE
technician,single,professional.course,unknown,unknown,unknown,telephone,nov,(null),0,4914,43,100,6,success,0,0.495801,NEGATIVE
technician,single,professional.course,unknown,unknown,unknown,telephone,nov,(null),0,4914,43,100,6,success,1,0.508272,POSITIVE
admin.,divorced,basic.4y,no,no,no,cellular,apr,mon,-3,4845,44,102,0,failure,0,0.499169,NEGATIVE
admin.,divorced,basic.4y,no,no,no,cellular,apr,mon,-3,4845,44,102,0,failure,1,0.511883,POSITIVE
retired,married,high.school,unknown,unknown,unknown,telephone,apr,thu,-1,4805,45,105,3,nonexistent,0,0.486202,NEGATIVE
retired,married,high.school,unknown,unknown,unknown,telephone,apr,thu,-1,4805,45,105,3,nonexistent,1,0.500061,POSITIVE
self-employed,married,illiterate,unknown,unknown,unknown,telephone,apr,fri,-1,4813,45,98,4,nonexistent,0,0.493474,NEGATIVE
self-employed,married,illiterate,unknown,unknown,unknown,telephone,apr,fri,-1,4813,45,98,4,nonexistent,1,0.506570,POSITIVE
management,married,basic.9y,no,no,no,cellular,sep,wed,-2,4797,42,115,2,nonexistent,0,0.498929,NEGATIVE
management,married,basic.9y,no,no,no,cellular,sep,wed,-2,4797,42,115,2,nonexistent,1,0.511398,POSITIVE
blue-collar,divorced,basic.6y,no,no,no,cellular,jan,tue,-3,4774,44,118,0,failure,0,0.492068,NEGATIVE
blue-collar,divorced,basic.6y,no,no,no,cellular,jan,tue,-3,4774,44,118,0,failure,1,0.505694,POSITIVE
blue-collar,divorced,basic.6y,no,no,no,cellular,jan,tue,-3,4774,44,110,0,failure,0,0.489679,NEGATIVE
blue-collar,divorced,basic.6y,no,no,no,cellular,jan,tue,-3,4774,44,110,0,failure,1,0.503035,POSITIVE
student,single,professional.course,unknown,unknown,unknown,telephone,nov,(null),0,4828,40,122,5,success,0,0.497540,NEGATIVE
student,single,professional.course,unknown,unknown,unknown,telephone,nov,(null),0,4828,40,122,5,success,1,0.510011,POSITIVE
technician,single,professional.course,unknown,unknown,unknown,telephone,nov,(null),0,4836,41,116,6,success,0,0.496631,NEGATIVE
technician,single,professional.course,unknown,unknown,unknown,telephone,nov,(null),0,4836,41,116,6,success,1,0.509101,POSITIVE
entrepreneur,divorced,basic.6y,no,no,no,cellular,aug,tue,-3,4704,42,119,1,failure,0,0.490220,NEGATIVE
entrepreneur,divorced,basic.6y,no,no,no,cellular,aug,tue,-3,4704,42,119,1,failure,1,0.502690,POSITIVE
housemaid,married,basic.9y,no,no,no,cellular,aug,wed,-2,4712,42,112,2,nonexistent,0,0.496403,NEGATIVE
housemaid,married,basic.9y,no,no,no,cellular,aug,wed,-2,4712,42,112,2,nonexistent,1,0.508873,POSITIVE
housemaid,married,basic.9y,no,no,no,cellular,feb,wed,-2,4712,44,119,2,nonexistent,0,0.492191,NEGATIVE
housemaid,married,basic.9y,no,no,no,cellular,feb,wed,-2,4712,44,119,2,nonexistent,1,0.504662,POSITIVE
student,single,professional.course,unknown,unknown,unknown,telephone,mar,(null),0,4750,42,122,5,success,0,0.493275,NEGATIVE
student,single,professional.course,unknown,unknown,unknown,telephone,mar,(null),0,4750,42,122,5,success,1,0.505746,POSITIVE
housemaid,married,basic.9y,no,no,no,cellular,feb,wed,-2,4712,44,112,2,nonexistent,0,0.492777,NEGATIVE
housemaid,married,basic.9y,no,no,no,cellular,feb,wed,-2,4712,44,112,2,nonexistent,1,0.506638,POSITIVE
services,married,illiterate,unknown,unknown,unknown,telephone,oct,fri,-1,4742,40,119,4,nonexistent,0,0.489104,NEGATIVE
services,married,illiterate,unknown,unknown,unknown,telephone,oct,fri,-1,4742,40,119,4,nonexistent,1,0.501574,POSITIVE
student,single,professional.course,unknown,unknown,unknown,telephone,oct,(null),0,4828,42,105,5,success,0,0.493290,NEGATIVE
student,single,professional.course,unknown,unknown,unknown,telephone,oct,(null),0,4828,42,105,5,success,1,0.505761,POSITIVE
self-employed,married,illiterate,unknown,unknown,unknown,telephone,oct,fri,-1,4735,43,98,4,nonexistent,0,0.489799,NEGATIVE
self-employed,married,illiterate,unknown,unknown,unknown,telephone,oct,fri,-1,4735,43,98,4,nonexistent,1,0.502269,POSITIVE
technician,single,professional.course,unknown,unknown,unknown,telephone,nov,(null),0,4758,41,108,6,success,0,0.490328,NEGATIVE
technician,single,professional.course,unknown,unknown,unknown,telephone,nov,(null),0,4758,41,108,6,success,1,0.502798,POSITIVE
student,single,professional.course,unknown,unknown,unknown,telephone,may,(null),0,4750,43,107,5,success,0,0.496967,NEGATIVE
student,single,professional.course,unknown,unknown,unknown,telephone,may,(null),0,4750,43,107,5,success,1,0.509438,POSITIVE
housemaid,married,basic.9y,no,no,no,cellular,feb,wed,-2,4712,44,96,2,nonexistent,0,0.492954,NEGATIVE
housemaid,married,basic.9y,no,no,no,cellular,feb,wed,-2,4712,44,96,2,nonexistent,1,0.505670,POSITIVE
entrepreneur,divorced,basic.6y,no,no,no,cellular,mar,tue,-3,4938,45,81,1,failure,0,0.495549,NEGATIVE
entrepreneur,divorced,basic.6y,no,no,no,cellular,mar,tue,-3,4938,45,81,1,failure,1,0.508265,POSITIVE
admin.,divorced,basic.4y,no,no,no,cellular,jan,mon,-3,4845,45,79,0,failure,0,0.493856,NEGATIVE
admin.,divorced,basic.4y,no,no,no,cellular,jan,mon,-3,4845,45,79,0,failure,1,0.506573,POSITIVE
admin.,divorced,basic.4y,no,no,no,cellular,jan,mon,-3,4845,45,63,0,failure,0,0.494328,NEGATIVE
admin.,divorced,basic.4y,no,no,no,cellular,jan,mon,-3,4845,45,63,0,failure,1,0.507312,POSITIVE
admin.,divorced,basic.4y,no,no,no,cellular,jul,mon,-3,4845,44,87,0,failure,0,0.494773,NEGATIVE
admin.,divorced,basic.4y,no,no,no,cellular,jul,mon,-3,4845,44,87,0,failure,1,0.507489,POSITIVE
blue-collar,divorced,basic.6y,no,no,no,cellular,oct,tue,-3,4852,44,79,0,failure,0,0.496463,NEGATIVE
blue-collar,divorced,basic.6y,no,no,no,cellular,oct,tue,-3,4852,44,79,0,failure,1,0.509179,POSITIVE
retired,married,high.school,unknown,unknown,unknown,telephone,apr,thu,-1,4805,45,90,3,nonexistent,0,0.488480,NEGATIVE
retired,married,high.school,unknown,unknown,unknown,telephone,apr,thu,-1,4805,45,90,3,nonexistent,1,0.501575,POSITIVE
student,single,professional.course,unknown,unknown,unknown,telephone,may,(null),0,4828,46,84,5,success,0,0.487170,NEGATIVE
student,single,professional.course,unknown,unknown,unknown,telephone,may,(null),0,4828,46,84,5,success,1,0.500265,POSITIVE
student,single,professional.course,unknown,unknown,unknown,telephone,may,(null),0,4750,45,84,5,success,0,0.490357,NEGATIVE
student,single,professional.course,unknown,unknown,unknown,telephone,may,(null),0,4750,45,84,5,success,1,0.503453,POSITIVE
services,married,illiterate,unknown,unknown,unknown,telephone,oct,fri,-1,4820,45,73,4,nonexistent,0,0.488689,NEGATIVE
services,married,illiterate,unknown,unknown,unknown,telephone,oct,fri,-1,4820,45,73,4,nonexistent,1,0.501785,POSITIVE
services,married,illiterate,unknown,unknown,unknown,telephone,apr,fri,-1,4820,46,73,4,nonexistent,0,0.487433,NEGATIVE
services,married,illiterate,unknown,unknown,unknown,telephone,apr,fri,-1,4820,46,73,4,nonexistent,1,0.500528,POSITIVE
services,married,illiterate,unknown,unknown,unknown,telephone,apr,fri,-1,4754,45,73,4,nonexistent,0,0.490911,NEGATIVE
services,married,illiterate,unknown,unknown,unknown,telephone,apr,fri,-1,4754,45,73,4,nonexistent,1,0.504008,POSITIVE
technician,single,professional.course,unknown,unknown,unknown,telephone,may,(null),0,4723,45,76,6,success,0,0.490809,NEGATIVE
technician,single,professional.course,unknown,unknown,unknown,telephone,may,(null),0,4723,45,76,6,success,1,0.503905,POSITIVE
technician,single,professional.course,unknown,unknown,unknown,telephone,nov,(null),0,4836,43,91,6,success,0,0.497773,NEGATIVE
technician,single,professional.course,unknown,unknown,unknown,telephone,nov,(null),0,4836,43,91,6,success,1,0.510244,POSITIVE
admin.,divorced,basic.4y,no,no,no,cellular,jan,mon,-3,4767,44,87,0,failure,0,0.498121,NEGATIVE
admin.,divorced,basic.4y,no,no,no,cellular,jan,mon,-3,4767,44,87,0,failure,1,0.510837,POSITIVE
retired,married,high.school,unknown,unknown,unknown,telephone,oct,thu,-1,4727,44,90,3,nonexistent,0,0.492923,NEGATIVE
retired,married,high.school,unknown,unknown,unknown,telephone,oct,thu,-1,4727,44,90,3,nonexistent,1,0.506020,POSITIVE
admin.,divorced,basic.4y,no,no,no,cellular,oct,mon,-3,4689,42,87,0,failure,0,0.499721,NEGATIVE
admin.,divorced,basic.4y,no,no,no,cellular,oct,mon,-3,4689,42,87,0,failure,1,0.512435,POSITIVE
retired,married,high.school,unknown,unknown,unknown,telephone,oct,thu,-1,4727,44,82,3,nonexistent,0,0.496555,NEGATIVE
retired,married,high.school,unknown,unknown,unknown,telephone,oct,thu,-1,4727,44,82,3,nonexistent,1,0.509651,POSITIVE
entrepreneur,divorced,basic.6y,no,no,no,cellular,feb,tue,-3,4704,44,88,1,failure,0,0.488691,NEGATIVE
entrepreneur,divorced,basic.6y,no,no,no,cellular,feb,tue,-3,4704,44,88,1,failure,1,0.501406,POSITIVE
entrepreneur,divorced,basic.6y,no,no,no,cellular,feb,tue,-3,4704,44,80,1,failure,0,0.495029,NEGATIVE
entrepreneur,divorced,basic.6y,no,no,no,cellular,feb,tue,-3,4704,44,80,1,failure,1,0.507746,POSITIVE
blue-collar,divorced,basic.6y,no,no,no,cellular,jul,tue,-3,4774,44,64,0,failure,0,0.492495,NEGATIVE
blue-collar,divorced,basic.6y,no,no,no,cellular,jul,tue,-3,4774,44,64,0,failure,1,0.505478,POSITIVE
management,married,basic.9y,no,no,no,cellular,sep,wed,-2,4719,44,68,2,nonexistent,0,0.492492,NEGATIVE
management,married,basic.9y,no,no,no,cellular,sep,wed,-2,4719,44,68,2,nonexistent,1,0.505208,POSITIVE
blue-collar,divorced,basic.6y,no,no,no,cellular,jan,tue,-3,4696,44,64,0,failure,0,0.491431,NEGATIVE
blue-collar,divorced,basic.6y,no,no,no,cellular,jan,tue,-3,4696,44,64,0,failure,1,0.504414,POSITIVE
retired,married,high.school,unknown,unknown,unknown,telephone,jul,thu,-1,4649,41,117,3,nonexistent,0,0.495585,NEGATIVE
retired,married,high.school,unknown,unknown,unknown,telephone,jul,thu,-1,4649,41,117,3,nonexistent,1,0.508056,POSITIVE
housemaid,married,basic.9y,no,no,no,cellular,aug,wed,-2,4556,40,114,2,nonexistent,0,0.487966,NEGATIVE
housemaid,married,basic.9y,no,no,no,cellular,aug,wed,-2,4556,40,114,2,nonexistent,1,0.500434,POSITIVE
entrepreneur,divorced,basic.6y,no,no,no,cellular,feb,tue,-3,4548,42,112,1,failure,0,0.488821,NEGATIVE
entrepreneur,divorced,basic.6y,no,no,no,cellular,feb,tue,-3,4548,42,112,1,failure,1,0.502681,POSITIVE
services,married,illiterate,unknown,unknown,unknown,telephone,apr,fri,-1,4586,40,122,4,nonexistent,0,0.491221,NEGATIVE
services,married,illiterate,unknown,unknown,unknown,telephone,apr,fri,-1,4586,40,122,4,nonexistent,1,0.503692,POSITIVE
housemaid,married,basic.9y,no,no,no,cellular,aug,wed,-2,4634,42,98,2,nonexistent,0,0.493057,NEGATIVE
housemaid,married,basic.9y,no,no,no,cellular,aug,wed,-2,4634,42,98,2,nonexistent,1,0.506918,POSITIVE
student,single,professional.course,unknown,unknown,unknown,telephone,nov,(null),0,4672,40,105,5,success,0,0.494391,NEGATIVE
student,single,professional.course,unknown,unknown,unknown,telephone,nov,(null),0,4672,40,105,5,success,1,0.506863,POSITIVE
services,married,illiterate,unknown,unknown,unknown,telephone,apr,fri,-1,4664,43,104,4,nonexistent,0,0.489713,NEGATIVE
services,married,illiterate,unknown,unknown,unknown,telephone,apr,fri,-1,4664,43,104,4,nonexistent,1,0.502183,POSITIVE
admin.,divorced,basic.6y,no,no,no,cellular,jul,tue,-3,4540,41,102,0,failure,0,0.499463,NEGATIVE
admin.,divorced,basic.6y,no,no,no,cellular,jul,tue,-3,4540,41,102,0,failure,1,0.513322,POSITIVE
admin.,divorced,basic.4y,no,no,no,cellular,jul,mon,-3,4533,41,94,0,failure,0,0.491559,NEGATIVE
admin.,divorced,basic.4y,no,no,no,cellular,jul,mon,-3,4533,41,94,0,failure,1,0.504275,POSITIVE
technician,single,professional.course,unknown,unknown,unknown,telephone,nov,(null),0,4602,39,100,6,success,0,0.497413,NEGATIVE
technician,single,professional.course,unknown,unknown,unknown,telephone,nov,(null),0,4602,39,100,6,success,1,0.509883,POSITIVE
housemaid,married,basic.9y,no,no,no,cellular,feb,wed,-2,4556,42,98,2,nonexistent,0,0.488183,NEGATIVE
housemaid,married,basic.9y,no,no,no,cellular,feb,wed,-2,4556,42,98,2,nonexistent,1,0.500897,POSITIVE
entrepreneur,divorced,basic.6y,no,no,no,cellular,aug,tue,-3,4470,39,112,1,failure,0,0.491776,NEGATIVE
entrepreneur,divorced,basic.6y,no,no,no,cellular,aug,tue,-3,4470,39,112,1,failure,1,0.504247,POSITIVE
self-employed,married,illiterate,unknown,unknown,unknown,telephone,apr,fri,-1,4501,40,118,4,nonexistent,0,0.492242,NEGATIVE
self-employed,married,illiterate,unknown,unknown,unknown,telephone,apr,fri,-1,4501,40,118,4,nonexistent,1,0.504713,POSITIVE
blue-collar,divorced,basic.6y,no,no,no,cellular,jul,tue,-3,4383,39,111,0,failure,0,0.494424,NEGATIVE
blue-collar,divorced,basic.6y,no,no,no,cellular,jul,tue,-3,4383,39,111,0,failure,1,0.506896,POSITIVE
blue-collar,married,basic.9y,no,no,no,cellular,may,wed,-2,4399,39,119,2,nonexistent,0,0.488103,NEGATIVE
blue-collar,married,basic.9y,no,no,no,cellular,may,wed,-2,4399,39,119,2,nonexistent,1,0.500573,POSITIVE
entrepreneur,divorced,basic.6y,no,no,no,cellular,feb,tue,-3,4391,41,111,1,failure,0,0.490949,NEGATIVE
entrepreneur,divorced,basic.6y,no,no,no,cellular,feb,tue,-3,4391,41,111,1,failure,1,0.504811,POSITIVE
entrepreneur,divorced,basic.6y,no,no,no,cellular,aug,tue,-3,4470,41,103,1,failure,0,0.492661,NEGATIVE
entrepreneur,divorced,basic.6y,no,no,no,cellular,aug,tue,-3,4470,41,103,1,failure,1,0.506522,POSITIVE
services,married,illiterate,unknown,unknown,unknown,telephone,aug,fri,-1,4508,39,106,4,nonexistent,0,0.492972,NEGATIVE
services,married,illiterate,unknown,unknown,unknown,telephone,aug,fri,-1,4508,39,106,4,nonexistent,1,0.505444,POSITIVE
self-employed,married,illiterate,unknown,unknown,unknown,telephone,oct,fri,-1,4501,40,98,4,nonexistent,0,0.498798,NEGATIVE
self-employed,married,illiterate,unknown,unknown,unknown,telephone,oct,fri,-1,4501,40,98,4,nonexistent,1,0.511268,POSITIVE
management,married,basic.9y,no,no,no,cellular,mar,wed,-2,4485,42,104,2,nonexistent,0,0.488494,NEGATIVE
management,married,basic.9y,no,no,no,cellular,mar,wed,-2,4485,42,104,2,nonexistent,1,0.502354,POSITIVE
retired,married,high.school,unknown,unknown,unknown,telephone,apr,thu,-1,4493,42,97,3,nonexistent,0,0.494291,NEGATIVE
retired,married,high.school,unknown,unknown,unknown,telephone,apr,thu,-1,4493,42,97,3,nonexistent,1,0.508152,POSITIVE
admin.,divorced,basic.4y,no,no,no,cellular,jan,mon,-3,4455,41,102,0,failure,0,0.488405,NEGATIVE
admin.,divorced,basic.4y,no,no,no,cellular,jan,mon,-3,4455,41,102,0,failure,1,0.501120,POSITIVE
admin.,divorced,basic.4y,no,no,no,cellular,jan,mon,-3,4455,41,94,0,failure,0,0.494907,NEGATIVE
admin.,divorced,basic.4y,no,no,no,cellular,jan,mon,-3,4455,41,94,0,failure,1,0.507623,POSITIVE
management,married,basic.9y,no,no,no,cellular,sep,wed,-2,4407,39,99,2,nonexistent,0,0.489817,NEGATIVE
management,married,basic.9y,no,no,no,cellular,sep,wed,-2,4407,39,99,2,nonexistent,1,0.502287,POSITIVE
retired,married,high.school,unknown,unknown,unknown,telephone,apr,thu,-1,4415,41,101,3,nonexistent,0,0.491666,NEGATIVE
retired,married,high.school,unknown,unknown,unknown,telephone,apr,thu,-1,4415,41,101,3,nonexistent,1,0.504137,POSITIVE
admin.,divorced,basic.4y,no,no,no,cellular,jul,mon,-3,4611,42,79,0,failure,0,0.492984,NEGATIVE
admin.,divorced,basic.4y,no,no,no,cellular,jul,mon,-3,4611,42,79,0,failure,1,0.505700,POSITIVE
retired,married,high.school,unknown,unknown,unknown,telephone,apr,thu,-1,4649,44,90,3,nonexistent,0,0.491000,NEGATIVE
retired,married,high.school,unknown,unknown,unknown,telephone,apr,thu,-1,4649,44,90,3,nonexistent,1,0.504097,POSITIVE
retired,married,high.school,unknown,unknown,unknown,telephone,apr,thu,-1,4649,44,82,3,nonexistent,0,0.495552,NEGATIVE
retired,married,high.school,unknown,unknown,unknown,telephone,apr,thu,-1,4649,44,82,3,nonexistent,1,0.508268,POSITIVE
retired,married,high.school,unknown,unknown,unknown,telephone,oct,thu,-1,4571,42,90,3,nonexistent,0,0.493896,NEGATIVE
retired,married,high.school,unknown,unknown,unknown,telephone,oct,thu,-1,4571,42,90,3,nonexistent,1,0.506368,POSITIVE
management,married,basic.9y,no,no,no,cellular,sep,wed,-2,4563,42,81,2,nonexistent,0,0.490450,NEGATIVE
management,married,basic.9y,no,no,no,cellular,sep,wed,-2,4563,42,81,2,nonexistent,1,0.503545,POSITIVE
technician,single,professional.course,unknown,unknown,unknown,telephone,nov,(null),0,4602,40,92,6,success,0,0.497315,NEGATIVE
technician,single,professional.course,unknown,unknown,unknown,telephone,nov,(null),0,4602,40,92,6,success,1,0.509786,POSITIVE
blue-collar,divorced,basic.6y,no,no,no,cellular,oct,tue,-3,4540,41,79,0,failure,0,0.498939,NEGATIVE
blue-collar,divorced,basic.6y,no,no,no,cellular,oct,tue,-3,4540,41,79,0,failure,1,0.511654,POSITIVE
admin.,divorced,basic.4y,no,no,no,cellular,jan,mon,-3,4533,42,79,0,failure,0,0.496331,NEGATIVE
admin.,divorced,basic.4y,no,no,no,cellular,jan,mon,-3,4533,42,79,0,failure,1,0.509047,POSITIVE
admin.,divorced,basic.4y,no,no,no,cellular,jul,mon,-3,4611,42,71,0,failure,0,0.499486,NEGATIVE
admin.,divorced,basic.4y,no,no,no,cellular,jul,mon,-3,4611,42,71,0,failure,1,0.512201,POSITIVE
self-employed,married,illiterate,unknown,unknown,unknown,telephone,oct,fri,-1,4657,44,67,4,nonexistent,0,0.489148,NEGATIVE
self-employed,married,illiterate,unknown,unknown,unknown,telephone,oct,fri,-1,4657,44,67,4,nonexistent,1,0.502243,POSITIVE
management,married,basic.9y,no,no,no,cellular,mar,wed,-2,4641,44,68,2,nonexistent,0,0.495839,NEGATIVE
management,married,basic.9y,no,no,no,cellular,mar,wed,-2,4641,44,68,2,nonexistent,1,0.508555,POSITIVE
student,single,professional.course,unknown,unknown,unknown,telephone,nov,(null),0,4594,42,74,5,success,0,0.486688,NEGATIVE
student,single,professional.course,unknown,unknown,unknown,telephone,nov,(null),0,4594,42,74,5,success,1,0.500955,POSITIVE
services,married,illiterate,unknown,unknown,unknown,telephone,apr,fri,-1,4586,44,73,4,nonexistent,0,0.496993,NEGATIVE
services,married,illiterate,unknown,unknown,unknown,telephone,apr,fri,-1,4586,44,73,4,nonexistent,1,0.510088,POSITIVE
entrepreneur,divorced,basic.6y,no,no,no,cellular,aug,tue,-3,4470,41,88,1,failure,0,0.488017,NEGATIVE
entrepreneur,divorced,basic.6y,no,no,no,cellular,aug,tue,-3,4470,41,88,1,failure,1,0.501112,POSITIVE
technician,single,professional.course,unknown,unknown,unknown,telephone,nov,(null),0,4524,39,92,6,success,0,0.489927,NEGATIVE
technician,single,professional.course,unknown,unknown,unknown,telephone,nov,(null),0,4524,39,92,6,success,1,0.502397,POSITIVE
entrepreneur,divorced,basic.6y,no,no,no,cellular,aug,tue,-3,4470,41,80,1,failure,0,0.494157,NEGATIVE
entrepreneur,divorced,basic.6y,no,no,no,cellular,aug,tue,-3,4470,41,80,1,failure,1,0.506873,POSITIVE
retired,married,high.school,unknown,unknown,unknown,telephone,apr,thu,-1,4493,42,90,3,nonexistent,0,0.493521,NEGATIVE
retired,married,high.school,unknown,unknown,unknown,telephone,apr,thu,-1,4493,42,90,3,nonexistent,1,0.506617,POSITIVE
services,married,illiterate,unknown,unknown,unknown,telephone,apr,fri,-1,4508,43,83,4,nonexistent,0,0.487438,NEGATIVE
services,married,illiterate,unknown,unknown,unknown,telephone,apr,fri,-1,4508,43,83,4,nonexistent,1,0.500533,POSITIVE
blue-collar,divorced,basic.6y,no,no,no,cellular,apr,tue,-3,4462,41,87,0,failure,0,0.495865,NEGATIVE
blue-collar,divorced,basic.6y,no,no,no,cellular,apr,tue,-3,4462,41,87,0,failure,1,0.508581,POSITIVE
admin.,divorced,basic.4y,no,no,no,cellular,apr,mon,-3,4455,41,79,0,failure,0,0.490512,NEGATIVE
admin.,divorced,basic.4y,no,no,no,cellular,apr,mon,-3,4455,41,79,0,failure,1,0.503228,POSITIVE
retired,married,high.school,unknown,unknown,unknown,telephone,jul,thu,-1,4415,41,86,3,nonexistent,0,0.493317,NEGATIVE
retired,married,high.school,unknown,unknown,unknown,telephone,jul,thu,-1,4415,41,86,3,nonexistent,1,0.506413,POSITIVE
self-employed,married,illiterate,unknown,unknown,unknown,telephone,oct,fri,-1,4501,42,67,4,nonexistent,0,0.487816,NEGATIVE
self-employed,married,illiterate,unknown,unknown,unknown,telephone,oct,fri,-1,4501,42,67,4,nonexistent,1,0.500911,POSITIVE
blue-collar,divorced,basic.6y,no,no,no,cellular,jul,tue,-3,4462,41,71,0,failure,0,0.490544,NEGATIVE
blue-collar,divorced,basic.6y,no,no,no,cellular,jul,tue,-3,4462,41,71,0,failure,1,0.503260,POSITIVE
blue-collar,divorced,basic.6y,no,no,no,cellular,jul,tue,-3,4462,41,63,0,failure,0,0.497046,NEGATIVE
blue-collar,divorced,basic.6y,no,no,no,cellular,jul,tue,-3,4462,41,63,0,failure,1,0.509761,POSITIVE
self-employed,married,illiterate,unknown,unknown,unknown,telephone,apr,fri,-1,4501,43,71,4,nonexistent,0,0.488087,NEGATIVE
self-employed,married,illiterate,unknown,unknown,unknown,telephone,apr,fri,-1,4501,43,71,4,nonexistent,1,0.501183,POSITIVE
self-employed,married,illiterate,unknown,unknown,unknown,telephone,aug,fri,-1,4422,41,71,4,nonexistent,0,0.491116,NEGATIVE
self-employed,married,illiterate,unknown,unknown,unknown,telephone,aug,fri,-1,4422,41,71,4,nonexistent,1,0.504212,POSITIVE
management,single,professional.course,unknown,unknown,unknown,telephone,nov,(null),0,4602,38,123,6,success,0,0.495352,NEGATIVE
management,single,professional.course,unknown,unknown,unknown,telephone,nov,(null),0,4602,38,123,6,success,1,0.507823,POSITIVE
technician,single,professional.course,unknown,unknown,unknown,telephone,dec,(null),0,4602,38,116,6,success,0,0.494018,NEGATIVE
technician,single,professional.course,unknown,unknown,unknown,telephone,dec,(null),0,4602,38,116,6,success,1,0.506488,POSITIVE
services,married,illiterate,unknown,unknown,unknown,telephone,oct,fri,-1,4508,37,119,4,nonexistent,0,0.498105,NEGATIVE
services,married,illiterate,unknown,unknown,unknown,telephone,oct,fri,-1,4508,37,119,4,nonexistent,1,0.510574,POSITIVE
services,married,illiterate,unknown,unknown,unknown,telephone,oct,fri,-1,4430,36,119,4,nonexistent,0,0.490327,NEGATIVE
services,married,illiterate,unknown,unknown,unknown,telephone,oct,fri,-1,4430,36,119,4,nonexistent,1,0.502798,POSITIVE
technician,single,professional.course,unknown,unknown,unknown,telephone,jun,(null),0,4438,37,122,5,success,0,0.493904,NEGATIVE
technician,single,professional.course,unknown,unknown,unknown,telephone,jun,(null),0,4438,37,122,5,success,1,0.506375,POSITIVE
technician,single,professional.course,unknown,unknown,unknown,telephone,nov,(null),0,4524,38,108,6,success,0,0.499328,NEGATIVE
technician,single,professional.course,unknown,unknown,unknown,telephone,nov,(null),0,4524,38,108,6,success,1,0.511797,POSITIVE
technician,single,professional.course,unknown,unknown,unknown,telephone,nov,(null),0,4446,38,100,6,success,0,0.492894,NEGATIVE
technician,single,professional.course,unknown,unknown,unknown,telephone,nov,(null),0,4446,38,100,6,success,1,0.505366,POSITIVE
unemployed,single,professional.course,unknown,unknown,unknown,telephone,may,(null),0,4996,48,45,6,success,0,0.491472,NEGATIVE
unemployed,single,professional.course,unknown,unknown,unknown,telephone,may,(null),0,4996,48,45,6,success,1,0.504188,POSITIVE
admin.,divorced,basic.4y,no,no,no,cellular,jul,mon,-3,4923,45,32,0,failure,0,0.495764,NEGATIVE
admin.,divorced,basic.4y,no,no,no,cellular,jul,mon,-3,4923,45,32,0,failure,1,0.510121,POSITIVE
housemaid,married,basic.9y,no,no,no,cellular,feb,wed,-2,4973,47,52,2,nonexistent,0,0.493321,NEGATIVE
housemaid,married,basic.9y,no,no,no,cellular,feb,wed,-2,4973,47,52,2,nonexistent,1,0.506304,POSITIVE
services,married,basic.9y,no,no,no,cellular,feb,wed,-2,4934,47,52,2,nonexistent,0,0.492697,NEGATIVE
services,married,basic.9y,no,no,no,cellular,feb,wed,-2,4934,47,52,2,nonexistent,1,0.505680,POSITIVE
housemaid,married,high.school,unknown,unknown,unknown,telephone,apr,thu,-1,4942,47,55,3,nonexistent,0,0.495511,NEGATIVE
housemaid,married,high.school,unknown,unknown,unknown,telephone,apr,thu,-1,4942,47,55,3,nonexistent,1,0.508495,POSITIVE
housemaid,married,basic.9y,no,no,no,cellular,feb,wed,-2,4973,47,36,2,nonexistent,0,0.493071,NEGATIVE
housemaid,married,basic.9y,no,no,no,cellular,feb,wed,-2,4973,47,36,2,nonexistent,1,0.506170,POSITIVE
management,married,basic.9y,no,no,no,cellular,mar,wed,-2,4938,47,37,2,nonexistent,0,0.491212,NEGATIVE
management,married,basic.9y,no,no,no,cellular,mar,wed,-2,4938,47,37,2,nonexistent,1,0.504195,POSITIVE
entrepreneur,divorced,basic.6y,no,no,no,cellular,mar,tue,-3,4860,45,37,1,failure,0,0.499565,NEGATIVE
entrepreneur,divorced,basic.6y,no,no,no,cellular,mar,tue,-3,4860,45,37,1,failure,1,0.513919,POSITIVE
technician,single,professional.course,unknown,unknown,unknown,telephone,may,(null),0,4996,48,29,6,success,0,0.490342,NEGATIVE
technician,single,professional.course,unknown,unknown,unknown,telephone,may,(null),0,4996,48,29,6,success,1,0.503324,POSITIVE
technician,single,professional.course,unknown,unknown,unknown,telephone,may,(null),0,4996,48,13,6,success,0,0.490087,NEGATIVE
technician,single,professional.course,unknown,unknown,unknown,telephone,may,(null),0,4996,48,13,6,success,1,0.503070,POSITIVE
self-employed,married,illiterate,unknown,unknown,unknown,telephone,oct,fri,-1,4969,47,24,4,nonexistent,0,0.496516,NEGATIVE
self-employed,married,illiterate,unknown,unknown,unknown,telephone,oct,fri,-1,4969,47,24,4,nonexistent,1,0.509499,POSITIVE
retired,married,high.school,unknown,unknown,unknown,telephone,oct,thu,-1,4981,47,7,3,nonexistent,0,0.489907,NEGATIVE
retired,married,high.school,unknown,unknown,unknown,telephone,oct,thu,-1,4981,47,7,3,nonexistent,1,0.502890,POSITIVE
self-employed,married,illiterate,unknown,unknown,unknown,telephone,oct,fri,-1,4945,47,8,4,nonexistent,0,0.488049,NEGATIVE
self-employed,married,illiterate,unknown,unknown,unknown,telephone,oct,fri,-1,4945,47,8,4,nonexistent,1,0.501031,POSITIVE
housemaid,married,basic.9y,no,no,no,cellular,feb,wed,-2,4973,47,20,2,nonexistent,0,0.496273,NEGATIVE
housemaid,married,basic.9y,no,no,no,cellular,feb,wed,-2,4973,47,20,2,nonexistent,1,0.510630,POSITIVE
management,married,basic.9y,no,no,no,cellular,mar,wed,-2,4938,47,21,2,nonexistent,0,0.490958,NEGATIVE
management,married,basic.9y,no,no,no,cellular,mar,wed,-2,4938,47,21,2,nonexistent,1,0.505187,POSITIVE
blue-collar,divorced,basic.6y,no,no,no,cellular,jan,tue,-3,4965,47,1,0,failure,0,0.496398,NEGATIVE
blue-collar,divorced,basic.6y,no,no,no,cellular,jan,tue,-3,4965,47,1,0,failure,1,0.502840,POSITIVE
management,married,basic.9y,no,no,no,cellular,mar,wed,-2,4938,47,5,2,nonexistent,0,0.495291,NEGATIVE
management,married,basic.9y,no,no,no,cellular,mar,wed,-2,4938,47,5,2,nonexistent,1,0.509647,POSITIVE
management,married,basic.9y,no,no,no,cellular,sep,wed,-2,4875,45,12,2,nonexistent,0,0.488981,NEGATIVE
management,married,basic.9y,no,no,no,cellular,sep,wed,-2,4875,45,12,2,nonexistent,1,0.501963,POSITIVE
retired,married,high.school,unknown,unknown,unknown,telephone,apr,thu,-1,4903,47,23,3,nonexistent,0,0.489099,NEGATIVE
retired,married,high.school,unknown,unknown,unknown,telephone,apr,thu,-1,4903,47,23,3,nonexistent,1,0.502081,POSITIVE
self-employed,married,illiterate,unknown,unknown,unknown,telephone,apr,fri,-1,4867,47,24,4,nonexistent,0,0.487240,NEGATIVE
self-employed,married,illiterate,unknown,unknown,unknown,telephone,apr,fri,-1,4867,47,24,4,nonexistent,1,0.500222,POSITIVE
retired,married,high.school,unknown,unknown,unknown,telephone,apr,thu,-1,4903,47,7,3,nonexistent,0,0.489848,NEGATIVE
retired,married,high.school,unknown,unknown,unknown,telephone,apr,thu,-1,4903,47,7,3,nonexistent,1,0.504204,POSITIVE
services,married,illiterate,unknown,unknown,unknown,telephone,apr,fri,-1,4871,47,10,4,nonexistent,0,0.498815,NEGATIVE
services,married,illiterate,unknown,unknown,unknown,telephone,apr,fri,-1,4871,47,10,4,nonexistent,1,0.511797,POSITIVE
self-employed,married,illiterate,unknown,unknown,unknown,telephone,oct,fri,-1,4813,45,56,4,nonexistent,0,0.488981,NEGATIVE
self-employed,married,illiterate,unknown,unknown,unknown,telephone,oct,fri,-1,4813,45,56,4,nonexistent,1,0.501696,POSITIVE
self-employed,married,illiterate,unknown,unknown,unknown,telephone,oct,fri,-1,4813,45,40,4,nonexistent,0,0.496139,NEGATIVE
self-employed,married,illiterate,unknown,unknown,unknown,telephone,oct,fri,-1,4813,45,40,4,nonexistent,1,0.509122,POSITIVE
management,married,basic.9y,no,no,no,cellular,mar,wed,-2,4797,45,43,2,nonexistent,0,0.488420,NEGATIVE
management,married,basic.9y,no,no,no,cellular,mar,wed,-2,4797,45,43,2,nonexistent,1,0.501402,POSITIVE
student,single,professional.course,unknown,unknown,unknown,telephone,sep,(null),0,4758,45,59,5,success,0,0.489993,NEGATIVE
student,single,professional.course,unknown,unknown,unknown,telephone,sep,(null),0,4758,45,59,5,success,1,0.503089,POSITIVE
services,married,basic.9y,no,no,no,cellular,feb,wed,-2,4739,45,52,2,nonexistent,0,0.489975,NEGATIVE
services,married,basic.9y,no,no,no,cellular,feb,wed,-2,4739,45,52,2,nonexistent,1,0.502957,POSITIVE
housemaid,married,illiterate,unknown,unknown,unknown,telephone,apr,fri,-1,4750,45,56,4,nonexistent,0,0.491464,NEGATIVE
housemaid,married,illiterate,unknown,unknown,unknown,telephone,apr,fri,-1,4750,45,56,4,nonexistent,1,0.504447,POSITIVE
student,married,illiterate,unknown,unknown,unknown,telephone,apr,fri,-1,4711,45,56,4,nonexistent,0,0.488248,NEGATIVE
student,married,illiterate,unknown,unknown,unknown,telephone,apr,fri,-1,4711,45,56,4,nonexistent,1,0.500963,POSITIVE
technician,single,professional.course,unknown,unknown,unknown,telephone,nov,(null),0,4758,45,45,6,success,0,0.492545,NEGATIVE
technician,single,professional.course,unknown,unknown,unknown,telephone,nov,(null),0,4758,45,45,6,success,1,0.505641,POSITIVE
technician,married,illiterate,unknown,unknown,unknown,telephone,apr,fri,-1,4754,46,42,4,nonexistent,0,0.487053,NEGATIVE
technician,married,illiterate,unknown,unknown,unknown,telephone,apr,fri,-1,4754,46,42,4,nonexistent,1,0.500034,POSITIVE
student,married,high.school,unknown,unknown,unknown,telephone,apr,thu,-1,4708,45,39,3,nonexistent,0,0.488232,NEGATIVE
student,married,high.school,unknown,unknown,unknown,telephone,apr,thu,-1,4708,45,39,3,nonexistent,1,0.501213,POSITIVE
technician,single,professional.course,unknown,unknown,unknown,telephone,nov,(null),0,4828,46,29,6,success,0,0.488983,NEGATIVE
technician,single,professional.course,unknown,unknown,unknown,telephone,nov,(null),0,4828,46,29,6,success,1,0.501965,POSITIVE
technician,single,professional.course,unknown,unknown,unknown,telephone,nov,(null),0,4828,46,13,6,success,0,0.488728,NEGATIVE
technician,single,professional.course,unknown,unknown,unknown,telephone,nov,(null),0,4828,46,13,6,success,1,0.501710,POSITIVE
blue-collar,divorced,basic.6y,no,no,no,cellular,jul,tue,-3,4774,44,49,0,failure,0,0.492255,NEGATIVE
blue-collar,divorced,basic.6y,no,no,no,cellular,jul,tue,-3,4774,44,49,0,failure,1,0.505238,POSITIVE
blue-collar,divorced,basic.6y,no,no,no,cellular,jul,tue,-3,4774,44,33,0,failure,0,0.492002,NEGATIVE
blue-collar,divorced,basic.6y,no,no,no,cellular,jul,tue,-3,4774,44,33,0,failure,1,0.504985,POSITIVE
housemaid,married,basic.9y,no,no,no,cellular,aug,wed,-2,4712,44,52,2,nonexistent,0,0.491271,NEGATIVE
housemaid,married,basic.9y,no,no,no,cellular,aug,wed,-2,4712,44,52,2,nonexistent,1,0.504254,POSITIVE
housemaid,married,basic.9y,no,no,no,cellular,aug,wed,-2,4712,44,36,2,nonexistent,0,0.491021,NEGATIVE
housemaid,married,basic.9y,no,no,no,cellular,aug,wed,-2,4712,44,36,2,nonexistent,1,0.504004,POSITIVE
admin.,divorced,basic.4y,no,no,no,cellular,jan,mon,-3,4728,44,48,0,failure,0,0.493377,NEGATIVE
admin.,divorced,basic.4y,no,no,no,cellular,jan,mon,-3,4728,44,48,0,failure,1,0.507734,POSITIVE
blue-collar,divorced,basic.6y,no,no,no,cellular,jan,tue,-3,4692,44,49,0,failure,0,0.489823,NEGATIVE
blue-collar,divorced,basic.6y,no,no,no,cellular,jan,tue,-3,4692,44,49,0,failure,1,0.502805,POSITIVE
admin.,divorced,basic.4y,no,no,no,cellular,jan,mon,-3,4728,44,32,0,failure,0,0.497838,NEGATIVE
admin.,divorced,basic.4y,no,no,no,cellular,jan,mon,-3,4728,44,32,0,failure,1,0.512194,POSITIVE
blue-collar,divorced,basic.6y,no,no,no,cellular,jan,tue,-3,4692,44,33,0,failure,0,0.492395,NEGATIVE
blue-collar,divorced,basic.6y,no,no,no,cellular,jan,tue,-3,4692,44,33,0,failure,1,0.506752,POSITIVE
blue-collar,divorced,basic.6y,no,no,no,cellular,jul,tue,-3,4774,44,17,0,failure,0,0.492970,NEGATIVE
blue-collar,divorced,basic.6y,no,no,no,cellular,jul,tue,-3,4774,44,17,0,failure,1,0.507327,POSITIVE
blue-collar,divorced,basic.6y,no,no,no,cellular,jul,tue,-3,4774,44,1,0,failure,0,0.497431,NEGATIVE
blue-collar,divorced,basic.6y,no,no,no,cellular,jul,tue,-3,4774,44,1,0,failure,1,0.511787,POSITIVE
housemaid,married,basic.9y,no,no,no,cellular,aug,wed,-2,4712,44,20,2,nonexistent,0,0.490767,NEGATIVE
housemaid,married,basic.9y,no,no,no,cellular,aug,wed,-2,4712,44,20,2,nonexistent,1,0.503750,POSITIVE
entrepreneur,divorced,basic.6y,no,no,no,cellular,aug,tue,-3,4735,44,2,1,failure,0,0.490365,NEGATIVE
entrepreneur,divorced,basic.6y,no,no,no,cellular,aug,tue,-3,4735,44,2,1,failure,1,0.504721,POSITIVE
management,married,basic.9y,no,no,no,cellular,sep,wed,-2,4704,44,5,2,nonexistent,0,0.498236,NEGATIVE
management,married,basic.9y,no,no,no,cellular,sep,wed,-2,4704,44,5,2,nonexistent,1,0.511218,POSITIVE
blue-collar,divorced,basic.6y,no,no,no,cellular,jan,tue,-3,4692,44,17,0,failure,0,0.496855,NEGATIVE
blue-collar,divorced,basic.6y,no,no,no,cellular,jan,tue,-3,4692,44,17,0,failure,1,0.511211,POSITIVE
technician,single,professional.course,unknown,unknown,unknown,telephone,may,(null),0,4680,45,43,5,success,0,0.491248,NEGATIVE
technician,single,professional.course,unknown,unknown,unknown,telephone,may,(null),0,4680,45,43,5,success,1,0.503964,POSITIVE
technician,single,professional.course,unknown,unknown,unknown,telephone,may,(null),0,4680,45,27,5,success,0,0.492579,NEGATIVE
technician,single,professional.course,unknown,unknown,unknown,telephone,may,(null),0,4680,45,27,5,success,1,0.505563,POSITIVE
student,single,professional.course,unknown,unknown,unknown,telephone,may,(null),0,4680,45,11,5,success,0,0.488593,NEGATIVE
student,single,professional.course,unknown,unknown,unknown,telephone,may,(null),0,4680,45,11,5,success,1,0.501575,POSITIVE
self-employed,married,illiterate,unknown,unknown,unknown,telephone,oct,fri,-1,4657,44,56,4,nonexistent,0,0.494378,NEGATIVE
self-employed,married,illiterate,unknown,unknown,unknown,telephone,oct,fri,-1,4657,44,56,4,nonexistent,1,0.507474,POSITIVE
admin.,divorced,basic.4y,no,no,no,cellular,oct,mon,-3,4611,42,48,0,failure,0,0.488465,NEGATIVE
admin.,divorced,basic.4y,no,no,no,cellular,oct,mon,-3,4611,42,48,0,failure,1,0.501447,POSITIVE
retired,married,high.school,unknown,unknown,unknown,telephone,oct,thu,-1,4649,44,39,3,nonexistent,0,0.490041,NEGATIVE
retired,married,high.school,unknown,unknown,unknown,telephone,oct,thu,-1,4649,44,39,3,nonexistent,1,0.503024,POSITIVE
entrepreneur,divorced,basic.6y,no,no,no,cellular,feb,tue,-3,4657,44,50,1,failure,0,0.487962,NEGATIVE
entrepreneur,divorced,basic.6y,no,no,no,cellular,feb,tue,-3,4657,44,50,1,failure,1,0.500944,POSITIVE
services,divorced,basic.6y,no,no,no,cellular,feb,tue,-3,4618,44,50,1,failure,0,0.489204,NEGATIVE
services,divorced,basic.6y,no,no,no,cellular,feb,tue,-3,4618,44,50,1,failure,1,0.502187,POSITIVE
entrepreneur,married,basic.9y,no,no,no,cellular,mar,wed,-2,4626,44,53,2,nonexistent,0,0.491707,NEGATIVE
entrepreneur,married,basic.9y,no,no,no,cellular,mar,wed,-2,4626,44,53,2,nonexistent,1,0.504691,POSITIVE
entrepreneur,divorced,basic.6y,no,no,no,cellular,feb,tue,-3,4657,44,34,1,failure,0,0.487711,NEGATIVE
entrepreneur,divorced,basic.6y,no,no,no,cellular,feb,tue,-3,4657,44,34,1,failure,1,0.501308,POSITIVE
services,divorced,basic.6y,no,no,no,cellular,feb,tue,-3,4618,44,34,1,failure,0,0.488953,NEGATIVE
services,divorced,basic.6y,no,no,no,cellular,feb,tue,-3,4618,44,34,1,failure,1,0.501936,POSITIVE
entrepreneur,married,basic.9y,no,no,no,cellular,mar,wed,-2,4626,44,37,2,nonexistent,0,0.491459,NEGATIVE
entrepreneur,married,basic.9y,no,no,no,cellular,mar,wed,-2,4626,44,37,2,nonexistent,1,0.504443,POSITIVE
housemaid,married,basic.9y,no,no,no,cellular,aug,wed,-2,4556,42,40,2,nonexistent,0,0.490461,NEGATIVE
housemaid,married,basic.9y,no,no,no,cellular,aug,wed,-2,4556,42,40,2,nonexistent,1,0.503444,POSITIVE
student,married,basic.9y,no,no,no,cellular,mar,wed,-2,4587,44,53,2,nonexistent,0,0.494779,NEGATIVE
student,married,basic.9y,no,no,no,cellular,mar,wed,-2,4587,44,53,2,nonexistent,1,0.507496,POSITIVE
housemaid,married,high.school,unknown,unknown,unknown,telephone,apr,thu,-1,4591,44,55,3,nonexistent,0,0.488292,NEGATIVE
housemaid,married,high.school,unknown,unknown,unknown,telephone,apr,thu,-1,4591,44,55,3,nonexistent,1,0.501274,POSITIVE
student,married,illiterate,unknown,unknown,unknown,telephone,apr,fri,-1,4555,44,56,4,nonexistent,0,0.493544,NEGATIVE
student,married,illiterate,unknown,unknown,unknown,telephone,apr,fri,-1,4555,44,56,4,nonexistent,1,0.506261,POSITIVE
housemaid,married,illiterate,unknown,unknown,unknown,telephone,apr,fri,-1,4559,44,57,4,nonexistent,0,0.489635,NEGATIVE
housemaid,married,illiterate,unknown,unknown,unknown,telephone,apr,fri,-1,4559,44,57,4,nonexistent,1,0.502351,POSITIVE
student,married,basic.9y,no,no,no,cellular,mar,wed,-2,4587,44,37,2,nonexistent,0,0.495191,NEGATIVE
student,married,basic.9y,no,no,no,cellular,mar,wed,-2,4587,44,37,2,nonexistent,1,0.508174,POSITIVE
housemaid,married,high.school,unknown,unknown,unknown,telephone,apr,thu,-1,4591,44,39,3,nonexistent,0,0.488046,NEGATIVE
housemaid,married,high.school,unknown,unknown,unknown,telephone,apr,thu,-1,4591,44,39,3,nonexistent,1,0.501028,POSITIVE
student,married,high.school,unknown,unknown,unknown,telephone,apr,thu,-1,4552,44,39,3,nonexistent,0,0.491465,NEGATIVE
student,married,high.school,unknown,unknown,unknown,telephone,apr,thu,-1,4552,44,39,3,nonexistent,1,0.504449,POSITIVE
housemaid,married,illiterate,unknown,unknown,unknown,telephone,apr,fri,-1,4559,44,42,4,nonexistent,0,0.494905,NEGATIVE
housemaid,married,illiterate,unknown,unknown,unknown,telephone,apr,fri,-1,4559,44,42,4,nonexistent,1,0.507888,POSITIVE
retired,married,high.school,unknown,unknown,unknown,telephone,oct,thu,-1,4649,44,23,3,nonexistent,0,0.489787,NEGATIVE
retired,married,high.school,unknown,unknown,unknown,telephone,oct,thu,-1,4649,44,23,3,nonexistent,1,0.502769,POSITIVE
entrepreneur,divorced,basic.6y,no,no,no,cellular,feb,tue,-3,4657,44,18,1,failure,0,0.491412,NEGATIVE
entrepreneur,divorced,basic.6y,no,no,no,cellular,feb,tue,-3,4657,44,18,1,failure,1,0.505769,POSITIVE
housemaid,married,basic.9y,no,no,no,cellular,feb,wed,-2,4622,44,20,2,nonexistent,0,0.485971,NEGATIVE
housemaid,married,basic.9y,no,no,no,cellular,feb,wed,-2,4622,44,20,2,nonexistent,1,0.500325,POSITIVE
retired,married,high.school,unknown,unknown,unknown,telephone,oct,thu,-1,4669,44,7,3,nonexistent,0,0.496377,NEGATIVE
retired,married,high.school,unknown,unknown,unknown,telephone,oct,thu,-1,4669,44,7,3,nonexistent,1,0.509360,POSITIVE
self-employed,married,illiterate,unknown,unknown,unknown,telephone,oct,fri,-1,4633,44,8,4,nonexistent,0,0.494517,NEGATIVE
self-employed,married,illiterate,unknown,unknown,unknown,telephone,oct,fri,-1,4633,44,8,4,nonexistent,1,0.507501,POSITIVE
entrepreneur,divorced,basic.6y,no,no,no,cellular,feb,tue,-3,4657,44,2,1,failure,0,0.495872,NEGATIVE
entrepreneur,divorced,basic.6y,no,no,no,cellular,feb,tue,-3,4657,44,2,1,failure,1,0.510228,POSITIVE
admin.,divorced,basic.4y,no,no,no,cellular,jan,mon,-3,4611,44,0,0,failure,0,0.496376,NEGATIVE
admin.,divorced,basic.4y,no,no,no,cellular,jan,mon,-3,4611,44,0,0,failure,1,0.502817,POSITIVE
housemaid,married,basic.9y,no,no,no,cellular,aug,wed,-2,4556,42,9,2,nonexistent,0,0.489958,NEGATIVE
housemaid,married,basic.9y,no,no,no,cellular,aug,wed,-2,4556,42,9,2,nonexistent,1,0.502941,POSITIVE
retired,married,high.school,unknown,unknown,unknown,telephone,apr,thu,-1,4591,44,23,3,nonexistent,0,0.495568,NEGATIVE
retired,married,high.school,unknown,unknown,unknown,telephone,apr,thu,-1,4591,44,23,3,nonexistent,1,0.508551,POSITIVE
self-employed,married,illiterate,unknown,unknown,unknown,telephone,apr,fri,-1,4555,44,24,4,nonexistent,0,0.493708,NEGATIVE
self-employed,married,illiterate,unknown,unknown,unknown,telephone,apr,fri,-1,4555,44,24,4,nonexistent,1,0.506692,POSITIVE
retired,married,high.school,unknown,unknown,unknown,telephone,apr,thu,-1,4591,44,7,3,nonexistent,0,0.495779,NEGATIVE
retired,married,high.school,unknown,unknown,unknown,telephone,apr,thu,-1,4591,44,7,3,nonexistent,1,0.510135,POSITIVE
self-employed,married,illiterate,unknown,unknown,unknown,telephone,apr,fri,-1,4555,44,8,4,nonexistent,0,0.493454,NEGATIVE
self-employed,married,illiterate,unknown,unknown,unknown,telephone,apr,fri,-1,4555,44,8,4,nonexistent,1,0.506437,POSITIVE
retired,married,high.school,unknown,unknown,unknown,telephone,jul,thu,-1,4493,43,47,3,nonexistent,0,0.487223,NEGATIVE
retired,married,high.school,unknown,unknown,unknown,telephone,jul,thu,-1,4493,43,47,3,nonexistent,1,0.500204,POSITIVE
blue-collar,divorced,basic.6y,no,no,no,cellular,jul,tue,-3,4462,41,49,0,failure,0,0.498725,NEGATIVE
blue-collar,divorced,basic.6y,no,no,no,cellular,jul,tue,-3,4462,41,49,0,failure,1,0.511706,POSITIVE
blue-collar,divorced,basic.6y,no,no,no,cellular,jul,tue,-3,4462,41,33,0,failure,0,0.498472,NEGATIVE
blue-collar,divorced,basic.6y,no,no,no,cellular,jul,tue,-3,4462,41,33,0,failure,1,0.511454,POSITIVE
self-employed,married,illiterate,unknown,unknown,unknown,telephone,aug,fri,-1,4422,41,56,4,nonexistent,0,0.499102,NEGATIVE
self-employed,married,illiterate,unknown,unknown,unknown,telephone,aug,fri,-1,4422,41,56,4,nonexistent,1,0.511816,POSITIVE
services,married,illiterate,unknown,unknown,unknown,telephone,sep,fri,-1,4430,42,42,4,nonexistent,0,0.497509,NEGATIVE
services,married,illiterate,unknown,unknown,unknown,telephone,sep,fri,-1,4430,42,42,4,nonexistent,1,0.510224,POSITIVE
self-employed,married,illiterate,unknown,unknown,unknown,telephone,aug,fri,-1,4501,43,18,4,nonexistent,0,0.489582,NEGATIVE
self-employed,married,illiterate,unknown,unknown,unknown,telephone,aug,fri,-1,4501,43,18,4,nonexistent,1,0.502564,POSITIVE
services,married,illiterate,unknown,unknown,unknown,telephone,oct,fri,-1,4442,42,28,4,nonexistent,0,0.488454,NEGATIVE
services,married,illiterate,unknown,unknown,unknown,telephone,oct,fri,-1,4442,42,28,4,nonexistent,1,0.501436,POSITIVE
services,married,illiterate,unknown,unknown,unknown,telephone,oct,fri,-1,4442,42,20,4,nonexistent,0,0.488327,NEGATIVE
services,married,illiterate,unknown,unknown,unknown,telephone,oct,fri,-1,4442,42,20,4,nonexistent,1,0.501309,POSITIVE
technician,single,professional.course,unknown,unknown,unknown,telephone,nov,(null),0,4411,42,30,6,success,0,0.492475,NEGATIVE
technician,single,professional.course,unknown,unknown,unknown,telephone,nov,(null),0,4411,42,30,6,success,1,0.505572,POSITIVE
technician,single,professional.course,unknown,unknown,unknown,telephone,nov,(null),0,4411,42,22,6,success,0,0.491092,NEGATIVE
technician,single,professional.course,unknown,unknown,unknown,telephone,nov,(null),0,4411,42,22,6,success,1,0.504455,POSITIVE
student,married,illiterate,unknown,unknown,unknown,telephone,oct,fri,-1,4438,42,8,4,nonexistent,0,0.487663,NEGATIVE
student,married,illiterate,unknown,unknown,unknown,telephone,oct,fri,-1,4438,42,8,4,nonexistent,1,0.500645,POSITIVE
management,single,professional.course,unknown,unknown,unknown,telephone,nov,(null),0,4450,42,13,6,success,0,0.490090,NEGATIVE
management,single,professional.course,unknown,unknown,unknown,telephone,nov,(null),0,4450,42,13,6,success,1,0.503073,POSITIVE
unemployed,single,professional.course,unknown,unknown,unknown,telephone,nov,(null),0,4411,42,13,6,success,0,0.492231,NEGATIVE
unemployed,single,professional.course,unknown,unknown,unknown,telephone,nov,(null),0,4411,42,13,6,success,1,0.505214,POSITIVE
student,single,professional.course,unknown,unknown,unknown,telephone,may,(null),0,4438,43,24,5,success,0,0.488907,NEGATIVE
student,single,professional.course,unknown,unknown,unknown,telephone,may,(null),0,4438,43,24,5,success,1,0.501889,POSITIVE
admin.,divorced,basic.4y,no,no,no,cellular,jul,mon,-3,4455,41,16,0,failure,0,0.486487,NEGATIVE
admin.,divorced,basic.4y,no,no,no,cellular,jul,mon,-3,4455,41,16,0,failure,1,0.500842,POSITIVE
admin.,divorced,basic.4y,no,no,no,cellular,jul,mon,-3,4455,41,0,0,failure,0,0.490946,NEGATIVE
admin.,divorced,basic.4y,no,no,no,cellular,jul,mon,-3,4455,41,0,0,failure,1,0.505303,POSITIVE
housemaid,married,basic.9y,no,no,no,cellular,aug,wed,-2,4399,41,20,2,nonexistent,0,0.496990,NEGATIVE
housemaid,married,basic.9y,no,no,no,cellular,aug,wed,-2,4399,41,20,2,nonexistent,1,0.509974,POSITIVE
admin.,divorced,basic.4y,no,no,no,cellular,jan,mon,-3,4376,41,24,0,failure,0,0.497806,NEGATIVE
admin.,divorced,basic.4y,no,no,no,cellular,jan,mon,-3,4376,41,24,0,failure,1,0.503704,POSITIVE
entrepreneur,divorced,basic.6y,no,no,no,cellular,aug,tue,-3,4423,41,2,1,failure,0,0.496295,NEGATIVE
entrepreneur,divorced,basic.6y,no,no,no,cellular,aug,tue,-3,4423,41,2,1,failure,1,0.510652,POSITIVE
housemaid,married,basic.9y,no,no,no,cellular,aug,wed,-2,4387,41,4,2,nonexistent,0,0.492629,NEGATIVE
housemaid,married,basic.9y,no,no,no,cellular,aug,wed,-2,4387,41,4,2,nonexistent,1,0.505612,POSITIVE
admin.,divorced,basic.4y,no,no,no,cellular,jul,mon,-3,4298,39,110,0,failure,0,0.492979,NEGATIVE
admin.,divorced,basic.4y,no,no,no,cellular,jul,mon,-3,4298,39,110,0,failure,1,0.506841,POSITIVE
blue-collar,divorced,basic.6y,no,no,no,cellular,jan,tue,-3,4235,39,111,0,failure,0,0.496581,NEGATIVE
blue-collar,divorced,basic.6y,no,no,no,cellular,jan,tue,-3,4235,39,111,0,failure,1,0.510442,POSITIVE
entrepreneur,divorced,basic.6y,no,no,no,cellular,mar,tue,-3,4313,39,96,1,failure,0,0.488952,NEGATIVE
entrepreneur,divorced,basic.6y,no,no,no,cellular,mar,tue,-3,4313,39,96,1,failure,1,0.502508,POSITIVE
blue-collar,divorced,basic.6y,no,no,no,cellular,jan,tue,-3,4227,39,95,0,failure,0,0.487581,NEGATIVE
blue-collar,divorced,basic.6y,no,no,no,cellular,jan,tue,-3,4227,39,95,0,failure,1,0.500296,POSITIVE
management,married,basic.9y,no,no,no,cellular,mar,wed,-2,4172,39,96,2,nonexistent,0,0.496260,NEGATIVE
management,married,basic.9y,no,no,no,cellular,mar,wed,-2,4172,39,96,2,nonexistent,1,0.510121,POSITIVE
admin.,divorced,basic.4y,no,no,no,cellular,jul,mon,-3,4298,39,79,0,failure,0,0.495076,NEGATIVE
admin.,divorced,basic.4y,no,no,no,cellular,jul,mon,-3,4298,39,79,0,failure,1,0.507793,POSITIVE
housemaid,married,basic.9y,no,no,no,cellular,feb,wed,-2,4321,40,83,2,nonexistent,0,0.496002,NEGATIVE
housemaid,married,basic.9y,no,no,no,cellular,feb,wed,-2,4321,40,83,2,nonexistent,1,0.508718,POSITIVE
admin.,divorced,basic.4y,no,no,no,cellular,jan,mon,-3,4220,39,79,0,failure,0,0.498424,NEGATIVE
admin.,divorced,basic.4y,no,no,no,cellular,jan,mon,-3,4220,39,79,0,failure,1,0.511139,POSITIVE
housemaid,married,basic.9y,no,no,no,cellular,apr,wed,-2,4321,40,67,2,nonexistent,0,0.498811,NEGATIVE
housemaid,married,basic.9y,no,no,no,cellular,apr,wed,-2,4321,40,67,2,nonexistent,1,0.511526,POSITIVE
blue-collar,divorced,basic.6y,no,no,no,cellular,feb,tue,-3,4227,39,64,0,failure,0,0.497281,NEGATIVE
blue-collar,divorced,basic.6y,no,no,no,cellular,feb,tue,-3,4227,39,64,0,failure,1,0.509997,POSITIVE
management,married,basic.9y,no,no,no,cellular,mar,wed,-2,4172,39,89,2,nonexistent,0,0.489986,NEGATIVE
management,married,basic.9y,no,no,no,cellular,mar,wed,-2,4172,39,89,2,nonexistent,1,0.503847,POSITIVE
self-employed,married,illiterate,unknown,unknown,unknown,telephone,apr,fri,-1,4188,40,83,4,nonexistent,0,0.487351,NEGATIVE
self-employed,married,illiterate,unknown,unknown,unknown,telephone,apr,fri,-1,4188,40,83,4,nonexistent,1,0.500446,POSITIVE
self-employed,married,illiterate,unknown,unknown,unknown,telephone,oct,fri,-1,4188,39,67,4,nonexistent,0,0.489030,NEGATIVE
self-employed,married,illiterate,unknown,unknown,unknown,telephone,oct,fri,-1,4188,39,67,4,nonexistent,1,0.503298,POSITIVE
retired,married,high.school,unknown,unknown,unknown,telephone,apr,thu,-1,4180,40,70,3,nonexistent,0,0.488388,NEGATIVE
retired,married,high.school,unknown,unknown,unknown,telephone,apr,thu,-1,4180,40,70,3,nonexistent,1,0.501484,POSITIVE
student,married,illiterate,unknown,unknown,unknown,telephone,apr,fri,-1,4110,39,75,4,nonexistent,0,0.493175,NEGATIVE
student,married,illiterate,unknown,unknown,unknown,telephone,apr,fri,-1,4110,39,75,4,nonexistent,1,0.506271,POSITIVE
management,single,professional.course,unknown,unknown,unknown,telephone,may,(null),0,4125,39,76,5,success,0,0.493178,NEGATIVE
management,single,professional.course,unknown,unknown,unknown,telephone,may,(null),0,4125,39,76,5,success,1,0.506274,POSITIVE
self-employed,married,illiterate,unknown,unknown,unknown,telephone,apr,fri,-1,4110,39,67,4,nonexistent,0,0.490580,NEGATIVE
self-employed,married,illiterate,unknown,unknown,unknown,telephone,apr,fri,-1,4110,39,67,4,nonexistent,1,0.503676,POSITIVE
self-employed,married,illiterate,unknown,unknown,unknown,telephone,oct,fri,-1,4344,35,118,4,nonexistent,0,0.493234,NEGATIVE
self-employed,married,illiterate,unknown,unknown,unknown,telephone,oct,fri,-1,4344,35,118,4,nonexistent,1,0.505705,POSITIVE
services,married,illiterate,unknown,unknown,unknown,telephone,apr,fri,-1,4351,37,122,4,nonexistent,0,0.498928,NEGATIVE
services,married,illiterate,unknown,unknown,unknown,telephone,apr,fri,-1,4351,37,122,4,nonexistent,1,0.511398,POSITIVE
retired,married,high.school,unknown,unknown,unknown,telephone,oct,thu,-1,4258,35,117,3,nonexistent,0,0.497046,NEGATIVE
retired,married,high.school,unknown,unknown,unknown,telephone,oct,thu,-1,4258,35,117,3,nonexistent,1,0.509517,POSITIVE
self-employed,married,illiterate,unknown,unknown,unknown,telephone,apr,fri,-1,4266,37,118,4,nonexistent,0,0.499949,NEGATIVE
self-employed,married,illiterate,unknown,unknown,unknown,telephone,apr,fri,-1,4266,37,118,4,nonexistent,1,0.512419,POSITIVE
services,married,basic.9y,no,no,no,cellular,aug,wed,-2,4321,38,104,2,nonexistent,0,0.494384,NEGATIVE
services,married,basic.9y,no,no,no,cellular,aug,wed,-2,4321,38,104,2,nonexistent,1,0.506855,POSITIVE
technician,single,professional.course,unknown,unknown,unknown,telephone,sep,(null),0,4367,38,100,6,success,0,0.495363,NEGATIVE
technician,single,professional.course,unknown,unknown,unknown,telephone,sep,(null),0,4367,38,100,6,success,1,0.507834,POSITIVE
technician,single,professional.course,unknown,unknown,unknown,telephone,dec,(null),0,4367,36,100,6,success,0,0.493506,NEGATIVE
technician,single,professional.course,unknown,unknown,unknown,telephone,dec,(null),0,4367,36,100,6,success,1,0.505977,POSITIVE
admin.,divorced,basic.4y,no,no,no,cellular,jul,mon,-3,4220,38,102,0,failure,0,0.499569,NEGATIVE
admin.,divorced,basic.4y,no,no,no,cellular,jul,mon,-3,4220,38,102,0,failure,1,0.513428,POSITIVE
admin.,divorced,basic.4y,no,no,no,cellular,jul,mon,-3,4220,38,94,0,failure,0,0.494399,NEGATIVE
admin.,divorced,basic.4y,no,no,no,cellular,jul,mon,-3,4220,38,94,0,failure,1,0.507755,POSITIVE
technician,single,professional.course,unknown,unknown,unknown,telephone,dec,(null),0,4289,35,108,6,success,0,0.495421,NEGATIVE
technician,single,professional.course,unknown,unknown,unknown,telephone,dec,(null),0,4289,35,108,6,success,1,0.507892,POSITIVE
blue-collar,divorced,basic.6y,no,no,no,cellular,aug,tue,-3,4157,36,111,1,failure,0,0.493850,NEGATIVE
blue-collar,divorced,basic.6y,no,no,no,cellular,aug,tue,-3,4157,36,111,1,failure,1,0.506321,POSITIVE
student,married,illiterate,unknown,unknown,unknown,telephone,oct,fri,-1,4188,34,114,4,nonexistent,0,0.488826,NEGATIVE
student,married,illiterate,unknown,unknown,unknown,telephone,oct,fri,-1,4188,34,114,4,nonexistent,1,0.501296,POSITIVE
services,married,basic.9y,no,no,no,cellular,aug,wed,-2,4087,33,119,2,nonexistent,0,0.493194,NEGATIVE
services,married,basic.9y,no,no,no,cellular,aug,wed,-2,4087,33,119,2,nonexistent,1,0.504635,POSITIVE
retired,married,high.school,unknown,unknown,unknown,telephone,oct,thu,-1,4102,34,113,3,nonexistent,0,0.492483,NEGATIVE
retired,married,high.school,unknown,unknown,unknown,telephone,oct,thu,-1,4102,34,113,3,nonexistent,1,0.504954,POSITIVE
management,married,basic.9y,no,no,no,cellular,mar,wed,-2,4172,36,120,2,nonexistent,0,0.489379,NEGATIVE
management,married,basic.9y,no,no,no,cellular,mar,wed,-2,4172,36,120,2,nonexistent,1,0.501848,POSITIVE
services,married,basic.9y,no,no,no,cellular,may,wed,-2,4165,36,112,2,nonexistent,0,0.494442,NEGATIVE
services,married,basic.9y,no,no,no,cellular,may,wed,-2,4165,36,112,2,nonexistent,1,0.506914,POSITIVE
housemaid,married,illiterate,unknown,unknown,unknown,telephone,apr,fri,-1,4188,37,114,4,nonexistent,0,0.497827,NEGATIVE
housemaid,married,illiterate,unknown,unknown,unknown,telephone,apr,fri,-1,4188,37,114,4,nonexistent,1,0.510298,POSITIVE
self-employed,divorced,basic.6y,no,no,no,cellular,jan,tue,-3,4071,36,118,0,failure,0,0.492319,NEGATIVE
self-employed,divorced,basic.6y,no,no,no,cellular,jan,tue,-3,4071,36,118,0,failure,1,0.504790,POSITIVE
services,married,illiterate,unknown,unknown,unknown,telephone,apr,fri,-1,4117,34,122,4,nonexistent,0,0.499013,NEGATIVE
services,married,illiterate,unknown,unknown,unknown,telephone,apr,fri,-1,4117,34,122,4,nonexistent,1,0.510452,POSITIVE
management,married,basic.9y,no,no,no,cellular,sep,wed,-2,4172,36,99,2,nonexistent,0,0.498299,NEGATIVE
management,married,basic.9y,no,no,no,cellular,sep,wed,-2,4172,36,99,2,nonexistent,1,0.510769,POSITIVE
student,single,professional.course,unknown,unknown,unknown,telephone,nov,(null),0,4203,34,107,5,success,0,0.492181,NEGATIVE
student,single,professional.course,unknown,unknown,unknown,telephone,nov,(null),0,4203,34,107,5,success,1,0.504653,POSITIVE
technician,single,professional.course,unknown,unknown,unknown,telephone,dec,(null),0,4211,35,100,6,success,0,0.489118,NEGATIVE
technician,single,professional.course,unknown,unknown,unknown,telephone,dec,(null),0,4211,35,100,6,success,1,0.501589,POSITIVE
student,single,professional.course,unknown,unknown,unknown,telephone,may,(null),0,4203,36,105,5,success,0,0.494036,NEGATIVE
student,single,professional.course,unknown,unknown,unknown,telephone,may,(null),0,4203,36,105,5,success,1,0.506507,POSITIVE
blue-collar,divorced,basic.6y,no,no,no,cellular,aug,tue,-3,4079,36,103,1,failure,0,0.487547,NEGATIVE
blue-collar,divorced,basic.6y,no,no,no,cellular,aug,tue,-3,4079,36,103,1,failure,1,0.500017,POSITIVE
housemaid,married,illiterate,unknown,unknown,unknown,telephone,oct,fri,-1,4110,35,106,4,nonexistent,0,0.487809,NEGATIVE
housemaid,married,illiterate,unknown,unknown,unknown,telephone,oct,fri,-1,4110,35,106,4,nonexistent,1,0.500279,POSITIVE
management,single,professional.course,unknown,unknown,unknown,telephone,nov,(null),0,4133,33,108,6,success,0,0.493200,NEGATIVE
management,single,professional.course,unknown,unknown,unknown,telephone,nov,(null),0,4133,33,108,6,success,1,0.505671,POSITIVE
services,married,illiterate,unknown,unknown,unknown,telephone,oct,fri,-1,4117,35,98,4,nonexistent,0,0.488804,NEGATIVE
services,married,illiterate,unknown,unknown,unknown,telephone,oct,fri,-1,4117,35,98,4,nonexistent,1,0.501274,POSITIVE
services,married,illiterate,unknown,unknown,unknown,telephone,apr,fri,-1,4117,36,104,4,nonexistent,0,0.499031,NEGATIVE
services,married,illiterate,unknown,unknown,unknown,telephone,apr,fri,-1,4117,36,104,4,nonexistent,1,0.511501,POSITIVE
admin.,divorced,basic.4y,no,no,no,cellular,jul,mon,-3,4220,38,87,0,failure,0,0.499341,NEGATIVE
admin.,divorced,basic.4y,no,no,no,cellular,jul,mon,-3,4220,38,87,0,failure,1,0.512056,POSITIVE
technician,single,professional.course,unknown,unknown,unknown,telephone,nov,(null),0,4289,36,92,6,success,0,0.497633,NEGATIVE
technician,single,professional.course,unknown,unknown,unknown,telephone,nov,(null),0,4289,36,92,6,success,1,0.510104,POSITIVE
technician,single,professional.course,unknown,unknown,unknown,telephone,nov,(null),0,4289,37,85,6,success,0,0.488079,NEGATIVE
technician,single,professional.course,unknown,unknown,unknown,telephone,nov,(null),0,4289,37,85,6,success,1,0.500548,POSITIVE
admin.,divorced,basic.4y,no,no,no,cellular,oct,mon,-3,4220,38,71,0,failure,0,0.495759,NEGATIVE
admin.,divorced,basic.4y,no,no,no,cellular,oct,mon,-3,4220,38,71,0,failure,1,0.508475,POSITIVE
student,single,professional.course,unknown,unknown,unknown,telephone,oct,(null),0,4203,36,90,5,success,0,0.495024,NEGATIVE
student,single,professional.course,unknown,unknown,unknown,telephone,oct,(null),0,4203,36,90,5,success,1,0.507496,POSITIVE
management,married,basic.9y,no,no,no,cellular,nov,wed,-2,4094,36,89,2,nonexistent,0,0.494610,NEGATIVE
management,married,basic.9y,no,no,no,cellular,nov,wed,-2,4094,36,89,2,nonexistent,1,0.507080,POSITIVE
management,married,basic.9y,no,no,no,cellular,sep,wed,-2,4094,38,81,2,nonexistent,0,0.487926,NEGATIVE
management,married,basic.9y,no,no,no,cellular,sep,wed,-2,4094,38,81,2,nonexistent,1,0.500395,POSITIVE
services,married,illiterate,unknown,unknown,unknown,telephone,oct,fri,-1,4117,36,83,4,nonexistent,0,0.489540,NEGATIVE
services,married,illiterate,unknown,unknown,unknown,telephone,oct,fri,-1,4117,36,83,4,nonexistent,1,0.502010,POSITIVE
technician,single,professional.course,unknown,unknown,unknown,telephone,nov,(null),0,4133,35,92,6,success,0,0.493245,NEGATIVE
technician,single,professional.course,unknown,unknown,unknown,telephone,nov,(null),0,4133,35,92,6,success,1,0.505716,POSITIVE
student,single,professional.course,unknown,unknown,unknown,telephone,may,(null),0,4125,37,91,5,success,0,0.498702,NEGATIVE
student,single,professional.course,unknown,unknown,unknown,telephone,may,(null),0,4125,37,91,5,success,1,0.511172,POSITIVE
blue-collar,divorced,basic.6y,no,no,no,cellular,jan,tue,-3,4071,38,79,0,failure,0,0.489482,NEGATIVE
blue-collar,divorced,basic.6y,no,no,no,cellular,jan,tue,-3,4071,38,79,0,failure,1,0.502197,POSITIVE
technician,single,professional.course,unknown,unknown,unknown,telephone,nov,(null),0,4211,37,76,6,success,0,0.491232,NEGATIVE
technician,single,professional.course,unknown,unknown,unknown,telephone,nov,(null),0,4211,37,76,6,success,1,0.503703,POSITIVE
management,married,basic.9y,no,no,no,cellular,sep,wed,-2,4094,38,73,2,nonexistent,0,0.497679,NEGATIVE
management,married,basic.9y,no,no,no,cellular,sep,wed,-2,4094,38,73,2,nonexistent,1,0.510775,POSITIVE
housemaid,married,basic.9y,no,no,no,cellular,aug,wed,-2,4087,38,65,2,nonexistent,0,0.489545,NEGATIVE
housemaid,married,basic.9y,no,no,no,cellular,aug,wed,-2,4087,38,65,2,nonexistent,1,0.502261,POSITIVE
blue-collar,divorced,basic.6y,no,no,no,cellular,jan,tue,-3,4071,38,71,0,failure,0,0.495983,NEGATIVE
blue-collar,divorced,basic.6y,no,no,no,cellular,jan,tue,-3,4071,38,71,0,failure,1,0.508699,POSITIVE
admin.,divorced,basic.4y,no,no,no,cellular,jan,mon,-3,4064,38,63,0,failure,0,0.490820,NEGATIVE
admin.,divorced,basic.4y,no,no,no,cellular,jan,mon,-3,4064,38,63,0,failure,1,0.503803,POSITIVE
housemaid,married,basic.9y,no,no,no,cellular,aug,wed,-2,4009,33,114,2,nonexistent,0,0.497282,NEGATIVE
housemaid,married,basic.9y,no,no,no,cellular,aug,wed,-2,4009,33,114,2,nonexistent,1,0.509752,POSITIVE
entrepreneur,divorced,basic.6y,no,no,no,cellular,feb,tue,-3,4001,36,112,1,failure,0,0.491421,NEGATIVE
entrepreneur,divorced,basic.6y,no,no,no,cellular,feb,tue,-3,4001,36,112,1,failure,1,0.503891,POSITIVE
student,married,illiterate,unknown,unknown,unknown,telephone,feb,fri,-1,4032,34,121,4,nonexistent,0,0.489863,NEGATIVE
student,married,illiterate,unknown,unknown,unknown,telephone,feb,fri,-1,4032,34,121,4,nonexistent,1,0.501302,POSITIVE
management,single,professional.course,unknown,unknown,unknown,telephone,mar,(null),0,4047,34,122,5,success,0,0.493108,NEGATIVE
management,single,professional.course,unknown,unknown,unknown,telephone,mar,(null),0,4047,34,122,5,success,1,0.504548,POSITIVE
services,married,illiterate,unknown,unknown,unknown,telephone,apr,fri,-1,4039,34,114,4,nonexistent,0,0.492634,NEGATIVE
services,married,illiterate,unknown,unknown,unknown,telephone,apr,fri,-1,4039,34,114,4,nonexistent,1,0.504074,POSITIVE
admin.,divorced,basic.4y,no,no,no,cellular,jan,mon,-3,3908,36,110,0,failure,0,0.499617,NEGATIVE
admin.,divorced,basic.4y,no,no,no,cellular,jan,mon,-3,3908,36,110,0,failure,1,0.513477,POSITIVE
management,married,basic.9y,no,no,no,cellular,mar,wed,-2,3938,33,120,2,nonexistent,0,0.492752,NEGATIVE
management,married,basic.9y,no,no,no,cellular,mar,wed,-2,3938,33,120,2,nonexistent,1,0.504191,POSITIVE
retired,married,high.school,unknown,unknown,unknown,telephone,jul,thu,-1,4024,35,101,3,nonexistent,0,0.493773,NEGATIVE
retired,married,high.school,unknown,unknown,unknown,telephone,jul,thu,-1,4024,35,101,3,nonexistent,1,0.506245,POSITIVE
housemaid,married,basic.9y,no,no,no,cellular,aug,wed,-2,3931,34,98,2,nonexistent,0,0.488518,NEGATIVE
housemaid,married,basic.9y,no,no,no,cellular,aug,wed,-2,3931,34,98,2,nonexistent,1,0.500987,POSITIVE
admin.,divorced,basic.4y,no,no,no,cellular,jan,mon,-3,3908,36,94,0,failure,0,0.490326,NEGATIVE
admin.,divorced,basic.4y,no,no,no,cellular,jan,mon,-3,3908,36,94,0,failure,1,0.503682,POSITIVE
technician,single,professional.course,unknown,unknown,unknown,telephone,mar,(null),0,3969,34,107,5,success,0,0.495050,NEGATIVE
technician,single,professional.course,unknown,unknown,unknown,telephone,mar,(null),0,3969,34,107,5,success,1,0.507521,POSITIVE
student,married,illiterate,unknown,unknown,unknown,telephone,oct,fri,-1,4032,31,121,4,nonexistent,0,0.492524,NEGATIVE
student,married,illiterate,unknown,unknown,unknown,telephone,oct,fri,-1,4032,31,121,4,nonexistent,1,0.503964,POSITIVE
housemaid,married,illiterate,unknown,unknown,unknown,telephone,oct,fri,-1,4012,31,122,4,nonexistent,0,0.494184,NEGATIVE
housemaid,married,illiterate,unknown,unknown,unknown,telephone,oct,fri,-1,4012,31,122,4,nonexistent,1,0.505624,POSITIVE
student,single,professional.course,unknown,unknown,unknown,telephone,nov,(null),0,4047,31,115,5,success,0,0.497252,NEGATIVE
student,single,professional.course,unknown,unknown,unknown,telephone,nov,(null),0,4047,31,115,5,success,1,0.508691,POSITIVE
retired,married,high.school,unknown,unknown,unknown,telephone,oct,thu,-1,3946,31,121,3,nonexistent,0,0.498728,NEGATIVE
retired,married,high.school,unknown,unknown,unknown,telephone,oct,thu,-1,3946,31,121,3,nonexistent,1,0.510166,POSITIVE
management,single,professional.course,unknown,unknown,unknown,telephone,may,(null),0,3942,31,123,6,success,0,0.498283,NEGATIVE
management,single,professional.course,unknown,unknown,unknown,telephone,may,(null),0,3942,31,123,6,success,1,0.509723,POSITIVE
technician,single,professional.course,unknown,unknown,unknown,telephone,nov,(null),0,3977,31,107,5,success,0,0.489200,NEGATIVE
technician,single,professional.course,unknown,unknown,unknown,telephone,nov,(null),0,3977,31,107,5,success,1,0.500639,POSITIVE
self-employed,divorced,basic.6y,no,no,no,cellular,jan,tue,-3,3837,33,118,0,failure,0,0.494213,NEGATIVE
self-employed,divorced,basic.6y,no,no,no,cellular,jan,tue,-3,3837,33,118,0,failure,1,0.505653,POSITIVE
admin.,divorced,basic.6y,no,no,no,cellular,apr,tue,-3,3837,33,118,0,failure,0,0.493381,NEGATIVE
admin.,divorced,basic.6y,no,no,no,cellular,apr,tue,-3,3837,33,118,0,failure,1,0.505144,POSITIVE
self-employed,divorced,basic.6y,no,no,no,cellular,apr,tue,-3,3837,33,110,0,failure,0,0.490200,NEGATIVE
self-employed,divorced,basic.6y,no,no,no,cellular,apr,tue,-3,3837,33,110,0,failure,1,0.502671,POSITIVE
blue-collar,married,basic.9y,no,no,no,cellular,may,wed,-2,3853,33,112,2,nonexistent,0,0.495863,NEGATIVE
blue-collar,married,basic.9y,no,no,no,cellular,may,wed,-2,3853,33,112,2,nonexistent,1,0.508335,POSITIVE
entrepreneur,divorced,basic.6y,no,no,no,cellular,feb,tue,-3,3766,33,112,1,failure,0,0.499386,NEGATIVE
entrepreneur,divorced,basic.6y,no,no,no,cellular,feb,tue,-3,3766,33,112,1,failure,1,0.511855,POSITIVE
entrepreneur,divorced,basic.6y,no,no,no,cellular,aug,tue,-3,3845,33,96,1,failure,0,0.493511,NEGATIVE
entrepreneur,divorced,basic.6y,no,no,no,cellular,aug,tue,-3,3845,33,96,1,failure,1,0.505982,POSITIVE
blue-collar,divorced,basic.6y,no,no,no,cellular,jul,tue,-3,3758,33,95,0,failure,0,0.497341,NEGATIVE
blue-collar,divorced,basic.6y,no,no,no,cellular,jul,tue,-3,3758,33,95,0,failure,1,0.509812,POSITIVE
self-employed,married,illiterate,unknown,unknown,unknown,telephone,apr,fri,-1,3876,34,102,4,nonexistent,0,0.489248,NEGATIVE
self-employed,married,illiterate,unknown,unknown,unknown,telephone,apr,fri,-1,3876,34,102,4,nonexistent,1,0.501719,POSITIVE
blue-collar,married,basic.9y,no,no,no,cellular,may,wed,-2,3774,33,104,2,nonexistent,0,0.488655,NEGATIVE
blue-collar,married,basic.9y,no,no,no,cellular,may,wed,-2,3774,33,104,2,nonexistent,1,0.501125,POSITIVE
services,married,basic.9y,no,no,no,cellular,may,wed,-2,3774,33,96,2,nonexistent,0,0.489930,NEGATIVE
services,married,basic.9y,no,no,no,cellular,may,wed,-2,3774,33,96,2,nonexistent,1,0.502401,POSITIVE
housemaid,married,illiterate,unknown,unknown,unknown,telephone,apr,fri,-1,3797,34,98,4,nonexistent,0,0.493702,NEGATIVE
housemaid,married,illiterate,unknown,unknown,unknown,telephone,apr,fri,-1,3797,34,98,4,nonexistent,1,0.506174,POSITIVE
services,married,basic.9y,no,no,no,cellular,aug,wed,-2,3853,30,119,2,nonexistent,0,0.489451,NEGATIVE
services,married,basic.9y,no,no,no,cellular,aug,wed,-2,3853,30,119,2,nonexistent,1,0.500890,POSITIVE
entrepreneur,married,basic.9y,no,no,no,cellular,sep,wed,-2,3860,30,120,2,nonexistent,0,0.497688,NEGATIVE
entrepreneur,married,basic.9y,no,no,no,cellular,sep,wed,-2,3860,30,120,2,nonexistent,1,0.509127,POSITIVE
retired,married,high.school,unknown,unknown,unknown,telephone,oct,thu,-1,3868,31,113,3,nonexistent,0,0.495064,NEGATIVE
retired,married,high.school,unknown,unknown,unknown,telephone,oct,thu,-1,3868,31,113,3,nonexistent,1,0.506505,POSITIVE
housemaid,married,basic.9y,no,no,no,cellular,aug,wed,-2,3774,30,114,2,nonexistent,0,0.499312,NEGATIVE
housemaid,married,basic.9y,no,no,no,cellular,aug,wed,-2,3774,30,114,2,nonexistent,1,0.510750,POSITIVE
services,married,illiterate,unknown,unknown,unknown,telephone,apr,fri,-1,3860,31,119,4,nonexistent,0,0.495801,NEGATIVE
services,married,illiterate,unknown,unknown,unknown,telephone,apr,fri,-1,3860,31,119,4,nonexistent,1,0.507241,POSITIVE
services,married,illiterate,unknown,unknown,unknown,telephone,oct,fri,-1,3805,28,122,4,nonexistent,0,0.494861,NEGATIVE
services,married,illiterate,unknown,unknown,unknown,telephone,oct,fri,-1,3805,28,122,4,nonexistent,1,0.506301,POSITIVE
technician,married,illiterate,unknown,unknown,unknown,telephone,oct,fri,-1,3805,28,114,4,nonexistent,0,0.498838,NEGATIVE
technician,married,illiterate,unknown,unknown,unknown,telephone,oct,fri,-1,3805,28,114,4,nonexistent,1,0.510278,POSITIVE
management,single,professional.course,unknown,unknown,unknown,telephone,nov,(null),0,3821,28,116,6,success,0,0.494825,NEGATIVE
management,single,professional.course,unknown,unknown,unknown,telephone,nov,(null),0,3821,28,116,6,success,1,0.506265,POSITIVE
services,married,illiterate,unknown,unknown,unknown,telephone,oct,fri,-1,3883,31,104,4,nonexistent,0,0.493926,NEGATIVE
services,married,illiterate,unknown,unknown,unknown,telephone,oct,fri,-1,3883,31,104,4,nonexistent,1,0.506398,POSITIVE
retired,married,high.school,unknown,unknown,unknown,telephone,oct,thu,-1,3790,31,105,3,nonexistent,0,0.494532,NEGATIVE
retired,married,high.school,unknown,unknown,unknown,telephone,oct,thu,-1,3790,31,105,3,nonexistent,1,0.507003,POSITIVE
management,single,professional.course,unknown,unknown,unknown,telephone,may,(null),0,3786,31,108,6,success,0,0.492180,NEGATIVE
management,single,professional.course,unknown,unknown,unknown,telephone,may,(null),0,3786,31,108,6,success,1,0.503619,POSITIVE
admin.,divorced,basic.4y,no,no,no,cellular,jul,mon,-3,3986,36,79,0,failure,0,0.497551,NEGATIVE
admin.,divorced,basic.4y,no,no,no,cellular,jul,mon,-3,3986,36,79,0,failure,1,0.510267,POSITIVE
student,single,professional.course,unknown,unknown,unknown,telephone,nov,(null),0,4047,34,90,5,success,0,0.496126,NEGATIVE
student,single,professional.course,unknown,unknown,unknown,telephone,nov,(null),0,4047,34,90,5,success,1,0.508598,POSITIVE
services,married,illiterate,unknown,unknown,unknown,telephone,apr,fri,-1,4039,37,88,4,nonexistent,0,0.490265,NEGATIVE
services,married,illiterate,unknown,unknown,unknown,telephone,apr,fri,-1,4039,37,88,4,nonexistent,1,0.502736,POSITIVE
housemaid,married,basic.9y,no,no,no,cellular,aug,wed,-2,3931,36,81,2,nonexistent,0,0.494071,NEGATIVE
housemaid,married,basic.9y,no,no,no,cellular,aug,wed,-2,3931,36,81,2,nonexistent,1,0.507932,POSITIVE
technician,married,illiterate,unknown,unknown,unknown,telephone,oct,fri,-1,3961,34,83,4,nonexistent,0,0.497240,NEGATIVE
technician,married,illiterate,unknown,unknown,unknown,telephone,oct,fri,-1,3961,34,83,4,nonexistent,1,0.509710,POSITIVE
admin.,divorced,basic.4y,no,no,no,cellular,jan,mon,-3,3908,36,87,0,failure,0,0.494397,NEGATIVE
admin.,divorced,basic.4y,no,no,no,cellular,jan,mon,-3,3908,36,87,0,failure,1,0.507113,POSITIVE
technician,married,illiterate,unknown,unknown,unknown,telephone,apr,fri,-1,3961,36,83,4,nonexistent,0,0.490566,NEGATIVE
technician,married,illiterate,unknown,unknown,unknown,telephone,apr,fri,-1,3961,36,83,4,nonexistent,1,0.503037,POSITIVE
admin.,divorced,basic.4y,no,no,no,cellular,oct,mon,-3,3986,36,71,0,failure,0,0.487468,NEGATIVE
admin.,divorced,basic.4y,no,no,no,cellular,oct,mon,-3,3986,36,71,0,failure,1,0.500183,POSITIVE
services,married,illiterate,unknown,unknown,unknown,telephone,oct,fri,-1,4039,37,67,4,nonexistent,0,0.492326,NEGATIVE
services,married,illiterate,unknown,unknown,unknown,telephone,oct,fri,-1,4039,37,67,4,nonexistent,1,0.506595,POSITIVE
services,married,basic.9y,no,no,no,cellular,feb,wed,-2,4009,38,73,2,nonexistent,0,0.494908,NEGATIVE
services,married,basic.9y,no,no,no,cellular,feb,wed,-2,4009,38,73,2,nonexistent,1,0.507694,POSITIVE
entrepreneur,married,basic.9y,no,no,no,cellular,mar,wed,-2,4016,38,73,2,nonexistent,0,0.492450,NEGATIVE
entrepreneur,married,basic.9y,no,no,no,cellular,mar,wed,-2,4016,38,73,2,nonexistent,1,0.505166,POSITIVE
housemaid,married,basic.9y,no,no,no,cellular,feb,wed,-2,4009,38,65,2,nonexistent,0,0.492892,NEGATIVE
housemaid,married,basic.9y,no,no,no,cellular,feb,wed,-2,4009,38,65,2,nonexistent,1,0.505608,POSITIVE
management,married,basic.9y,no,no,no,cellular,sep,wed,-2,3938,36,68,2,nonexistent,0,0.490965,NEGATIVE
management,married,basic.9y,no,no,no,cellular,sep,wed,-2,3938,36,68,2,nonexistent,1,0.504062,POSITIVE
technician,single,professional.course,unknown,unknown,unknown,telephone,nov,(null),0,3977,34,77,6,success,0,0.490774,NEGATIVE
technician,single,professional.course,unknown,unknown,unknown,telephone,nov,(null),0,3977,34,77,6,success,1,0.503245,POSITIVE
student,single,professional.course,unknown,unknown,unknown,telephone,may,(null),0,3969,37,74,5,success,0,0.495553,NEGATIVE
student,single,professional.course,unknown,unknown,unknown,telephone,may,(null),0,3969,37,74,5,success,1,0.508024,POSITIVE
blue-collar,divorced,basic.6y,no,no,no,cellular,jul,tue,-3,3837,35,87,0,failure,0,0.492840,NEGATIVE
blue-collar,divorced,basic.6y,no,no,no,cellular,jul,tue,-3,3837,35,87,0,failure,1,0.506702,POSITIVE
services,married,illiterate,unknown,unknown,unknown,telephone,aug,fri,-1,3883,33,91,4,nonexistent,0,0.493525,NEGATIVE
services,married,illiterate,unknown,unknown,unknown,telephone,aug,fri,-1,3883,33,91,4,nonexistent,1,0.505996,POSITIVE
self-employed,married,illiterate,unknown,unknown,unknown,telephone,oct,fri,-1,3876,34,83,4,nonexistent,0,0.491075,NEGATIVE
self-employed,married,illiterate,unknown,unknown,unknown,telephone,oct,fri,-1,3876,34,83,4,nonexistent,1,0.503546,POSITIVE
housemaid,married,basic.9y,no,no,no,cellular,feb,wed,-2,3853,36,88,2,nonexistent,0,0.492363,NEGATIVE
housemaid,married,basic.9y,no,no,no,cellular,feb,wed,-2,3853,36,88,2,nonexistent,1,0.506225,POSITIVE
services,married,basic.9y,no,no,no,cellular,feb,wed,-2,3853,36,81,2,nonexistent,0,0.491035,NEGATIVE
services,married,basic.9y,no,no,no,cellular,feb,wed,-2,3853,36,81,2,nonexistent,1,0.504897,POSITIVE
entrepreneur,married,basic.9y,no,no,no,cellular,mar,wed,-2,3860,36,81,2,nonexistent,0,0.492864,NEGATIVE
entrepreneur,married,basic.9y,no,no,no,cellular,mar,wed,-2,3860,36,81,2,nonexistent,1,0.505961,POSITIVE
technician,single,professional.course,unknown,unknown,unknown,telephone,may,(null),0,3891,34,91,5,success,0,0.488060,NEGATIVE
technician,single,professional.course,unknown,unknown,unknown,telephone,may,(null),0,3891,34,91,5,success,1,0.500529,POSITIVE
management,single,professional.course,unknown,unknown,unknown,telephone,may,(null),0,3899,35,92,6,success,0,0.496514,NEGATIVE
management,single,professional.course,unknown,unknown,unknown,telephone,may,(null),0,3899,35,92,6,success,1,0.508985,POSITIVE
admin.,divorced,basic.4y,no,no,no,cellular,apr,mon,-3,3830,35,79,0,failure,0,0.495079,NEGATIVE
admin.,divorced,basic.4y,no,no,no,cellular,apr,mon,-3,3830,35,79,0,failure,1,0.507796,POSITIVE
housemaid,married,basic.9y,no,no,no,cellular,aug,wed,-2,3774,33,88,2,nonexistent,0,0.494017,NEGATIVE
housemaid,married,basic.9y,no,no,no,cellular,aug,wed,-2,3774,33,88,2,nonexistent,1,0.506488,POSITIVE
entrepreneur,divorced,basic.6y,no,no,no,cellular,aug,tue,-3,3798,35,80,1,failure,0,0.487441,NEGATIVE
entrepreneur,divorced,basic.6y,no,no,no,cellular,aug,tue,-3,3798,35,80,1,failure,1,0.501301,POSITIVE
retired,married,high.school,unknown,unknown,unknown,telephone,apr,thu,-1,3790,35,86,3,nonexistent,0,0.489854,NEGATIVE
retired,married,high.school,unknown,unknown,unknown,telephone,apr,thu,-1,3790,35,86,3,nonexistent,1,0.502325,POSITIVE
technician,married,illiterate,unknown,unknown,unknown,telephone,oct,fri,-1,3883,34,75,4,nonexistent,0,0.490936,NEGATIVE
technician,married,illiterate,unknown,unknown,unknown,telephone,oct,fri,-1,3883,34,75,4,nonexistent,1,0.503407,POSITIVE
admin.,divorced,basic.6y,no,no,no,cellular,jul,tue,-3,3837,35,71,0,failure,0,0.494097,NEGATIVE
admin.,divorced,basic.6y,no,no,no,cellular,jul,tue,-3,3837,35,71,0,failure,1,0.506813,POSITIVE
admin.,divorced,basic.4y,no,no,no,cellular,jul,mon,-3,3830,35,63,0,failure,0,0.491498,NEGATIVE
admin.,divorced,basic.4y,no,no,no,cellular,jul,mon,-3,3830,35,63,0,failure,1,0.504214,POSITIVE
housemaid,married,basic.9y,no,no,no,cellular,feb,wed,-2,3853,36,67,2,nonexistent,0,0.488121,NEGATIVE
housemaid,married,basic.9y,no,no,no,cellular,feb,wed,-2,3853,36,67,2,nonexistent,1,0.500835,POSITIVE
housemaid,married,basic.9y,no,no,no,cellular,aug,wed,-2,3774,35,73,2,nonexistent,0,0.489993,NEGATIVE
housemaid,married,basic.9y,no,no,no,cellular,aug,wed,-2,3774,35,73,2,nonexistent,1,0.503089,POSITIVE
services,married,illiterate,unknown,unknown,unknown,telephone,oct,fri,-1,3805,33,75,4,nonexistent,0,0.491847,NEGATIVE
services,married,illiterate,unknown,unknown,unknown,telephone,oct,fri,-1,3805,33,75,4,nonexistent,1,0.504318,POSITIVE
housemaid,married,basic.9y,no,no,no,cellular,aug,wed,-2,3774,35,65,2,nonexistent,0,0.493867,NEGATIVE
housemaid,married,basic.9y,no,no,no,cellular,aug,wed,-2,3774,35,65,2,nonexistent,1,0.506963,POSITIVE
student,single,professional.course,unknown,unknown,unknown,telephone,nov,(null),0,3782,33,68,5,success,0,0.491336,NEGATIVE
student,single,professional.course,unknown,unknown,unknown,telephone,nov,(null),0,3782,33,68,5,success,1,0.503807,POSITIVE
student,married,basic.9y,no,no,no,cellular,mar,wed,-2,3782,36,65,2,nonexistent,0,0.487860,NEGATIVE
student,married,basic.9y,no,no,no,cellular,mar,wed,-2,3782,36,65,2,nonexistent,1,0.500955,POSITIVE
housemaid,married,illiterate,unknown,unknown,unknown,telephone,apr,fri,-1,3797,36,67,4,nonexistent,0,0.487395,NEGATIVE
housemaid,married,illiterate,unknown,unknown,unknown,telephone,apr,fri,-1,3797,36,67,4,nonexistent,1,0.500489,POSITIVE
unemployed,single,professional.course,unknown,unknown,unknown,telephone,may,(null),0,3821,35,77,6,success,0,0.490538,NEGATIVE
unemployed,single,professional.course,unknown,unknown,unknown,telephone,may,(null),0,3821,35,77,6,success,1,0.503009,POSITIVE
admin.,divorced,basic.4y,no,no,no,cellular,jan,mon,-3,3751,35,71,0,failure,0,0.487961,NEGATIVE
admin.,divorced,basic.4y,no,no,no,cellular,jan,mon,-3,3751,35,71,0,failure,1,0.500676,POSITIVE
unemployed,single,professional.course,unknown,unknown,unknown,telephone,nov,(null),0,3899,32,92,6,success,0,0.492422,NEGATIVE
unemployed,single,professional.course,unknown,unknown,unknown,telephone,nov,(null),0,3899,32,92,6,success,1,0.504894,POSITIVE
student,married,illiterate,unknown,unknown,unknown,telephone,oct,fri,-1,3797,32,90,4,nonexistent,0,0.491444,NEGATIVE
student,married,illiterate,unknown,unknown,unknown,telephone,oct,fri,-1,3797,32,90,4,nonexistent,1,0.503915,POSITIVE
management,single,professional.course,unknown,unknown,unknown,telephone,nov,(null),0,3821,31,92,6,success,0,0.495670,NEGATIVE
management,single,professional.course,unknown,unknown,unknown,telephone,nov,(null),0,3821,31,92,6,success,1,0.508140,POSITIVE
unemployed,single,professional.course,unknown,unknown,unknown,telephone,nov,(null),0,3821,31,85,6,success,0,0.496127,NEGATIVE
unemployed,single,professional.course,unknown,unknown,unknown,telephone,nov,(null),0,3821,31,85,6,success,1,0.508597,POSITIVE
unemployed,single,professional.course,unknown,unknown,unknown,telephone,may,(null),0,4371,42,60,6,success,0,0.490995,NEGATIVE
unemployed,single,professional.course,unknown,unknown,unknown,telephone,may,(null),0,4371,42,60,6,success,1,0.504092,POSITIVE
retired,married,high.school,unknown,unknown,unknown,telephone,oct,thu,-1,4336,41,55,3,nonexistent,0,0.486926,NEGATIVE
retired,married,high.school,unknown,unknown,unknown,telephone,oct,thu,-1,4336,41,55,3,nonexistent,1,0.500020,POSITIVE
admin.,divorced,basic.4y,no,no,no,cellular,oct,mon,-3,4298,39,48,0,failure,0,0.494583,NEGATIVE
admin.,divorced,basic.4y,no,no,no,cellular,oct,mon,-3,4298,39,48,0,failure,1,0.507566,POSITIVE
retired,married,high.school,unknown,unknown,unknown,telephone,oct,thu,-1,4336,41,39,3,nonexistent,0,0.496159,NEGATIVE
retired,married,high.school,unknown,unknown,unknown,telephone,oct,thu,-1,4336,41,39,3,nonexistent,1,0.509142,POSITIVE
entrepreneur,divorced,basic.6y,no,no,no,cellular,feb,tue,-3,4344,41,50,1,failure,0,0.494080,NEGATIVE
entrepreneur,divorced,basic.6y,no,no,no,cellular,feb,tue,-3,4344,41,50,1,failure,1,0.507063,POSITIVE
housemaid,married,basic.9y,no,no,no,cellular,feb,wed,-2,4309,41,52,2,nonexistent,0,0.492219,NEGATIVE
housemaid,married,basic.9y,no,no,no,cellular,feb,wed,-2,4309,41,52,2,nonexistent,1,0.505202,POSITIVE
self-employed,divorced,basic.4y,no,no,no,cellular,jan,mon,-3,4337,41,32,0,failure,0,0.488834,NEGATIVE
self-employed,divorced,basic.4y,no,no,no,cellular,jan,mon,-3,4337,41,32,0,failure,1,0.502687,POSITIVE
blue-collar,divorced,basic.6y,no,no,no,cellular,feb,tue,-3,4344,41,34,1,failure,0,0.490718,NEGATIVE
blue-collar,divorced,basic.6y,no,no,no,cellular,feb,tue,-3,4344,41,34,1,failure,1,0.503915,POSITIVE
services,divorced,basic.6y,no,no,no,cellular,feb,tue,-3,4305,41,34,1,failure,0,0.495071,NEGATIVE
services,divorced,basic.6y,no,no,no,cellular,feb,tue,-3,4305,41,34,1,failure,1,0.508055,POSITIVE
blue-collar,married,basic.9y,no,no,no,cellular,feb,wed,-2,4309,41,36,2,nonexistent,0,0.487304,NEGATIVE
blue-collar,married,basic.9y,no,no,no,cellular,feb,wed,-2,4309,41,36,2,nonexistent,1,0.500285,POSITIVE
blue-collar,divorced,basic.6y,no,no,no,cellular,feb,tue,-3,4227,39,49,0,failure,0,0.497913,NEGATIVE
blue-collar,divorced,basic.6y,no,no,no,cellular,feb,tue,-3,4227,39,49,0,failure,1,0.510896,POSITIVE
blue-collar,divorced,basic.6y,no,no,no,cellular,feb,tue,-3,4227,39,33,0,failure,0,0.498701,NEGATIVE
blue-collar,divorced,basic.6y,no,no,no,cellular,feb,tue,-3,4227,39,33,0,failure,1,0.513056,POSITIVE
management,single,professional.course,unknown,unknown,unknown,telephone,may,(null),0,4371,42,29,6,success,0,0.488931,NEGATIVE
management,single,professional.course,unknown,unknown,unknown,telephone,may,(null),0,4371,42,29,6,success,1,0.501913,POSITIVE
technician,single,professional.course,unknown,unknown,unknown,telephone,may,(null),0,4332,42,29,6,success,0,0.489240,NEGATIVE
technician,single,professional.course,unknown,unknown,unknown,telephone,may,(null),0,4332,42,29,6,success,1,0.502222,POSITIVE
student,single,professional.course,unknown,unknown,unknown,telephone,may,(null),0,4367,42,11,5,success,0,0.494710,NEGATIVE
student,single,professional.course,unknown,unknown,unknown,telephone,may,(null),0,4367,42,11,5,success,1,0.507694,POSITIVE
technician,single,professional.course,unknown,unknown,unknown,telephone,may,(null),0,4332,42,13,6,success,0,0.488986,NEGATIVE
technician,single,professional.course,unknown,unknown,unknown,telephone,may,(null),0,4332,42,13,6,success,1,0.501968,POSITIVE
retired,married,high.school,unknown,unknown,unknown,telephone,oct,thu,-1,4336,41,23,3,nonexistent,0,0.495905,NEGATIVE
retired,married,high.school,unknown,unknown,unknown,telephone,oct,thu,-1,4336,41,23,3,nonexistent,1,0.508888,POSITIVE
admin.,divorced,basic.4y,no,no,no,cellular,jan,mon,-3,4337,41,16,0,failure,0,0.495887,NEGATIVE
admin.,divorced,basic.4y,no,no,no,cellular,jan,mon,-3,4337,41,16,0,failure,1,0.501570,POSITIVE
housemaid,married,basic.9y,no,no,no,cellular,feb,wed,-2,4309,41,20,2,nonexistent,0,0.491715,NEGATIVE
housemaid,married,basic.9y,no,no,no,cellular,feb,wed,-2,4309,41,20,2,nonexistent,1,0.505841,POSITIVE
management,married,basic.9y,no,no,no,cellular,sep,wed,-2,4352,41,5,2,nonexistent,0,0.490665,NEGATIVE
management,married,basic.9y,no,no,no,cellular,sep,wed,-2,4352,41,5,2,nonexistent,1,0.503648,POSITIVE
retired,married,high.school,unknown,unknown,unknown,telephone,oct,thu,-1,4317,41,7,3,nonexistent,0,0.488806,NEGATIVE
retired,married,high.school,unknown,unknown,unknown,telephone,oct,thu,-1,4317,41,7,3,nonexistent,1,0.501788,POSITIVE
blue-collar,divorced,basic.6y,no,no,no,cellular,jan,tue,-3,4340,41,8,0,failure,0,0.495937,NEGATIVE
blue-collar,divorced,basic.6y,no,no,no,cellular,jan,tue,-3,4340,41,8,0,failure,1,0.502944,POSITIVE
admin.,divorced,basic.4y,no,no,no,cellular,jan,mon,-3,4298,41,0,0,failure,0,0.499683,NEGATIVE
admin.,divorced,basic.4y,no,no,no,cellular,jan,mon,-3,4298,41,0,0,failure,1,0.506124,POSITIVE
entrepreneur,divorced,basic.6y,no,no,no,cellular,mar,tue,-3,4235,39,18,1,failure,0,0.489144,NEGATIVE
entrepreneur,divorced,basic.6y,no,no,no,cellular,mar,tue,-3,4235,39,18,1,failure,1,0.503500,POSITIVE
entrepreneur,divorced,basic.6y,no,no,no,cellular,mar,tue,-3,4235,39,2,1,failure,0,0.493604,NEGATIVE
entrepreneur,divorced,basic.6y,no,no,no,cellular,mar,tue,-3,4235,39,2,1,failure,1,0.507960,POSITIVE
housemaid,married,basic.9y,no,no,no,cellular,apr,wed,-2,4165,39,52,2,nonexistent,0,0.487801,NEGATIVE
housemaid,married,basic.9y,no,no,no,cellular,apr,wed,-2,4165,39,52,2,nonexistent,1,0.500782,POSITIVE
housemaid,married,basic.9y,no,no,no,cellular,apr,wed,-2,4165,39,36,2,nonexistent,0,0.487551,NEGATIVE
housemaid,married,basic.9y,no,no,no,cellular,apr,wed,-2,4165,39,36,2,nonexistent,1,0.500533,POSITIVE
services,married,illiterate,unknown,unknown,unknown,telephone,aug,fri,-1,4129,39,57,4,nonexistent,0,0.491530,NEGATIVE
services,married,illiterate,unknown,unknown,unknown,telephone,aug,fri,-1,4129,39,57,4,nonexistent,1,0.504626,POSITIVE
services,divorced,basic.6y,no,no,no,cellular,feb,tue,-3,4110,39,50,1,failure,0,0.488492,NEGATIVE
services,divorced,basic.6y,no,no,no,cellular,feb,tue,-3,4110,39,50,1,failure,1,0.501207,POSITIVE
student,married,high.school,unknown,unknown,unknown,telephone,apr,thu,-1,4083,39,55,3,nonexistent,0,0.490036,NEGATIVE
student,married,high.school,unknown,unknown,unknown,telephone,apr,thu,-1,4083,39,55,3,nonexistent,1,0.502752,POSITIVE
student,single,professional.course,unknown,unknown,unknown,telephone,nov,(null),0,4125,39,43,5,success,0,0.494034,NEGATIVE
student,single,professional.course,unknown,unknown,unknown,telephone,nov,(null),0,4125,39,43,5,success,1,0.507130,POSITIVE
student,single,professional.course,unknown,unknown,unknown,telephone,may,(null),0,4125,40,43,5,success,0,0.488925,NEGATIVE
student,single,professional.course,unknown,unknown,unknown,telephone,may,(null),0,4125,40,43,5,success,1,0.502020,POSITIVE
housemaid,married,basic.9y,no,no,no,cellular,apr,wed,-2,4165,39,20,2,nonexistent,0,0.487297,NEGATIVE
housemaid,married,basic.9y,no,no,no,cellular,apr,wed,-2,4165,39,20,2,nonexistent,1,0.500278,POSITIVE
blue-collar,divorced,basic.6y,no,no,no,cellular,feb,tue,-3,4149,39,1,0,failure,0,0.497340,NEGATIVE
blue-collar,divorced,basic.6y,no,no,no,cellular,feb,tue,-3,4149,39,1,0,failure,1,0.504255,POSITIVE
services,married,illiterate,unknown,unknown,unknown,telephone,oct,fri,-1,4129,39,28,4,nonexistent,0,0.494571,NEGATIVE
services,married,illiterate,unknown,unknown,unknown,telephone,oct,fri,-1,4129,39,28,4,nonexistent,1,0.507555,POSITIVE
services,married,illiterate,unknown,unknown,unknown,telephone,oct,fri,-1,4129,39,20,4,nonexistent,0,0.494444,NEGATIVE
services,married,illiterate,unknown,unknown,unknown,telephone,oct,fri,-1,4129,39,20,4,nonexistent,1,0.507427,POSITIVE
student,single,professional.course,unknown,unknown,unknown,telephone,nov,(null),0,4094,39,29,5,success,0,0.489954,NEGATIVE
student,single,professional.course,unknown,unknown,unknown,telephone,nov,(null),0,4094,39,29,5,success,1,0.503050,POSITIVE
services,married,illiterate,unknown,unknown,unknown,telephone,apr,fri,-1,4117,40,26,4,nonexistent,0,0.489679,NEGATIVE
services,married,illiterate,unknown,unknown,unknown,telephone,apr,fri,-1,4117,40,26,4,nonexistent,1,0.502662,POSITIVE
admin.,divorced,basic.4y,no,no,no,cellular,jan,mon,-3,4064,39,0,0,failure,0,0.489679,NEGATIVE
admin.,divorced,basic.4y,no,no,no,cellular,jan,mon,-3,4064,39,0,0,failure,1,0.500458,POSITIVE
technician,single,professional.course,unknown,unknown,unknown,telephone,may,(null),0,4055,39,59,5,success,0,0.490748,NEGATIVE
technician,single,professional.course,unknown,unknown,unknown,telephone,may,(null),0,4055,39,59,5,success,1,0.503844,POSITIVE
services,married,illiterate,unknown,unknown,unknown,telephone,apr,fri,-1,4051,39,26,4,nonexistent,0,0.493470,NEGATIVE
services,married,illiterate,unknown,unknown,unknown,telephone,apr,fri,-1,4051,39,26,4,nonexistent,1,0.506453,POSITIVE
student,single,professional.course,unknown,unknown,unknown,telephone,may,(null),0,4016,39,21,5,success,0,0.487644,NEGATIVE
student,single,professional.course,unknown,unknown,unknown,telephone,may,(null),0,4016,39,21,5,success,1,0.500626,POSITIVE
student,married,illiterate,unknown,unknown,unknown,telephone,apr,fri,-1,4047,39,8,4,nonexistent,0,0.492718,NEGATIVE
student,married,illiterate,unknown,unknown,unknown,telephone,apr,fri,-1,4047,39,8,4,nonexistent,1,0.505701,POSITIVE
management,single,professional.course,unknown,unknown,unknown,telephone,may,(null),0,4055,39,11,5,success,0,0.488737,NEGATIVE
management,single,professional.course,unknown,unknown,unknown,telephone,may,(null),0,4055,39,11,5,success,1,0.501719,POSITIVE
technician,single,professional.course,unknown,unknown,unknown,telephone,may,(null),0,4016,39,11,5,success,0,0.491223,NEGATIVE
technician,single,professional.course,unknown,unknown,unknown,telephone,may,(null),0,4016,39,11,5,success,1,0.504207,POSITIVE
admin.,divorced,basic.4y,no,no,no,cellular,jul,mon,-3,4142,38,48,0,failure,0,0.491645,NEGATIVE
admin.,divorced,basic.4y,no,no,no,cellular,jul,mon,-3,4142,38,48,0,failure,1,0.504628,POSITIVE
admin.,divorced,basic.4y,no,no,no,cellular,jul,mon,-3,4142,38,32,0,failure,0,0.491390,NEGATIVE
admin.,divorced,basic.4y,no,no,no,cellular,jul,mon,-3,4142,38,32,0,failure,1,0.504373,POSITIVE
entrepreneur,divorced,basic.6y,no,no,no,cellular,aug,tue,-3,4079,38,50,1,failure,0,0.490483,NEGATIVE
entrepreneur,divorced,basic.6y,no,no,no,cellular,aug,tue,-3,4079,38,50,1,failure,1,0.503198,POSITIVE
admin.,divorced,basic.4y,no,no,no,cellular,jan,mon,-3,4064,38,48,0,failure,0,0.490581,NEGATIVE
admin.,divorced,basic.4y,no,no,no,cellular,jan,mon,-3,4064,38,48,0,failure,1,0.503564,POSITIVE
entrepreneur,divorced,basic.6y,no,no,no,cellular,aug,tue,-3,4079,38,34,1,failure,0,0.490410,NEGATIVE
entrepreneur,divorced,basic.6y,no,no,no,cellular,aug,tue,-3,4079,38,34,1,failure,1,0.503393,POSITIVE
admin.,divorced,basic.4y,no,no,no,cellular,jul,mon,-3,4142,38,16,0,failure,0,0.492000,NEGATIVE
admin.,divorced,basic.4y,no,no,no,cellular,jul,mon,-3,4142,38,16,0,failure,1,0.506357,POSITIVE
admin.,divorced,basic.4y,no,no,no,cellular,jul,mon,-3,4142,38,0,0,failure,0,0.496461,NEGATIVE
admin.,divorced,basic.4y,no,no,no,cellular,jul,mon,-3,4142,38,0,0,failure,1,0.510817,POSITIVE
entrepreneur,divorced,basic.6y,no,no,no,cellular,aug,tue,-3,4079,38,18,1,failure,0,0.490155,NEGATIVE
entrepreneur,divorced,basic.6y,no,no,no,cellular,aug,tue,-3,4079,38,18,1,failure,1,0.503138,POSITIVE
entrepreneur,divorced,basic.6y,no,no,no,cellular,aug,tue,-3,4079,38,2,1,failure,0,0.489901,NEGATIVE
entrepreneur,divorced,basic.6y,no,no,no,cellular,aug,tue,-3,4079,38,2,1,failure,1,0.503178,POSITIVE
retired,married,high.school,unknown,unknown,unknown,telephone,oct,thu,-1,4024,38,55,3,nonexistent,0,0.491966,NEGATIVE
retired,married,high.school,unknown,unknown,unknown,telephone,oct,thu,-1,4024,38,55,3,nonexistent,1,0.505062,POSITIVE
technician,single,professional.course,unknown,unknown,unknown,telephone,dec,(null),0,4020,36,60,6,success,0,0.496195,NEGATIVE
technician,single,professional.course,unknown,unknown,unknown,telephone,dec,(null),0,4020,36,60,6,success,1,0.510463,POSITIVE
blue-collar,divorced,basic.6y,no,no,no,cellular,jan,tue,-3,4028,38,49,0,failure,0,0.488721,NEGATIVE
blue-collar,divorced,basic.6y,no,no,no,cellular,jan,tue,-3,4028,38,49,0,failure,1,0.501703,POSITIVE
housemaid,married,basic.9y,no,no,no,cellular,feb,wed,-2,3997,38,52,2,nonexistent,0,0.498689,NEGATIVE
housemaid,married,basic.9y,no,no,no,cellular,feb,wed,-2,3997,38,52,2,nonexistent,1,0.511618,POSITIVE
blue-collar,divorced,basic.6y,no,no,no,cellular,jul,tue,-3,3915,36,49,0,failure,0,0.492296,NEGATIVE
blue-collar,divorced,basic.6y,no,no,no,cellular,jul,tue,-3,3915,36,49,0,failure,1,0.505280,POSITIVE
management,married,basic.9y,no,no,no,cellular,mar,wed,-2,3962,38,53,2,nonexistent,0,0.492046,NEGATIVE
management,married,basic.9y,no,no,no,cellular,mar,wed,-2,3962,38,53,2,nonexistent,1,0.504762,POSITIVE
student,married,high.school,unknown,unknown,unknown,telephone,apr,thu,-1,3927,38,55,3,nonexistent,0,0.491273,NEGATIVE
student,married,high.school,unknown,unknown,unknown,telephone,apr,thu,-1,3927,38,55,3,nonexistent,1,0.504317,POSITIVE
admin.,divorced,basic.4y,no,no,no,cellular,apr,mon,-3,3908,36,48,0,failure,0,0.499989,NEGATIVE
admin.,divorced,basic.4y,no,no,no,cellular,apr,mon,-3,3908,36,48,0,failure,1,0.512971,POSITIVE
management,married,basic.9y,no,no,no,cellular,sep,wed,-2,4016,38,37,2,nonexistent,0,0.489429,NEGATIVE
management,married,basic.9y,no,no,no,cellular,sep,wed,-2,4016,38,37,2,nonexistent,1,0.502412,POSITIVE
self-employed,divorced,basic.4y,no,no,no,cellular,jan,mon,-3,4025,38,32,0,failure,0,0.495302,NEGATIVE
self-employed,divorced,basic.4y,no,no,no,cellular,jan,mon,-3,4025,38,32,0,failure,1,0.508618,POSITIVE
self-employed,divorced,basic.6y,no,no,no,cellular,jan,tue,-3,3989,38,33,0,failure,0,0.491577,NEGATIVE
self-employed,divorced,basic.6y,no,no,no,cellular,jan,tue,-3,3989,38,33,0,failure,1,0.504560,POSITIVE
blue-collar,divorced,basic.6y,no,no,no,cellular,jul,tue,-3,3915,36,33,0,failure,0,0.492044,NEGATIVE
blue-collar,divorced,basic.6y,no,no,no,cellular,jul,tue,-3,3915,36,33,0,failure,1,0.505027,POSITIVE
services,divorced,basic.6y,no,no,no,cellular,feb,tue,-3,3954,38,34,1,failure,0,0.487852,NEGATIVE
services,divorced,basic.6y,no,no,no,cellular,feb,tue,-3,3954,38,34,1,failure,1,0.500834,POSITIVE
retired,married,high.school,unknown,unknown,unknown,telephone,oct,thu,-1,3868,36,59,3,nonexistent,0,0.492550,NEGATIVE
retired,married,high.school,unknown,unknown,unknown,telephone,oct,thu,-1,3868,36,59,3,nonexistent,1,0.505646,POSITIVE
management,married,basic.9y,no,no,no,cellular,sep,wed,-2,3860,36,50,2,nonexistent,0,0.487556,NEGATIVE
management,married,basic.9y,no,no,no,cellular,sep,wed,-2,3860,36,50,2,nonexistent,1,0.500651,POSITIVE
admin.,divorced,basic.4y,no,no,no,cellular,jul,mon,-3,3830,35,56,0,failure,0,0.497187,NEGATIVE
admin.,divorced,basic.4y,no,no,no,cellular,jul,mon,-3,3830,35,56,0,failure,1,0.509902,POSITIVE
admin.,divorced,basic.4y,no,no,no,cellular,jul,mon,-3,3830,35,48,0,failure,0,0.498114,NEGATIVE
admin.,divorced,basic.4y,no,no,no,cellular,jul,mon,-3,3830,35,48,0,failure,1,0.511097,POSITIVE
blue-collar,divorced,basic.6y,no,no,no,cellular,jan,tue,-3,3837,36,49,0,failure,0,0.491233,NEGATIVE
blue-collar,divorced,basic.6y,no,no,no,cellular,jan,tue,-3,3837,36,49,0,failure,1,0.504216,POSITIVE
blue-collar,divorced,basic.6y,no,no,no,cellular,jul,tue,-3,3794,35,56,0,failure,0,0.490980,NEGATIVE
blue-collar,divorced,basic.6y,no,no,no,cellular,jul,tue,-3,3794,35,56,0,failure,1,0.503696,POSITIVE
student,single,professional.course,unknown,unknown,unknown,telephone,nov,(null),0,3782,34,60,5,success,0,0.492267,NEGATIVE
student,single,professional.course,unknown,unknown,unknown,telephone,nov,(null),0,3782,34,60,5,success,1,0.506536,POSITIVE
entrepreneur,divorced,basic.6y,no,no,no,cellular,aug,tue,-3,3766,35,49,1,failure,0,0.493789,NEGATIVE
entrepreneur,divorced,basic.6y,no,no,no,cellular,aug,tue,-3,3766,35,49,1,failure,1,0.506506,POSITIVE
self-employed,divorced,basic.4y,no,no,no,cellular,jan,mon,-3,3791,36,48,0,failure,0,0.490743,NEGATIVE
self-employed,divorced,basic.4y,no,no,no,cellular,jan,mon,-3,3791,36,48,0,failure,1,0.503726,POSITIVE
management,single,professional.course,unknown,unknown,unknown,telephone,mar,(null),0,3821,37,59,5,success,0,0.488872,NEGATIVE
management,single,professional.course,unknown,unknown,unknown,telephone,mar,(null),0,3821,37,59,5,success,1,0.501968,POSITIVE
student,married,basic.9y,no,no,no,cellular,mar,wed,-2,3766,36,53,2,nonexistent,0,0.489502,NEGATIVE
student,married,basic.9y,no,no,no,cellular,mar,wed,-2,3766,36,53,2,nonexistent,1,0.502218,POSITIVE
admin.,divorced,basic.4y,no,no,no,cellular,jan,mon,-3,3751,35,48,0,failure,0,0.496699,NEGATIVE
admin.,divorced,basic.4y,no,no,no,cellular,jan,mon,-3,3751,35,48,0,failure,1,0.509682,POSITIVE
admin.,divorced,basic.4y,no,no,no,cellular,jan,mon,-3,3830,36,32,0,failure,0,0.486180,NEGATIVE
admin.,divorced,basic.4y,no,no,no,cellular,jan,mon,-3,3830,36,32,0,failure,1,0.500534,POSITIVE
admin.,divorced,basic.4y,no,no,no,cellular,jul,mon,-3,3830,35,32,0,failure,0,0.497860,NEGATIVE
admin.,divorced,basic.4y,no,no,no,cellular,jul,mon,-3,3830,35,32,0,failure,1,0.510842,POSITIVE
services,married,illiterate,unknown,unknown,unknown,telephone,oct,fri,-1,3805,36,42,4,nonexistent,0,0.490730,NEGATIVE
services,married,illiterate,unknown,unknown,unknown,telephone,oct,fri,-1,3805,36,42,4,nonexistent,1,0.503826,POSITIVE
self-employed,married,illiterate,unknown,unknown,unknown,telephone,apr,fri,-1,3797,37,40,4,nonexistent,0,0.487380,NEGATIVE
self-employed,married,illiterate,unknown,unknown,unknown,telephone,apr,fri,-1,3797,37,40,4,nonexistent,1,0.500095,POSITIVE
entrepreneur,divorced,basic.6y,no,no,no,cellular,aug,tue,-3,3766,35,34,1,failure,0,0.496598,NEGATIVE
entrepreneur,divorced,basic.6y,no,no,no,cellular,aug,tue,-3,3766,35,34,1,failure,1,0.509581,POSITIVE
admin.,divorced,basic.4y,no,no,no,cellular,jul,mon,-3,3908,36,0,0,failure,0,0.489591,NEGATIVE
admin.,divorced,basic.4y,no,no,no,cellular,jul,mon,-3,3908,36,0,0,failure,1,0.503948,POSITIVE
admin.,divorced,basic.4y,no,no,no,cellular,jan,mon,-3,4025,38,16,0,failure,0,0.499217,NEGATIVE
admin.,divorced,basic.4y,no,no,no,cellular,jan,mon,-3,4025,38,16,0,failure,1,0.504900,POSITIVE
self-employed,divorced,basic.6y,no,no,no,cellular,jan,tue,-3,3989,38,17,0,failure,0,0.491534,NEGATIVE
self-employed,divorced,basic.6y,no,no,no,cellular,jan,tue,-3,3989,38,17,0,failure,1,0.505891,POSITIVE
blue-collar,married,basic.9y,no,no,no,cellular,feb,wed,-2,3997,38,20,2,nonexistent,0,0.493518,NEGATIVE
blue-collar,married,basic.9y,no,no,no,cellular,feb,wed,-2,3997,38,20,2,nonexistent,1,0.507409,POSITIVE
blue-collar,divorced,basic.6y,no,no,no,cellular,jan,tue,-3,4028,38,8,0,failure,0,0.499268,NEGATIVE
blue-collar,divorced,basic.6y,no,no,no,cellular,jan,tue,-3,4028,38,8,0,failure,1,0.508875,POSITIVE
blue-collar,divorced,basic.6y,no,no,no,cellular,jan,tue,-3,3989,38,1,0,failure,0,0.494825,NEGATIVE
blue-collar,divorced,basic.6y,no,no,no,cellular,jan,tue,-3,3989,38,1,0,failure,1,0.501266,POSITIVE
services,divorced,basic.6y,no,no,no,cellular,feb,tue,-3,3954,38,18,1,failure,0,0.487598,NEGATIVE
services,divorced,basic.6y,no,no,no,cellular,feb,tue,-3,3954,38,18,1,failure,1,0.500579,POSITIVE
entrepreneur,married,basic.9y,no,no,no,cellular,mar,wed,-2,3962,38,21,2,nonexistent,0,0.490104,NEGATIVE
entrepreneur,married,basic.9y,no,no,no,cellular,mar,wed,-2,3962,38,21,2,nonexistent,1,0.503086,POSITIVE
student,married,basic.9y,no,no,no,cellular,mar,wed,-2,3923,38,21,2,nonexistent,0,0.493835,NEGATIVE
student,married,basic.9y,no,no,no,cellular,mar,wed,-2,3923,38,21,2,nonexistent,1,0.506818,POSITIVE
housemaid,married,illiterate,unknown,unknown,unknown,telephone,apr,fri,-1,3930,38,24,4,nonexistent,0,0.496963,NEGATIVE
housemaid,married,illiterate,unknown,unknown,unknown,telephone,apr,fri,-1,3930,38,24,4,nonexistent,1,0.509946,POSITIVE
management,married,basic.9y,no,no,no,cellular,mar,wed,-2,3962,38,5,2,nonexistent,0,0.496432,NEGATIVE
management,married,basic.9y,no,no,no,cellular,mar,wed,-2,3962,38,5,2,nonexistent,1,0.510788,POSITIVE
retired,married,high.school,unknown,unknown,unknown,telephone,apr,thu,-1,3927,38,7,3,nonexistent,0,0.494211,NEGATIVE
retired,married,high.school,unknown,unknown,unknown,telephone,apr,thu,-1,3927,38,7,3,nonexistent,1,0.507195,POSITIVE
blue-collar,divorced,basic.6y,no,no,no,cellular,feb,tue,-3,3837,36,17,0,failure,0,0.490203,NEGATIVE
blue-collar,divorced,basic.6y,no,no,no,cellular,feb,tue,-3,3837,36,17,0,failure,1,0.504559,POSITIVE
admin.,divorced,basic.4y,no,no,no,cellular,jul,mon,-3,3830,35,16,0,failure,0,0.497931,NEGATIVE
admin.,divorced,basic.4y,no,no,no,cellular,jul,mon,-3,3830,35,16,0,failure,1,0.512287,POSITIVE
entrepreneur,divorced,basic.6y,no,no,no,cellular,mar,tue,-3,3845,36,2,1,failure,0,0.494227,NEGATIVE
entrepreneur,divorced,basic.6y,no,no,no,cellular,mar,tue,-3,3845,36,2,1,failure,1,0.508584,POSITIVE
technician,single,professional.course,unknown,unknown,unknown,telephone,nov,(null),0,3821,37,29,6,success,0,0.492824,NEGATIVE
technician,single,professional.course,unknown,unknown,unknown,telephone,nov,(null),0,3821,37,29,6,success,1,0.507092,POSITIVE
technician,single,professional.course,unknown,unknown,unknown,telephone,nov,(null),0,3821,37,13,6,success,0,0.497072,NEGATIVE
technician,single,professional.course,unknown,unknown,unknown,telephone,nov,(null),0,3821,37,13,6,success,1,0.510435,POSITIVE
blue-collar,divorced,basic.6y,no,no,no,cellular,jan,tue,-3,3680,26,158,0,failure,0,0.498656,NEGATIVE
blue-collar,divorced,basic.6y,no,no,no,cellular,jan,tue,-3,3680,26,158,0,failure,1,0.506085,POSITIVE
entrepreneur,divorced,basic.6y,no,no,no,cellular,aug,tue,-3,3688,26,142,1,failure,0,0.497660,NEGATIVE
entrepreneur,divorced,basic.6y,no,no,no,cellular,aug,tue,-3,3688,26,142,1,failure,1,0.505089,POSITIVE
admin.,divorced,basic.6y,no,no,no,cellular,jan,tue,-3,3680,28,149,0,failure,0,0.494483,NEGATIVE
admin.,divorced,basic.6y,no,no,no,cellular,jan,tue,-3,3680,28,149,0,failure,1,0.501912,POSITIVE
self-employed,divorced,basic.6y,no,no,no,cellular,jan,tue,-3,3680,28,141,0,failure,0,0.499889,NEGATIVE
self-employed,divorced,basic.6y,no,no,no,cellular,jan,tue,-3,3680,28,141,0,failure,1,0.511327,POSITIVE
student,married,high.school,unknown,unknown,unknown,telephone,apr,thu,-1,3711,26,144,3,nonexistent,0,0.493480,NEGATIVE
student,married,high.school,unknown,unknown,unknown,telephone,apr,thu,-1,3711,26,144,3,nonexistent,1,0.501421,POSITIVE
housemaid,married,illiterate,unknown,unknown,unknown,telephone,apr,fri,-1,3726,26,145,4,nonexistent,0,0.497935,NEGATIVE
housemaid,married,illiterate,unknown,unknown,unknown,telephone,apr,fri,-1,3726,26,145,4,nonexistent,1,0.505876,POSITIVE
entrepreneur,divorced,basic.6y,no,no,no,cellular,feb,tue,-3,3610,26,150,1,failure,0,0.495813,NEGATIVE
entrepreneur,divorced,basic.6y,no,no,no,cellular,feb,tue,-3,3610,26,150,1,failure,1,0.503242,POSITIVE
blue-collar,divorced,basic.6y,no,no,no,cellular,jan,tue,-3,3602,28,141,0,failure,0,0.492167,NEGATIVE
blue-collar,divorced,basic.6y,no,no,no,cellular,jan,tue,-3,3602,28,141,0,failure,1,0.503607,POSITIVE
housemaid,married,high.school,unknown,unknown,unknown,telephone,apr,thu,-1,3633,26,144,3,nonexistent,0,0.494369,NEGATIVE
housemaid,married,high.school,unknown,unknown,unknown,telephone,apr,thu,-1,3633,26,144,3,nonexistent,1,0.501799,POSITIVE
blue-collar,divorced,basic.6y,no,no,no,cellular,jan,tue,-3,3610,30,126,0,failure,0,0.490177,NEGATIVE
blue-collar,divorced,basic.6y,no,no,no,cellular,jan,tue,-3,3610,30,126,0,failure,1,0.501616,POSITIVE
housemaid,married,basic.9y,no,no,no,cellular,aug,wed,-2,3641,26,129,2,nonexistent,0,0.497542,NEGATIVE
housemaid,married,basic.9y,no,no,no,cellular,aug,wed,-2,3641,26,129,2,nonexistent,1,0.508981,POSITIVE
self-employed,married,illiterate,unknown,unknown,unknown,telephone,apr,fri,-1,3687,27,133,4,nonexistent,0,0.495050,NEGATIVE
self-employed,married,illiterate,unknown,unknown,unknown,telephone,apr,fri,-1,3687,27,133,4,nonexistent,1,0.506490,POSITIVE
blue-collar,divorced,basic.6y,no,no,no,cellular,jan,tue,-3,3524,28,133,0,failure,0,0.495292,NEGATIVE
blue-collar,divorced,basic.6y,no,no,no,cellular,jan,tue,-3,3524,28,133,0,failure,1,0.506732,POSITIVE
housemaid,married,basic.9y,no,no,no,cellular,feb,wed,-2,3462,26,129,2,nonexistent,0,0.493426,NEGATIVE
housemaid,married,basic.9y,no,no,no,cellular,feb,wed,-2,3462,26,129,2,nonexistent,1,0.504866,POSITIVE
blue-collar,divorced,basic.6y,no,no,no,cellular,jan,tue,-3,3368,26,133,0,failure,0,0.492797,NEGATIVE
blue-collar,divorced,basic.6y,no,no,no,cellular,jan,tue,-3,3368,26,133,0,failure,1,0.504237,POSITIVE
blue-collar,divorced,basic.6y,no,no,no,cellular,jan,tue,-3,3290,26,125,0,failure,0,0.495923,NEGATIVE
blue-collar,divorced,basic.6y,no,no,no,cellular,jan,tue,-3,3290,26,125,0,failure,1,0.507363,POSITIVE
admin.,divorced,basic.4y,no,no,no,cellular,jul,mon,-3,3673,14,188,0,failure,0,0.499801,NEGATIVE
admin.,divorced,basic.4y,no,no,no,cellular,jul,mon,-3,3673,14,188,0,failure,1,0.500270,POSITIVE
admin.,divorced,basic.6y,no,no,no,cellular,jan,tue,-3,3680,11,204,0,failure,0,0.499739,NEGATIVE
admin.,divorced,basic.6y,no,no,no,cellular,jan,tue,-3,3680,11,204,0,failure,1,0.500208,POSITIVE
admin.,divorced,basic.6y,no,no,no,cellular,oct,tue,-3,3680,20,165,0,failure,0,0.497051,NEGATIVE
admin.,divorced,basic.6y,no,no,no,cellular,oct,tue,-3,3680,20,165,0,failure,1,0.501243,POSITIVE
blue-collar,divorced,basic.6y,no,no,no,cellular,apr,tue,-3,3688,23,166,1,failure,0,0.499726,NEGATIVE
blue-collar,divorced,basic.6y,no,no,no,cellular,apr,tue,-3,3688,23,166,1,failure,1,0.502047,POSITIVE
blue-collar,married,basic.9y,no,no,no,cellular,may,wed,-2,3618,23,159,2,nonexistent,0,0.493355,NEGATIVE
blue-collar,married,basic.9y,no,no,no,cellular,may,wed,-2,3618,23,159,2,nonexistent,1,0.501296,POSITIVE
admin.,divorced,basic.4y,no,no,no,cellular,jan,mon,-3,3517,20,173,0,failure,0,0.496326,NEGATIVE
admin.,divorced,basic.4y,no,no,no,cellular,jan,mon,-3,3517,20,173,0,failure,1,0.501811,POSITIVE
blue-collar,divorced,basic.6y,no,no,no,cellular,aug,tue,-3,3532,20,158,1,failure,0,0.499106,NEGATIVE
blue-collar,divorced,basic.6y,no,no,no,cellular,aug,tue,-3,3532,20,158,1,failure,1,0.501427,POSITIVE
admin.,divorced,basic.6y,no,no,no,cellular,jan,tue,-3,3446,23,157,0,failure,0,0.494293,NEGATIVE
admin.,divorced,basic.6y,no,no,no,cellular,jan,tue,-3,3446,23,157,0,failure,1,0.502233,POSITIVE
self-employed,divorced,basic.4y,no,no,no,cellular,apr,mon,-3,3439,20,157,0,failure,0,0.499012,NEGATIVE
self-employed,divorced,basic.4y,no,no,no,cellular,apr,mon,-3,3439,20,157,0,failure,1,0.503326,POSITIVE
admin.,divorced,basic.6y,no,no,no,cellular,jan,tue,-3,3446,17,173,0,failure,0,0.499935,NEGATIVE
admin.,divorced,basic.6y,no,no,no,cellular,jan,tue,-3,3446,17,173,0,failure,1,0.500404,POSITIVE
technician,single,professional.course,unknown,unknown,unknown,telephone,mar,(null),0,3578,15,170,5,success,0,0.499859,NEGATIVE
technician,single,professional.course,unknown,unknown,unknown,telephone,mar,(null),0,3578,15,170,5,success,1,0.500329,POSITIVE
technician,married,illiterate,unknown,unknown,unknown,telephone,may,fri,-1,3492,15,161,4,nonexistent,0,0.499708,NEGATIVE
technician,married,illiterate,unknown,unknown,unknown,telephone,may,fri,-1,3492,15,161,4,nonexistent,1,0.500178,POSITIVE
blue-collar,married,basic.9y,no,no,no,cellular,nov,wed,-2,3696,23,151,2,nonexistent,0,0.494378,NEGATIVE
blue-collar,married,basic.9y,no,no,no,cellular,nov,wed,-2,3696,23,151,2,nonexistent,1,0.502319,POSITIVE
student,married,illiterate,unknown,unknown,unknown,telephone,aug,fri,-1,3719,24,145,4,nonexistent,0,0.497108,NEGATIVE
student,married,illiterate,unknown,unknown,unknown,telephone,aug,fri,-1,3719,24,145,4,nonexistent,1,0.505048,POSITIVE
services,married,basic.9y,no,no,no,cellular,aug,wed,-2,3618,23,143,2,nonexistent,0,0.492987,NEGATIVE
services,married,basic.9y,no,no,no,cellular,aug,wed,-2,3618,23,143,2,nonexistent,1,0.500927,POSITIVE
housemaid,married,illiterate,unknown,unknown,unknown,telephone,aug,fri,-1,3641,24,145,4,nonexistent,0,0.494920,NEGATIVE
housemaid,married,illiterate,unknown,unknown,unknown,telephone,aug,fri,-1,3641,24,145,4,nonexistent,1,0.502860,POSITIVE
management,single,professional.course,unknown,unknown,unknown,telephone,nov,(null),0,3664,21,147,6,success,0,0.496337,NEGATIVE
management,single,professional.course,unknown,unknown,unknown,telephone,nov,(null),0,3664,21,147,6,success,1,0.501069,POSITIVE
management,single,professional.course,unknown,unknown,unknown,telephone,jun,(null),0,3734,24,154,5,success,0,0.492959,NEGATIVE
management,single,professional.course,unknown,unknown,unknown,telephone,jun,(null),0,3734,24,154,5,success,1,0.500899,POSITIVE
unemployed,single,professional.course,unknown,unknown,unknown,telephone,may,(null),0,3746,24,147,6,success,0,0.495586,NEGATIVE
unemployed,single,professional.course,unknown,unknown,unknown,telephone,may,(null),0,3746,24,147,6,success,1,0.500887,POSITIVE
student,married,illiterate,unknown,unknown,unknown,telephone,feb,fri,-1,3641,24,153,4,nonexistent,0,0.496084,NEGATIVE
student,married,illiterate,unknown,unknown,unknown,telephone,feb,fri,-1,3641,24,153,4,nonexistent,1,0.504025,POSITIVE
technician,married,illiterate,unknown,unknown,unknown,telephone,apr,fri,-1,3648,24,145,4,nonexistent,0,0.498729,NEGATIVE
technician,married,illiterate,unknown,unknown,unknown,telephone,apr,fri,-1,3648,24,145,4,nonexistent,1,0.506669,POSITIVE
management,single,professional.course,unknown,unknown,unknown,telephone,may,(null),0,3625,24,146,5,success,0,0.498657,NEGATIVE
management,single,professional.course,unknown,unknown,unknown,telephone,may,(null),0,3625,24,146,5,success,1,0.506598,POSITIVE
student,single,professional.course,unknown,unknown,unknown,telephone,nov,(null),0,3734,24,136,5,success,0,0.492438,NEGATIVE
student,single,professional.course,unknown,unknown,unknown,telephone,nov,(null),0,3734,24,136,5,success,1,0.500378,POSITIVE
self-employed,married,illiterate,unknown,unknown,unknown,telephone,oct,fri,-1,3641,24,137,4,nonexistent,0,0.497446,NEGATIVE
self-employed,married,illiterate,unknown,unknown,unknown,telephone,oct,fri,-1,3641,24,137,4,nonexistent,1,0.505387,POSITIVE
admin.,divorced,basic.6y,no,no,no,cellular,jul,tue,-3,3524,23,149,0,failure,0,0.495316,NEGATIVE
admin.,divorced,basic.6y,no,no,no,cellular,jul,tue,-3,3524,23,149,0,failure,1,0.503257,POSITIVE
blue-collar,married,basic.9y,no,no,no,cellular,aug,wed,-2,3540,23,143,2,nonexistent,0,0.495956,NEGATIVE
blue-collar,married,basic.9y,no,no,no,cellular,aug,wed,-2,3540,23,143,2,nonexistent,1,0.503897,POSITIVE
housemaid,married,illiterate,unknown,unknown,unknown,telephone,aug,fri,-1,3563,21,153,4,nonexistent,0,0.500502,POSITIVE
housemaid,married,illiterate,unknown,unknown,unknown,telephone,aug,fri,-1,3563,21,153,4,nonexistent,1,0.498424,NEGATIVE
management,single,professional.course,unknown,unknown,unknown,telephone,sep,(null),0,3586,21,147,6,success,0,0.496621,NEGATIVE
management,single,professional.course,unknown,unknown,unknown,telephone,sep,(null),0,3586,21,147,6,success,1,0.501353,POSITIVE
blue-collar,divorced,basic.6y,no,no,no,cellular,jul,tue,-3,3446,23,141,0,failure,0,0.499306,NEGATIVE
blue-collar,divorced,basic.6y,no,no,no,cellular,jul,tue,-3,3446,23,141,0,failure,1,0.506735,POSITIVE
housemaid,married,illiterate,unknown,unknown,unknown,telephone,aug,fri,-1,3492,21,145,4,nonexistent,0,0.497113,NEGATIVE
housemaid,married,illiterate,unknown,unknown,unknown,telephone,aug,fri,-1,3492,21,145,4,nonexistent,1,0.501845,POSITIVE
retired,married,high.school,unknown,unknown,unknown,telephone,apr,thu,-1,3555,24,148,3,nonexistent,0,0.499410,NEGATIVE
retired,married,high.school,unknown,unknown,unknown,telephone,apr,thu,-1,3555,24,148,3,nonexistent,1,0.507350,POSITIVE
self-employed,divorced,basic.6y,no,no,no,cellular,jan,tue,-3,3446,23,149,0,failure,0,0.499858,NEGATIVE
self-employed,divorced,basic.6y,no,no,no,cellular,jan,tue,-3,3446,23,149,0,failure,1,0.507798,POSITIVE
blue-collar,married,basic.9y,no,no,no,cellular,feb,wed,-2,3462,23,151,2,nonexistent,0,0.494933,NEGATIVE
blue-collar,married,basic.9y,no,no,no,cellular,feb,wed,-2,3462,23,151,2,nonexistent,1,0.502874,POSITIVE
entrepreneur,married,basic.9y,no,no,no,cellular,may,wed,-2,3469,23,143,2,nonexistent,0,0.495857,NEGATIVE
entrepreneur,married,basic.9y,no,no,no,cellular,may,wed,-2,3469,23,143,2,nonexistent,1,0.503798,POSITIVE
entrepreneur,married,basic.9y,no,no,no,cellular,nov,wed,-2,3547,23,135,2,nonexistent,0,0.496882,NEGATIVE
entrepreneur,married,basic.9y,no,no,no,cellular,nov,wed,-2,3547,23,135,2,nonexistent,1,0.504822,POSITIVE
housemaid,married,basic.9y,no,no,no,cellular,aug,wed,-2,3462,23,135,2,nonexistent,0,0.492720,NEGATIVE
housemaid,married,basic.9y,no,no,no,cellular,aug,wed,-2,3462,23,135,2,nonexistent,1,0.500660,POSITIVE
housemaid,married,illiterate,unknown,unknown,unknown,telephone,aug,fri,-1,3492,24,129,4,nonexistent,0,0.497422,NEGATIVE
housemaid,married,illiterate,unknown,unknown,unknown,telephone,aug,fri,-1,3492,24,129,4,nonexistent,1,0.505363,POSITIVE
unemployed,single,professional.course,unknown,unknown,unknown,telephone,may,(null),0,3551,24,131,6,success,0,0.493175,NEGATIVE
unemployed,single,professional.course,unknown,unknown,unknown,telephone,may,(null),0,3551,24,131,6,success,1,0.501115,POSITIVE
services,married,illiterate,unknown,unknown,unknown,telephone,apr,fri,-1,3492,24,135,4,nonexistent,0,0.492472,NEGATIVE
services,married,illiterate,unknown,unknown,unknown,telephone,apr,fri,-1,3492,24,135,4,nonexistent,1,0.500413,POSITIVE
management,single,professional.course,unknown,unknown,unknown,telephone,nov,(null),0,3734,12,178,5,success,0,0.499580,NEGATIVE
management,single,professional.course,unknown,unknown,unknown,telephone,nov,(null),0,3734,12,178,5,success,1,0.500050,POSITIVE
unemployed,single,professional.course,unknown,unknown,unknown,telephone,nov,(null),0,3742,9,179,6,success,0,0.499787,NEGATIVE
unemployed,single,professional.course,unknown,unknown,unknown,telephone,nov,(null),0,3742,9,179,6,success,1,0.500256,POSITIVE
unemployed,single,professional.course,unknown,unknown,unknown,telephone,sep,(null),0,3664,12,171,6,success,0,0.499602,NEGATIVE
unemployed,single,professional.course,unknown,unknown,unknown,telephone,sep,(null),0,3664,12,171,6,success,1,0.500070,POSITIVE
entrepreneur,married,basic.9y,no,no,no,cellular,sep,wed,-2,3391,20,143,2,nonexistent,0,0.496558,NEGATIVE
entrepreneur,married,basic.9y,no,no,no,cellular,sep,wed,-2,3391,20,143,2,nonexistent,1,0.504498,POSITIVE
blue-collar,divorced,basic.6y,no,no,no,cellular,jan,tue,-3,3368,23,149,0,failure,0,0.497669,NEGATIVE
blue-collar,divorced,basic.6y,no,no,no,cellular,jan,tue,-3,3368,23,149,0,failure,1,0.505609,POSITIVE
services,divorced,basic.6y,no,no,no,cellular,jan,tue,-3,3376,23,142,1,failure,0,0.492106,NEGATIVE
services,divorced,basic.6y,no,no,no,cellular,jan,tue,-3,3376,23,142,1,failure,1,0.500046,POSITIVE
student,married,high.school,unknown,unknown,unknown,telephone,may,thu,-1,3399,21,144,3,nonexistent,0,0.497376,NEGATIVE
student,married,high.school,unknown,unknown,unknown,telephone,may,thu,-1,3399,21,144,3,nonexistent,1,0.502108,POSITIVE
blue-collar,divorced,basic.6y,no,no,no,cellular,jan,tue,-3,3298,23,142,1,failure,0,0.497556,NEGATIVE
blue-collar,divorced,basic.6y,no,no,no,cellular,jan,tue,-3,3298,23,142,1,failure,1,0.504985,POSITIVE
management,married,basic.9y,no,no,no,cellular,sep,wed,-2,3344,21,130,2,nonexistent,0,0.495748,NEGATIVE
management,married,basic.9y,no,no,no,cellular,sep,wed,-2,3344,21,130,2,nonexistent,1,0.503689,POSITIVE
housemaid,married,illiterate,unknown,unknown,unknown,telephone,feb,fri,-1,3414,24,137,4,nonexistent,0,0.496399,NEGATIVE
housemaid,married,illiterate,unknown,unknown,unknown,telephone,feb,fri,-1,3414,24,137,4,nonexistent,1,0.504339,POSITIVE
student,married,high.school,unknown,unknown,unknown,telephone,may,thu,-1,3399,24,128,3,nonexistent,0,0.498829,NEGATIVE
student,married,high.school,unknown,unknown,unknown,telephone,may,thu,-1,3399,24,128,3,nonexistent,1,0.506769,POSITIVE
management,single,professional.course,unknown,unknown,unknown,telephone,may,(null),0,3430,24,130,5,success,0,0.496246,NEGATIVE
management,single,professional.course,unknown,unknown,unknown,telephone,may,(null),0,3430,24,130,5,success,1,0.504187,POSITIVE
services,divorced,basic.6y,no,no,no,cellular,feb,tue,-3,3298,23,134,1,failure,0,0.493594,NEGATIVE
services,divorced,basic.6y,no,no,no,cellular,feb,tue,-3,3298,23,134,1,failure,1,0.501440,POSITIVE
housemaid,married,illiterate,unknown,unknown,unknown,telephone,apr,fri,-1,3329,24,129,4,nonexistent,0,0.498491,NEGATIVE
housemaid,married,illiterate,unknown,unknown,unknown,telephone,apr,fri,-1,3329,24,129,4,nonexistent,1,0.506017,POSITIVE
technician,single,professional.course,unknown,unknown,unknown,telephone,mar,(null),0,3344,21,138,5,success,0,0.498350,NEGATIVE
technician,single,professional.course,unknown,unknown,unknown,telephone,mar,(null),0,3344,21,138,5,success,1,0.503082,POSITIVE
technician,single,professional.course,unknown,unknown,unknown,telephone,may,(null),0,3352,21,131,6,success,0,0.495315,NEGATIVE
technician,single,professional.course,unknown,unknown,unknown,telephone,may,(null),0,3352,21,131,6,success,1,0.500047,POSITIVE
student,married,illiterate,unknown,unknown,unknown,telephone,aug,fri,-1,3407,15,153,4,nonexistent,0,0.499688,NEGATIVE
student,married,illiterate,unknown,unknown,unknown,telephone,aug,fri,-1,3407,15,153,4,nonexistent,1,0.500026,POSITIVE
blue-collar,married,basic.9y,no,no,no,cellular,may,wed,-2,3228,20,143,2,nonexistent,0,0.497211,NEGATIVE
blue-collar,married,basic.9y,no,no,no,cellular,may,wed,-2,3228,20,143,2,nonexistent,1,0.504581,POSITIVE
self-employed,divorced,basic.6y,no,no,no,cellular,jul,tue,-3,3212,20,133,0,failure,0,0.492764,NEGATIVE
self-employed,divorced,basic.6y,no,no,no,cellular,jul,tue,-3,3212,20,133,0,failure,1,0.500704,POSITIVE
services,married,basic.9y,no,no,no,cellular,aug,wed,-2,3228,20,127,2,nonexistent,0,0.496843,NEGATIVE
services,married,basic.9y,no,no,no,cellular,aug,wed,-2,3228,20,127,2,nonexistent,1,0.504784,POSITIVE
housemaid,married,illiterate,unknown,unknown,unknown,telephone,aug,fri,-1,3251,21,129,4,nonexistent,0,0.498776,NEGATIVE
housemaid,married,illiterate,unknown,unknown,unknown,telephone,aug,fri,-1,3251,21,129,4,nonexistent,1,0.506717,POSITIVE
admin.,divorced,basic.6y,no,no,no,cellular,jul,tue,-3,3133,20,133,0,failure,0,0.498076,NEGATIVE
admin.,divorced,basic.6y,no,no,no,cellular,jul,tue,-3,3133,20,133,0,failure,1,0.506017,POSITIVE
blue-collar,married,basic.9y,no,no,no,cellular,aug,wed,-2,3149,20,127,2,nonexistent,0,0.498961,NEGATIVE
blue-collar,married,basic.9y,no,no,no,cellular,aug,wed,-2,3149,20,127,2,nonexistent,1,0.506901,POSITIVE
services,married,basic.9y,no,no,no,cellular,feb,wed,-2,3228,23,127,2,nonexistent,0,0.497354,NEGATIVE
services,married,basic.9y,no,no,no,cellular,feb,wed,-2,3228,23,127,2,nonexistent,1,0.504783,POSITIVE
services,married,basic.9y,no,no,no,cellular,feb,wed,-2,3149,20,135,2,nonexistent,0,0.494967,NEGATIVE
services,married,basic.9y,no,no,no,cellular,feb,wed,-2,3149,20,135,2,nonexistent,1,0.502907,POSITIVE
housemaid,married,illiterate,unknown,unknown,unknown,telephone,feb,fri,-1,3172,21,137,4,nonexistent,0,0.497265,NEGATIVE
housemaid,married,illiterate,unknown,unknown,unknown,telephone,feb,fri,-1,3172,21,137,4,nonexistent,1,0.505206,POSITIVE
self-employed,married,illiterate,unknown,unknown,unknown,telephone,apr,fri,-1,3172,21,129,4,nonexistent,0,0.499792,NEGATIVE
self-employed,married,illiterate,unknown,unknown,unknown,telephone,apr,fri,-1,3172,21,129,4,nonexistent,1,0.507732,POSITIVE
management,single,professional.course,unknown,unknown,unknown,telephone,may,(null),0,3188,15,146,5,success,0,0.499840,NEGATIVE
management,single,professional.course,unknown,unknown,unknown,telephone,may,(null),0,3188,15,146,5,success,1,0.500110,POSITIVE
management,single,professional.course,unknown,unknown,unknown,telephone,nov,(null),0,3278,18,131,6,success,0,0.492681,NEGATIVE
management,single,professional.course,unknown,unknown,unknown,telephone,nov,(null),0,3278,18,131,6,success,1,0.500804,POSITIVE
self-employed,divorced,basic.6y,no,no,no,cellular,apr,tue,-3,3368,8,181,0,failure,0,0.499917,NEGATIVE
self-employed,divorced,basic.6y,no,no,no,cellular,apr,tue,-3,3368,8,181,0,failure,1,0.500052,POSITIVE
blue-collar,married,basic.9y,no,no,no,cellular,feb,wed,-2,3306,8,182,2,nonexistent,0,0.499864,NEGATIVE
blue-collar,married,basic.9y,no,no,no,cellular,feb,wed,-2,3306,8,182,2,nonexistent,1,0.500000,POSITIVE
management,married,basic.9y,no,no,no,cellular,sep,wed,-2,3313,5,175,2,nonexistent,0,0.499938,NEGATIVE
management,married,basic.9y,no,no,no,cellular,sep,wed,-2,3313,5,175,2,nonexistent,1,0.500074,POSITIVE
technician,single,professional.course,unknown,unknown,unknown,telephone,nov,(null),0,3352,3,170,6,success,0,0.499933,NEGATIVE
technician,single,professional.course,unknown,unknown,unknown,telephone,nov,(null),0,3352,3,170,6,success,1,0.500069,POSITIVE
services,divorced,basic.6y,no,no,no,cellular,apr,tue,-3,3141,1,182,1,failure,0,0.499905,NEGATIVE
services,divorced,basic.6y,no,no,no,cellular,apr,tue,-3,3141,1,182,1,failure,1,0.500041,POSITIVE
entrepreneur,married,basic.9y,no,no,no,cellular,sep,wed,-2,3157,5,167,2,nonexistent,0,0.499998,NEGATIVE
entrepreneur,married,basic.9y,no,no,no,cellular,sep,wed,-2,3157,5,167,2,nonexistent,1,0.500134,POSITIVE
self-employed,married,illiterate,unknown,unknown,unknown,telephone,oct,fri,-1,3172,12,145,4,nonexistent,0,0.500000,NEGATIVE
self-employed,married,illiterate,unknown,unknown,unknown,telephone,oct,fri,-1,3172,12,145,4,nonexistent,1,0.500469,POSITIVE
unemployed,single,professional.course,unknown,unknown,unknown,telephone,may,(null),0,3196,12,147,6,success,0,0.499533,NEGATIVE
unemployed,single,professional.course,unknown,unknown,unknown,telephone,may,(null),0,3196,12,147,6,success,1,0.500002,POSITIVE
admin.,divorced,basic.6y,no,no,no,cellular,jan,tue,-3,3055,23,125,0,failure,0,0.492872,NEGATIVE
admin.,divorced,basic.6y,no,no,no,cellular,jan,tue,-3,3055,23,125,0,failure,1,0.500301,POSITIVE
blue-collar,married,basic.9y,no,no,no,cellular,feb,wed,-2,3071,20,135,2,nonexistent,0,0.497571,NEGATIVE
blue-collar,married,basic.9y,no,no,no,cellular,feb,wed,-2,3071,20,135,2,nonexistent,1,0.505512,POSITIVE
entrepreneur,married,basic.9y,no,no,no,cellular,may,wed,-2,3078,20,127,2,nonexistent,0,0.498495,NEGATIVE
entrepreneur,married,basic.9y,no,no,no,cellular,may,wed,-2,3078,20,127,2,nonexistent,1,0.506436,POSITIVE
housemaid,married,basic.9y,no,no,no,cellular,feb,wed,-2,2993,20,127,2,nonexistent,0,0.494333,NEGATIVE
housemaid,married,basic.9y,no,no,no,cellular,feb,wed,-2,2993,20,127,2,nonexistent,1,0.502274,POSITIVE
admin.,divorced,basic.6y,no,no,no,cellular,oct,tue,-3,3055,17,133,0,failure,0,0.498854,NEGATIVE
admin.,divorced,basic.6y,no,no,no,cellular,oct,tue,-3,3055,17,133,0,failure,1,0.501175,POSITIVE
technician,single,professional.course,unknown,unknown,unknown,telephone,jun,(null),0,3031,15,130,5,success,0,0.499785,NEGATIVE
technician,single,professional.course,unknown,unknown,unknown,telephone,jun,(null),0,3031,15,130,5,success,1,0.500055,POSITIVE
blue-collar,divorced,basic.6y,no,no,no,cellular,jan,tue,-3,2907,20,126,1,failure,0,0.499433,NEGATIVE
blue-collar,divorced,basic.6y,no,no,no,cellular,jan,tue,-3,2907,20,126,1,failure,1,0.507374,POSITIVE
admin.,divorced,basic.6y,no,no,no,cellular,jan,tue,-3,2821,14,141,0,failure,0,0.499912,NEGATIVE
admin.,divorced,basic.6y,no,no,no,cellular,jan,tue,-3,2821,14,141,0,failure,1,0.500381,POSITIVE
admin.,divorced,basic.4y,no,no,no,cellular,oct,mon,-3,2892,17,125,0,failure,0,0.498999,NEGATIVE
admin.,divorced,basic.4y,no,no,no,cellular,oct,mon,-3,2892,17,125,0,failure,1,0.501321,POSITIVE
self-employed,divorced,basic.6y,no,no,no,cellular,jan,tue,-3,3055,8,165,0,failure,0,0.499645,NEGATIVE
self-employed,divorced,basic.6y,no,no,no,cellular,jan,tue,-3,3055,8,165,0,failure,1,0.500043,POSITIVE
management,single,professional.course,unknown,unknown,unknown,telephone,nov,(null),0,3109,9,146,5,success,0,0.499557,NEGATIVE
management,single,professional.course,unknown,unknown,unknown,telephone,nov,(null),0,3109,9,146,5,success,1,0.500026,POSITIVE
unemployed,single,professional.course,unknown,unknown,unknown,telephone,sep,(null),0,3039,9,139,6,success,0,0.499578,NEGATIVE
unemployed,single,professional.course,unknown,unknown,unknown,telephone,sep,(null),0,3039,9,139,6,success,1,0.500048,POSITIVE
technician,single,professional.course,unknown,unknown,unknown,telephone,mar,(null),0,2953,12,138,5,success,0,0.499836,NEGATIVE
technician,single,professional.course,unknown,unknown,unknown,telephone,mar,(null),0,2953,12,138,5,success,1,0.500305,POSITIVE
technician,married,illiterate,unknown,unknown,unknown,telephone,may,fri,-1,2867,12,129,4,nonexistent,0,0.499686,NEGATIVE
technician,married,illiterate,unknown,unknown,unknown,telephone,may,fri,-1,2867,12,129,4,nonexistent,1,0.500154,POSITIVE
self-employed,married,illiterate,unknown,unknown,unknown,telephone,apr,fri,-1,2782,10,133,4,nonexistent,0,0.499672,NEGATIVE
self-employed,married,illiterate,unknown,unknown,unknown,telephone,apr,fri,-1,2782,10,133,4,nonexistent,1,0.500141,POSITIVE
admin.,divorced,basic.6y,no,no,no,cellular,jan,tue,-3,3680,33,110,0,failure,0,0.488235,NEGATIVE
admin.,divorced,basic.6y,no,no,no,cellular,jan,tue,-3,3680,33,110,0,failure,1,0.500705,POSITIVE
self-employed,divorced,basic.6y,no,no,no,cellular,jan,tue,-3,3680,33,102,0,failure,0,0.497849,NEGATIVE
self-employed,divorced,basic.6y,no,no,no,cellular,jan,tue,-3,3680,33,102,0,failure,1,0.510319,POSITIVE
blue-collar,divorced,basic.6y,no,no,no,cellular,jan,tue,-3,3602,33,95,0,failure,0,0.498416,NEGATIVE
blue-collar,divorced,basic.6y,no,no,no,cellular,jan,tue,-3,3602,33,95,0,failure,1,0.512276,POSITIVE
entrepreneur,divorced,basic.6y,no,no,no,cellular,aug,tue,-3,3688,30,111,1,failure,0,0.491524,NEGATIVE
entrepreneur,divorced,basic.6y,no,no,no,cellular,aug,tue,-3,3688,30,111,1,failure,1,0.502964,POSITIVE
management,married,basic.9y,no,no,no,cellular,mar,wed,-2,3656,30,115,2,nonexistent,0,0.489531,NEGATIVE
management,married,basic.9y,no,no,no,cellular,mar,wed,-2,3656,30,115,2,nonexistent,1,0.500970,POSITIVE
student,married,high.school,unknown,unknown,unknown,telephone,oct,thu,-1,3711,27,121,3,nonexistent,0,0.491437,NEGATIVE
student,married,high.school,unknown,unknown,unknown,telephone,oct,thu,-1,3711,27,121,3,nonexistent,1,0.502877,POSITIVE
student,married,high.school,unknown,unknown,unknown,telephone,oct,thu,-1,3711,28,113,3,nonexistent,0,0.489022,NEGATIVE
student,married,high.school,unknown,unknown,unknown,telephone,oct,thu,-1,3711,28,113,3,nonexistent,1,0.500461,POSITIVE
retired,married,high.school,unknown,unknown,unknown,telephone,oct,thu,-1,3633,27,117,3,nonexistent,0,0.494571,NEGATIVE
retired,married,high.school,unknown,unknown,unknown,telephone,oct,thu,-1,3633,27,117,3,nonexistent,1,0.506011,POSITIVE
student,single,professional.course,unknown,unknown,unknown,telephone,may,(null),0,3656,28,115,5,success,0,0.498840,NEGATIVE
student,single,professional.course,unknown,unknown,unknown,telephone,may,(null),0,3656,28,115,5,success,1,0.510279,POSITIVE
services,married,basic.9y,no,no,no,cellular,aug,wed,-2,3696,30,104,2,nonexistent,0,0.489600,NEGATIVE
services,married,basic.9y,no,no,no,cellular,aug,wed,-2,3696,30,104,2,nonexistent,1,0.501716,POSITIVE
entrepreneur,married,basic.9y,no,no,no,cellular,sep,wed,-2,3703,30,104,2,nonexistent,0,0.490995,NEGATIVE
entrepreneur,married,basic.9y,no,no,no,cellular,sep,wed,-2,3703,30,104,2,nonexistent,1,0.503466,POSITIVE
retired,married,high.school,unknown,unknown,unknown,telephone,oct,thu,-1,3711,31,97,3,nonexistent,0,0.487583,NEGATIVE
retired,married,high.school,unknown,unknown,unknown,telephone,oct,thu,-1,3711,31,97,3,nonexistent,1,0.500052,POSITIVE
housemaid,married,basic.9y,no,no,no,cellular,aug,wed,-2,3618,30,98,2,nonexistent,0,0.488835,NEGATIVE
housemaid,married,basic.9y,no,no,no,cellular,aug,wed,-2,3618,30,98,2,nonexistent,1,0.501305,POSITIVE
services,married,illiterate,unknown,unknown,unknown,telephone,apr,fri,-1,3703,31,104,4,nonexistent,0,0.491602,NEGATIVE
services,married,illiterate,unknown,unknown,unknown,telephone,apr,fri,-1,3703,31,104,4,nonexistent,1,0.503041,POSITIVE
management,single,professional.course,unknown,unknown,unknown,telephone,nov,(null),0,3742,28,108,6,success,0,0.496734,NEGATIVE
management,single,professional.course,unknown,unknown,unknown,telephone,nov,(null),0,3742,28,108,6,success,1,0.508174,POSITIVE
services,married,illiterate,unknown,unknown,unknown,telephone,oct,fri,-1,3648,28,106,4,nonexistent,0,0.490662,NEGATIVE
services,married,illiterate,unknown,unknown,unknown,telephone,oct,fri,-1,3648,28,106,4,nonexistent,1,0.502102,POSITIVE
management,single,professional.course,unknown,unknown,unknown,telephone,nov,(null),0,3664,28,100,6,success,0,0.499860,NEGATIVE
management,single,professional.course,unknown,unknown,unknown,telephone,nov,(null),0,3664,28,100,6,success,1,0.511299,POSITIVE
admin.,divorced,basic.6y,no,no,no,cellular,jan,tue,-3,3524,30,118,0,failure,0,0.490449,NEGATIVE
admin.,divorced,basic.6y,no,no,no,cellular,jan,tue,-3,3524,30,118,0,failure,1,0.501888,POSITIVE
self-employed,divorced,basic.6y,no,no,no,cellular,jan,tue,-3,3524,30,110,0,failure,0,0.490885,NEGATIVE
self-employed,divorced,basic.6y,no,no,no,cellular,jan,tue,-3,3524,30,110,0,failure,1,0.502325,POSITIVE
admin.,divorced,basic.6y,no,no,no,cellular,apr,tue,-3,3524,30,110,0,failure,0,0.490376,NEGATIVE
admin.,divorced,basic.6y,no,no,no,cellular,apr,tue,-3,3524,30,110,0,failure,1,0.501816,POSITIVE
admin.,divorced,basic.6y,no,no,no,cellular,jan,tue,-3,3446,30,110,0,failure,0,0.492216,NEGATIVE
admin.,divorced,basic.6y,no,no,no,cellular,jan,tue,-3,3446,30,110,0,failure,1,0.503656,POSITIVE
housemaid,married,basic.9y,no,no,no,cellular,aug,wed,-2,3485,26,114,2,nonexistent,0,0.494289,NEGATIVE
housemaid,married,basic.9y,no,no,no,cellular,aug,wed,-2,3485,26,114,2,nonexistent,1,0.505728,POSITIVE
self-employed,married,illiterate,unknown,unknown,unknown,telephone,apr,fri,-1,3531,27,118,4,nonexistent,0,0.495870,NEGATIVE
self-employed,married,illiterate,unknown,unknown,unknown,telephone,apr,fri,-1,3531,27,118,4,nonexistent,1,0.507310,POSITIVE
blue-collar,divorced,basic.6y,no,no,no,cellular,aug,tue,-3,3532,30,95,1,failure,0,0.497949,NEGATIVE
blue-collar,divorced,basic.6y,no,no,no,cellular,aug,tue,-3,3532,30,95,1,failure,1,0.510419,POSITIVE
self-employed,divorced,basic.6y,no,no,no,cellular,apr,tue,-3,3524,30,102,0,failure,0,0.491603,NEGATIVE
self-employed,divorced,basic.6y,no,no,no,cellular,apr,tue,-3,3524,30,102,0,failure,1,0.503610,POSITIVE
blue-collar,married,basic.9y,no,no,no,cellular,may,wed,-2,3540,30,104,2,nonexistent,0,0.497267,NEGATIVE
blue-collar,married,basic.9y,no,no,no,cellular,may,wed,-2,3540,30,104,2,nonexistent,1,0.509737,POSITIVE
services,married,basic.9y,no,no,no,cellular,may,wed,-2,3540,30,96,2,nonexistent,0,0.498541,NEGATIVE
services,married,basic.9y,no,no,no,cellular,may,wed,-2,3540,30,96,2,nonexistent,1,0.511012,POSITIVE
self-employed,divorced,basic.6y,no,no,no,cellular,jan,tue,-3,3446,30,102,0,failure,0,0.494011,NEGATIVE
self-employed,divorced,basic.6y,no,no,no,cellular,jan,tue,-3,3446,30,102,0,failure,1,0.505451,POSITIVE
blue-collar,married,basic.9y,no,no,no,cellular,may,wed,-2,3462,30,96,2,nonexistent,0,0.490963,NEGATIVE
blue-collar,married,basic.9y,no,no,no,cellular,may,wed,-2,3462,30,96,2,nonexistent,1,0.503434,POSITIVE
student,married,high.school,unknown,unknown,unknown,telephone,oct,thu,-1,3555,27,105,3,nonexistent,0,0.490900,NEGATIVE
student,married,high.school,unknown,unknown,unknown,telephone,oct,thu,-1,3555,27,105,3,nonexistent,1,0.502339,POSITIVE
management,single,professional.course,unknown,unknown,unknown,telephone,nov,(null),0,3586,26,108,6,success,0,0.494238,NEGATIVE
management,single,professional.course,unknown,unknown,unknown,telephone,nov,(null),0,3586,26,108,6,success,1,0.505679,POSITIVE
services,married,illiterate,unknown,unknown,unknown,telephone,oct,fri,-1,3570,28,98,4,nonexistent,0,0.493788,NEGATIVE
services,married,illiterate,unknown,unknown,unknown,telephone,oct,fri,-1,3570,28,98,4,nonexistent,1,0.505228,POSITIVE
retired,married,high.school,unknown,unknown,unknown,telephone,oct,thu,-1,3477,27,101,3,nonexistent,0,0.494034,NEGATIVE
retired,married,high.school,unknown,unknown,unknown,telephone,oct,thu,-1,3477,27,101,3,nonexistent,1,0.505474,POSITIVE
admin.,divorced,basic.4y,no,no,no,cellular,jul,mon,-3,3673,33,79,0,failure,0,0.499644,NEGATIVE
admin.,divorced,basic.4y,no,no,no,cellular,jul,mon,-3,3673,33,79,0,failure,1,0.512359,POSITIVE
management,married,basic.9y,no,no,no,cellular,mar,wed,-2,3703,34,84,2,nonexistent,0,0.493019,NEGATIVE
management,married,basic.9y,no,no,no,cellular,mar,wed,-2,3703,34,84,2,nonexistent,1,0.505491,POSITIVE
blue-collar,divorced,basic.6y,no,no,no,cellular,feb,tue,-3,3602,33,80,0,failure,0,0.488926,NEGATIVE
blue-collar,divorced,basic.6y,no,no,no,cellular,feb,tue,-3,3602,33,80,0,failure,1,0.501641,POSITIVE
management,married,basic.9y,no,no,no,cellular,may,wed,-2,3703,34,68,2,nonexistent,0,0.492482,NEGATIVE
management,married,basic.9y,no,no,no,cellular,may,wed,-2,3703,34,68,2,nonexistent,1,0.505579,POSITIVE
entrepreneur,divorced,basic.6y,no,no,no,cellular,mar,tue,-3,3610,33,65,1,failure,0,0.487702,NEGATIVE
entrepreneur,divorced,basic.6y,no,no,no,cellular,mar,tue,-3,3610,33,65,1,failure,1,0.500416,POSITIVE
housemaid,married,basic.9y,no,no,no,cellular,feb,wed,-2,3540,33,83,2,nonexistent,0,0.489443,NEGATIVE
housemaid,married,basic.9y,no,no,no,cellular,feb,wed,-2,3540,33,83,2,nonexistent,1,0.501913,POSITIVE
blue-collar,divorced,basic.6y,no,no,no,cellular,jan,tue,-3,3524,33,64,0,failure,0,0.487519,NEGATIVE
blue-collar,divorced,basic.6y,no,no,no,cellular,jan,tue,-3,3524,33,64,0,failure,1,0.500234,POSITIVE
student,married,basic.9y,no,no,no,cellular,mar,wed,-2,3469,33,65,2,nonexistent,0,0.492758,NEGATIVE
student,married,basic.9y,no,no,no,cellular,mar,wed,-2,3469,33,65,2,nonexistent,1,0.505855,POSITIVE
technician,married,illiterate,unknown,unknown,unknown,telephone,aug,fri,-1,3726,31,91,4,nonexistent,0,0.499932,NEGATIVE
technician,married,illiterate,unknown,unknown,unknown,telephone,aug,fri,-1,3726,31,91,4,nonexistent,1,0.512401,POSITIVE
unemployed,single,professional.course,unknown,unknown,unknown,telephone,nov,(null),0,3742,30,85,6,success,0,0.487575,NEGATIVE
unemployed,single,professional.course,unknown,unknown,unknown,telephone,nov,(null),0,3742,30,85,6,success,1,0.500044,POSITIVE
management,single,professional.course,unknown,unknown,unknown,telephone,nov,(null),0,3734,32,84,5,success,0,0.493078,NEGATIVE
management,single,professional.course,unknown,unknown,unknown,telephone,nov,(null),0,3734,32,84,5,success,1,0.505549,POSITIVE
services,divorced,basic.6y,no,no,no,cellular,oct,tue,-3,3610,30,88,1,failure,0,0.496108,NEGATIVE
services,divorced,basic.6y,no,no,no,cellular,oct,tue,-3,3610,30,88,1,failure,1,0.508580,POSITIVE
self-employed,married,illiterate,unknown,unknown,unknown,telephone,oct,fri,-1,3641,31,83,4,nonexistent,0,0.498781,NEGATIVE
self-employed,married,illiterate,unknown,unknown,unknown,telephone,oct,fri,-1,3641,31,83,4,nonexistent,1,0.511251,POSITIVE
technician,single,professional.course,unknown,unknown,unknown,telephone,may,(null),0,3656,31,91,5,success,0,0.495764,NEGATIVE
technician,single,professional.course,unknown,unknown,unknown,telephone,may,(null),0,3656,31,91,5,success,1,0.508235,POSITIVE
technician,single,professional.course,unknown,unknown,unknown,telephone,nov,(null),0,3742,31,77,6,success,0,0.498480,NEGATIVE
technician,single,professional.course,unknown,unknown,unknown,telephone,nov,(null),0,3742,31,77,6,success,1,0.510950,POSITIVE
technician,married,illiterate,unknown,unknown,unknown,telephone,oct,fri,-1,3648,31,75,4,nonexistent,0,0.498641,NEGATIVE
technician,married,illiterate,unknown,unknown,unknown,telephone,oct,fri,-1,3648,31,75,4,nonexistent,1,0.511112,POSITIVE
technician,single,professional.course,unknown,unknown,unknown,telephone,nov,(null),0,3664,31,69,6,success,0,0.492176,NEGATIVE
technician,single,professional.course,unknown,unknown,unknown,telephone,nov,(null),0,3664,31,69,6,success,1,0.504648,POSITIVE
management,married,basic.9y,no,no,no,cellular,sep,wed,-2,3547,30,84,2,nonexistent,0,0.495304,NEGATIVE
management,married,basic.9y,no,no,no,cellular,sep,wed,-2,3547,30,84,2,nonexistent,1,0.507775,POSITIVE
student,married,high.school,unknown,unknown,unknown,telephone,may,thu,-1,3555,31,90,3,nonexistent,0,0.499570,NEGATIVE
student,married,high.school,unknown,unknown,unknown,telephone,may,thu,-1,3555,31,90,3,nonexistent,1,0.512039,POSITIVE
technician,single,professional.course,unknown,unknown,unknown,telephone,mar,(null),0,3578,31,91,5,success,0,0.487785,NEGATIVE
technician,single,professional.course,unknown,unknown,unknown,telephone,mar,(null),0,3578,31,91,5,success,1,0.500255,POSITIVE
student,single,professional.course,unknown,unknown,unknown,telephone,may,(null),0,3578,31,84,5,success,0,0.499647,NEGATIVE
student,single,professional.course,unknown,unknown,unknown,telephone,may,(null),0,3578,31,84,5,success,1,0.512115,POSITIVE
self-employed,divorced,basic.4y,no,no,no,cellular,jul,mon,-3,3439,30,87,0,failure,0,0.495748,NEGATIVE
self-employed,divorced,basic.4y,no,no,no,cellular,jul,mon,-3,3439,30,87,0,failure,1,0.508219,POSITIVE
housemaid,married,basic.9y,no,no,no,cellular,aug,wed,-2,3462,30,81,2,nonexistent,0,0.492779,NEGATIVE
housemaid,married,basic.9y,no,no,no,cellular,aug,wed,-2,3462,30,81,2,nonexistent,1,0.505250,POSITIVE
housemaid,married,illiterate,unknown,unknown,unknown,telephone,apr,fri,-1,3485,31,90,4,nonexistent,0,0.490894,NEGATIVE
housemaid,married,illiterate,unknown,unknown,unknown,telephone,apr,fri,-1,3485,31,90,4,nonexistent,1,0.503364,POSITIVE
student,married,illiterate,unknown,unknown,unknown,telephone,apr,fri,-1,3485,31,83,4,nonexistent,0,0.489987,NEGATIVE
student,married,illiterate,unknown,unknown,unknown,telephone,apr,fri,-1,3485,31,83,4,nonexistent,1,0.502457,POSITIVE
admin.,divorced,basic.6y,no,no,no,cellular,jan,tue,-3,3446,32,79,0,failure,0,0.493035,NEGATIVE
admin.,divorced,basic.6y,no,no,no,cellular,jan,tue,-3,3446,32,79,0,failure,1,0.506391,POSITIVE
technician,single,professional.course,unknown,unknown,unknown,telephone,nov,(null),0,3578,28,91,5,success,0,0.495049,NEGATIVE
technician,single,professional.course,unknown,unknown,unknown,telephone,nov,(null),0,3578,28,91,5,success,1,0.507521,POSITIVE
management,single,professional.course,unknown,unknown,unknown,telephone,nov,(null),0,3586,28,92,6,success,0,0.493117,NEGATIVE
management,single,professional.course,unknown,unknown,unknown,telephone,nov,(null),0,3586,28,92,6,success,1,0.505588,POSITIVE
unemployed,single,professional.course,unknown,unknown,unknown,telephone,nov,(null),0,3586,28,85,6,success,0,0.493573,NEGATIVE
unemployed,single,professional.course,unknown,unknown,unknown,telephone,nov,(null),0,3586,28,85,6,success,1,0.506045,POSITIVE
services,married,illiterate,unknown,unknown,unknown,telephone,oct,fri,-1,3492,28,91,4,nonexistent,0,0.488271,NEGATIVE
services,married,illiterate,unknown,unknown,unknown,telephone,oct,fri,-1,3492,28,91,4,nonexistent,1,0.500741,POSITIVE
student,single,professional.course,unknown,unknown,unknown,telephone,nov,(null),0,3500,28,84,5,success,0,0.498931,NEGATIVE
student,single,professional.course,unknown,unknown,unknown,telephone,nov,(null),0,3500,28,84,5,success,1,0.511402,POSITIVE
services,married,illiterate,unknown,unknown,unknown,telephone,sep,fri,-1,3547,31,73,4,nonexistent,0,0.495009,NEGATIVE
services,married,illiterate,unknown,unknown,unknown,telephone,sep,fri,-1,3547,31,73,4,nonexistent,1,0.507480,POSITIVE
technician,single,professional.course,unknown,unknown,unknown,telephone,nov,(null),0,3508,28,77,6,success,0,0.497092,NEGATIVE
technician,single,professional.course,unknown,unknown,unknown,telephone,nov,(null),0,3508,28,77,6,success,1,0.509562,POSITIVE
blue-collar,divorced,basic.6y,no,no,no,cellular,jan,tue,-3,3368,28,118,0,failure,0,0.489325,NEGATIVE
blue-collar,divorced,basic.6y,no,no,no,cellular,jan,tue,-3,3368,28,118,0,failure,1,0.500764,POSITIVE
self-employed,divorced,basic.6y,no,no,no,cellular,jan,tue,-3,3368,28,110,0,failure,0,0.498814,NEGATIVE
self-employed,divorced,basic.6y,no,no,no,cellular,jan,tue,-3,3368,28,110,0,failure,1,0.510254,POSITIVE
housemaid,married,basic.9y,no,no,no,cellular,feb,wed,-2,3306,26,114,2,nonexistent,0,0.490174,NEGATIVE
housemaid,married,basic.9y,no,no,no,cellular,feb,wed,-2,3306,26,114,2,nonexistent,1,0.501613,POSITIVE
entrepreneur,divorced,basic.6y,no,no,no,cellular,feb,tue,-3,3376,30,96,1,failure,0,0.493154,NEGATIVE
entrepreneur,divorced,basic.6y,no,no,no,cellular,feb,tue,-3,3376,30,96,1,failure,1,0.505626,POSITIVE
admin.,divorced,basic.6y,no,no,no,cellular,jan,tue,-3,3290,30,94,0,failure,0,0.496240,NEGATIVE
admin.,divorced,basic.6y,no,no,no,cellular,jan,tue,-3,3290,30,94,0,failure,1,0.508711,POSITIVE
housemaid,married,basic.9y,no,no,no,cellular,aug,wed,-2,3329,26,98,2,nonexistent,0,0.496467,NEGATIVE
housemaid,married,basic.9y,no,no,no,cellular,aug,wed,-2,3329,26,98,2,nonexistent,1,0.507907,POSITIVE
self-employed,married,illiterate,unknown,unknown,unknown,telephone,apr,fri,-1,3375,27,102,4,nonexistent,0,0.493975,NEGATIVE
self-employed,married,illiterate,unknown,unknown,unknown,telephone,apr,fri,-1,3375,27,102,4,nonexistent,1,0.505416,POSITIVE
admin.,divorced,basic.6y,no,no,no,cellular,jan,tue,-3,3212,26,118,0,failure,0,0.495882,NEGATIVE
admin.,divorced,basic.6y,no,no,no,cellular,jan,tue,-3,3212,26,118,0,failure,1,0.507322,POSITIVE
entrepreneur,divorced,basic.6y,no,no,no,cellular,feb,tue,-3,3220,26,111,1,failure,0,0.493217,NEGATIVE
entrepreneur,divorced,basic.6y,no,no,no,cellular,feb,tue,-3,3220,26,111,1,failure,1,0.504657,POSITIVE
admin.,divorced,basic.6y,no,no,no,cellular,jan,tue,-3,3133,26,110,0,failure,0,0.496433,NEGATIVE
admin.,divorced,basic.6y,no,no,no,cellular,jan,tue,-3,3133,26,110,0,failure,1,0.507873,POSITIVE
housemaid,married,basic.9y,no,no,no,cellular,feb,wed,-2,3149,26,98,2,nonexistent,0,0.491405,NEGATIVE
housemaid,married,basic.9y,no,no,no,cellular,feb,wed,-2,3149,26,98,2,nonexistent,1,0.502845,POSITIVE
admin.,divorced,basic.4y,no,no,no,cellular,jul,mon,-3,3361,30,87,0,failure,0,0.493079,NEGATIVE
admin.,divorced,basic.4y,no,no,no,cellular,jul,mon,-3,3361,30,87,0,failure,1,0.505551,POSITIVE
self-employed,divorced,basic.4y,no,no,no,cellular,jul,mon,-3,3361,30,79,0,failure,0,0.489445,NEGATIVE
self-employed,divorced,basic.4y,no,no,no,cellular,jul,mon,-3,3361,30,79,0,failure,1,0.501914,POSITIVE
blue-collar,divorced,basic.6y,no,no,no,cellular,aug,tue,-3,3376,30,80,1,failure,0,0.494296,NEGATIVE
blue-collar,divorced,basic.6y,no,no,no,cellular,aug,tue,-3,3376,30,80,1,failure,1,0.506767,POSITIVE
services,married,basic.9y,no,no,no,cellular,feb,wed,-2,3384,30,88,2,nonexistent,0,0.499208,NEGATIVE
services,married,basic.9y,no,no,no,cellular,feb,wed,-2,3384,30,88,2,nonexistent,1,0.511678,POSITIVE
retired,married,high.school,unknown,unknown,unknown,telephone,apr,thu,-1,3399,31,82,3,nonexistent,0,0.493644,NEGATIVE
retired,married,high.school,unknown,unknown,unknown,telephone,apr,thu,-1,3399,31,82,3,nonexistent,1,0.506115,POSITIVE
housemaid,married,basic.9y,no,no,no,cellular,feb,wed,-2,3306,30,83,2,nonexistent,0,0.498443,NEGATIVE
housemaid,married,basic.9y,no,no,no,cellular,feb,wed,-2,3306,30,83,2,nonexistent,1,0.510913,POSITIVE
self-employed,married,illiterate,unknown,unknown,unknown,telephone,oct,fri,-1,3407,27,87,4,nonexistent,0,0.499680,NEGATIVE
self-employed,married,illiterate,unknown,unknown,unknown,telephone,oct,fri,-1,3407,27,87,4,nonexistent,1,0.512150,POSITIVE
self-employed,married,illiterate,unknown,unknown,unknown,telephone,aug,fri,-1,3329,27,87,4,nonexistent,0,0.491699,NEGATIVE
self-employed,married,illiterate,unknown,unknown,unknown,telephone,aug,fri,-1,3329,27,87,4,nonexistent,1,0.504170,POSITIVE
admin.,divorced,basic.4y,no,no,no,cellular,oct,mon,-3,3361,30,71,0,failure,0,0.495708,NEGATIVE
admin.,divorced,basic.4y,no,no,no,cellular,oct,mon,-3,3361,30,71,0,failure,1,0.509569,POSITIVE
student,married,basic.9y,no,no,no,cellular,sep,wed,-2,3391,30,65,2,nonexistent,0,0.498424,NEGATIVE
student,married,basic.9y,no,no,no,cellular,sep,wed,-2,3391,30,65,2,nonexistent,1,0.510895,POSITIVE
housemaid,married,high.school,unknown,unknown,unknown,telephone,oct,thu,-1,3399,31,66,3,nonexistent,0,0.491468,NEGATIVE
housemaid,married,high.school,unknown,unknown,unknown,telephone,oct,thu,-1,3399,31,66,3,nonexistent,1,0.503939,POSITIVE
services,divorced,basic.6y,no,no,no,cellular,feb,tue,-3,3376,32,72,1,failure,0,0.496056,NEGATIVE
services,divorced,basic.6y,no,no,no,cellular,feb,tue,-3,3376,32,72,1,failure,1,0.509917,POSITIVE
self-employed,divorced,basic.6y,no,no,no,cellular,jan,tue,-3,3368,32,63,0,failure,0,0.488180,NEGATIVE
self-employed,divorced,basic.6y,no,no,no,cellular,jan,tue,-3,3368,32,63,0,failure,1,0.500895,POSITIVE
management,single,professional.course,unknown,unknown,unknown,telephone,may,(null),0,3430,31,69,6,success,0,0.495445,NEGATIVE
management,single,professional.course,unknown,unknown,unknown,telephone,may,(null),0,3430,31,69,6,success,1,0.507917,POSITIVE
blue-collar,divorced,basic.6y,no,no,no,cellular,jul,tue,-3,3290,30,64,0,failure,0,0.487535,NEGATIVE
blue-collar,divorced,basic.6y,no,no,no,cellular,jul,tue,-3,3290,30,64,0,failure,1,0.500630,POSITIVE
student,married,basic.9y,no,no,no,cellular,mar,wed,-2,3313,30,73,2,nonexistent,0,0.493665,NEGATIVE
student,married,basic.9y,no,no,no,cellular,mar,wed,-2,3313,30,73,2,nonexistent,1,0.506137,POSITIVE
technician,married,illiterate,unknown,unknown,unknown,telephone,apr,fri,-1,3336,30,67,4,nonexistent,0,0.494664,NEGATIVE
technician,married,illiterate,unknown,unknown,unknown,telephone,apr,fri,-1,3336,30,67,4,nonexistent,1,0.507136,POSITIVE
management,single,professional.course,unknown,unknown,unknown,telephone,mar,(null),0,3352,31,69,6,success,0,0.499079,NEGATIVE
management,single,professional.course,unknown,unknown,unknown,telephone,mar,(null),0,3352,31,69,6,success,1,0.511549,POSITIVE
technician,single,professional.course,unknown,unknown,unknown,telephone,nov,(null),0,3430,28,69,6,success,0,0.490788,NEGATIVE
technician,single,professional.course,unknown,unknown,unknown,telephone,nov,(null),0,3430,28,69,6,success,1,0.503259,POSITIVE
services,married,illiterate,unknown,unknown,unknown,telephone,oct,fri,-1,3336,28,73,4,nonexistent,0,0.495762,NEGATIVE
services,married,illiterate,unknown,unknown,unknown,telephone,oct,fri,-1,3336,28,73,4,nonexistent,1,0.508233,POSITIVE
blue-collar,divorced,basic.6y,no,no,no,cellular,jan,tue,-3,3212,30,80,0,failure,0,0.486831,NEGATIVE
blue-collar,divorced,basic.6y,no,no,no,cellular,jan,tue,-3,3212,30,80,0,failure,1,0.500690,POSITIVE
admin.,divorced,basic.4y,no,no,no,cellular,jul,mon,-3,3205,28,87,0,failure,0,0.499080,NEGATIVE
admin.,divorced,basic.4y,no,no,no,cellular,jul,mon,-3,3205,28,87,0,failure,1,0.511549,POSITIVE
management,married,basic.9y,no,no,no,cellular,sep,wed,-2,3235,27,81,2,nonexistent,0,0.498854,NEGATIVE
management,married,basic.9y,no,no,no,cellular,sep,wed,-2,3235,27,81,2,nonexistent,1,0.511324,POSITIVE
entrepreneur,divorced,basic.6y,no,no,no,cellular,aug,tue,-3,3141,26,88,1,failure,0,0.497559,NEGATIVE
entrepreneur,divorced,basic.6y,no,no,no,cellular,aug,tue,-3,3141,26,88,1,failure,1,0.510030,POSITIVE
blue-collar,married,basic.9y,no,no,no,cellular,aug,wed,-2,3149,26,81,2,nonexistent,0,0.497261,NEGATIVE
blue-collar,married,basic.9y,no,no,no,cellular,aug,wed,-2,3149,26,81,2,nonexistent,1,0.509732,POSITIVE
self-employed,married,illiterate,unknown,unknown,unknown,telephone,apr,fri,-1,3219,27,87,4,nonexistent,0,0.489300,NEGATIVE
self-employed,married,illiterate,unknown,unknown,unknown,telephone,apr,fri,-1,3219,27,87,4,nonexistent,1,0.501771,POSITIVE
admin.,divorced,basic.4y,no,no,no,cellular,jan,mon,-3,3205,30,63,0,failure,0,0.488646,NEGATIVE
admin.,divorced,basic.4y,no,no,no,cellular,jan,mon,-3,3205,30,63,0,failure,1,0.501361,POSITIVE
self-employed,divorced,basic.6y,no,no,no,cellular,jan,tue,-3,3169,30,71,0,failure,0,0.487151,NEGATIVE
self-employed,divorced,basic.6y,no,no,no,cellular,jan,tue,-3,3169,30,71,0,failure,1,0.501011,POSITIVE
services,divorced,basic.6y,no,no,no,cellular,aug,tue,-3,3220,28,72,1,failure,0,0.499934,NEGATIVE
services,divorced,basic.6y,no,no,no,cellular,aug,tue,-3,3220,28,72,1,failure,1,0.512403,POSITIVE
housemaid,married,illiterate,unknown,unknown,unknown,telephone,oct,fri,-1,3251,27,75,4,nonexistent,0,0.491255,NEGATIVE
housemaid,married,illiterate,unknown,unknown,unknown,telephone,oct,fri,-1,3251,27,75,4,nonexistent,1,0.503726,POSITIVE
technician,single,professional.course,unknown,unknown,unknown,telephone,nov,(null),0,3274,26,69,6,success,0,0.496788,NEGATIVE
technician,single,professional.course,unknown,unknown,unknown,telephone,nov,(null),0,3274,26,69,6,success,1,0.509258,POSITIVE
management,married,basic.9y,no,no,no,cellular,sep,wed,-2,3157,27,73,2,nonexistent,0,0.491773,NEGATIVE
management,married,basic.9y,no,no,no,cellular,sep,wed,-2,3157,27,73,2,nonexistent,1,0.504245,POSITIVE
management,married,basic.9y,no,no,no,cellular,sep,wed,-2,3181,28,65,2,nonexistent,0,0.492735,NEGATIVE
management,married,basic.9y,no,no,no,cellular,sep,wed,-2,3181,28,65,2,nonexistent,1,0.505206,POSITIVE
services,married,illiterate,unknown,unknown,unknown,telephone,apr,fri,-1,3180,28,75,4,nonexistent,0,0.497491,NEGATIVE
services,married,illiterate,unknown,unknown,unknown,telephone,apr,fri,-1,3180,28,75,4,nonexistent,1,0.509962,POSITIVE
management,single,professional.course,unknown,unknown,unknown,telephone,may,(null),0,3196,28,69,6,success,0,0.493928,NEGATIVE
management,single,professional.course,unknown,unknown,unknown,telephone,may,(null),0,3196,28,69,6,success,1,0.506399,POSITIVE
retired,married,high.school,unknown,unknown,unknown,telephone,jul,thu,-1,3711,35,55,3,nonexistent,0,0.490246,NEGATIVE
retired,married,high.school,unknown,unknown,unknown,telephone,jul,thu,-1,3711,35,55,3,nonexistent,1,0.503342,POSITIVE
admin.,divorced,basic.4y,no,no,no,cellular,jul,mon,-3,3595,33,48,0,failure,0,0.492949,NEGATIVE
admin.,divorced,basic.4y,no,no,no,cellular,jul,mon,-3,3595,33,48,0,failure,1,0.505932,POSITIVE
housemaid,married,basic.9y,no,no,no,cellular,feb,wed,-2,3618,34,52,2,nonexistent,0,0.495940,NEGATIVE
housemaid,married,basic.9y,no,no,no,cellular,feb,wed,-2,3618,34,52,2,nonexistent,1,0.508656,POSITIVE
self-employed,married,illiterate,unknown,unknown,unknown,telephone,aug,fri,-1,3719,35,40,4,nonexistent,0,0.488009,NEGATIVE
self-employed,married,illiterate,unknown,unknown,unknown,telephone,aug,fri,-1,3719,35,40,4,nonexistent,1,0.501104,POSITIVE
housemaid,married,basic.9y,no,no,no,cellular,apr,wed,-2,3618,34,36,2,nonexistent,0,0.492721,NEGATIVE
housemaid,married,basic.9y,no,no,no,cellular,apr,wed,-2,3618,34,36,2,nonexistent,1,0.505704,POSITIVE
admin.,divorced,basic.4y,no,no,no,cellular,jan,mon,-3,3517,33,48,0,failure,0,0.491886,NEGATIVE
admin.,divorced,basic.4y,no,no,no,cellular,jan,mon,-3,3517,33,48,0,failure,1,0.504869,POSITIVE
services,married,basic.9y,no,no,no,cellular,feb,wed,-2,3462,33,57,2,nonexistent,0,0.489284,NEGATIVE
services,married,basic.9y,no,no,no,cellular,feb,wed,-2,3462,33,57,2,nonexistent,1,0.502380,POSITIVE
self-employed,married,illiterate,unknown,unknown,unknown,telephone,apr,fri,-1,3500,34,52,4,nonexistent,0,0.489983,NEGATIVE
self-employed,married,illiterate,unknown,unknown,unknown,telephone,apr,fri,-1,3500,34,52,4,nonexistent,1,0.503079,POSITIVE
admin.,divorced,basic.4y,no,no,no,cellular,jan,mon,-3,3517,33,32,0,failure,0,0.491693,NEGATIVE
admin.,divorced,basic.4y,no,no,no,cellular,jan,mon,-3,3517,33,32,0,failure,1,0.506050,POSITIVE
self-employed,married,illiterate,unknown,unknown,unknown,telephone,oct,fri,-1,3500,33,40,4,nonexistent,0,0.492811,NEGATIVE
self-employed,married,illiterate,unknown,unknown,unknown,telephone,oct,fri,-1,3500,33,40,4,nonexistent,1,0.505907,POSITIVE
retired,married,high.school,unknown,unknown,unknown,telephone,apr,thu,-1,3477,34,39,3,nonexistent,0,0.488278,NEGATIVE
retired,married,high.school,unknown,unknown,unknown,telephone,apr,thu,-1,3477,34,39,3,nonexistent,1,0.500993,POSITIVE
technician,single,professional.course,unknown,unknown,unknown,telephone,nov,(null),0,3586,31,60,6,success,0,0.494148,NEGATIVE
technician,single,professional.course,unknown,unknown,unknown,telephone,nov,(null),0,3586,31,60,6,success,1,0.506620,POSITIVE
self-employed,divorced,basic.6y,no,no,no,cellular,jul,tue,-3,3446,32,56,0,failure,0,0.491836,NEGATIVE
self-employed,divorced,basic.6y,no,no,no,cellular,jul,tue,-3,3446,32,56,0,failure,1,0.504932,POSITIVE
blue-collar,divorced,basic.6y,no,no,no,cellular,aug,tue,-3,3454,32,57,1,failure,0,0.487821,NEGATIVE
blue-collar,divorced,basic.6y,no,no,no,cellular,aug,tue,-3,3454,32,57,1,failure,1,0.500536,POSITIVE
entrepreneur,divorced,basic.6y,no,no,no,cellular,aug,tue,-3,3454,32,49,1,failure,0,0.496188,NEGATIVE
entrepreneur,divorced,basic.6y,no,no,no,cellular,aug,tue,-3,3454,32,49,1,failure,1,0.508904,POSITIVE
blue-collar,divorced,basic.6y,no,no,no,cellular,jul,tue,-3,3446,32,33,0,failure,0,0.489798,NEGATIVE
blue-collar,divorced,basic.6y,no,no,no,cellular,jul,tue,-3,3446,32,33,0,failure,1,0.502781,POSITIVE
self-employed,married,illiterate,unknown,unknown,unknown,telephone,aug,fri,-1,3719,35,24,4,nonexistent,0,0.493556,NEGATIVE
self-employed,married,illiterate,unknown,unknown,unknown,telephone,aug,fri,-1,3719,35,24,4,nonexistent,1,0.506539,POSITIVE
self-employed,married,illiterate,unknown,unknown,unknown,telephone,aug,fri,-1,3719,35,8,4,nonexistent,0,0.493302,NEGATIVE
self-employed,married,illiterate,unknown,unknown,unknown,telephone,aug,fri,-1,3719,35,8,4,nonexistent,1,0.506285,POSITIVE
housemaid,married,basic.9y,no,no,no,cellular,apr,wed,-2,3618,34,20,2,nonexistent,0,0.492466,NEGATIVE
housemaid,married,basic.9y,no,no,no,cellular,apr,wed,-2,3618,34,20,2,nonexistent,1,0.505450,POSITIVE
housemaid,married,basic.9y,no,no,no,cellular,apr,wed,-2,3618,34,4,2,nonexistent,0,0.492212,NEGATIVE
housemaid,married,basic.9y,no,no,no,cellular,apr,wed,-2,3618,34,4,2,nonexistent,1,0.505388,POSITIVE
blue-collar,divorced,basic.6y,no,no,no,cellular,feb,tue,-3,3524,33,17,0,failure,0,0.495717,NEGATIVE
blue-collar,divorced,basic.6y,no,no,no,cellular,feb,tue,-3,3524,33,17,0,failure,1,0.510074,POSITIVE
blue-collar,divorced,basic.6y,no,no,no,cellular,feb,tue,-3,3524,33,1,0,failure,0,0.494210,NEGATIVE
blue-collar,divorced,basic.6y,no,no,no,cellular,feb,tue,-3,3524,33,1,0,failure,1,0.500952,POSITIVE
retired,married,high.school,unknown,unknown,unknown,telephone,oct,thu,-1,3497,33,23,3,nonexistent,0,0.491192,NEGATIVE
retired,married,high.school,unknown,unknown,unknown,telephone,oct,thu,-1,3497,33,23,3,nonexistent,1,0.504175,POSITIVE
services,married,illiterate,unknown,unknown,unknown,telephone,oct,fri,-1,3465,33,26,4,nonexistent,0,0.493599,NEGATIVE
services,married,illiterate,unknown,unknown,unknown,telephone,oct,fri,-1,3465,33,26,4,nonexistent,1,0.506696,POSITIVE
retired,married,high.school,unknown,unknown,unknown,telephone,apr,thu,-1,3477,34,23,3,nonexistent,0,0.491332,NEGATIVE
retired,married,high.school,unknown,unknown,unknown,telephone,apr,thu,-1,3477,34,23,3,nonexistent,1,0.504316,POSITIVE
admin.,divorced,basic.4y,no,no,no,cellular,jan,mon,-3,3439,33,0,0,failure,0,0.495869,NEGATIVE
admin.,divorced,basic.4y,no,no,no,cellular,jan,mon,-3,3439,33,0,0,failure,1,0.507382,POSITIVE
blue-collar,divorced,basic.6y,no,no,no,cellular,jul,tue,-3,3446,32,17,0,failure,0,0.489544,NEGATIVE
blue-collar,divorced,basic.6y,no,no,no,cellular,jul,tue,-3,3446,32,17,0,failure,1,0.502526,POSITIVE
admin.,divorced,basic.4y,no,no,no,cellular,jul,mon,-3,3478,32,0,0,failure,0,0.491670,NEGATIVE
admin.,divorced,basic.4y,no,no,no,cellular,jul,mon,-3,3478,32,0,0,failure,1,0.506027,POSITIVE
blue-collar,divorced,basic.6y,no,no,no,cellular,jul,tue,-3,3442,32,1,0,failure,0,0.487921,NEGATIVE
blue-collar,divorced,basic.6y,no,no,no,cellular,jul,tue,-3,3442,32,1,0,failure,1,0.500903,POSITIVE
student,married,high.school,unknown,unknown,unknown,telephone,oct,thu,-1,3399,31,59,3,nonexistent,0,0.490107,NEGATIVE
student,married,high.school,unknown,unknown,unknown,telephone,oct,thu,-1,3399,31,59,3,nonexistent,1,0.502577,POSITIVE
management,single,professional.course,unknown,unknown,unknown,telephone,nov,(null),0,3422,30,60,5,success,0,0.495580,NEGATIVE
management,single,professional.course,unknown,unknown,unknown,telephone,nov,(null),0,3422,30,60,5,success,1,0.508051,POSITIVE
services,married,basic.9y,no,no,no,cellular,aug,wed,-2,3384,32,50,2,nonexistent,0,0.489751,NEGATIVE
services,married,basic.9y,no,no,no,cellular,aug,wed,-2,3384,32,50,2,nonexistent,1,0.502847,POSITIVE
technician,single,professional.course,unknown,unknown,unknown,telephone,nov,(null),0,3422,30,53,5,success,0,0.495227,NEGATIVE
technician,single,professional.course,unknown,unknown,unknown,telephone,nov,(null),0,3422,30,53,5,success,1,0.508053,POSITIVE
housemaid,married,high.school,unknown,unknown,unknown,telephone,oct,thu,-1,3399,32,51,3,nonexistent,0,0.496651,NEGATIVE
housemaid,married,high.school,unknown,unknown,unknown,telephone,oct,thu,-1,3399,32,51,3,nonexistent,1,0.509747,POSITIVE
self-employed,divorced,basic.6y,no,no,no,cellular,jan,tue,-3,3368,32,56,0,failure,0,0.493950,NEGATIVE
self-employed,divorced,basic.6y,no,no,no,cellular,jan,tue,-3,3368,32,56,0,failure,1,0.506666,POSITIVE
blue-collar,divorced,basic.6y,no,no,no,cellular,feb,tue,-3,3376,32,57,1,failure,0,0.491168,NEGATIVE
blue-collar,divorced,basic.6y,no,no,no,cellular,feb,tue,-3,3376,32,57,1,failure,1,0.503884,POSITIVE
self-employed,divorced,basic.4y,no,no,no,cellular,jan,mon,-3,3361,32,48,0,failure,0,0.491472,NEGATIVE
self-employed,divorced,basic.4y,no,no,no,cellular,jan,mon,-3,3361,32,48,0,failure,1,0.504188,POSITIVE
admin.,divorced,basic.6y,no,no,no,cellular,jan,tue,-3,3368,32,48,0,failure,0,0.487422,NEGATIVE
admin.,divorced,basic.6y,no,no,no,cellular,jan,tue,-3,3368,32,48,0,failure,1,0.500403,POSITIVE
self-employed,married,illiterate,unknown,unknown,unknown,telephone,aug,fri,-1,3329,31,56,4,nonexistent,0,0.492867,NEGATIVE
self-employed,married,illiterate,unknown,unknown,unknown,telephone,aug,fri,-1,3329,31,56,4,nonexistent,1,0.507136,POSITIVE
technician,single,professional.course,unknown,unknown,unknown,telephone,nov,(null),0,3352,28,60,6,success,0,0.492760,NEGATIVE
technician,single,professional.course,unknown,unknown,unknown,telephone,nov,(null),0,3352,28,60,6,success,1,0.505231,POSITIVE
housemaid,married,basic.9y,no,no,no,cellular,aug,wed,-2,3384,32,36,2,nonexistent,0,0.487533,NEGATIVE
housemaid,married,basic.9y,no,no,no,cellular,aug,wed,-2,3384,32,36,2,nonexistent,1,0.500248,POSITIVE
technician,single,professional.course,unknown,unknown,unknown,telephone,nov,(null),0,3395,30,45,6,success,0,0.499254,NEGATIVE
technician,single,professional.course,unknown,unknown,unknown,telephone,nov,(null),0,3395,30,45,6,success,1,0.513520,POSITIVE
admin.,divorced,basic.4y,no,no,no,cellular,jan,mon,-3,3400,32,40,0,failure,0,0.489352,NEGATIVE
admin.,divorced,basic.4y,no,no,no,cellular,jan,mon,-3,3400,32,40,0,failure,1,0.502335,POSITIVE
admin.,divorced,basic.4y,no,no,no,cellular,jul,mon,-3,3283,30,32,0,failure,0,0.499165,NEGATIVE
admin.,divorced,basic.4y,no,no,no,cellular,jul,mon,-3,3283,30,32,0,failure,1,0.512146,POSITIVE
admin.,divorced,basic.4y,no,no,no,cellular,jan,mon,-3,3205,30,48,0,failure,0,0.498355,NEGATIVE
admin.,divorced,basic.4y,no,no,no,cellular,jan,mon,-3,3205,30,48,0,failure,1,0.511338,POSITIVE
services,divorced,basic.6y,no,no,no,cellular,feb,tue,-3,3141,30,57,1,failure,0,0.486985,NEGATIVE
services,divorced,basic.6y,no,no,no,cellular,feb,tue,-3,3141,30,57,1,failure,1,0.500080,POSITIVE
student,married,basic.9y,no,no,no,cellular,mar,wed,-2,3157,30,50,2,nonexistent,0,0.489441,NEGATIVE
student,married,basic.9y,no,no,no,cellular,mar,wed,-2,3157,30,50,2,nonexistent,1,0.502536,POSITIVE
housemaid,married,illiterate,unknown,unknown,unknown,telephone,apr,fri,-1,3188,31,52,4,nonexistent,0,0.486939,NEGATIVE
housemaid,married,illiterate,unknown,unknown,unknown,telephone,apr,fri,-1,3188,31,52,4,nonexistent,1,0.500034,POSITIVE
student,single,professional.course,unknown,unknown,unknown,telephone,nov,(null),0,3266,28,59,5,success,0,0.496572,NEGATIVE
student,single,professional.course,unknown,unknown,unknown,telephone,nov,(null),0,3266,28,59,5,success,1,0.509043,POSITIVE
retired,married,high.school,unknown,unknown,unknown,telephone,oct,thu,-1,3165,28,59,3,nonexistent,0,0.495625,NEGATIVE
retired,married,high.school,unknown,unknown,unknown,telephone,oct,thu,-1,3165,28,59,3,nonexistent,1,0.508096,POSITIVE
services,married,illiterate,unknown,unknown,unknown,telephone,oct,fri,-1,3192,28,52,4,nonexistent,0,0.490341,NEGATIVE
services,married,illiterate,unknown,unknown,unknown,telephone,oct,fri,-1,3192,28,52,4,nonexistent,1,0.502812,POSITIVE
self-employed,married,illiterate,unknown,unknown,unknown,telephone,oct,fri,-1,3149,28,52,4,nonexistent,0,0.495687,NEGATIVE
self-employed,married,illiterate,unknown,unknown,unknown,telephone,oct,fri,-1,3149,28,52,4,nonexistent,1,0.509955,POSITIVE
technician,single,professional.course,unknown,unknown,unknown,telephone,nov,(null),0,3196,26,60,6,success,0,0.498631,NEGATIVE
technician,single,professional.course,unknown,unknown,unknown,telephone,nov,(null),0,3196,26,60,6,success,1,0.511101,POSITIVE
management,married,basic.9y,no,no,no,cellular,may,wed,-2,3188,30,37,2,nonexistent,0,0.487838,NEGATIVE
management,married,basic.9y,no,no,no,cellular,may,wed,-2,3188,30,37,2,nonexistent,1,0.500552,POSITIVE
student,single,professional.course,unknown,unknown,unknown,telephone,nov,(null),0,3430,33,21,5,success,0,0.486644,NEGATIVE
student,single,professional.course,unknown,unknown,unknown,telephone,nov,(null),0,3430,33,21,5,success,1,0.500911,POSITIVE
services,married,illiterate,unknown,unknown,unknown,telephone,feb,fri,-1,3426,34,28,4,nonexistent,0,0.488244,NEGATIVE
services,married,illiterate,unknown,unknown,unknown,telephone,feb,fri,-1,3426,34,28,4,nonexistent,1,0.501000,POSITIVE
technician,single,professional.course,unknown,unknown,unknown,telephone,may,(null),0,3434,34,22,6,success,0,0.488021,NEGATIVE
technician,single,professional.course,unknown,unknown,unknown,telephone,may,(null),0,3434,34,22,6,success,1,0.501117,POSITIVE
technician,single,professional.course,unknown,unknown,unknown,telephone,may,(null),0,3434,34,13,6,success,0,0.487878,NEGATIVE
technician,single,professional.course,unknown,unknown,unknown,telephone,may,(null),0,3434,34,13,6,success,1,0.501240,POSITIVE
housemaid,married,basic.9y,no,no,no,cellular,aug,wed,-2,3384,32,20,2,nonexistent,0,0.488563,NEGATIVE
housemaid,married,basic.9y,no,no,no,cellular,aug,wed,-2,3384,32,20,2,nonexistent,1,0.501546,POSITIVE
self-employed,divorced,basic.4y,no,no,no,cellular,jan,mon,-3,3361,32,16,0,failure,0,0.493946,NEGATIVE
self-employed,divorced,basic.4y,no,no,no,cellular,jan,mon,-3,3361,32,16,0,failure,1,0.508288,POSITIVE
housemaid,married,basic.9y,no,no,no,cellular,aug,wed,-2,3411,32,4,2,nonexistent,0,0.497891,NEGATIVE
housemaid,married,basic.9y,no,no,no,cellular,aug,wed,-2,3411,32,4,2,nonexistent,1,0.510874,POSITIVE
management,married,basic.9y,no,no,no,cellular,sep,wed,-2,3376,32,10,2,nonexistent,0,0.496108,NEGATIVE
management,married,basic.9y,no,no,no,cellular,sep,wed,-2,3376,32,10,2,nonexistent,1,0.509091,POSITIVE
self-employed,divorced,basic.4y,no,no,no,cellular,jan,mon,-3,3361,32,0,0,failure,0,0.498392,NEGATIVE
self-employed,divorced,basic.4y,no,no,no,cellular,jan,mon,-3,3361,32,0,0,failure,1,0.512747,POSITIVE
blue-collar,divorced,basic.6y,no,no,no,cellular,feb,tue,-3,3368,32,2,1,failure,0,0.499620,NEGATIVE
blue-collar,divorced,basic.6y,no,no,no,cellular,feb,tue,-3,3368,32,2,1,failure,1,0.513975,POSITIVE
admin.,divorced,basic.4y,no,no,no,cellular,jul,mon,-3,3283,30,16,0,failure,0,0.498910,NEGATIVE
admin.,divorced,basic.4y,no,no,no,cellular,jul,mon,-3,3283,30,16,0,failure,1,0.511892,POSITIVE
self-employed,divorced,basic.6y,no,no,no,cellular,jan,tue,-3,3325,32,17,0,failure,0,0.490220,NEGATIVE
self-employed,divorced,basic.6y,no,no,no,cellular,jan,tue,-3,3325,32,17,0,failure,1,0.503203,POSITIVE
retired,married,high.school,unknown,unknown,unknown,telephone,oct,thu,-1,3341,32,11,3,nonexistent,0,0.494236,NEGATIVE
retired,married,high.school,unknown,unknown,unknown,telephone,oct,thu,-1,3341,32,11,3,nonexistent,1,0.507220,POSITIVE
admin.,divorced,basic.4y,no,no,no,cellular,jul,mon,-3,3283,30,8,0,failure,0,0.498806,NEGATIVE
admin.,divorced,basic.4y,no,no,no,cellular,jul,mon,-3,3283,30,8,0,failure,1,0.513161,POSITIVE
blue-collar,divorced,basic.6y,no,no,no,cellular,oct,tue,-3,3286,30,0,0,failure,0,0.490898,NEGATIVE
blue-collar,divorced,basic.6y,no,no,no,cellular,oct,tue,-3,3286,30,0,0,failure,1,0.503881,POSITIVE
self-employed,divorced,basic.6y,no,no,no,cellular,jan,tue,-3,3325,32,1,0,failure,0,0.491204,NEGATIVE
self-employed,divorced,basic.6y,no,no,no,cellular,jan,tue,-3,3325,32,1,0,failure,1,0.505561,POSITIVE
admin.,divorced,basic.4y,no,no,no,cellular,jan,mon,-3,3322,32,0,0,failure,0,0.490106,NEGATIVE
admin.,divorced,basic.4y,no,no,no,cellular,jan,mon,-3,3322,32,0,0,failure,1,0.503402,POSITIVE
services,married,basic.9y,no,no,no,cellular,feb,wed,-2,3294,32,4,2,nonexistent,0,0.496204,NEGATIVE
services,married,basic.9y,no,no,no,cellular,feb,wed,-2,3294,32,4,2,nonexistent,1,0.509187,POSITIVE
entrepreneur,married,basic.9y,no,no,no,cellular,mar,wed,-2,3298,32,5,2,nonexistent,0,0.488747,NEGATIVE
entrepreneur,married,basic.9y,no,no,no,cellular,mar,wed,-2,3298,32,5,2,nonexistent,1,0.501730,POSITIVE
housemaid,married,basic.9y,no,no,no,cellular,aug,wed,-2,3228,30,20,2,nonexistent,0,0.487932,NEGATIVE
housemaid,married,basic.9y,no,no,no,cellular,aug,wed,-2,3228,30,20,2,nonexistent,1,0.500914,POSITIVE
housemaid,married,basic.9y,no,no,no,cellular,aug,wed,-2,3228,30,4,2,nonexistent,0,0.487678,NEGATIVE
housemaid,married,basic.9y,no,no,no,cellular,aug,wed,-2,3228,30,4,2,nonexistent,1,0.500660,POSITIVE
retired,married,high.school,unknown,unknown,unknown,telephone,apr,thu,-1,3263,32,7,3,nonexistent,0,0.493109,NEGATIVE
retired,married,high.school,unknown,unknown,unknown,telephone,apr,thu,-1,3263,32,7,3,nonexistent,1,0.506093,POSITIVE
self-employed,married,illiterate,unknown,unknown,unknown,telephone,apr,fri,-1,3227,32,8,4,nonexistent,0,0.491250,NEGATIVE
self-employed,married,illiterate,unknown,unknown,unknown,telephone,apr,fri,-1,3227,32,8,4,nonexistent,1,0.504233,POSITIVE
admin.,divorced,basic.4y,no,no,no,cellular,jan,mon,-3,3126,30,0,0,failure,0,0.498699,NEGATIVE
admin.,divorced,basic.4y,no,no,no,cellular,jan,mon,-3,3126,30,0,0,failure,1,0.510688,POSITIVE
blue-collar,divorced,basic.6y,no,no,no,cellular,jan,tue,-3,3055,26,102,0,failure,0,0.490371,NEGATIVE
blue-collar,divorced,basic.6y,no,no,no,cellular,jan,tue,-3,3055,26,102,0,failure,1,0.501810,POSITIVE
entrepreneur,divorced,basic.6y,no,no,no,cellular,feb,tue,-3,3063,26,95,1,failure,0,0.498116,NEGATIVE
entrepreneur,divorced,basic.6y,no,no,no,cellular,feb,tue,-3,3063,26,95,1,failure,1,0.509556,POSITIVE
blue-collar,divorced,basic.6y,no,no,no,cellular,jan,tue,-3,2977,26,94,0,failure,0,0.493496,NEGATIVE
blue-collar,divorced,basic.6y,no,no,no,cellular,jan,tue,-3,2977,26,94,0,failure,1,0.504936,POSITIVE
admin.,divorced,basic.4y,no,no,no,cellular,jul,mon,-3,2970,26,79,0,failure,0,0.497482,NEGATIVE
admin.,divorced,basic.4y,no,no,no,cellular,jul,mon,-3,2970,26,79,0,failure,1,0.509953,POSITIVE
management,married,basic.9y,no,no,no,cellular,mar,wed,-2,3078,27,84,2,nonexistent,0,0.494948,NEGATIVE
management,married,basic.9y,no,no,no,cellular,mar,wed,-2,3078,27,84,2,nonexistent,1,0.507419,POSITIVE
self-employed,divorced,basic.6y,no,no,no,cellular,jan,tue,-3,2977,26,87,0,failure,0,0.492124,NEGATIVE
self-employed,divorced,basic.6y,no,no,no,cellular,jan,tue,-3,2977,26,87,0,failure,1,0.503564,POSITIVE
blue-collar,married,basic.9y,no,no,no,cellular,feb,wed,-2,2993,26,88,2,nonexistent,0,0.498662,NEGATIVE
blue-collar,married,basic.9y,no,no,no,cellular,feb,wed,-2,2993,26,88,2,nonexistent,1,0.511132,POSITIVE
services,divorced,basic.6y,no,no,no,cellular,feb,tue,-3,2985,26,80,1,failure,0,0.499882,NEGATIVE
services,divorced,basic.6y,no,no,no,cellular,feb,tue,-3,2985,26,80,1,failure,1,0.512352,POSITIVE
housemaid,married,high.school,unknown,unknown,unknown,telephone,apr,thu,-1,3008,26,82,3,nonexistent,0,0.496331,NEGATIVE
housemaid,married,high.school,unknown,unknown,unknown,telephone,apr,thu,-1,3008,26,82,3,nonexistent,1,0.508802,POSITIVE
self-employed,divorced,basic.4y,no,no,no,cellular,jul,mon,-3,2970,26,71,0,failure,0,0.493846,NEGATIVE
self-employed,divorced,basic.4y,no,no,no,cellular,jul,mon,-3,2970,26,71,0,failure,1,0.506318,POSITIVE
blue-collar,divorced,basic.6y,no,no,no,cellular,aug,tue,-3,2985,26,72,1,failure,0,0.498699,NEGATIVE
blue-collar,divorced,basic.6y,no,no,no,cellular,aug,tue,-3,2985,26,72,1,failure,1,0.511169,POSITIVE
services,divorced,basic.6y,no,no,no,cellular,aug,tue,-3,2985,26,64,1,failure,0,0.498337,NEGATIVE
services,divorced,basic.6y,no,no,no,cellular,aug,tue,-3,2985,26,64,1,failure,1,0.510807,POSITIVE
entrepreneur,married,basic.9y,no,no,no,cellular,sep,wed,-2,3000,26,65,2,nonexistent,0,0.499915,NEGATIVE
entrepreneur,married,basic.9y,no,no,no,cellular,sep,wed,-2,3000,26,65,2,nonexistent,1,0.512384,POSITIVE
student,married,high.school,unknown,unknown,unknown,telephone,apr,thu,-1,3086,27,74,3,nonexistent,0,0.497881,NEGATIVE
student,married,high.school,unknown,unknown,unknown,telephone,apr,thu,-1,3086,27,74,3,nonexistent,1,0.510351,POSITIVE
services,married,illiterate,unknown,unknown,unknown,telephone,apr,fri,-1,3101,28,67,4,nonexistent,0,0.490282,NEGATIVE
services,married,illiterate,unknown,unknown,unknown,telephone,apr,fri,-1,3101,28,67,4,nonexistent,1,0.502753,POSITIVE
retired,married,high.school,unknown,unknown,unknown,telephone,apr,thu,-1,3008,27,70,3,nonexistent,0,0.493394,NEGATIVE
retired,married,high.school,unknown,unknown,unknown,telephone,apr,thu,-1,3008,27,70,3,nonexistent,1,0.505866,POSITIVE
admin.,divorced,basic.6y,no,no,no,cellular,jan,tue,-3,2899,26,87,0,failure,0,0.488778,NEGATIVE
admin.,divorced,basic.6y,no,no,no,cellular,jan,tue,-3,2899,26,87,0,failure,1,0.501249,POSITIVE
blue-collar,divorced,basic.6y,no,no,no,cellular,feb,tue,-3,2907,26,80,1,failure,0,0.493940,NEGATIVE
blue-collar,divorced,basic.6y,no,no,no,cellular,feb,tue,-3,2907,26,80,1,failure,1,0.506411,POSITIVE
blue-collar,divorced,basic.6y,no,no,no,cellular,feb,tue,-3,2829,26,64,0,failure,0,0.499046,NEGATIVE
blue-collar,divorced,basic.6y,no,no,no,cellular,feb,tue,-3,2829,26,64,0,failure,1,0.512401,POSITIVE
self-employed,divorced,basic.4y,no,no,no,cellular,jan,mon,-3,2736,26,63,0,failure,0,0.490608,NEGATIVE
self-employed,divorced,basic.4y,no,no,no,cellular,jan,mon,-3,2736,26,63,0,failure,1,0.504469,POSITIVE
blue-collar,divorced,basic.6y,no,no,no,cellular,feb,tue,-3,2751,26,64,1,failure,0,0.487797,NEGATIVE
blue-collar,divorced,basic.6y,no,no,no,cellular,feb,tue,-3,2751,26,64,1,failure,1,0.501658,POSITIVE
retired,married,high.school,unknown,unknown,unknown,telephone,oct,thu,-1,3086,27,59,3,nonexistent,0,0.497979,NEGATIVE
retired,married,high.school,unknown,unknown,unknown,telephone,oct,thu,-1,3086,27,59,3,nonexistent,1,0.510449,POSITIVE
admin.,divorced,basic.4y,no,no,no,cellular,jul,mon,-3,3048,28,48,0,failure,0,0.488816,NEGATIVE
admin.,divorced,basic.4y,no,no,no,cellular,jul,mon,-3,3048,28,48,0,failure,1,0.501531,POSITIVE
technician,married,illiterate,unknown,unknown,unknown,telephone,apr,fri,-1,3101,28,60,4,nonexistent,0,0.489521,NEGATIVE
technician,married,illiterate,unknown,unknown,unknown,telephone,apr,fri,-1,3101,28,60,4,nonexistent,1,0.501992,POSITIVE
technician,single,professional.course,unknown,unknown,unknown,telephone,may,(null),0,3117,28,54,6,success,0,0.495556,NEGATIVE
technician,single,professional.course,unknown,unknown,unknown,telephone,may,(null),0,3117,28,54,6,success,1,0.508027,POSITIVE
student,married,basic.9y,no,no,no,cellular,sep,wed,-2,3000,26,58,2,nonexistent,0,0.495733,NEGATIVE
student,married,basic.9y,no,no,no,cellular,sep,wed,-2,3000,26,58,2,nonexistent,1,0.508204,POSITIVE
housemaid,married,illiterate,unknown,unknown,unknown,telephone,oct,fri,-1,3016,26,59,4,nonexistent,0,0.496402,NEGATIVE
housemaid,married,illiterate,unknown,unknown,unknown,telephone,oct,fri,-1,3016,26,59,4,nonexistent,1,0.508873,POSITIVE
student,married,illiterate,unknown,unknown,unknown,telephone,oct,fri,-1,3016,26,52,4,nonexistent,0,0.495494,NEGATIVE
student,married,illiterate,unknown,unknown,unknown,telephone,oct,fri,-1,3016,26,52,4,nonexistent,1,0.507966,POSITIVE
management,single,professional.course,unknown,unknown,unknown,telephone,nov,(null),0,3031,26,53,5,success,0,0.490525,NEGATIVE
management,single,professional.course,unknown,unknown,unknown,telephone,nov,(null),0,3031,26,53,5,success,1,0.502996,POSITIVE
blue-collar,divorced,basic.6y,no,no,no,cellular,jan,tue,-3,2977,28,56,0,failure,0,0.491798,NEGATIVE
blue-collar,divorced,basic.6y,no,no,no,cellular,jan,tue,-3,2977,28,56,0,failure,1,0.504515,POSITIVE
student,single,professional.course,unknown,unknown,unknown,telephone,may,(null),0,3031,28,53,5,success,0,0.491093,NEGATIVE
student,single,professional.course,unknown,unknown,unknown,telephone,may,(null),0,3031,28,53,5,success,1,0.503564,POSITIVE
student,married,high.school,unknown,unknown,unknown,telephone,apr,thu,-1,3086,30,43,3,nonexistent,0,0.487958,NEGATIVE
student,married,high.school,unknown,unknown,unknown,telephone,apr,thu,-1,3086,30,43,3,nonexistent,1,0.501054,POSITIVE
admin.,divorced,basic.4y,no,no,no,cellular,jul,mon,-3,3048,28,40,0,failure,0,0.494127,NEGATIVE
admin.,divorced,basic.4y,no,no,no,cellular,jul,mon,-3,3048,28,40,0,failure,1,0.507110,POSITIVE
admin.,divorced,basic.4y,no,no,no,cellular,jul,mon,-3,3048,28,32,0,failure,0,0.493999,NEGATIVE
admin.,divorced,basic.4y,no,no,no,cellular,jul,mon,-3,3048,28,32,0,failure,1,0.506983,POSITIVE
self-employed,married,illiterate,unknown,unknown,unknown,telephone,oct,fri,-1,3016,27,44,4,nonexistent,0,0.485825,NEGATIVE
self-employed,married,illiterate,unknown,unknown,unknown,telephone,oct,fri,-1,3016,27,44,4,nonexistent,1,0.500091,POSITIVE
services,married,illiterate,unknown,unknown,unknown,telephone,oct,fri,-1,3023,28,36,4,nonexistent,0,0.488968,NEGATIVE
services,married,illiterate,unknown,unknown,unknown,telephone,oct,fri,-1,3023,28,36,4,nonexistent,1,0.503237,POSITIVE
technician,single,professional.course,unknown,unknown,unknown,telephone,may,(null),0,3039,28,46,6,success,0,0.498441,NEGATIVE
technician,single,professional.course,unknown,unknown,unknown,telephone,may,(null),0,3039,28,46,6,success,1,0.512709,POSITIVE
admin.,divorced,basic.4y,no,no,no,cellular,jan,mon,-3,2970,28,32,0,failure,0,0.492936,NEGATIVE
admin.,divorced,basic.4y,no,no,no,cellular,jan,mon,-3,2970,28,32,0,failure,1,0.505919,POSITIVE
management,married,basic.9y,no,no,no,cellular,may,wed,-2,2875,27,53,2,nonexistent,0,0.499403,NEGATIVE
management,married,basic.9y,no,no,no,cellular,may,wed,-2,2875,27,53,2,nonexistent,1,0.513670,POSITIVE
retired,married,high.school,unknown,unknown,unknown,telephone,oct,thu,-1,2930,27,39,3,nonexistent,0,0.491729,NEGATIVE
retired,married,high.school,unknown,unknown,unknown,telephone,oct,thu,-1,2930,27,39,3,nonexistent,1,0.505998,POSITIVE
management,married,basic.9y,no,no,no,cellular,mar,wed,-2,2922,28,42,2,nonexistent,0,0.493066,NEGATIVE
management,married,basic.9y,no,no,no,cellular,mar,wed,-2,2922,28,42,2,nonexistent,1,0.506126,POSITIVE
housemaid,married,basic.9y,no,no,no,cellular,feb,wed,-2,2915,28,34,2,nonexistent,0,0.493512,NEGATIVE
housemaid,married,basic.9y,no,no,no,cellular,feb,wed,-2,2915,28,34,2,nonexistent,1,0.506228,POSITIVE
admin.,divorced,basic.4y,no,no,no,cellular,jul,mon,-3,2814,26,32,0,failure,0,0.489186,NEGATIVE
admin.,divorced,basic.4y,no,no,no,cellular,jul,mon,-3,2814,26,32,0,failure,1,0.502169,POSITIVE
housemaid,married,illiterate,unknown,unknown,unknown,telephone,apr,fri,-1,2867,28,44,4,nonexistent,0,0.487315,NEGATIVE
housemaid,married,illiterate,unknown,unknown,unknown,telephone,apr,fri,-1,2867,28,44,4,nonexistent,1,0.501583,POSITIVE
self-employed,married,illiterate,unknown,unknown,unknown,telephone,apr,fri,-1,2875,28,36,4,nonexistent,0,0.492048,NEGATIVE
self-employed,married,illiterate,unknown,unknown,unknown,telephone,apr,fri,-1,2875,28,36,4,nonexistent,1,0.505145,POSITIVE
self-employed,married,illiterate,unknown,unknown,unknown,telephone,feb,fri,-1,3109,31,28,4,nonexistent,0,0.488213,NEGATIVE
self-employed,married,illiterate,unknown,unknown,unknown,telephone,feb,fri,-1,3109,31,28,4,nonexistent,1,0.500928,POSITIVE
student,single,professional.course,unknown,unknown,unknown,telephone,may,(null),0,3117,31,21,5,success,0,0.489316,NEGATIVE
student,single,professional.course,unknown,unknown,unknown,telephone,may,(null),0,3117,31,21,5,success,1,0.502412,POSITIVE
technician,single,professional.course,unknown,unknown,unknown,telephone,mar,(null),0,3082,31,22,6,success,0,0.490461,NEGATIVE
technician,single,professional.course,unknown,unknown,unknown,telephone,mar,(null),0,3082,31,22,6,success,1,0.503557,POSITIVE
student,single,professional.course,unknown,unknown,unknown,telephone,may,(null),0,3109,31,11,5,success,0,0.486826,NEGATIVE
student,single,professional.course,unknown,unknown,unknown,telephone,may,(null),0,3109,31,11,5,success,1,0.500187,POSITIVE
admin.,divorced,basic.4y,no,no,no,cellular,jul,mon,-3,3048,28,16,0,failure,0,0.493745,NEGATIVE
admin.,divorced,basic.4y,no,no,no,cellular,jul,mon,-3,3048,28,16,0,failure,1,0.506728,POSITIVE
admin.,divorced,basic.4y,no,no,no,cellular,jul,mon,-3,3048,28,0,0,failure,0,0.493750,NEGATIVE
admin.,divorced,basic.4y,no,no,no,cellular,jul,mon,-3,3048,28,0,0,failure,1,0.508107,POSITIVE
housemaid,married,basic.9y,no,no,no,cellular,aug,wed,-2,2993,28,20,2,nonexistent,0,0.494365,NEGATIVE
housemaid,married,basic.9y,no,no,no,cellular,aug,wed,-2,2993,28,20,2,nonexistent,1,0.507349,POSITIVE
admin.,divorced,basic.4y,no,no,no,cellular,jan,mon,-3,2970,28,24,0,failure,0,0.495588,NEGATIVE
admin.,divorced,basic.4y,no,no,no,cellular,jan,mon,-3,2970,28,24,0,failure,1,0.506925,POSITIVE
housemaid,married,basic.9y,no,no,no,cellular,aug,wed,-2,2993,28,4,2,nonexistent,0,0.494111,NEGATIVE
housemaid,married,basic.9y,no,no,no,cellular,aug,wed,-2,2993,28,4,2,nonexistent,1,0.507094,POSITIVE
retired,married,high.school,unknown,unknown,unknown,telephone,oct,thu,-1,2950,28,23,3,nonexistent,0,0.492538,NEGATIVE
retired,married,high.school,unknown,unknown,unknown,telephone,oct,thu,-1,2950,28,23,3,nonexistent,1,0.505634,POSITIVE
self-employed,married,illiterate,unknown,unknown,unknown,telephone,oct,fri,-1,2914,28,20,4,nonexistent,0,0.487342,NEGATIVE
self-employed,married,illiterate,unknown,unknown,unknown,telephone,oct,fri,-1,2914,28,20,4,nonexistent,1,0.500998,POSITIVE
housemaid,married,basic.9y,no,no,no,cellular,feb,wed,-2,2915,28,20,2,nonexistent,0,0.493302,NEGATIVE
housemaid,married,basic.9y,no,no,no,cellular,feb,wed,-2,2915,28,20,2,nonexistent,1,0.506285,POSITIVE
technician,single,professional.course,unknown,unknown,unknown,telephone,nov,(null),0,2961,28,13,6,success,0,0.497674,NEGATIVE
technician,single,professional.course,unknown,unknown,unknown,telephone,nov,(null),0,2961,28,13,6,success,1,0.511941,POSITIVE
services,married,illiterate,unknown,unknown,unknown,telephone,sep,fri,-1,2867,28,21,4,nonexistent,0,0.494119,NEGATIVE
services,married,illiterate,unknown,unknown,unknown,telephone,sep,fri,-1,2867,28,21,4,nonexistent,1,0.508388,POSITIVE
self-employed,divorced,basic.4y,no,no,no,cellular,jan,mon,-3,2736,26,56,0,failure,0,0.489537,NEGATIVE
self-employed,divorced,basic.4y,no,no,no,cellular,jan,mon,-3,2736,26,56,0,failure,1,0.502253,POSITIVE
blue-collar,divorced,basic.6y,no,no,no,cellular,feb,tue,-3,2751,26,57,1,failure,0,0.487618,NEGATIVE
blue-collar,divorced,basic.6y,no,no,no,cellular,feb,tue,-3,2751,26,57,1,failure,1,0.500333,POSITIVE
self-employed,divorced,basic.4y,no,no,no,cellular,jan,mon,-3,2736,26,48,0,failure,0,0.496039,NEGATIVE
self-employed,divorced,basic.4y,no,no,no,cellular,jan,mon,-3,2736,26,48,0,failure,1,0.508755,POSITIVE
admin.,divorced,basic.6y,no,no,no,cellular,jan,tue,-3,2743,26,48,0,failure,0,0.488914,NEGATIVE
admin.,divorced,basic.6y,no,no,no,cellular,jan,tue,-3,2743,26,48,0,failure,1,0.501630,POSITIVE
admin.,divorced,basic.4y,no,no,no,cellular,jan,mon,-3,2736,26,32,0,failure,0,0.485704,NEGATIVE
admin.,divorced,basic.4y,no,no,no,cellular,jan,mon,-3,2736,26,32,0,failure,1,0.501105,POSITIVE
management,married,basic.9y,no,no,no,cellular,mar,wed,-2,2688,26,42,2,nonexistent,0,0.487179,NEGATIVE
management,married,basic.9y,no,no,no,cellular,mar,wed,-2,2688,26,42,2,nonexistent,1,0.500274,POSITIVE
management,married,basic.9y,no,no,no,cellular,mar,wed,-2,2688,26,34,2,nonexistent,0,0.491277,NEGATIVE
management,married,basic.9y,no,no,no,cellular,mar,wed,-2,2688,26,34,2,nonexistent,1,0.504149,POSITIVE
blue-collar,divorced,basic.6y,no,no,no,cellular,feb,tue,-3,2743,26,3,0,failure,0,0.486573,NEGATIVE
blue-collar,divorced,basic.6y,no,no,no,cellular,feb,tue,-3,2743,26,3,0,failure,1,0.501336,POSITIVE
retired,married,high.school,unknown,unknown,unknown,telephone,oct,thu,-1,2716,26,19,3,nonexistent,0,0.488625,NEGATIVE
retired,married,high.school,unknown,unknown,unknown,telephone,oct,thu,-1,2716,26,19,3,nonexistent,1,0.501720,POSITIVE
housemaid,married,basic.9y,no,no,no,cellular,feb,wed,-2,2681,26,20,2,nonexistent,0,0.488489,NEGATIVE
housemaid,married,basic.9y,no,no,no,cellular,feb,wed,-2,2681,26,20,2,nonexistent,1,0.501471,POSITIVE
self-employed,married,illiterate,unknown,unknown,unknown,telephone,oct,fri,-1,2704,26,8,4,nonexistent,0,0.493359,NEGATIVE
self-employed,married,illiterate,unknown,unknown,unknown,telephone,oct,fri,-1,2704,26,8,4,nonexistent,1,0.506722,POSITIVE
housemaid,married,basic.9y,no,no,no,cellular,feb,wed,-2,2681,26,4,2,nonexistent,0,0.486989,NEGATIVE
housemaid,married,basic.9y,no,no,no,cellular,feb,wed,-2,2681,26,4,2,nonexistent,1,0.501217,POSITIVE
self-employed,married,illiterate,unknown,unknown,unknown,telephone,apr,fri,-1,2641,26,24,4,nonexistent,0,0.491622,NEGATIVE
self-employed,married,illiterate,unknown,unknown,unknown,telephone,apr,fri,-1,2641,26,24,4,nonexistent,1,0.504718,POSITIVE
self-employed,married,illiterate,unknown,unknown,unknown,telephone,apr,fri,-1,2626,26,8,4,nonexistent,0,0.488855,NEGATIVE
self-employed,married,illiterate,unknown,unknown,unknown,telephone,apr,fri,-1,2626,26,8,4,nonexistent,1,0.501837,POSITIVE
student,single,professional.course,unknown,unknown,unknown,telephone,nov,(null),0,3578,24,122,5,success,0,0.496683,NEGATIVE
student,single,professional.course,unknown,unknown,unknown,telephone,nov,(null),0,3578,24,122,5,success,1,0.508634,POSITIVE
services,married,illiterate,unknown,unknown,unknown,telephone,oct,fri,-1,3492,24,119,4,nonexistent,0,0.490496,NEGATIVE
services,married,illiterate,unknown,unknown,unknown,telephone,oct,fri,-1,3492,24,119,4,nonexistent,1,0.502448,POSITIVE
retired,married,high.school,unknown,unknown,unknown,telephone,oct,thu,-1,3399,24,121,3,nonexistent,0,0.488641,NEGATIVE
retired,married,high.school,unknown,unknown,unknown,telephone,oct,thu,-1,3399,24,121,3,nonexistent,1,0.500080,POSITIVE
unemployed,single,professional.course,unknown,unknown,unknown,telephone,nov,(null),0,3434,21,123,6,success,0,0.498342,NEGATIVE
unemployed,single,professional.course,unknown,unknown,unknown,telephone,nov,(null),0,3434,21,123,6,success,1,0.503074,POSITIVE
self-employed,divorced,basic.4y,no,no,no,cellular,oct,mon,-3,3283,23,118,0,failure,0,0.496463,NEGATIVE
self-employed,divorced,basic.4y,no,no,no,cellular,oct,mon,-3,3283,23,118,0,failure,1,0.507903,POSITIVE
student,married,basic.9y,no,no,no,cellular,sep,wed,-2,3313,23,112,2,nonexistent,0,0.489397,NEGATIVE
student,married,basic.9y,no,no,no,cellular,sep,wed,-2,3313,23,112,2,nonexistent,1,0.500836,POSITIVE
housemaid,married,illiterate,unknown,unknown,unknown,telephone,oct,fri,-1,3344,24,114,4,nonexistent,0,0.490794,NEGATIVE
housemaid,married,illiterate,unknown,unknown,unknown,telephone,oct,fri,-1,3344,24,114,4,nonexistent,1,0.502234,POSITIVE
student,single,professional.course,unknown,unknown,unknown,telephone,nov,(null),0,3344,21,121,5,success,0,0.493354,NEGATIVE
student,single,professional.course,unknown,unknown,unknown,telephone,nov,(null),0,3344,21,121,5,success,1,0.501295,POSITIVE
technician,single,professional.course,unknown,unknown,unknown,telephone,may,(null),0,3422,24,122,6,success,0,0.488270,NEGATIVE
technician,single,professional.course,unknown,unknown,unknown,telephone,may,(null),0,3422,24,122,6,success,1,0.500221,POSITIVE
student,single,professional.course,unknown,unknown,unknown,telephone,nov,(null),0,3422,24,107,5,success,0,0.490291,NEGATIVE
student,single,professional.course,unknown,unknown,unknown,telephone,nov,(null),0,3422,24,107,5,success,1,0.501731,POSITIVE
student,single,professional.course,unknown,unknown,unknown,telephone,nov,(null),0,3344,24,99,5,success,0,0.493417,NEGATIVE
student,single,professional.course,unknown,unknown,unknown,telephone,nov,(null),0,3344,24,99,5,success,1,0.504857,POSITIVE
unemployed,single,professional.course,unknown,unknown,unknown,telephone,may,(null),0,3317,24,108,6,success,0,0.495382,NEGATIVE
unemployed,single,professional.course,unknown,unknown,unknown,telephone,may,(null),0,3317,24,108,6,success,1,0.506822,POSITIVE
retired,married,high.school,unknown,unknown,unknown,telephone,oct,thu,-1,3243,22,117,3,nonexistent,0,0.488576,NEGATIVE
retired,married,high.school,unknown,unknown,unknown,telephone,oct,thu,-1,3243,22,117,3,nonexistent,1,0.500526,POSITIVE
management,married,basic.9y,no,no,no,cellular,sep,wed,-2,3157,21,115,2,nonexistent,0,0.492405,NEGATIVE
management,married,basic.9y,no,no,no,cellular,sep,wed,-2,3157,21,115,2,nonexistent,1,0.501278,POSITIVE
self-employed,married,illiterate,unknown,unknown,unknown,telephone,apr,fri,-1,3251,24,118,4,nonexistent,0,0.491379,NEGATIVE
self-employed,married,illiterate,unknown,unknown,unknown,telephone,apr,fri,-1,3251,24,118,4,nonexistent,1,0.502819,POSITIVE
blue-collar,married,basic.9y,no,no,no,cellular,may,wed,-2,3149,23,119,2,nonexistent,0,0.489895,NEGATIVE
blue-collar,married,basic.9y,no,no,no,cellular,may,wed,-2,3149,23,119,2,nonexistent,1,0.501334,POSITIVE
services,married,basic.9y,no,no,no,cellular,may,wed,-2,3149,23,112,2,nonexistent,0,0.491237,NEGATIVE
services,married,basic.9y,no,no,no,cellular,may,wed,-2,3149,23,112,2,nonexistent,1,0.502677,POSITIVE
housemaid,married,illiterate,unknown,unknown,unknown,telephone,apr,fri,-1,3172,24,114,4,nonexistent,0,0.496687,NEGATIVE
housemaid,married,illiterate,unknown,unknown,unknown,telephone,apr,fri,-1,3172,24,114,4,nonexistent,1,0.508127,POSITIVE
student,married,basic.9y,no,no,no,cellular,sep,wed,-2,3235,23,104,2,nonexistent,0,0.492522,NEGATIVE
student,married,basic.9y,no,no,no,cellular,sep,wed,-2,3235,23,104,2,nonexistent,1,0.503962,POSITIVE
housemaid,married,illiterate,unknown,unknown,unknown,telephone,oct,fri,-1,3266,24,106,4,nonexistent,0,0.493920,NEGATIVE
housemaid,married,illiterate,unknown,unknown,unknown,telephone,oct,fri,-1,3266,24,106,4,nonexistent,1,0.505360,POSITIVE
retired,married,high.school,unknown,unknown,unknown,telephone,oct,thu,-1,3165,24,97,3,nonexistent,0,0.490553,NEGATIVE
retired,married,high.school,unknown,unknown,unknown,telephone,oct,thu,-1,3165,24,97,3,nonexistent,1,0.501993,POSITIVE
student,single,professional.course,unknown,unknown,unknown,telephone,nov,(null),0,3188,21,107,5,success,0,0.489209,NEGATIVE
student,single,professional.course,unknown,unknown,unknown,telephone,nov,(null),0,3188,21,107,5,success,1,0.501159,POSITIVE
technician,single,professional.course,unknown,unknown,unknown,telephone,may,(null),0,3274,24,107,6,success,0,0.490360,NEGATIVE
technician,single,professional.course,unknown,unknown,unknown,telephone,may,(null),0,3274,24,107,6,success,1,0.501799,POSITIVE
student,single,professional.course,unknown,unknown,unknown,telephone,may,(null),0,3188,23,105,5,success,0,0.496331,NEGATIVE
student,single,professional.course,unknown,unknown,unknown,telephone,may,(null),0,3188,23,105,5,success,1,0.507771,POSITIVE
student,single,professional.course,unknown,unknown,unknown,telephone,nov,(null),0,3188,18,122,5,success,0,0.499812,NEGATIVE
student,single,professional.course,unknown,unknown,unknown,telephone,nov,(null),0,3188,18,122,5,success,1,0.504544,POSITIVE
technician,single,professional.course,unknown,unknown,unknown,telephone,nov,(null),0,3274,24,91,6,success,0,0.491573,NEGATIVE
technician,single,professional.course,unknown,unknown,unknown,telephone,nov,(null),0,3274,24,91,6,success,1,0.503013,POSITIVE
services,married,illiterate,unknown,unknown,unknown,telephone,oct,fri,-1,3180,24,88,4,nonexistent,0,0.488757,NEGATIVE
services,married,illiterate,unknown,unknown,unknown,telephone,oct,fri,-1,3180,24,88,4,nonexistent,1,0.500196,POSITIVE
housemaid,married,basic.9y,no,no,no,cellular,aug,wed,-2,3071,21,114,2,nonexistent,0,0.495588,NEGATIVE
housemaid,married,basic.9y,no,no,no,cellular,aug,wed,-2,3071,21,114,2,nonexistent,1,0.503017,POSITIVE
entrepreneur,divorced,basic.6y,no,no,no,cellular,aug,tue,-3,2985,20,112,1,failure,0,0.497824,NEGATIVE
entrepreneur,divorced,basic.6y,no,no,no,cellular,aug,tue,-3,2985,20,112,1,failure,1,0.505253,POSITIVE
self-employed,divorced,basic.6y,no,no,no,cellular,jan,tue,-3,3055,23,118,0,failure,0,0.490957,NEGATIVE
self-employed,divorced,basic.6y,no,no,no,cellular,jan,tue,-3,3055,23,118,0,failure,1,0.502397,POSITIVE
technician,married,illiterate,unknown,unknown,unknown,telephone,feb,fri,-1,3101,21,122,4,nonexistent,0,0.498535,NEGATIVE
technician,married,illiterate,unknown,unknown,unknown,telephone,feb,fri,-1,3101,21,122,4,nonexistent,1,0.506475,POSITIVE
technician,married,illiterate,unknown,unknown,unknown,telephone,apr,fri,-1,3074,21,114,4,nonexistent,0,0.498512,NEGATIVE
technician,married,illiterate,unknown,unknown,unknown,telephone,apr,fri,-1,3074,21,114,4,nonexistent,1,0.506452,POSITIVE
entrepreneur,divorced,basic.6y,no,no,no,cellular,feb,tue,-3,2985,23,112,1,failure,0,0.489963,NEGATIVE
entrepreneur,divorced,basic.6y,no,no,no,cellular,feb,tue,-3,2985,23,112,1,failure,1,0.501402,POSITIVE
services,divorced,basic.6y,no,no,no,cellular,apr,tue,-3,2985,20,119,1,failure,0,0.494773,NEGATIVE
services,divorced,basic.6y,no,no,no,cellular,apr,tue,-3,2985,20,119,1,failure,1,0.502714,POSITIVE
housemaid,married,illiterate,unknown,unknown,unknown,telephone,apr,fri,-1,2996,21,114,4,nonexistent,0,0.494604,NEGATIVE
housemaid,married,illiterate,unknown,unknown,unknown,telephone,apr,fri,-1,2996,21,114,4,nonexistent,1,0.502545,POSITIVE
housemaid,married,basic.9y,no,no,no,cellular,aug,wed,-2,3071,23,98,2,nonexistent,0,0.490998,NEGATIVE
housemaid,married,basic.9y,no,no,no,cellular,aug,wed,-2,3071,23,98,2,nonexistent,1,0.502437,POSITIVE
student,married,illiterate,unknown,unknown,unknown,telephone,oct,fri,-1,3109,21,106,4,nonexistent,0,0.498152,NEGATIVE
student,married,illiterate,unknown,unknown,unknown,telephone,oct,fri,-1,3109,21,106,4,nonexistent,1,0.510103,POSITIVE
student,single,professional.course,unknown,unknown,unknown,telephone,nov,(null),0,3109,21,99,5,success,0,0.489259,NEGATIVE
student,single,professional.course,unknown,unknown,unknown,telephone,nov,(null),0,3109,21,99,5,success,1,0.501210,POSITIVE
management,married,basic.9y,no,no,no,cellular,sep,wed,-2,3000,21,99,2,nonexistent,0,0.492685,NEGATIVE
management,married,basic.9y,no,no,no,cellular,sep,wed,-2,3000,21,99,2,nonexistent,1,0.504125,POSITIVE
services,married,basic.9y,no,no,no,cellular,may,wed,-2,3071,23,104,2,nonexistent,0,0.493957,NEGATIVE
services,married,basic.9y,no,no,no,cellular,may,wed,-2,3071,23,104,2,nonexistent,1,0.505397,POSITIVE
housemaid,married,illiterate,unknown,unknown,unknown,telephone,apr,fri,-1,3094,24,106,4,nonexistent,0,0.499002,NEGATIVE
housemaid,married,illiterate,unknown,unknown,unknown,telephone,apr,fri,-1,3094,24,106,4,nonexistent,1,0.510441,POSITIVE
management,single,professional.course,unknown,unknown,unknown,telephone,may,(null),0,3117,24,99,5,success,0,0.497077,NEGATIVE
management,single,professional.course,unknown,unknown,unknown,telephone,may,(null),0,3117,24,99,5,success,1,0.508516,POSITIVE
unemployed,single,professional.course,unknown,unknown,unknown,telephone,may,(null),0,3082,21,108,6,success,0,0.493685,NEGATIVE
unemployed,single,professional.course,unknown,unknown,unknown,telephone,may,(null),0,3082,21,108,6,success,1,0.505637,POSITIVE
entrepreneur,married,basic.9y,no,no,no,cellular,mar,wed,-2,2985,23,104,2,nonexistent,0,0.493504,NEGATIVE
entrepreneur,married,basic.9y,no,no,no,cellular,mar,wed,-2,2985,23,104,2,nonexistent,1,0.504943,POSITIVE
services,married,basic.9y,no,no,no,cellular,may,wed,-2,2993,23,96,2,nonexistent,0,0.497083,NEGATIVE
services,married,basic.9y,no,no,no,cellular,may,wed,-2,2993,23,96,2,nonexistent,1,0.508523,POSITIVE
technician,single,professional.course,unknown,unknown,unknown,telephone,may,(null),0,3031,21,107,5,success,0,0.493582,NEGATIVE
technician,single,professional.course,unknown,unknown,unknown,telephone,may,(null),0,3031,21,107,5,success,1,0.505533,POSITIVE
unemployed,single,professional.course,unknown,unknown,unknown,telephone,may,(null),0,3004,21,100,6,success,0,0.494800,NEGATIVE
unemployed,single,professional.course,unknown,unknown,unknown,telephone,may,(null),0,3004,21,100,6,success,1,0.506751,POSITIVE
housemaid,married,illiterate,unknown,unknown,unknown,telephone,oct,fri,-1,3016,18,121,4,nonexistent,0,0.499018,NEGATIVE
housemaid,married,illiterate,unknown,unknown,unknown,telephone,oct,fri,-1,3016,18,121,4,nonexistent,1,0.503750,POSITIVE
technician,single,professional.course,unknown,unknown,unknown,telephone,may,(null),0,3031,18,122,5,success,0,0.496367,NEGATIVE
technician,single,professional.course,unknown,unknown,unknown,telephone,may,(null),0,3031,18,122,5,success,1,0.502179,POSITIVE
management,single,professional.course,unknown,unknown,unknown,telephone,may,(null),0,3004,18,123,6,success,0,0.497402,NEGATIVE
management,single,professional.course,unknown,unknown,unknown,telephone,may,(null),0,3004,18,123,6,success,1,0.502134,POSITIVE
admin.,divorced,basic.6y,no,no,no,cellular,jan,tue,-3,2899,23,110,0,failure,0,0.494056,NEGATIVE
admin.,divorced,basic.6y,no,no,no,cellular,jan,tue,-3,2899,23,110,0,failure,1,0.505496,POSITIVE
retired,married,high.school,unknown,unknown,unknown,telephone,apr,thu,-1,2930,21,113,3,nonexistent,0,0.496215,NEGATIVE
retired,married,high.school,unknown,unknown,unknown,telephone,apr,thu,-1,2930,21,113,3,nonexistent,1,0.504155,POSITIVE
housemaid,married,basic.9y,no,no,no,cellular,feb,wed,-2,2837,20,114,2,nonexistent,0,0.494815,NEGATIVE
housemaid,married,basic.9y,no,no,no,cellular,feb,wed,-2,2837,20,114,2,nonexistent,1,0.502244,POSITIVE
housemaid,married,basic.9y,no,no,no,cellular,aug,wed,-2,2915,21,98,2,nonexistent,0,0.498927,NEGATIVE
housemaid,married,basic.9y,no,no,no,cellular,aug,wed,-2,2915,21,98,2,nonexistent,1,0.510366,POSITIVE
blue-collar,divorced,basic.6y,no,no,no,cellular,aug,tue,-3,2829,20,103,1,failure,0,0.498927,NEGATIVE
blue-collar,divorced,basic.6y,no,no,no,cellular,aug,tue,-3,2829,20,103,1,failure,1,0.510366,POSITIVE
self-employed,divorced,basic.6y,no,no,no,cellular,jan,tue,-3,2899,23,102,0,failure,0,0.495851,NEGATIVE
self-employed,divorced,basic.6y,no,no,no,cellular,jan,tue,-3,2899,23,102,0,failure,1,0.507291,POSITIVE
entrepreneur,married,basic.9y,no,no,no,cellular,mar,wed,-2,2907,23,96,2,nonexistent,0,0.496629,NEGATIVE
entrepreneur,married,basic.9y,no,no,no,cellular,mar,wed,-2,2907,23,96,2,nonexistent,1,0.508069,POSITIVE
management,single,professional.course,unknown,unknown,unknown,telephone,may,(null),0,2961,21,107,5,success,0,0.490816,NEGATIVE
management,single,professional.course,unknown,unknown,unknown,telephone,may,(null),0,2961,21,107,5,success,1,0.502767,POSITIVE
technician,single,professional.course,unknown,unknown,unknown,telephone,may,(null),0,2953,21,99,5,success,0,0.494696,NEGATIVE
technician,single,professional.course,unknown,unknown,unknown,telephone,may,(null),0,2953,21,99,5,success,1,0.506648,POSITIVE
entrepreneur,divorced,basic.6y,no,no,no,cellular,feb,tue,-3,2829,23,96,1,failure,0,0.493499,NEGATIVE
entrepreneur,divorced,basic.6y,no,no,no,cellular,feb,tue,-3,2829,23,96,1,failure,1,0.504939,POSITIVE
student,married,basic.9y,no,no,no,cellular,mar,wed,-2,2829,20,104,2,nonexistent,0,0.493861,NEGATIVE
student,married,basic.9y,no,no,no,cellular,mar,wed,-2,2829,20,104,2,nonexistent,1,0.505301,POSITIVE
housemaid,married,illiterate,unknown,unknown,unknown,telephone,apr,fri,-1,2860,21,106,4,nonexistent,0,0.495259,NEGATIVE
housemaid,married,illiterate,unknown,unknown,unknown,telephone,apr,fri,-1,2860,21,106,4,nonexistent,1,0.506699,POSITIVE
management,single,professional.course,unknown,unknown,unknown,telephone,may,(null),0,2883,21,99,5,success,0,0.493333,NEGATIVE
management,single,professional.course,unknown,unknown,unknown,telephone,may,(null),0,2883,21,99,5,success,1,0.504773,POSITIVE
management,married,basic.9y,no,no,no,cellular,sep,wed,-2,2844,17,112,2,nonexistent,0,0.495216,NEGATIVE
management,married,basic.9y,no,no,no,cellular,sep,wed,-2,2844,17,112,2,nonexistent,1,0.503156,POSITIVE
services,married,illiterate,unknown,unknown,unknown,telephone,apr,fri,-1,2867,17,119,4,nonexistent,0,0.498469,NEGATIVE
services,married,illiterate,unknown,unknown,unknown,telephone,apr,fri,-1,2867,17,119,4,nonexistent,1,0.505605,POSITIVE
student,married,high.school,unknown,unknown,unknown,telephone,oct,thu,-1,2852,18,105,3,nonexistent,0,0.499442,NEGATIVE
student,married,high.school,unknown,unknown,unknown,telephone,oct,thu,-1,2852,18,105,3,nonexistent,1,0.507382,POSITIVE
management,single,professional.course,unknown,unknown,unknown,telephone,nov,(null),0,2883,18,100,6,success,0,0.498860,NEGATIVE
management,single,professional.course,unknown,unknown,unknown,telephone,nov,(null),0,2883,18,100,6,success,1,0.506801,POSITIVE
unemployed,single,professional.course,unknown,unknown,unknown,telephone,nov,(null),0,2883,15,108,6,success,0,0.499709,NEGATIVE
unemployed,single,professional.course,unknown,unknown,unknown,telephone,nov,(null),0,2883,15,108,6,success,1,0.508102,POSITIVE
unemployed,single,professional.course,unknown,unknown,unknown,telephone,may,(null),0,2887,18,108,6,success,0,0.496460,NEGATIVE
unemployed,single,professional.course,unknown,unknown,unknown,telephone,may,(null),0,2887,18,108,6,success,1,0.501193,POSITIVE
student,married,basic.9y,no,no,no,cellular,sep,wed,-2,3078,23,89,2,nonexistent,0,0.489276,NEGATIVE
student,married,basic.9y,no,no,no,cellular,sep,wed,-2,3078,23,89,2,nonexistent,1,0.500715,POSITIVE
housemaid,married,illiterate,unknown,unknown,unknown,telephone,oct,fri,-1,3109,24,90,4,nonexistent,0,0.493388,NEGATIVE
housemaid,married,illiterate,unknown,unknown,unknown,telephone,oct,fri,-1,3109,24,90,4,nonexistent,1,0.504828,POSITIVE
student,married,illiterate,unknown,unknown,unknown,telephone,oct,fri,-1,3109,24,83,4,nonexistent,0,0.496089,NEGATIVE
student,married,illiterate,unknown,unknown,unknown,telephone,oct,fri,-1,3109,24,83,4,nonexistent,1,0.507529,POSITIVE
services,divorced,basic.6y,no,no,no,cellular,aug,tue,-3,2985,23,88,1,failure,0,0.498539,NEGATIVE
services,divorced,basic.6y,no,no,no,cellular,aug,tue,-3,2985,23,88,1,failure,1,0.509978,POSITIVE
housemaid,married,high.school,unknown,unknown,unknown,telephone,oct,thu,-1,2989,24,82,3,nonexistent,0,0.498561,NEGATIVE
housemaid,married,high.school,unknown,unknown,unknown,telephone,oct,thu,-1,2989,24,82,3,nonexistent,1,0.511031,POSITIVE
student,single,professional.course,unknown,unknown,unknown,telephone,nov,(null),0,3031,21,91,5,success,0,0.488733,NEGATIVE
student,single,professional.course,unknown,unknown,unknown,telephone,nov,(null),0,3031,21,91,5,success,1,0.500172,POSITIVE
technician,single,professional.course,unknown,unknown,unknown,telephone,may,(null),0,3117,24,91,6,success,0,0.493901,NEGATIVE
technician,single,professional.course,unknown,unknown,unknown,telephone,may,(null),0,3117,24,91,6,success,1,0.505341,POSITIVE
student,single,professional.course,unknown,unknown,unknown,telephone,may,(null),0,3031,23,90,5,success,0,0.498786,NEGATIVE
student,single,professional.course,unknown,unknown,unknown,telephone,may,(null),0,3031,23,90,5,success,1,0.510225,POSITIVE
management,single,professional.course,unknown,unknown,unknown,telephone,nov,(null),0,3117,24,77,6,success,0,0.490964,NEGATIVE
management,single,professional.course,unknown,unknown,unknown,telephone,nov,(null),0,3117,24,77,6,success,1,0.503435,POSITIVE
student,married,illiterate,unknown,unknown,unknown,telephone,oct,fri,-1,3031,24,75,4,nonexistent,0,0.493073,NEGATIVE
student,married,illiterate,unknown,unknown,unknown,telephone,oct,fri,-1,3031,24,75,4,nonexistent,1,0.505545,POSITIVE
management,single,professional.course,unknown,unknown,unknown,telephone,nov,(null),0,3043,24,69,6,success,0,0.489705,NEGATIVE
management,single,professional.course,unknown,unknown,unknown,telephone,nov,(null),0,3043,24,69,6,success,1,0.502176,POSITIVE
unemployed,single,professional.course,unknown,unknown,unknown,telephone,may,(null),0,3004,24,77,6,success,0,0.492956,NEGATIVE
unemployed,single,professional.course,unknown,unknown,unknown,telephone,may,(null),0,3004,24,77,6,success,1,0.504395,POSITIVE
blue-collar,divorced,basic.6y,no,no,no,cellular,aug,tue,-3,2907,23,88,1,failure,0,0.498060,NEGATIVE
blue-collar,divorced,basic.6y,no,no,no,cellular,aug,tue,-3,2907,23,88,1,failure,1,0.509499,POSITIVE
services,divorced,basic.6y,no,no,no,cellular,aug,tue,-3,2907,23,80,1,failure,0,0.498949,NEGATIVE
services,divorced,basic.6y,no,no,no,cellular,aug,tue,-3,2907,23,80,1,failure,1,0.510389,POSITIVE
student,married,illiterate,unknown,unknown,unknown,telephone,oct,fri,-1,2953,21,90,4,nonexistent,0,0.497367,NEGATIVE
student,married,illiterate,unknown,unknown,unknown,telephone,oct,fri,-1,2953,21,90,4,nonexistent,1,0.508807,POSITIVE
management,single,professional.course,unknown,unknown,unknown,telephone,nov,(null),0,2961,21,85,6,success,0,0.492873,NEGATIVE
management,single,professional.course,unknown,unknown,unknown,telephone,nov,(null),0,2961,21,85,6,success,1,0.504313,POSITIVE
management,married,basic.9y,no,no,no,cellular,sep,wed,-2,2844,21,84,2,nonexistent,0,0.490790,NEGATIVE
management,married,basic.9y,no,no,no,cellular,sep,wed,-2,2844,21,84,2,nonexistent,1,0.502229,POSITIVE
self-employed,married,illiterate,unknown,unknown,unknown,telephone,apr,fri,-1,2938,24,87,4,nonexistent,0,0.488953,NEGATIVE
self-employed,married,illiterate,unknown,unknown,unknown,telephone,apr,fri,-1,2938,24,87,4,nonexistent,1,0.500392,POSITIVE
unemployed,single,professional.course,unknown,unknown,unknown,telephone,may,(null),0,2926,21,92,6,success,0,0.495180,NEGATIVE
unemployed,single,professional.course,unknown,unknown,unknown,telephone,may,(null),0,2926,21,92,6,success,1,0.506620,POSITIVE
entrepreneur,married,basic.9y,no,no,no,cellular,mar,wed,-2,2829,23,89,2,nonexistent,0,0.491609,NEGATIVE
entrepreneur,married,basic.9y,no,no,no,cellular,mar,wed,-2,2829,23,89,2,nonexistent,1,0.503049,POSITIVE
student,married,basic.9y,no,no,no,cellular,mar,wed,-2,2829,23,81,2,nonexistent,0,0.493404,NEGATIVE
student,married,basic.9y,no,no,no,cellular,mar,wed,-2,2829,23,81,2,nonexistent,1,0.504844,POSITIVE
housemaid,married,illiterate,unknown,unknown,unknown,telephone,apr,fri,-1,2860,24,83,4,nonexistent,0,0.494802,NEGATIVE
housemaid,married,illiterate,unknown,unknown,unknown,telephone,apr,fri,-1,2860,24,83,4,nonexistent,1,0.506242,POSITIVE
technician,single,professional.course,unknown,unknown,unknown,telephone,may,(null),0,2875,21,91,5,success,0,0.494537,NEGATIVE
technician,single,professional.course,unknown,unknown,unknown,telephone,may,(null),0,2875,21,91,5,success,1,0.505977,POSITIVE
housemaid,married,high.school,unknown,unknown,unknown,telephone,oct,thu,-1,2911,24,74,3,nonexistent,0,0.492257,NEGATIVE
housemaid,married,high.school,unknown,unknown,unknown,telephone,oct,thu,-1,2911,24,74,3,nonexistent,1,0.504728,POSITIVE
student,married,high.school,unknown,unknown,unknown,telephone,oct,thu,-1,2911,24,66,3,nonexistent,0,0.496806,NEGATIVE
student,married,high.school,unknown,unknown,unknown,telephone,oct,thu,-1,2911,24,66,3,nonexistent,1,0.509277,POSITIVE
housemaid,married,illiterate,unknown,unknown,unknown,telephone,oct,fri,-1,2945,24,67,4,nonexistent,0,0.497918,NEGATIVE
housemaid,married,illiterate,unknown,unknown,unknown,telephone,oct,fri,-1,2945,24,67,4,nonexistent,1,0.510388,POSITIVE
management,married,basic.9y,no,no,no,cellular,sep,wed,-2,2844,23,68,2,nonexistent,0,0.497674,NEGATIVE
management,married,basic.9y,no,no,no,cellular,sep,wed,-2,2844,23,68,2,nonexistent,1,0.510145,POSITIVE
management,single,professional.course,unknown,unknown,unknown,telephone,nov,(null),0,2883,21,77,6,success,0,0.495998,NEGATIVE
management,single,professional.course,unknown,unknown,unknown,telephone,nov,(null),0,2883,21,77,6,success,1,0.507438,POSITIVE
technician,single,professional.course,unknown,unknown,unknown,telephone,may,(null),0,2953,24,76,5,success,0,0.493405,NEGATIVE
technician,single,professional.course,unknown,unknown,unknown,telephone,may,(null),0,2953,24,76,5,success,1,0.505110,POSITIVE
student,single,professional.course,unknown,unknown,unknown,telephone,may,(null),0,2875,23,74,5,success,0,0.493411,NEGATIVE
student,single,professional.course,unknown,unknown,unknown,telephone,may,(null),0,2875,23,74,5,success,1,0.505616,POSITIVE
entrepreneur,divorced,basic.6y,no,no,no,cellular,feb,tue,-3,2751,20,111,1,failure,0,0.493854,NEGATIVE
entrepreneur,divorced,basic.6y,no,no,no,cellular,feb,tue,-3,2751,20,111,1,failure,1,0.501283,POSITIVE
entrepreneur,married,basic.9y,no,no,no,cellular,mar,wed,-2,2751,20,104,2,nonexistent,0,0.489761,NEGATIVE
entrepreneur,married,basic.9y,no,no,no,cellular,mar,wed,-2,2751,20,104,2,nonexistent,1,0.501200,POSITIVE
student,married,basic.9y,no,no,no,cellular,mar,wed,-2,2751,20,96,2,nonexistent,0,0.496987,NEGATIVE
student,married,basic.9y,no,no,no,cellular,mar,wed,-2,2751,20,96,2,nonexistent,1,0.508427,POSITIVE
housemaid,married,illiterate,unknown,unknown,unknown,telephone,apr,fri,-1,2782,21,98,4,nonexistent,0,0.498385,NEGATIVE
housemaid,married,illiterate,unknown,unknown,unknown,telephone,apr,fri,-1,2782,21,98,4,nonexistent,1,0.509824,POSITIVE
self-employed,divorced,basic.6y,no,no,no,cellular,jan,tue,-3,2665,20,102,0,failure,0,0.492108,NEGATIVE
self-employed,divorced,basic.6y,no,no,no,cellular,jan,tue,-3,2665,20,102,0,failure,1,0.503548,POSITIVE
entrepreneur,married,basic.9y,no,no,no,cellular,mar,wed,-2,2673,20,96,2,nonexistent,0,0.492886,NEGATIVE
entrepreneur,married,basic.9y,no,no,no,cellular,mar,wed,-2,2673,20,96,2,nonexistent,1,0.504326,POSITIVE
self-employed,divorced,basic.6y,no,no,no,cellular,jul,tue,-3,2743,17,110,0,failure,0,0.492677,NEGATIVE
self-employed,divorced,basic.6y,no,no,no,cellular,jul,tue,-3,2743,17,110,0,failure,1,0.500617,POSITIVE
admin.,divorced,basic.6y,no,no,no,cellular,oct,tue,-3,2743,17,110,0,failure,0,0.498901,NEGATIVE
admin.,divorced,basic.6y,no,no,no,cellular,oct,tue,-3,2743,17,110,0,failure,1,0.506841,POSITIVE
admin.,divorced,basic.6y,no,no,no,cellular,jul,tue,-3,2665,17,110,0,failure,0,0.499086,NEGATIVE
admin.,divorced,basic.6y,no,no,no,cellular,jul,tue,-3,2665,17,110,0,failure,1,0.507026,POSITIVE
retired,married,high.school,unknown,unknown,unknown,telephone,apr,thu,-1,2774,18,117,3,nonexistent,0,0.497203,NEGATIVE
retired,married,high.school,unknown,unknown,unknown,telephone,apr,thu,-1,2774,18,117,3,nonexistent,1,0.501935,POSITIVE
self-employed,divorced,basic.6y,no,no,no,cellular,jan,tue,-3,2665,17,118,0,failure,0,0.493123,NEGATIVE
self-employed,divorced,basic.6y,no,no,no,cellular,jan,tue,-3,2665,17,118,0,failure,1,0.501063,POSITIVE
admin.,divorced,basic.6y,no,no,no,cellular,apr,tue,-3,2665,17,118,0,failure,0,0.499347,NEGATIVE
admin.,divorced,basic.6y,no,no,no,cellular,apr,tue,-3,2665,17,118,0,failure,1,0.507287,POSITIVE
student,married,basic.9y,no,no,no,cellular,feb,wed,-2,2688,17,112,2,nonexistent,0,0.497167,NEGATIVE
student,married,basic.9y,no,no,no,cellular,feb,wed,-2,2688,17,112,2,nonexistent,1,0.503983,POSITIVE
housemaid,married,high.school,unknown,unknown,unknown,telephone,apr,thu,-1,2696,18,113,3,nonexistent,0,0.497949,NEGATIVE
housemaid,married,high.school,unknown,unknown,unknown,telephone,apr,thu,-1,2696,18,113,3,nonexistent,1,0.505890,POSITIVE
self-employed,married,illiterate,unknown,unknown,unknown,telephone,oct,fri,-1,2750,16,102,4,nonexistent,0,0.499284,NEGATIVE
self-employed,married,illiterate,unknown,unknown,unknown,telephone,oct,fri,-1,2750,16,102,4,nonexistent,1,0.504016,POSITIVE
student,married,high.school,unknown,unknown,unknown,telephone,apr,thu,-1,2677,18,105,3,nonexistent,0,0.497212,NEGATIVE
student,married,high.school,unknown,unknown,unknown,telephone,apr,thu,-1,2677,18,105,3,nonexistent,1,0.505153,POSITIVE
entrepreneur,divorced,basic.6y,no,no,no,cellular,feb,tue,-3,2595,20,96,1,failure,0,0.489756,NEGATIVE
entrepreneur,divorced,basic.6y,no,no,no,cellular,feb,tue,-3,2595,20,96,1,failure,1,0.501195,POSITIVE
admin.,divorced,basic.6y,no,no,no,cellular,jan,tue,-3,2508,20,94,0,failure,0,0.495347,NEGATIVE
admin.,divorced,basic.6y,no,no,no,cellular,jan,tue,-3,2508,20,94,0,failure,1,0.506787,POSITIVE
management,married,basic.9y,no,no,no,cellular,mar,wed,-2,2610,15,115,2,nonexistent,0,0.501156,POSITIVE
management,married,basic.9y,no,no,no,cellular,mar,wed,-2,2610,15,115,2,nonexistent,1,0.499078,NEGATIVE
services,divorced,basic.6y,no,no,no,cellular,apr,tue,-3,2595,17,103,1,failure,0,0.495690,NEGATIVE
services,divorced,basic.6y,no,no,no,cellular,apr,tue,-3,2595,17,103,1,failure,1,0.503631,POSITIVE
housemaid,married,high.school,unknown,unknown,unknown,telephone,apr,thu,-1,2599,18,105,3,nonexistent,0,0.496743,NEGATIVE
housemaid,married,high.school,unknown,unknown,unknown,telephone,apr,thu,-1,2599,18,105,3,nonexistent,1,0.504684,POSITIVE
student,married,illiterate,unknown,unknown,unknown,telephone,apr,fri,-1,2626,18,98,4,nonexistent,0,0.492060,NEGATIVE
student,married,illiterate,unknown,unknown,unknown,telephone,apr,fri,-1,2626,18,98,4,nonexistent,1,0.500000,POSITIVE
housemaid,married,illiterate,unknown,unknown,unknown,telephone,apr,fri,-1,2606,18,98,4,nonexistent,0,0.498461,NEGATIVE
housemaid,married,illiterate,unknown,unknown,unknown,telephone,apr,fri,-1,2606,18,98,4,nonexistent,1,0.506401,POSITIVE
self-employed,divorced,basic.4y,no,no,no,cellular,jul,mon,-3,2501,17,94,0,failure,0,0.493671,NEGATIVE
self-employed,divorced,basic.4y,no,no,no,cellular,jul,mon,-3,2501,17,94,0,failure,1,0.501100,POSITIVE
admin.,divorced,basic.4y,no,no,no,cellular,oct,mon,-3,2501,17,94,0,failure,0,0.492783,NEGATIVE
admin.,divorced,basic.4y,no,no,no,cellular,oct,mon,-3,2501,17,94,0,failure,1,0.500212,POSITIVE
housemaid,married,high.school,unknown,unknown,unknown,telephone,aug,thu,-1,2540,15,105,3,nonexistent,0,0.497077,NEGATIVE
housemaid,married,high.school,unknown,unknown,unknown,telephone,aug,thu,-1,2540,15,105,3,nonexistent,1,0.501809,POSITIVE
retired,married,high.school,unknown,unknown,unknown,telephone,apr,thu,-1,2540,18,97,3,nonexistent,0,0.499462,NEGATIVE
retired,married,high.school,unknown,unknown,unknown,telephone,apr,thu,-1,2540,18,97,3,nonexistent,1,0.507402,POSITIVE
housemaid,married,basic.9y,no,no,no,cellular,aug,wed,-2,2759,21,83,2,nonexistent,0,0.495674,NEGATIVE
housemaid,married,basic.9y,no,no,no,cellular,aug,wed,-2,2759,21,83,2,nonexistent,1,0.507115,POSITIVE
self-employed,divorced,basic.6y,no,no,no,cellular,jan,tue,-3,2743,23,87,0,failure,0,0.489883,NEGATIVE
self-employed,divorced,basic.6y,no,no,no,cellular,jan,tue,-3,2743,23,87,0,failure,1,0.501322,POSITIVE
entrepreneur,married,basic.9y,no,no,no,cellular,mar,wed,-2,2751,23,81,2,nonexistent,0,0.489304,NEGATIVE
entrepreneur,married,basic.9y,no,no,no,cellular,mar,wed,-2,2751,23,81,2,nonexistent,1,0.500743,POSITIVE
management,single,professional.course,unknown,unknown,unknown,telephone,may,(null),0,2805,21,91,5,success,0,0.493744,NEGATIVE
management,single,professional.course,unknown,unknown,unknown,telephone,may,(null),0,2805,21,91,5,success,1,0.505184,POSITIVE
technician,single,professional.course,unknown,unknown,unknown,telephone,may,(null),0,2805,21,84,5,success,0,0.497351,NEGATIVE
technician,single,professional.course,unknown,unknown,unknown,telephone,may,(null),0,2805,21,84,5,success,1,0.508790,POSITIVE
blue-collar,divorced,basic.6y,no,no,no,cellular,aug,tue,-3,2673,20,88,1,failure,0,0.494316,NEGATIVE
blue-collar,divorced,basic.6y,no,no,no,cellular,aug,tue,-3,2673,20,88,1,failure,1,0.505757,POSITIVE
services,divorced,basic.6y,no,no,no,cellular,aug,tue,-3,2673,20,80,1,failure,0,0.495206,NEGATIVE
services,divorced,basic.6y,no,no,no,cellular,aug,tue,-3,2673,20,80,1,failure,1,0.506646,POSITIVE
entrepreneur,divorced,basic.6y,no,no,no,cellular,feb,tue,-3,2673,23,81,1,failure,0,0.488889,NEGATIVE
entrepreneur,divorced,basic.6y,no,no,no,cellular,feb,tue,-3,2673,23,81,1,failure,1,0.500327,POSITIVE
student,married,basic.9y,no,no,no,cellular,mar,wed,-2,2673,20,89,2,nonexistent,0,0.491966,NEGATIVE
student,married,basic.9y,no,no,no,cellular,mar,wed,-2,2673,20,89,2,nonexistent,1,0.503406,POSITIVE
housemaid,married,illiterate,unknown,unknown,unknown,telephone,apr,fri,-1,2704,21,90,4,nonexistent,0,0.496080,NEGATIVE
housemaid,married,illiterate,unknown,unknown,unknown,telephone,apr,fri,-1,2704,21,90,4,nonexistent,1,0.507520,POSITIVE
student,married,illiterate,unknown,unknown,unknown,telephone,apr,fri,-1,2704,21,83,4,nonexistent,0,0.498781,NEGATIVE
student,married,illiterate,unknown,unknown,unknown,telephone,apr,fri,-1,2704,21,83,4,nonexistent,1,0.510220,POSITIVE
housemaid,married,illiterate,unknown,unknown,unknown,telephone,apr,fri,-1,2684,21,83,4,nonexistent,0,0.499083,NEGATIVE
housemaid,married,illiterate,unknown,unknown,unknown,telephone,apr,fri,-1,2684,21,83,4,nonexistent,1,0.510522,POSITIVE
housemaid,married,basic.9y,no,no,no,cellular,aug,wed,-2,2759,23,65,2,nonexistent,0,0.499877,NEGATIVE
housemaid,married,basic.9y,no,no,no,cellular,aug,wed,-2,2759,23,65,2,nonexistent,1,0.512347,POSITIVE
student,married,illiterate,unknown,unknown,unknown,telephone,oct,fri,-1,2797,21,75,4,nonexistent,0,0.495472,NEGATIVE
student,married,illiterate,unknown,unknown,unknown,telephone,oct,fri,-1,2797,21,75,4,nonexistent,1,0.506912,POSITIVE
management,single,professional.course,unknown,unknown,unknown,telephone,nov,(null),0,2805,21,69,6,success,0,0.493660,NEGATIVE
management,single,professional.course,unknown,unknown,unknown,telephone,nov,(null),0,2805,21,69,6,success,1,0.506132,POSITIVE
services,married,illiterate,unknown,unknown,unknown,telephone,apr,fri,-1,2789,23,73,4,nonexistent,0,0.498406,NEGATIVE
services,married,illiterate,unknown,unknown,unknown,telephone,apr,fri,-1,2789,23,73,4,nonexistent,1,0.510876,POSITIVE
retired,married,high.school,unknown,unknown,unknown,telephone,jul,thu,-1,2696,22,70,3,nonexistent,0,0.493149,NEGATIVE
retired,married,high.school,unknown,unknown,unknown,telephone,jul,thu,-1,2696,22,70,3,nonexistent,1,0.505620,POSITIVE
student,single,professional.course,unknown,unknown,unknown,telephone,nov,(null),0,2797,18,91,5,success,0,0.488800,NEGATIVE
student,single,professional.course,unknown,unknown,unknown,telephone,nov,(null),0,2797,18,91,5,success,1,0.500751,POSITIVE
student,married,illiterate,unknown,unknown,unknown,telephone,oct,fri,-1,2719,18,90,4,nonexistent,0,0.496185,NEGATIVE
student,married,illiterate,unknown,unknown,unknown,telephone,oct,fri,-1,2719,18,90,4,nonexistent,1,0.508137,POSITIVE
management,single,professional.course,unknown,unknown,unknown,telephone,nov,(null),0,2727,18,85,6,success,0,0.490425,NEGATIVE
management,single,professional.course,unknown,unknown,unknown,telephone,nov,(null),0,2727,18,85,6,success,1,0.502376,POSITIVE
unemployed,single,professional.course,unknown,unknown,unknown,telephone,may,(null),0,2692,18,92,6,success,0,0.495651,NEGATIVE
unemployed,single,professional.course,unknown,unknown,unknown,telephone,may,(null),0,2692,18,92,6,success,1,0.507602,POSITIVE
blue-collar,divorced,basic.6y,no,no,no,cellular,aug,tue,-3,2595,20,80,1,failure,0,0.494727,NEGATIVE
blue-collar,divorced,basic.6y,no,no,no,cellular,aug,tue,-3,2595,20,80,1,failure,1,0.506167,POSITIVE
admin.,divorced,basic.6y,no,no,no,cellular,jan,tue,-3,2587,23,79,0,failure,0,0.491516,NEGATIVE
admin.,divorced,basic.6y,no,no,no,cellular,jan,tue,-3,2587,23,79,0,failure,1,0.503987,POSITIVE
student,married,basic.9y,no,no,no,cellular,mar,wed,-2,2595,20,81,2,nonexistent,0,0.489662,NEGATIVE
student,married,basic.9y,no,no,no,cellular,mar,wed,-2,2595,20,81,2,nonexistent,1,0.501101,POSITIVE
housemaid,married,illiterate,unknown,unknown,unknown,telephone,apr,fri,-1,2626,21,83,4,nonexistent,0,0.491059,NEGATIVE
housemaid,married,illiterate,unknown,unknown,unknown,telephone,apr,fri,-1,2626,21,83,4,nonexistent,1,0.502499,POSITIVE
blue-collar,married,basic.9y,no,no,no,cellular,feb,wed,-2,2552,20,88,2,nonexistent,0,0.499583,NEGATIVE
blue-collar,married,basic.9y,no,no,no,cellular,feb,wed,-2,2552,20,88,2,nonexistent,1,0.511022,POSITIVE
housemaid,married,basic.9y,no,no,no,cellular,aug,wed,-2,2603,21,67,2,nonexistent,0,0.487893,NEGATIVE
housemaid,married,basic.9y,no,no,no,cellular,aug,wed,-2,2603,21,67,2,nonexistent,1,0.500362,POSITIVE
self-employed,divorced,basic.6y,no,no,no,cellular,jan,tue,-3,2587,23,71,0,failure,0,0.489518,NEGATIVE
self-employed,divorced,basic.6y,no,no,no,cellular,jan,tue,-3,2587,23,71,0,failure,1,0.501989,POSITIVE
blue-collar,married,basic.9y,no,no,no,cellular,feb,wed,-2,2630,23,73,2,nonexistent,0,0.495652,NEGATIVE
blue-collar,married,basic.9y,no,no,no,cellular,feb,wed,-2,2630,23,73,2,nonexistent,1,0.508123,POSITIVE
services,married,basic.9y,no,no,no,cellular,feb,wed,-2,2603,23,65,2,nonexistent,0,0.496457,NEGATIVE
services,married,basic.9y,no,no,no,cellular,feb,wed,-2,2603,23,65,2,nonexistent,1,0.508927,POSITIVE
entrepreneur,married,basic.9y,no,no,no,cellular,mar,wed,-2,2610,23,65,2,nonexistent,0,0.497852,NEGATIVE
entrepreneur,married,basic.9y,no,no,no,cellular,mar,wed,-2,2610,23,65,2,nonexistent,1,0.510323,POSITIVE
management,single,professional.course,unknown,unknown,unknown,telephone,may,(null),0,2649,21,76,5,success,0,0.489134,NEGATIVE
management,single,professional.course,unknown,unknown,unknown,telephone,may,(null),0,2649,21,76,5,success,1,0.500573,POSITIVE
technician,single,professional.course,unknown,unknown,unknown,telephone,may,(null),0,2641,21,68,5,success,0,0.493053,NEGATIVE
technician,single,professional.course,unknown,unknown,unknown,telephone,may,(null),0,2641,21,68,5,success,1,0.504493,POSITIVE
entrepreneur,divorced,basic.6y,no,no,no,cellular,aug,tue,-3,2516,20,65,1,failure,0,0.491851,NEGATIVE
entrepreneur,divorced,basic.6y,no,no,no,cellular,aug,tue,-3,2516,20,65,1,failure,1,0.504323,POSITIVE
entrepreneur,divorced,basic.6y,no,no,no,cellular,feb,tue,-3,2516,23,64,1,failure,0,0.493705,NEGATIVE
entrepreneur,divorced,basic.6y,no,no,no,cellular,feb,tue,-3,2516,23,64,1,failure,1,0.506177,POSITIVE
student,married,basic.9y,no,no,no,cellular,mar,wed,-2,2516,20,73,2,nonexistent,0,0.491975,NEGATIVE
student,married,basic.9y,no,no,no,cellular,mar,wed,-2,2516,20,73,2,nonexistent,1,0.503415,POSITIVE
housemaid,married,illiterate,unknown,unknown,unknown,telephone,apr,fri,-1,2547,21,75,4,nonexistent,0,0.493644,NEGATIVE
housemaid,married,illiterate,unknown,unknown,unknown,telephone,apr,fri,-1,2547,21,75,4,nonexistent,1,0.505084,POSITIVE
management,single,professional.course,unknown,unknown,unknown,telephone,may,(null),0,2571,21,68,5,success,0,0.490427,NEGATIVE
management,single,professional.course,unknown,unknown,unknown,telephone,may,(null),0,2571,21,68,5,success,1,0.502898,POSITIVE
housemaid,married,high.school,unknown,unknown,unknown,telephone,oct,thu,-1,2599,18,90,3,nonexistent,0,0.497620,NEGATIVE
housemaid,married,high.school,unknown,unknown,unknown,telephone,oct,thu,-1,2599,18,90,3,nonexistent,1,0.509185,POSITIVE
student,married,illiterate,unknown,unknown,unknown,telephone,oct,fri,-1,2641,18,83,4,nonexistent,0,0.489437,NEGATIVE
student,married,illiterate,unknown,unknown,unknown,telephone,oct,fri,-1,2641,18,83,4,nonexistent,1,0.501387,POSITIVE
student,married,high.school,unknown,unknown,unknown,telephone,oct,thu,-1,2599,18,82,3,nonexistent,0,0.499868,NEGATIVE
student,married,high.school,unknown,unknown,unknown,telephone,oct,thu,-1,2599,18,82,3,nonexistent,1,0.511657,POSITIVE
technician,single,professional.course,unknown,unknown,unknown,telephone,may,(null),0,2649,18,91,6,success,0,0.490761,NEGATIVE
technician,single,professional.course,unknown,unknown,unknown,telephone,may,(null),0,2649,18,91,6,success,1,0.502712,POSITIVE
services,divorced,basic.6y,no,no,no,cellular,aug,tue,-3,2516,17,88,1,failure,0,0.489971,NEGATIVE
services,divorced,basic.6y,no,no,no,cellular,aug,tue,-3,2516,17,88,1,failure,1,0.501418,POSITIVE
housemaid,married,high.school,unknown,unknown,unknown,telephone,oct,thu,-1,2520,18,82,3,nonexistent,0,0.493280,NEGATIVE
housemaid,married,high.school,unknown,unknown,unknown,telephone,oct,thu,-1,2520,18,82,3,nonexistent,1,0.504721,POSITIVE
technician,single,professional.course,unknown,unknown,unknown,telephone,nov,(null),0,2532,15,84,5,success,0,0.497320,NEGATIVE
technician,single,professional.course,unknown,unknown,unknown,telephone,nov,(null),0,2532,15,84,5,success,1,0.502052,POSITIVE
student,single,professional.course,unknown,unknown,unknown,telephone,may,(null),0,2563,17,90,5,success,0,0.494564,NEGATIVE
student,single,professional.course,unknown,unknown,unknown,telephone,may,(null),0,2563,17,90,5,success,1,0.506515,POSITIVE
management,single,professional.course,unknown,unknown,unknown,telephone,nov,(null),0,2649,18,77,6,success,0,0.492255,NEGATIVE
management,single,professional.course,unknown,unknown,unknown,telephone,nov,(null),0,2649,18,77,6,success,1,0.503695,POSITIVE
student,married,illiterate,unknown,unknown,unknown,telephone,oct,fri,-1,2563,18,75,4,nonexistent,0,0.491729,NEGATIVE
student,married,illiterate,unknown,unknown,unknown,telephone,oct,fri,-1,2563,18,75,4,nonexistent,1,0.503169,POSITIVE
management,single,professional.course,unknown,unknown,unknown,telephone,nov,(null),0,2571,18,69,6,success,0,0.495246,NEGATIVE
management,single,professional.course,unknown,unknown,unknown,telephone,nov,(null),0,2571,18,69,6,success,1,0.506686,POSITIVE
self-employed,divorced,basic.6y,no,no,no,cellular,oct,tue,-3,2665,11,118,0,failure,0,0.499938,NEGATIVE
self-employed,divorced,basic.6y,no,no,no,cellular,oct,tue,-3,2665,11,118,0,failure,1,0.500207,POSITIVE
entrepreneur,married,basic.9y,no,no,no,cellular,sep,wed,-2,2532,8,120,2,nonexistent,0,0.499612,NEGATIVE
entrepreneur,married,basic.9y,no,no,no,cellular,sep,wed,-2,2532,8,120,2,nonexistent,1,0.500081,POSITIVE
housemaid,married,high.school,unknown,unknown,unknown,telephone,apr,thu,-1,2540,12,121,3,nonexistent,0,0.499790,NEGATIVE
housemaid,married,high.school,unknown,unknown,unknown,telephone,apr,thu,-1,2540,12,121,3,nonexistent,1,0.500259,POSITIVE
unemployed,single,professional.course,unknown,unknown,unknown,telephone,nov,(null),0,3039,24,61,6,success,0,0.494575,NEGATIVE
unemployed,single,professional.course,unknown,unknown,unknown,telephone,nov,(null),0,3039,24,61,6,success,1,0.507046,POSITIVE
management,single,professional.course,unknown,unknown,unknown,telephone,nov,(null),0,2922,24,60,5,success,0,0.492710,NEGATIVE
management,single,professional.course,unknown,unknown,unknown,telephone,nov,(null),0,2922,24,60,5,success,1,0.505181,POSITIVE
technician,single,professional.course,unknown,unknown,unknown,telephone,nov,(null),0,2922,24,53,5,success,0,0.492711,NEGATIVE
technician,single,professional.course,unknown,unknown,unknown,telephone,nov,(null),0,2922,24,53,5,success,1,0.505183,POSITIVE
student,single,professional.course,unknown,unknown,unknown,telephone,oct,(null),0,2875,23,59,5,success,0,0.494400,NEGATIVE
student,single,professional.course,unknown,unknown,unknown,telephone,oct,(null),0,2875,23,59,5,success,1,0.506871,POSITIVE
technician,single,professional.course,unknown,unknown,unknown,telephone,nov,(null),0,2883,24,45,6,success,0,0.490608,NEGATIVE
technician,single,professional.course,unknown,unknown,unknown,telephone,nov,(null),0,2883,24,45,6,success,1,0.503078,POSITIVE
housemaid,married,high.school,unknown,unknown,unknown,telephone,oct,thu,-1,2774,24,59,3,nonexistent,0,0.498960,NEGATIVE
housemaid,married,high.school,unknown,unknown,unknown,telephone,oct,thu,-1,2774,24,59,3,nonexistent,1,0.511430,POSITIVE
student,married,high.school,unknown,unknown,unknown,telephone,oct,thu,-1,2774,24,51,3,nonexistent,0,0.497597,NEGATIVE
student,married,high.school,unknown,unknown,unknown,telephone,oct,thu,-1,2774,24,51,3,nonexistent,1,0.510068,POSITIVE
housemaid,married,illiterate,unknown,unknown,unknown,telephone,oct,fri,-1,2801,24,52,4,nonexistent,0,0.488621,NEGATIVE
housemaid,married,illiterate,unknown,unknown,unknown,telephone,oct,fri,-1,2801,24,52,4,nonexistent,1,0.501091,POSITIVE
student,single,professional.course,unknown,unknown,unknown,telephone,may,(null),0,2797,24,60,5,success,0,0.498077,NEGATIVE
student,single,professional.course,unknown,unknown,unknown,telephone,may,(null),0,2797,24,60,5,success,1,0.510547,POSITIVE
services,divorced,basic.6y,no,no,no,cellular,jul,tue,-3,2673,23,57,1,failure,0,0.494024,NEGATIVE
services,divorced,basic.6y,no,no,no,cellular,jul,tue,-3,2673,23,57,1,failure,1,0.506495,POSITIVE
entrepreneur,married,basic.9y,no,no,no,cellular,sep,wed,-2,2688,23,58,2,nonexistent,0,0.495517,NEGATIVE
entrepreneur,married,basic.9y,no,no,no,cellular,sep,wed,-2,2688,23,58,2,nonexistent,1,0.507988,POSITIVE
student,married,basic.9y,no,no,no,cellular,sep,wed,-2,2688,23,50,2,nonexistent,0,0.493700,NEGATIVE
student,married,basic.9y,no,no,no,cellular,sep,wed,-2,2688,23,50,2,nonexistent,1,0.506172,POSITIVE
student,single,professional.course,unknown,unknown,unknown,telephone,nov,(null),0,2719,21,59,5,success,0,0.495502,NEGATIVE
student,single,professional.course,unknown,unknown,unknown,telephone,nov,(null),0,2719,21,59,5,success,1,0.507973,POSITIVE
services,married,illiterate,unknown,unknown,unknown,telephone,apr,fri,-1,2711,24,57,4,nonexistent,0,0.489640,NEGATIVE
services,married,illiterate,unknown,unknown,unknown,telephone,apr,fri,-1,2711,24,57,4,nonexistent,1,0.502111,POSITIVE
technician,married,illiterate,unknown,unknown,unknown,telephone,oct,fri,-1,2801,24,44,4,nonexistent,0,0.496443,NEGATIVE
technician,married,illiterate,unknown,unknown,unknown,telephone,oct,fri,-1,2801,24,44,4,nonexistent,1,0.508914,POSITIVE
management,single,professional.course,unknown,unknown,unknown,telephone,nov,(null),0,2770,24,38,6,success,0,0.493371,NEGATIVE
management,single,professional.course,unknown,unknown,unknown,telephone,nov,(null),0,2770,24,38,6,success,1,0.507640,POSITIVE
student,married,high.school,unknown,unknown,unknown,telephone,oct,thu,-1,2696,24,43,3,nonexistent,0,0.491294,NEGATIVE
student,married,high.school,unknown,unknown,unknown,telephone,oct,thu,-1,2696,24,43,3,nonexistent,1,0.503765,POSITIVE
housemaid,married,illiterate,unknown,unknown,unknown,telephone,oct,fri,-1,2680,24,44,4,nonexistent,0,0.490852,NEGATIVE
housemaid,married,illiterate,unknown,unknown,unknown,telephone,oct,fri,-1,2680,24,44,4,nonexistent,1,0.505120,POSITIVE
services,married,illiterate,unknown,unknown,unknown,telephone,oct,fri,-1,2711,24,36,4,nonexistent,0,0.493042,NEGATIVE
services,married,illiterate,unknown,unknown,unknown,telephone,oct,fri,-1,2711,24,36,4,nonexistent,1,0.507310,POSITIVE
student,married,high.school,unknown,unknown,unknown,telephone,oct,thu,-1,2599,21,59,3,nonexistent,0,0.493591,NEGATIVE
student,married,high.school,unknown,unknown,unknown,telephone,oct,thu,-1,2599,21,59,3,nonexistent,1,0.506062,POSITIVE
housemaid,married,illiterate,unknown,unknown,unknown,telephone,oct,fri,-1,2633,21,60,4,nonexistent,0,0.497067,NEGATIVE
housemaid,married,illiterate,unknown,unknown,unknown,telephone,oct,fri,-1,2633,21,60,4,nonexistent,1,0.509538,POSITIVE
technician,married,illiterate,unknown,unknown,unknown,telephone,oct,fri,-1,2633,21,52,4,nonexistent,0,0.496614,NEGATIVE
technician,married,illiterate,unknown,unknown,unknown,telephone,oct,fri,-1,2633,21,52,4,nonexistent,1,0.509085,POSITIVE
blue-collar,divorced,basic.6y,no,no,no,cellular,jul,tue,-3,2508,23,49,0,failure,0,0.487255,NEGATIVE
blue-collar,divorced,basic.6y,no,no,no,cellular,jul,tue,-3,2508,23,49,0,failure,1,0.500609,POSITIVE
self-employed,married,illiterate,unknown,unknown,unknown,telephone,oct,fri,-1,2547,21,52,4,nonexistent,0,0.489933,NEGATIVE
self-employed,married,illiterate,unknown,unknown,unknown,telephone,oct,fri,-1,2547,21,52,4,nonexistent,1,0.502404,POSITIVE
retired,married,high.school,unknown,unknown,unknown,telephone,apr,thu,-1,2618,24,59,3,nonexistent,0,0.488528,NEGATIVE
retired,married,high.school,unknown,unknown,unknown,telephone,apr,thu,-1,2618,24,59,3,nonexistent,1,0.500999,POSITIVE
student,married,illiterate,unknown,unknown,unknown,telephone,apr,fri,-1,2641,24,52,4,nonexistent,0,0.492832,NEGATIVE
student,married,illiterate,unknown,unknown,unknown,telephone,apr,fri,-1,2641,24,52,4,nonexistent,1,0.505303,POSITIVE
unemployed,single,professional.course,unknown,unknown,unknown,telephone,may,(null),0,2614,21,61,6,success,0,0.488670,NEGATIVE
unemployed,single,professional.course,unknown,unknown,unknown,telephone,may,(null),0,2614,21,61,6,success,1,0.501140,POSITIVE
self-employed,divorced,basic.4y,no,no,no,cellular,apr,mon,-3,2501,23,56,0,failure,0,0.492369,NEGATIVE
self-employed,divorced,basic.4y,no,no,no,cellular,apr,mon,-3,2501,23,56,0,failure,1,0.504840,POSITIVE
housemaid,married,high.school,unknown,unknown,unknown,telephone,apr,thu,-1,2520,24,51,3,nonexistent,0,0.491369,NEGATIVE
housemaid,married,high.school,unknown,unknown,unknown,telephone,apr,thu,-1,2520,24,51,3,nonexistent,1,0.503840,POSITIVE
technician,single,professional.course,unknown,unknown,unknown,telephone,may,(null),0,2571,21,60,5,success,0,0.497522,NEGATIVE
technician,single,professional.course,unknown,unknown,unknown,telephone,may,(null),0,2571,21,60,5,success,1,0.509993,POSITIVE
management,married,basic.9y,no,no,no,cellular,sep,wed,-2,2610,23,42,2,nonexistent,0,0.496204,NEGATIVE
management,married,basic.9y,no,no,no,cellular,sep,wed,-2,2610,23,42,2,nonexistent,1,0.510472,POSITIVE
student,married,high.school,unknown,unknown,unknown,telephone,oct,thu,-1,2638,24,35,3,nonexistent,0,0.493631,NEGATIVE
student,married,high.school,unknown,unknown,unknown,telephone,oct,thu,-1,2638,24,35,3,nonexistent,1,0.507900,POSITIVE
student,married,basic.9y,no,no,no,cellular,sep,wed,-2,2595,23,34,2,nonexistent,0,0.498763,NEGATIVE
student,married,basic.9y,no,no,no,cellular,sep,wed,-2,2595,23,34,2,nonexistent,1,0.513030,POSITIVE
housemaid,married,illiterate,unknown,unknown,unknown,telephone,oct,fri,-1,2626,24,36,4,nonexistent,0,0.493711,NEGATIVE
housemaid,married,illiterate,unknown,unknown,unknown,telephone,oct,fri,-1,2626,24,36,4,nonexistent,1,0.507980,POSITIVE
technician,single,professional.course,unknown,unknown,unknown,telephone,nov,(null),0,2649,21,45,6,success,0,0.499607,NEGATIVE
technician,single,professional.course,unknown,unknown,unknown,telephone,nov,(null),0,2649,21,45,6,success,1,0.512077,POSITIVE
student,single,professional.course,unknown,unknown,unknown,telephone,may,(null),0,2641,24,43,5,success,0,0.494928,NEGATIVE
student,single,professional.course,unknown,unknown,unknown,telephone,may,(null),0,2641,24,43,5,success,1,0.507399,POSITIVE
admin.,divorced,basic.4y,no,no,no,cellular,jul,mon,-3,2501,23,32,0,failure,0,0.495304,NEGATIVE
admin.,divorced,basic.4y,no,no,no,cellular,jul,mon,-3,2501,23,32,0,failure,1,0.508288,POSITIVE
technician,single,professional.course,unknown,unknown,unknown,telephone,nov,(null),0,2575,21,38,6,success,0,0.488891,NEGATIVE
technician,single,professional.course,unknown,unknown,unknown,telephone,nov,(null),0,2575,21,38,6,success,1,0.501361,POSITIVE
technician,single,professional.course,unknown,unknown,unknown,telephone,nov,(null),0,2532,21,37,5,success,0,0.488846,NEGATIVE
technician,single,professional.course,unknown,unknown,unknown,telephone,nov,(null),0,2532,21,37,5,success,1,0.501316,POSITIVE
student,married,high.school,unknown,unknown,unknown,telephone,apr,thu,-1,2520,24,43,3,nonexistent,0,0.492398,NEGATIVE
student,married,high.school,unknown,unknown,unknown,telephone,apr,thu,-1,2520,24,43,3,nonexistent,1,0.506667,POSITIVE
housemaid,married,illiterate,unknown,unknown,unknown,telephone,apr,fri,-1,2555,24,44,4,nonexistent,0,0.491021,NEGATIVE
housemaid,married,illiterate,unknown,unknown,unknown,telephone,apr,fri,-1,2555,24,44,4,nonexistent,1,0.505290,POSITIVE
technician,married,illiterate,unknown,unknown,unknown,telephone,apr,fri,-1,2555,24,36,4,nonexistent,0,0.490000,NEGATIVE
technician,married,illiterate,unknown,unknown,unknown,telephone,apr,fri,-1,2555,24,36,4,nonexistent,1,0.504269,POSITIVE
unemployed,single,professional.course,unknown,unknown,unknown,telephone,nov,(null),0,2770,24,30,6,success,0,0.495012,NEGATIVE
unemployed,single,professional.course,unknown,unknown,unknown,telephone,nov,(null),0,2770,24,30,6,success,1,0.509280,POSITIVE
technician,single,professional.course,unknown,unknown,unknown,telephone,nov,(null),0,2727,24,29,6,success,0,0.488788,NEGATIVE
technician,single,professional.course,unknown,unknown,unknown,telephone,nov,(null),0,2727,24,29,6,success,1,0.503056,POSITIVE
admin.,divorced,basic.4y,no,no,no,cellular,jul,mon,-3,2736,25,0,0,failure,0,0.499961,NEGATIVE
admin.,divorced,basic.4y,no,no,no,cellular,jul,mon,-3,2736,25,0,0,failure,1,0.514036,POSITIVE
blue-collar,divorced,basic.6y,no,no,no,cellular,jul,tue,-3,2700,25,1,0,failure,0,0.498101,NEGATIVE
blue-collar,divorced,basic.6y,no,no,no,cellular,jul,tue,-3,2700,25,1,0,failure,1,0.511083,POSITIVE
entrepreneur,divorced,basic.6y,no,no,no,cellular,aug,tue,-3,2665,25,2,1,failure,0,0.496242,NEGATIVE
entrepreneur,divorced,basic.6y,no,no,no,cellular,aug,tue,-3,2665,25,2,1,failure,1,0.509225,POSITIVE
student,single,professional.course,unknown,unknown,unknown,telephone,nov,(null),0,2641,23,27,5,success,0,0.487696,NEGATIVE
student,single,professional.course,unknown,unknown,unknown,telephone,nov,(null),0,2641,23,27,5,success,1,0.501963,POSITIVE
services,married,illiterate,unknown,unknown,unknown,telephone,oct,fri,-1,2555,23,26,4,nonexistent,0,0.486239,NEGATIVE
services,married,illiterate,unknown,unknown,unknown,telephone,oct,fri,-1,2555,23,26,4,nonexistent,1,0.500505,POSITIVE
student,single,professional.course,unknown,unknown,unknown,telephone,may,(null),0,2532,24,29,5,success,0,0.489537,NEGATIVE
student,single,professional.course,unknown,unknown,unknown,telephone,may,(null),0,2532,24,29,5,success,1,0.503805,POSITIVE
technician,single,professional.course,unknown,unknown,unknown,telephone,may,(null),0,2536,24,22,6,success,0,0.498448,NEGATIVE
technician,single,professional.course,unknown,unknown,unknown,telephone,may,(null),0,2536,24,22,6,success,1,0.512716,POSITIVE
technician,single,professional.course,unknown,unknown,unknown,telephone,nov,(null),0,2653,24,14,6,success,0,0.499193,NEGATIVE
technician,single,professional.course,unknown,unknown,unknown,telephone,nov,(null),0,2653,24,14,6,success,1,0.513460,POSITIVE
technician,single,professional.course,unknown,unknown,unknown,telephone,nov,(null),0,2610,24,13,5,success,0,0.496338,NEGATIVE
technician,single,professional.course,unknown,unknown,unknown,telephone,nov,(null),0,2610,24,13,5,success,1,0.510606,POSITIVE
admin.,divorced,basic.4y,no,no,no,cellular,jan,mon,-3,2580,25,0,0,failure,0,0.490534,NEGATIVE
admin.,divorced,basic.4y,no,no,no,cellular,jan,mon,-3,2580,25,0,0,failure,1,0.503831,POSITIVE
admin.,divorced,basic.4y,no,no,no,cellular,jul,mon,-3,2501,23,0,0,failure,0,0.492706,NEGATIVE
admin.,divorced,basic.4y,no,no,no,cellular,jul,mon,-3,2501,23,0,0,failure,1,0.507779,POSITIVE
services,divorced,basic.6y,no,no,no,cellular,aug,tue,-3,2360,1,126,1,failure,0,0.499994,NEGATIVE
services,divorced,basic.6y,no,no,no,cellular,aug,tue,-3,2360,1,126,1,failure,1,0.500130,POSITIVE
entrepreneur,divorced,basic.6y,no,no,no,cellular,mar,tue,-3,2204,2,127,1,failure,0,0.499886,NEGATIVE
entrepreneur,divorced,basic.6y,no,no,no,cellular,mar,tue,-3,2204,2,127,1,failure,1,0.500021,POSITIVE
blue-collar,divorced,basic.6y,no,no,no,cellular,jan,tue,-3,2360,14,111,0,failure,0,0.497723,NEGATIVE
blue-collar,divorced,basic.6y,no,no,no,cellular,jan,tue,-3,2360,14,111,0,failure,1,0.500045,POSITIVE
self-employed,divorced,basic.6y,no,no,no,cellular,oct,tue,-3,2430,14,94,0,failure,0,0.495130,NEGATIVE
self-employed,divorced,basic.6y,no,no,no,cellular,oct,tue,-3,2430,14,94,0,failure,1,0.503070,POSITIVE
self-employed,divorced,basic.6y,no,no,no,cellular,jul,tue,-3,2352,14,94,0,failure,0,0.495314,NEGATIVE
self-employed,divorced,basic.6y,no,no,no,cellular,jul,tue,-3,2352,14,94,0,failure,1,0.503255,POSITIVE
housemaid,married,basic.9y,no,no,no,cellular,feb,wed,-2,2446,17,98,2,nonexistent,0,0.492111,NEGATIVE
housemaid,married,basic.9y,no,no,no,cellular,feb,wed,-2,2446,17,98,2,nonexistent,1,0.500043,POSITIVE
student,married,illiterate,unknown,unknown,unknown,telephone,apr,fri,-1,2445,15,98,4,nonexistent,0,0.496352,NEGATIVE
student,married,illiterate,unknown,unknown,unknown,telephone,apr,fri,-1,2445,15,98,4,nonexistent,1,0.501084,POSITIVE
entrepreneur,divorced,basic.6y,no,no,no,cellular,feb,tue,-3,2360,17,95,1,failure,0,0.495701,NEGATIVE
entrepreneur,divorced,basic.6y,no,no,no,cellular,feb,tue,-3,2360,17,95,1,failure,1,0.503130,POSITIVE
blue-collar,divorced,basic.6y,no,no,no,cellular,jul,tue,-3,2274,14,94,0,failure,0,0.493126,NEGATIVE
blue-collar,divorced,basic.6y,no,no,no,cellular,jul,tue,-3,2274,14,94,0,failure,1,0.501067,POSITIVE
entrepreneur,divorced,basic.6y,no,no,no,cellular,feb,tue,-3,2219,14,96,1,failure,0,0.494628,NEGATIVE
entrepreneur,divorced,basic.6y,no,no,no,cellular,feb,tue,-3,2219,14,96,1,failure,1,0.502569,POSITIVE
blue-collar,married,basic.9y,no,no,no,cellular,feb,wed,-2,2473,20,81,2,nonexistent,0,0.497283,NEGATIVE
blue-collar,married,basic.9y,no,no,no,cellular,feb,wed,-2,2473,20,81,2,nonexistent,1,0.508723,POSITIVE
blue-collar,divorced,basic.6y,no,no,no,cellular,jul,tue,-3,2430,20,64,0,failure,0,0.496587,NEGATIVE
blue-collar,divorced,basic.6y,no,no,no,cellular,jul,tue,-3,2430,20,64,0,failure,1,0.509058,POSITIVE
student,married,basic.9y,no,no,no,cellular,mar,wed,-2,2438,20,65,2,nonexistent,0,0.494560,NEGATIVE
student,married,basic.9y,no,no,no,cellular,mar,wed,-2,2438,20,65,2,nonexistent,1,0.506000,POSITIVE
housemaid,married,illiterate,unknown,unknown,unknown,telephone,apr,fri,-1,2469,21,67,4,nonexistent,0,0.492302,NEGATIVE
housemaid,married,illiterate,unknown,unknown,unknown,telephone,apr,fri,-1,2469,21,67,4,nonexistent,1,0.504773,POSITIVE
admin.,divorced,basic.6y,no,no,no,cellular,jul,tue,-3,2387,20,63,0,failure,0,0.489909,NEGATIVE
admin.,divorced,basic.6y,no,no,no,cellular,jul,tue,-3,2387,20,63,0,failure,1,0.502380,POSITIVE
self-employed,divorced,basic.6y,no,no,no,cellular,jan,tue,-3,2352,20,71,0,failure,0,0.489681,NEGATIVE
self-employed,divorced,basic.6y,no,no,no,cellular,jan,tue,-3,2352,20,71,0,failure,1,0.501120,POSITIVE
self-employed,divorced,basic.4y,no,no,no,cellular,jul,mon,-3,2423,17,87,0,failure,0,0.498965,NEGATIVE
self-employed,divorced,basic.4y,no,no,no,cellular,jul,mon,-3,2423,17,87,0,failure,1,0.510404,POSITIVE
blue-collar,divorced,basic.6y,no,no,no,cellular,aug,tue,-3,2438,17,88,1,failure,0,0.489221,NEGATIVE
blue-collar,divorced,basic.6y,no,no,no,cellular,aug,tue,-3,2438,17,88,1,failure,1,0.500660,POSITIVE
services,divorced,basic.6y,no,no,no,cellular,aug,tue,-3,2438,17,80,1,failure,0,0.490111,NEGATIVE
services,divorced,basic.6y,no,no,no,cellular,aug,tue,-3,2438,17,80,1,failure,1,0.501550,POSITIVE
housemaid,married,illiterate,unknown,unknown,unknown,telephone,oct,fri,-1,2488,15,91,4,nonexistent,0,0.495476,NEGATIVE
housemaid,married,illiterate,unknown,unknown,unknown,telephone,oct,fri,-1,2488,15,91,4,nonexistent,1,0.500208,POSITIVE
services,married,illiterate,unknown,unknown,unknown,telephone,apr,fri,-1,2476,17,88,4,nonexistent,0,0.497569,NEGATIVE
services,married,illiterate,unknown,unknown,unknown,telephone,apr,fri,-1,2476,17,88,4,nonexistent,1,0.509520,POSITIVE
retired,married,high.school,unknown,unknown,unknown,telephone,jul,thu,-1,2383,16,86,3,nonexistent,0,0.492535,NEGATIVE
retired,married,high.school,unknown,unknown,unknown,telephone,jul,thu,-1,2383,16,86,3,nonexistent,1,0.501884,POSITIVE
housemaid,married,high.school,unknown,unknown,unknown,telephone,oct,thu,-1,2442,18,74,3,nonexistent,0,0.495730,NEGATIVE
housemaid,married,high.school,unknown,unknown,unknown,telephone,oct,thu,-1,2442,18,74,3,nonexistent,1,0.507170,POSITIVE
student,married,illiterate,unknown,unknown,unknown,telephone,oct,fri,-1,2484,18,67,4,nonexistent,0,0.493502,NEGATIVE
student,married,illiterate,unknown,unknown,unknown,telephone,oct,fri,-1,2484,18,67,4,nonexistent,1,0.504942,POSITIVE
technician,single,professional.course,unknown,unknown,unknown,telephone,may,(null),0,2492,18,76,5,success,0,0.495381,NEGATIVE
technician,single,professional.course,unknown,unknown,unknown,telephone,may,(null),0,2492,18,76,5,success,1,0.506977,POSITIVE
services,divorced,basic.6y,no,no,no,cellular,aug,tue,-3,2360,17,72,1,failure,0,0.493236,NEGATIVE
services,divorced,basic.6y,no,no,no,cellular,aug,tue,-3,2360,17,72,1,failure,1,0.504676,POSITIVE
housemaid,married,high.school,unknown,unknown,unknown,telephone,oct,thu,-1,2364,18,66,3,nonexistent,0,0.498856,NEGATIVE
housemaid,married,high.school,unknown,unknown,unknown,telephone,oct,thu,-1,2364,18,66,3,nonexistent,1,0.510295,POSITIVE
management,single,professional.course,unknown,unknown,unknown,telephone,nov,(null),0,2414,15,77,6,success,0,0.491257,NEGATIVE
management,single,professional.course,unknown,unknown,unknown,telephone,nov,(null),0,2414,15,77,6,success,1,0.503209,POSITIVE
student,married,illiterate,unknown,unknown,unknown,telephone,apr,fri,-1,2391,18,75,4,nonexistent,0,0.496811,NEGATIVE
student,married,illiterate,unknown,unknown,unknown,telephone,apr,fri,-1,2391,18,75,4,nonexistent,1,0.508251,POSITIVE
housemaid,married,illiterate,unknown,unknown,unknown,telephone,apr,fri,-1,2371,18,75,4,nonexistent,0,0.497113,NEGATIVE
housemaid,married,illiterate,unknown,unknown,unknown,telephone,apr,fri,-1,2371,18,75,4,nonexistent,1,0.508553,POSITIVE
technician,single,professional.course,unknown,unknown,unknown,telephone,may,(null),0,2414,18,68,5,success,0,0.498507,NEGATIVE
technician,single,professional.course,unknown,unknown,unknown,telephone,may,(null),0,2414,18,68,5,success,1,0.509947,POSITIVE
blue-collar,married,basic.9y,no,no,no,cellular,feb,wed,-2,2317,20,65,2,nonexistent,0,0.497055,NEGATIVE
blue-collar,married,basic.9y,no,no,no,cellular,feb,wed,-2,2317,20,65,2,nonexistent,1,0.509526,POSITIVE
student,married,basic.9y,no,no,no,cellular,sep,wed,-2,2321,14,81,2,nonexistent,0,0.494874,NEGATIVE
student,married,basic.9y,no,no,no,cellular,sep,wed,-2,2321,14,81,2,nonexistent,1,0.502815,POSITIVE
entrepreneur,divorced,basic.6y,no,no,no,cellular,feb,tue,-3,2282,17,88,1,failure,0,0.498648,NEGATIVE
entrepreneur,divorced,basic.6y,no,no,no,cellular,feb,tue,-3,2282,17,88,1,failure,1,0.510087,POSITIVE
services,married,basic.9y,no,no,no,cellular,feb,wed,-2,2317,17,81,2,nonexistent,0,0.495830,NEGATIVE
services,married,basic.9y,no,no,no,cellular,feb,wed,-2,2317,17,81,2,nonexistent,1,0.507270,POSITIVE
housemaid,married,basic.9y,no,no,no,cellular,aug,wed,-2,2212,14,81,2,nonexistent,0,0.495007,NEGATIVE
housemaid,married,basic.9y,no,no,no,cellular,aug,wed,-2,2212,14,81,2,nonexistent,1,0.502948,POSITIVE
entrepreneur,divorced,basic.6y,no,no,no,cellular,feb,tue,-3,2204,17,80,1,failure,0,0.499059,NEGATIVE
entrepreneur,divorced,basic.6y,no,no,no,cellular,feb,tue,-3,2204,17,80,1,failure,1,0.510498,POSITIVE
student,married,basic.9y,no,no,no,cellular,mar,wed,-2,2243,14,89,2,nonexistent,0,0.499512,NEGATIVE
student,married,basic.9y,no,no,no,cellular,mar,wed,-2,2243,14,89,2,nonexistent,1,0.504244,POSITIVE
student,married,illiterate,unknown,unknown,unknown,telephone,apr,fri,-1,2250,15,83,4,nonexistent,0,0.497680,NEGATIVE
student,married,illiterate,unknown,unknown,unknown,telephone,apr,fri,-1,2250,15,83,4,nonexistent,1,0.502412,POSITIVE
blue-collar,divorced,basic.6y,no,no,no,cellular,aug,tue,-3,2282,17,72,1,failure,0,0.492757,NEGATIVE
blue-collar,divorced,basic.6y,no,no,no,cellular,aug,tue,-3,2282,17,72,1,failure,1,0.504197,POSITIVE
services,divorced,basic.6y,no,no,no,cellular,aug,tue,-3,2282,17,64,1,failure,0,0.496362,NEGATIVE
services,divorced,basic.6y,no,no,no,cellular,aug,tue,-3,2282,17,64,1,failure,1,0.507803,POSITIVE
student,married,illiterate,unknown,unknown,unknown,telephone,oct,fri,-1,2328,15,75,4,nonexistent,0,0.490269,NEGATIVE
student,married,illiterate,unknown,unknown,unknown,telephone,oct,fri,-1,2328,15,75,4,nonexistent,1,0.502220,POSITIVE
management,single,professional.course,unknown,unknown,unknown,telephone,nov,(null),0,2336,15,69,6,success,0,0.492372,NEGATIVE
management,single,professional.course,unknown,unknown,unknown,telephone,nov,(null),0,2336,15,69,6,success,1,0.504324,POSITIVE
services,married,illiterate,unknown,unknown,unknown,telephone,apr,fri,-1,2320,17,73,4,nonexistent,0,0.491579,NEGATIVE
services,married,illiterate,unknown,unknown,unknown,telephone,apr,fri,-1,2320,17,73,4,nonexistent,1,0.503019,POSITIVE
retired,married,high.school,unknown,unknown,unknown,telephone,jul,thu,-1,2227,16,70,3,nonexistent,0,0.490297,NEGATIVE
retired,married,high.school,unknown,unknown,unknown,telephone,jul,thu,-1,2227,16,70,3,nonexistent,1,0.501736,POSITIVE
management,single,professional.course,unknown,unknown,unknown,telephone,may,(null),0,2379,12,100,6,success,0,0.499984,NEGATIVE
management,single,professional.course,unknown,unknown,unknown,telephone,may,(null),0,2379,12,100,6,success,1,0.500254,POSITIVE
blue-collar,divorced,basic.6y,no,no,no,cellular,apr,tue,-3,2204,11,103,1,failure,0,0.499779,NEGATIVE
blue-collar,divorced,basic.6y,no,no,no,cellular,apr,tue,-3,2204,11,103,1,failure,1,0.500049,POSITIVE
management,single,professional.course,unknown,unknown,unknown,telephone,may,(null),0,2258,9,100,6,success,0,0.499668,NEGATIVE
management,single,professional.course,unknown,unknown,unknown,telephone,may,(null),0,2258,9,100,6,success,1,0.500137,POSITIVE
student,single,professional.course,unknown,unknown,unknown,telephone,nov,(null),0,2406,12,90,5,success,0,0.499924,NEGATIVE
student,single,professional.course,unknown,unknown,unknown,telephone,nov,(null),0,2406,12,90,5,success,1,0.503610,POSITIVE
housemaid,married,basic.9y,no,no,no,cellular,feb,wed,-2,2134,14,88,2,nonexistent,0,0.498393,NEGATIVE
housemaid,married,basic.9y,no,no,no,cellular,feb,wed,-2,2134,14,88,2,nonexistent,1,0.506334,POSITIVE
housemaid,married,illiterate,unknown,unknown,unknown,telephone,apr,fri,-1,2172,15,83,4,nonexistent,0,0.496818,NEGATIVE
housemaid,married,illiterate,unknown,unknown,unknown,telephone,apr,fri,-1,2172,15,83,4,nonexistent,1,0.504758,POSITIVE
services,divorced,basic.6y,no,no,no,cellular,feb,tue,-3,2048,14,80,1,failure,0,0.495787,NEGATIVE
services,divorced,basic.6y,no,no,no,cellular,feb,tue,-3,2048,14,80,1,failure,1,0.503728,POSITIVE
housemaid,married,basic.9y,no,no,no,cellular,aug,wed,-2,2134,15,67,2,nonexistent,0,0.489015,NEGATIVE
housemaid,married,basic.9y,no,no,no,cellular,aug,wed,-2,2134,15,67,2,nonexistent,1,0.500453,POSITIVE
blue-collar,married,basic.9y,no,no,no,cellular,feb,wed,-2,2161,17,73,2,nonexistent,0,0.496666,NEGATIVE
blue-collar,married,basic.9y,no,no,no,cellular,feb,wed,-2,2161,17,73,2,nonexistent,1,0.508106,POSITIVE
student,married,illiterate,unknown,unknown,unknown,telephone,apr,fri,-1,2157,15,75,4,nonexistent,0,0.495866,NEGATIVE
student,married,illiterate,unknown,unknown,unknown,telephone,apr,fri,-1,2157,15,75,4,nonexistent,1,0.507817,POSITIVE
housemaid,married,illiterate,unknown,unknown,unknown,telephone,apr,fri,-1,2137,15,75,4,nonexistent,0,0.494946,NEGATIVE
housemaid,married,illiterate,unknown,unknown,unknown,telephone,apr,fri,-1,2137,15,75,4,nonexistent,1,0.506898,POSITIVE
technician,single,professional.course,unknown,unknown,unknown,telephone,may,(null),0,2180,15,68,5,success,0,0.497187,NEGATIVE
technician,single,professional.course,unknown,unknown,unknown,telephone,may,(null),0,2180,15,68,5,success,1,0.509138,POSITIVE
entrepreneur,divorced,basic.6y,no,no,no,cellular,aug,tue,-3,2048,14,65,1,failure,0,0.495256,NEGATIVE
entrepreneur,divorced,basic.6y,no,no,no,cellular,aug,tue,-3,2048,14,65,1,failure,1,0.506697,POSITIVE
blue-collar,married,basic.9y,no,no,no,cellular,feb,wed,-2,2083,17,65,2,nonexistent,0,0.499792,NEGATIVE
blue-collar,married,basic.9y,no,no,no,cellular,feb,wed,-2,2083,17,65,2,nonexistent,1,0.511231,POSITIVE
student,married,illiterate,unknown,unknown,unknown,telephone,apr,fri,-1,2079,15,67,4,nonexistent,0,0.496981,NEGATIVE
student,married,illiterate,unknown,unknown,unknown,telephone,apr,fri,-1,2079,15,67,4,nonexistent,1,0.508932,POSITIVE
housemaid,married,illiterate,unknown,unknown,unknown,telephone,apr,fri,-1,2059,15,67,4,nonexistent,0,0.496496,NEGATIVE
housemaid,married,illiterate,unknown,unknown,unknown,telephone,apr,fri,-1,2059,15,67,4,nonexistent,1,0.508012,POSITIVE
blue-collar,divorced,basic.6y,no,no,no,cellular,aug,tue,-3,1970,14,64,1,failure,0,0.492140,NEGATIVE
blue-collar,divorced,basic.6y,no,no,no,cellular,aug,tue,-3,1970,14,64,1,failure,1,0.503580,POSITIVE
services,married,basic.9y,no,no,no,cellular,feb,wed,-2,2005,14,73,2,nonexistent,0,0.495557,NEGATIVE
services,married,basic.9y,no,no,no,cellular,feb,wed,-2,2005,14,73,2,nonexistent,1,0.507508,POSITIVE
admin.,divorced,basic.6y,no,no,no,cellular,jul,tue,-3,1919,14,63,0,failure,0,0.494665,NEGATIVE
admin.,divorced,basic.6y,no,no,no,cellular,jul,tue,-3,1919,14,63,0,failure,1,0.506106,POSITIVE
entrepreneur,divorced,basic.6y,no,no,no,cellular,feb,tue,-3,1891,14,72,1,failure,0,0.497359,NEGATIVE
entrepreneur,divorced,basic.6y,no,no,no,cellular,feb,tue,-3,1891,14,72,1,failure,1,0.508799,POSITIVE
services,married,basic.9y,no,no,no,cellular,feb,wed,-2,1927,14,65,2,nonexistent,0,0.498339,NEGATIVE
services,married,basic.9y,no,no,no,cellular,feb,wed,-2,1927,14,65,2,nonexistent,1,0.509778,POSITIVE
blue-collar,divorced,basic.6y,no,no,no,cellular,oct,tue,-3,2126,5,103,1,failure,0,0.499985,NEGATIVE
blue-collar,divorced,basic.6y,no,no,no,cellular,oct,tue,-3,2126,5,103,1,failure,1,0.500454,POSITIVE
unemployed,single,professional.course,unknown,unknown,unknown,telephone,sep,(null),0,2180,3,100,6,success,0,0.499979,NEGATIVE
unemployed,single,professional.course,unknown,unknown,unknown,telephone,sep,(null),0,2180,3,100,6,success,1,0.500115,POSITIVE
admin.,divorced,basic.4y,no,no,no,cellular,jul,mon,-3,1955,5,102,0,failure,0,0.499602,NEGATIVE
admin.,divorced,basic.4y,no,no,no,cellular,jul,mon,-3,1955,5,102,0,failure,1,0.500072,POSITIVE
entrepreneur,married,basic.9y,no,no,no,cellular,sep,wed,-2,2165,11,89,2,nonexistent,0,0.499846,NEGATIVE
entrepreneur,married,basic.9y,no,no,no,cellular,sep,wed,-2,2165,11,89,2,nonexistent,1,0.500116,POSITIVE
student,married,basic.9y,no,no,no,cellular,sep,wed,-2,2141,11,81,2,nonexistent,0,0.498949,NEGATIVE
student,married,basic.9y,no,no,no,cellular,sep,wed,-2,2141,11,81,2,nonexistent,1,0.507342,POSITIVE
services,married,basic.9y,no,no,no,cellular,aug,wed,-2,2056,8,88,2,nonexistent,0,0.499955,NEGATIVE
services,married,basic.9y,no,no,no,cellular,aug,wed,-2,2056,8,88,2,nonexistent,1,0.500254,POSITIVE
technician,single,professional.course,unknown,unknown,unknown,telephone,may,(null),0,2180,12,84,5,success,0,0.498354,NEGATIVE
technician,single,professional.course,unknown,unknown,unknown,telephone,may,(null),0,2180,12,84,5,success,1,0.506747,POSITIVE
management,single,professional.course,unknown,unknown,unknown,telephone,may,(null),0,2102,12,84,5,success,0,0.499350,NEGATIVE
management,single,professional.course,unknown,unknown,unknown,telephone,may,(null),0,2102,12,84,5,success,1,0.506935,POSITIVE
services,married,illiterate,unknown,unknown,unknown,telephone,oct,fri,-1,2086,11,73,4,nonexistent,0,0.498066,NEGATIVE
services,married,illiterate,unknown,unknown,unknown,telephone,oct,fri,-1,2086,11,73,4,nonexistent,1,0.505243,POSITIVE
unemployed,single,professional.course,unknown,unknown,unknown,telephone,sep,(null),0,2180,6,92,6,success,0,0.499650,NEGATIVE
unemployed,single,professional.course,unknown,unknown,unknown,telephone,sep,(null),0,2180,6,92,6,success,1,0.500118,POSITIVE
housemaid,married,high.school,unknown,unknown,unknown,telephone,apr,thu,-1,1935,12,82,3,nonexistent,0,0.498015,NEGATIVE
housemaid,married,high.school,unknown,unknown,unknown,telephone,apr,thu,-1,1935,12,82,3,nonexistent,1,0.502747,POSITIVE
self-employed,married,illiterate,unknown,unknown,unknown,telephone,oct,fri,-1,2001,12,67,4,nonexistent,0,0.495269,NEGATIVE
self-employed,married,illiterate,unknown,unknown,unknown,telephone,oct,fri,-1,2001,12,67,4,nonexistent,1,0.500001,POSITIVE
unemployed,single,professional.course,unknown,unknown,unknown,telephone,may,(null),0,2028,12,69,6,success,0,0.496767,NEGATIVE
unemployed,single,professional.course,unknown,unknown,unknown,telephone,may,(null),0,2028,12,69,6,success,1,0.501499,POSITIVE
housemaid,married,illiterate,unknown,unknown,unknown,telephone,apr,fri,-1,1942,12,75,4,nonexistent,0,0.499613,NEGATIVE
housemaid,married,illiterate,unknown,unknown,unknown,telephone,apr,fri,-1,1942,12,75,4,nonexistent,1,0.504345,POSITIVE
housemaid,married,basic.9y,no,no,no,cellular,aug,wed,-2,2446,20,57,2,nonexistent,0,0.493004,NEGATIVE
housemaid,married,basic.9y,no,no,no,cellular,aug,wed,-2,2446,20,57,2,nonexistent,1,0.505475,POSITIVE
housemaid,married,high.school,unknown,unknown,unknown,telephone,oct,thu,-1,2461,21,51,3,nonexistent,0,0.494451,NEGATIVE
housemaid,married,high.school,unknown,unknown,unknown,telephone,oct,thu,-1,2461,21,51,3,nonexistent,1,0.506923,POSITIVE
retired,married,high.school,unknown,unknown,unknown,telephone,apr,thu,-1,2461,22,55,3,nonexistent,0,0.488584,NEGATIVE
retired,married,high.school,unknown,unknown,unknown,telephone,apr,thu,-1,2461,22,55,3,nonexistent,1,0.501054,POSITIVE
services,divorced,basic.6y,no,no,no,cellular,jul,tue,-3,2360,20,49,1,failure,0,0.493063,NEGATIVE
services,divorced,basic.6y,no,no,no,cellular,jul,tue,-3,2360,20,49,1,failure,1,0.505534,POSITIVE
blue-collar,married,basic.9y,no,no,no,cellular,aug,wed,-2,2356,20,50,2,nonexistent,0,0.492576,NEGATIVE
blue-collar,married,basic.9y,no,no,no,cellular,aug,wed,-2,2356,20,50,2,nonexistent,1,0.505047,POSITIVE
management,married,basic.9y,no,no,no,cellular,mar,wed,-2,2375,21,53,2,nonexistent,0,0.492395,NEGATIVE
management,married,basic.9y,no,no,no,cellular,mar,wed,-2,2375,21,53,2,nonexistent,1,0.504866,POSITIVE
student,married,high.school,unknown,unknown,unknown,telephone,oct,thu,-1,2461,21,43,3,nonexistent,0,0.499001,NEGATIVE
student,married,high.school,unknown,unknown,unknown,telephone,oct,thu,-1,2461,21,43,3,nonexistent,1,0.511471,POSITIVE
housemaid,married,illiterate,unknown,unknown,unknown,telephone,oct,fri,-1,2488,21,44,4,nonexistent,0,0.490023,NEGATIVE
housemaid,married,illiterate,unknown,unknown,unknown,telephone,oct,fri,-1,2488,21,44,4,nonexistent,1,0.502494,POSITIVE
technician,married,illiterate,unknown,unknown,unknown,telephone,oct,fri,-1,2488,21,36,4,nonexistent,0,0.497846,NEGATIVE
technician,married,illiterate,unknown,unknown,unknown,telephone,oct,fri,-1,2488,21,36,4,nonexistent,1,0.510317,POSITIVE
retired,married,high.school,unknown,unknown,unknown,telephone,oct,thu,-1,2383,21,39,3,nonexistent,0,0.494515,NEGATIVE
retired,married,high.school,unknown,unknown,unknown,telephone,oct,thu,-1,2383,21,39,3,nonexistent,1,0.506986,POSITIVE
admin.,divorced,basic.4y,no,no,no,cellular,jan,mon,-3,2423,23,32,0,failure,0,0.491920,NEGATIVE
admin.,divorced,basic.4y,no,no,no,cellular,jan,mon,-3,2423,23,32,0,failure,1,0.507224,POSITIVE
self-employed,divorced,basic.4y,no,no,no,cellular,jan,mon,-3,2384,23,40,0,failure,0,0.487511,NEGATIVE
self-employed,divorced,basic.4y,no,no,no,cellular,jan,mon,-3,2384,23,40,0,failure,1,0.502437,POSITIVE
self-employed,divorced,basic.4y,no,no,no,cellular,jan,mon,-3,2384,23,32,0,failure,0,0.496223,NEGATIVE
self-employed,divorced,basic.4y,no,no,no,cellular,jan,mon,-3,2384,23,32,0,failure,1,0.508939,POSITIVE
management,single,professional.course,unknown,unknown,unknown,telephone,may,(null),0,2414,21,46,6,success,0,0.492125,NEGATIVE
management,single,professional.course,unknown,unknown,unknown,telephone,may,(null),0,2414,21,46,6,success,1,0.504596,POSITIVE
management,single,professional.course,unknown,unknown,unknown,telephone,nov,(null),0,2492,18,61,6,success,0,0.493881,NEGATIVE
management,single,professional.course,unknown,unknown,unknown,telephone,nov,(null),0,2492,18,61,6,success,1,0.506352,POSITIVE
unemployed,single,professional.course,unknown,unknown,unknown,telephone,nov,(null),0,2492,18,54,6,success,0,0.494337,NEGATIVE
unemployed,single,professional.course,unknown,unknown,unknown,telephone,nov,(null),0,2492,18,54,6,success,1,0.506809,POSITIVE
student,married,illiterate,unknown,unknown,unknown,telephone,oct,fri,-1,2406,18,59,4,nonexistent,0,0.491198,NEGATIVE
student,married,illiterate,unknown,unknown,unknown,telephone,oct,fri,-1,2406,18,59,4,nonexistent,1,0.502637,POSITIVE
management,single,professional.course,unknown,unknown,unknown,telephone,nov,(null),0,2375,18,53,5,success,0,0.493654,NEGATIVE
management,single,professional.course,unknown,unknown,unknown,telephone,nov,(null),0,2375,18,53,5,success,1,0.506125,POSITIVE
unemployed,single,professional.course,unknown,unknown,unknown,telephone,may,(null),0,2379,18,61,6,success,0,0.489012,NEGATIVE
unemployed,single,professional.course,unknown,unknown,unknown,telephone,may,(null),0,2379,18,61,6,success,1,0.500451,POSITIVE
technician,single,professional.course,unknown,unknown,unknown,telephone,nov,(null),0,2414,18,46,6,success,0,0.497856,NEGATIVE
technician,single,professional.course,unknown,unknown,unknown,telephone,nov,(null),0,2414,18,46,6,success,1,0.510326,POSITIVE
housemaid,married,basic.9y,no,no,no,cellular,feb,wed,-2,2290,21,52,2,nonexistent,0,0.496207,NEGATIVE
housemaid,married,basic.9y,no,no,no,cellular,feb,wed,-2,2290,21,52,2,nonexistent,1,0.508678,POSITIVE
housemaid,married,basic.9y,no,no,no,cellular,feb,wed,-2,2212,20,52,2,nonexistent,0,0.488819,NEGATIVE
housemaid,married,basic.9y,no,no,no,cellular,feb,wed,-2,2212,20,52,2,nonexistent,1,0.501289,POSITIVE
management,married,basic.9y,no,no,no,cellular,sep,wed,-2,2297,20,34,2,nonexistent,0,0.495739,NEGATIVE
management,married,basic.9y,no,no,no,cellular,sep,wed,-2,2297,20,34,2,nonexistent,1,0.510008,POSITIVE
student,married,illiterate,unknown,unknown,unknown,telephone,apr,fri,-1,2328,21,44,4,nonexistent,0,0.494235,NEGATIVE
student,married,illiterate,unknown,unknown,unknown,telephone,apr,fri,-1,2328,21,44,4,nonexistent,1,0.506706,POSITIVE
management,single,professional.course,unknown,unknown,unknown,telephone,may,(null),0,2340,21,38,6,success,0,0.490866,NEGATIVE
management,single,professional.course,unknown,unknown,unknown,telephone,may,(null),0,2340,21,38,6,success,1,0.503337,POSITIVE
management,single,professional.course,unknown,unknown,unknown,telephone,may,(null),0,2297,21,37,5,success,0,0.498748,NEGATIVE
management,single,professional.course,unknown,unknown,unknown,telephone,may,(null),0,2297,21,37,5,success,1,0.513015,POSITIVE
housemaid,married,basic.9y,no,no,no,cellular,apr,wed,-2,2212,21,36,2,nonexistent,0,0.490196,NEGATIVE
housemaid,married,basic.9y,no,no,no,cellular,apr,wed,-2,2212,21,36,2,nonexistent,1,0.504464,POSITIVE
housemaid,married,high.school,unknown,unknown,unknown,telephone,oct,thu,-1,2286,18,59,3,nonexistent,0,0.490445,NEGATIVE
housemaid,married,high.school,unknown,unknown,unknown,telephone,oct,thu,-1,2286,18,59,3,nonexistent,1,0.502916,POSITIVE
self-employed,married,illiterate,unknown,unknown,unknown,telephone,oct,fri,-1,2313,18,52,4,nonexistent,0,0.498157,NEGATIVE
self-employed,married,illiterate,unknown,unknown,unknown,telephone,oct,fri,-1,2313,18,52,4,nonexistent,1,0.510627,POSITIVE
technician,single,professional.course,unknown,unknown,unknown,telephone,may,(null),0,2336,18,60,5,success,0,0.498918,NEGATIVE
technician,single,professional.course,unknown,unknown,unknown,telephone,may,(null),0,2336,18,60,5,success,1,0.510357,POSITIVE
management,married,basic.9y,no,no,no,cellular,sep,wed,-2,2219,17,53,2,nonexistent,0,0.494679,NEGATIVE
management,married,basic.9y,no,no,no,cellular,sep,wed,-2,2219,17,53,2,nonexistent,1,0.507151,POSITIVE
management,single,professional.course,unknown,unknown,unknown,telephone,nov,(null),0,2258,15,61,6,success,0,0.492176,NEGATIVE
management,single,professional.course,unknown,unknown,unknown,telephone,nov,(null),0,2258,15,61,6,success,1,0.504127,POSITIVE
unemployed,single,professional.course,unknown,unknown,unknown,telephone,nov,(null),0,2258,15,54,6,success,0,0.496376,NEGATIVE
unemployed,single,professional.course,unknown,unknown,unknown,telephone,nov,(null),0,2258,15,54,6,success,1,0.508328,POSITIVE
student,single,professional.course,unknown,unknown,unknown,telephone,may,(null),0,2250,17,59,5,success,0,0.488874,NEGATIVE
student,single,professional.course,unknown,unknown,unknown,telephone,may,(null),0,2250,17,59,5,success,1,0.500312,POSITIVE
technician,married,illiterate,unknown,unknown,unknown,telephone,oct,fri,-1,2320,18,44,4,nonexistent,0,0.498017,NEGATIVE
technician,married,illiterate,unknown,unknown,unknown,telephone,oct,fri,-1,2320,18,44,4,nonexistent,1,0.510487,POSITIVE
technician,single,professional.course,unknown,unknown,unknown,telephone,nov,(null),0,2336,18,38,6,success,0,0.491552,NEGATIVE
technician,single,professional.course,unknown,unknown,unknown,telephone,nov,(null),0,2336,18,38,6,success,1,0.504023,POSITIVE
student,single,professional.course,unknown,unknown,unknown,telephone,oct,(null),0,2250,17,43,5,success,0,0.489042,NEGATIVE
student,single,professional.course,unknown,unknown,unknown,telephone,oct,(null),0,2250,17,43,5,success,1,0.501512,POSITIVE
services,divorced,basic.6y,no,no,no,cellular,aug,tue,-3,2438,23,25,1,failure,0,0.489516,NEGATIVE
services,divorced,basic.6y,no,no,no,cellular,aug,tue,-3,2438,23,25,1,failure,1,0.502612,POSITIVE
blue-collar,married,basic.9y,no,no,no,cellular,aug,wed,-2,2473,23,26,2,nonexistent,0,0.486272,NEGATIVE
blue-collar,married,basic.9y,no,no,no,cellular,aug,wed,-2,2473,23,26,2,nonexistent,1,0.500077,POSITIVE
management,married,basic.9y,no,no,no,cellular,sep,wed,-2,2453,23,18,2,nonexistent,0,0.490000,NEGATIVE
management,married,basic.9y,no,no,no,cellular,sep,wed,-2,2453,23,18,2,nonexistent,1,0.503096,POSITIVE
management,single,professional.course,unknown,unknown,unknown,telephone,nov,(null),0,2457,21,30,6,success,0,0.492907,NEGATIVE
management,single,professional.course,unknown,unknown,unknown,telephone,nov,(null),0,2457,21,30,6,success,1,0.507175,POSITIVE
unemployed,single,professional.course,unknown,unknown,unknown,telephone,nov,(null),0,2457,21,22,6,success,0,0.494547,NEGATIVE
unemployed,single,professional.course,unknown,unknown,unknown,telephone,nov,(null),0,2457,21,22,6,success,1,0.508816,POSITIVE
admin.,divorced,basic.4y,no,no,no,cellular,jan,mon,-3,2423,23,16,0,failure,0,0.497730,NEGATIVE
admin.,divorced,basic.4y,no,no,no,cellular,jan,mon,-3,2423,23,16,0,failure,1,0.508623,POSITIVE
services,married,illiterate,unknown,unknown,unknown,telephone,oct,fri,-1,2398,21,28,4,nonexistent,0,0.492577,NEGATIVE
services,married,illiterate,unknown,unknown,unknown,telephone,oct,fri,-1,2398,21,28,4,nonexistent,1,0.506846,POSITIVE
technician,single,professional.course,unknown,unknown,unknown,telephone,nov,(null),0,2414,21,21,5,success,0,0.499680,NEGATIVE
technician,single,professional.course,unknown,unknown,unknown,telephone,nov,(null),0,2414,21,21,5,success,1,0.513946,POSITIVE
management,married,basic.9y,no,no,no,cellular,mar,wed,-2,2375,23,21,2,nonexistent,0,0.485796,NEGATIVE
management,married,basic.9y,no,no,no,cellular,mar,wed,-2,2375,23,21,2,nonexistent,1,0.500252,POSITIVE
blue-collar,divorced,basic.6y,no,no,no,cellular,feb,tue,-3,2430,23,1,0,failure,0,0.497337,NEGATIVE
blue-collar,divorced,basic.6y,no,no,no,cellular,feb,tue,-3,2430,23,1,0,failure,1,0.511823,POSITIVE
services,married,illiterate,unknown,unknown,unknown,telephone,sep,fri,-1,2398,23,10,4,nonexistent,0,0.497487,NEGATIVE
services,married,illiterate,unknown,unknown,unknown,telephone,sep,fri,-1,2398,23,10,4,nonexistent,1,0.511755,POSITIVE
blue-collar,divorced,basic.6y,no,no,no,cellular,jul,tue,-3,2204,20,17,0,failure,0,0.497571,NEGATIVE
blue-collar,divorced,basic.6y,no,no,no,cellular,jul,tue,-3,2204,20,17,0,failure,1,0.511108,POSITIVE
technician,single,professional.course,unknown,unknown,unknown,telephone,may,(null),0,2336,21,30,6,success,0,0.497150,NEGATIVE
technician,single,professional.course,unknown,unknown,unknown,telephone,may,(null),0,2336,21,30,6,success,1,0.511418,POSITIVE
retired,married,high.school,unknown,unknown,unknown,telephone,apr,thu,-1,2227,22,23,3,nonexistent,0,0.493435,NEGATIVE
retired,married,high.school,unknown,unknown,unknown,telephone,apr,thu,-1,2227,22,23,3,nonexistent,1,0.506531,POSITIVE
technician,married,illiterate,unknown,unknown,unknown,telephone,apr,fri,-1,2332,24,4,4,nonexistent,0,0.490405,NEGATIVE
technician,married,illiterate,unknown,unknown,unknown,telephone,apr,fri,-1,2332,24,4,4,nonexistent,1,0.503931,POSITIVE
student,single,professional.course,unknown,unknown,unknown,telephone,nov,(null),0,2328,21,11,5,success,0,0.494320,NEGATIVE
student,single,professional.course,unknown,unknown,unknown,telephone,nov,(null),0,2328,21,11,5,success,1,0.508589,POSITIVE
management,married,basic.9y,no,no,no,cellular,may,wed,-2,2219,21,5,2,nonexistent,0,0.491244,NEGATIVE
management,married,basic.9y,no,no,no,cellular,may,wed,-2,2219,21,5,2,nonexistent,1,0.505511,POSITIVE
technician,single,professional.course,unknown,unknown,unknown,telephone,nov,(null),0,2258,18,29,6,success,0,0.494706,NEGATIVE
technician,single,professional.course,unknown,unknown,unknown,telephone,nov,(null),0,2258,18,29,6,success,1,0.507178,POSITIVE
admin.,divorced,basic.4y,no,no,no,cellular,jan,mon,-3,2111,20,48,0,failure,0,0.481447,NEGATIVE
admin.,divorced,basic.4y,no,no,no,cellular,jan,mon,-3,2111,20,48,0,failure,1,0.500669,POSITIVE
admin.,divorced,basic.4y,no,no,no,cellular,jan,mon,-3,2111,20,32,0,failure,0,0.498667,NEGATIVE
admin.,divorced,basic.4y,no,no,no,cellular,jan,mon,-3,2111,20,32,0,failure,1,0.513692,POSITIVE
self-employed,divorced,basic.4y,no,no,no,cellular,jan,mon,-3,2072,20,40,0,failure,0,0.488566,NEGATIVE
self-employed,divorced,basic.4y,no,no,no,cellular,jan,mon,-3,2072,20,40,0,failure,1,0.505487,POSITIVE
self-employed,divorced,basic.4y,no,no,no,cellular,jan,mon,-3,2072,20,32,0,failure,0,0.497410,NEGATIVE
self-employed,divorced,basic.4y,no,no,no,cellular,jan,mon,-3,2072,20,32,0,failure,1,0.511414,POSITIVE
self-employed,divorced,basic.4y,no,no,no,cellular,jul,mon,-3,2111,17,56,0,failure,0,0.495123,NEGATIVE
self-employed,divorced,basic.4y,no,no,no,cellular,jul,mon,-3,2111,17,56,0,failure,1,0.507594,POSITIVE
housemaid,married,basic.9y,no,no,no,cellular,aug,wed,-2,2134,17,50,2,nonexistent,0,0.492154,NEGATIVE
housemaid,married,basic.9y,no,no,no,cellular,aug,wed,-2,2134,17,50,2,nonexistent,1,0.504625,POSITIVE
student,married,high.school,unknown,unknown,unknown,telephone,oct,thu,-1,2130,15,59,3,nonexistent,0,0.497362,NEGATIVE
student,married,high.school,unknown,unknown,unknown,telephone,oct,thu,-1,2130,15,59,3,nonexistent,1,0.508801,POSITIVE
services,married,illiterate,unknown,unknown,unknown,telephone,apr,fri,-1,2164,17,57,4,nonexistent,0,0.493757,NEGATIVE
services,married,illiterate,unknown,unknown,unknown,telephone,apr,fri,-1,2164,17,57,4,nonexistent,1,0.505197,POSITIVE
retired,married,high.school,unknown,unknown,unknown,telephone,jul,thu,-1,2071,16,55,3,nonexistent,0,0.489760,NEGATIVE
retired,married,high.school,unknown,unknown,unknown,telephone,jul,thu,-1,2071,16,55,3,nonexistent,1,0.501199,POSITIVE
student,married,basic.9y,no,no,no,cellular,sep,wed,-2,2165,17,42,2,nonexistent,0,0.492815,NEGATIVE
student,married,basic.9y,no,no,no,cellular,sep,wed,-2,2165,17,42,2,nonexistent,1,0.505286,POSITIVE
housemaid,married,high.school,unknown,unknown,unknown,telephone,oct,thu,-1,2149,18,43,3,nonexistent,0,0.497147,NEGATIVE
housemaid,married,high.school,unknown,unknown,unknown,telephone,oct,thu,-1,2149,18,43,3,nonexistent,1,0.509618,POSITIVE
housemaid,married,illiterate,unknown,unknown,unknown,telephone,oct,fri,-1,2176,18,36,4,nonexistent,0,0.492720,NEGATIVE
housemaid,married,illiterate,unknown,unknown,unknown,telephone,oct,fri,-1,2176,18,36,4,nonexistent,1,0.505191,POSITIVE
unemployed,single,professional.course,unknown,unknown,unknown,telephone,nov,(null),0,2180,15,46,6,success,0,0.497034,NEGATIVE
unemployed,single,professional.course,unknown,unknown,unknown,telephone,nov,(null),0,2180,15,46,6,success,1,0.509504,POSITIVE
student,single,professional.course,unknown,unknown,unknown,telephone,may,(null),0,2172,18,45,5,success,0,0.492718,NEGATIVE
student,single,professional.course,unknown,unknown,unknown,telephone,may,(null),0,2172,18,45,5,success,1,0.505190,POSITIVE
blue-collar,married,basic.9y,no,no,no,cellular,aug,wed,-2,2044,17,42,2,nonexistent,0,0.495272,NEGATIVE
blue-collar,married,basic.9y,no,no,no,cellular,aug,wed,-2,2044,17,42,2,nonexistent,1,0.507743,POSITIVE
services,married,basic.9y,no,no,no,cellular,aug,wed,-2,2044,17,34,2,nonexistent,0,0.496547,NEGATIVE
services,married,basic.9y,no,no,no,cellular,aug,wed,-2,2044,17,34,2,nonexistent,1,0.509018,POSITIVE
housemaid,married,high.school,unknown,unknown,unknown,telephone,oct,thu,-1,2071,18,35,3,nonexistent,0,0.490844,NEGATIVE
housemaid,married,high.school,unknown,unknown,unknown,telephone,oct,thu,-1,2071,18,35,3,nonexistent,1,0.503315,POSITIVE
student,single,professional.course,unknown,unknown,unknown,telephone,nov,(null),0,2094,15,43,5,success,0,0.490143,NEGATIVE
student,single,professional.course,unknown,unknown,unknown,telephone,nov,(null),0,2094,15,43,5,success,1,0.502614,POSITIVE
management,single,professional.course,unknown,unknown,unknown,telephone,may,(null),0,2102,18,38,6,success,0,0.494821,NEGATIVE
management,single,professional.course,unknown,unknown,unknown,telephone,may,(null),0,2102,18,38,6,success,1,0.507293,POSITIVE
housemaid,married,basic.9y,no,no,no,cellular,feb,wed,-2,1978,17,52,2,nonexistent,0,0.497819,NEGATIVE
housemaid,married,basic.9y,no,no,no,cellular,feb,wed,-2,1978,17,52,2,nonexistent,1,0.510289,POSITIVE
student,married,illiterate,unknown,unknown,unknown,telephone,apr,fri,-1,2001,15,59,4,nonexistent,0,0.493888,NEGATIVE
student,married,illiterate,unknown,unknown,unknown,telephone,apr,fri,-1,2001,15,59,4,nonexistent,1,0.505328,POSITIVE
housemaid,married,illiterate,unknown,unknown,unknown,telephone,apr,fri,-1,1981,15,60,4,nonexistent,0,0.495549,NEGATIVE
housemaid,married,illiterate,unknown,unknown,unknown,telephone,apr,fri,-1,1981,15,60,4,nonexistent,1,0.506989,POSITIVE
student,single,professional.course,unknown,unknown,unknown,telephone,may,(null),0,2016,15,53,5,success,0,0.498616,NEGATIVE
student,single,professional.course,unknown,unknown,unknown,telephone,may,(null),0,2016,15,53,5,success,1,0.510056,POSITIVE
self-employed,divorced,basic.4y,no,no,no,cellular,jul,mon,-3,1876,14,56,0,failure,0,0.492794,NEGATIVE
self-employed,divorced,basic.4y,no,no,no,cellular,jul,mon,-3,1876,14,56,0,failure,1,0.504234,POSITIVE
entrepreneur,married,basic.9y,no,no,no,cellular,sep,wed,-2,1931,14,50,2,nonexistent,0,0.498903,NEGATIVE
entrepreneur,married,basic.9y,no,no,no,cellular,sep,wed,-2,1931,14,50,2,nonexistent,1,0.511373,POSITIVE
blue-collar,divorced,basic.6y,no,no,no,cellular,feb,tue,-3,1883,17,49,1,failure,0,0.492263,NEGATIVE
blue-collar,divorced,basic.6y,no,no,no,cellular,feb,tue,-3,1883,17,49,1,failure,1,0.504734,POSITIVE
retired,married,high.school,unknown,unknown,unknown,telephone,apr,thu,-1,1915,15,59,3,nonexistent,0,0.499416,NEGATIVE
retired,married,high.school,unknown,unknown,unknown,telephone,apr,thu,-1,1915,15,59,3,nonexistent,1,0.510855,POSITIVE
housemaid,married,illiterate,unknown,unknown,unknown,telephone,apr,fri,-1,1903,15,52,4,nonexistent,0,0.488765,NEGATIVE
housemaid,married,illiterate,unknown,unknown,unknown,telephone,apr,fri,-1,1903,15,52,4,nonexistent,1,0.500204,POSITIVE
blue-collar,married,basic.9y,no,no,no,cellular,aug,wed,-2,1966,17,34,2,nonexistent,0,0.488626,NEGATIVE
blue-collar,married,basic.9y,no,no,no,cellular,aug,wed,-2,1966,17,34,2,nonexistent,1,0.501439,POSITIVE
student,married,high.school,unknown,unknown,unknown,telephone,oct,thu,-1,1974,15,43,3,nonexistent,0,0.491779,NEGATIVE
student,married,high.school,unknown,unknown,unknown,telephone,oct,thu,-1,1974,15,43,3,nonexistent,1,0.504250,POSITIVE
housemaid,married,illiterate,unknown,unknown,unknown,telephone,oct,fri,-1,2008,15,44,4,nonexistent,0,0.492890,NEGATIVE
housemaid,married,illiterate,unknown,unknown,unknown,telephone,oct,fri,-1,2008,15,44,4,nonexistent,1,0.505362,POSITIVE
management,single,professional.course,unknown,unknown,unknown,telephone,nov,(null),0,1985,15,37,5,success,0,0.490047,NEGATIVE
management,single,professional.course,unknown,unknown,unknown,telephone,nov,(null),0,1985,15,37,5,success,1,0.502517,POSITIVE
student,married,basic.9y,no,no,no,cellular,mar,wed,-2,1985,17,42,2,nonexistent,0,0.493041,NEGATIVE
student,married,basic.9y,no,no,no,cellular,mar,wed,-2,1985,17,42,2,nonexistent,1,0.505513,POSITIVE
housemaid,married,illiterate,unknown,unknown,unknown,telephone,apr,fri,-1,2016,18,44,4,nonexistent,0,0.490746,NEGATIVE
housemaid,married,illiterate,unknown,unknown,unknown,telephone,apr,fri,-1,2016,18,44,4,nonexistent,1,0.503216,POSITIVE
student,married,illiterate,unknown,unknown,unknown,telephone,apr,fri,-1,2016,18,36,4,nonexistent,0,0.496932,NEGATIVE
student,married,illiterate,unknown,unknown,unknown,telephone,apr,fri,-1,2016,18,36,4,nonexistent,1,0.509402,POSITIVE
admin.,divorced,basic.4y,no,no,no,cellular,jul,mon,-3,1876,17,32,0,failure,0,0.497874,NEGATIVE
admin.,divorced,basic.4y,no,no,no,cellular,jul,mon,-3,1876,17,32,0,failure,1,0.513615,POSITIVE
self-employed,married,illiterate,unknown,unknown,unknown,telephone,oct,fri,-1,1922,15,36,4,nonexistent,0,0.494032,NEGATIVE
self-employed,married,illiterate,unknown,unknown,unknown,telephone,oct,fri,-1,1922,15,36,4,nonexistent,1,0.506503,POSITIVE
services,divorced,basic.6y,no,no,no,cellular,feb,tue,-3,1883,17,41,1,failure,0,0.491901,NEGATIVE
services,divorced,basic.6y,no,no,no,cellular,feb,tue,-3,1883,17,41,1,failure,1,0.504373,POSITIVE
housemaid,married,high.school,unknown,unknown,unknown,telephone,apr,thu,-1,1895,18,35,3,nonexistent,0,0.495468,NEGATIVE
housemaid,married,high.school,unknown,unknown,unknown,telephone,apr,thu,-1,1895,18,35,3,nonexistent,1,0.507939,POSITIVE
technician,single,professional.course,unknown,unknown,unknown,telephone,may,(null),0,1946,15,45,5,success,0,0.490564,NEGATIVE
technician,single,professional.course,unknown,unknown,unknown,telephone,may,(null),0,1946,15,45,5,success,1,0.502004,POSITIVE
self-employed,divorced,basic.4y,no,no,no,cellular,jul,mon,-3,2111,20,24,0,failure,0,0.483690,NEGATIVE
self-employed,divorced,basic.4y,no,no,no,cellular,jul,mon,-3,2111,20,24,0,failure,1,0.501340,POSITIVE
admin.,divorced,basic.4y,no,no,no,cellular,jul,mon,-3,2150,20,24,0,failure,0,0.481303,NEGATIVE
admin.,divorced,basic.4y,no,no,no,cellular,jul,mon,-3,2150,20,24,0,failure,1,0.500927,POSITIVE
housemaid,married,basic.9y,no,no,no,cellular,aug,wed,-2,2134,20,18,2,nonexistent,0,0.488298,NEGATIVE
housemaid,married,basic.9y,no,no,no,cellular,aug,wed,-2,2134,20,18,2,nonexistent,1,0.503364,POSITIVE
blue-collar,divorced,basic.6y,no,no,no,cellular,jan,tue,-3,2118,20,17,0,failure,0,0.489418,NEGATIVE
blue-collar,divorced,basic.6y,no,no,no,cellular,jan,tue,-3,2118,20,17,0,failure,1,0.507308,POSITIVE
housemaid,married,basic.9y,no,no,no,cellular,feb,wed,-2,2056,20,20,2,nonexistent,0,0.483209,NEGATIVE
housemaid,married,basic.9y,no,no,no,cellular,feb,wed,-2,2056,20,20,2,nonexistent,1,0.501380,POSITIVE
blue-collar,divorced,basic.6y,no,no,no,cellular,feb,tue,-3,2118,20,1,0,failure,0,0.484981,NEGATIVE
blue-collar,divorced,basic.6y,no,no,no,cellular,feb,tue,-3,2118,20,1,0,failure,1,0.503708,POSITIVE
retired,married,high.school,unknown,unknown,unknown,telephone,jul,thu,-1,2071,21,7,3,nonexistent,0,0.488341,NEGATIVE
retired,married,high.school,unknown,unknown,unknown,telephone,jul,thu,-1,2071,21,7,3,nonexistent,1,0.503434,POSITIVE
management,single,professional.course,unknown,unknown,unknown,telephone,nov,(null),0,2145,18,22,6,success,0,0.493663,NEGATIVE
management,single,professional.course,unknown,unknown,unknown,telephone,nov,(null),0,2145,18,22,6,success,1,0.507932,POSITIVE
student,married,high.school,unknown,unknown,unknown,telephone,oct,thu,-1,2071,18,27,3,nonexistent,0,0.495393,NEGATIVE
student,married,high.school,unknown,unknown,unknown,telephone,oct,thu,-1,2071,18,27,3,nonexistent,1,0.507864,POSITIVE
housemaid,married,illiterate,unknown,unknown,unknown,telephone,oct,fri,-1,2055,18,28,4,nonexistent,0,0.491144,NEGATIVE
housemaid,married,illiterate,unknown,unknown,unknown,telephone,oct,fri,-1,2055,18,28,4,nonexistent,1,0.505413,POSITIVE
services,married,illiterate,unknown,unknown,unknown,telephone,oct,fri,-1,2086,18,20,4,nonexistent,0,0.493334,NEGATIVE
services,married,illiterate,unknown,unknown,unknown,telephone,oct,fri,-1,2086,18,20,4,nonexistent,1,0.507603,POSITIVE
unemployed,single,professional.course,unknown,unknown,unknown,telephone,nov,(null),0,2145,18,14,6,success,0,0.495304,NEGATIVE
unemployed,single,professional.course,unknown,unknown,unknown,telephone,nov,(null),0,2145,18,14,6,success,1,0.509573,POSITIVE
student,married,basic.9y,no,no,no,cellular,mar,wed,-2,2009,20,10,2,nonexistent,0,0.482992,NEGATIVE
student,married,basic.9y,no,no,no,cellular,mar,wed,-2,2009,20,10,2,nonexistent,1,0.500447,POSITIVE
student,married,high.school,unknown,unknown,unknown,telephone,apr,thu,-1,2013,21,3,3,nonexistent,0,0.487916,NEGATIVE
student,married,high.school,unknown,unknown,unknown,telephone,apr,thu,-1,2013,21,3,3,nonexistent,1,0.503869,POSITIVE
management,married,basic.9y,no,no,no,cellular,sep,wed,-2,1985,17,26,2,nonexistent,0,0.496496,NEGATIVE
management,married,basic.9y,no,no,no,cellular,sep,wed,-2,1985,17,26,2,nonexistent,1,0.510764,POSITIVE
student,married,high.school,unknown,unknown,unknown,telephone,oct,thu,-1,2013,18,19,3,nonexistent,0,0.493923,NEGATIVE
student,married,high.school,unknown,unknown,unknown,telephone,oct,thu,-1,2013,18,19,3,nonexistent,1,0.508192,POSITIVE
student,married,basic.9y,no,no,no,cellular,sep,wed,-2,1970,17,18,2,nonexistent,0,0.499056,NEGATIVE
student,married,basic.9y,no,no,no,cellular,sep,wed,-2,1970,17,18,2,nonexistent,1,0.513323,POSITIVE
housemaid,married,illiterate,unknown,unknown,unknown,telephone,oct,fri,-1,2001,18,20,4,nonexistent,0,0.494003,NEGATIVE
housemaid,married,illiterate,unknown,unknown,unknown,telephone,oct,fri,-1,2001,18,20,4,nonexistent,1,0.508272,POSITIVE
technician,single,professional.course,unknown,unknown,unknown,telephone,nov,(null),0,2024,15,30,6,success,0,0.494248,NEGATIVE
technician,single,professional.course,unknown,unknown,unknown,telephone,nov,(null),0,2024,15,30,6,success,1,0.506720,POSITIVE
student,single,professional.course,unknown,unknown,unknown,telephone,may,(null),0,2016,18,27,5,success,0,0.498261,NEGATIVE
student,single,professional.course,unknown,unknown,unknown,telephone,may,(null),0,2016,18,27,5,success,1,0.511498,POSITIVE
self-employed,divorced,basic.6y,no,no,no,cellular,jul,tue,-3,1883,17,24,0,failure,0,0.496206,NEGATIVE
self-employed,divorced,basic.6y,no,no,no,cellular,jul,tue,-3,1883,17,24,0,failure,1,0.510475,POSITIVE
entrepreneur,married,basic.9y,no,no,no,cellular,sep,wed,-2,1907,17,18,2,nonexistent,0,0.496673,NEGATIVE
entrepreneur,married,basic.9y,no,no,no,cellular,sep,wed,-2,1907,17,18,2,nonexistent,1,0.510941,POSITIVE
technician,married,illiterate,unknown,unknown,unknown,telephone,oct,fri,-1,1930,15,28,4,nonexistent,0,0.494022,NEGATIVE
technician,married,illiterate,unknown,unknown,unknown,telephone,oct,fri,-1,1930,15,28,4,nonexistent,1,0.506493,POSITIVE
technician,single,professional.course,unknown,unknown,unknown,telephone,nov,(null),0,1946,15,22,6,success,0,0.487817,NEGATIVE
technician,single,professional.course,unknown,unknown,unknown,telephone,nov,(null),0,1946,15,22,6,success,1,0.500286,POSITIVE
student,married,illiterate,unknown,unknown,unknown,telephone,apr,fri,-1,1938,18,28,4,nonexistent,0,0.488169,NEGATIVE
student,married,illiterate,unknown,unknown,unknown,telephone,apr,fri,-1,1938,18,28,4,nonexistent,1,0.502437,POSITIVE
student,married,high.school,unknown,unknown,unknown,telephone,apr,thu,-1,1895,18,27,3,nonexistent,0,0.492690,NEGATIVE
student,married,high.school,unknown,unknown,unknown,telephone,apr,thu,-1,1895,18,27,3,nonexistent,1,0.506959,POSITIVE
housemaid,married,illiterate,unknown,unknown,unknown,telephone,apr,fri,-1,1930,18,28,4,nonexistent,0,0.491314,NEGATIVE
housemaid,married,illiterate,unknown,unknown,unknown,telephone,apr,fri,-1,1930,18,28,4,nonexistent,1,0.505582,POSITIVE
technician,married,illiterate,unknown,unknown,unknown,telephone,apr,fri,-1,1930,18,20,4,nonexistent,0,0.490292,NEGATIVE
technician,married,illiterate,unknown,unknown,unknown,telephone,apr,fri,-1,1930,18,20,4,nonexistent,1,0.504561,POSITIVE
student,single,professional.course,unknown,unknown,unknown,telephone,nov,(null),0,2016,17,11,5,success,0,0.487989,NEGATIVE
student,single,professional.course,unknown,unknown,unknown,telephone,nov,(null),0,2016,17,11,5,success,1,0.502256,POSITIVE
services,married,illiterate,unknown,unknown,unknown,telephone,oct,fri,-1,1930,17,10,4,nonexistent,0,0.486531,NEGATIVE
services,married,illiterate,unknown,unknown,unknown,telephone,oct,fri,-1,1930,17,10,4,nonexistent,1,0.500797,POSITIVE
student,single,professional.course,unknown,unknown,unknown,telephone,may,(null),0,1907,18,13,5,success,0,0.489829,NEGATIVE
student,single,professional.course,unknown,unknown,unknown,telephone,may,(null),0,1907,18,13,5,success,1,0.504098,POSITIVE
technician,single,professional.course,unknown,unknown,unknown,telephone,may,(null),0,1911,18,6,6,success,0,0.498741,NEGATIVE
technician,single,professional.course,unknown,unknown,unknown,telephone,may,(null),0,1911,18,6,6,success,1,0.513008,POSITIVE
unemployed,single,professional.course,unknown,unknown,unknown,telephone,nov,(null),0,2102,12,61,6,success,0,0.491630,NEGATIVE
unemployed,single,professional.course,unknown,unknown,unknown,telephone,nov,(null),0,2102,12,61,6,success,1,0.500372,POSITIVE
student,single,professional.course,unknown,unknown,unknown,telephone,nov,(null),0,2016,12,59,5,success,0,0.497654,NEGATIVE
student,single,professional.course,unknown,unknown,unknown,telephone,nov,(null),0,2016,12,59,5,success,1,0.506397,POSITIVE
student,single,professional.course,unknown,unknown,unknown,telephone,oct,(null),0,1938,11,59,5,success,0,0.492978,NEGATIVE
student,single,professional.course,unknown,unknown,unknown,telephone,oct,(null),0,1938,11,59,5,success,1,0.501720,POSITIVE
unemployed,single,professional.course,unknown,unknown,unknown,telephone,nov,(null),0,1946,12,46,6,success,0,0.498406,NEGATIVE
unemployed,single,professional.course,unknown,unknown,unknown,telephone,nov,(null),0,1946,12,46,6,success,1,0.510356,POSITIVE
blue-collar,married,basic.9y,no,no,no,cellular,feb,wed,-2,1848,14,65,2,nonexistent,0,0.494696,NEGATIVE
blue-collar,married,basic.9y,no,no,no,cellular,feb,wed,-2,1848,14,65,2,nonexistent,1,0.506136,POSITIVE
blue-collar,divorced,basic.6y,no,no,no,cellular,jan,tue,-3,1727,11,79,0,failure,0,0.499920,NEGATIVE
blue-collar,divorced,basic.6y,no,no,no,cellular,jan,tue,-3,1727,11,79,0,failure,1,0.502241,POSITIVE
blue-collar,divorced,basic.6y,no,no,no,cellular,aug,tue,-3,1844,11,72,1,failure,0,0.497046,NEGATIVE
blue-collar,divorced,basic.6y,no,no,no,cellular,aug,tue,-3,1844,11,72,1,failure,1,0.504987,POSITIVE
housemaid,married,basic.9y,no,no,no,cellular,aug,wed,-2,1821,11,65,2,nonexistent,0,0.497646,NEGATIVE
housemaid,married,basic.9y,no,no,no,cellular,aug,wed,-2,1821,11,65,2,nonexistent,1,0.505586,POSITIVE
student,married,illiterate,unknown,unknown,unknown,telephone,oct,fri,-1,1859,9,67,4,nonexistent,0,0.498805,NEGATIVE
student,married,illiterate,unknown,unknown,unknown,telephone,oct,fri,-1,1859,9,67,4,nonexistent,1,0.500481,POSITIVE
services,married,basic.9y,no,no,no,cellular,feb,wed,-2,1809,11,73,2,nonexistent,0,0.497572,NEGATIVE
services,married,basic.9y,no,no,no,cellular,feb,wed,-2,1809,11,73,2,nonexistent,1,0.502304,POSITIVE
housemaid,married,basic.9y,no,no,no,cellular,feb,wed,-2,1743,11,73,2,nonexistent,0,0.496622,NEGATIVE
housemaid,married,basic.9y,no,no,no,cellular,feb,wed,-2,1743,11,73,2,nonexistent,1,0.502523,POSITIVE
housemaid,married,illiterate,unknown,unknown,unknown,telephone,apr,fri,-1,1781,12,67,4,nonexistent,0,0.498210,NEGATIVE
housemaid,married,illiterate,unknown,unknown,unknown,telephone,apr,fri,-1,1781,12,67,4,nonexistent,1,0.502942,POSITIVE
blue-collar,divorced,basic.6y,no,no,no,cellular,oct,tue,-3,1735,1,88,1,failure,0,0.499981,NEGATIVE
blue-collar,divorced,basic.6y,no,no,no,cellular,oct,tue,-3,1735,1,88,1,failure,1,0.500117,POSITIVE
admin.,divorced,basic.4y,no,no,no,cellular,jul,mon,-3,1642,11,63,0,failure,0,0.493908,NEGATIVE
admin.,divorced,basic.4y,no,no,no,cellular,jul,mon,-3,1642,11,63,0,failure,1,0.501337,POSITIVE
services,divorced,basic.6y,no,no,no,cellular,feb,tue,-3,1657,11,64,1,failure,0,0.498426,NEGATIVE
services,divorced,basic.6y,no,no,no,cellular,feb,tue,-3,1657,11,64,1,failure,1,0.506366,POSITIVE
self-employed,divorced,basic.6y,no,no,no,cellular,jan,tue,-3,1606,11,63,0,failure,0,0.497621,NEGATIVE
self-employed,divorced,basic.6y,no,no,no,cellular,jan,tue,-3,1606,11,63,0,failure,1,0.505561,POSITIVE
blue-collar,divorced,basic.6y,no,no,no,cellular,feb,tue,-3,1571,11,64,1,failure,0,0.493666,NEGATIVE
blue-collar,divorced,basic.6y,no,no,no,cellular,feb,tue,-3,1571,11,64,1,failure,1,0.501552,POSITIVE
blue-collar,divorced,basic.6y,no,no,no,cellular,jul,tue,-3,1805,14,49,0,failure,0,0.490046,NEGATIVE
blue-collar,divorced,basic.6y,no,no,no,cellular,jul,tue,-3,1805,14,49,0,failure,1,0.502517,POSITIVE
admin.,divorced,basic.4y,no,no,no,cellular,jan,mon,-3,1798,17,48,0,failure,0,0.492896,NEGATIVE
admin.,divorced,basic.4y,no,no,no,cellular,jan,mon,-3,1798,17,48,0,failure,1,0.511747,POSITIVE
services,married,basic.9y,no,no,no,cellular,feb,wed,-2,1848,14,57,2,nonexistent,0,0.490608,NEGATIVE
services,married,basic.9y,no,no,no,cellular,feb,wed,-2,1848,14,57,2,nonexistent,1,0.502047,POSITIVE
entrepreneur,married,basic.9y,no,no,no,cellular,mar,wed,-2,1828,14,58,2,nonexistent,0,0.497700,NEGATIVE
entrepreneur,married,basic.9y,no,no,no,cellular,mar,wed,-2,1828,14,58,2,nonexistent,1,0.509139,POSITIVE
retired,married,high.school,unknown,unknown,unknown,telephone,apr,thu,-1,1836,15,51,3,nonexistent,0,0.495076,NEGATIVE
retired,married,high.school,unknown,unknown,unknown,telephone,apr,thu,-1,1836,15,51,3,nonexistent,1,0.506516,POSITIVE
admin.,divorced,basic.4y,no,no,no,cellular,jul,mon,-3,1720,14,48,0,failure,0,0.493858,NEGATIVE
admin.,divorced,basic.4y,no,no,no,cellular,jul,mon,-3,1720,14,48,0,failure,1,0.506329,POSITIVE
entrepreneur,divorced,basic.6y,no,no,no,cellular,feb,tue,-3,1735,14,57,1,failure,0,0.492478,NEGATIVE
entrepreneur,divorced,basic.6y,no,no,no,cellular,feb,tue,-3,1735,14,57,1,failure,1,0.503918,POSITIVE
services,married,basic.9y,no,no,no,cellular,feb,wed,-2,1770,14,50,2,nonexistent,0,0.489661,NEGATIVE
services,married,basic.9y,no,no,no,cellular,feb,wed,-2,1770,14,50,2,nonexistent,1,0.501100,POSITIVE
entrepreneur,married,basic.9y,no,no,no,cellular,mar,wed,-2,1750,14,50,2,nonexistent,0,0.495394,NEGATIVE
entrepreneur,married,basic.9y,no,no,no,cellular,mar,wed,-2,1750,14,50,2,nonexistent,1,0.506834,POSITIVE
management,married,basic.9y,no,no,no,cellular,may,wed,-2,1828,15,37,2,nonexistent,0,0.499745,NEGATIVE
management,married,basic.9y,no,no,no,cellular,may,wed,-2,1828,15,37,2,nonexistent,1,0.512215,POSITIVE
self-employed,divorced,basic.4y,no,no,no,cellular,jul,mon,-3,1720,14,40,0,failure,0,0.490223,NEGATIVE
self-employed,divorced,basic.4y,no,no,no,cellular,jul,mon,-3,1720,14,40,0,failure,1,0.502693,POSITIVE
blue-collar,married,basic.9y,no,no,no,cellular,aug,wed,-2,1731,14,34,2,nonexistent,0,0.496675,NEGATIVE
blue-collar,married,basic.9y,no,no,no,cellular,aug,wed,-2,1731,14,34,2,nonexistent,1,0.509146,POSITIVE
management,married,basic.9y,no,no,no,cellular,mar,wed,-2,1750,15,37,2,nonexistent,0,0.491765,NEGATIVE
management,married,basic.9y,no,no,no,cellular,mar,wed,-2,1750,15,37,2,nonexistent,1,0.504236,POSITIVE
blue-collar,divorced,basic.6y,no,no,no,cellular,feb,tue,-3,1649,14,49,0,failure,0,0.497312,NEGATIVE
blue-collar,divorced,basic.6y,no,no,no,cellular,feb,tue,-3,1649,14,49,0,failure,1,0.509299,POSITIVE
admin.,divorced,basic.4y,no,no,no,cellular,jul,mon,-3,1642,14,40,0,failure,0,0.487556,NEGATIVE
admin.,divorced,basic.4y,no,no,no,cellular,jul,mon,-3,1642,14,40,0,failure,1,0.500025,POSITIVE
housemaid,married,basic.9y,no,no,no,cellular,feb,wed,-2,1665,15,36,2,nonexistent,0,0.496759,NEGATIVE
housemaid,married,basic.9y,no,no,no,cellular,feb,wed,-2,1665,15,36,2,nonexistent,1,0.509230,POSITIVE
housemaid,married,basic.9y,no,no,no,cellular,feb,wed,-2,1587,14,36,2,nonexistent,0,0.489371,NEGATIVE
housemaid,married,basic.9y,no,no,no,cellular,feb,wed,-2,1587,14,36,2,nonexistent,1,0.501842,POSITIVE
self-employed,divorced,basic.4y,no,no,no,cellular,jul,mon,-3,1837,17,24,0,failure,0,0.496454,NEGATIVE
self-employed,divorced,basic.4y,no,no,no,cellular,jul,mon,-3,1837,17,24,0,failure,1,0.510722,POSITIVE
admin.,divorced,basic.4y,no,no,no,cellular,jul,mon,-3,1837,17,24,0,failure,0,0.484061,NEGATIVE
admin.,divorced,basic.4y,no,no,no,cellular,jul,mon,-3,1837,17,24,0,failure,1,0.503286,POSITIVE
entrepreneur,divorced,basic.6y,no,no,no,cellular,aug,tue,-3,1813,17,17,1,failure,0,0.481369,NEGATIVE
entrepreneur,divorced,basic.6y,no,no,no,cellular,aug,tue,-3,1813,17,17,1,failure,1,0.500542,POSITIVE
housemaid,married,illiterate,unknown,unknown,unknown,telephone,oct,fri,-1,1863,15,28,4,nonexistent,0,0.494123,NEGATIVE
housemaid,married,illiterate,unknown,unknown,unknown,telephone,oct,fri,-1,1863,15,28,4,nonexistent,1,0.506594,POSITIVE
retired,married,high.school,unknown,unknown,unknown,telephone,apr,thu,-1,1836,18,23,3,nonexistent,0,0.495347,NEGATIVE
retired,married,high.school,unknown,unknown,unknown,telephone,apr,thu,-1,1836,18,23,3,nonexistent,1,0.509615,POSITIVE
retired,married,high.school,unknown,unknown,unknown,telephone,oct,thu,-1,1758,15,23,3,nonexistent,0,0.498614,NEGATIVE
retired,married,high.school,unknown,unknown,unknown,telephone,oct,thu,-1,1758,15,23,3,nonexistent,1,0.511084,POSITIVE
housemaid,married,basic.9y,no,no,no,cellular,feb,wed,-2,1743,17,20,2,nonexistent,0,0.485202,NEGATIVE
housemaid,married,basic.9y,no,no,no,cellular,feb,wed,-2,1743,17,20,2,nonexistent,1,0.504966,POSITIVE
student,single,professional.course,unknown,unknown,unknown,telephone,may,(null),0,1781,15,29,5,success,0,0.487819,NEGATIVE
student,single,professional.course,unknown,unknown,unknown,telephone,may,(null),0,1781,15,29,5,success,1,0.500289,POSITIVE
entrepreneur,divorced,basic.6y,no,no,no,cellular,aug,tue,-3,1813,17,2,1,failure,0,0.483538,NEGATIVE
entrepreneur,divorced,basic.6y,no,no,no,cellular,aug,tue,-3,1813,17,2,1,failure,1,0.503164,POSITIVE
management,single,professional.course,unknown,unknown,unknown,telephone,nov,(null),0,1832,15,14,6,success,0,0.493199,NEGATIVE
management,single,professional.course,unknown,unknown,unknown,telephone,nov,(null),0,1832,15,14,6,success,1,0.507467,POSITIVE
unemployed,single,professional.course,unknown,unknown,unknown,telephone,nov,(null),0,1832,15,6,6,success,0,0.494839,NEGATIVE
unemployed,single,professional.course,unknown,unknown,unknown,telephone,nov,(null),0,1832,15,6,6,success,1,0.509108,POSITIVE
management,single,professional.course,unknown,unknown,unknown,telephone,may,(null),0,1867,18,13,5,success,0,0.494477,NEGATIVE
management,single,professional.course,unknown,unknown,unknown,telephone,may,(null),0,1867,18,13,5,success,1,0.508746,POSITIVE
technician,single,professional.course,unknown,unknown,unknown,telephone,may,(null),0,1867,18,5,5,success,0,0.494786,NEGATIVE
technician,single,professional.course,unknown,unknown,unknown,telephone,may,(null),0,1867,18,5,5,success,1,0.509055,POSITIVE
technician,married,illiterate,unknown,unknown,unknown,telephone,apr,fri,-1,1824,18,4,4,nonexistent,0,0.499919,NEGATIVE
technician,married,illiterate,unknown,unknown,unknown,telephone,apr,fri,-1,1824,18,4,4,nonexistent,1,0.514185,POSITIVE
self-employed,divorced,basic.6y,no,no,no,cellular,jul,tue,-3,1762,17,8,0,failure,0,0.480522,NEGATIVE
self-employed,divorced,basic.6y,no,no,no,cellular,jul,tue,-3,1762,17,8,0,failure,1,0.501102,POSITIVE
services,divorced,basic.6y,no,no,no,cellular,aug,tue,-3,1766,17,1,1,failure,0,0.485973,NEGATIVE
services,divorced,basic.6y,no,no,no,cellular,aug,tue,-3,1766,17,1,1,failure,1,0.504861,POSITIVE
services,married,illiterate,unknown,unknown,unknown,telephone,oct,fri,-1,1773,15,12,4,nonexistent,0,0.492869,NEGATIVE
services,married,illiterate,unknown,unknown,unknown,telephone,oct,fri,-1,1773,15,12,4,nonexistent,1,0.507138,POSITIVE
technician,single,professional.course,unknown,unknown,unknown,telephone,nov,(null),0,1789,15,5,5,success,0,0.499972,NEGATIVE
technician,single,professional.course,unknown,unknown,unknown,telephone,nov,(null),0,1789,15,5,5,success,1,0.514238,POSITIVE
housemaid,married,basic.9y,no,no,no,cellular,feb,wed,-2,1743,17,4,2,nonexistent,0,0.489024,NEGATIVE
housemaid,married,basic.9y,no,no,no,cellular,feb,wed,-2,1743,17,4,2,nonexistent,1,0.508325,POSITIVE
blue-collar,married,basic.9y,no,no,no,cellular,aug,wed,-2,1653,14,26,2,nonexistent,0,0.488161,NEGATIVE
blue-collar,married,basic.9y,no,no,no,cellular,aug,wed,-2,1653,14,26,2,nonexistent,1,0.502429,POSITIVE
management,married,basic.9y,no,no,no,cellular,sep,wed,-2,1672,14,18,2,nonexistent,0,0.496032,NEGATIVE
management,married,basic.9y,no,no,no,cellular,sep,wed,-2,1672,14,18,2,nonexistent,1,0.510300,POSITIVE
student,married,illiterate,unknown,unknown,unknown,telephone,apr,fri,-1,1703,15,28,4,nonexistent,0,0.498334,NEGATIVE
student,married,illiterate,unknown,unknown,unknown,telephone,apr,fri,-1,1703,15,28,4,nonexistent,1,0.510805,POSITIVE
management,single,professional.course,unknown,unknown,unknown,telephone,may,(null),0,1711,15,22,6,success,0,0.487815,NEGATIVE
management,single,professional.course,unknown,unknown,unknown,telephone,may,(null),0,1711,15,22,6,success,1,0.502082,POSITIVE
housemaid,married,basic.9y,no,no,no,cellular,apr,wed,-2,1587,15,20,2,nonexistent,0,0.490488,NEGATIVE
housemaid,married,basic.9y,no,no,no,cellular,apr,wed,-2,1587,15,20,2,nonexistent,1,0.504756,POSITIVE
retired,married,high.school,unknown,unknown,unknown,telephone,jul,thu,-1,1680,16,7,3,nonexistent,0,0.494133,NEGATIVE
retired,married,high.school,unknown,unknown,unknown,telephone,jul,thu,-1,1680,16,7,3,nonexistent,1,0.508402,POSITIVE
entrepreneur,divorced,basic.6y,no,no,no,cellular,aug,tue,-3,1579,14,2,1,failure,0,0.497169,NEGATIVE
entrepreneur,divorced,basic.6y,no,no,no,cellular,aug,tue,-3,1579,14,2,1,failure,1,0.514655,POSITIVE
technician,married,illiterate,unknown,unknown,unknown,telephone,apr,fri,-1,1617,15,12,4,nonexistent,0,0.490194,NEGATIVE
technician,married,illiterate,unknown,unknown,unknown,telephone,apr,fri,-1,1617,15,12,4,nonexistent,1,0.504462,POSITIVE
student,single,professional.course,unknown,unknown,unknown,telephone,may,(null),0,1594,15,5,5,success,0,0.489609,NEGATIVE
student,single,professional.course,unknown,unknown,unknown,telephone,may,(null),0,1594,15,5,5,success,1,0.503877,POSITIVE
blue-collar,divorced,basic.6y,no,no,no,cellular,jan,tue,-3,1493,14,33,0,failure,0,0.488920,NEGATIVE
blue-collar,divorced,basic.6y,no,no,no,cellular,jan,tue,-3,1493,14,33,0,failure,1,0.509945,POSITIVE
admin.,divorced,basic.6y,no,no,no,cellular,jan,tue,-3,1450,14,32,0,failure,0,0.480922,NEGATIVE
admin.,divorced,basic.6y,no,no,no,cellular,jan,tue,-3,1450,14,32,0,failure,1,0.501942,POSITIVE
blue-collar,divorced,basic.6y,no,no,no,cellular,feb,tue,-3,1493,14,17,0,failure,0,0.498668,NEGATIVE
blue-collar,divorced,basic.6y,no,no,no,cellular,feb,tue,-3,1493,14,17,0,failure,1,0.517259,POSITIVE
entrepreneur,divorced,basic.6y,no,no,no,cellular,feb,tue,-3,1423,14,18,1,failure,0,0.481837,NEGATIVE
entrepreneur,divorced,basic.6y,no,no,no,cellular,feb,tue,-3,1423,14,18,1,failure,1,0.501686,POSITIVE
blue-collar,divorced,basic.6y,no,no,no,cellular,feb,tue,-3,1493,14,1,0,failure,0,0.497043,NEGATIVE
blue-collar,divorced,basic.6y,no,no,no,cellular,feb,tue,-3,1493,14,1,0,failure,1,0.516669,POSITIVE
admin.,divorced,basic.4y,no,no,no,cellular,jan,mon,-3,1408,14,0,0,failure,0,0.489752,NEGATIVE
admin.,divorced,basic.4y,no,no,no,cellular,jan,mon,-3,1408,14,0,0,failure,1,0.501997,POSITIVE
self-employed,divorced,basic.6y,no,no,no,cellular,jan,tue,-3,1372,14,8,0,failure,0,0.480929,NEGATIVE
self-employed,divorced,basic.6y,no,no,no,cellular,jan,tue,-3,1372,14,8,0,failure,1,0.500150,POSITIVE
self-employed,divorced,basic.6y,no,no,no,cellular,jan,tue,-3,1372,14,0,0,failure,0,0.480861,NEGATIVE
self-employed,divorced,basic.6y,no,no,no,cellular,jan,tue,-3,1372,14,0,0,failure,1,0.500484,POSITIVE
student,married,high.school,unknown,unknown,unknown,telephone,oct,thu,-1,1817,12,51,3,nonexistent,0,0.490494,NEGATIVE
student,married,high.school,unknown,unknown,unknown,telephone,oct,thu,-1,1817,12,51,3,nonexistent,1,0.502445,POSITIVE
housemaid,married,illiterate,unknown,unknown,unknown,telephone,oct,fri,-1,1851,12,52,4,nonexistent,0,0.494864,NEGATIVE
housemaid,married,illiterate,unknown,unknown,unknown,telephone,oct,fri,-1,1851,12,52,4,nonexistent,1,0.506816,POSITIVE
technician,single,professional.course,unknown,unknown,unknown,telephone,nov,(null),0,1867,9,60,5,success,0,0.495834,NEGATIVE
technician,single,professional.course,unknown,unknown,unknown,telephone,nov,(null),0,1867,9,60,5,success,1,0.504227,POSITIVE
unemployed,single,professional.course,unknown,unknown,unknown,telephone,nov,(null),0,1832,9,54,6,success,0,0.498666,NEGATIVE
unemployed,single,professional.course,unknown,unknown,unknown,telephone,nov,(null),0,1832,9,54,6,success,1,0.506677,POSITIVE
student,single,professional.course,unknown,unknown,unknown,telephone,may,(null),0,1859,12,60,5,success,0,0.497952,NEGATIVE
student,single,professional.course,unknown,unknown,unknown,telephone,may,(null),0,1859,12,60,5,success,1,0.506695,POSITIVE
management,married,basic.9y,no,no,no,cellular,sep,wed,-2,1750,11,53,2,nonexistent,0,0.495667,NEGATIVE
management,married,basic.9y,no,no,no,cellular,sep,wed,-2,1750,11,53,2,nonexistent,1,0.507619,POSITIVE
management,single,professional.course,unknown,unknown,unknown,telephone,nov,(null),0,1789,9,60,5,success,0,0.497695,NEGATIVE
management,single,professional.course,unknown,unknown,unknown,telephone,nov,(null),0,1789,9,60,5,success,1,0.504415,POSITIVE
services,married,illiterate,unknown,unknown,unknown,telephone,apr,fri,-1,1773,12,57,4,nonexistent,0,0.499745,NEGATIVE
services,married,illiterate,unknown,unknown,unknown,telephone,apr,fri,-1,1773,12,57,4,nonexistent,1,0.511695,POSITIVE
student,single,professional.course,unknown,unknown,unknown,telephone,nov,(null),0,1859,12,43,5,success,0,0.492301,NEGATIVE
student,single,professional.course,unknown,unknown,unknown,telephone,nov,(null),0,1859,12,43,5,success,1,0.504252,POSITIVE
student,single,professional.course,unknown,unknown,unknown,telephone,oct,(null),0,1781,11,43,5,success,0,0.497780,NEGATIVE
student,single,professional.course,unknown,unknown,unknown,telephone,oct,(null),0,1781,11,43,5,success,1,0.509731,POSITIVE
self-employed,divorced,basic.4y,no,no,no,cellular,jul,mon,-3,1642,11,56,0,failure,0,0.489052,NEGATIVE
self-employed,divorced,basic.4y,no,no,no,cellular,jul,mon,-3,1642,11,56,0,failure,1,0.500585,POSITIVE
housemaid,married,basic.9y,no,no,no,cellular,aug,wed,-2,1665,11,50,2,nonexistent,0,0.497507,NEGATIVE
housemaid,married,basic.9y,no,no,no,cellular,aug,wed,-2,1665,11,50,2,nonexistent,1,0.508946,POSITIVE
services,married,illiterate,unknown,unknown,unknown,telephone,oct,fri,-1,1695,9,52,4,nonexistent,0,0.498788,NEGATIVE
services,married,illiterate,unknown,unknown,unknown,telephone,oct,fri,-1,1695,9,52,4,nonexistent,1,0.503520,POSITIVE
retired,married,high.school,unknown,unknown,unknown,telephone,apr,thu,-1,1680,12,59,3,nonexistent,0,0.496743,NEGATIVE
retired,married,high.school,unknown,unknown,unknown,telephone,apr,thu,-1,1680,12,59,3,nonexistent,1,0.508694,POSITIVE
admin.,divorced,basic.4y,no,no,no,cellular,jul,mon,-3,1564,11,56,0,failure,0,0.492193,NEGATIVE
admin.,divorced,basic.4y,no,no,no,cellular,jul,mon,-3,1564,11,56,0,failure,1,0.503633,POSITIVE
self-employed,divorced,basic.4y,no,no,no,cellular,jul,mon,-3,1564,11,48,0,failure,0,0.492177,NEGATIVE
self-employed,divorced,basic.4y,no,no,no,cellular,jul,mon,-3,1564,11,48,0,failure,1,0.503617,POSITIVE
services,married,basic.9y,no,no,no,cellular,feb,wed,-2,1614,11,57,2,nonexistent,0,0.488330,NEGATIVE
services,married,basic.9y,no,no,no,cellular,feb,wed,-2,1614,11,57,2,nonexistent,1,0.500280,POSITIVE
services,divorced,basic.6y,no,no,no,cellular,feb,tue,-3,1571,11,57,1,failure,0,0.497289,NEGATIVE
services,divorced,basic.6y,no,no,no,cellular,feb,tue,-3,1571,11,57,1,failure,1,0.507657,POSITIVE
entrepreneur,married,basic.9y,no,no,no,cellular,mar,wed,-2,1594,11,58,2,nonexistent,0,0.493956,NEGATIVE
entrepreneur,married,basic.9y,no,no,no,cellular,mar,wed,-2,1594,11,58,2,nonexistent,1,0.505898,POSITIVE
retired,married,high.school,unknown,unknown,unknown,telephone,apr,thu,-1,1602,12,51,3,nonexistent,0,0.491333,NEGATIVE
retired,married,high.school,unknown,unknown,unknown,telephone,apr,thu,-1,1602,12,51,3,nonexistent,1,0.503256,POSITIVE
student,married,high.school,unknown,unknown,unknown,telephone,oct,thu,-1,1661,12,35,3,nonexistent,0,0.493182,NEGATIVE
student,married,high.school,unknown,unknown,unknown,telephone,oct,thu,-1,1661,12,35,3,nonexistent,1,0.505653,POSITIVE
housemaid,married,illiterate,unknown,unknown,unknown,telephone,oct,fri,-1,1695,12,36,4,nonexistent,0,0.494293,NEGATIVE
housemaid,married,illiterate,unknown,unknown,unknown,telephone,oct,fri,-1,1695,12,36,4,nonexistent,1,0.506764,POSITIVE
technician,single,professional.course,unknown,unknown,unknown,telephone,nov,(null),0,1711,9,45,6,success,0,0.493053,NEGATIVE
technician,single,professional.course,unknown,unknown,unknown,telephone,nov,(null),0,1711,9,45,6,success,1,0.501796,POSITIVE
student,single,professional.course,unknown,unknown,unknown,telephone,may,(null),0,1703,12,45,5,success,0,0.497676,NEGATIVE
student,single,professional.course,unknown,unknown,unknown,telephone,may,(null),0,1703,12,45,5,success,1,0.509627,POSITIVE
management,married,basic.9y,no,no,no,cellular,sep,wed,-2,1594,11,37,2,nonexistent,0,0.494050,NEGATIVE
management,married,basic.9y,no,no,no,cellular,sep,wed,-2,1594,11,37,2,nonexistent,1,0.506521,POSITIVE
technician,single,professional.course,unknown,unknown,unknown,telephone,nov,(null),0,1633,9,38,6,success,0,0.499525,NEGATIVE
technician,single,professional.course,unknown,unknown,unknown,telephone,nov,(null),0,1633,9,38,6,success,1,0.508267,POSITIVE
services,married,illiterate,unknown,unknown,unknown,telephone,apr,fri,-1,1617,12,42,4,nonexistent,0,0.493338,NEGATIVE
services,married,illiterate,unknown,unknown,unknown,telephone,apr,fri,-1,1617,12,42,4,nonexistent,1,0.504778,POSITIVE
technician,married,illiterate,unknown,unknown,unknown,telephone,oct,fri,-1,1668,6,60,4,nonexistent,0,0.499875,NEGATIVE
technician,married,illiterate,unknown,unknown,unknown,telephone,oct,fri,-1,1668,6,60,4,nonexistent,1,0.500145,POSITIVE
unemployed,single,professional.course,unknown,unknown,unknown,telephone,nov,(null),0,1789,12,30,6,success,0,0.492133,NEGATIVE
unemployed,single,professional.course,unknown,unknown,unknown,telephone,nov,(null),0,1789,12,30,6,success,1,0.504856,POSITIVE
management,single,professional.course,unknown,unknown,unknown,telephone,nov,(null),0,1672,12,29,5,success,0,0.491450,NEGATIVE
management,single,professional.course,unknown,unknown,unknown,telephone,nov,(null),0,1672,12,29,5,success,1,0.503921,POSITIVE
technician,single,professional.course,unknown,unknown,unknown,telephone,nov,(null),0,1711,12,22,6,success,0,0.495651,NEGATIVE
technician,single,professional.course,unknown,unknown,unknown,telephone,nov,(null),0,1711,12,22,6,success,1,0.508122,POSITIVE
student,single,professional.course,unknown,unknown,unknown,telephone,oct,(null),0,1625,11,27,5,success,0,0.493140,NEGATIVE
student,single,professional.course,unknown,unknown,unknown,telephone,oct,(null),0,1625,11,27,5,success,1,0.505612,POSITIVE
technician,single,professional.course,unknown,unknown,unknown,telephone,nov,(null),0,1633,12,13,6,success,0,0.498806,NEGATIVE
technician,single,professional.course,unknown,unknown,unknown,telephone,nov,(null),0,1633,12,13,6,success,1,0.511276,POSITIVE
admin.,divorced,basic.4y,no,no,no,cellular,jul,mon,-3,1486,11,48,0,failure,0,0.495319,NEGATIVE
admin.,divorced,basic.4y,no,no,no,cellular,jul,mon,-3,1486,11,48,0,failure,1,0.506759,POSITIVE
services,married,basic.9y,no,no,no,cellular,aug,wed,-2,1509,8,50,2,nonexistent,0,0.499680,NEGATIVE
services,married,basic.9y,no,no,no,cellular,aug,wed,-2,1509,8,50,2,nonexistent,1,0.504412,POSITIVE
housemaid,married,basic.9y,no,no,no,cellular,feb,wed,-2,1509,11,52,2,nonexistent,0,0.496527,NEGATIVE
housemaid,married,basic.9y,no,no,no,cellular,feb,wed,-2,1509,11,52,2,nonexistent,1,0.507967,POSITIVE
admin.,divorced,basic.6y,no,no,no,cellular,jul,tue,-3,1411,8,56,0,failure,0,0.498092,NEGATIVE
admin.,divorced,basic.6y,no,no,no,cellular,jul,tue,-3,1411,8,56,0,failure,1,0.505751,POSITIVE
services,divorced,basic.6y,no,no,no,cellular,aug,tue,-3,1454,8,49,1,failure,0,0.498765,NEGATIVE
services,divorced,basic.6y,no,no,no,cellular,aug,tue,-3,1454,8,49,1,failure,1,0.503497,POSITIVE
blue-collar,married,basic.9y,no,no,no,cellular,aug,wed,-2,1419,8,50,2,nonexistent,0,0.498339,NEGATIVE
blue-collar,married,basic.9y,no,no,no,cellular,aug,wed,-2,1419,8,50,2,nonexistent,1,0.505173,POSITIVE
management,married,basic.9y,no,no,no,cellular,mar,wed,-2,1438,9,53,2,nonexistent,0,0.497924,NEGATIVE
management,married,basic.9y,no,no,no,cellular,mar,wed,-2,1438,9,53,2,nonexistent,1,0.504132,POSITIVE
self-employed,divorced,basic.4y,no,no,no,cellular,jul,mon,-3,1486,11,40,0,failure,0,0.495303,NEGATIVE
self-employed,divorced,basic.4y,no,no,no,cellular,jul,mon,-3,1486,11,40,0,failure,1,0.506743,POSITIVE
housemaid,married,basic.9y,no,no,no,cellular,aug,wed,-2,1509,11,34,2,nonexistent,0,0.496253,NEGATIVE
housemaid,married,basic.9y,no,no,no,cellular,aug,wed,-2,1509,11,34,2,nonexistent,1,0.508724,POSITIVE
self-employed,married,illiterate,unknown,unknown,unknown,telephone,oct,fri,-1,1532,9,44,4,nonexistent,0,0.495101,NEGATIVE
self-employed,married,illiterate,unknown,unknown,unknown,telephone,oct,fri,-1,1532,9,44,4,nonexistent,1,0.503844,POSITIVE
retired,married,high.school,unknown,unknown,unknown,telephone,apr,thu,-1,1524,12,43,3,nonexistent,0,0.494459,NEGATIVE
retired,married,high.school,unknown,unknown,unknown,telephone,apr,thu,-1,1524,12,43,3,nonexistent,1,0.505899,POSITIVE
student,married,illiterate,unknown,unknown,unknown,telephone,apr,fri,-1,1532,12,36,4,nonexistent,0,0.490025,NEGATIVE
student,married,illiterate,unknown,unknown,unknown,telephone,apr,fri,-1,1532,12,36,4,nonexistent,1,0.501464,POSITIVE
housemaid,married,illiterate,unknown,unknown,unknown,telephone,apr,fri,-1,1512,12,36,4,nonexistent,0,0.489476,NEGATIVE
housemaid,married,illiterate,unknown,unknown,unknown,telephone,apr,fri,-1,1512,12,36,4,nonexistent,1,0.501766,POSITIVE
unemployed,single,professional.course,unknown,unknown,unknown,telephone,may,(null),0,1555,9,46,6,success,0,0.495306,NEGATIVE
unemployed,single,professional.course,unknown,unknown,unknown,telephone,may,(null),0,1555,9,46,6,success,1,0.504049,POSITIVE
admin.,divorced,basic.4y,no,no,no,cellular,jul,mon,-3,1408,11,40,0,failure,0,0.496554,NEGATIVE
admin.,divorced,basic.4y,no,no,no,cellular,jul,mon,-3,1408,11,40,0,failure,1,0.509025,POSITIVE
self-employed,divorced,basic.4y,no,no,no,cellular,jul,mon,-3,1408,11,32,0,failure,0,0.492919,NEGATIVE
self-employed,divorced,basic.4y,no,no,no,cellular,jul,mon,-3,1408,11,32,0,failure,1,0.505390,POSITIVE
student,married,basic.9y,no,no,no,cellular,sep,wed,-2,1462,8,42,2,nonexistent,0,0.499339,NEGATIVE
student,married,basic.9y,no,no,no,cellular,sep,wed,-2,1462,8,42,2,nonexistent,1,0.508082,POSITIVE
student,married,high.school,unknown,unknown,unknown,telephone,oct,thu,-1,1427,9,35,3,nonexistent,0,0.493771,NEGATIVE
student,married,high.school,unknown,unknown,unknown,telephone,oct,thu,-1,1427,9,35,3,nonexistent,1,0.505722,POSITIVE
housemaid,married,illiterate,unknown,unknown,unknown,telephone,oct,fri,-1,1461,9,36,4,nonexistent,0,0.498141,NEGATIVE
housemaid,married,illiterate,unknown,unknown,unknown,telephone,oct,fri,-1,1461,9,36,4,nonexistent,1,0.510092,POSITIVE
self-employed,married,illiterate,unknown,unknown,unknown,telephone,apr,fri,-1,1454,10,40,4,nonexistent,0,0.488121,NEGATIVE
self-employed,married,illiterate,unknown,unknown,unknown,telephone,apr,fri,-1,1454,10,40,4,nonexistent,1,0.500071,POSITIVE
student,married,illiterate,unknown,unknown,unknown,telephone,apr,fri,-1,1454,6,59,4,nonexistent,0,0.499695,NEGATIVE
student,married,illiterate,unknown,unknown,unknown,telephone,apr,fri,-1,1454,6,59,4,nonexistent,1,0.500164,POSITIVE
student,single,professional.course,unknown,unknown,unknown,telephone,nov,(null),0,1469,6,45,5,success,0,0.492963,NEGATIVE
student,single,professional.course,unknown,unknown,unknown,telephone,nov,(null),0,1469,6,45,5,success,1,0.501357,POSITIVE
unemployed,single,professional.course,unknown,unknown,unknown,telephone,nov,(null),0,1442,6,38,6,success,0,0.494918,NEGATIVE
unemployed,single,professional.course,unknown,unknown,unknown,telephone,nov,(null),0,1442,6,38,6,success,1,0.503311,POSITIVE
housemaid,married,basic.9y,no,no,no,cellular,feb,wed,-2,1353,9,52,2,nonexistent,0,0.499345,NEGATIVE
housemaid,married,basic.9y,no,no,no,cellular,feb,wed,-2,1353,9,52,2,nonexistent,1,0.507285,POSITIVE
entrepreneur,divorced,basic.6y,no,no,no,cellular,feb,tue,-3,1266,8,50,1,failure,0,0.499791,NEGATIVE
entrepreneur,divorced,basic.6y,no,no,no,cellular,feb,tue,-3,1266,8,50,1,failure,1,0.507731,POSITIVE
admin.,divorced,basic.4y,no,no,no,cellular,jul,mon,-3,1330,11,32,0,failure,0,0.490251,NEGATIVE
admin.,divorced,basic.4y,no,no,no,cellular,jul,mon,-3,1330,11,32,0,failure,1,0.502722,POSITIVE
management,married,basic.9y,no,no,no,cellular,sep,wed,-2,1360,8,37,2,nonexistent,0,0.493701,NEGATIVE
management,married,basic.9y,no,no,no,cellular,sep,wed,-2,1360,8,37,2,nonexistent,1,0.505653,POSITIVE
retired,married,high.school,unknown,unknown,unknown,telephone,apr,thu,-1,1368,10,39,3,nonexistent,0,0.494150,NEGATIVE
retired,married,high.school,unknown,unknown,unknown,telephone,apr,thu,-1,1368,10,39,3,nonexistent,1,0.505590,POSITIVE
self-employed,divorced,basic.4y,no,no,no,cellular,jul,mon,-3,1251,8,40,0,failure,0,0.490811,NEGATIVE
self-employed,divorced,basic.4y,no,no,no,cellular,jul,mon,-3,1251,8,40,0,failure,1,0.502762,POSITIVE
housemaid,married,basic.9y,no,no,no,cellular,aug,wed,-2,1274,8,34,2,nonexistent,0,0.499069,NEGATIVE
housemaid,married,basic.9y,no,no,no,cellular,aug,wed,-2,1274,8,34,2,nonexistent,1,0.510508,POSITIVE
management,married,basic.9y,no,no,no,cellular,mar,wed,-2,1282,9,37,2,nonexistent,0,0.499582,NEGATIVE
management,married,basic.9y,no,no,no,cellular,mar,wed,-2,1282,9,37,2,nonexistent,1,0.511021,POSITIVE
self-employed,divorced,basic.6y,no,no,no,cellular,jul,tue,-3,1372,5,56,0,failure,0,0.499819,NEGATIVE
self-employed,divorced,basic.6y,no,no,no,cellular,jul,tue,-3,1372,5,56,0,failure,1,0.500107,POSITIVE
management,single,professional.course,unknown,unknown,unknown,telephone,may,(null),0,1360,6,53,5,success,0,0.499837,NEGATIVE
management,single,professional.course,unknown,unknown,unknown,telephone,may,(null),0,1360,6,53,5,success,1,0.500107,POSITIVE
housemaid,married,illiterate,unknown,unknown,unknown,telephone,oct,fri,-1,1356,6,44,4,nonexistent,0,0.496213,NEGATIVE
housemaid,married,illiterate,unknown,unknown,unknown,telephone,oct,fri,-1,1356,6,44,4,nonexistent,1,0.504607,POSITIVE
technician,single,professional.course,unknown,unknown,unknown,telephone,nov,(null),0,1391,6,37,5,success,0,0.499717,NEGATIVE
technician,single,professional.course,unknown,unknown,unknown,telephone,nov,(null),0,1391,6,37,5,success,1,0.508109,POSITIVE
management,single,professional.course,unknown,unknown,unknown,telephone,nov,(null),0,1364,6,38,6,success,0,0.492954,NEGATIVE
management,single,professional.course,unknown,unknown,unknown,telephone,nov,(null),0,1364,6,38,6,success,1,0.500667,POSITIVE
technician,single,professional.course,unknown,unknown,unknown,telephone,may,(null),0,1313,6,45,5,success,0,0.491914,NEGATIVE
technician,single,professional.course,unknown,unknown,unknown,telephone,may,(null),0,1313,6,45,5,success,1,0.500186,POSITIVE
student,married,basic.9y,no,no,no,cellular,sep,wed,-2,1540,11,26,2,nonexistent,0,0.496914,NEGATIVE
student,married,basic.9y,no,no,no,cellular,sep,wed,-2,1540,11,26,2,nonexistent,1,0.509385,POSITIVE
self-employed,married,illiterate,unknown,unknown,unknown,telephone,oct,fri,-1,1532,12,20,4,nonexistent,0,0.489649,NEGATIVE
self-employed,married,illiterate,unknown,unknown,unknown,telephone,oct,fri,-1,1532,12,20,4,nonexistent,1,0.502120,POSITIVE
student,single,professional.course,unknown,unknown,unknown,telephone,may,(null),0,1547,12,29,5,success,0,0.496817,NEGATIVE
student,single,professional.course,unknown,unknown,unknown,telephone,may,(null),0,1547,12,29,5,success,1,0.509288,POSITIVE
housemaid,married,basic.9y,no,no,no,cellular,aug,wed,-2,1431,11,26,2,nonexistent,0,0.489950,NEGATIVE
housemaid,married,basic.9y,no,no,no,cellular,aug,wed,-2,1431,11,26,2,nonexistent,1,0.502420,POSITIVE
student,married,basic.9y,no,no,no,cellular,sep,wed,-2,1462,11,18,2,nonexistent,0,0.490611,NEGATIVE
student,married,basic.9y,no,no,no,cellular,sep,wed,-2,1462,11,18,2,nonexistent,1,0.503082,POSITIVE
housemaid,married,high.school,unknown,unknown,unknown,telephone,oct,thu,-1,1446,12,19,3,nonexistent,0,0.494943,NEGATIVE
housemaid,married,high.school,unknown,unknown,unknown,telephone,oct,thu,-1,1446,12,19,3,nonexistent,1,0.507414,POSITIVE
student,single,professional.course,unknown,unknown,unknown,telephone,nov,(null),0,1469,9,27,5,success,0,0.495578,NEGATIVE
student,single,professional.course,unknown,unknown,unknown,telephone,nov,(null),0,1469,9,27,5,success,1,0.507529,POSITIVE
services,married,illiterate,unknown,unknown,unknown,telephone,apr,fri,-1,1461,12,26,4,nonexistent,0,0.489563,NEGATIVE
services,married,illiterate,unknown,unknown,unknown,telephone,apr,fri,-1,1461,12,26,4,nonexistent,1,0.502034,POSITIVE
technician,married,illiterate,unknown,unknown,unknown,telephone,oct,fri,-1,1539,12,12,4,nonexistent,0,0.489510,NEGATIVE
technician,married,illiterate,unknown,unknown,unknown,telephone,oct,fri,-1,1539,12,12,4,nonexistent,1,0.501980,POSITIVE
management,single,professional.course,unknown,unknown,unknown,telephone,nov,(null),0,1520,12,6,6,success,0,0.493955,NEGATIVE
management,single,professional.course,unknown,unknown,unknown,telephone,nov,(null),0,1520,12,6,6,success,1,0.508224,POSITIVE
student,married,high.school,unknown,unknown,unknown,telephone,oct,thu,-1,1446,12,11,3,nonexistent,0,0.496119,NEGATIVE
student,married,high.school,unknown,unknown,unknown,telephone,oct,thu,-1,1446,12,11,3,nonexistent,1,0.510387,POSITIVE
housemaid,married,illiterate,unknown,unknown,unknown,telephone,oct,fri,-1,1430,12,12,4,nonexistent,0,0.491436,NEGATIVE
housemaid,married,illiterate,unknown,unknown,unknown,telephone,oct,fri,-1,1430,12,12,4,nonexistent,1,0.505705,POSITIVE
services,married,illiterate,unknown,unknown,unknown,telephone,oct,fri,-1,1461,12,4,4,nonexistent,0,0.493626,NEGATIVE
services,married,illiterate,unknown,unknown,unknown,telephone,oct,fri,-1,1461,12,4,4,nonexistent,1,0.507894,POSITIVE
blue-collar,married,basic.9y,no,no,no,cellular,aug,wed,-2,1341,11,18,2,nonexistent,0,0.488918,NEGATIVE
blue-collar,married,basic.9y,no,no,no,cellular,aug,wed,-2,1341,11,18,2,nonexistent,1,0.503186,POSITIVE
student,married,high.school,unknown,unknown,unknown,telephone,oct,thu,-1,1349,9,27,3,nonexistent,0,0.494886,NEGATIVE
student,married,high.school,unknown,unknown,unknown,telephone,oct,thu,-1,1349,9,27,3,nonexistent,1,0.506837,POSITIVE
housemaid,married,illiterate,unknown,unknown,unknown,telephone,oct,fri,-1,1383,9,28,4,nonexistent,0,0.497349,NEGATIVE
housemaid,married,illiterate,unknown,unknown,unknown,telephone,oct,fri,-1,1383,9,28,4,nonexistent,1,0.510232,POSITIVE
management,single,professional.course,unknown,unknown,unknown,telephone,nov,(null),0,1360,9,21,5,success,0,0.494146,NEGATIVE
management,single,professional.course,unknown,unknown,unknown,telephone,nov,(null),0,1360,9,21,5,success,1,0.507017,POSITIVE
retired,married,high.school,unknown,unknown,unknown,telephone,apr,thu,-1,1368,12,27,3,nonexistent,0,0.490815,NEGATIVE
retired,married,high.school,unknown,unknown,unknown,telephone,apr,thu,-1,1368,12,27,3,nonexistent,1,0.503286,POSITIVE
blue-collar,divorced,basic.6y,no,no,no,cellular,jul,tue,-3,1258,11,17,0,failure,0,0.491898,NEGATIVE
blue-collar,divorced,basic.6y,no,no,no,cellular,jul,tue,-3,1258,11,17,0,failure,1,0.506167,POSITIVE
self-employed,married,illiterate,unknown,unknown,unknown,telephone,oct,fri,-1,1297,9,20,4,nonexistent,0,0.498131,NEGATIVE
self-employed,married,illiterate,unknown,unknown,unknown,telephone,oct,fri,-1,1297,9,20,4,nonexistent,1,0.510602,POSITIVE
services,divorced,basic.6y,no,no,no,cellular,feb,tue,-3,1258,11,25,1,failure,0,0.496000,NEGATIVE
services,divorced,basic.6y,no,no,no,cellular,feb,tue,-3,1258,11,25,1,failure,1,0.508471,POSITIVE
student,married,basic.9y,no,no,no,cellular,mar,wed,-2,1282,11,18,2,nonexistent,0,0.490061,NEGATIVE
student,married,basic.9y,no,no,no,cellular,mar,wed,-2,1282,11,18,2,nonexistent,1,0.502532,POSITIVE
housemaid,married,illiterate,unknown,unknown,unknown,telephone,apr,fri,-1,1313,12,20,4,nonexistent,0,0.488542,NEGATIVE
housemaid,married,illiterate,unknown,unknown,unknown,telephone,apr,fri,-1,1313,12,20,4,nonexistent,1,0.501012,POSITIVE
housemaid,married,high.school,unknown,unknown,unknown,telephone,apr,thu,-1,1270,12,19,3,nonexistent,0,0.496667,NEGATIVE
housemaid,married,high.school,unknown,unknown,unknown,telephone,apr,thu,-1,1270,12,19,3,nonexistent,1,0.510935,POSITIVE
technician,single,professional.course,unknown,unknown,unknown,telephone,may,(null),0,1321,9,29,5,success,0,0.490419,NEGATIVE
technician,single,professional.course,unknown,unknown,unknown,telephone,may,(null),0,1321,9,29,5,success,1,0.502370,POSITIVE
management,married,basic.9y,no,no,no,cellular,sep,wed,-2,1360,11,10,2,nonexistent,0,0.496788,NEGATIVE
management,married,basic.9y,no,no,no,cellular,sep,wed,-2,1360,11,10,2,nonexistent,1,0.511056,POSITIVE
student,married,high.school,unknown,unknown,unknown,telephone,oct,thu,-1,1388,12,3,3,nonexistent,0,0.494215,NEGATIVE
student,married,high.school,unknown,unknown,unknown,telephone,oct,thu,-1,1388,12,3,3,nonexistent,1,0.508484,POSITIVE
student,married,basic.9y,no,no,no,cellular,sep,wed,-2,1345,11,2,2,nonexistent,0,0.499348,NEGATIVE
student,married,basic.9y,no,no,no,cellular,sep,wed,-2,1345,11,2,2,nonexistent,1,0.513615,POSITIVE
housemaid,married,illiterate,unknown,unknown,unknown,telephone,oct,fri,-1,1376,12,4,4,nonexistent,0,0.494295,NEGATIVE
housemaid,married,illiterate,unknown,unknown,unknown,telephone,oct,fri,-1,1376,12,4,4,nonexistent,1,0.508564,POSITIVE
technician,single,professional.course,unknown,unknown,unknown,telephone,nov,(null),0,1399,9,14,6,success,0,0.499236,NEGATIVE
technician,single,professional.course,unknown,unknown,unknown,telephone,nov,(null),0,1399,9,14,6,success,1,0.512117,POSITIVE
student,single,professional.course,unknown,unknown,unknown,telephone,may,(null),0,1391,12,11,5,success,0,0.498554,NEGATIVE
student,single,professional.course,unknown,unknown,unknown,telephone,may,(null),0,1391,12,11,5,success,1,0.512821,POSITIVE
self-employed,divorced,basic.6y,no,no,no,cellular,jul,tue,-3,1258,11,8,0,failure,0,0.496498,NEGATIVE
self-employed,divorced,basic.6y,no,no,no,cellular,jul,tue,-3,1258,11,8,0,failure,1,0.510767,POSITIVE
entrepreneur,married,basic.9y,no,no,no,cellular,sep,wed,-2,1282,11,2,2,nonexistent,0,0.496965,NEGATIVE
entrepreneur,married,basic.9y,no,no,no,cellular,sep,wed,-2,1282,11,2,2,nonexistent,1,0.511233,POSITIVE
technician,married,illiterate,unknown,unknown,unknown,telephone,oct,fri,-1,1305,9,12,4,nonexistent,0,0.498121,NEGATIVE
technician,married,illiterate,unknown,unknown,unknown,telephone,oct,fri,-1,1305,9,12,4,nonexistent,1,0.510591,POSITIVE
management,single,professional.course,unknown,unknown,unknown,telephone,nov,(null),0,1282,9,13,5,success,0,0.487585,NEGATIVE
management,single,professional.course,unknown,unknown,unknown,telephone,nov,(null),0,1282,9,13,5,success,1,0.500055,POSITIVE
technician,single,professional.course,unknown,unknown,unknown,telephone,nov,(null),0,1321,9,6,6,success,0,0.491915,NEGATIVE
technician,single,professional.course,unknown,unknown,unknown,telephone,nov,(null),0,1321,9,6,6,success,1,0.504586,POSITIVE
student,married,illiterate,unknown,unknown,unknown,telephone,apr,fri,-1,1313,12,12,4,nonexistent,0,0.488462,NEGATIVE
student,married,illiterate,unknown,unknown,unknown,telephone,apr,fri,-1,1313,12,12,4,nonexistent,1,0.502729,POSITIVE
student,married,high.school,unknown,unknown,unknown,telephone,apr,thu,-1,1270,12,11,3,nonexistent,0,0.492982,NEGATIVE
student,married,high.school,unknown,unknown,unknown,telephone,apr,thu,-1,1270,12,11,3,nonexistent,1,0.507251,POSITIVE
housemaid,married,illiterate,unknown,unknown,unknown,telephone,apr,fri,-1,1305,12,12,4,nonexistent,0,0.491606,NEGATIVE
housemaid,married,illiterate,unknown,unknown,unknown,telephone,apr,fri,-1,1305,12,12,4,nonexistent,1,0.505875,POSITIVE
technician,married,illiterate,unknown,unknown,unknown,telephone,apr,fri,-1,1305,12,4,4,nonexistent,0,0.490584,NEGATIVE
technician,married,illiterate,unknown,unknown,unknown,telephone,apr,fri,-1,1305,12,4,4,nonexistent,1,0.504853,POSITIVE
self-employed,divorced,basic.4y,no,no,no,cellular,jan,mon,-3,1173,8,48,0,failure,0,0.494259,NEGATIVE
self-employed,divorced,basic.4y,no,no,no,cellular,jan,mon,-3,1173,8,48,0,failure,1,0.502199,POSITIVE
blue-collar,divorced,basic.6y,no,no,no,cellular,jul,tue,-3,1180,8,33,0,failure,0,0.490234,NEGATIVE
blue-collar,divorced,basic.6y,no,no,no,cellular,jul,tue,-3,1180,8,33,0,failure,1,0.501673,POSITIVE
services,divorced,basic.6y,no,no,no,cellular,feb,tue,-3,1180,8,41,1,failure,0,0.496615,NEGATIVE
services,divorced,basic.6y,no,no,no,cellular,feb,tue,-3,1180,8,41,1,failure,1,0.507355,POSITIVE
entrepreneur,married,basic.9y,no,no,no,cellular,mar,wed,-2,1203,8,42,2,nonexistent,0,0.490651,NEGATIVE
entrepreneur,married,basic.9y,no,no,no,cellular,mar,wed,-2,1203,8,42,2,nonexistent,1,0.502602,POSITIVE
retired,married,high.school,unknown,unknown,unknown,telephone,apr,thu,-1,1211,9,35,3,nonexistent,0,0.493251,NEGATIVE
retired,married,high.school,unknown,unknown,unknown,telephone,apr,thu,-1,1211,9,35,3,nonexistent,1,0.505203,POSITIVE
admin.,divorced,basic.4y,no,no,no,cellular,jul,mon,-3,1095,8,32,0,failure,0,0.496476,NEGATIVE
admin.,divorced,basic.4y,no,no,no,cellular,jul,mon,-3,1095,8,32,0,failure,1,0.507915,POSITIVE
housemaid,married,basic.9y,no,no,no,cellular,feb,wed,-2,1118,8,36,2,nonexistent,0,0.493610,NEGATIVE
housemaid,married,basic.9y,no,no,no,cellular,feb,wed,-2,1118,8,36,2,nonexistent,1,0.505050,POSITIVE
blue-collar,divorced,basic.6y,no,no,no,cellular,aug,tue,-3,1180,1,57,1,failure,0,0.499882,NEGATIVE
blue-collar,divorced,basic.6y,no,no,no,cellular,aug,tue,-3,1180,1,57,1,failure,1,0.500018,POSITIVE
student,married,high.school,unknown,unknown,unknown,telephone,oct,thu,-1,1231,6,35,3,nonexistent,0,0.497523,NEGATIVE
student,married,high.school,unknown,unknown,unknown,telephone,oct,thu,-1,1231,6,35,3,nonexistent,1,0.505917,POSITIVE
technician,married,illiterate,unknown,unknown,unknown,telephone,apr,fri,-1,1160,6,36,4,nonexistent,0,0.491821,NEGATIVE
technician,married,illiterate,unknown,unknown,unknown,telephone,apr,fri,-1,1160,6,36,4,nonexistent,1,0.500215,POSITIVE
blue-collar,divorced,basic.6y,no,no,no,cellular,feb,tue,-3,1024,8,33,0,failure,0,0.493914,NEGATIVE
blue-collar,divorced,basic.6y,no,no,no,cellular,feb,tue,-3,1024,8,33,0,failure,1,0.505354,POSITIVE
management,married,basic.9y,no,no,no,cellular,sep,wed,-2,1047,3,37,2,nonexistent,0,0.499770,NEGATIVE
management,married,basic.9y,no,no,no,cellular,sep,wed,-2,1047,3,37,2,nonexistent,1,0.500040,POSITIVE
student,married,high.school,unknown,unknown,unknown,telephone,apr,thu,-1,1055,6,35,3,nonexistent,0,0.494067,NEGATIVE
student,married,high.school,unknown,unknown,unknown,telephone,apr,thu,-1,1055,6,35,3,nonexistent,1,0.502460,POSITIVE
housemaid,married,illiterate,unknown,unknown,unknown,telephone,apr,fri,-1,1082,6,36,4,nonexistent,0,0.498253,NEGATIVE
housemaid,married,illiterate,unknown,unknown,unknown,telephone,apr,fri,-1,1082,6,36,4,nonexistent,1,0.503234,POSITIVE
services,married,basic.9y,no,no,no,cellular,feb,wed,-2,950,5,34,2,nonexistent,0,0.497878,NEGATIVE
services,married,basic.9y,no,no,no,cellular,feb,wed,-2,950,5,34,2,nonexistent,1,0.504706,POSITIVE
admin.,divorced,basic.4y,no,no,no,cellular,jul,mon,-3,1212,11,16,0,failure,0,0.496314,NEGATIVE
admin.,divorced,basic.4y,no,no,no,cellular,jul,mon,-3,1212,11,16,0,failure,1,0.516165,POSITIVE
management,married,basic.9y,no,no,no,cellular,sep,wed,-2,1203,8,21,2,nonexistent,0,0.489150,NEGATIVE
management,married,basic.9y,no,no,no,cellular,sep,wed,-2,1203,8,21,2,nonexistent,1,0.501620,POSITIVE
retired,married,high.school,unknown,unknown,unknown,telephone,apr,thu,-1,1211,10,23,3,nonexistent,0,0.490870,NEGATIVE
retired,married,high.school,unknown,unknown,unknown,telephone,apr,thu,-1,1211,10,23,3,nonexistent,1,0.503341,POSITIVE
self-employed,divorced,basic.4y,no,no,no,cellular,jul,mon,-3,1095,8,24,0,failure,0,0.494321,NEGATIVE
self-employed,divorced,basic.4y,no,no,no,cellular,jul,mon,-3,1095,8,24,0,failure,1,0.506793,POSITIVE
housemaid,married,basic.9y,no,no,no,cellular,aug,wed,-2,1118,8,18,2,nonexistent,0,0.491353,NEGATIVE
housemaid,married,basic.9y,no,no,no,cellular,aug,wed,-2,1118,8,18,2,nonexistent,1,0.503824,POSITIVE
management,married,basic.9y,no,no,no,cellular,mar,wed,-2,1125,9,21,2,nonexistent,0,0.495864,NEGATIVE
management,married,basic.9y,no,no,no,cellular,mar,wed,-2,1125,9,21,2,nonexistent,1,0.508335,POSITIVE
blue-collar,divorced,basic.6y,no,no,no,cellular,jul,tue,-3,1180,11,1,0,failure,0,0.487290,NEGATIVE
blue-collar,divorced,basic.6y,no,no,no,cellular,jul,tue,-3,1180,11,1,0,failure,1,0.507580,POSITIVE
self-employed,married,illiterate,unknown,unknown,unknown,telephone,oct,fri,-1,1219,9,12,4,nonexistent,0,0.491052,NEGATIVE
self-employed,married,illiterate,unknown,unknown,unknown,telephone,oct,fri,-1,1219,9,12,4,nonexistent,1,0.503523,POSITIVE
technician,married,illiterate,unknown,unknown,unknown,telephone,oct,fri,-1,1226,9,4,4,nonexistent,0,0.490912,NEGATIVE
technician,married,illiterate,unknown,unknown,unknown,telephone,oct,fri,-1,1226,9,4,4,nonexistent,1,0.503383,POSITIVE
retired,married,high.school,unknown,unknown,unknown,telephone,apr,thu,-1,1211,12,7,3,nonexistent,0,0.495639,NEGATIVE
retired,married,high.school,unknown,unknown,unknown,telephone,apr,thu,-1,1211,12,7,3,nonexistent,1,0.509907,POSITIVE
student,married,basic.9y,no,no,no,cellular,sep,wed,-2,1149,8,10,2,nonexistent,0,0.492014,NEGATIVE
student,married,basic.9y,no,no,no,cellular,sep,wed,-2,1149,8,10,2,nonexistent,1,0.504485,POSITIVE
housemaid,married,high.school,unknown,unknown,unknown,telephone,oct,thu,-1,1133,9,11,3,nonexistent,0,0.496346,NEGATIVE
housemaid,married,high.school,unknown,unknown,unknown,telephone,oct,thu,-1,1133,9,11,3,nonexistent,1,0.508817,POSITIVE
student,married,high.school,unknown,unknown,unknown,telephone,oct,thu,-1,1133,9,3,3,nonexistent,0,0.495654,NEGATIVE
student,married,high.school,unknown,unknown,unknown,telephone,oct,thu,-1,1133,9,3,3,nonexistent,1,0.509922,POSITIVE
housemaid,married,illiterate,unknown,unknown,unknown,telephone,oct,fri,-1,1117,9,4,4,nonexistent,0,0.490972,NEGATIVE
housemaid,married,illiterate,unknown,unknown,unknown,telephone,oct,fri,-1,1117,9,4,4,nonexistent,1,0.505241,POSITIVE
admin.,divorced,basic.4y,no,no,no,cellular,jan,mon,-3,1095,11,0,0,failure,0,0.492976,NEGATIVE
admin.,divorced,basic.4y,no,no,no,cellular,jan,mon,-3,1095,11,0,0,failure,1,0.505157,POSITIVE
student,single,professional.course,unknown,unknown,unknown,telephone,may,(null),0,1156,9,13,5,success,0,0.491917,NEGATIVE
student,single,professional.course,unknown,unknown,unknown,telephone,may,(null),0,1156,9,13,5,success,1,0.504388,POSITIVE
admin.,divorced,basic.4y,no,no,no,cellular,jul,mon,-3,1017,8,24,0,failure,0,0.491654,NEGATIVE
admin.,divorced,basic.4y,no,no,no,cellular,jul,mon,-3,1017,8,24,0,failure,1,0.504125,POSITIVE
self-employed,divorced,basic.4y,no,no,no,cellular,jul,mon,-3,1017,8,16,0,failure,0,0.488019,NEGATIVE
self-employed,divorced,basic.4y,no,no,no,cellular,jul,mon,-3,1017,8,16,0,failure,1,0.500489,POSITIVE
services,married,basic.9y,no,no,no,cellular,feb,wed,-2,1067,8,26,2,nonexistent,0,0.490199,NEGATIVE
services,married,basic.9y,no,no,no,cellular,feb,wed,-2,1067,8,26,2,nonexistent,1,0.501639,POSITIVE
entrepreneur,married,basic.9y,no,no,no,cellular,mar,wed,-2,1047,8,26,2,nonexistent,0,0.495631,NEGATIVE
entrepreneur,married,basic.9y,no,no,no,cellular,mar,wed,-2,1047,8,26,2,nonexistent,1,0.507374,POSITIVE
retired,married,high.school,unknown,unknown,unknown,telephone,apr,thu,-1,1055,9,19,3,nonexistent,0,0.492218,NEGATIVE
retired,married,high.school,unknown,unknown,unknown,telephone,apr,thu,-1,1055,9,19,3,nonexistent,1,0.504689,POSITIVE
housemaid,married,basic.9y,no,no,no,cellular,feb,wed,-2,962,8,20,2,nonexistent,0,0.493470,NEGATIVE
housemaid,married,basic.9y,no,no,no,cellular,feb,wed,-2,962,8,20,2,nonexistent,1,0.505941,POSITIVE
blue-collar,married,basic.9y,no,no,no,cellular,aug,wed,-2,1028,8,10,2,nonexistent,0,0.488453,NEGATIVE
blue-collar,married,basic.9y,no,no,no,cellular,aug,wed,-2,1028,8,10,2,nonexistent,1,0.502721,POSITIVE
management,married,basic.9y,no,no,no,cellular,sep,wed,-2,1047,8,2,2,nonexistent,0,0.496324,NEGATIVE
management,married,basic.9y,no,no,no,cellular,sep,wed,-2,1047,8,2,2,nonexistent,1,0.510592,POSITIVE
self-employed,divorced,basic.4y,no,no,no,cellular,jan,mon,-3,1056,11,8,0,failure,0,0.481099,NEGATIVE
self-employed,divorced,basic.4y,no,no,no,cellular,jan,mon,-3,1056,11,8,0,failure,1,0.500333,POSITIVE
self-employed,divorced,basic.4y,no,no,no,cellular,jan,mon,-3,1056,11,0,0,failure,0,0.482679,NEGATIVE
self-employed,divorced,basic.4y,no,no,no,cellular,jan,mon,-3,1056,11,0,0,failure,1,0.502305,POSITIVE
management,single,professional.course,unknown,unknown,unknown,telephone,may,(null),0,1086,9,6,6,success,0,0.488107,NEGATIVE
management,single,professional.course,unknown,unknown,unknown,telephone,may,(null),0,1086,9,6,6,success,1,0.502374,POSITIVE
housemaid,married,basic.9y,no,no,no,cellular,apr,wed,-2,962,9,4,2,nonexistent,0,0.490780,NEGATIVE
housemaid,married,basic.9y,no,no,no,cellular,apr,wed,-2,962,9,4,2,nonexistent,1,0.505048,POSITIVE
technician,married,illiterate,unknown,unknown,unknown,telephone,oct,fri,-1,1238,6,28,4,nonexistent,0,0.495704,NEGATIVE
technician,married,illiterate,unknown,unknown,unknown,telephone,oct,fri,-1,1238,6,28,4,nonexistent,1,0.504447,POSITIVE
technician,single,professional.course,unknown,unknown,unknown,telephone,nov,(null),0,1203,6,21,5,success,0,0.498148,NEGATIVE
technician,single,professional.course,unknown,unknown,unknown,telephone,nov,(null),0,1203,6,21,5,success,1,0.506891,POSITIVE
housemaid,married,illiterate,unknown,unknown,unknown,telephone,oct,fri,-1,1160,6,28,4,nonexistent,0,0.497931,NEGATIVE
housemaid,married,illiterate,unknown,unknown,unknown,telephone,oct,fri,-1,1160,6,28,4,nonexistent,1,0.506674,POSITIVE
technician,married,illiterate,unknown,unknown,unknown,telephone,oct,fri,-1,1148,6,20,4,nonexistent,0,0.497500,NEGATIVE
technician,married,illiterate,unknown,unknown,unknown,telephone,oct,fri,-1,1148,6,20,4,nonexistent,1,0.506243,POSITIVE
management,single,professional.course,unknown,unknown,unknown,telephone,nov,(null),0,1125,6,21,5,success,0,0.497716,NEGATIVE
management,single,professional.course,unknown,unknown,unknown,telephone,nov,(null),0,1125,6,21,5,success,1,0.506459,POSITIVE
technician,single,professional.course,unknown,unknown,unknown,telephone,may,(null),0,1164,6,30,6,success,0,0.498746,NEGATIVE
technician,single,professional.course,unknown,unknown,unknown,telephone,may,(null),0,1164,6,30,6,success,1,0.509223,POSITIVE
unemployed,single,professional.course,unknown,unknown,unknown,telephone,nov,(null),0,1164,6,14,6,success,0,0.491344,NEGATIVE
unemployed,single,professional.course,unknown,unknown,unknown,telephone,nov,(null),0,1164,6,14,6,success,1,0.504634,POSITIVE
housemaid,married,illiterate,unknown,unknown,unknown,telephone,oct,fri,-1,1070,6,20,4,nonexistent,0,0.499727,NEGATIVE
housemaid,married,illiterate,unknown,unknown,unknown,telephone,oct,fri,-1,1070,6,20,4,nonexistent,1,0.508470,POSITIVE
management,married,basic.9y,no,no,no,cellular,sep,wed,-2,969,5,21,2,nonexistent,0,0.495648,NEGATIVE
management,married,basic.9y,no,no,no,cellular,sep,wed,-2,969,5,21,2,nonexistent,1,0.507600,POSITIVE
student,single,professional.course,unknown,unknown,unknown,telephone,nov,(null),0,1078,6,11,5,success,0,0.492861,NEGATIVE
student,single,professional.course,unknown,unknown,unknown,telephone,nov,(null),0,1078,6,11,5,success,1,0.503378,POSITIVE
student,married,high.school,unknown,unknown,unknown,telephone,oct,thu,-1,958,6,11,3,nonexistent,0,0.492842,NEGATIVE
student,married,high.school,unknown,unknown,unknown,telephone,oct,thu,-1,958,6,11,3,nonexistent,1,0.505726,POSITIVE
housemaid,married,illiterate,unknown,unknown,unknown,telephone,oct,fri,-1,992,6,12,4,nonexistent,0,0.493824,NEGATIVE
housemaid,married,illiterate,unknown,unknown,unknown,telephone,oct,fri,-1,992,6,12,4,nonexistent,1,0.506707,POSITIVE
management,single,professional.course,unknown,unknown,unknown,telephone,nov,(null),0,969,6,5,5,success,0,0.490609,NEGATIVE
management,single,professional.course,unknown,unknown,unknown,telephone,nov,(null),0,969,6,5,5,success,1,0.503492,POSITIVE
admin.,divorced,basic.6y,no,no,no,cellular,jan,tue,-3,864,5,40,0,failure,0,0.501053,POSITIVE
admin.,divorced,basic.6y,no,no,no,cellular,jan,tue,-3,864,5,40,0,failure,1,0.498975,NEGATIVE
housemaid,married,basic.9y,no,no,no,cellular,feb,wed,-2,884,5,34,2,nonexistent,0,0.498097,NEGATIVE
housemaid,married,basic.9y,no,no,no,cellular,feb,wed,-2,884,5,34,2,nonexistent,1,0.502829,POSITIVE
admin.,divorced,basic.6y,no,no,no,cellular,jan,tue,-3,747,5,32,0,failure,0,0.495583,NEGATIVE
admin.,divorced,basic.6y,no,no,no,cellular,jan,tue,-3,747,5,32,0,failure,1,0.500315,POSITIVE
blue-collar,divorced,basic.6y,no,no,no,cellular,feb,tue,-3,868,8,17,0,failure,0,0.487135,NEGATIVE
blue-collar,divorced,basic.6y,no,no,no,cellular,feb,tue,-3,868,8,17,0,failure,1,0.500092,POSITIVE
admin.,divorced,basic.4y,no,no,no,cellular,jan,mon,-3,822,8,16,0,failure,0,0.497455,NEGATIVE
admin.,divorced,basic.4y,no,no,no,cellular,jan,mon,-3,822,8,16,0,failure,1,0.516679,POSITIVE
admin.,divorced,basic.4y,no,no,no,cellular,jul,mon,-3,861,8,0,0,failure,0,0.483817,NEGATIVE
admin.,divorced,basic.4y,no,no,no,cellular,jul,mon,-3,861,8,0,0,failure,1,0.503915,POSITIVE
management,married,basic.9y,no,no,no,cellular,mar,wed,-2,891,8,5,2,nonexistent,0,0.489797,NEGATIVE
management,married,basic.9y,no,no,no,cellular,mar,wed,-2,891,8,5,2,nonexistent,1,0.504066,POSITIVE
admin.,divorced,basic.4y,no,no,no,cellular,jan,mon,-3,783,8,0,0,failure,0,0.496688,NEGATIVE
admin.,divorced,basic.4y,no,no,no,cellular,jan,mon,-3,783,8,0,0,failure,1,0.508811,POSITIVE
self-employed,divorced,basic.4y,no,no,no,cellular,jan,mon,-3,744,8,0,0,failure,0,0.489330,NEGATIVE
self-employed,divorced,basic.4y,no,no,no,cellular,jan,mon,-3,744,8,0,0,failure,1,0.509051,POSITIVE
self-employed,divorced,basic.4y,no,no,no,cellular,jul,mon,-3,861,5,24,0,failure,0,0.494087,NEGATIVE
self-employed,divorced,basic.4y,no,no,no,cellular,jul,mon,-3,861,5,24,0,failure,1,0.506039,POSITIVE
entrepreneur,married,basic.9y,no,no,no,cellular,sep,wed,-2,915,5,18,2,nonexistent,0,0.498616,NEGATIVE
entrepreneur,married,basic.9y,no,no,no,cellular,sep,wed,-2,915,5,18,2,nonexistent,1,0.511498,POSITIVE
retired,married,high.school,unknown,unknown,unknown,telephone,jul,thu,-1,821,4,23,3,nonexistent,0,0.493379,NEGATIVE
retired,married,high.school,unknown,unknown,unknown,telephone,jul,thu,-1,821,4,23,3,nonexistent,1,0.501772,POSITIVE
self-employed,married,illiterate,unknown,unknown,unknown,telephone,aug,fri,-1,875,6,8,4,nonexistent,0,0.490547,NEGATIVE
self-employed,married,illiterate,unknown,unknown,unknown,telephone,aug,fri,-1,875,6,8,4,nonexistent,1,0.503430,POSITIVE
technician,single,professional.course,unknown,unknown,unknown,telephone,nov,(null),0,922,3,13,6,success,0,0.491154,NEGATIVE
technician,single,professional.course,unknown,unknown,unknown,telephone,nov,(null),0,922,3,13,6,success,1,0.505222,POSITIVE
admin.,divorced,basic.4y,no,no,no,cellular,jul,mon,-3,705,5,16,0,failure,0,0.494350,NEGATIVE
admin.,divorced,basic.4y,no,no,no,cellular,jul,mon,-3,705,5,16,0,failure,1,0.506821,POSITIVE
housemaid,married,basic.9y,no,no,no,cellular,feb,wed,-2,728,5,20,2,nonexistent,0,0.496147,NEGATIVE
housemaid,married,basic.9y,no,no,no,cellular,feb,wed,-2,728,5,20,2,nonexistent,1,0.508098,POSITIVE
entrepreneur,divorced,basic.6y,no,no,no,cellular,feb,tue,-3,641,5,17,1,failure,0,0.491729,NEGATIVE
entrepreneur,divorced,basic.6y,no,no,no,cellular,feb,tue,-3,641,5,17,1,failure,1,0.503169,POSITIVE
self-employed,married,illiterate,unknown,unknown,unknown,telephone,aug,fri,-1,751,4,8,4,nonexistent,0,0.490762,NEGATIVE
self-employed,married,illiterate,unknown,unknown,unknown,telephone,aug,fri,-1,751,4,8,4,nonexistent,1,0.501268,POSITIVE
blue-collar,divorced,basic.6y,no,no,no,cellular,jul,tue,-3,633,5,1,0,failure,0,0.492190,NEGATIVE
blue-collar,divorced,basic.6y,no,no,no,cellular,jul,tue,-3,633,5,1,0,failure,1,0.506459,POSITIVE
student,married,basic.9y,no,no,no,cellular,sep,wed,-2,657,2,10,2,nonexistent,0,0.495432,NEGATIVE
student,married,basic.9y,no,no,no,cellular,sep,wed,-2,657,2,10,2,nonexistent,1,0.502725,POSITIVE
services,married,basic.9y,no,no,no,cellular,feb,wed,-2,677,5,10,2,nonexistent,0,0.491099,NEGATIVE
services,married,basic.9y,no,no,no,cellular,feb,wed,-2,677,5,10,2,nonexistent,1,0.503570,POSITIVE
entrepreneur,married,basic.9y,no,no,no,cellular,mar,wed,-2,657,5,10,2,nonexistent,0,0.491248,NEGATIVE
entrepreneur,married,basic.9y,no,no,no,cellular,mar,wed,-2,657,5,10,2,nonexistent,1,0.503719,POSITIVE
retired,married,high.school,unknown,unknown,unknown,telephone,apr,thu,-1,665,6,3,3,nonexistent,0,0.487491,NEGATIVE
retired,married,high.school,unknown,unknown,unknown,telephone,apr,thu,-1,665,6,3,3,nonexistent,1,0.500434,POSITIVE
student,single,professional.course,unknown,unknown,unknown,telephone,may,(null),0,688,3,11,5,success,0,0.496293,NEGATIVE
student,single,professional.course,unknown,unknown,unknown,telephone,may,(null),0,688,3,11,5,success,1,0.510360,POSITIVE
admin.,divorced,basic.4y,no,no,no,cellular,jan,mon,-3,470,5,0,0,failure,0,0.499627,NEGATIVE
admin.,divorced,basic.4y,no,no,no,cellular,jan,mon,-3,470,5,0,0,failure,1,0.511852,POSITIVE
services,married,basic.9y,no,no,no,cellular,aug,wed,-2,598,1,10,2,nonexistent,0,0.499037,NEGATIVE
services,married,basic.9y,no,no,no,cellular,aug,wed,-2,598,1,10,2,nonexistent,1,0.505958,POSITIVE
retired,married,high.school,unknown,unknown,unknown,telephone,oct,thu,-1,586,2,3,3,nonexistent,0,0.497610,NEGATIVE
retired,married,high.school,unknown,unknown,unknown,telephone,oct,thu,-1,586,2,3,3,nonexistent,1,0.510849,POSITIVE
management,single,professional.course,unknown,unknown,unknown,telephone,may,(null),0,617,3,6,6,success,0,0.496430,NEGATIVE
management,single,professional.course,unknown,unknown,unknown,telephone,may,(null),0,617,3,6,6,success,1,0.505862,POSITIVE
self-employed,divorced,basic.6y,no,no,no,cellular,jul,tue,-3,477,1,8,0,failure,0,0.498843,NEGATIVE
self-employed,divorced,basic.6y,no,no,no,cellular,jul,tue,-3,477,1,8,0,failure,1,0.505764,POSITIVE
entrepreneur,married,basic.9y,no,no,no,cellular,sep,wed,-2,485,2,2,2,nonexistent,0,0.491226,NEGATIVE
entrepreneur,married,basic.9y,no,no,no,cellular,sep,wed,-2,485,2,2,2,nonexistent,1,0.501682,POSITIVE
student,married,high.school,unknown,unknown,unknown,telephone,apr,thu,-1,450,2,3,3,nonexistent,0,0.492863,NEGATIVE
student,married,high.school,unknown,unknown,unknown,telephone,apr,thu,-1,450,2,3,3,nonexistent,1,0.502295,POSITIVE
blue-collar,divorced,basic.6y,no,no,no,cellular,aug,tue,-3,360,1,1,1,failure,0,0.492319,NEGATIVE
blue-collar,divorced,basic.6y,no,no,no,cellular,aug,tue,-3,360,1,1,1,failure,1,0.502806,POSITIVE
admin.,divorced,basic.4y,no,no,no,cellular,jan,mon,-3,235,3,0,0,failure,0,0.495823,NEGATIVE
admin.,divorced,basic.4y,no,no,no,cellular,jan,mon,-3,235,3,0,0,failure,1,0.502848,POSITIVE
