age,campaign,contact,day_of_week,decision,default,duration,education,emp.var.rate,housing,job,loan,marital,month,pdays,poutcome,previous
0,39,cellular,tue,1,no,4930,basic.6y,-3,no,admin.,no,divorced,jul,299,failure,0
1,39,cellular,tue,1,no,4930,basic.6y,-3,no,admin.,no,divorced,jul,299,failure,0
0,39,cellular,mon,1,no,4845,basic.4y,-3,no,admin.,no,divorced,jul,282,failure,0
1,39,cellular,mon,1,no,4845,basic.4y,-3,no,admin.,no,divorced,jul,282,failure,0
0,39,cellular,tue,1,no,4930,basic.6y,-3,no,self-employed,no,divorced,jan,299,failure,0
1,39,cellular,tue,1,no,4930,basic.6y,-3,no,self-employed,no,divorced,jan,299,failure,0
0,39,cellular,wed,1,no,4946,basic.9y,-2,no,blue-collar,no,married,feb,302,nonexistent,2
1,39,cellular,wed,1,no,4946,basic.9y,-2,no,blue-collar,no,married,feb,302,nonexistent,2
0,39,cellular,tue,0,no,4875,basic.6y,-3,no,entrepreneur,no,divorced,feb,284,failure,1
1,39,cellular,tue,0,no,4875,basic.6y,-3,no,entrepreneur,no,divorced,feb,284,failure,1
0,39,cellular,tue,0,no,4774,basic.6y,-3,no,admin.,no,divorced,jan,283,failure,0
1,39,cellular,tue,0,no,4774,basic.6y,-3,no,admin.,no,divorced,jan,283,failure,0
0,39,cellular,tue,0,no,4860,basic.6y,-3,no,blue-collar,no,divorced,jul,253,failure,0
1,39,cellular,tue,0,no,4860,basic.6y,-3,no,blue-collar,no,divorced,jul,253,failure,0
0,40,telephone,thu,1,unknown,4922,high.school,-1,unknown,retired,unknown,married,apr,265,nonexistent,3
1,40,telephone,thu,1,unknown,4922,high.school,-1,unknown,retired,unknown,married,apr,265,nonexistent,3
0,39,cellular,tue,1,no,4704,basic.6y,-3,no,blue-collar,no,divorced,jan,253,failure,0
1,39,cellular,tue,1,no,4704,basic.6y,-3,no,blue-collar,no,divorced,jan,253,failure,0
0,33,cellular,tue,0,no,4860,basic.6y,-3,no,admin.,no,divorced,jul,330,failure,0
1,33,cellular,tue,0,no,4860,basic.6y,-3,no,admin.,no,divorced,jul,330,failure,0
0,36,cellular,wed,1,no,4868,basic.9y,-2,no,blue-collar,no,married,aug,323,nonexistent,2
1,36,cellular,wed,1,no,4868,basic.9y,-2,no,blue-collar,no,married,aug,323,nonexistent,2
0,37,telephone,fri,1,unknown,4891,illiterate,-1,unknown,housemaid,unknown,married,aug,317,nonexistent,4
1,37,telephone,fri,1,unknown,4891,illiterate,-1,unknown,housemaid,unknown,married,aug,317,nonexistent,4
0,33,cellular,tue,1,no,4938,basic.6y,-3,no,services,no,divorced,jul,322,failure,1
1,33,cellular,tue,1,no,4938,basic.6y,-3,no,services,no,divorced,jul,322,failure,1
0,34,telephone,thu,0,unknown,4961,high.school,-1,unknown,student,unknown,married,aug,316,nonexistent,3
1,34,telephone,thu,0,unknown,4961,high.school,-1,unknown,student,unknown,married,aug,316,nonexistent,3
0,33,cellular,mon,1,no,4845,basic.4y,-3,no,self-employed,no,divorced,jul,321,failure,0
1,33,cellular,mon,1,no,4845,basic.4y,-3,no,self-employed,no,divorced,jul,321,failure,0
0,33,cellular,wed,0,no,4868,basic.9y,-2,no,services,no,married,aug,315,nonexistent,2
1,33,cellular,wed,0,no,4868,basic.9y,-2,no,services,no,married,aug,315,nonexistent,2
0,33,cellular,tue,0,no,4860,basic.6y,-3,no,blue-collar,no,divorced,oct,322,failure,1
1,33,cellular,tue,0,no,4860,basic.6y,-3,no,blue-collar,no,divorced,oct,322,failure,1
0,33,cellular,wed,0,no,4875,basic.9y,-2,no,entrepreneur,no,married,aug,323,nonexistent,2
1,33,cellular,wed,0,no,4875,basic.9y,-2,no,entrepreneur,no,married,aug,323,nonexistent,2
0,36,cellular,tue,1,no,4930,basic.6y,-3,no,self-employed,no,divorced,apr,329,failure,0
1,36,cellular,tue,1,no,4930,basic.6y,-3,no,self-employed,no,divorced,apr,329,failure,0
0,36,cellular,tue,1,no,4938,basic.6y,-3,no,blue-collar,no,divorced,apr,331,failure,1
1,36,cellular,tue,1,no,4938,basic.6y,-3,no,blue-collar,no,divorced,apr,331,failure,1
0,33,cellular,tue,1,no,4930,basic.6y,-3,no,self-employed,no,divorced,apr,330,failure,0
1,33,cellular,tue,1,no,4930,basic.6y,-3,no,self-employed,no,divorced,apr,330,failure,0
0,33,cellular,tue,0,no,4930,basic.6y,-3,no,self-employed,no,divorced,jan,337,failure,0
1,33,cellular,tue,0,no,4930,basic.6y,-3,no,self-employed,no,divorced,jan,337,failure,0
0,34,telephone,thu,1,unknown,4961,high.school,-1,unknown,housemaid,unknown,married,apr,336,nonexistent,3
1,34,telephone,thu,1,unknown,4961,high.school,-1,unknown,housemaid,unknown,married,apr,336,nonexistent,3
0,33,cellular,wed,0,no,4875,basic.9y,-2,no,entrepreneur,no,married,mar,334,nonexistent,2
1,33,cellular,wed,0,no,4875,basic.9y,-2,no,entrepreneur,no,married,mar,334,nonexistent,2
0,37,telephone,fri,0,unknown,4969,illiterate,-1,unknown,student,unknown,married,feb,325,nonexistent,4
1,37,telephone,fri,0,unknown,4969,illiterate,-1,unknown,student,unknown,married,feb,325,nonexistent,4
0,36,cellular,mon,1,no,4845,basic.4y,-3,no,self-employed,no,divorced,apr,321,failure,0
1,36,cellular,mon,1,no,4845,basic.4y,-3,no,self-employed,no,divorced,apr,321,failure,0
0,37,telephone,thu,1,unknown,4883,high.school,-1,unknown,student,unknown,married,apr,316,nonexistent,3
1,37,telephone,thu,1,unknown,4883,high.school,-1,unknown,student,unknown,married,apr,316,nonexistent,3
0,37,telephone,(null),1,unknown,4968,professional.course,0,unknown,management,unknown,single,may,324,success,5
1,37,telephone,(null),1,unknown,4968,professional.course,0,unknown,management,unknown,single,may,324,success,5
0,34,telephone,fri,1,unknown,4976,illiterate,-1,unknown,technician,unknown,married,may,317,nonexistent,4
1,34,telephone,fri,1,unknown,4976,illiterate,-1,unknown,technician,unknown,married,may,317,nonexistent,4
0,34,telephone,fri,0,unknown,4891,illiterate,-1,unknown,student,unknown,married,apr,317,nonexistent,4
1,34,telephone,fri,0,unknown,4891,illiterate,-1,unknown,student,unknown,married,apr,317,nonexistent,4
0,36,cellular,tue,0,no,4782,basic.6y,-3,no,blue-collar,no,divorced,aug,314,failure,1
1,36,cellular,tue,0,no,4782,basic.6y,-3,no,blue-collar,no,divorced,aug,314,failure,1
0,33,cellular,mon,1,no,4767,basic.4y,-3,no,admin.,no,divorced,oct,321,failure,0
1,33,cellular,mon,1,no,4767,basic.4y,-3,no,admin.,no,divorced,oct,321,failure,0
0,33,cellular,tue,1,no,4782,basic.6y,-3,no,blue-collar,no,divorced,jul,322,failure,1
1,33,cellular,tue,1,no,4782,basic.6y,-3,no,blue-collar,no,divorced,jul,322,failure,1
0,33,cellular,wed,0,no,4797,basic.9y,-2,no,entrepreneur,no,married,sep,315,nonexistent,2
1,33,cellular,wed,0,no,4797,basic.9y,-2,no,entrepreneur,no,married,sep,315,nonexistent,2
0,33,cellular,tue,1,no,4704,basic.6y,-3,no,blue-collar,no,divorced,aug,315,failure,1
1,33,cellular,tue,1,no,4704,basic.6y,-3,no,blue-collar,no,divorced,aug,315,failure,1
0,33,cellular,tue,0,no,4782,basic.6y,-3,no,blue-collar,no,divorced,feb,331,failure,1
1,33,cellular,tue,0,no,4782,basic.6y,-3,no,blue-collar,no,divorced,feb,331,failure,1
0,36,cellular,tue,0,no,4782,basic.6y,-3,no,blue-collar,no,divorced,apr,314,failure,1
1,36,cellular,tue,0,no,4782,basic.6y,-3,no,blue-collar,no,divorced,apr,314,failure,1
0,33,cellular,wed,1,no,4790,basic.9y,-2,no,services,no,married,may,315,nonexistent,2
1,33,cellular,wed,1,no,4790,basic.9y,-2,no,services,no,married,may,315,nonexistent,2
0,33,cellular,wed,0,no,4712,basic.9y,-2,no,services,no,married,feb,315,nonexistent,2
1,33,cellular,wed,0,no,4712,basic.9y,-2,no,services,no,married,feb,315,nonexistent,2
0,33,cellular,tue,0,no,4704,basic.6y,-3,no,blue-collar,no,divorced,feb,322,failure,1
1,33,cellular,tue,0,no,4704,basic.6y,-3,no,blue-collar,no,divorced,feb,322,failure,1
0,34,telephone,fri,0,unknown,4735,illiterate,-1,unknown,housemaid,unknown,married,apr,317,nonexistent,4
1,34,telephone,fri,0,unknown,4735,illiterate,-1,unknown,housemaid,unknown,married,apr,317,nonexistent,4
0,30,cellular,tue,1,no,4860,basic.6y,-3,no,admin.,no,divorced,jul,330,failure,0
1,30,cellular,tue,1,no,4860,basic.6y,-3,no,admin.,no,divorced,jul,330,failure,0
0,30,cellular,wed,0,no,4946,basic.9y,-2,no,services,no,married,feb,331,nonexistent,2
1,30,cellular,wed,0,no,4946,basic.9y,-2,no,services,no,married,feb,331,nonexistent,2
0,30,cellular,tue,1,no,4852,basic.6y,-3,no,self-employed,no,divorced,jan,330,failure,0
1,30,cellular,tue,1,no,4852,basic.6y,-3,no,self-employed,no,divorced,jan,330,failure,0
0,31,telephone,fri,1,unknown,4969,illiterate,-1,unknown,housemaid,unknown,married,apr,333,nonexistent,4
1,31,telephone,fri,1,unknown,4969,illiterate,-1,unknown,housemaid,unknown,married,apr,333,nonexistent,4
0,26,cellular,tue,1,no,4875,basic.6y,-3,no,services,no,divorced,jan,330,failure,1
1,26,cellular,tue,1,no,4875,basic.6y,-3,no,services,no,divorced,jan,330,failure,1
0,27,cellular,wed,0,no,4953,basic.9y,-2,no,entrepreneur,no,married,mar,339,nonexistent,2
1,27,cellular,wed,0,no,4953,basic.9y,-2,no,entrepreneur,no,married,mar,339,nonexistent,2
0,27,telephone,fri,1,unknown,4969,illiterate,-1,unknown,housemaid,unknown,married,apr,333,nonexistent,4
1,27,telephone,fri,1,unknown,4969,illiterate,-1,unknown,housemaid,unknown,married,apr,333,nonexistent,4
0,26,cellular,mon,1,no,4923,basic.4y,-3,no,self-employed,no,divorced,oct,321,failure,0
1,26,cellular,mon,1,no,4923,basic.4y,-3,no,self-employed,no,divorced,oct,321,failure,0
0,26,cellular,tue,1,no,4860,basic.6y,-3,no,self-employed,no,divorced,oct,313,failure,0
1,26,cellular,tue,1,no,4860,basic.6y,-3,no,self-employed,no,divorced,oct,313,failure,0
0,26,cellular,mon,0,no,4923,illiterate,-3,no,self-employed,no,divorced,jul,321,failure,0
1,26,cellular,mon,0,no,4923,illiterate,-3,no,self-employed,no,divorced,jul,321,failure,0
0,30,cellular,mon,1,no,4845,basic.4y,-3,no,self-employed,no,divorced,jul,321,failure,0
1,30,cellular,mon,1,no,4845,basic.4y,-3,no,self-employed,no,divorced,jul,321,failure,0
0,29,telephone,thu,1,unknown,4961,high.school,-1,unknown,student,unknown,married,aug,316,nonexistent,3
1,29,telephone,thu,1,unknown,4961,high.school,-1,unknown,student,unknown,married,aug,316,nonexistent,3
0,27,cellular,wed,1,no,4868,basic.9y,-2,no,services,no,married,aug,315,nonexistent,2
1,27,cellular,wed,1,no,4868,basic.9y,-2,no,services,no,married,aug,315,nonexistent,2
0,28,cellular,wed,0,no,4953,basic.9y,-2,no,entrepreneur,no,married,nov,323,nonexistent,2
1,28,cellular,wed,0,no,4953,basic.9y,-2,no,entrepreneur,no,married,nov,323,nonexistent,2
0,27,cellular,tue,1,no,4860,basic.6y,-3,no,blue-collar,no,divorced,oct,322,failure,1
1,27,cellular,tue,1,no,4860,basic.6y,-3,no,blue-collar,no,divorced,oct,322,failure,1
0,29,telephone,thu,0,unknown,4922,high.school,-1,unknown,housemaid,unknown,married,aug,324,nonexistent,3
1,29,telephone,thu,0,unknown,4922,high.school,-1,unknown,housemaid,unknown,married,aug,324,nonexistent,3
0,29,telephone,fri,0,unknown,4891,illiterate,-1,unknown,management,unknown,married,aug,317,nonexistent,4
1,29,telephone,fri,0,unknown,4891,illiterate,-1,unknown,management,unknown,married,aug,317,nonexistent,4
0,27,cellular,wed,0,no,4891,basic.9y,-2,no,services,no,married,may,323,nonexistent,2
1,27,cellular,wed,0,no,4891,basic.9y,-2,no,services,no,married,may,323,nonexistent,2
0,31,telephone,(null),1,unknown,4984,professional.course,0,unknown,unemployed,unknown,single,mar,319,success,6
1,31,telephone,(null),1,unknown,4984,professional.course,0,unknown,unemployed,unknown,single,mar,319,success,6
0,30,telephone,(null),0,unknown,4968,professional.course,0,unknown,management,unknown,single,may,326,success,5
1,30,telephone,(null),0,unknown,4968,professional.course,0,unknown,management,unknown,single,may,326,success,5
0,31,telephone,(null),0,unknown,4914,professional.course,0,unknown,management,unknown,single,may,319,success,6
1,31,telephone,(null),0,unknown,4914,professional.course,0,unknown,management,unknown,single,may,319,success,6
0,30,cellular,tue,0,no,4774,basic.6y,-3,no,self-employed,no,divorced,jul,313,failure,0
1,30,cellular,tue,0,no,4774,basic.6y,-3,no,self-employed,no,divorced,jul,313,failure,0
0,30,cellular,mon,1,no,4767,basic.4y,-3,no,admin.,no,divorced,oct,321,failure,0
1,30,cellular,mon,1,no,4767,basic.4y,-3,no,admin.,no,divorced,oct,321,failure,0
0,30,cellular,tue,0,no,4704,basic.6y,-3,no,blue-collar,no,divorced,aug,315,failure,1
1,30,cellular,tue,0,no,4704,basic.6y,-3,no,blue-collar,no,divorced,aug,315,failure,1
0,30,cellular,tue,1,no,4704,basic.6y,-3,no,blue-collar,no,divorced,jan,330,failure,0
1,30,cellular,tue,1,no,4704,basic.6y,-3,no,blue-collar,no,divorced,jan,330,failure,0
0,30,cellular,tue,0,no,4782,basic.6y,-3,no,services,no,divorced,feb,322,failure,1
1,30,cellular,tue,0,no,4782,basic.6y,-3,no,services,no,divorced,feb,322,failure,1
0,30,cellular,wed,1,no,4790,basic.9y,-2,no,services,no,married,may,315,nonexistent,2
1,30,cellular,wed,1,no,4790,basic.9y,-2,no,services,no,married,may,315,nonexistent,2
0,30,cellular,tue,1,no,4696,basic.6y,-3,no,self-employed,no,divorced,apr,313,failure,0
1,30,cellular,tue,1,no,4696,basic.6y,-3,no,self-employed,no,divorced,apr,313,failure,0
0,31,telephone,thu,0,unknown,4727,high.school,-1,unknown,housemaid,unknown,married,may,316,nonexistent,3
1,31,telephone,thu,0,unknown,4727,high.school,-1,unknown,housemaid,unknown,married,may,316,nonexistent,3
0,31,telephone,fri,0,unknown,4742,illiterate,-1,unknown,housemaid,unknown,married,feb,317,nonexistent,4
1,31,telephone,fri,0,unknown,4742,illiterate,-1,unknown,housemaid,unknown,married,feb,317,nonexistent,4
0,26,cellular,tue,1,no,4704,basic.6y,-3,no,blue-collar,no,divorced,jan,330,failure,0
1,26,cellular,tue,1,no,4704,basic.6y,-3,no,blue-collar,no,divorced,jan,330,failure,0
0,26,cellular,tue,1,no,4774,basic.6y,-3,no,self-employed,no,divorced,jul,313,failure,0
1,26,cellular,tue,1,no,4774,basic.6y,-3,no,self-employed,no,divorced,jul,313,failure,0
0,26,cellular,tue,0,no,4704,basic.6y,-3,no,admin.,no,divorced,oct,314,failure,0
1,26,cellular,tue,0,no,4704,basic.6y,-3,no,admin.,no,divorced,oct,314,failure,0
0,26,cellular,wed,0,no,4712,basic.9y,-2,no,blue-collar,no,married,aug,315,nonexistent,2
1,26,cellular,wed,0,no,4712,basic.9y,-2,no,blue-collar,no,married,aug,315,nonexistent,2
0,26,cellular,tue,1,no,4704,basic.6y,-3,no,self-employed,no,divorced,apr,314,failure,0
1,26,cellular,tue,1,no,4704,basic.6y,-3,no,self-employed,no,divorced,apr,314,failure,0
0,26,cellular,wed,1,no,4735,basic.9y,-2,no,services,no,married,feb,317,nonexistent,2
1,26,cellular,wed,1,no,4735,basic.9y,-2,no,services,no,married,feb,317,nonexistent,2
0,28,telephone,fri,0,unknown,4797,illiterate,-1,unknown,housemaid,unknown,married,apr,317,nonexistent,4
1,28,telephone,fri,0,unknown,4797,illiterate,-1,unknown,housemaid,unknown,married,apr,317,nonexistent,4
0,33,cellular,mon,1,no,4611,basic.4y,-3,no,admin.,no,divorced,jan,313,failure,0
1,33,cellular,mon,1,no,4611,basic.4y,-3,no,admin.,no,divorced,jan,313,failure,0
0,30,cellular,tue,1,no,4618,basic.6y,-3,no,admin.,no,divorced,jul,313,failure,0
1,30,cellular,tue,1,no,4618,basic.6y,-3,no,admin.,no,divorced,jul,313,failure,0
0,30,cellular,mon,1,no,4611,basic.4y,-3,no,admin.,no,divorced,jan,329,failure,0
1,30,cellular,mon,1,no,4611,basic.4y,-3,no,admin.,no,divorced,jan,329,failure,0
0,30,cellular,tue,1,no,4563,basic.6y,-3,no,entrepreneur,no,divorced,feb,315,failure,1
1,30,cellular,tue,1,no,4563,basic.6y,-3,no,entrepreneur,no,divorced,feb,315,failure,1
0,26,cellular,tue,1,no,4563,basic.6y,-3,no,entrepreneur,no,divorced,feb,315,failure,1
1,26,cellular,tue,1,no,4563,basic.6y,-3,no,entrepreneur,no,divorced,feb,315,failure,1
0,26,cellular,tue,0,no,4462,basic.6y,-3,no,admin.,no,divorced,jan,314,failure,0
1,26,cellular,tue,0,no,4462,basic.6y,-3,no,admin.,no,divorced,jan,314,failure,0
0,37,telephone,fri,1,unknown,4898,illiterate,-1,unknown,housemaid,unknown,married,nov,307,nonexistent,4
1,37,telephone,fri,1,unknown,4898,illiterate,-1,unknown,housemaid,unknown,married,nov,307,nonexistent,4
0,37,telephone,(null),1,unknown,4906,professional.course,0,unknown,management,unknown,single,sep,310,success,5
1,37,telephone,(null),1,unknown,4906,professional.course,0,unknown,management,unknown,single,sep,310,success,5
0,37,telephone,(null),1,unknown,4984,professional.course,0,unknown,technician,unknown,single,nov,295,success,6
1,37,telephone,(null),1,unknown,4984,professional.course,0,unknown,technician,unknown,single,nov,295,success,6
0,37,telephone,(null),1,unknown,4906,professional.course,0,unknown,technician,unknown,single,may,309,success,5
1,37,telephone,(null),1,unknown,4906,professional.course,0,unknown,technician,unknown,single,may,309,success,5
0,38,telephone,fri,1,unknown,4891,illiterate,-1,unknown,housemaid,unknown,married,apr,309,nonexistent,4
1,38,telephone,fri,1,unknown,4891,illiterate,-1,unknown,housemaid,unknown,married,apr,309,nonexistent,4
0,36,cellular,tue,1,no,4719,basic.6y,-3,no,entrepreneur,no,divorced,aug,300,failure,1
1,36,cellular,tue,1,no,4719,basic.6y,-3,no,entrepreneur,no,divorced,aug,300,failure,1
0,34,telephone,thu,1,unknown,4766,high.school,-1,unknown,retired,unknown,married,oct,305,nonexistent,3
1,34,telephone,thu,1,unknown,4766,high.school,-1,unknown,retired,unknown,married,oct,305,nonexistent,3
0,36,telephone,fri,1,unknown,4797,illiterate,-1,unknown,services,unknown,married,oct,292,nonexistent,4
1,36,telephone,fri,1,unknown,4797,illiterate,-1,unknown,services,unknown,married,oct,292,nonexistent,4
0,36,cellular,wed,0,no,4750,basic.9y,-2,no,management,no,married,mar,303,nonexistent,2
1,36,cellular,wed,0,no,4750,basic.9y,-2,no,management,no,married,mar,303,nonexistent,2
0,34,telephone,(null),0,unknown,4828,professional.course,0,unknown,technician,unknown,single,mar,310,success,5
1,34,telephone,(null),0,unknown,4828,professional.course,0,unknown,technician,unknown,single,mar,310,success,5
0,34,telephone,fri,0,unknown,4742,illiterate,-1,unknown,technician,unknown,married,feb,307,nonexistent,4
1,34,telephone,fri,0,unknown,4742,illiterate,-1,unknown,technician,unknown,married,feb,307,nonexistent,4
0,34,telephone,(null),0,unknown,4750,professional.course,0,unknown,management,unknown,single,may,310,success,5
1,34,telephone,(null),0,unknown,4750,professional.course,0,unknown,management,unknown,single,may,310,success,5
0,37,telephone,(null),0,unknown,4828,professional.course,0,unknown,technician,unknown,single,may,295,success,6
1,37,telephone,(null),0,unknown,4828,professional.course,0,unknown,technician,unknown,single,may,295,success,6
0,37,telephone,(null),1,unknown,4984,professional.course,0,unknown,unemployed,unknown,single,nov,277,success,6
1,37,telephone,(null),1,unknown,4984,professional.course,0,unknown,unemployed,unknown,single,nov,277,success,6
0,37,telephone,(null),0,unknown,4914,professional.course,0,unknown,management,unknown,single,dec,279,success,6
1,37,telephone,(null),0,unknown,4914,professional.course,0,unknown,management,unknown,single,dec,279,success,6
0,38,telephone,fri,1,unknown,4891,illiterate,-1,unknown,housemaid,unknown,married,nov,258,nonexistent,4
1,38,telephone,fri,1,unknown,4891,illiterate,-1,unknown,housemaid,unknown,married,nov,258,nonexistent,4
0,37,telephone,thu,1,unknown,4766,high.school,-1,unknown,retired,unknown,married,oct,273,nonexistent,3
1,37,telephone,thu,1,unknown,4766,high.school,-1,unknown,retired,unknown,married,oct,273,nonexistent,3
0,37,telephone,fri,0,unknown,4781,illiterate,-1,unknown,self-employed,unknown,married,oct,258,nonexistent,4
1,37,telephone,fri,0,unknown,4781,illiterate,-1,unknown,self-employed,unknown,married,oct,258,nonexistent,4
0,37,telephone,(null),1,unknown,4828,professional.course,0,unknown,technician,unknown,single,may,277,success,6
1,37,telephone,(null),1,unknown,4828,professional.course,0,unknown,technician,unknown,single,may,277,success,6
0,29,telephone,fri,0,unknown,4937,illiterate,-1,unknown,student,unknown,married,nov,306,nonexistent,4
1,29,telephone,fri,0,unknown,4937,illiterate,-1,unknown,student,unknown,married,nov,306,nonexistent,4
0,30,telephone,(null),0,unknown,4968,professional.course,0,unknown,technician,unknown,single,sep,309,success,5
1,30,telephone,(null),0,unknown,4968,professional.course,0,unknown,technician,unknown,single,sep,309,success,5
0,31,telephone,(null),1,unknown,4984,professional.course,0,unknown,management,unknown,single,dec,311,success,6
1,31,telephone,(null),1,unknown,4984,professional.course,0,unknown,management,unknown,single,dec,311,success,6
0,31,telephone,(null),1,unknown,4914,professional.course,0,unknown,unemployed,unknown,single,dec,296,success,6
1,31,telephone,(null),1,unknown,4914,professional.course,0,unknown,unemployed,unknown,single,dec,296,success,6
0,31,telephone,thu,1,unknown,4766,high.school,-1,unknown,retired,unknown,married,oct,305,nonexistent,3
1,31,telephone,thu,1,unknown,4766,high.school,-1,unknown,retired,unknown,married,oct,305,nonexistent,3
0,31,telephone,fri,1,unknown,4820,illiterate,-1,unknown,technician,unknown,married,nov,294,nonexistent,4
1,31,telephone,fri,1,unknown,4820,illiterate,-1,unknown,technician,unknown,married,nov,294,nonexistent,4
0,31,telephone,thu,1,unknown,4727,high.school,-1,unknown,student,unknown,married,nov,293,nonexistent,3
1,31,telephone,thu,1,unknown,4727,high.school,-1,unknown,student,unknown,married,nov,293,nonexistent,3
0,31,telephone,(null),0,unknown,4750,professional.course,0,unknown,technician,unknown,single,dec,287,success,5
1,31,telephone,(null),0,unknown,4750,professional.course,0,unknown,technician,unknown,single,dec,287,success,5
0,31,telephone,(null),1,unknown,4828,professional.course,0,unknown,unemployed,unknown,single,sep,296,success,6
1,31,telephone,(null),1,unknown,4828,professional.course,0,unknown,unemployed,unknown,single,sep,296,success,6
0,26,cellular,tue,1,no,4719,basic.6y,-3,no,services,no,divorced,jul,307,failure,1
1,26,cellular,tue,1,no,4719,basic.6y,-3,no,services,no,divorced,jul,307,failure,1
0,28,telephone,(null),0,unknown,4828,professional.course,0,unknown,management,unknown,single,dec,303,success,5
1,28,telephone,(null),0,unknown,4828,professional.course,0,unknown,management,unknown,single,dec,303,success,5
0,27,telephone,fri,1,unknown,4735,illiterate,-1,unknown,housemaid,unknown,married,nov,302,nonexistent,4
1,27,telephone,fri,1,unknown,4735,illiterate,-1,unknown,housemaid,unknown,married,nov,302,nonexistent,4
0,28,telephone,fri,0,unknown,4797,illiterate,-1,unknown,housemaid,unknown,married,aug,310,nonexistent,4
1,28,telephone,fri,0,unknown,4797,illiterate,-1,unknown,housemaid,unknown,married,aug,310,nonexistent,4
0,28,telephone,(null),1,unknown,4750,professional.course,0,unknown,management,unknown,single,sep,303,success,5
1,28,telephone,(null),1,unknown,4750,professional.course,0,unknown,management,unknown,single,sep,303,success,5
0,28,telephone,(null),0,unknown,4750,professional.course,0,unknown,technician,unknown,single,dec,287,success,5
1,28,telephone,(null),0,unknown,4750,professional.course,0,unknown,technician,unknown,single,dec,287,success,5
0,28,telephone,(null),1,unknown,4828,professional.course,0,unknown,unemployed,unknown,single,sep,296,success,6
1,28,telephone,(null),1,unknown,4828,professional.course,0,unknown,unemployed,unknown,single,sep,296,success,6
0,28,telephone,(null),0,unknown,4758,professional.course,0,unknown,management,unknown,single,nov,296,success,6
1,28,telephone,(null),0,unknown,4758,professional.course,0,unknown,management,unknown,single,nov,296,success,6
0,30,telephone,(null),0,unknown,4906,professional.course,0,unknown,technician,unknown,single,jun,310,success,5
1,30,telephone,(null),0,unknown,4906,professional.course,0,unknown,technician,unknown,single,jun,310,success,5
0,27,telephone,fri,0,unknown,4813,illiterate,-1,unknown,student,unknown,married,may,309,nonexistent,4
1,27,telephone,fri,0,unknown,4813,illiterate,-1,unknown,student,unknown,married,may,309,nonexistent,4
0,30,telephone,(null),1,unknown,4828,professional.course,0,unknown,technician,unknown,single,mar,310,success,5
1,30,telephone,(null),1,unknown,4828,professional.course,0,unknown,technician,unknown,single,mar,310,success,5
0,29,telephone,fri,1,unknown,4735,illiterate,-1,unknown,student,unknown,married,feb,309,nonexistent,4
1,29,telephone,fri,1,unknown,4735,illiterate,-1,unknown,student,unknown,married,feb,309,nonexistent,4
0,30,telephone,(null),0,unknown,4750,professional.course,0,unknown,management,unknown,single,may,310,success,5
1,30,telephone,(null),0,unknown,4750,professional.course,0,unknown,management,unknown,single,may,310,success,5
0,33,cellular,mon,1,no,4611,basic.4y,-3,no,self-employed,no,divorced,oct,298,failure,0
1,33,cellular,mon,1,no,4611,basic.4y,-3,no,self-employed,no,divorced,oct,298,failure,0
0,34,telephone,thu,0,unknown,4649,high.school,-1,unknown,housemaid,unknown,married,aug,305,nonexistent,3
1,34,telephone,thu,0,unknown,4649,high.school,-1,unknown,housemaid,unknown,married,aug,305,nonexistent,3
0,36,cellular,tue,0,no,4626,basic.6y,-3,no,blue-collar,no,divorced,aug,284,failure,1
1,36,cellular,tue,0,no,4626,basic.6y,-3,no,blue-collar,no,divorced,aug,284,failure,1
0,34,telephone,fri,0,unknown,4664,illiterate,-1,unknown,housemaid,unknown,married,nov,294,nonexistent,4
1,34,telephone,fri,0,unknown,4664,illiterate,-1,unknown,housemaid,unknown,married,nov,294,nonexistent,4
0,33,cellular,tue,0,no,4626,basic.6y,-3,no,services,no,divorced,apr,307,failure,1
1,33,cellular,tue,0,no,4626,basic.6y,-3,no,services,no,divorced,apr,307,failure,1
0,34,telephone,fri,0,unknown,4664,illiterate,-1,unknown,technician,unknown,married,feb,302,nonexistent,4
1,34,telephone,fri,0,unknown,4664,illiterate,-1,unknown,technician,unknown,married,feb,302,nonexistent,4
0,33,cellular,tue,1,no,4548,basic.6y,-3,no,services,no,divorced,jan,300,failure,1
1,33,cellular,tue,1,no,4548,basic.6y,-3,no,services,no,divorced,jan,300,failure,1
0,34,telephone,fri,0,unknown,4657,illiterate,-1,unknown,housemaid,unknown,married,may,309,nonexistent,4
1,34,telephone,fri,0,unknown,4657,illiterate,-1,unknown,housemaid,unknown,married,may,309,nonexistent,4
0,34,telephone,thu,0,unknown,4571,high.school,-1,unknown,housemaid,unknown,married,may,305,nonexistent,3
1,34,telephone,thu,0,unknown,4571,high.school,-1,unknown,housemaid,unknown,married,may,305,nonexistent,3
0,34,telephone,fri,0,unknown,4579,illiterate,-1,unknown,housemaid,unknown,married,feb,302,nonexistent,4
1,34,telephone,fri,0,unknown,4579,illiterate,-1,unknown,housemaid,unknown,married,feb,302,nonexistent,4
0,36,cellular,tue,1,no,4626,basic.6y,-3,no,services,no,divorced,feb,284,failure,1
1,36,cellular,tue,1,no,4626,basic.6y,-3,no,services,no,divorced,feb,284,failure,1
0,36,cellular,tue,0,no,4548,basic.6y,-3,no,admin.,no,divorced,jan,283,failure,0
1,36,cellular,tue,0,no,4548,basic.6y,-3,no,admin.,no,divorced,jan,283,failure,0
0,34,telephone,(null),0,unknown,4672,professional.course,0,unknown,technician,unknown,single,may,295,success,5
1,34,telephone,(null),0,unknown,4672,professional.course,0,unknown,technician,unknown,single,may,295,success,5
0,34,telephone,fri,0,unknown,4586,illiterate,-1,unknown,technician,unknown,married,apr,292,nonexistent,4
1,34,telephone,fri,0,unknown,4586,illiterate,-1,unknown,technician,unknown,married,apr,292,nonexistent,4
0,33,cellular,tue,1,no,4470,basic.6y,-3,no,blue-collar,no,divorced,jul,299,failure,1
1,33,cellular,tue,1,no,4470,basic.6y,-3,no,blue-collar,no,divorced,jul,299,failure,1
0,33,cellular,wed,1,no,4422,basic.9y,-2,no,housemaid,no,married,aug,286,nonexistent,2
1,33,cellular,wed,1,no,4422,basic.9y,-2,no,housemaid,no,married,aug,286,nonexistent,2
0,33,cellular,tue,0,no,4462,basic.6y,-3,no,admin.,no,divorced,apr,298,failure,0
1,33,cellular,tue,0,no,4462,basic.6y,-3,no,admin.,no,divorced,apr,298,failure,0
0,33,cellular,wed,1,no,4438,basic.9y,-2,no,management,no,married,mar,287,nonexistent,2
1,33,cellular,wed,1,no,4438,basic.9y,-2,no,management,no,married,mar,287,nonexistent,2
0,36,cellular,tue,1,no,4548,basic.6y,-3,no,blue-collar,no,divorced,jul,267,failure,0
1,36,cellular,tue,1,no,4548,basic.6y,-3,no,blue-collar,no,divorced,jul,267,failure,0
0,34,telephone,(null),0,unknown,4672,professional.course,0,unknown,unemployed,unknown,single,nov,279,success,6
1,34,telephone,(null),0,unknown,4672,professional.course,0,unknown,unemployed,unknown,single,nov,279,success,6
0,36,cellular,mon,0,no,4533,basic.4y,-3,no,self-employed,no,divorced,jul,250,failure,0
1,36,cellular,mon,0,no,4533,basic.4y,-3,no,self-employed,no,divorced,jul,250,failure,0
0,36,cellular,tue,0,no,4563,basic.6y,-3,no,blue-collar,no,divorced,aug,252,failure,1
1,36,cellular,tue,0,no,4563,basic.6y,-3,no,blue-collar,no,divorced,aug,252,failure,1
0,34,telephone,(null),1,unknown,4594,professional.course,0,unknown,technician,unknown,single,dec,255,success,5
1,34,telephone,(null),1,unknown,4594,professional.course,0,unknown,technician,unknown,single,dec,255,success,5
0,35,telephone,(null),1,unknown,4602,professional.course,0,unknown,management,unknown,single,dec,263,success,6
1,35,telephone,(null),1,unknown,4602,professional.course,0,unknown,management,unknown,single,dec,263,success,6
0,37,telephone,thu,0,unknown,4610,high.school,-1,unknown,retired,unknown,married,apr,273,nonexistent,3
1,37,telephone,thu,0,unknown,4610,high.school,-1,unknown,retired,unknown,married,apr,273,nonexistent,3
0,37,telephone,fri,0,unknown,4625,illiterate,-1,unknown,self-employed,unknown,married,apr,258,nonexistent,4
1,37,telephone,fri,0,unknown,4625,illiterate,-1,unknown,self-employed,unknown,married,apr,258,nonexistent,4
0,34,cellular,wed,1,no,4422,basic.9y,-2,no,housemaid,no,married,aug,270,nonexistent,2
1,34,cellular,wed,1,no,4422,basic.9y,-2,no,housemaid,no,married,aug,270,nonexistent,2
0,34,telephone,fri,1,unknown,4469,illiterate,-1,unknown,self-employed,unknown,married,oct,258,nonexistent,4
1,34,telephone,fri,1,unknown,4469,illiterate,-1,unknown,self-employed,unknown,married,oct,258,nonexistent,4
0,36,cellular,tue,1,no,4462,basic.6y,-3,no,admin.,no,divorced,jan,267,failure,0
1,36,cellular,tue,1,no,4462,basic.6y,-3,no,admin.,no,divorced,jan,267,failure,0
0,34,telephone,(null),0,unknown,4516,professional.course,0,unknown,technician,unknown,single,may,279,success,6
1,34,telephone,(null),0,unknown,4516,professional.course,0,unknown,technician,unknown,single,may,279,success,6
0,36,cellular,tue,0,no,4407,basic.6y,-3,no,entrepreneur,no,divorced,feb,252,failure,1
1,36,cellular,tue,0,no,4407,basic.6y,-3,no,entrepreneur,no,divorced,feb,252,failure,1
0,34,telephone,(null),1,unknown,4438,professional.course,0,unknown,technician,unknown,single,may,261,success,5
1,34,telephone,(null),1,unknown,4438,professional.course,0,unknown,technician,unknown,single,may,261,success,5
0,35,telephone,(null),1,unknown,4446,professional.course,0,unknown,management,unknown,single,may,263,success,6
1,35,telephone,(null),1,unknown,4446,professional.course,0,unknown,management,unknown,single,may,263,success,6
0,30,cellular,wed,1,no,4641,basic.9y,-2,no,entrepreneur,no,married,nov,300,nonexistent,2
1,30,cellular,wed,1,no,4641,basic.9y,-2,no,entrepreneur,no,married,nov,300,nonexistent,2
0,31,telephone,fri,1,unknown,4657,illiterate,-1,unknown,housemaid,unknown,married,aug,302,nonexistent,4
1,31,telephone,fri,1,unknown,4657,illiterate,-1,unknown,housemaid,unknown,married,aug,302,nonexistent,4
0,31,telephone,fri,0,unknown,4625,illiterate,-1,unknown,self-employed,unknown,married,oct,290,nonexistent,4
1,31,telephone,fri,0,unknown,4625,illiterate,-1,unknown,self-employed,unknown,married,oct,290,nonexistent,4
0,30,cellular,tue,0,no,4548,basic.6y,-3,no,services,no,divorced,apr,300,failure,1
1,30,cellular,tue,0,no,4548,basic.6y,-3,no,services,no,divorced,apr,300,failure,1
0,31,telephone,fri,1,unknown,4664,illiterate,-1,unknown,housemaid,unknown,married,apr,307,nonexistent,4
1,31,telephone,fri,1,unknown,4664,illiterate,-1,unknown,housemaid,unknown,married,apr,307,nonexistent,4
0,31,telephone,(null),0,unknown,4656,professional.course,0,unknown,technician,unknown,single,may,293,success,5
1,31,telephone,(null),0,unknown,4656,professional.course,0,unknown,technician,unknown,single,may,293,success,5
0,31,telephone,(null),1,unknown,4602,professional.course,0,unknown,management,unknown,single,may,296,success,6
1,31,telephone,(null),1,unknown,4602,professional.course,0,unknown,management,unknown,single,may,296,success,6
0,27,cellular,wed,1,no,4594,basic.9y,-2,no,entrepreneur,no,married,aug,303,nonexistent,2
1,27,cellular,wed,1,no,4594,basic.9y,-2,no,entrepreneur,no,married,aug,303,nonexistent,2
0,27,telephone,fri,0,unknown,4625,illiterate,-1,unknown,self-employed,unknown,married,oct,290,nonexistent,4
1,27,telephone,fri,0,unknown,4625,illiterate,-1,unknown,self-employed,unknown,married,oct,290,nonexistent,4
0,26,cellular,tue,1,no,4548,basic.6y,-3,no,services,no,divorced,apr,300,failure,1
1,26,cellular,tue,1,no,4548,basic.6y,-3,no,services,no,divorced,apr,300,failure,1
0,27,cellular,wed,0,no,4641,basic.9y,-2,no,student,no,married,feb,308,nonexistent,2
1,27,cellular,wed,0,no,4641,basic.9y,-2,no,student,no,married,feb,308,nonexistent,2
0,27,telephone,fri,0,unknown,4625,illiterate,-1,unknown,student,unknown,married,feb,302,nonexistent,4
1,27,telephone,fri,0,unknown,4625,illiterate,-1,unknown,student,unknown,married,feb,302,nonexistent,4
0,28,telephone,(null),1,unknown,4656,professional.course,0,unknown,technician,unknown,single,may,293,success,5
1,28,telephone,(null),1,unknown,4656,professional.course,0,unknown,technician,unknown,single,may,293,success,5
0,28,telephone,(null),0,unknown,4602,professional.course,0,unknown,management,unknown,single,jun,296,success,6
1,28,telephone,(null),0,unknown,4602,professional.course,0,unknown,management,unknown,single,jun,296,success,6
0,30,cellular,wed,1,no,4485,basic.9y,-2,no,student,no,married,aug,284,nonexistent,2
1,30,cellular,wed,1,no,4485,basic.9y,-2,no,student,no,married,aug,284,nonexistent,2
0,30,cellular,tue,0,no,4391,basic.6y,-3,no,services,no,divorced,jul,283,failure,1
1,30,cellular,tue,0,no,4391,basic.6y,-3,no,services,no,divorced,jul,283,failure,1
0,30,cellular,wed,0,no,4478,basic.9y,-2,no,blue-collar,no,married,nov,292,nonexistent,2
1,30,cellular,wed,0,no,4478,basic.9y,-2,no,blue-collar,no,married,nov,292,nonexistent,2
0,31,telephone,fri,1,unknown,4501,illiterate,-1,unknown,housemaid,unknown,married,aug,290,nonexistent,4
1,31,telephone,fri,1,unknown,4501,illiterate,-1,unknown,housemaid,unknown,married,aug,290,nonexistent,4
0,30,cellular,tue,1,no,4383,basic.6y,-3,no,admin.,no,divorced,oct,290,failure,0
1,30,cellular,tue,1,no,4383,basic.6y,-3,no,admin.,no,divorced,oct,290,failure,0
0,30,cellular,wed,1,no,4399,basic.9y,-2,no,blue-collar,no,married,aug,292,nonexistent,2
1,30,cellular,wed,1,no,4399,basic.9y,-2,no,blue-collar,no,married,aug,292,nonexistent,2
0,30,cellular,wed,0,no,4422,basic.9y,-2,no,housemaid,no,married,feb,302,nonexistent,2
1,30,cellular,wed,0,no,4422,basic.9y,-2,no,housemaid,no,married,feb,302,nonexistent,2
0,31,telephone,(null),0,unknown,4516,professional.course,0,unknown,management,unknown,single,may,293,success,5
1,31,telephone,(null),0,unknown,4516,professional.course,0,unknown,management,unknown,single,may,293,success,5
0,31,telephone,fri,0,unknown,4422,illiterate,-1,unknown,housemaid,unknown,married,apr,294,nonexistent,4
1,31,telephone,fri,0,unknown,4422,illiterate,-1,unknown,housemaid,unknown,married,apr,294,nonexistent,4
0,26,cellular,tue,0,no,4470,basic.6y,-3,no,blue-collar,no,divorced,jul,300,failure,1
1,26,cellular,tue,0,no,4470,basic.6y,-3,no,blue-collar,no,divorced,jul,300,failure,1
0,26,cellular,mon,0,no,4376,basic.4y,-3,no,self-employed,no,divorced,oct,282,failure,0
1,26,cellular,mon,0,no,4376,basic.4y,-3,no,self-employed,no,divorced,oct,282,failure,0
0,26,cellular,tue,0,no,4407,basic.6y,-3,no,services,no,divorced,jul,284,failure,1
1,26,cellular,tue,0,no,4407,basic.6y,-3,no,services,no,divorced,jul,284,failure,1
0,26,cellular,wed,1,no,4478,basic.9y,-2,no,blue-collar,no,married,nov,292,nonexistent,2
1,26,cellular,wed,1,no,4478,basic.9y,-2,no,blue-collar,no,married,nov,292,nonexistent,2
0,27,cellular,wed,0,no,4438,basic.9y,-2,no,entrepreneur,no,married,aug,292,nonexistent,2
1,27,cellular,wed,0,no,4438,basic.9y,-2,no,entrepreneur,no,married,aug,292,nonexistent,2
0,28,telephone,(null),1,unknown,4500,professional.course,0,unknown,technician,unknown,single,mar,287,success,5
1,28,telephone,(null),1,unknown,4500,professional.course,0,unknown,technician,unknown,single,mar,287,success,5
0,28,telephone,fri,1,unknown,4508,illiterate,-1,unknown,housemaid,unknown,married,may,294,nonexistent,4
1,28,telephone,fri,1,unknown,4508,illiterate,-1,unknown,housemaid,unknown,married,may,294,nonexistent,4
0,28,telephone,(null),1,unknown,4524,professional.course,0,unknown,management,unknown,single,mar,296,success,6
1,28,telephone,(null),1,unknown,4524,professional.course,0,unknown,management,unknown,single,mar,296,success,6
0,27,telephone,fri,0,unknown,4422,illiterate,-1,unknown,housemaid,unknown,married,apr,294,nonexistent,4
1,27,telephone,fri,0,unknown,4422,illiterate,-1,unknown,housemaid,unknown,married,apr,294,nonexistent,4
0,31,telephone,(null),1,unknown,4672,professional.course,0,unknown,technician,unknown,single,nov,279,success,6
1,31,telephone,(null),1,unknown,4672,professional.course,0,unknown,technician,unknown,single,nov,279,success,6
0,28,telephone,(null),0,unknown,4672,professional.course,0,unknown,unemployed,unknown,single,dec,279,success,6
1,28,telephone,(null),0,unknown,4672,professional.course,0,unknown,unemployed,unknown,single,dec,279,success,6
0,28,telephone,(null),0,unknown,4602,professional.course,0,unknown,unemployed,unknown,single,sep,280,success,6
1,28,telephone,(null),0,unknown,4602,professional.course,0,unknown,unemployed,unknown,single,sep,280,success,6
0,31,telephone,fri,0,unknown,4485,illiterate,-1,unknown,services,unknown,married,oct,276,nonexistent,4
1,31,telephone,fri,0,unknown,4485,illiterate,-1,unknown,services,unknown,married,oct,276,nonexistent,4
0,31,telephone,(null),1,unknown,4500,professional.course,0,unknown,technician,unknown,single,dec,261,success,5
1,31,telephone,(null),1,unknown,4500,professional.course,0,unknown,technician,unknown,single,dec,261,success,5
0,28,telephone,fri,0,unknown,4485,illiterate,-1,unknown,services,unknown,married,oct,276,nonexistent,4
1,28,telephone,fri,0,unknown,4485,illiterate,-1,unknown,services,unknown,married,oct,276,nonexistent,4
0,31,telephone,(null),1,unknown,4524,professional.course,0,unknown,unemployed,unknown,single,jun,280,success,6
1,31,telephone,(null),1,unknown,4524,professional.course,0,unknown,unemployed,unknown,single,jun,280,success,6
0,31,telephone,fri,1,unknown,4430,illiterate,-1,unknown,technician,unknown,married,may,278,nonexistent,4
1,31,telephone,fri,1,unknown,4430,illiterate,-1,unknown,technician,unknown,married,may,278,nonexistent,4
0,28,telephone,fri,1,unknown,4430,illiterate,-1,unknown,technician,unknown,married,may,278,nonexistent,4
1,28,telephone,fri,1,unknown,4430,illiterate,-1,unknown,technician,unknown,married,may,278,nonexistent,4
0,33,cellular,mon,0,no,4220,basic.4y,-3,no,admin.,no,divorced,jul,266,failure,0
1,33,cellular,mon,0,no,4220,basic.4y,-3,no,admin.,no,divorced,jul,266,failure,0
0,33,cellular,tue,1,no,4250,basic.6y,-3,no,entrepreneur,no,divorced,aug,252,failure,1
1,33,cellular,tue,1,no,4250,basic.6y,-3,no,entrepreneur,no,divorced,aug,252,failure,1
0,33,cellular,tue,1,no,4235,basic.6y,-3,no,blue-collar,no,divorced,jan,267,failure,0
1,33,cellular,tue,1,no,4235,basic.6y,-3,no,blue-collar,no,divorced,jan,267,failure,0
0,34,cellular,wed,0,no,4266,basic.9y,-2,no,housemaid,no,married,feb,254,nonexistent,2
1,34,cellular,wed,0,no,4266,basic.9y,-2,no,housemaid,no,married,feb,254,nonexistent,2
0,33,cellular,mon,0,no,4142,basic.4y,-3,no,admin.,no,divorced,jul,250,failure,0
1,33,cellular,mon,0,no,4142,basic.4y,-3,no,admin.,no,divorced,jul,250,failure,0
0,33,cellular,mon,1,no,4142,basic.4y,-3,no,self-employed,no,divorced,jan,250,failure,0
1,33,cellular,mon,1,no,4142,basic.4y,-3,no,self-employed,no,divorced,jan,250,failure,0
0,33,cellular,tue,0,no,4157,basic.6y,-3,no,blue-collar,no,divorced,feb,252,failure,1
1,33,cellular,tue,0,no,4157,basic.6y,-3,no,blue-collar,no,divorced,feb,252,failure,1
0,30,cellular,tue,1,no,4235,basic.6y,-3,no,blue-collar,no,divorced,jul,284,failure,0
1,30,cellular,tue,1,no,4235,basic.6y,-3,no,blue-collar,no,divorced,jul,284,failure,0
0,30,cellular,wed,0,no,4321,basic.9y,-2,no,services,no,married,feb,286,nonexistent,2
1,30,cellular,wed,0,no,4321,basic.9y,-2,no,services,no,married,feb,286,nonexistent,2
0,31,telephone,fri,0,unknown,4344,illiterate,-1,unknown,housemaid,unknown,married,may,286,nonexistent,4
1,31,telephone,fri,0,unknown,4344,illiterate,-1,unknown,housemaid,unknown,married,may,286,nonexistent,4
0,30,cellular,wed,0,no,4250,basic.9y,-2,no,entrepreneur,no,married,mar,287,nonexistent,2
1,30,cellular,wed,0,no,4250,basic.9y,-2,no,entrepreneur,no,married,mar,287,nonexistent,2
0,26,cellular,tue,0,no,4235,basic.6y,-3,no,blue-collar,no,divorced,jul,284,failure,0
1,26,cellular,tue,0,no,4235,basic.6y,-3,no,blue-collar,no,divorced,jul,284,failure,0
0,26,cellular,mon,0,no,4298,basic.4y,-3,no,admin.,no,divorced,jan,306,failure,0
1,26,cellular,mon,0,no,4298,basic.4y,-3,no,admin.,no,divorced,jan,306,failure,0
0,26,cellular,tue,0,no,4235,basic.6y,-3,no,services,no,divorced,feb,283,failure,1
1,26,cellular,tue,0,no,4235,basic.6y,-3,no,services,no,divorced,feb,283,failure,1
0,27,telephone,fri,0,unknown,4344,illiterate,-1,unknown,housemaid,unknown,married,may,286,nonexistent,4
1,27,telephone,fri,0,unknown,4344,illiterate,-1,unknown,housemaid,unknown,married,may,286,nonexistent,4
0,28,telephone,(null),0,unknown,4359,professional.course,0,unknown,management,unknown,single,mar,287,success,5
1,28,telephone,(null),0,unknown,4359,professional.course,0,unknown,management,unknown,single,mar,287,success,5
0,27,telephone,thu,1,unknown,4258,high.school,-1,unknown,housemaid,unknown,married,apr,285,nonexistent,3
1,27,telephone,thu,1,unknown,4258,high.school,-1,unknown,housemaid,unknown,married,apr,285,nonexistent,3
0,30,cellular,mon,1,no,4142,basic.4y,-3,no,admin.,no,divorced,apr,282,failure,0
1,30,cellular,mon,1,no,4142,basic.4y,-3,no,admin.,no,divorced,apr,282,failure,0
0,28,cellular,wed,0,no,4165,basic.9y,-2,no,blue-collar,no,married,feb,286,nonexistent,2
1,28,cellular,wed,0,no,4165,basic.9y,-2,no,blue-collar,no,married,feb,286,nonexistent,2
0,28,cellular,tue,1,no,4071,basic.6y,-3,no,admin.,no,divorced,jan,283,failure,0
1,28,cellular,tue,1,no,4071,basic.6y,-3,no,admin.,no,divorced,jan,283,failure,0
0,26,cellular,tue,0,no,4079,basic.6y,-3,no,blue-collar,no,divorced,feb,283,failure,1
1,26,cellular,tue,0,no,4079,basic.6y,-3,no,blue-collar,no,divorced,feb,283,failure,1
0,30,cellular,wed,1,no,4243,basic.9y,-2,no,services,no,married,aug,268,nonexistent,2
1,30,cellular,wed,1,no,4243,basic.9y,-2,no,services,no,married,aug,268,nonexistent,2
0,31,telephone,fri,0,unknown,4312,illiterate,-1,unknown,housemaid,unknown,married,oct,274,nonexistent,4
1,31,telephone,fri,0,unknown,4312,illiterate,-1,unknown,housemaid,unknown,married,oct,274,nonexistent,4
0,31,telephone,fri,0,unknown,4273,illiterate,-1,unknown,technician,unknown,married,nov,254,nonexistent,4
1,31,telephone,fri,0,unknown,4273,illiterate,-1,unknown,technician,unknown,married,nov,254,nonexistent,4
0,31,telephone,fri,0,unknown,4273,illiterate,-1,unknown,technician,unknown,married,aug,262,nonexistent,4
1,31,telephone,fri,0,unknown,4273,illiterate,-1,unknown,technician,unknown,married,aug,262,nonexistent,4
0,31,telephone,thu,0,unknown,4336,high.school,-1,unknown,student,unknown,married,may,277,nonexistent,3
1,31,telephone,thu,0,unknown,4336,high.school,-1,unknown,student,unknown,married,may,277,nonexistent,3
0,30,cellular,wed,1,no,4243,basic.9y,-2,no,services,no,married,may,276,nonexistent,2
1,30,cellular,wed,1,no,4243,basic.9y,-2,no,services,no,married,may,276,nonexistent,2
0,31,telephone,(null),1,unknown,4281,professional.course,0,unknown,technician,unknown,single,mar,271,success,5
1,31,telephone,(null),1,unknown,4281,professional.course,0,unknown,technician,unknown,single,mar,271,success,5
0,31,telephone,(null),1,unknown,4367,professional.course,0,unknown,management,unknown,single,may,279,success,6
1,31,telephone,(null),1,unknown,4367,professional.course,0,unknown,management,unknown,single,may,279,success,6
0,31,telephone,(null),0,unknown,4289,professional.course,0,unknown,management,unknown,single,mar,280,success,6
1,31,telephone,(null),0,unknown,4289,professional.course,0,unknown,management,unknown,single,mar,280,success,6
0,27,telephone,fri,0,unknown,4312,illiterate,-1,unknown,self-employed,unknown,married,oct,268,nonexistent,4
1,27,telephone,fri,0,unknown,4312,illiterate,-1,unknown,self-employed,unknown,married,oct,268,nonexistent,4
0,27,telephone,thu,1,unknown,4336,high.school,-1,unknown,student,unknown,married,may,277,nonexistent,3
1,27,telephone,thu,1,unknown,4336,high.school,-1,unknown,student,unknown,married,may,277,nonexistent,3
0,26,cellular,wed,1,no,4243,basic.9y,-2,no,services,no,married,may,276,nonexistent,2
1,26,cellular,wed,1,no,4243,basic.9y,-2,no,services,no,married,may,276,nonexistent,2
0,28,telephone,(null),0,unknown,4359,professional.course,0,unknown,technician,unknown,single,jun,271,success,5
1,28,telephone,(null),0,unknown,4359,professional.course,0,unknown,technician,unknown,single,jun,271,success,5
0,27,telephone,fri,0,unknown,4266,illiterate,-1,unknown,student,unknown,married,may,270,nonexistent,4
1,27,telephone,fri,0,unknown,4266,illiterate,-1,unknown,student,unknown,married,may,270,nonexistent,4
0,28,telephone,(null),1,unknown,4281,professional.course,0,unknown,technician,unknown,single,mar,271,success,5
1,28,telephone,(null),1,unknown,4281,professional.course,0,unknown,technician,unknown,single,mar,271,success,5
0,28,telephone,(null),0,unknown,4359,professional.course,0,unknown,management,unknown,single,may,279,success,6
1,28,telephone,(null),0,unknown,4359,professional.course,0,unknown,management,unknown,single,may,279,success,6
0,30,cellular,tue,0,no,4157,basic.6y,-3,no,services,no,divorced,jul,267,failure,1
1,30,cellular,tue,0,no,4157,basic.6y,-3,no,services,no,divorced,jul,267,failure,1
0,30,cellular,tue,1,no,4149,basic.6y,-3,no,admin.,no,divorced,oct,274,failure,0
1,30,cellular,tue,1,no,4149,basic.6y,-3,no,admin.,no,divorced,oct,274,failure,0
0,30,cellular,wed,0,no,4165,basic.9y,-2,no,blue-collar,no,married,aug,276,nonexistent,2
1,30,cellular,wed,0,no,4165,basic.9y,-2,no,blue-collar,no,married,aug,276,nonexistent,2
0,31,telephone,thu,0,unknown,4180,high.school,-1,unknown,student,unknown,married,oct,257,nonexistent,3
1,31,telephone,thu,0,unknown,4180,high.school,-1,unknown,student,unknown,married,oct,257,nonexistent,3
0,30,cellular,wed,0,no,4087,basic.9y,-2,no,services,no,married,nov,252,nonexistent,2
1,30,cellular,wed,0,no,4087,basic.9y,-2,no,services,no,married,nov,252,nonexistent,2
0,31,telephone,fri,0,unknown,4195,illiterate,-1,unknown,housemaid,unknown,married,nov,260,nonexistent,4
1,31,telephone,fri,0,unknown,4195,illiterate,-1,unknown,housemaid,unknown,married,nov,260,nonexistent,4
0,31,telephone,fri,1,unknown,4117,illiterate,-1,unknown,housemaid,unknown,married,oct,254,nonexistent,4
1,31,telephone,fri,1,unknown,4117,illiterate,-1,unknown,housemaid,unknown,married,oct,254,nonexistent,4
0,30,cellular,tue,1,no,4094,basic.6y,-3,no,services,no,divorced,feb,268,failure,1
1,30,cellular,tue,1,no,4094,basic.6y,-3,no,services,no,divorced,feb,268,failure,1
0,31,telephone,thu,0,unknown,4180,high.school,-1,unknown,housemaid,unknown,married,feb,277,nonexistent,3
1,31,telephone,thu,0,unknown,4180,high.school,-1,unknown,housemaid,unknown,married,feb,277,nonexistent,3
0,31,telephone,thu,1,unknown,4102,high.school,-1,unknown,housemaid,unknown,married,apr,269,nonexistent,3
1,31,telephone,thu,1,unknown,4102,high.school,-1,unknown,housemaid,unknown,married,apr,269,nonexistent,3
0,31,telephone,fri,1,unknown,4195,illiterate,-1,unknown,technician,unknown,married,may,262,nonexistent,4
1,31,telephone,fri,1,unknown,4195,illiterate,-1,unknown,technician,unknown,married,may,262,nonexistent,4
0,31,telephone,(null),1,unknown,4125,professional.course,0,unknown,management,unknown,single,may,263,success,5
1,31,telephone,(null),1,unknown,4125,professional.course,0,unknown,management,unknown,single,may,263,success,5
0,28,cellular,wed,1,no,4087,basic.9y,-2,no,blue-collar,no,married,aug,268,nonexistent,2
1,28,cellular,wed,1,no,4087,basic.9y,-2,no,blue-collar,no,married,aug,268,nonexistent,2
0,26,cellular,wed,1,no,4110,basic.9y,-2,no,services,no,married,nov,254,nonexistent,2
1,26,cellular,wed,1,no,4110,basic.9y,-2,no,services,no,married,nov,254,nonexistent,2
0,27,telephone,thu,1,unknown,4141,high.school,-1,unknown,student,unknown,married,aug,257,nonexistent,3
1,27,telephone,thu,1,unknown,4141,high.school,-1,unknown,student,unknown,married,aug,257,nonexistent,3
0,28,telephone,fri,1,unknown,4172,illiterate,-1,unknown,housemaid,unknown,married,oct,260,nonexistent,4
1,28,telephone,fri,1,unknown,4172,illiterate,-1,unknown,housemaid,unknown,married,oct,260,nonexistent,4
0,27,cellular,wed,1,no,4172,basic.9y,-2,no,student,no,married,mar,271,nonexistent,2
1,27,cellular,wed,1,no,4172,basic.9y,-2,no,student,no,married,mar,271,nonexistent,2
0,26,cellular,tue,0,no,4071,basic.6y,-3,no,self-employed,no,divorced,jan,274,failure,0
1,26,cellular,tue,0,no,4071,basic.6y,-3,no,self-employed,no,divorced,jan,274,failure,0
0,27,telephone,fri,1,unknown,4156,illiterate,-1,unknown,housemaid,unknown,married,apr,274,nonexistent,4
1,27,telephone,fri,1,unknown,4156,illiterate,-1,unknown,housemaid,unknown,married,apr,274,nonexistent,4
0,28,telephone,fri,1,unknown,4172,illiterate,-1,unknown,technician,unknown,married,may,260,nonexistent,4
1,28,telephone,fri,1,unknown,4172,illiterate,-1,unknown,technician,unknown,married,may,260,nonexistent,4
0,28,telephone,(null),1,unknown,4203,professional.course,0,unknown,unemployed,unknown,single,mar,263,success,6
1,28,telephone,(null),1,unknown,4203,professional.course,0,unknown,unemployed,unknown,single,mar,263,success,6
0,30,cellular,mon,1,no,3986,basic.4y,-3,no,admin.,no,divorced,jul,266,failure,0
1,30,cellular,mon,1,no,3986,basic.4y,-3,no,admin.,no,divorced,jul,266,failure,0
0,30,cellular,tue,0,no,3923,basic.6y,-3,no,blue-collar,no,divorced,jul,251,failure,0
1,30,cellular,tue,0,no,3923,basic.6y,-3,no,blue-collar,no,divorced,jul,251,failure,0
0,30,cellular,tue,0,no,3923,basic.6y,-3,no,blue-collar,no,divorced,jan,253,failure,0
1,30,cellular,tue,0,no,3923,basic.6y,-3,no,blue-collar,no,divorced,jan,253,failure,0
0,26,cellular,mon,0,no,3908,basic.4y,-3,no,admin.,no,divorced,jul,266,failure,0
1,26,cellular,mon,0,no,3908,basic.4y,-3,no,admin.,no,divorced,jul,266,failure,0
0,26,cellular,tue,1,no,3993,basic.6y,-3,no,self-employed,no,divorced,oct,251,failure,0
1,26,cellular,tue,1,no,3993,basic.6y,-3,no,self-employed,no,divorced,oct,251,failure,0
0,26,cellular,tue,0,no,3915,basic.6y,-3,no,self-employed,no,divorced,jul,251,failure,0
1,26,cellular,tue,0,no,3915,basic.6y,-3,no,self-employed,no,divorced,jul,251,failure,0
0,27,cellular,wed,1,no,4016,basic.9y,-2,no,entrepreneur,no,married,nov,255,nonexistent,2
1,27,cellular,wed,1,no,4016,basic.9y,-2,no,entrepreneur,no,married,nov,255,nonexistent,2
0,26,cellular,mon,1,no,3908,basic.4y,-3,no,self-employed,no,divorced,jan,266,failure,0
1,26,cellular,mon,1,no,3908,basic.4y,-3,no,self-employed,no,divorced,jan,266,failure,0
0,27,cellular,wed,0,no,4016,basic.9y,-2,no,entrepreneur,no,married,mar,271,nonexistent,2
1,27,cellular,wed,0,no,4016,basic.9y,-2,no,entrepreneur,no,married,mar,271,nonexistent,2
0,28,cellular,wed,1,no,4016,basic.9y,-2,no,student,no,married,mar,260,nonexistent,2
1,28,cellular,wed,1,no,4016,basic.9y,-2,no,student,no,married,mar,260,nonexistent,2
0,26,telephone,fri,1,unknown,4032,illiterate,-1,unknown,student,unknown,married,feb,258,nonexistent,4
1,26,telephone,fri,1,unknown,4032,illiterate,-1,unknown,student,unknown,married,feb,258,nonexistent,4
0,28,telephone,fri,1,unknown,4039,illiterate,-1,unknown,housemaid,unknown,married,apr,262,nonexistent,4
1,28,telephone,fri,1,unknown,4039,illiterate,-1,unknown,housemaid,unknown,married,apr,262,nonexistent,4
0,26,cellular,tue,1,no,3758,basic.6y,-3,no,admin.,no,divorced,jul,251,failure,0
1,26,cellular,tue,1,no,3758,basic.6y,-3,no,admin.,no,divorced,jul,251,failure,0
0,26,cellular,tue,0,no,3845,basic.6y,-3,no,blue-collar,no,divorced,feb,267,failure,1
1,26,cellular,tue,0,no,3845,basic.6y,-3,no,blue-collar,no,divorced,feb,267,failure,1
0,26,telephone,thu,1,unknown,3868,high.school,-1,unknown,housemaid,unknown,married,apr,257,nonexistent,3
1,26,telephone,thu,1,unknown,3868,high.school,-1,unknown,housemaid,unknown,married,apr,257,nonexistent,3
0,26,cellular,tue,1,no,3680,basic.6y,-3,no,admin.,no,divorced,jan,251,failure,0
1,26,cellular,tue,1,no,3680,basic.6y,-3,no,admin.,no,divorced,jan,251,failure,0
0,20,cellular,tue,0,no,4938,basic.6y,-3,no,blue-collar,no,divorced,feb,345,failure,1
1,20,cellular,tue,0,no,4938,basic.6y,-3,no,blue-collar,no,divorced,feb,345,failure,1
0,15,cellular,tue,1,no,4930,basic.6y,-3,no,admin.,no,divorced,jul,337,failure,0
1,15,cellular,tue,1,no,4930,basic.6y,-3,no,admin.,no,divorced,jul,337,failure,0
0,16,cellular,tue,1,no,4875,basic.6y,-3,no,blue-collar,no,divorced,jul,330,failure,1
1,16,cellular,tue,1,no,4875,basic.6y,-3,no,blue-collar,no,divorced,jul,330,failure,1
0,20,cellular,tue,0,no,4860,basic.6y,-3,no,self-employed,no,divorced,oct,314,failure,0
1,20,cellular,tue,0,no,4860,basic.6y,-3,no,self-employed,no,divorced,oct,314,failure,0
0,21,cellular,wed,0,no,4891,basic.9y,-2,no,services,no,married,aug,317,nonexistent,2
1,21,cellular,wed,0,no,4891,basic.9y,-2,no,services,no,married,aug,317,nonexistent,2
0,14,cellular,tue,1,no,4938,basic.6y,-3,no,services,no,divorced,aug,322,failure,1
1,14,cellular,tue,1,no,4938,basic.6y,-3,no,services,no,divorced,aug,322,failure,1
0,15,cellular,wed,0,no,4953,professional.course,-2,no,student,no,married,aug,315,nonexistent,2
1,15,cellular,wed,0,no,4953,professional.course,-2,no,student,no,married,aug,315,nonexistent,2
0,15,cellular,wed,1,no,4875,basic.6y,-2,no,student,no,married,aug,315,nonexistent,2
1,15,cellular,wed,1,no,4875,basic.6y,-2,no,student,no,married,aug,315,nonexistent,2
0,17,cellular,wed,0,no,4868,basic.9y,-2,no,management,no,married,aug,323,nonexistent,2
1,17,cellular,wed,0,no,4868,basic.9y,-2,no,management,no,married,aug,323,nonexistent,2
0,20,telephone,fri,1,unknown,4969,illiterate,-1,unknown,management,unknown,married,nov,317,nonexistent,4
1,20,telephone,fri,1,unknown,4969,illiterate,-1,unknown,management,unknown,married,nov,317,nonexistent,4
0,22,telephone,(null),0,unknown,4984,university.degree,0,unknown,entrepreneur,unknown,single,dec,318,success,5
1,22,telephone,(null),0,unknown,4984,university.degree,0,unknown,entrepreneur,unknown,single,dec,318,success,5
0,22,telephone,(null),0,unknown,4984,university.degree,0,unknown,retired,unknown,single,sep,318,success,5
1,22,telephone,(null),0,unknown,4984,university.degree,0,unknown,retired,unknown,single,sep,318,success,5
0,19,telephone,thu,0,unknown,4883,high.school,-1,unknown,housemaid,unknown,married,nov,316,nonexistent,3
1,19,telephone,thu,0,unknown,4883,high.school,-1,unknown,housemaid,unknown,married,nov,316,nonexistent,3
0,21,telephone,fri,0,unknown,4898,illiterate,-1,unknown,housemaid,unknown,married,aug,317,nonexistent,4
1,21,telephone,fri,0,unknown,4898,illiterate,-1,unknown,housemaid,unknown,married,aug,317,nonexistent,4
0,14,cellular,tue,1,no,4774,basic.6y,-3,no,self-employed,no,divorced,jul,313,failure,0
1,14,cellular,tue,1,no,4774,basic.6y,-3,no,self-employed,no,divorced,jul,313,failure,0
0,20,cellular,tue,1,no,4704,basic.6y,-3,no,admin.,no,divorced,oct,314,failure,0
1,20,cellular,tue,1,no,4704,basic.6y,-3,no,admin.,no,divorced,oct,314,failure,0
0,21,cellular,wed,0,no,4790,basic.9y,-2,no,blue-collar,no,married,aug,323,nonexistent,2
1,21,cellular,wed,0,no,4790,basic.9y,-2,no,blue-collar,no,married,aug,323,nonexistent,2
0,22,telephone,thu,0,unknown,4805,high.school,-1,unknown,housemaid,unknown,married,aug,316,nonexistent,3
1,22,telephone,thu,0,unknown,4805,high.school,-1,unknown,housemaid,unknown,married,aug,316,nonexistent,3
0,21,cellular,wed,0,no,4719,basic.9y,-2,no,blue-collar,no,married,aug,315,nonexistent,2
1,21,cellular,wed,0,no,4719,basic.9y,-2,no,blue-collar,no,married,aug,315,nonexistent,2
0,14,cellular,tue,1,no,4782,basic.6y,-3,no,blue-collar,no,divorced,aug,322,failure,1
1,14,cellular,tue,1,no,4782,basic.6y,-3,no,blue-collar,no,divorced,aug,322,failure,1
0,15,cellular,wed,0,no,4797,basic.9y,-2,no,blue-collar,no,married,nov,315,nonexistent,2
1,15,cellular,wed,0,no,4797,basic.9y,-2,no,blue-collar,no,married,nov,315,nonexistent,2
0,15,cellular,wed,0,no,4797,basic.9y,-2,no,management,no,married,aug,315,nonexistent,2
1,15,cellular,wed,0,no,4797,basic.9y,-2,no,management,no,married,aug,315,nonexistent,2
0,15,cellular,wed,1,no,4719,basic.9y,-2,no,blue-collar,no,married,aug,315,nonexistent,2
1,15,cellular,wed,1,no,4719,basic.9y,-2,no,blue-collar,no,married,aug,315,nonexistent,2
0,15,cellular,tue,1,no,4930,basic.6y,-3,no,self-employed,no,divorced,jan,337,failure,0
1,15,cellular,tue,1,no,4930,basic.6y,-3,no,self-employed,no,divorced,jan,337,failure,0
0,16,cellular,tue,1,no,4938,basic.6y,-3,no,services,no,divorced,apr,330,failure,1
1,16,cellular,tue,1,no,4938,basic.6y,-3,no,services,no,divorced,apr,330,failure,1
0,16,cellular,tue,1,no,4938,illiterate,-3,no,services,no,divorced,jan,330,failure,1
1,16,cellular,tue,1,no,4938,illiterate,-3,no,services,no,divorced,jan,330,failure,1
0,17,cellular,wed,0,no,4946,basic.6y,-2,no,technician,no,married,feb,331,nonexistent,2
1,17,cellular,wed,0,no,4946,basic.6y,-2,no,technician,no,married,feb,331,nonexistent,2
0,17,cellular,wed,1,no,4891,basic.9y,-2,no,blue-collar,no,married,feb,338,nonexistent,2
1,17,cellular,wed,1,no,4891,basic.9y,-2,no,blue-collar,no,married,feb,338,nonexistent,2
0,23,telephone,(null),0,unknown,4992,university.degree,0,unknown,entrepreneur,unknown,single,mar,335,success,6
1,23,telephone,(null),0,unknown,4992,university.degree,0,unknown,entrepreneur,unknown,single,mar,335,success,6
0,16,cellular,tue,1,no,4860,basic.6y,-3,no,housemaid,no,divorced,apr,330,failure,1
1,16,cellular,tue,1,no,4860,basic.6y,-3,no,housemaid,no,divorced,apr,330,failure,1
0,21,telephone,fri,0,unknown,4898,illiterate,-1,unknown,blue-collar,unknown,married,feb,333,nonexistent,4
1,21,telephone,fri,0,unknown,4898,illiterate,-1,unknown,blue-collar,unknown,married,feb,333,nonexistent,4
0,15,cellular,tue,0,no,4774,basic.6y,-3,no,admin.,no,divorced,jan,337,failure,0
1,15,cellular,tue,0,no,4774,basic.6y,-3,no,admin.,no,divorced,jan,337,failure,0
0,14,cellular,mon,0,no,4689,basic.4y,-3,no,admin.,no,divorced,apr,329,failure,0
1,14,cellular,mon,0,no,4689,basic.4y,-3,no,admin.,no,divorced,apr,329,failure,0
0,14,cellular,mon,0,no,4689,basic.4y,-3,no,housemaid,no,divorced,jan,329,failure,0
1,14,cellular,mon,0,no,4689,basic.4y,-3,no,housemaid,no,divorced,jan,329,failure,0
0,17,cellular,wed,0,no,4712,basic.6y,-2,no,blue-collar,no,married,feb,331,nonexistent,2
1,17,cellular,wed,0,no,4712,basic.6y,-2,no,blue-collar,no,married,feb,331,nonexistent,2
0,17,cellular,wed,0,no,4946,professional.course,-2,no,services,no,married,may,323,nonexistent,2
1,17,cellular,wed,0,no,4946,professional.course,-2,no,services,no,married,may,323,nonexistent,2
0,18,cellular,wed,0,no,4953,basic.6y,-2,no,technician,no,married,may,323,nonexistent,2
1,18,cellular,wed,0,no,4953,basic.6y,-2,no,technician,no,married,may,323,nonexistent,2
0,18,cellular,wed,1,no,4953,professional.course,-2,no,technician,no,married,feb,323,nonexistent,2
1,18,cellular,wed,1,no,4953,professional.course,-2,no,technician,no,married,feb,323,nonexistent,2
0,21,telephone,fri,0,unknown,4976,professional.course,-1,unknown,services,unknown,married,feb,325,nonexistent,4
1,21,telephone,fri,0,unknown,4976,professional.course,-1,unknown,services,unknown,married,feb,325,nonexistent,4
0,22,telephone,(null),1,unknown,4984,basic.9y,0,unknown,technician,unknown,single,mar,326,success,5
1,22,telephone,(null),1,unknown,4984,basic.9y,0,unknown,technician,unknown,single,mar,326,success,5
0,17,cellular,wed,1,no,4868,basic.6y,-2,no,services,no,married,may,323,nonexistent,2
1,17,cellular,wed,1,no,4868,basic.6y,-2,no,services,no,married,may,323,nonexistent,2
0,17,cellular,wed,1,no,4868,professional.course,-2,no,services,no,married,feb,323,nonexistent,2
1,17,cellular,wed,1,no,4868,professional.course,-2,no,services,no,married,feb,323,nonexistent,2
0,22,telephone,(null),1,unknown,4984,university.degree,0,unknown,student,unknown,single,jun,318,success,5
1,22,telephone,(null),1,unknown,4984,university.degree,0,unknown,student,unknown,single,jun,318,success,5
0,23,telephone,(null),1,unknown,4992,university.degree,0,unknown,unemployed,unknown,single,mar,319,success,6
1,23,telephone,(null),1,unknown,4992,university.degree,0,unknown,unemployed,unknown,single,mar,319,success,6
0,18,cellular,wed,1,no,4875,professional.course,-2,no,student,no,married,may,315,nonexistent,2
1,18,cellular,wed,1,no,4875,professional.course,-2,no,student,no,married,may,315,nonexistent,2
0,23,telephone,(null),1,unknown,4914,high.school,0,unknown,unemployed,unknown,single,mar,319,success,6
1,23,telephone,(null),1,unknown,4914,high.school,0,unknown,unemployed,unknown,single,mar,319,success,6
0,21,telephone,fri,0,unknown,4898,professional.course,-1,unknown,blue-collar,unknown,married,may,325,nonexistent,4
1,21,telephone,fri,0,unknown,4898,professional.course,-1,unknown,blue-collar,unknown,married,may,325,nonexistent,4
0,21,telephone,fri,1,unknown,4898,professional.course,-1,unknown,management,unknown,married,feb,325,nonexistent,4
1,21,telephone,fri,1,unknown,4898,professional.course,-1,unknown,management,unknown,married,feb,325,nonexistent,4
0,23,telephone,(null),1,unknown,4914,professional.course,0,unknown,management,unknown,single,may,319,success,6
1,23,telephone,(null),1,unknown,4914,professional.course,0,unknown,management,unknown,single,may,319,success,6
0,15,cellular,tue,0,no,4774,basic.4y,-3,no,self-employed,no,divorced,apr,321,failure,0
1,15,cellular,tue,0,no,4774,basic.4y,-3,no,self-employed,no,divorced,apr,321,failure,0
0,15,cellular,tue,1,no,4774,basic.4y,-3,no,technician,no,divorced,jan,321,failure,0
1,15,cellular,tue,1,no,4774,basic.4y,-3,no,technician,no,divorced,jan,321,failure,0
0,18,cellular,wed,0,no,4797,basic.6y,-2,no,services,no,married,feb,323,nonexistent,2
1,18,cellular,wed,0,no,4797,basic.6y,-2,no,services,no,married,feb,323,nonexistent,2
0,15,cellular,tue,0,no,4696,basic.4y,-3,no,self-employed,no,divorced,jan,321,failure,0
1,15,cellular,tue,0,no,4696,basic.4y,-3,no,self-employed,no,divorced,jan,321,failure,0
0,18,cellular,wed,1,no,4797,basic.6y,-2,no,student,no,married,may,315,nonexistent,2
1,18,cellular,wed,1,no,4797,basic.6y,-2,no,student,no,married,may,315,nonexistent,2
0,16,cellular,tue,1,no,4782,illiterate,-3,no,technician,no,divorced,jan,314,failure,1
1,16,cellular,tue,1,no,4782,illiterate,-3,no,technician,no,divorced,jan,314,failure,1
0,19,telephone,thu,1,unknown,4805,professional.course,-1,unknown,services,unknown,married,feb,316,nonexistent,3
1,19,telephone,thu,1,unknown,4805,professional.course,-1,unknown,services,unknown,married,feb,316,nonexistent,3
0,22,telephone,(null),0,unknown,4828,basic.9y,0,unknown,student,unknown,single,mar,318,success,5
1,22,telephone,(null),0,unknown,4828,basic.9y,0,unknown,student,unknown,single,mar,318,success,5
0,17,cellular,wed,0,no,4712,basic.9y,-2,no,services,no,married,feb,315,nonexistent,2
1,17,cellular,wed,0,no,4712,basic.9y,-2,no,services,no,married,feb,315,nonexistent,2
0,17,cellular,wed,1,no,4790,basic.9y,-2,no,management,no,married,may,323,nonexistent,2
1,17,cellular,wed,1,no,4790,basic.9y,-2,no,management,no,married,may,323,nonexistent,2
0,18,cellular,wed,0,no,4797,professional.course,-2,no,blue-collar,no,married,may,323,nonexistent,2
1,18,cellular,wed,0,no,4797,professional.course,-2,no,blue-collar,no,married,may,323,nonexistent,2
0,18,cellular,wed,0,no,4797,professional.course,-2,no,management,no,married,feb,323,nonexistent,2
1,18,cellular,wed,0,no,4797,professional.course,-2,no,management,no,married,feb,323,nonexistent,2
0,21,telephone,fri,0,unknown,4820,basic.9y,-1,unknown,management,unknown,married,feb,325,nonexistent,4
1,21,telephone,fri,0,unknown,4820,basic.9y,-1,unknown,management,unknown,married,feb,325,nonexistent,4
0,22,telephone,(null),0,unknown,4828,professional.course,0,unknown,entrepreneur,unknown,single,mar,326,success,5
1,22,telephone,(null),0,unknown,4828,professional.course,0,unknown,entrepreneur,unknown,single,mar,326,success,5
0,15,cellular,tue,0,no,4696,basic.4y,-3,no,housemaid,no,divorced,apr,321,failure,0
1,15,cellular,tue,0,no,4696,basic.4y,-3,no,housemaid,no,divorced,apr,321,failure,0
0,18,cellular,wed,0,no,4719,basic.6y,-2,no,blue-collar,no,married,may,323,nonexistent,2
1,18,cellular,wed,0,no,4719,basic.6y,-2,no,blue-collar,no,married,may,323,nonexistent,2
0,18,cellular,wed,1,no,4719,basic.6y,-2,no,management,no,married,feb,323,nonexistent,2
1,18,cellular,wed,1,no,4719,basic.6y,-2,no,management,no,married,feb,323,nonexistent,2
0,18,cellular,wed,1,no,4719,professional.course,-2,no,blue-collar,no,married,feb,323,nonexistent,2
1,18,cellular,wed,1,no,4719,professional.course,-2,no,blue-collar,no,married,feb,323,nonexistent,2
0,21,telephone,fri,0,unknown,4742,basic.9y,-1,unknown,blue-collar,unknown,married,feb,325,nonexistent,4
1,21,telephone,fri,0,unknown,4742,basic.9y,-1,unknown,blue-collar,unknown,married,feb,325,nonexistent,4
0,21,telephone,fri,1,unknown,4797,illiterate,-1,unknown,housemaid,unknown,married,apr,317,nonexistent,4
1,21,telephone,fri,1,unknown,4797,illiterate,-1,unknown,housemaid,unknown,married,apr,317,nonexistent,4
0,20,cellular,mon,0,no,4611,basic.4y,-3,no,admin.,no,divorced,jan,329,failure,0
1,20,cellular,mon,0,no,4611,basic.4y,-3,no,admin.,no,divorced,jan,329,failure,0
0,20,cellular,tue,0,no,4540,basic.6y,-3,no,admin.,no,divorced,jan,321,failure,0
1,20,cellular,tue,0,no,4540,basic.6y,-3,no,admin.,no,divorced,jan,321,failure,0
0,21,cellular,wed,1,no,4641,basic.9y,-2,no,blue-collar,no,married,may,315,nonexistent,2
1,21,cellular,wed,1,no,4641,basic.9y,-2,no,blue-collar,no,married,may,315,nonexistent,2
0,21,cellular,wed,1,no,4641,basic.9y,-2,no,management,no,married,feb,315,nonexistent,2
1,21,cellular,wed,1,no,4641,basic.9y,-2,no,management,no,married,feb,315,nonexistent,2
0,14,cellular,mon,1,no,4611,basic.4y,-3,no,admin.,no,divorced,jan,329,failure,0
1,14,cellular,mon,1,no,4611,basic.4y,-3,no,admin.,no,divorced,jan,329,failure,0
0,14,cellular,tue,0,no,4626,basic.6y,-3,no,services,no,divorced,jan,314,failure,1
1,14,cellular,tue,0,no,4626,basic.6y,-3,no,services,no,divorced,jan,314,failure,1
0,14,cellular,tue,0,no,4618,basic.6y,-3,no,admin.,no,divorced,apr,321,failure,0
1,14,cellular,tue,0,no,4618,basic.6y,-3,no,admin.,no,divorced,apr,321,failure,0
0,14,cellular,tue,0,no,4618,basic.6y,-3,no,housemaid,no,divorced,jan,321,failure,0
1,14,cellular,tue,0,no,4618,basic.6y,-3,no,housemaid,no,divorced,jan,321,failure,0
0,14,cellular,tue,1,no,4540,basic.6y,-3,no,admin.,no,divorced,jan,321,failure,0
1,14,cellular,tue,1,no,4540,basic.6y,-3,no,admin.,no,divorced,jan,321,failure,0
0,15,cellular,wed,0,no,4556,basic.9y,-2,no,blue-collar,no,married,feb,315,nonexistent,2
1,15,cellular,wed,0,no,4556,basic.9y,-2,no,blue-collar,no,married,feb,315,nonexistent,2
0,14,cellular,tue,1,no,4470,basic.6y,-3,no,admin.,no,divorced,jan,314,failure,1
1,14,cellular,tue,1,no,4470,basic.6y,-3,no,admin.,no,divorced,jan,314,failure,1
0,2,cellular,tue,0,no,4860,basic.6y,-3,no,admin.,no,divorced,jan,344,failure,0
1,2,cellular,tue,0,no,4860,basic.6y,-3,no,admin.,no,divorced,jan,344,failure,0
0,1,cellular,mon,0,no,4923,basic.4y,-3,no,self-employed,no,divorced,jul,329,failure,0
1,1,cellular,mon,0,no,4923,basic.4y,-3,no,self-employed,no,divorced,jul,329,failure,0
0,2,cellular,tue,0,no,4930,basic.6y,-3,no,admin.,no,divorced,jul,337,failure,0
1,2,cellular,tue,0,no,4930,basic.6y,-3,no,admin.,no,divorced,jul,337,failure,0
0,4,cellular,wed,0,no,4946,basic.6y,-2,no,management,no,married,aug,331,nonexistent,2
1,4,cellular,wed,0,no,4946,basic.6y,-2,no,management,no,married,aug,331,nonexistent,2
0,1,cellular,mon,0,no,4845,basic.4y,-3,no,admin.,no,divorced,oct,329,failure,0
1,1,cellular,mon,0,no,4845,basic.4y,-3,no,admin.,no,divorced,oct,329,failure,0
0,3,cellular,tue,0,no,4860,basic.6y,-3,no,blue-collar,no,divorced,jul,330,failure,1
1,3,cellular,tue,0,no,4860,basic.6y,-3,no,blue-collar,no,divorced,jul,330,failure,1
0,3,cellular,tue,1,no,4938,basic.6y,-3,no,self-employed,no,divorced,jan,338,failure,1
1,3,cellular,tue,1,no,4938,basic.6y,-3,no,self-employed,no,divorced,jan,338,failure,1
0,3,cellular,tue,1,no,4938,basic.6y,-3,no,services,no,divorced,apr,330,failure,1
1,3,cellular,tue,1,no,4938,basic.6y,-3,no,services,no,divorced,apr,330,failure,1
0,4,cellular,wed,0,no,4946,professional.course,-2,no,services,no,married,feb,331,nonexistent,2
1,4,cellular,wed,0,no,4946,professional.course,-2,no,services,no,married,feb,331,nonexistent,2
0,7,telephone,thu,0,unknown,4961,basic.9y,-1,unknown,student,unknown,married,feb,332,nonexistent,3
1,7,telephone,thu,0,unknown,4961,basic.9y,-1,unknown,student,unknown,married,feb,332,nonexistent,3
0,1,cellular,mon,1,no,4845,basic.4y,-3,no,self-employed,no,divorced,apr,329,failure,0
1,1,cellular,mon,1,no,4845,basic.4y,-3,no,self-employed,no,divorced,apr,329,failure,0
0,1,cellular,mon,0,no,4845,illiterate,-3,no,self-employed,no,divorced,jan,329,failure,0
1,1,cellular,mon,0,no,4845,illiterate,-3,no,self-employed,no,divorced,jan,329,failure,0
0,4,cellular,wed,1,no,4868,basic.6y,-2,no,services,no,married,feb,331,nonexistent,2
1,4,cellular,wed,1,no,4868,basic.6y,-2,no,services,no,married,feb,331,nonexistent,2
0,3,cellular,tue,0,no,4938,basic.6y,-3,no,housemaid,no,divorced,apr,338,failure,1
1,3,cellular,tue,0,no,4938,basic.6y,-3,no,housemaid,no,divorced,apr,338,failure,1
0,5,cellular,wed,1,no,4953,basic.9y,-2,no,blue-collar,no,married,may,339,nonexistent,2
1,5,cellular,wed,1,no,4953,basic.9y,-2,no,blue-collar,no,married,may,339,nonexistent,2
0,5,cellular,wed,1,no,4953,basic.9y,-2,no,management,no,married,feb,339,nonexistent,2
1,5,cellular,wed,1,no,4953,basic.9y,-2,no,management,no,married,feb,339,nonexistent,2
0,3,cellular,tue,1,no,4860,basic.6y,-3,no,admin.,no,divorced,apr,338,failure,1
1,3,cellular,tue,1,no,4860,basic.6y,-3,no,admin.,no,divorced,apr,338,failure,1
0,3,cellular,tue,1,no,4860,basic.6y,-3,no,housemaid,no,divorced,jan,338,failure,1
1,3,cellular,tue,1,no,4860,basic.6y,-3,no,housemaid,no,divorced,jan,338,failure,1
0,3,cellular,tue,0,no,4860,illiterate,-3,no,admin.,no,divorced,jan,338,failure,1
1,3,cellular,tue,0,no,4860,illiterate,-3,no,admin.,no,divorced,jan,338,failure,1
0,4,cellular,wed,0,no,4946,professional.course,-2,no,management,no,married,may,331,nonexistent,2
1,4,cellular,wed,0,no,4946,professional.course,-2,no,management,no,married,may,331,nonexistent,2
0,8,telephone,fri,0,unknown,4969,basic.9y,-1,unknown,management,unknown,married,may,333,nonexistent,4
1,8,telephone,fri,0,unknown,4969,basic.9y,-1,unknown,management,unknown,married,may,333,nonexistent,4
0,9,telephone,fri,1,unknown,4976,illiterate,-1,unknown,blue-collar,unknown,married,may,333,nonexistent,4
1,9,telephone,fri,1,unknown,4976,illiterate,-1,unknown,blue-collar,unknown,married,may,333,nonexistent,4
0,8,telephone,fri,1,unknown,4969,professional.course,-1,unknown,management,unknown,married,feb,333,nonexistent,4
1,8,telephone,fri,1,unknown,4969,professional.course,-1,unknown,management,unknown,married,feb,333,nonexistent,4
0,11,telephone,(null),0,unknown,4992,high.school,0,unknown,retired,unknown,single,mar,335,success,6
1,11,telephone,(null),0,unknown,4992,high.school,0,unknown,retired,unknown,single,mar,335,success,6
0,4,cellular,wed,1,no,4868,basic.6y,-2,no,management,no,married,may,331,nonexistent,2
1,4,cellular,wed,1,no,4868,basic.6y,-2,no,management,no,married,may,331,nonexistent,2
0,4,cellular,wed,0,no,4868,professional.course,-2,no,blue-collar,no,married,may,331,nonexistent,2
1,4,cellular,wed,0,no,4868,professional.course,-2,no,blue-collar,no,married,may,331,nonexistent,2
0,8,telephone,fri,0,unknown,4891,basic.9y,-1,unknown,blue-collar,unknown,married,may,333,nonexistent,4
1,8,telephone,fri,0,unknown,4891,basic.9y,-1,unknown,blue-collar,unknown,married,may,333,nonexistent,4
0,7,telephone,thu,0,unknown,4883,high.school,-1,unknown,management,unknown,married,feb,332,nonexistent,3
1,7,telephone,thu,0,unknown,4883,high.school,-1,unknown,management,unknown,married,feb,332,nonexistent,3
0,11,telephone,(null),1,unknown,4914,high.school,0,unknown,entrepreneur,unknown,single,mar,335,success,6
1,11,telephone,(null),1,unknown,4914,high.school,0,unknown,entrepreneur,unknown,single,mar,335,success,6
0,1,cellular,mon,1,no,4767,basic.4y,-3,no,admin.,no,divorced,jul,329,failure,0
1,1,cellular,mon,1,no,4767,basic.4y,-3,no,admin.,no,divorced,jul,329,failure,0
0,3,cellular,tue,1,no,4782,basic.6y,-3,no,blue-collar,no,divorced,apr,330,failure,1
1,3,cellular,tue,1,no,4782,basic.6y,-3,no,blue-collar,no,divorced,apr,330,failure,1
0,5,cellular,wed,1,no,4797,basic.9y,-2,no,entrepreneur,no,married,feb,331,nonexistent,2
1,5,cellular,wed,1,no,4797,basic.9y,-2,no,entrepreneur,no,married,feb,331,nonexistent,2
0,1,cellular,mon,1,no,4689,illiterate,-3,no,admin.,no,divorced,jan,329,failure,0
1,1,cellular,mon,1,no,4689,illiterate,-3,no,admin.,no,divorced,jan,329,failure,0
0,2,cellular,tue,0,no,4930,basic.4y,-3,no,self-employed,no,divorced,oct,321,failure,0
1,2,cellular,tue,0,no,4930,basic.4y,-3,no,self-employed,no,divorced,oct,321,failure,0
0,2,cellular,tue,1,no,4930,basic.4y,-3,no,technician,no,divorced,jul,321,failure,0
1,2,cellular,tue,1,no,4930,basic.4y,-3,no,technician,no,divorced,jul,321,failure,0
0,5,cellular,wed,0,no,4953,basic.6y,-2,no,services,no,married,aug,323,nonexistent,2
1,5,cellular,wed,0,no,4953,basic.6y,-2,no,services,no,married,aug,323,nonexistent,2
0,2,cellular,tue,0,no,4852,basic.4y,-3,no,self-employed,no,divorced,jul,321,failure,0
1,2,cellular,tue,0,no,4852,basic.4y,-3,no,self-employed,no,divorced,jul,321,failure,0
0,3,cellular,tue,0,no,4938,illiterate,-3,no,self-employed,no,divorced,oct,314,failure,1
1,3,cellular,tue,0,no,4938,illiterate,-3,no,self-employed,no,divorced,oct,314,failure,1
0,7,telephone,thu,0,unknown,4961,basic.9y,-1,unknown,services,unknown,married,nov,316,nonexistent,3
1,7,telephone,thu,0,unknown,4961,basic.9y,-1,unknown,services,unknown,married,nov,316,nonexistent,3
0,3,cellular,tue,1,no,4938,illiterate,-3,no,technician,no,divorced,jul,314,failure,1
1,3,cellular,tue,1,no,4938,illiterate,-3,no,technician,no,divorced,jul,314,failure,1
0,7,telephone,thu,1,unknown,4961,professional.course,-1,unknown,services,unknown,married,aug,316,nonexistent,3
1,7,telephone,thu,1,unknown,4961,professional.course,-1,unknown,services,unknown,married,aug,316,nonexistent,3
0,10,telephone,(null),0,unknown,4984,basic.9y,0,unknown,student,unknown,single,sep,318,success,5
1,10,telephone,(null),0,unknown,4984,basic.9y,0,unknown,student,unknown,single,sep,318,success,5
0,4,cellular,wed,0,no,4868,basic.9y,-2,no,services,no,married,aug,315,nonexistent,2
1,4,cellular,wed,0,no,4868,basic.9y,-2,no,services,no,married,aug,315,nonexistent,2
0,4,cellular,wed,1,no,4946,basic.9y,-2,no,management,no,married,nov,323,nonexistent,2
1,4,cellular,wed,1,no,4946,basic.9y,-2,no,management,no,married,nov,323,nonexistent,2
0,5,cellular,wed,0,no,4953,professional.course,-2,no,blue-collar,no,married,nov,323,nonexistent,2
1,5,cellular,wed,0,no,4953,professional.course,-2,no,blue-collar,no,married,nov,323,nonexistent,2
0,5,cellular,wed,0,no,4953,professional.course,-2,no,management,no,married,aug,323,nonexistent,2
1,5,cellular,wed,0,no,4953,professional.course,-2,no,management,no,married,aug,323,nonexistent,2
0,9,telephone,fri,0,unknown,4976,basic.9y,-1,unknown,management,unknown,married,aug,325,nonexistent,4
1,9,telephone,fri,0,unknown,4976,basic.9y,-1,unknown,management,unknown,married,aug,325,nonexistent,4
0,10,telephone,(null),0,unknown,4984,professional.course,0,unknown,entrepreneur,unknown,single,sep,326,success,5
1,10,telephone,(null),0,unknown,4984,professional.course,0,unknown,entrepreneur,unknown,single,sep,326,success,5
0,2,cellular,tue,1,no,4852,basic.4y,-3,no,housemaid,no,divorced,oct,321,failure,0
1,2,cellular,tue,1,no,4852,basic.4y,-3,no,housemaid,no,divorced,oct,321,failure,0
0,5,cellular,wed,0,no,4875,basic.6y,-2,no,blue-collar,no,married,nov,323,nonexistent,2
1,5,cellular,wed,0,no,4875,basic.6y,-2,no,blue-collar,no,married,nov,323,nonexistent,2
0,2,cellular,tue,0,no,4852,illiterate,-3,no,housemaid,no,divorced,jul,321,failure,0
1,2,cellular,tue,0,no,4852,illiterate,-3,no,housemaid,no,divorced,jul,321,failure,0
0,5,cellular,wed,1,no,4875,basic.6y,-2,no,management,no,married,aug,323,nonexistent,2
1,5,cellular,wed,1,no,4875,basic.6y,-2,no,management,no,married,aug,323,nonexistent,2
0,5,cellular,wed,1,no,4875,professional.course,-2,no,blue-collar,no,married,aug,323,nonexistent,2
1,5,cellular,wed,1,no,4875,professional.course,-2,no,blue-collar,no,married,aug,323,nonexistent,2
0,9,telephone,fri,1,unknown,4898,basic.9y,-1,unknown,blue-collar,unknown,married,aug,325,nonexistent,4
1,9,telephone,fri,1,unknown,4898,basic.9y,-1,unknown,blue-collar,unknown,married,aug,325,nonexistent,4
0,9,telephone,fri,1,unknown,4953,illiterate,-1,unknown,housemaid,unknown,married,oct,317,nonexistent,4
1,9,telephone,fri,1,unknown,4953,illiterate,-1,unknown,housemaid,unknown,married,oct,317,nonexistent,4
0,8,telephone,fri,1,unknown,4937,illiterate,-1,unknown,student,unknown,married,apr,321,nonexistent,4
1,8,telephone,fri,1,unknown,4937,illiterate,-1,unknown,student,unknown,married,apr,321,nonexistent,4
0,10,telephone,(null),0,unknown,4984,professional.course,0,unknown,retired,unknown,single,jun,326,success,5
1,10,telephone,(null),0,unknown,4984,professional.course,0,unknown,retired,unknown,single,jun,326,success,5
0,9,telephone,fri,1,unknown,4898,basic.9y,-1,unknown,management,unknown,married,may,325,nonexistent,4
1,9,telephone,fri,1,unknown,4898,basic.9y,-1,unknown,management,unknown,married,may,325,nonexistent,4
0,10,telephone,(null),1,unknown,4906,professional.course,0,unknown,entrepreneur,unknown,single,jun,326,success,5
1,10,telephone,(null),1,unknown,4906,professional.course,0,unknown,entrepreneur,unknown,single,jun,326,success,5
0,11,telephone,(null),0,unknown,4914,professional.course,0,unknown,retired,unknown,single,jun,319,success,6
1,11,telephone,(null),0,unknown,4914,professional.course,0,unknown,retired,unknown,single,jun,319,success,6
0,3,cellular,tue,0,no,4782,basic.6y,-3,no,services,no,divorced,jul,314,failure,1
1,3,cellular,tue,0,no,4782,basic.6y,-3,no,services,no,divorced,jul,314,failure,1
0,2,cellular,tue,0,no,4774,basic.6y,-3,no,admin.,no,divorced,oct,321,failure,0
1,2,cellular,tue,0,no,4774,basic.6y,-3,no,admin.,no,divorced,oct,321,failure,0
0,2,cellular,tue,0,no,4774,basic.6y,-3,no,housemaid,no,divorced,jul,321,failure,0
1,2,cellular,tue,0,no,4774,basic.6y,-3,no,housemaid,no,divorced,jul,321,failure,0
0,2,cellular,tue,0,no,4774,illiterate,-3,no,admin.,no,divorced,jul,321,failure,0
1,2,cellular,tue,0,no,4774,illiterate,-3,no,admin.,no,divorced,jul,321,failure,0
0,2,cellular,tue,1,no,4696,basic.6y,-3,no,admin.,no,divorced,jul,321,failure,0
1,2,cellular,tue,1,no,4696,basic.6y,-3,no,admin.,no,divorced,jul,321,failure,0
0,3,cellular,tue,1,no,4782,illiterate,-3,no,admin.,no,divorced,oct,314,failure,1
1,3,cellular,tue,1,no,4782,illiterate,-3,no,admin.,no,divorced,oct,314,failure,1
0,4,cellular,wed,0,no,4712,basic.9y,-2,no,blue-collar,no,married,aug,315,nonexistent,2
1,4,cellular,wed,0,no,4712,basic.9y,-2,no,blue-collar,no,married,aug,315,nonexistent,2
0,4,cellular,wed,0,no,4735,basic.9y,-2,no,services,no,married,feb,317,nonexistent,2
1,4,cellular,wed,0,no,4735,basic.9y,-2,no,services,no,married,feb,317,nonexistent,2
0,2,cellular,tue,1,no,4774,illiterate,-3,no,housemaid,no,divorced,apr,321,failure,0
1,2,cellular,tue,1,no,4774,illiterate,-3,no,housemaid,no,divorced,apr,321,failure,0
0,5,cellular,wed,1,no,4719,basic.9y,-2,no,entrepreneur,no,married,mar,323,nonexistent,2
1,5,cellular,wed,1,no,4719,basic.9y,-2,no,entrepreneur,no,married,mar,323,nonexistent,2
0,11,telephone,(null),1,unknown,4836,professional.course,0,unknown,entrepreneur,unknown,single,jun,319,success,6
1,11,telephone,(null),1,unknown,4836,professional.course,0,unknown,entrepreneur,unknown,single,jun,319,success,6
0,11,telephone,(null),1,unknown,4836,professional.course,0,unknown,retired,unknown,single,mar,319,success,6
1,11,telephone,(null),1,unknown,4836,professional.course,0,unknown,retired,unknown,single,mar,319,success,6
0,11,telephone,(null),0,unknown,4758,university.degree,0,unknown,entrepreneur,unknown,single,mar,319,success,6
1,11,telephone,(null),0,unknown,4758,university.degree,0,unknown,entrepreneur,unknown,single,mar,319,success,6
0,3,cellular,tue,1,no,4626,basic.6y,-3,no,admin.,no,divorced,jul,314,failure,1
1,3,cellular,tue,1,no,4626,basic.6y,-3,no,admin.,no,divorced,jul,314,failure,1
0,1,cellular,mon,0,no,4533,basic.4y,-3,no,self-employed,no,divorced,jan,313,failure,0
1,1,cellular,mon,0,no,4533,basic.4y,-3,no,self-employed,no,divorced,jan,313,failure,0
0,4,cellular,wed,0,no,4579,basic.9y,-2,no,blue-collar,no,married,feb,317,nonexistent,2
1,4,cellular,wed,0,no,4579,basic.9y,-2,no,blue-collar,no,married,feb,317,nonexistent,2
0,1,cellular,mon,1,no,4376,basic.4y,-3,no,admin.,no,divorced,jan,313,failure,0
1,1,cellular,mon,1,no,4376,basic.4y,-3,no,admin.,no,divorced,jan,313,failure,0
0,21,telephone,fri,1,unknown,4976,basic.9y,-1,unknown,technician,unknown,married,nov,310,nonexistent,4
1,21,telephone,fri,1,unknown,4976,basic.9y,-1,unknown,technician,unknown,married,nov,310,nonexistent,4
0,22,telephone,(null),0,unknown,4984,professional.course,0,unknown,technician,unknown,single,sep,310,success,5
1,22,telephone,(null),0,unknown,4984,professional.course,0,unknown,technician,unknown,single,sep,310,success,5
0,16,cellular,tue,0,no,4860,illiterate,-3,no,services,no,divorced,oct,307,failure,1
1,16,cellular,tue,0,no,4860,illiterate,-3,no,services,no,divorced,oct,307,failure,1
0,20,telephone,fri,0,unknown,4891,illiterate,-1,unknown,student,unknown,married,aug,309,nonexistent,4
1,20,telephone,fri,0,unknown,4891,illiterate,-1,unknown,student,unknown,married,aug,309,nonexistent,4
0,22,telephone,(null),0,unknown,4984,university.degree,0,unknown,technician,unknown,single,dec,303,success,5
1,22,telephone,(null),0,unknown,4984,university.degree,0,unknown,technician,unknown,single,dec,303,success,5
0,21,telephone,fri,1,unknown,4898,illiterate,-1,unknown,technician,unknown,married,oct,302,nonexistent,4
1,21,telephone,fri,1,unknown,4898,illiterate,-1,unknown,technician,unknown,married,oct,302,nonexistent,4
0,23,telephone,(null),0,unknown,4992,university.degree,0,unknown,retired,unknown,single,dec,311,success,6
1,23,telephone,(null),0,unknown,4992,university.degree,0,unknown,retired,unknown,single,dec,311,success,6
0,22,telephone,(null),0,unknown,4906,professional.course,0,unknown,management,unknown,single,nov,310,success,5
1,22,telephone,(null),0,unknown,4906,professional.course,0,unknown,management,unknown,single,nov,310,success,5
0,20,cellular,tue,0,no,4782,basic.6y,-3,no,services,no,divorced,oct,307,failure,1
1,20,cellular,tue,0,no,4782,basic.6y,-3,no,services,no,divorced,oct,307,failure,1
0,21,cellular,wed,0,no,4735,basic.9y,-2,no,services,no,married,nov,300,nonexistent,2
1,21,cellular,wed,0,no,4735,basic.9y,-2,no,services,no,married,nov,300,nonexistent,2
0,20,cellular,tue,0,no,4782,illiterate,-3,no,services,no,divorced,jul,307,failure,1
1,20,cellular,tue,0,no,4782,illiterate,-3,no,services,no,divorced,jul,307,failure,1
0,20,cellular,tue,1,no,4704,basic.6y,-3,no,services,no,divorced,jul,307,failure,1
1,20,cellular,tue,1,no,4704,basic.6y,-3,no,services,no,divorced,jul,307,failure,1
0,23,telephone,(null),0,unknown,4828,basic.9y,0,unknown,technician,unknown,single,sep,303,success,5
1,23,telephone,(null),0,unknown,4828,basic.9y,0,unknown,technician,unknown,single,sep,303,success,5
0,21,cellular,wed,0,no,4712,professional.course,-2,no,services,no,married,aug,300,nonexistent,2
1,21,cellular,wed,0,no,4712,professional.course,-2,no,services,no,married,aug,300,nonexistent,2
0,14,cellular,tue,1,no,4782,basic.6y,-3,no,services,no,divorced,oct,307,failure,1
1,14,cellular,tue,1,no,4782,basic.6y,-3,no,services,no,divorced,oct,307,failure,1
0,15,cellular,wed,0,no,4797,basic.9y,-2,no,student,no,married,aug,308,nonexistent,2
1,15,cellular,wed,0,no,4797,basic.9y,-2,no,student,no,married,aug,308,nonexistent,2
0,15,cellular,wed,0,no,4790,professional.course,-2,no,services,no,married,nov,300,nonexistent,2
1,15,cellular,wed,0,no,4790,professional.course,-2,no,services,no,married,nov,300,nonexistent,2
0,17,telephone,(null),1,unknown,4828,basic.9y,0,unknown,technician,unknown,single,sep,303,success,5
1,17,telephone,(null),1,unknown,4828,basic.9y,0,unknown,technician,unknown,single,sep,303,success,5
0,15,cellular,wed,1,no,4712,basic.6y,-2,no,services,no,married,nov,300,nonexistent,2
1,15,cellular,wed,1,no,4712,basic.6y,-2,no,services,no,married,nov,300,nonexistent,2
0,15,cellular,wed,1,no,4712,professional.course,-2,no,services,no,married,aug,300,nonexistent,2
1,15,cellular,wed,1,no,4712,professional.course,-2,no,services,no,married,aug,300,nonexistent,2
0,21,telephone,fri,0,unknown,4820,illiterate,-1,unknown,blue-collar,unknown,married,nov,310,nonexistent,4
1,21,telephone,fri,0,unknown,4820,illiterate,-1,unknown,blue-collar,unknown,married,nov,310,nonexistent,4
0,21,telephone,fri,1,unknown,4820,illiterate,-1,unknown,management,unknown,married,aug,310,nonexistent,4
1,21,telephone,fri,1,unknown,4820,illiterate,-1,unknown,management,unknown,married,aug,310,nonexistent,4
0,16,cellular,tue,1,no,4704,basic.6y,-3,no,housemaid,no,divorced,oct,307,failure,1
1,16,cellular,tue,1,no,4704,basic.6y,-3,no,housemaid,no,divorced,oct,307,failure,1
0,20,telephone,fri,0,unknown,4735,basic.9y,-1,unknown,management,unknown,married,aug,309,nonexistent,4
1,20,telephone,fri,0,unknown,4735,basic.9y,-1,unknown,management,unknown,married,aug,309,nonexistent,4
0,21,telephone,fri,1,unknown,4742,illiterate,-1,unknown,blue-collar,unknown,married,aug,310,nonexistent,4
1,21,telephone,fri,1,unknown,4742,illiterate,-1,unknown,blue-collar,unknown,married,aug,310,nonexistent,4
0,22,telephone,(null),1,unknown,4812,professional.course,0,unknown,management,unknown,single,nov,303,success,5
1,22,telephone,(null),1,unknown,4812,professional.course,0,unknown,management,unknown,single,nov,303,success,5
0,23,telephone,(null),1,unknown,4914,university.degree,0,unknown,unemployed,unknown,single,dec,296,success,6
1,23,telephone,(null),1,unknown,4914,university.degree,0,unknown,unemployed,unknown,single,dec,296,success,6
0,22,telephone,(null),0,unknown,4828,university.degree,0,unknown,student,unknown,single,dec,295,success,5
1,22,telephone,(null),0,unknown,4828,university.degree,0,unknown,student,unknown,single,dec,295,success,5
0,23,telephone,(null),0,unknown,4836,university.degree,0,unknown,unemployed,unknown,single,sep,296,success,6
1,23,telephone,(null),0,unknown,4836,university.degree,0,unknown,unemployed,unknown,single,sep,296,success,6
0,18,cellular,wed,0,no,4719,professional.course,-2,no,student,no,married,nov,292,nonexistent,2
1,18,cellular,wed,0,no,4719,professional.course,-2,no,student,no,married,nov,292,nonexistent,2
0,22,telephone,(null),1,unknown,4750,university.degree,0,unknown,student,unknown,single,sep,295,success,5
1,22,telephone,(null),1,unknown,4750,university.degree,0,unknown,student,unknown,single,sep,295,success,5
0,23,telephone,(null),0,unknown,4758,high.school,0,unknown,unemployed,unknown,single,sep,296,success,6
1,23,telephone,(null),0,unknown,4758,high.school,0,unknown,unemployed,unknown,single,sep,296,success,6
0,23,telephone,(null),1,unknown,4758,professional.course,0,unknown,management,unknown,single,nov,296,success,6
1,23,telephone,(null),1,unknown,4758,professional.course,0,unknown,management,unknown,single,nov,296,success,6
0,21,telephone,fri,1,unknown,4797,illiterate,-1,unknown,technician,unknown,married,apr,307,nonexistent,4
1,21,telephone,fri,1,unknown,4797,illiterate,-1,unknown,technician,unknown,married,apr,307,nonexistent,4
0,20,telephone,fri,1,unknown,4735,professional.course,-1,unknown,management,unknown,married,may,309,nonexistent,4
1,20,telephone,fri,1,unknown,4735,professional.course,-1,unknown,management,unknown,married,may,309,nonexistent,4
0,23,telephone,(null),1,unknown,4758,high.school,0,unknown,retired,unknown,single,jun,311,success,6
1,23,telephone,(null),1,unknown,4758,high.school,0,unknown,retired,unknown,single,jun,311,success,6
0,23,telephone,(null),1,unknown,4758,university.degree,0,unknown,unemployed,unknown,single,jun,296,success,6
1,23,telephone,(null),1,unknown,4758,university.degree,0,unknown,unemployed,unknown,single,jun,296,success,6
0,9,telephone,fri,1,unknown,4953,illiterate,-1,unknown,technician,unknown,married,oct,307,nonexistent,4
1,9,telephone,fri,1,unknown,4953,illiterate,-1,unknown,technician,unknown,married,oct,307,nonexistent,4
0,8,telephone,fri,1,unknown,4891,professional.course,-1,unknown,management,unknown,married,nov,309,nonexistent,4
1,8,telephone,fri,1,unknown,4891,professional.course,-1,unknown,management,unknown,married,nov,309,nonexistent,4
0,11,telephone,(null),1,unknown,4914,high.school,0,unknown,retired,unknown,single,dec,311,success,6
1,11,telephone,(null),1,unknown,4914,high.school,0,unknown,retired,unknown,single,dec,311,success,6
0,10,telephone,(null),0,unknown,4906,university.degree,0,unknown,technician,unknown,single,jun,310,success,5
1,10,telephone,(null),0,unknown,4906,university.degree,0,unknown,technician,unknown,single,jun,310,success,5
0,3,cellular,tue,1,no,4782,basic.6y,-3,no,services,no,divorced,oct,307,failure,1
1,3,cellular,tue,1,no,4782,basic.6y,-3,no,services,no,divorced,oct,307,failure,1
0,4,cellular,wed,0,no,4790,professional.course,-2,no,services,no,married,aug,307,nonexistent,2
1,4,cellular,wed,0,no,4790,professional.course,-2,no,services,no,married,aug,307,nonexistent,2
0,7,telephone,thu,1,unknown,4805,basic.9y,-1,unknown,student,unknown,married,aug,309,nonexistent,3
1,7,telephone,thu,1,unknown,4805,basic.9y,-1,unknown,student,unknown,married,aug,309,nonexistent,3
0,1,cellular,mon,0,no,4689,basic.4y,-3,no,self-employed,no,divorced,oct,306,failure,0
1,1,cellular,mon,0,no,4689,basic.4y,-3,no,self-employed,no,divorced,oct,306,failure,0
0,1,cellular,mon,1,no,4689,basic.4y,-3,no,technician,no,divorced,jul,306,failure,0
1,1,cellular,mon,1,no,4689,basic.4y,-3,no,technician,no,divorced,jul,306,failure,0
0,2,cellular,tue,0,no,4774,illiterate,-3,no,technician,no,divorced,oct,298,failure,0
1,2,cellular,tue,0,no,4774,illiterate,-3,no,technician,no,divorced,oct,298,failure,0
0,5,cellular,wed,0,no,4797,professional.course,-2,no,services,no,married,nov,300,nonexistent,2
1,5,cellular,wed,0,no,4797,professional.course,-2,no,services,no,married,nov,300,nonexistent,2
0,9,telephone,fri,0,unknown,4820,basic.9y,-1,unknown,services,unknown,married,nov,302,nonexistent,4
1,9,telephone,fri,0,unknown,4820,basic.9y,-1,unknown,services,unknown,married,nov,302,nonexistent,4
0,8,telephone,fri,0,unknown,4813,professional.course,-1,unknown,student,unknown,married,aug,302,nonexistent,4
1,8,telephone,fri,0,unknown,4813,professional.course,-1,unknown,student,unknown,married,aug,302,nonexistent,4
0,5,cellular,wed,1,no,4719,basic.9y,-2,no,student,no,married,sep,300,nonexistent,2
1,5,cellular,wed,1,no,4719,basic.9y,-2,no,student,no,married,sep,300,nonexistent,2
0,8,telephone,fri,0,unknown,4781,illiterate,-1,unknown,housemaid,unknown,married,oct,309,nonexistent,4
1,8,telephone,fri,0,unknown,4781,illiterate,-1,unknown,housemaid,unknown,married,oct,309,nonexistent,4
0,10,telephone,(null),0,unknown,4828,professional.course,0,unknown,retired,unknown,single,dec,303,success,5
1,10,telephone,(null),0,unknown,4828,professional.course,0,unknown,retired,unknown,single,dec,303,success,5
0,9,telephone,fri,1,unknown,4742,illiterate,-1,unknown,housemaid,unknown,married,oct,302,nonexistent,4
1,9,telephone,fri,1,unknown,4742,illiterate,-1,unknown,housemaid,unknown,married,oct,302,nonexistent,4
0,9,telephone,fri,1,unknown,4820,illiterate,-1,unknown,technician,unknown,married,apr,310,nonexistent,4
1,9,telephone,fri,1,unknown,4820,illiterate,-1,unknown,technician,unknown,married,apr,310,nonexistent,4
0,1,cellular,mon,0,no,4689,illiterate,-3,no,technician,no,divorced,apr,306,failure,0
1,1,cellular,mon,0,no,4689,illiterate,-3,no,technician,no,divorced,apr,306,failure,0
0,10,telephone,(null),0,unknown,4750,basic.9y,0,unknown,technician,unknown,single,mar,310,success,5
1,10,telephone,(null),0,unknown,4750,basic.9y,0,unknown,technician,unknown,single,mar,310,success,5
0,11,telephone,(null),0,unknown,4828,professional.course,0,unknown,unemployed,unknown,single,may,304,success,6
1,11,telephone,(null),0,unknown,4828,professional.course,0,unknown,unemployed,unknown,single,may,304,success,6
0,10,telephone,(null),1,unknown,4750,professional.course,0,unknown,management,unknown,single,jun,310,success,5
1,10,telephone,(null),1,unknown,4750,professional.course,0,unknown,management,unknown,single,jun,310,success,5
0,10,telephone,(null),0,unknown,4828,professional.course,0,unknown,technician,unknown,single,nov,295,success,5
1,10,telephone,(null),0,unknown,4828,professional.course,0,unknown,technician,unknown,single,nov,295,success,5
0,10,telephone,(null),1,unknown,4750,basic.9y,0,unknown,student,unknown,single,dec,295,success,5
1,10,telephone,(null),1,unknown,4750,basic.9y,0,unknown,student,unknown,single,dec,295,success,5
0,9,telephone,fri,1,unknown,4742,professional.course,-1,unknown,technician,unknown,married,aug,294,nonexistent,4
1,9,telephone,fri,1,unknown,4742,professional.course,-1,unknown,technician,unknown,married,aug,294,nonexistent,4
0,11,telephone,(null),1,unknown,4758,high.school,0,unknown,unemployed,unknown,single,sep,296,success,6
1,11,telephone,(null),1,unknown,4758,high.school,0,unknown,unemployed,unknown,single,sep,296,success,6
0,10,telephone,(null),0,unknown,4750,university.degree,0,unknown,technician,unknown,single,dec,287,success,5
1,10,telephone,(null),0,unknown,4750,university.degree,0,unknown,technician,unknown,single,dec,287,success,5
0,11,telephone,(null),1,unknown,4758,professional.course,0,unknown,management,unknown,single,dec,296,success,6
1,11,telephone,(null),1,unknown,4758,professional.course,0,unknown,management,unknown,single,dec,296,success,6
0,21,cellular,wed,1,no,4634,basic.6y,-2,no,services,no,married,aug,300,nonexistent,2
1,21,cellular,wed,1,no,4634,basic.6y,-2,no,services,no,married,aug,300,nonexistent,2
0,20,cellular,tue,1,no,4626,basic.6y,-3,no,admin.,no,divorced,oct,307,failure,1
1,20,cellular,tue,1,no,4626,basic.6y,-3,no,admin.,no,divorced,oct,307,failure,1
0,21,cellular,wed,0,no,4579,basic.9y,-2,no,blue-collar,no,married,nov,300,nonexistent,2
1,21,cellular,wed,0,no,4579,basic.9y,-2,no,blue-collar,no,married,nov,300,nonexistent,2
0,20,cellular,tue,1,no,4626,basic.6y,-3,no,housemaid,no,divorced,jul,307,failure,1
1,20,cellular,tue,1,no,4626,basic.6y,-3,no,housemaid,no,divorced,jul,307,failure,1
0,21,cellular,wed,1,no,4556,basic.9y,-2,no,management,no,married,aug,300,nonexistent,2
1,21,cellular,wed,1,no,4556,basic.9y,-2,no,management,no,married,aug,300,nonexistent,2
0,14,cellular,tue,0,no,4548,basic.6y,-3,no,blue-collar,no,divorced,jul,307,failure,1
1,14,cellular,tue,0,no,4548,basic.6y,-3,no,blue-collar,no,divorced,jul,307,failure,1
0,15,cellular,wed,1,no,4634,basic.9y,-2,no,management,no,married,nov,300,nonexistent,2
1,15,cellular,wed,1,no,4634,basic.9y,-2,no,management,no,married,nov,300,nonexistent,2
0,17,telephone,(null),0,unknown,4672,professional.course,0,unknown,entrepreneur,unknown,single,sep,303,success,5
1,17,telephone,(null),0,unknown,4672,professional.course,0,unknown,entrepreneur,unknown,single,sep,303,success,5
0,15,cellular,wed,1,no,4556,basic.9y,-2,no,blue-collar,no,married,nov,300,nonexistent,2
1,15,cellular,wed,1,no,4556,basic.9y,-2,no,blue-collar,no,married,nov,300,nonexistent,2
0,21,cellular,wed,1,no,4478,basic.9y,-2,no,blue-collar,no,married,aug,300,nonexistent,2
1,21,cellular,wed,1,no,4478,basic.9y,-2,no,blue-collar,no,married,aug,300,nonexistent,2
0,14,cellular,mon,0,no,4455,basic.4y,-3,no,admin.,no,divorced,jul,306,failure,0
1,14,cellular,mon,0,no,4455,basic.4y,-3,no,admin.,no,divorced,jul,306,failure,0
0,14,cellular,tue,0,no,4383,basic.6y,-3,no,admin.,no,divorced,jul,298,failure,0
1,14,cellular,tue,0,no,4383,basic.6y,-3,no,admin.,no,divorced,jul,298,failure,0
0,21,cellular,wed,0,no,4641,basic.6y,-2,no,student,no,married,nov,292,nonexistent,2
1,21,cellular,wed,0,no,4641,basic.6y,-2,no,student,no,married,nov,292,nonexistent,2
0,22,telephone,thu,1,unknown,4610,high.school,-1,unknown,student,unknown,married,nov,285,nonexistent,3
1,22,telephone,thu,1,unknown,4610,high.school,-1,unknown,student,unknown,married,nov,285,nonexistent,3
0,21,cellular,wed,1,no,4641,professional.course,-2,no,student,no,married,aug,292,nonexistent,2
1,21,cellular,wed,1,no,4641,professional.course,-2,no,student,no,married,aug,292,nonexistent,2
0,21,cellular,wed,1,no,4563,basic.6y,-2,no,student,no,married,aug,292,nonexistent,2
1,21,cellular,wed,1,no,4563,basic.6y,-2,no,student,no,married,aug,292,nonexistent,2
0,22,telephone,thu,1,unknown,4571,professional.course,-1,unknown,student,unknown,married,aug,285,nonexistent,3
1,22,telephone,thu,1,unknown,4571,professional.course,-1,unknown,student,unknown,married,aug,285,nonexistent,3
0,15,cellular,wed,1,no,4641,basic.6y,-2,no,student,no,married,nov,292,nonexistent,2
1,15,cellular,wed,1,no,4641,basic.6y,-2,no,student,no,married,nov,292,nonexistent,2
0,16,telephone,thu,1,unknown,4649,professional.course,-1,unknown,student,unknown,married,nov,285,nonexistent,3
1,16,telephone,thu,1,unknown,4649,professional.course,-1,unknown,student,unknown,married,nov,285,nonexistent,3
0,17,telephone,(null),0,unknown,4672,university.degree,0,unknown,technician,unknown,single,sep,287,success,5
1,17,telephone,(null),0,unknown,4672,university.degree,0,unknown,technician,unknown,single,sep,287,success,5
0,16,telephone,thu,1,unknown,4571,basic.9y,-1,unknown,student,unknown,married,nov,285,nonexistent,3
1,16,telephone,thu,1,unknown,4571,basic.9y,-1,unknown,student,unknown,married,nov,285,nonexistent,3
0,21,telephone,fri,1,unknown,4641,illiterate,-1,unknown,housemaid,unknown,married,oct,294,nonexistent,4
1,21,telephone,fri,1,unknown,4641,illiterate,-1,unknown,housemaid,unknown,married,oct,294,nonexistent,4
0,23,telephone,(null),0,unknown,4602,high.school,0,unknown,retired,unknown,single,dec,288,success,6
1,23,telephone,(null),0,unknown,4602,high.school,0,unknown,retired,unknown,single,dec,288,success,6
0,20,cellular,mon,1,no,4376,basic.4y,-3,no,self-employed,no,divorced,oct,282,failure,0
1,20,cellular,mon,1,no,4376,basic.4y,-3,no,self-employed,no,divorced,oct,282,failure,0
0,20,cellular,tue,1,no,4407,basic.6y,-3,no,services,no,divorced,jul,284,failure,1
1,20,cellular,tue,1,no,4407,basic.6y,-3,no,services,no,divorced,jul,284,failure,1
0,14,cellular,mon,0,no,4455,illiterate,-3,no,self-employed,no,divorced,oct,282,failure,0
1,14,cellular,mon,0,no,4455,illiterate,-3,no,self-employed,no,divorced,oct,282,failure,0
0,15,cellular,wed,0,no,4422,basic.9y,-2,no,services,no,married,aug,284,nonexistent,2
1,15,cellular,wed,0,no,4422,basic.9y,-2,no,services,no,married,aug,284,nonexistent,2
0,21,cellular,wed,0,no,4485,basic.9y,-2,no,blue-collar,no,married,nov,292,nonexistent,2
1,21,cellular,wed,0,no,4485,basic.9y,-2,no,blue-collar,no,married,nov,292,nonexistent,2
0,21,cellular,wed,0,no,4407,basic.9y,-2,no,entrepreneur,no,married,nov,284,nonexistent,2
1,21,cellular,wed,0,no,4407,basic.9y,-2,no,entrepreneur,no,married,nov,284,nonexistent,2
0,21,cellular,wed,1,no,4438,basic.9y,-2,no,entrepreneur,no,married,aug,292,nonexistent,2
1,21,cellular,wed,1,no,4438,basic.9y,-2,no,entrepreneur,no,married,aug,292,nonexistent,2
0,22,telephone,fri,0,unknown,4422,illiterate,-1,unknown,housemaid,unknown,married,aug,286,nonexistent,4
1,22,telephone,fri,0,unknown,4422,illiterate,-1,unknown,housemaid,unknown,married,aug,286,nonexistent,4
0,15,cellular,wed,1,no,4485,basic.9y,-2,no,blue-collar,no,married,nov,292,nonexistent,2
1,15,cellular,wed,1,no,4485,basic.9y,-2,no,blue-collar,no,married,nov,292,nonexistent,2
0,16,telephone,fri,1,unknown,4469,illiterate,-1,unknown,housemaid,unknown,married,oct,286,nonexistent,4
1,16,telephone,fri,1,unknown,4469,illiterate,-1,unknown,housemaid,unknown,married,oct,286,nonexistent,4
0,16,cellular,tue,1,no,4563,basic.6y,-3,no,services,no,divorced,feb,307,failure,1
1,16,cellular,tue,1,no,4563,basic.6y,-3,no,services,no,divorced,feb,307,failure,1
0,18,cellular,wed,0,no,4641,professional.course,-2,no,services,no,married,may,300,nonexistent,2
1,18,cellular,wed,0,no,4641,professional.course,-2,no,services,no,married,may,300,nonexistent,2
0,20,telephone,fri,0,unknown,4657,professional.course,-1,unknown,student,unknown,married,feb,302,nonexistent,4
1,20,telephone,fri,0,unknown,4657,professional.course,-1,unknown,student,unknown,married,feb,302,nonexistent,4
0,18,cellular,wed,1,no,4563,basic.9y,-2,no,student,no,married,mar,300,nonexistent,2
1,18,cellular,wed,1,no,4563,basic.9y,-2,no,student,no,married,mar,300,nonexistent,2
0,17,cellular,wed,0,no,4634,professional.course,-2,no,management,no,married,may,307,nonexistent,2
1,17,cellular,wed,0,no,4634,professional.course,-2,no,management,no,married,may,307,nonexistent,2
0,20,telephone,fri,1,unknown,4657,basic.9y,-1,unknown,management,unknown,married,may,309,nonexistent,4
1,20,telephone,fri,1,unknown,4657,basic.9y,-1,unknown,management,unknown,married,may,309,nonexistent,4
0,23,telephone,(null),1,unknown,4680,high.school,0,unknown,entrepreneur,unknown,single,jun,311,success,6
1,23,telephone,(null),1,unknown,4680,high.school,0,unknown,entrepreneur,unknown,single,jun,311,success,6
0,19,telephone,thu,0,unknown,4571,high.school,-1,unknown,housemaid,unknown,married,apr,309,nonexistent,3
1,19,telephone,thu,0,unknown,4571,high.school,-1,unknown,housemaid,unknown,married,apr,309,nonexistent,3
0,21,telephone,fri,1,unknown,4664,professional.course,-1,unknown,management,unknown,married,may,302,nonexistent,4
1,21,telephone,fri,1,unknown,4664,professional.course,-1,unknown,management,unknown,married,may,302,nonexistent,4
0,21,telephone,fri,1,unknown,4586,illiterate,-1,unknown,housemaid,unknown,married,apr,302,nonexistent,4
1,21,telephone,fri,1,unknown,4586,illiterate,-1,unknown,housemaid,unknown,married,apr,302,nonexistent,4
0,20,cellular,mon,0,no,4455,basic.4y,-3,no,self-employed,no,divorced,jan,306,failure,0
1,20,cellular,mon,0,no,4455,basic.4y,-3,no,self-employed,no,divorced,jan,306,failure,0
0,20,cellular,tue,0,no,4391,basic.6y,-3,no,self-employed,no,divorced,jan,298,failure,0
1,20,cellular,tue,0,no,4391,basic.6y,-3,no,self-employed,no,divorced,jan,298,failure,0
0,14,cellular,mon,1,no,4455,basic.4y,-3,no,self-employed,no,divorced,jan,306,failure,0
1,14,cellular,mon,1,no,4455,basic.4y,-3,no,self-employed,no,divorced,jan,306,failure,0
0,14,cellular,tue,0,no,4391,basic.6y,-3,no,self-employed,no,divorced,jan,298,failure,0
1,14,cellular,tue,0,no,4391,basic.6y,-3,no,self-employed,no,divorced,jan,298,failure,0
0,16,cellular,tue,1,no,4407,basic.6y,-3,no,blue-collar,no,divorced,feb,307,failure,1
1,16,cellular,tue,1,no,4407,basic.6y,-3,no,blue-collar,no,divorced,feb,307,failure,1
0,15,cellular,tue,0,no,4462,illiterate,-3,no,housemaid,no,divorced,apr,298,failure,0
1,15,cellular,tue,0,no,4462,illiterate,-3,no,housemaid,no,divorced,apr,298,failure,0
0,18,cellular,wed,1,no,4485,basic.6y,-2,no,management,no,married,may,300,nonexistent,2
1,18,cellular,wed,1,no,4485,basic.6y,-2,no,management,no,married,may,300,nonexistent,2
0,18,cellular,wed,1,no,4485,professional.course,-2,no,blue-collar,no,married,may,300,nonexistent,2
1,18,cellular,wed,1,no,4485,professional.course,-2,no,blue-collar,no,married,may,300,nonexistent,2
0,21,telephone,fri,1,unknown,4508,basic.9y,-1,unknown,blue-collar,unknown,married,may,302,nonexistent,4
1,21,telephone,fri,1,unknown,4508,basic.9y,-1,unknown,blue-collar,unknown,married,may,302,nonexistent,4
0,21,telephone,fri,1,unknown,4508,basic.9y,-1,unknown,management,unknown,married,feb,302,nonexistent,4
1,21,telephone,fri,1,unknown,4508,basic.9y,-1,unknown,management,unknown,married,feb,302,nonexistent,4
0,22,telephone,(null),1,unknown,4516,professional.course,0,unknown,entrepreneur,unknown,single,mar,303,success,5
1,22,telephone,(null),1,unknown,4516,professional.course,0,unknown,entrepreneur,unknown,single,mar,303,success,5
0,18,cellular,wed,0,no,4407,basic.9y,-2,no,entrepreneur,no,married,mar,300,nonexistent,2
1,18,cellular,wed,0,no,4407,basic.9y,-2,no,entrepreneur,no,married,mar,300,nonexistent,2
0,22,telephone,(null),0,unknown,4672,professional.course,0,unknown,technician,unknown,single,may,295,success,5
1,22,telephone,(null),0,unknown,4672,professional.course,0,unknown,technician,unknown,single,may,295,success,5
0,22,telephone,(null),1,unknown,4594,basic.9y,0,unknown,student,unknown,single,jun,295,success,5
1,22,telephone,(null),1,unknown,4594,basic.9y,0,unknown,student,unknown,single,jun,295,success,5
0,21,telephone,fri,1,unknown,4586,professional.course,-1,unknown,technician,unknown,married,feb,294,nonexistent,4
1,21,telephone,fri,1,unknown,4586,professional.course,-1,unknown,technician,unknown,married,feb,294,nonexistent,4
0,23,telephone,(null),1,unknown,4602,high.school,0,unknown,unemployed,unknown,single,mar,296,success,6
1,23,telephone,(null),1,unknown,4602,high.school,0,unknown,unemployed,unknown,single,mar,296,success,6
0,22,telephone,(null),0,unknown,4594,university.degree,0,unknown,technician,unknown,single,jun,287,success,5
1,22,telephone,(null),0,unknown,4594,university.degree,0,unknown,technician,unknown,single,jun,287,success,5
0,23,telephone,(null),1,unknown,4602,professional.course,0,unknown,management,unknown,single,jun,296,success,6
1,23,telephone,(null),1,unknown,4602,professional.course,0,unknown,management,unknown,single,jun,296,success,6
0,19,telephone,thu,1,unknown,4454,high.school,-1,unknown,student,unknown,married,apr,289,nonexistent,3
1,19,telephone,thu,1,unknown,4454,high.school,-1,unknown,student,unknown,married,apr,289,nonexistent,3
0,23,telephone,(null),0,unknown,4524,professional.course,0,unknown,entrepreneur,unknown,single,jun,296,success,6
1,23,telephone,(null),0,unknown,4524,professional.course,0,unknown,entrepreneur,unknown,single,jun,296,success,6
0,23,telephone,(null),1,unknown,4524,professional.course,0,unknown,retired,unknown,single,mar,296,success,6
1,23,telephone,(null),1,unknown,4524,professional.course,0,unknown,retired,unknown,single,mar,296,success,6
0,23,telephone,(null),1,unknown,4446,professional.course,0,unknown,entrepreneur,unknown,single,mar,296,success,6
1,23,telephone,(null),1,unknown,4446,professional.course,0,unknown,entrepreneur,unknown,single,mar,296,success,6
0,22,telephone,(null),1,unknown,4438,professional.course,0,unknown,management,unknown,single,jun,287,success,5
1,22,telephone,(null),1,unknown,4438,professional.course,0,unknown,management,unknown,single,jun,287,success,5
0,2,cellular,tue,0,no,4548,basic.6y,-3,no,self-employed,no,divorced,jul,298,failure,0
1,2,cellular,tue,0,no,4548,basic.6y,-3,no,self-employed,no,divorced,jul,298,failure,0
0,3,cellular,tue,1,no,4626,basic.6y,-3,no,blue-collar,no,divorced,oct,307,failure,1
1,3,cellular,tue,1,no,4626,basic.6y,-3,no,blue-collar,no,divorced,oct,307,failure,1
0,5,cellular,wed,1,no,4641,basic.9y,-2,no,entrepreneur,no,married,aug,308,nonexistent,2
1,5,cellular,wed,1,no,4641,basic.9y,-2,no,entrepreneur,no,married,aug,308,nonexistent,2
0,1,cellular,mon,0,no,4533,illiterate,-3,no,admin.,no,divorced,jul,306,failure,0
1,1,cellular,mon,0,no,4533,illiterate,-3,no,admin.,no,divorced,jul,306,failure,0
0,2,cellular,tue,0,no,4618,illiterate,-3,no,housemaid,no,divorced,oct,298,failure,0
1,2,cellular,tue,0,no,4618,illiterate,-3,no,housemaid,no,divorced,oct,298,failure,0
0,5,cellular,wed,1,no,4641,basic.6y,-2,no,management,no,married,nov,300,nonexistent,2
1,5,cellular,wed,1,no,4641,basic.6y,-2,no,management,no,married,nov,300,nonexistent,2
0,9,telephone,fri,1,unknown,4664,basic.9y,-1,unknown,blue-collar,unknown,married,nov,302,nonexistent,4
1,9,telephone,fri,1,unknown,4664,basic.9y,-1,unknown,blue-collar,unknown,married,nov,302,nonexistent,4
0,5,cellular,wed,0,no,4563,basic.9y,-2,no,entrepreneur,no,married,sep,300,nonexistent,2
1,5,cellular,wed,0,no,4563,basic.9y,-2,no,entrepreneur,no,married,sep,300,nonexistent,2
0,1,cellular,mon,0,no,4611,illiterate,-3,no,self-employed,no,divorced,apr,306,failure,0
1,1,cellular,mon,0,no,4611,illiterate,-3,no,self-employed,no,divorced,apr,306,failure,0
0,1,cellular,mon,1,no,4611,illiterate,-3,no,technician,no,divorced,jan,306,failure,0
1,1,cellular,mon,1,no,4611,illiterate,-3,no,technician,no,divorced,jan,306,failure,0
0,5,cellular,wed,0,no,4641,basic.6y,-2,no,technician,no,married,feb,308,nonexistent,2
1,5,cellular,wed,0,no,4641,basic.6y,-2,no,technician,no,married,feb,308,nonexistent,2
0,3,cellular,tue,1,no,4548,basic.6y,-3,no,services,no,divorced,feb,307,failure,1
1,3,cellular,tue,1,no,4548,basic.6y,-3,no,services,no,divorced,feb,307,failure,1
0,7,telephone,thu,1,unknown,4610,high.school,-1,unknown,student,unknown,married,apr,301,nonexistent,3
1,7,telephone,thu,1,unknown,4610,high.school,-1,unknown,student,unknown,married,apr,301,nonexistent,3
0,9,telephone,fri,0,unknown,4641,illiterate,-1,unknown,housemaid,unknown,married,apr,307,nonexistent,4
1,9,telephone,fri,0,unknown,4641,illiterate,-1,unknown,housemaid,unknown,married,apr,307,nonexistent,4
0,2,cellular,tue,1,no,4391,basic.6y,-3,no,admin.,no,divorced,jul,298,failure,0
1,2,cellular,tue,1,no,4391,basic.6y,-3,no,admin.,no,divorced,jul,298,failure,0
0,2,cellular,tue,0,no,4391,basic.6y,-3,no,self-employed,no,divorced,jan,299,failure,0
1,2,cellular,tue,0,no,4391,basic.6y,-3,no,self-employed,no,divorced,jan,299,failure,0
0,5,cellular,wed,0,no,4438,basic.9y,-2,no,entrepreneur,no,married,mar,303,nonexistent,2
1,5,cellular,wed,0,no,4438,basic.9y,-2,no,entrepreneur,no,married,mar,303,nonexistent,2
0,7,telephone,thu,1,unknown,4610,high.school,-1,unknown,student,unknown,married,oct,289,nonexistent,3
1,7,telephone,thu,1,unknown,4610,high.school,-1,unknown,student,unknown,married,oct,289,nonexistent,3
0,11,telephone,(null),0,unknown,4680,professional.course,0,unknown,entrepreneur,unknown,single,dec,296,success,6
1,11,telephone,(null),0,unknown,4680,professional.course,0,unknown,entrepreneur,unknown,single,dec,296,success,6
0,11,telephone,(null),1,unknown,4680,professional.course,0,unknown,retired,unknown,single,sep,296,success,6
1,11,telephone,(null),1,unknown,4680,professional.course,0,unknown,retired,unknown,single,sep,296,success,6
0,11,telephone,(null),1,unknown,4602,professional.course,0,unknown,entrepreneur,unknown,single,sep,296,success,6
1,11,telephone,(null),1,unknown,4602,professional.course,0,unknown,entrepreneur,unknown,single,sep,296,success,6
0,10,telephone,(null),1,unknown,4594,professional.course,0,unknown,management,unknown,single,dec,287,success,5
1,10,telephone,(null),1,unknown,4594,professional.course,0,unknown,management,unknown,single,dec,287,success,5
0,9,telephone,fri,1,unknown,4586,basic.9y,-1,unknown,technician,unknown,married,may,294,nonexistent,4
1,9,telephone,fri,1,unknown,4586,basic.9y,-1,unknown,technician,unknown,married,may,294,nonexistent,4
0,10,telephone,(null),0,unknown,4594,professional.course,0,unknown,technician,unknown,single,mar,295,success,5
1,10,telephone,(null),0,unknown,4594,professional.course,0,unknown,technician,unknown,single,mar,295,success,5
0,11,telephone,(null),0,unknown,4602,professional.course,0,unknown,unemployed,unknown,single,may,288,success,6
1,11,telephone,(null),0,unknown,4602,professional.course,0,unknown,unemployed,unknown,single,may,288,success,6
0,11,telephone,(null),0,unknown,4602,university.degree,0,unknown,retired,unknown,single,jun,296,success,6
1,11,telephone,(null),0,unknown,4602,university.degree,0,unknown,retired,unknown,single,jun,296,success,6
0,3,cellular,tue,1,no,4407,basic.6y,-3,no,services,no,divorced,aug,284,failure,1
1,3,cellular,tue,1,no,4407,basic.6y,-3,no,services,no,divorced,aug,284,failure,1
0,7,telephone,thu,0,unknown,4454,high.school,-1,unknown,housemaid,unknown,married,oct,289,nonexistent,3
1,7,telephone,thu,0,unknown,4454,high.school,-1,unknown,housemaid,unknown,married,oct,289,nonexistent,3
0,5,cellular,wed,0,no,4438,basic.9y,-2,no,student,no,married,mar,292,nonexistent,2
1,5,cellular,wed,0,no,4438,basic.9y,-2,no,student,no,married,mar,292,nonexistent,2
0,9,telephone,fri,0,unknown,4508,professional.course,-1,unknown,services,unknown,married,may,286,nonexistent,4
1,9,telephone,fri,0,unknown,4508,professional.course,-1,unknown,services,unknown,married,may,286,nonexistent,4
0,10,telephone,(null),1,unknown,4516,basic.9y,0,unknown,technician,unknown,single,jun,287,success,5
1,10,telephone,(null),1,unknown,4516,basic.9y,0,unknown,technician,unknown,single,jun,287,success,5
0,10,telephone,(null),0,unknown,4516,university.degree,0,unknown,unemployed,unknown,single,mar,287,success,5
1,10,telephone,(null),0,unknown,4516,university.degree,0,unknown,unemployed,unknown,single,mar,287,success,5
0,5,cellular,wed,0,no,4407,professional.course,-2,no,services,no,married,may,284,nonexistent,2
1,5,cellular,wed,0,no,4407,professional.course,-2,no,services,no,married,may,284,nonexistent,2
0,8,telephone,fri,0,unknown,4422,professional.course,-1,unknown,student,unknown,married,feb,286,nonexistent,4
1,8,telephone,fri,0,unknown,4422,professional.course,-1,unknown,student,unknown,married,feb,286,nonexistent,4
0,10,telephone,(null),1,unknown,4500,professional.course,0,unknown,management,unknown,single,may,293,success,5
1,10,telephone,(null),1,unknown,4500,professional.course,0,unknown,management,unknown,single,may,293,success,5
0,23,telephone,(null),0,unknown,4672,professional.course,0,unknown,unemployed,unknown,single,nov,280,success,6
1,23,telephone,(null),0,unknown,4672,professional.course,0,unknown,unemployed,unknown,single,nov,280,success,6
0,22,telephone,thu,0,unknown,4493,high.school,-1,unknown,student,unknown,married,nov,277,nonexistent,3
1,22,telephone,thu,0,unknown,4493,high.school,-1,unknown,student,unknown,married,nov,277,nonexistent,3
0,21,cellular,wed,0,no,4399,basic.9y,-2,no,services,no,married,nov,276,nonexistent,2
1,21,cellular,wed,0,no,4399,basic.9y,-2,no,services,no,married,nov,276,nonexistent,2
0,23,telephone,fri,0,unknown,4430,basic.9y,-1,unknown,technician,unknown,married,nov,270,nonexistent,4
1,23,telephone,fri,0,unknown,4430,basic.9y,-1,unknown,technician,unknown,married,nov,270,nonexistent,4
0,23,telephone,fri,1,unknown,4508,illiterate,-1,unknown,technician,unknown,married,aug,278,nonexistent,4
1,23,telephone,fri,1,unknown,4508,illiterate,-1,unknown,technician,unknown,married,aug,278,nonexistent,4
0,22,telephone,thu,1,unknown,4415,high.school,-1,unknown,student,unknown,married,aug,277,nonexistent,3
1,22,telephone,thu,1,unknown,4415,high.school,-1,unknown,student,unknown,married,aug,277,nonexistent,3
0,23,telephone,(null),0,unknown,4438,professional.course,0,unknown,technician,unknown,single,sep,271,success,5
1,23,telephone,(null),0,unknown,4438,professional.course,0,unknown,technician,unknown,single,sep,271,success,5
0,16,telephone,fri,0,unknown,4501,illiterate,-1,unknown,student,unknown,married,oct,278,nonexistent,4
1,16,telephone,fri,0,unknown,4501,illiterate,-1,unknown,student,unknown,married,oct,278,nonexistent,4
0,15,cellular,wed,1,no,4399,basic.9y,-2,no,services,no,married,nov,276,nonexistent,2
1,15,cellular,wed,1,no,4399,basic.9y,-2,no,services,no,married,nov,276,nonexistent,2
0,17,telephone,(null),0,unknown,4500,professional.course,0,unknown,technician,unknown,single,nov,271,success,5
1,17,telephone,(null),0,unknown,4500,professional.course,0,unknown,technician,unknown,single,nov,271,success,5
0,20,telephone,fri,0,unknown,4422,illiterate,-1,unknown,management,unknown,married,nov,278,nonexistent,4
1,20,telephone,fri,0,unknown,4422,illiterate,-1,unknown,management,unknown,married,nov,278,nonexistent,4
0,23,telephone,(null),0,unknown,4446,university.degree,0,unknown,retired,unknown,single,dec,272,success,6
1,23,telephone,(null),0,unknown,4446,university.degree,0,unknown,retired,unknown,single,dec,272,success,6
0,18,telephone,(null),1,unknown,4446,professional.course,0,unknown,unemployed,unknown,single,nov,264,success,6
1,18,telephone,(null),1,unknown,4446,professional.course,0,unknown,unemployed,unknown,single,nov,264,success,6
0,23,telephone,(null),1,unknown,4524,university.degree,0,unknown,unemployed,unknown,single,jun,280,success,6
1,23,telephone,(null),1,unknown,4524,university.degree,0,unknown,unemployed,unknown,single,jun,280,success,6
0,19,telephone,thu,1,unknown,4415,professional.course,-1,unknown,unemployed,unknown,married,may,277,nonexistent,3
1,19,telephone,thu,1,unknown,4415,professional.course,-1,unknown,unemployed,unknown,married,may,277,nonexistent,3
0,22,telephone,(null),0,unknown,4438,university.degree,0,unknown,student,unknown,single,jun,279,success,5
1,22,telephone,(null),0,unknown,4438,university.degree,0,unknown,student,unknown,single,jun,279,success,5
0,23,telephone,(null),0,unknown,4446,university.degree,0,unknown,unemployed,unknown,single,mar,280,success,6
1,23,telephone,(null),0,unknown,4446,university.degree,0,unknown,unemployed,unknown,single,mar,280,success,6
0,11,telephone,(null),1,unknown,4680,university.degree,0,unknown,unemployed,unknown,single,dec,280,success,6
1,11,telephone,(null),1,unknown,4680,university.degree,0,unknown,unemployed,unknown,single,dec,280,success,6
0,10,telephone,(null),0,unknown,4594,university.degree,0,unknown,student,unknown,single,dec,279,success,5
1,10,telephone,(null),0,unknown,4594,university.degree,0,unknown,student,unknown,single,dec,279,success,5
0,11,telephone,(null),0,unknown,4602,university.degree,0,unknown,unemployed,unknown,single,sep,280,success,6
1,11,telephone,(null),0,unknown,4602,university.degree,0,unknown,unemployed,unknown,single,sep,280,success,6
0,5,cellular,wed,0,no,4485,professional.course,-2,no,student,no,married,nov,276,nonexistent,2
1,5,cellular,wed,0,no,4485,professional.course,-2,no,student,no,married,nov,276,nonexistent,2
0,10,telephone,(null),1,unknown,4516,university.degree,0,unknown,student,unknown,single,sep,279,success,5
1,10,telephone,(null),1,unknown,4516,university.degree,0,unknown,student,unknown,single,sep,279,success,5
0,11,telephone,(null),0,unknown,4524,high.school,0,unknown,unemployed,unknown,single,sep,280,success,6
1,11,telephone,(null),0,unknown,4524,high.school,0,unknown,unemployed,unknown,single,sep,280,success,6
0,5,cellular,wed,0,no,4407,basic.6y,-2,no,student,no,married,nov,276,nonexistent,2
1,5,cellular,wed,0,no,4407,basic.6y,-2,no,student,no,married,nov,276,nonexistent,2
0,5,cellular,wed,1,no,4407,professional.course,-2,no,student,no,married,aug,276,nonexistent,2
1,5,cellular,wed,1,no,4407,professional.course,-2,no,student,no,married,aug,276,nonexistent,2
0,7,telephone,thu,1,unknown,4415,professional.course,-1,unknown,student,unknown,married,nov,269,nonexistent,3
1,7,telephone,thu,1,unknown,4415,professional.course,-1,unknown,student,unknown,married,nov,269,nonexistent,3
0,11,telephone,(null),0,unknown,4446,high.school,0,unknown,student,unknown,single,dec,272,success,6
1,11,telephone,(null),0,unknown,4446,high.school,0,unknown,student,unknown,single,dec,272,success,6
0,9,telephone,fri,0,unknown,4430,professional.course,-1,unknown,unemployed,unknown,married,aug,270,nonexistent,4
1,9,telephone,fri,0,unknown,4430,professional.course,-1,unknown,unemployed,unknown,married,aug,270,nonexistent,4
0,11,telephone,(null),1,unknown,4516,professional.course,0,unknown,management,unknown,single,nov,279,success,6
1,11,telephone,(null),1,unknown,4516,professional.course,0,unknown,management,unknown,single,nov,279,success,6
0,11,telephone,(null),1,unknown,4524,university.degree,0,unknown,unemployed,unknown,single,jun,280,success,6
1,11,telephone,(null),1,unknown,4524,university.degree,0,unknown,unemployed,unknown,single,jun,280,success,6
0,10,telephone,(null),0,unknown,4438,professional.course,0,unknown,technician,unknown,single,may,279,success,5
1,10,telephone,(null),0,unknown,4438,professional.course,0,unknown,technician,unknown,single,may,279,success,5
0,11,telephone,(null),0,unknown,4446,professional.course,0,unknown,unemployed,unknown,single,dec,264,success,6
1,11,telephone,(null),0,unknown,4446,professional.course,0,unknown,unemployed,unknown,single,dec,264,success,6
0,23,cellular,mon,1,no,4298,basic.4y,-3,no,admin.,no,divorced,jan,306,failure,0
1,23,cellular,mon,1,no,4298,basic.4y,-3,no,admin.,no,divorced,jan,306,failure,0
0,20,cellular,mon,1,no,4298,basic.4y,-3,no,admin.,no,divorced,jan,306,failure,0
1,20,cellular,mon,1,no,4298,basic.4y,-3,no,admin.,no,divorced,jan,306,failure,0
0,20,cellular,tue,1,no,4313,basic.6y,-3,no,blue-collar,no,divorced,oct,283,failure,1
1,20,cellular,tue,1,no,4313,basic.6y,-3,no,blue-collar,no,divorced,oct,283,failure,1
0,20,cellular,tue,1,no,4250,basic.6y,-3,no,blue-collar,no,divorced,jul,284,failure,1
1,20,cellular,tue,1,no,4250,basic.6y,-3,no,blue-collar,no,divorced,jul,284,failure,1
0,20,cellular,mon,1,no,4298,illiterate,-3,no,self-employed,no,divorced,apr,282,failure,0
1,20,cellular,mon,1,no,4298,illiterate,-3,no,self-employed,no,divorced,apr,282,failure,0
0,20,cellular,tue,0,no,4313,basic.6y,-3,no,services,no,divorced,jan,291,failure,1
1,20,cellular,tue,0,no,4313,basic.6y,-3,no,services,no,divorced,jan,291,failure,1
0,21,cellular,wed,1,no,4266,basic.9y,-2,no,services,no,married,feb,284,nonexistent,2
1,21,cellular,wed,1,no,4266,basic.9y,-2,no,services,no,married,feb,284,nonexistent,2
0,21,cellular,wed,0,no,4243,basic.9y,-2,no,blue-collar,no,married,feb,292,nonexistent,2
1,21,cellular,wed,0,no,4243,basic.9y,-2,no,blue-collar,no,married,feb,292,nonexistent,2
0,22,telephone,fri,1,unknown,4344,illiterate,-1,unknown,housemaid,unknown,married,may,286,nonexistent,4
1,22,telephone,fri,1,unknown,4344,illiterate,-1,unknown,housemaid,unknown,married,may,286,nonexistent,4
0,23,telephone,(null),1,unknown,4359,professional.course,0,unknown,management,unknown,single,mar,287,success,5
1,23,telephone,(null),1,unknown,4359,professional.course,0,unknown,management,unknown,single,mar,287,success,5
0,20,cellular,tue,0,no,4094,basic.6y,-3,no,blue-collar,no,divorced,feb,284,failure,1
1,20,cellular,tue,0,no,4094,basic.6y,-3,no,blue-collar,no,divorced,feb,284,failure,1
0,14,cellular,tue,0,no,4313,basic.6y,-3,no,admin.,no,divorced,jul,291,failure,1
1,14,cellular,tue,0,no,4313,basic.6y,-3,no,admin.,no,divorced,jul,291,failure,1
0,15,cellular,wed,0,no,4266,basic.9y,-2,no,blue-collar,no,married,aug,284,nonexistent,2
1,15,cellular,wed,0,no,4266,basic.9y,-2,no,blue-collar,no,married,aug,284,nonexistent,2
0,14,cellular,tue,0,no,4235,basic.6y,-3,no,admin.,no,divorced,jan,298,failure,0
1,14,cellular,tue,0,no,4235,basic.6y,-3,no,admin.,no,divorced,jan,298,failure,0
0,15,cellular,wed,0,no,4281,basic.9y,-2,no,management,no,married,mar,287,nonexistent,2
1,15,cellular,wed,0,no,4281,basic.9y,-2,no,management,no,married,mar,287,nonexistent,2
0,14,cellular,tue,1,no,4094,basic.6y,-3,no,blue-collar,no,divorced,feb,284,failure,1
1,14,cellular,tue,1,no,4094,basic.6y,-3,no,blue-collar,no,divorced,feb,284,failure,1
0,17,cellular,wed,1,no,4266,basic.9y,-2,no,services,no,married,aug,270,nonexistent,2
1,17,cellular,wed,1,no,4266,basic.9y,-2,no,services,no,married,aug,270,nonexistent,2
0,20,telephone,fri,0,unknown,4312,illiterate,-1,unknown,housemaid,unknown,married,oct,274,nonexistent,4
1,20,telephone,fri,0,unknown,4312,illiterate,-1,unknown,housemaid,unknown,married,oct,274,nonexistent,4
0,14,cellular,mon,1,no,4064,basic.4y,-3,no,self-employed,no,divorced,jul,266,failure,0
1,14,cellular,mon,1,no,4064,basic.4y,-3,no,self-employed,no,divorced,jul,266,failure,0
0,17,cellular,wed,1,no,4110,basic.9y,-2,no,blue-collar,no,married,aug,270,nonexistent,2
1,17,cellular,wed,1,no,4110,basic.9y,-2,no,blue-collar,no,married,aug,270,nonexistent,2
0,23,telephone,(null),0,unknown,4359,basic.9y,0,unknown,technician,unknown,single,dec,263,success,5
1,23,telephone,(null),0,unknown,4359,basic.9y,0,unknown,technician,unknown,single,dec,263,success,5
0,21,cellular,wed,1,no,4243,professional.course,-2,no,services,no,married,nov,260,nonexistent,2
1,21,cellular,wed,1,no,4243,professional.course,-2,no,services,no,married,nov,260,nonexistent,2
0,24,telephone,(null),1,unknown,4289,high.school,0,unknown,unemployed,unknown,single,dec,256,success,6
1,24,telephone,(null),1,unknown,4289,high.school,0,unknown,unemployed,unknown,single,dec,256,success,6
0,18,telephone,(null),0,unknown,4367,professional.course,0,unknown,unemployed,unknown,single,sep,264,success,6
1,18,telephone,(null),0,unknown,4367,professional.course,0,unknown,unemployed,unknown,single,sep,264,success,6
0,17,telephone,fri,0,unknown,4273,illiterate,-1,unknown,technician,unknown,married,aug,262,nonexistent,4
1,17,telephone,fri,0,unknown,4273,illiterate,-1,unknown,technician,unknown,married,aug,262,nonexistent,4
0,17,telephone,(null),1,unknown,4281,professional.course,0,unknown,technician,unknown,single,nov,255,success,5
1,17,telephone,(null),1,unknown,4281,professional.course,0,unknown,technician,unknown,single,nov,255,success,5
0,17,telephone,(null),0,unknown,4281,professional.course,0,unknown,retired,unknown,single,dec,263,success,5
1,17,telephone,(null),0,unknown,4281,professional.course,0,unknown,retired,unknown,single,dec,263,success,5
0,21,cellular,wed,1,no,4172,professional.course,-2,no,student,no,married,nov,252,nonexistent,2
1,21,cellular,wed,1,no,4172,professional.course,-2,no,student,no,married,nov,252,nonexistent,2
0,23,telephone,fri,1,unknown,4172,illiterate,-1,unknown,technician,unknown,married,aug,254,nonexistent,4
1,23,telephone,fri,1,unknown,4172,illiterate,-1,unknown,technician,unknown,married,aug,254,nonexistent,4
0,14,cellular,tue,0,no,4079,basic.6y,-3,no,self-employed,no,divorced,oct,258,failure,0
1,14,cellular,tue,0,no,4079,basic.6y,-3,no,self-employed,no,divorced,oct,258,failure,0
0,16,telephone,thu,0,unknown,4180,high.school,-1,unknown,student,unknown,married,aug,261,nonexistent,3
1,16,telephone,thu,0,unknown,4180,high.school,-1,unknown,student,unknown,married,aug,261,nonexistent,3
0,15,cellular,wed,0,no,4087,basic.9y,-2,no,services,no,married,aug,260,nonexistent,2
1,15,cellular,wed,0,no,4087,basic.9y,-2,no,services,no,married,aug,260,nonexistent,2
0,17,telephone,fri,1,unknown,4195,professional.course,-1,unknown,technician,unknown,married,aug,254,nonexistent,4
1,17,telephone,fri,1,unknown,4195,professional.course,-1,unknown,technician,unknown,married,aug,254,nonexistent,4
0,17,telephone,fri,0,unknown,4117,basic.9y,-1,unknown,technician,unknown,married,aug,254,nonexistent,4
1,17,telephone,fri,0,unknown,4117,basic.9y,-1,unknown,technician,unknown,married,aug,254,nonexistent,4
0,21,cellular,wed,1,no,4087,basic.9y,-2,no,management,no,married,nov,260,nonexistent,2
1,21,cellular,wed,1,no,4087,basic.9y,-2,no,management,no,married,nov,260,nonexistent,2
0,24,telephone,(null),1,unknown,4211,professional.course,0,unknown,management,unknown,single,dec,256,success,6
1,24,telephone,(null),1,unknown,4211,professional.course,0,unknown,management,unknown,single,dec,256,success,6
0,23,telephone,(null),0,unknown,4187,professional.course,0,unknown,management,unknown,single,sep,263,success,5
1,23,telephone,(null),0,unknown,4187,professional.course,0,unknown,management,unknown,single,sep,263,success,5
0,24,telephone,(null),0,unknown,4133,professional.course,0,unknown,retired,unknown,single,sep,256,success,6
1,24,telephone,(null),0,unknown,4133,professional.course,0,unknown,retired,unknown,single,sep,256,success,6
0,17,telephone,fri,1,unknown,4195,illiterate,-1,unknown,housemaid,unknown,married,oct,262,nonexistent,4
1,17,telephone,fri,1,unknown,4195,illiterate,-1,unknown,housemaid,unknown,married,oct,262,nonexistent,4
0,18,telephone,(null),0,unknown,4211,professional.course,0,unknown,retired,unknown,single,dec,256,success,6
1,18,telephone,(null),0,unknown,4211,professional.course,0,unknown,retired,unknown,single,dec,256,success,6
0,18,telephone,(null),1,unknown,4133,professional.course,0,unknown,entrepreneur,unknown,single,dec,256,success,6
1,18,telephone,(null),1,unknown,4133,professional.course,0,unknown,entrepreneur,unknown,single,dec,256,success,6
0,18,telephone,(null),1,unknown,4133,professional.course,0,unknown,retired,unknown,single,sep,256,success,6
1,18,telephone,(null),1,unknown,4133,professional.course,0,unknown,retired,unknown,single,sep,256,success,6
0,20,telephone,fri,1,unknown,4344,illiterate,-1,unknown,student,unknown,married,apr,278,nonexistent,4
1,20,telephone,fri,1,unknown,4344,illiterate,-1,unknown,student,unknown,married,apr,278,nonexistent,4
0,18,cellular,wed,0,no,4250,basic.6y,-2,no,student,no,married,may,276,nonexistent,2
1,18,cellular,wed,0,no,4250,basic.6y,-2,no,student,no,married,may,276,nonexistent,2
0,18,cellular,wed,1,no,4250,professional.course,-2,no,student,no,married,feb,276,nonexistent,2
1,18,cellular,wed,1,no,4250,professional.course,-2,no,student,no,married,feb,276,nonexistent,2
0,22,telephone,(null),1,unknown,4343,professional.course,0,unknown,technician,unknown,single,may,271,success,5
1,22,telephone,(null),1,unknown,4343,professional.course,0,unknown,technician,unknown,single,may,271,success,5
0,23,telephone,(null),1,unknown,4359,professional.course,0,unknown,management,unknown,single,may,279,success,6
1,23,telephone,(null),1,unknown,4359,professional.course,0,unknown,management,unknown,single,may,279,success,6
0,21,cellular,wed,1,no,4172,basic.9y,-2,no,student,no,married,may,268,nonexistent,2
1,21,cellular,wed,1,no,4172,basic.9y,-2,no,student,no,married,may,268,nonexistent,2
0,20,cellular,tue,1,no,4079,basic.6y,-3,no,services,no,divorced,apr,267,failure,1
1,20,cellular,tue,1,no,4079,basic.6y,-3,no,services,no,divorced,apr,267,failure,1
0,21,cellular,wed,1,no,4172,basic.6y,-2,no,student,no,married,feb,276,nonexistent,2
1,21,cellular,wed,1,no,4172,basic.6y,-2,no,student,no,married,feb,276,nonexistent,2
0,22,telephone,thu,1,unknown,4180,professional.course,-1,unknown,student,unknown,married,feb,269,nonexistent,3
1,22,telephone,thu,1,unknown,4180,professional.course,-1,unknown,student,unknown,married,feb,269,nonexistent,3
0,22,telephone,thu,1,unknown,4102,basic.9y,-1,unknown,student,unknown,married,feb,269,nonexistent,3
1,22,telephone,thu,1,unknown,4102,basic.9y,-1,unknown,student,unknown,married,feb,269,nonexistent,3
0,16,telephone,thu,1,unknown,4180,basic.9y,-1,unknown,student,unknown,married,may,269,nonexistent,3
1,16,telephone,thu,1,unknown,4180,basic.9y,-1,unknown,student,unknown,married,may,269,nonexistent,3
0,19,telephone,thu,1,unknown,4180,high.school,-1,unknown,housemaid,unknown,married,may,277,nonexistent,3
1,19,telephone,thu,1,unknown,4180,high.school,-1,unknown,housemaid,unknown,married,may,277,nonexistent,3
0,21,telephone,fri,1,unknown,4195,illiterate,-1,unknown,housemaid,unknown,married,feb,278,nonexistent,4
1,21,telephone,fri,1,unknown,4195,illiterate,-1,unknown,housemaid,unknown,married,feb,278,nonexistent,4
0,16,cellular,tue,0,no,4079,basic.6y,-3,no,housemaid,no,divorced,apr,275,failure,1
1,16,cellular,tue,0,no,4079,basic.6y,-3,no,housemaid,no,divorced,apr,275,failure,1
0,18,cellular,wed,0,no,4094,basic.9y,-2,no,blue-collar,no,married,may,276,nonexistent,2
1,18,cellular,wed,0,no,4094,basic.9y,-2,no,blue-collar,no,married,may,276,nonexistent,2
0,18,cellular,wed,1,no,4094,basic.9y,-2,no,management,no,married,feb,276,nonexistent,2
1,18,cellular,wed,1,no,4094,basic.9y,-2,no,management,no,married,feb,276,nonexistent,2
0,19,telephone,thu,1,unknown,4102,professional.course,-1,unknown,blue-collar,unknown,married,feb,277,nonexistent,3
1,19,telephone,thu,1,unknown,4102,professional.course,-1,unknown,blue-collar,unknown,married,feb,277,nonexistent,3
0,22,telephone,(null),1,unknown,4125,basic.9y,0,unknown,entrepreneur,unknown,single,mar,279,success,5
1,22,telephone,(null),1,unknown,4125,basic.9y,0,unknown,entrepreneur,unknown,single,mar,279,success,5
0,22,telephone,(null),1,unknown,4203,professional.course,0,unknown,management,unknown,single,may,271,success,5
1,22,telephone,(null),1,unknown,4203,professional.course,0,unknown,management,unknown,single,may,271,success,5
0,17,cellular,wed,1,no,4087,professional.course,-2,no,management,no,married,may,268,nonexistent,2
1,17,cellular,wed,1,no,4087,professional.course,-2,no,management,no,married,may,268,nonexistent,2
0,20,telephone,fri,1,unknown,4110,basic.9y,-1,unknown,management,unknown,married,may,270,nonexistent,4
1,20,telephone,fri,1,unknown,4110,basic.9y,-1,unknown,management,unknown,married,may,270,nonexistent,4
0,23,telephone,(null),1,unknown,4133,high.school,0,unknown,entrepreneur,unknown,single,jun,272,success,6
1,23,telephone,(null),1,unknown,4133,high.school,0,unknown,entrepreneur,unknown,single,jun,272,success,6
0,23,telephone,(null),1,unknown,4133,high.school,0,unknown,retired,unknown,single,mar,272,success,6
1,23,telephone,(null),1,unknown,4133,high.school,0,unknown,retired,unknown,single,mar,272,success,6
0,23,telephone,(null),0,unknown,4289,professional.course,0,unknown,unemployed,unknown,single,jun,264,success,6
1,23,telephone,(null),0,unknown,4289,professional.course,0,unknown,unemployed,unknown,single,jun,264,success,6
0,21,telephone,fri,0,unknown,4172,illiterate,-1,unknown,technician,unknown,married,apr,262,nonexistent,4
1,21,telephone,fri,0,unknown,4172,illiterate,-1,unknown,technician,unknown,married,apr,262,nonexistent,4
0,21,telephone,fri,1,unknown,4117,professional.course,-1,unknown,technician,unknown,married,may,254,nonexistent,4
1,21,telephone,fri,1,unknown,4117,professional.course,-1,unknown,technician,unknown,married,may,254,nonexistent,4
0,23,telephone,(null),1,unknown,4133,high.school,0,unknown,unemployed,unknown,single,jun,256,success,6
1,23,telephone,(null),1,unknown,4133,high.school,0,unknown,unemployed,unknown,single,jun,256,success,6
0,14,cellular,tue,0,no,3993,basic.6y,-3,no,admin.,no,divorced,jan,282,failure,0
1,14,cellular,tue,0,no,3993,basic.6y,-3,no,admin.,no,divorced,jan,282,failure,0
0,20,cellular,mon,1,no,3908,basic.4y,-3,no,admin.,no,divorced,jul,266,failure,0
1,20,cellular,mon,1,no,3908,basic.4y,-3,no,admin.,no,divorced,jul,266,failure,0
0,20,cellular,tue,0,no,3993,basic.4y,-3,no,self-employed,no,divorced,jul,258,failure,0
1,20,cellular,tue,0,no,3993,basic.4y,-3,no,self-employed,no,divorced,jul,258,failure,0
0,20,cellular,tue,0,no,3938,basic.6y,-3,no,services,no,divorced,jul,251,failure,1
1,20,cellular,tue,0,no,3938,basic.6y,-3,no,services,no,divorced,jul,251,failure,1
0,20,cellular,tue,0,no,3923,basic.6y,-3,no,admin.,no,divorced,oct,258,failure,0
1,20,cellular,tue,0,no,3923,basic.6y,-3,no,admin.,no,divorced,oct,258,failure,0
0,21,cellular,wed,1,no,4016,basic.9y,-2,no,management,no,married,nov,252,nonexistent,2
1,21,cellular,wed,1,no,4016,basic.9y,-2,no,management,no,married,nov,252,nonexistent,2
0,22,telephone,thu,0,unknown,3985,high.school,-1,unknown,housemaid,unknown,married,aug,257,nonexistent,3
1,22,telephone,thu,0,unknown,3985,high.school,-1,unknown,housemaid,unknown,married,aug,257,nonexistent,3
0,23,cellular,mon,1,no,3908,basic.4y,-3,no,self-employed,no,divorced,jan,266,failure,0
1,23,cellular,mon,1,no,3908,basic.4y,-3,no,self-employed,no,divorced,jan,266,failure,0
0,20,cellular,mon,1,no,3986,basic.4y,-3,no,self-employed,no,divorced,apr,266,failure,0
1,20,cellular,mon,1,no,3986,basic.4y,-3,no,self-employed,no,divorced,apr,266,failure,0
0,23,cellular,wed,1,no,4016,basic.9y,-2,no,entrepreneur,no,married,mar,271,nonexistent,2
1,23,cellular,wed,1,no,4016,basic.9y,-2,no,entrepreneur,no,married,mar,271,nonexistent,2
0,23,cellular,tue,0,no,3923,basic.6y,-3,no,blue-collar,no,divorced,apr,267,failure,1
1,23,cellular,tue,0,no,3923,basic.6y,-3,no,blue-collar,no,divorced,apr,267,failure,1
0,23,cellular,wed,1,no,3938,basic.9y,-2,no,entrepreneur,no,married,feb,268,nonexistent,2
1,23,cellular,wed,1,no,3938,basic.9y,-2,no,entrepreneur,no,married,feb,268,nonexistent,2
0,20,cellular,wed,1,no,3969,basic.9y,-2,no,entrepreneur,no,married,mar,268,nonexistent,2
1,20,cellular,wed,1,no,3969,basic.9y,-2,no,entrepreneur,no,married,mar,268,nonexistent,2
0,20,cellular,tue,1,no,3923,basic.6y,-3,no,self-employed,no,divorced,apr,258,failure,0
1,20,cellular,tue,1,no,3923,basic.6y,-3,no,self-employed,no,divorced,apr,258,failure,0
0,23,telephone,fri,0,unknown,4039,basic.9y,-1,unknown,technician,unknown,married,may,254,nonexistent,4
1,23,telephone,fri,0,unknown,4039,basic.9y,-1,unknown,technician,unknown,married,may,254,nonexistent,4
0,20,cellular,tue,0,no,3923,illiterate,-3,no,services,no,divorced,apr,251,failure,1
1,20,cellular,tue,0,no,3923,illiterate,-3,no,services,no,divorced,apr,251,failure,1
0,22,telephone,thu,1,unknown,4024,high.school,-1,unknown,student,unknown,married,feb,261,nonexistent,3
1,22,telephone,thu,1,unknown,4024,high.school,-1,unknown,student,unknown,married,feb,261,nonexistent,3
0,21,cellular,wed,1,no,3931,basic.9y,-2,no,services,no,married,feb,260,nonexistent,2
1,21,cellular,wed,1,no,3931,basic.9y,-2,no,services,no,married,feb,260,nonexistent,2
0,23,telephone,fri,1,unknown,3961,basic.9y,-1,unknown,technician,unknown,married,feb,254,nonexistent,4
1,23,telephone,fri,1,unknown,3961,basic.9y,-1,unknown,technician,unknown,married,feb,254,nonexistent,4
0,22,telephone,fri,0,unknown,3954,illiterate,-1,unknown,management,unknown,married,feb,262,nonexistent,4
1,22,telephone,fri,0,unknown,3954,illiterate,-1,unknown,management,unknown,married,feb,262,nonexistent,4
0,24,telephone,(null),1,unknown,4055,professional.course,0,unknown,retired,unknown,single,jun,256,success,6
1,24,telephone,(null),1,unknown,4055,professional.course,0,unknown,retired,unknown,single,jun,256,success,6
0,20,cellular,tue,1,no,3766,basic.6y,-3,no,blue-collar,no,divorced,jul,251,failure,0
1,20,cellular,tue,1,no,3766,basic.6y,-3,no,blue-collar,no,divorced,jul,251,failure,0
0,23,cellular,tue,0,no,3837,basic.6y,-3,no,self-employed,no,divorced,jan,258,failure,0
1,23,cellular,tue,0,no,3837,basic.6y,-3,no,self-employed,no,divorced,jan,258,failure,0
0,20,cellular,tue,1,no,3837,basic.6y,-3,no,self-employed,no,divorced,jan,258,failure,0
1,20,cellular,tue,1,no,3837,basic.6y,-3,no,self-employed,no,divorced,jan,258,failure,0
0,20,cellular,wed,0,no,3860,basic.9y,-2,no,student,no,married,feb,252,nonexistent,2
1,20,cellular,wed,0,no,3860,basic.9y,-2,no,student,no,married,feb,252,nonexistent,2
0,23,cellular,wed,0,no,3774,basic.9y,-2,no,blue-collar,no,married,feb,260,nonexistent,2
1,23,cellular,wed,0,no,3774,basic.9y,-2,no,blue-collar,no,married,feb,260,nonexistent,2
0,20,cellular,tue,0,no,3758,basic.6y,-3,no,admin.,no,divorced,apr,258,failure,0
1,20,cellular,tue,0,no,3758,basic.6y,-3,no,admin.,no,divorced,apr,258,failure,0
0,20,cellular,wed,0,no,3774,basic.9y,-2,no,blue-collar,no,married,feb,260,nonexistent,2
1,20,cellular,wed,0,no,3774,basic.9y,-2,no,blue-collar,no,married,feb,260,nonexistent,2
0,21,telephone,fri,0,unknown,3860,illiterate,-1,unknown,housemaid,unknown,married,feb,254,nonexistent,4
1,21,telephone,fri,0,unknown,3860,illiterate,-1,unknown,housemaid,unknown,married,feb,254,nonexistent,4
0,14,cellular,mon,1,no,3986,basic.4y,-3,no,admin.,no,divorced,oct,266,failure,0
1,14,cellular,mon,1,no,3986,basic.4y,-3,no,admin.,no,divorced,oct,266,failure,0
0,14,cellular,tue,1,no,4001,basic.6y,-3,no,blue-collar,no,divorced,jul,267,failure,1
1,14,cellular,tue,1,no,4001,basic.6y,-3,no,blue-collar,no,divorced,jul,267,failure,1
0,14,cellular,tue,0,no,4001,basic.6y,-3,no,services,no,divorced,oct,251,failure,1
1,14,cellular,tue,0,no,4001,basic.6y,-3,no,services,no,divorced,oct,251,failure,1
0,14,cellular,tue,1,no,3993,basic.4y,-3,no,self-employed,no,divorced,jul,258,failure,0
1,14,cellular,tue,1,no,3993,basic.4y,-3,no,self-employed,no,divorced,jul,258,failure,0
0,14,cellular,tue,0,no,4001,illiterate,-3,no,services,no,divorced,jul,251,failure,1
1,14,cellular,tue,0,no,4001,illiterate,-3,no,services,no,divorced,jul,251,failure,1
0,14,cellular,tue,1,no,3923,basic.6y,-3,no,services,no,divorced,jul,251,failure,1
1,14,cellular,tue,1,no,3923,basic.6y,-3,no,services,no,divorced,jul,251,failure,1
0,14,cellular,tue,1,no,3923,basic.6y,-3,no,admin.,no,divorced,oct,258,failure,0
1,14,cellular,tue,1,no,3923,basic.6y,-3,no,admin.,no,divorced,oct,258,failure,0
0,14,cellular,tue,0,no,3923,basic.6y,-3,no,housemaid,no,divorced,oct,251,failure,1
1,14,cellular,tue,0,no,3923,basic.6y,-3,no,housemaid,no,divorced,oct,251,failure,1
0,14,cellular,tue,1,no,3915,basic.6y,-3,no,housemaid,no,divorced,jul,258,failure,0
1,14,cellular,tue,1,no,3915,basic.6y,-3,no,housemaid,no,divorced,jul,258,failure,0
0,14,cellular,tue,1,no,3845,basic.6y,-3,no,admin.,no,divorced,oct,251,failure,1
1,14,cellular,tue,1,no,3845,basic.6y,-3,no,admin.,no,divorced,oct,251,failure,1
0,14,cellular,tue,0,no,3837,basic.6y,-3,no,admin.,no,divorced,jul,258,failure,0
1,14,cellular,tue,0,no,3837,basic.6y,-3,no,admin.,no,divorced,jul,258,failure,0
0,14,cellular,tue,1,no,3845,basic.6y,-3,no,housemaid,no,divorced,jul,251,failure,1
1,14,cellular,tue,1,no,3845,basic.6y,-3,no,housemaid,no,divorced,jul,251,failure,1
0,14,cellular,mon,1,no,3986,illiterate,-3,no,self-employed,no,divorced,jan,266,failure,0
1,14,cellular,mon,1,no,3986,illiterate,-3,no,self-employed,no,divorced,jan,266,failure,0
0,14,cellular,tue,0,no,3923,basic.6y,-3,no,admin.,no,divorced,jan,275,failure,1
1,14,cellular,tue,0,no,3923,basic.6y,-3,no,admin.,no,divorced,jan,275,failure,1
0,16,telephone,thu,1,unknown,4024,high.school,-1,unknown,housemaid,unknown,married,apr,269,nonexistent,3
1,16,telephone,thu,1,unknown,4024,high.school,-1,unknown,housemaid,unknown,married,apr,269,nonexistent,3
0,15,cellular,wed,0,no,3853,basic.9y,-2,no,blue-collar,no,married,feb,268,nonexistent,2
1,15,cellular,wed,0,no,3853,basic.9y,-2,no,blue-collar,no,married,feb,268,nonexistent,2
0,16,telephone,fri,0,unknown,4000,illiterate,-1,unknown,self-employed,unknown,married,apr,258,nonexistent,4
1,16,telephone,fri,0,unknown,4000,illiterate,-1,unknown,self-employed,unknown,married,apr,258,nonexistent,4
0,15,cellular,wed,1,no,3860,basic.9y,-2,no,student,no,married,feb,252,nonexistent,2
1,15,cellular,wed,1,no,3860,basic.9y,-2,no,student,no,married,feb,252,nonexistent,2
0,14,cellular,tue,0,no,3766,basic.6y,-3,no,services,no,divorced,jan,251,failure,1
1,14,cellular,tue,0,no,3766,basic.6y,-3,no,services,no,divorced,jan,251,failure,1
0,15,cellular,wed,1,no,3797,basic.9y,-2,no,blue-collar,no,married,feb,260,nonexistent,2
1,15,cellular,wed,1,no,3797,basic.9y,-2,no,blue-collar,no,married,feb,260,nonexistent,2
0,17,telephone,fri,1,unknown,3883,illiterate,-1,unknown,blue-collar,unknown,married,may,254,nonexistent,4
1,17,telephone,fri,1,unknown,3883,illiterate,-1,unknown,blue-collar,unknown,married,may,254,nonexistent,4
0,17,telephone,fri,1,unknown,3883,illiterate,-1,unknown,management,unknown,married,feb,254,nonexistent,4
1,17,telephone,fri,1,unknown,3883,illiterate,-1,unknown,management,unknown,married,feb,254,nonexistent,4
0,2,cellular,tue,0,no,4305,basic.4y,-3,no,self-employed,no,divorced,jul,282,failure,0
1,2,cellular,tue,0,no,4305,basic.4y,-3,no,self-employed,no,divorced,jul,282,failure,0
0,3,cellular,tue,1,no,4250,basic.6y,-3,no,blue-collar,no,divorced,aug,284,failure,1
1,3,cellular,tue,1,no,4250,basic.6y,-3,no,blue-collar,no,divorced,aug,284,failure,1
0,2,cellular,tue,0,no,4149,basic.6y,-3,no,admin.,no,divorced,jul,282,failure,0
1,2,cellular,tue,0,no,4149,basic.6y,-3,no,admin.,no,divorced,jul,282,failure,0
0,2,cellular,tue,1,no,4235,basic.6y,-3,no,admin.,no,divorced,jan,299,failure,0
1,2,cellular,tue,1,no,4235,basic.6y,-3,no,admin.,no,divorced,jan,299,failure,0
0,1,cellular,mon,1,no,4220,basic.4y,-3,no,self-employed,no,divorced,jan,290,failure,0
1,1,cellular,mon,1,no,4220,basic.4y,-3,no,self-employed,no,divorced,jan,290,failure,0
0,5,cellular,wed,1,no,4328,basic.9y,-2,no,student,no,married,mar,284,nonexistent,2
1,5,cellular,wed,1,no,4328,basic.9y,-2,no,student,no,married,mar,284,nonexistent,2
0,2,cellular,tue,0,no,4227,basic.4y,-3,no,self-employed,no,divorced,apr,282,failure,0
1,2,cellular,tue,0,no,4227,basic.4y,-3,no,self-employed,no,divorced,apr,282,failure,0
0,2,cellular,tue,0,no,4227,illiterate,-3,no,self-employed,no,divorced,jan,282,failure,0
1,2,cellular,tue,0,no,4227,illiterate,-3,no,self-employed,no,divorced,jan,282,failure,0
0,5,cellular,wed,1,no,4250,basic.6y,-2,no,services,no,married,feb,284,nonexistent,2
1,5,cellular,wed,1,no,4250,basic.6y,-2,no,services,no,married,feb,284,nonexistent,2
0,4,cellular,wed,0,no,4321,basic.6y,-2,no,management,no,married,may,292,nonexistent,2
1,4,cellular,wed,0,no,4321,basic.6y,-2,no,management,no,married,may,292,nonexistent,2
0,4,cellular,wed,0,no,4321,professional.course,-2,no,management,no,married,feb,292,nonexistent,2
1,4,cellular,wed,0,no,4321,professional.course,-2,no,management,no,married,feb,292,nonexistent,2
0,8,telephone,fri,0,unknown,4344,basic.9y,-1,unknown,management,unknown,married,feb,294,nonexistent,4
1,8,telephone,fri,0,unknown,4344,basic.9y,-1,unknown,management,unknown,married,feb,294,nonexistent,4
0,9,telephone,fri,1,unknown,4351,illiterate,-1,unknown,blue-collar,unknown,married,feb,294,nonexistent,4
1,9,telephone,fri,1,unknown,4351,illiterate,-1,unknown,blue-collar,unknown,married,feb,294,nonexistent,4
0,3,cellular,tue,0,no,4235,basic.6y,-3,no,blue-collar,no,divorced,apr,291,failure,1
1,3,cellular,tue,0,no,4235,basic.6y,-3,no,blue-collar,no,divorced,apr,291,failure,1
0,5,cellular,wed,0,no,4250,basic.9y,-2,no,entrepreneur,no,married,feb,292,nonexistent,2
1,5,cellular,wed,0,no,4250,basic.9y,-2,no,entrepreneur,no,married,feb,292,nonexistent,2
0,9,telephone,fri,0,unknown,4351,illiterate,-1,unknown,housemaid,unknown,married,apr,286,nonexistent,4
1,9,telephone,fri,0,unknown,4351,illiterate,-1,unknown,housemaid,unknown,married,apr,286,nonexistent,4
0,2,cellular,tue,0,no,4227,illiterate,-3,no,housemaid,no,divorced,apr,282,failure,0
1,2,cellular,tue,0,no,4227,illiterate,-3,no,housemaid,no,divorced,apr,282,failure,0
0,5,cellular,wed,1,no,4250,basic.6y,-2,no,management,no,married,may,284,nonexistent,2
1,5,cellular,wed,1,no,4250,basic.6y,-2,no,management,no,married,may,284,nonexistent,2
0,5,cellular,wed,1,no,4250,professional.course,-2,no,blue-collar,no,married,may,284,nonexistent,2
1,5,cellular,wed,1,no,4250,professional.course,-2,no,blue-collar,no,married,may,284,nonexistent,2
0,9,telephone,fri,1,unknown,4273,basic.9y,-1,unknown,blue-collar,unknown,married,may,286,nonexistent,4
1,9,telephone,fri,1,unknown,4273,basic.9y,-1,unknown,blue-collar,unknown,married,may,286,nonexistent,4
0,9,telephone,fri,1,unknown,4273,basic.9y,-1,unknown,management,unknown,married,feb,286,nonexistent,4
1,9,telephone,fri,1,unknown,4273,basic.9y,-1,unknown,management,unknown,married,feb,286,nonexistent,4
0,10,telephone,(null),1,unknown,4281,professional.course,0,unknown,entrepreneur,unknown,single,mar,287,success,5
1,10,telephone,(null),1,unknown,4281,professional.course,0,unknown,entrepreneur,unknown,single,mar,287,success,5
0,2,cellular,tue,0,no,4149,basic.6y,-3,no,self-employed,no,divorced,jan,282,failure,0
1,2,cellular,tue,0,no,4149,basic.6y,-3,no,self-employed,no,divorced,jan,282,failure,0
0,1,cellular,mon,1,no,4142,basic.4y,-3,no,admin.,no,divorced,apr,290,failure,0
1,1,cellular,mon,1,no,4142,basic.4y,-3,no,admin.,no,divorced,apr,290,failure,0
0,3,cellular,tue,1,no,4157,basic.6y,-3,no,blue-collar,no,divorced,jan,291,failure,1
1,3,cellular,tue,1,no,4157,basic.6y,-3,no,blue-collar,no,divorced,jan,291,failure,1
0,2,cellular,tue,0,no,4149,basic.6y,-3,no,housemaid,no,divorced,apr,282,failure,0
1,2,cellular,tue,0,no,4149,basic.6y,-3,no,housemaid,no,divorced,apr,282,failure,0
0,2,cellular,tue,1,no,4149,illiterate,-3,no,admin.,no,divorced,apr,282,failure,0
1,2,cellular,tue,1,no,4149,illiterate,-3,no,admin.,no,divorced,apr,282,failure,0
0,2,cellular,tue,1,no,4149,illiterate,-3,no,housemaid,no,divorced,jan,282,failure,0
1,2,cellular,tue,1,no,4149,illiterate,-3,no,housemaid,no,divorced,jan,282,failure,0
0,2,cellular,tue,1,no,4071,basic.6y,-3,no,admin.,no,divorced,apr,282,failure,0
1,2,cellular,tue,1,no,4071,basic.6y,-3,no,admin.,no,divorced,apr,282,failure,0
0,2,cellular,tue,0,no,3993,basic.6y,-3,no,admin.,no,divorced,jan,282,failure,0
1,2,cellular,tue,0,no,3993,basic.6y,-3,no,admin.,no,divorced,jan,282,failure,0
0,3,cellular,tue,0,no,4313,basic.6y,-3,no,self-employed,no,divorced,oct,275,failure,1
1,3,cellular,tue,0,no,4313,basic.6y,-3,no,self-employed,no,divorced,oct,275,failure,1
0,3,cellular,tue,0,no,4313,illiterate,-3,no,self-employed,no,divorced,jul,275,failure,1
1,3,cellular,tue,0,no,4313,illiterate,-3,no,self-employed,no,divorced,jul,275,failure,1
0,7,telephone,thu,0,unknown,4336,basic.9y,-1,unknown,services,unknown,married,aug,277,nonexistent,3
1,7,telephone,thu,0,unknown,4336,basic.9y,-1,unknown,services,unknown,married,aug,277,nonexistent,3
0,3,cellular,tue,1,no,4235,basic.6y,-3,no,self-employed,no,divorced,jul,275,failure,1
1,3,cellular,tue,1,no,4235,basic.6y,-3,no,self-employed,no,divorced,jul,275,failure,1
0,4,cellular,wed,0,no,4321,professional.course,-2,no,services,no,married,nov,268,nonexistent,2
1,4,cellular,wed,0,no,4321,professional.course,-2,no,services,no,married,nov,268,nonexistent,2
0,7,telephone,thu,0,unknown,4336,basic.9y,-1,unknown,student,unknown,married,nov,269,nonexistent,3
1,7,telephone,thu,0,unknown,4336,basic.9y,-1,unknown,student,unknown,married,nov,269,nonexistent,3
0,11,telephone,(null),1,unknown,4367,high.school,0,unknown,student,unknown,single,sep,272,success,6
1,11,telephone,(null),1,unknown,4367,high.school,0,unknown,student,unknown,single,sep,272,success,6
0,1,cellular,mon,0,no,4220,illiterate,-3,no,self-employed,no,divorced,oct,266,failure,0
1,1,cellular,mon,0,no,4220,illiterate,-3,no,self-employed,no,divorced,oct,266,failure,0
0,4,cellular,wed,1,no,4243,basic.6y,-2,no,services,no,married,nov,268,nonexistent,2
1,4,cellular,wed,1,no,4243,basic.6y,-2,no,services,no,married,nov,268,nonexistent,2
0,1,cellular,mon,0,no,4220,illiterate,-3,no,technician,no,divorced,jul,266,failure,0
1,1,cellular,mon,0,no,4220,illiterate,-3,no,technician,no,divorced,jul,266,failure,0
0,7,telephone,thu,1,unknown,4336,high.school,-1,unknown,housemaid,unknown,married,nov,277,nonexistent,3
1,7,telephone,thu,1,unknown,4336,high.school,-1,unknown,housemaid,unknown,married,nov,277,nonexistent,3
0,9,telephone,fri,1,unknown,4351,illiterate,-1,unknown,housemaid,unknown,married,aug,278,nonexistent,4
1,9,telephone,fri,1,unknown,4351,illiterate,-1,unknown,housemaid,unknown,married,aug,278,nonexistent,4
0,3,cellular,tue,1,no,4235,basic.6y,-3,no,housemaid,no,divorced,oct,275,failure,1
1,3,cellular,tue,1,no,4235,basic.6y,-3,no,housemaid,no,divorced,oct,275,failure,1
0,5,cellular,wed,1,no,4250,basic.9y,-2,no,blue-collar,no,married,nov,276,nonexistent,2
1,5,cellular,wed,1,no,4250,basic.9y,-2,no,blue-collar,no,married,nov,276,nonexistent,2
0,5,cellular,wed,1,no,4250,basic.9y,-2,no,management,no,married,aug,276,nonexistent,2
1,5,cellular,wed,1,no,4250,basic.9y,-2,no,management,no,married,aug,276,nonexistent,2
0,10,telephone,(null),1,unknown,4281,basic.9y,0,unknown,entrepreneur,unknown,single,sep,279,success,5
1,10,telephone,(null),1,unknown,4281,basic.9y,0,unknown,entrepreneur,unknown,single,sep,279,success,5
0,11,telephone,(null),0,unknown,4367,high.school,0,unknown,retired,unknown,single,dec,272,success,6
1,11,telephone,(null),0,unknown,4367,high.school,0,unknown,retired,unknown,single,dec,272,success,6
0,7,telephone,thu,0,unknown,4258,high.school,-1,unknown,management,unknown,married,nov,269,nonexistent,3
1,7,telephone,thu,0,unknown,4258,high.school,-1,unknown,management,unknown,married,nov,269,nonexistent,3
0,11,telephone,(null),1,unknown,4289,high.school,0,unknown,entrepreneur,unknown,single,dec,272,success,6
1,11,telephone,(null),1,unknown,4289,high.school,0,unknown,entrepreneur,unknown,single,dec,272,success,6
0,11,telephone,(null),1,unknown,4289,high.school,0,unknown,retired,unknown,single,sep,272,success,6
1,11,telephone,(null),1,unknown,4289,high.school,0,unknown,retired,unknown,single,sep,272,success,6
0,10,telephone,(null),0,unknown,4359,basic.9y,0,unknown,student,unknown,single,jun,279,success,5
1,10,telephone,(null),0,unknown,4359,basic.9y,0,unknown,student,unknown,single,jun,279,success,5
0,9,telephone,fri,0,unknown,4351,professional.course,-1,unknown,technician,unknown,married,feb,278,nonexistent,4
1,9,telephone,fri,0,unknown,4351,professional.course,-1,unknown,technician,unknown,married,feb,278,nonexistent,4
0,11,telephone,(null),0,unknown,4367,high.school,0,unknown,unemployed,unknown,single,mar,280,success,6
1,11,telephone,(null),0,unknown,4367,high.school,0,unknown,unemployed,unknown,single,mar,280,success,6
0,3,cellular,tue,1,no,4235,illiterate,-3,no,self-employed,no,divorced,apr,275,failure,1
1,3,cellular,tue,1,no,4235,illiterate,-3,no,self-employed,no,divorced,apr,275,failure,1
0,10,telephone,(null),0,unknown,4359,university.degree,0,unknown,technician,unknown,single,jun,271,success,5
1,10,telephone,(null),0,unknown,4359,university.degree,0,unknown,technician,unknown,single,jun,271,success,5
0,9,telephone,fri,1,unknown,4273,illiterate,-1,unknown,technician,unknown,married,apr,270,nonexistent,4
1,9,telephone,fri,1,unknown,4273,illiterate,-1,unknown,technician,unknown,married,apr,270,nonexistent,4
0,11,telephone,(null),1,unknown,4359,professional.course,0,unknown,management,unknown,single,may,280,success,6
1,11,telephone,(null),1,unknown,4359,professional.course,0,unknown,management,unknown,single,may,280,success,6
0,3,cellular,tue,0,no,4157,basic.6y,-3,no,services,no,divorced,aug,267,failure,1
1,3,cellular,tue,0,no,4157,basic.6y,-3,no,services,no,divorced,aug,267,failure,1
0,3,cellular,tue,1,no,4157,basic.6y,-3,no,admin.,no,divorced,oct,275,failure,1
1,3,cellular,tue,1,no,4157,basic.6y,-3,no,admin.,no,divorced,oct,275,failure,1
0,3,cellular,tue,1,no,4157,illiterate,-3,no,admin.,no,divorced,jul,275,failure,1
1,3,cellular,tue,1,no,4157,illiterate,-3,no,admin.,no,divorced,jul,275,failure,1
0,3,cellular,tue,0,no,4079,basic.6y,-3,no,admin.,no,divorced,jul,275,failure,1
1,3,cellular,tue,0,no,4079,basic.6y,-3,no,admin.,no,divorced,jul,275,failure,1
0,7,telephone,thu,1,unknown,4180,high.school,-1,unknown,housemaid,unknown,married,oct,269,nonexistent,3
1,7,telephone,thu,1,unknown,4180,high.school,-1,unknown,housemaid,unknown,married,oct,269,nonexistent,3
0,1,cellular,mon,1,no,4064,illiterate,-3,no,admin.,no,divorced,oct,266,failure,0
1,1,cellular,mon,1,no,4064,illiterate,-3,no,admin.,no,divorced,oct,266,failure,0
0,4,cellular,wed,1,no,4165,basic.9y,-2,no,services,no,married,feb,276,nonexistent,2
1,4,cellular,wed,1,no,4165,basic.9y,-2,no,services,no,married,feb,276,nonexistent,2
0,3,cellular,tue,1,no,4079,basic.6y,-3,no,services,no,divorced,jan,275,failure,1
1,3,cellular,tue,1,no,4079,basic.6y,-3,no,services,no,divorced,jan,275,failure,1
0,5,cellular,wed,0,no,4172,professional.course,-2,no,technician,no,married,feb,268,nonexistent,2
1,5,cellular,wed,0,no,4172,professional.course,-2,no,technician,no,married,feb,268,nonexistent,2
0,9,telephone,fri,1,unknown,4195,basic.9y,-1,unknown,unemployed,unknown,married,feb,270,nonexistent,4
1,9,telephone,fri,1,unknown,4195,basic.9y,-1,unknown,unemployed,unknown,married,feb,270,nonexistent,4
0,4,cellular,wed,0,no,4087,basic.6y,-2,no,services,no,married,may,268,nonexistent,2
1,4,cellular,wed,0,no,4087,basic.6y,-2,no,services,no,married,may,268,nonexistent,2
0,4,cellular,wed,0,no,4087,professional.course,-2,no,services,no,married,feb,268,nonexistent,2
1,4,cellular,wed,0,no,4087,professional.course,-2,no,services,no,married,feb,268,nonexistent,2
0,5,cellular,wed,1,no,4094,basic.6y,-2,no,technician,no,married,feb,268,nonexistent,2
1,5,cellular,wed,1,no,4094,basic.6y,-2,no,technician,no,married,feb,268,nonexistent,2
0,11,telephone,(null),1,unknown,4211,professional.course,0,unknown,entrepreneur,unknown,single,mar,280,success,6
1,11,telephone,(null),1,unknown,4211,professional.course,0,unknown,entrepreneur,unknown,single,mar,280,success,6
0,3,cellular,tue,0,no,4079,basic.6y,-3,no,housemaid,no,divorced,apr,275,failure,1
1,3,cellular,tue,0,no,4079,basic.6y,-3,no,housemaid,no,divorced,apr,275,failure,1
0,10,telephone,(null),0,unknown,4187,professional.course,0,unknown,management,unknown,single,may,271,success,5
1,10,telephone,(null),0,unknown,4187,professional.course,0,unknown,management,unknown,single,may,271,success,5
0,9,telephone,fri,1,unknown,4328,illiterate,-1,unknown,technician,unknown,married,oct,262,nonexistent,4
1,9,telephone,fri,1,unknown,4328,illiterate,-1,unknown,technician,unknown,married,oct,262,nonexistent,4
0,8,telephone,fri,1,unknown,4266,professional.course,-1,unknown,unemployed,unknown,married,nov,254,nonexistent,4
1,8,telephone,fri,1,unknown,4266,professional.course,-1,unknown,unemployed,unknown,married,nov,254,nonexistent,4
0,11,telephone,(null),0,unknown,4289,university.degree,0,unknown,unemployed,unknown,single,jun,264,success,6
1,11,telephone,(null),0,unknown,4289,university.degree,0,unknown,unemployed,unknown,single,jun,264,success,6
0,4,cellular,wed,1,no,4165,basic.9y,-2,no,services,no,married,nov,260,nonexistent,2
1,4,cellular,wed,1,no,4165,basic.9y,-2,no,services,no,married,nov,260,nonexistent,2
0,7,telephone,thu,0,unknown,4180,basic.9y,-1,unknown,unemployed,unknown,married,aug,261,nonexistent,3
1,7,telephone,thu,0,unknown,4180,basic.9y,-1,unknown,unemployed,unknown,married,aug,261,nonexistent,3
0,2,cellular,tue,1,no,4071,basic.6y,-3,no,self-employed,no,divorced,oct,258,failure,0
1,2,cellular,tue,1,no,4071,basic.6y,-3,no,self-employed,no,divorced,oct,258,failure,0
0,9,telephone,fri,1,unknown,4195,basic.9y,-1,unknown,technician,unknown,married,nov,254,nonexistent,4
1,9,telephone,fri,1,unknown,4195,basic.9y,-1,unknown,technician,unknown,married,nov,254,nonexistent,4
0,10,telephone,(null),0,unknown,4203,professional.course,0,unknown,technician,unknown,single,sep,255,success,5
1,10,telephone,(null),0,unknown,4203,professional.course,0,unknown,technician,unknown,single,sep,255,success,5
0,7,telephone,thu,0,unknown,4102,high.school,-1,unknown,student,unknown,married,oct,253,nonexistent,3
1,7,telephone,thu,0,unknown,4102,high.school,-1,unknown,student,unknown,married,oct,253,nonexistent,3
0,8,telephone,fri,0,unknown,4110,illiterate,-1,unknown,blue-collar,unknown,married,nov,262,nonexistent,4
1,8,telephone,fri,0,unknown,4110,illiterate,-1,unknown,blue-collar,unknown,married,nov,262,nonexistent,4
0,8,telephone,fri,1,unknown,4110,illiterate,-1,unknown,management,unknown,married,aug,262,nonexistent,4
1,8,telephone,fri,1,unknown,4110,illiterate,-1,unknown,management,unknown,married,aug,262,nonexistent,4
0,11,telephone,(null),1,unknown,4211,professional.course,0,unknown,retired,unknown,single,dec,256,success,6
1,11,telephone,(null),1,unknown,4211,professional.course,0,unknown,retired,unknown,single,dec,256,success,6
0,11,telephone,(null),0,unknown,4133,university.degree,0,unknown,entrepreneur,unknown,single,dec,256,success,6
1,11,telephone,(null),0,unknown,4133,university.degree,0,unknown,entrepreneur,unknown,single,dec,256,success,6
0,11,telephone,(null),1,unknown,4133,university.degree,0,unknown,retired,unknown,single,sep,256,success,6
1,11,telephone,(null),1,unknown,4133,university.degree,0,unknown,retired,unknown,single,sep,256,success,6
0,7,telephone,thu,1,unknown,4180,professional.course,-1,unknown,unemployed,unknown,married,may,261,nonexistent,3
1,7,telephone,thu,1,unknown,4180,professional.course,-1,unknown,unemployed,unknown,married,may,261,nonexistent,3
0,11,telephone,(null),0,unknown,4211,university.degree,0,unknown,unemployed,unknown,single,mar,264,success,6
1,11,telephone,(null),0,unknown,4211,university.degree,0,unknown,unemployed,unknown,single,mar,264,success,6
0,8,telephone,fri,1,unknown,4110,illiterate,-1,unknown,student,unknown,married,apr,262,nonexistent,4
1,8,telephone,fri,1,unknown,4110,illiterate,-1,unknown,student,unknown,married,apr,262,nonexistent,4
0,10,telephone,(null),1,unknown,4125,professional.course,0,unknown,technician,unknown,single,jun,255,success,5
1,10,telephone,(null),1,unknown,4125,professional.course,0,unknown,technician,unknown,single,jun,255,success,5
0,11,telephone,(null),0,unknown,4133,professional.course,0,unknown,management,unknown,single,may,264,success,6
1,11,telephone,(null),0,unknown,4133,professional.course,0,unknown,management,unknown,single,may,264,success,6
0,3,cellular,tue,0,no,4001,basic.6y,-3,no,blue-collar,no,divorced,aug,267,failure,1
1,3,cellular,tue,0,no,4001,basic.6y,-3,no,blue-collar,no,divorced,aug,267,failure,1
0,2,cellular,tue,0,no,3993,basic.6y,-3,no,self-employed,no,divorced,jul,258,failure,0
1,2,cellular,tue,0,no,3993,basic.6y,-3,no,self-employed,no,divorced,jul,258,failure,0
0,3,cellular,tue,0,no,3938,basic.6y,-3,no,services,no,divorced,aug,251,failure,1
1,3,cellular,tue,0,no,3938,basic.6y,-3,no,services,no,divorced,aug,251,failure,1
0,4,cellular,wed,1,no,3954,basic.9y,-2,no,blue-collar,no,married,aug,260,nonexistent,2
1,4,cellular,wed,1,no,3954,basic.9y,-2,no,blue-collar,no,married,aug,260,nonexistent,2
0,9,telephone,fri,0,unknown,4039,illiterate,-1,unknown,blue-collar,unknown,married,nov,254,nonexistent,4
1,9,telephone,fri,0,unknown,4039,illiterate,-1,unknown,blue-collar,unknown,married,nov,254,nonexistent,4
0,9,telephone,fri,0,unknown,4039,illiterate,-1,unknown,management,unknown,married,aug,254,nonexistent,4
1,9,telephone,fri,0,unknown,4039,illiterate,-1,unknown,management,unknown,married,aug,254,nonexistent,4
0,11,telephone,(null),1,unknown,4055,university.degree,0,unknown,entrepreneur,unknown,single,sep,256,success,6
1,11,telephone,(null),1,unknown,4055,university.degree,0,unknown,entrepreneur,unknown,single,sep,256,success,6
0,4,cellular,wed,0,no,3931,professional.course,-2,no,management,no,married,aug,252,nonexistent,2
1,4,cellular,wed,0,no,3931,professional.course,-2,no,management,no,married,aug,252,nonexistent,2
0,8,telephone,fri,0,unknown,3954,basic.9y,-1,unknown,management,unknown,married,aug,254,nonexistent,4
1,8,telephone,fri,0,unknown,3954,basic.9y,-1,unknown,management,unknown,married,aug,254,nonexistent,4
0,9,telephone,fri,1,unknown,3961,illiterate,-1,unknown,blue-collar,unknown,married,aug,254,nonexistent,4
1,9,telephone,fri,1,unknown,3961,illiterate,-1,unknown,blue-collar,unknown,married,aug,254,nonexistent,4
0,1,cellular,mon,1,no,3830,basic.4y,-3,no,self-employed,no,divorced,jul,250,failure,0
1,1,cellular,mon,1,no,3830,basic.4y,-3,no,self-employed,no,divorced,jul,250,failure,0
0,2,cellular,tue,1,no,3837,basic.6y,-3,no,admin.,no,divorced,jul,258,failure,0
1,2,cellular,tue,1,no,3837,basic.6y,-3,no,admin.,no,divorced,jul,258,failure,0
0,3,cellular,tue,0,no,3782,basic.6y,-3,no,blue-collar,no,divorced,aug,251,failure,1
1,3,cellular,tue,0,no,3782,basic.6y,-3,no,blue-collar,no,divorced,aug,251,failure,1
0,4,cellular,wed,1,no,4009,basic.6y,-2,no,services,no,married,feb,268,nonexistent,2
1,4,cellular,wed,1,no,4009,basic.6y,-2,no,services,no,married,feb,268,nonexistent,2
0,2,cellular,tue,0,no,3915,basic.4y,-3,no,self-employed,no,divorced,jan,266,failure,0
1,2,cellular,tue,0,no,3915,basic.4y,-3,no,self-employed,no,divorced,jan,266,failure,0
0,4,cellular,wed,1,no,4009,basic.9y,-2,no,blue-collar,no,married,feb,276,nonexistent,2
1,4,cellular,wed,1,no,4009,basic.9y,-2,no,blue-collar,no,married,feb,276,nonexistent,2
0,4,cellular,wed,0,no,4009,basic.9y,-2,no,management,no,married,may,268,nonexistent,2
1,4,cellular,wed,0,no,4009,basic.9y,-2,no,management,no,married,may,268,nonexistent,2
0,9,telephone,fri,0,unknown,4039,professional.course,-1,unknown,blue-collar,unknown,married,feb,270,nonexistent,4
1,9,telephone,fri,0,unknown,4039,professional.course,-1,unknown,blue-collar,unknown,married,feb,270,nonexistent,4
0,4,cellular,wed,1,no,3931,basic.9y,-2,no,blue-collar,no,married,may,268,nonexistent,2
1,4,cellular,wed,1,no,3931,basic.9y,-2,no,blue-collar,no,married,may,268,nonexistent,2
0,4,cellular,wed,1,no,3931,basic.9y,-2,no,management,no,married,feb,268,nonexistent,2
1,4,cellular,wed,1,no,3931,basic.9y,-2,no,management,no,married,feb,268,nonexistent,2
0,5,cellular,wed,0,no,3938,professional.course,-2,no,blue-collar,no,married,feb,268,nonexistent,2
1,5,cellular,wed,0,no,3938,professional.course,-2,no,blue-collar,no,married,feb,268,nonexistent,2
0,1,cellular,mon,0,no,3830,basic.4y,-3,no,admin.,no,divorced,jan,274,failure,0
1,1,cellular,mon,0,no,3830,basic.4y,-3,no,admin.,no,divorced,jan,274,failure,0
0,2,cellular,tue,0,no,3837,basic.4y,-3,no,admin.,no,divorced,apr,266,failure,0
1,2,cellular,tue,0,no,3837,basic.4y,-3,no,admin.,no,divorced,apr,266,failure,0
0,2,cellular,tue,0,no,3837,basic.4y,-3,no,housemaid,no,divorced,jan,266,failure,0
1,2,cellular,tue,0,no,3837,basic.4y,-3,no,housemaid,no,divorced,jan,266,failure,0
0,5,cellular,wed,0,no,3860,basic.6y,-2,no,blue-collar,no,married,feb,268,nonexistent,2
1,5,cellular,wed,0,no,3860,basic.6y,-2,no,blue-collar,no,married,feb,268,nonexistent,2
0,2,cellular,tue,1,no,3758,basic.4y,-3,no,admin.,no,divorced,jan,266,failure,0
1,2,cellular,tue,1,no,3758,basic.4y,-3,no,admin.,no,divorced,jan,266,failure,0
0,5,cellular,wed,0,no,4016,basic.6y,-2,no,student,no,married,may,260,nonexistent,2
1,5,cellular,wed,0,no,4016,basic.6y,-2,no,student,no,married,may,260,nonexistent,2
0,5,cellular,wed,1,no,4016,professional.course,-2,no,student,no,married,feb,260,nonexistent,2
1,5,cellular,wed,1,no,4016,professional.course,-2,no,student,no,married,feb,260,nonexistent,2
0,3,cellular,tue,0,no,3923,basic.6y,-3,no,self-employed,no,divorced,apr,259,failure,1
1,3,cellular,tue,0,no,3923,basic.6y,-3,no,self-employed,no,divorced,apr,259,failure,1
0,3,cellular,tue,0,no,3923,illiterate,-3,no,self-employed,no,divorced,jan,259,failure,1
1,3,cellular,tue,0,no,3923,illiterate,-3,no,self-employed,no,divorced,jan,259,failure,1
0,5,cellular,wed,1,no,3938,basic.6y,-2,no,student,no,married,feb,260,nonexistent,2
1,5,cellular,wed,1,no,3938,basic.6y,-2,no,student,no,married,feb,260,nonexistent,2
0,8,telephone,fri,1,unknown,4032,illiterate,-1,unknown,student,unknown,married,may,254,nonexistent,4
1,8,telephone,fri,1,unknown,4032,illiterate,-1,unknown,student,unknown,married,may,254,nonexistent,4
0,9,telephone,fri,0,unknown,4039,professional.course,-1,unknown,unemployed,unknown,married,feb,254,nonexistent,4
1,9,telephone,fri,0,unknown,4039,professional.course,-1,unknown,unemployed,unknown,married,feb,254,nonexistent,4
0,4,cellular,wed,0,no,3931,professional.course,-2,no,services,no,married,may,252,nonexistent,2
1,4,cellular,wed,0,no,3931,professional.course,-2,no,services,no,married,may,252,nonexistent,2
0,7,telephone,thu,0,unknown,3946,basic.9y,-1,unknown,student,unknown,married,may,253,nonexistent,3
1,7,telephone,thu,0,unknown,3946,basic.9y,-1,unknown,student,unknown,married,may,253,nonexistent,3
0,7,telephone,thu,1,unknown,3946,professional.course,-1,unknown,student,unknown,married,feb,253,nonexistent,3
1,7,telephone,thu,1,unknown,3946,professional.course,-1,unknown,student,unknown,married,feb,253,nonexistent,3
0,11,telephone,(null),0,unknown,3977,high.school,0,unknown,student,unknown,single,mar,256,success,6
1,11,telephone,(null),0,unknown,3977,high.school,0,unknown,student,unknown,single,mar,256,success,6
0,9,telephone,fri,0,unknown,4016,illiterate,-1,unknown,housemaid,unknown,married,apr,262,nonexistent,4
1,9,telephone,fri,0,unknown,4016,illiterate,-1,unknown,housemaid,unknown,married,apr,262,nonexistent,4
0,10,telephone,(null),1,unknown,3969,professional.course,0,unknown,management,unknown,single,may,255,success,5
1,10,telephone,(null),1,unknown,3969,professional.course,0,unknown,management,unknown,single,may,255,success,5
0,3,cellular,tue,1,no,3845,basic.6y,-3,no,self-employed,no,divorced,jan,259,failure,1
1,3,cellular,tue,1,no,3845,basic.6y,-3,no,self-employed,no,divorced,jan,259,failure,1
0,1,cellular,mon,0,no,3830,illiterate,-3,no,self-employed,no,divorced,apr,250,failure,0
1,1,cellular,mon,0,no,3830,illiterate,-3,no,self-employed,no,divorced,apr,250,failure,0
0,1,cellular,mon,1,no,3830,basic.4y,-3,no,technician,no,divorced,apr,250,failure,0
1,1,cellular,mon,1,no,3830,basic.4y,-3,no,technician,no,divorced,apr,250,failure,0
0,4,cellular,wed,1,no,3853,basic.6y,-2,no,services,no,married,may,252,nonexistent,2
1,4,cellular,wed,1,no,3853,basic.6y,-2,no,services,no,married,may,252,nonexistent,2
0,1,cellular,mon,0,no,3830,illiterate,-3,no,technician,no,divorced,jan,250,failure,0
1,1,cellular,mon,0,no,3830,illiterate,-3,no,technician,no,divorced,jan,250,failure,0
0,4,cellular,wed,1,no,3853,professional.course,-2,no,services,no,married,feb,252,nonexistent,2
1,4,cellular,wed,1,no,3853,professional.course,-2,no,services,no,married,feb,252,nonexistent,2
0,7,telephone,thu,1,unknown,3868,basic.9y,-1,unknown,student,unknown,married,feb,253,nonexistent,3
1,7,telephone,thu,1,unknown,3868,basic.9y,-1,unknown,student,unknown,married,feb,253,nonexistent,3
0,1,cellular,mon,1,no,3751,illiterate,-3,no,self-employed,no,divorced,jan,250,failure,0
1,1,cellular,mon,1,no,3751,illiterate,-3,no,self-employed,no,divorced,jan,250,failure,0
0,3,cellular,tue,1,no,3845,basic.6y,-3,no,housemaid,no,divorced,apr,259,failure,1
1,3,cellular,tue,1,no,3845,basic.6y,-3,no,housemaid,no,divorced,apr,259,failure,1
0,5,cellular,wed,0,no,3860,basic.9y,-2,no,blue-collar,no,married,may,260,nonexistent,2
1,5,cellular,wed,0,no,3860,basic.9y,-2,no,blue-collar,no,married,may,260,nonexistent,2
0,5,cellular,wed,1,no,3860,basic.9y,-2,no,management,no,married,feb,260,nonexistent,2
1,5,cellular,wed,1,no,3860,basic.9y,-2,no,management,no,married,feb,260,nonexistent,2
0,7,telephone,thu,1,unknown,3868,professional.course,-1,unknown,blue-collar,unknown,married,feb,261,nonexistent,3
1,7,telephone,thu,1,unknown,3868,professional.course,-1,unknown,blue-collar,unknown,married,feb,261,nonexistent,3
0,10,telephone,(null),0,unknown,3891,basic.9y,0,unknown,entrepreneur,unknown,single,mar,263,success,5
1,10,telephone,(null),0,unknown,3891,basic.9y,0,unknown,entrepreneur,unknown,single,mar,263,success,5
0,3,cellular,tue,1,no,3766,basic.6y,-3,no,admin.,no,divorced,apr,259,failure,1
1,3,cellular,tue,1,no,3766,basic.6y,-3,no,admin.,no,divorced,apr,259,failure,1
0,3,cellular,tue,1,no,3766,illiterate,-3,no,admin.,no,divorced,jan,259,failure,1
1,3,cellular,tue,1,no,3766,illiterate,-3,no,admin.,no,divorced,jan,259,failure,1
0,7,telephone,thu,1,unknown,3790,basic.9y,-1,unknown,blue-collar,unknown,married,feb,261,nonexistent,3
1,7,telephone,thu,1,unknown,3790,basic.9y,-1,unknown,blue-collar,unknown,married,feb,261,nonexistent,3
0,4,cellular,wed,1,no,3853,professional.course,-2,no,management,no,married,may,252,nonexistent,2
1,4,cellular,wed,1,no,3853,professional.course,-2,no,management,no,married,may,252,nonexistent,2
0,8,telephone,fri,1,unknown,3876,basic.9y,-1,unknown,management,unknown,married,may,254,nonexistent,4
1,8,telephone,fri,1,unknown,3876,basic.9y,-1,unknown,management,unknown,married,may,254,nonexistent,4
0,11,telephone,(null),1,unknown,3899,high.school,0,unknown,entrepreneur,unknown,single,jun,256,success,6
1,11,telephone,(null),1,unknown,3899,high.school,0,unknown,entrepreneur,unknown,single,jun,256,success,6
0,11,telephone,(null),1,unknown,3899,high.school,0,unknown,retired,unknown,single,mar,256,success,6
1,11,telephone,(null),1,unknown,3899,high.school,0,unknown,retired,unknown,single,mar,256,success,6
0,7,telephone,thu,0,unknown,3790,high.school,-1,unknown,housemaid,unknown,married,apr,253,nonexistent,3
1,7,telephone,thu,0,unknown,3790,high.school,-1,unknown,housemaid,unknown,married,apr,253,nonexistent,3
0,23,cellular,tue,1,no,3680,basic.6y,-3,no,admin.,no,divorced,jan,258,failure,0
1,23,cellular,tue,1,no,3680,basic.6y,-3,no,admin.,no,divorced,jan,258,failure,0
0,23,cellular,wed,1,no,3696,basic.9y,-2,no,blue-collar,no,married,feb,252,nonexistent,2
1,23,cellular,wed,1,no,3696,basic.9y,-2,no,blue-collar,no,married,feb,252,nonexistent,2
0,20,cellular,wed,0,no,3696,basic.9y,-2,no,blue-collar,no,married,feb,254,nonexistent,2
1,20,cellular,wed,0,no,3696,basic.9y,-2,no,blue-collar,no,married,feb,254,nonexistent,2
0,20,cellular,mon,0,no,3517,basic.4y,-3,no,admin.,no,divorced,jan,250,failure,0
1,20,cellular,mon,0,no,3517,basic.4y,-3,no,admin.,no,divorced,jan,250,failure,0
0,14,cellular,mon,0,no,3673,basic.4y,-3,no,self-employed,no,divorced,jan,250,failure,0
1,14,cellular,mon,0,no,3673,basic.4y,-3,no,self-employed,no,divorced,jan,250,failure,0
0,14,cellular,mon,1,no,3595,basic.4y,-3,no,admin.,no,divorced,apr,250,failure,0
1,14,cellular,mon,1,no,3595,basic.4y,-3,no,admin.,no,divorced,apr,250,failure,0
0,14,cellular,tue,1,no,3610,basic.6y,-3,no,blue-collar,no,divorced,jan,251,failure,1
1,14,cellular,tue,1,no,3610,basic.6y,-3,no,blue-collar,no,divorced,jan,251,failure,1
0,17,cellular,mon,1,no,3517,basic.4y,-3,no,admin.,no,divorced,jan,250,failure,0
1,17,cellular,mon,1,no,3517,basic.4y,-3,no,admin.,no,divorced,jan,250,failure,0
0,8,cellular,mon,1,no,3673,basic.4y,-3,no,admin.,no,divorced,jul,250,failure,0
1,8,cellular,mon,1,no,3673,basic.4y,-3,no,admin.,no,divorced,jul,250,failure,0
0,1,cellular,mon,1,no,3673,illiterate,-3,no,admin.,no,divorced,apr,250,failure,0
1,1,cellular,mon,1,no,3673,illiterate,-3,no,admin.,no,divorced,apr,250,failure,0
0,1,cellular,mon,1,no,3673,illiterate,-3,no,housemaid,no,divorced,jan,250,failure,0
1,1,cellular,mon,1,no,3673,illiterate,-3,no,housemaid,no,divorced,jan,250,failure,0
0,7,telephone,thu,1,unknown,3711,high.school,-1,unknown,blue-collar,unknown,married,feb,253,nonexistent,3
1,7,telephone,thu,1,unknown,3711,high.school,-1,unknown,blue-collar,unknown,married,feb,253,nonexistent,3
0,39,cellular,tue,0,no,4875,basic.6y,-3,no,entrepreneur,no,divorced,aug,224,failure,1
1,39,cellular,tue,0,no,4875,basic.6y,-3,no,entrepreneur,no,divorced,aug,224,failure,1
0,39,cellular,mon,0,no,4767,basic.4y,-3,no,admin.,no,divorced,jul,219,failure,0
1,39,cellular,mon,0,no,4767,basic.4y,-3,no,admin.,no,divorced,jul,219,failure,0
0,40,telephone,fri,0,unknown,4937,illiterate,-1,unknown,self-employed,unknown,married,apr,236,nonexistent,4
1,40,telephone,fri,0,unknown,4937,illiterate,-1,unknown,self-employed,unknown,married,apr,236,nonexistent,4
0,39,cellular,tue,1,no,4719,basic.6y,-3,no,entrepreneur,no,divorced,feb,224,failure,1
1,39,cellular,tue,1,no,4719,basic.6y,-3,no,entrepreneur,no,divorced,feb,224,failure,1
0,39,cellular,wed,0,no,4891,basic.9y,-2,no,housemaid,no,married,aug,196,nonexistent,2
1,39,cellular,wed,0,no,4891,basic.9y,-2,no,housemaid,no,married,aug,196,nonexistent,2
0,39,cellular,tue,0,no,4774,basic.6y,-3,no,blue-collar,no,divorced,jul,190,failure,0
1,39,cellular,tue,0,no,4774,basic.6y,-3,no,blue-collar,no,divorced,jul,190,failure,0
0,42,cellular,tue,0,no,4930,basic.6y,-3,no,blue-collar,no,divorced,jan,190,failure,0
1,42,cellular,tue,0,no,4930,basic.6y,-3,no,blue-collar,no,divorced,jan,190,failure,0
0,40,telephone,fri,0,unknown,4953,illiterate,-1,unknown,services,unknown,married,apr,208,nonexistent,4
1,40,telephone,fri,0,unknown,4953,illiterate,-1,unknown,services,unknown,married,apr,208,nonexistent,4
0,39,cellular,wed,0,no,4735,basic.9y,-2,no,housemaid,no,married,feb,196,nonexistent,2
1,39,cellular,wed,0,no,4735,basic.9y,-2,no,housemaid,no,married,feb,196,nonexistent,2
0,39,cellular,mon,0,no,4611,basic.4y,-3,no,admin.,no,divorced,jan,235,failure,0
1,39,cellular,mon,0,no,4611,basic.4y,-3,no,admin.,no,divorced,jan,235,failure,0
0,39,cellular,mon,1,no,4611,basic.4y,-3,no,admin.,no,divorced,jan,219,failure,0
1,39,cellular,mon,1,no,4611,basic.4y,-3,no,admin.,no,divorced,jan,219,failure,0
0,39,cellular,tue,1,no,4618,basic.6y,-3,no,blue-collar,no,divorced,jan,190,failure,0
1,39,cellular,tue,1,no,4618,basic.6y,-3,no,blue-collar,no,divorced,jan,190,failure,0
0,42,cellular,mon,0,no,4923,basic.4y,-3,no,admin.,no,divorced,jul,125,failure,0
1,42,cellular,mon,0,no,4923,basic.4y,-3,no,admin.,no,divorced,jul,125,failure,0
0,42,cellular,tue,0,no,4875,basic.6y,-3,no,entrepreneur,no,divorced,feb,137,failure,1
1,42,cellular,tue,0,no,4875,basic.6y,-3,no,entrepreneur,no,divorced,feb,137,failure,1
0,42,cellular,mon,0,no,4767,basic.4y,-3,no,admin.,no,divorced,jan,125,failure,0
1,42,cellular,mon,0,no,4767,basic.4y,-3,no,admin.,no,divorced,jan,125,failure,0
0,41,cellular,tue,0,no,4860,basic.6y,-3,no,blue-collar,no,divorced,jul,131,failure,0
1,41,cellular,tue,0,no,4860,basic.6y,-3,no,blue-collar,no,divorced,jul,131,failure,0
0,39,telephone,fri,1,unknown,4937,illiterate,-1,unknown,self-employed,unknown,married,oct,162,nonexistent,4
1,39,telephone,fri,1,unknown,4937,illiterate,-1,unknown,self-employed,unknown,married,oct,162,nonexistent,4
0,39,cellular,tue,1,no,4719,basic.6y,-3,no,entrepreneur,no,divorced,aug,137,failure,1
1,39,cellular,tue,1,no,4719,basic.6y,-3,no,entrepreneur,no,divorced,aug,137,failure,1
0,41,telephone,thu,1,unknown,4922,high.school,-1,unknown,retired,unknown,married,apr,172,nonexistent,3
1,41,telephone,thu,1,unknown,4922,high.school,-1,unknown,retired,unknown,married,apr,172,nonexistent,3
0,41,telephone,(null),1,unknown,4968,professional.course,0,unknown,student,unknown,single,may,149,success,5
1,41,telephone,(null),1,unknown,4968,professional.course,0,unknown,student,unknown,single,may,149,success,5
0,39,telephone,(null),1,unknown,4906,professional.course,0,unknown,student,unknown,single,jun,180,success,5
1,39,telephone,(null),1,unknown,4906,professional.course,0,unknown,student,unknown,single,jun,180,success,5
0,41,cellular,tue,0,no,4704,basic.6y,-3,no,blue-collar,no,divorced,jan,131,failure,0
1,41,cellular,tue,0,no,4704,basic.6y,-3,no,blue-collar,no,divorced,jan,131,failure,0
0,39,telephone,fri,1,unknown,4781,illiterate,-1,unknown,self-employed,unknown,married,apr,162,nonexistent,4
1,39,telephone,fri,1,unknown,4781,illiterate,-1,unknown,self-employed,unknown,married,apr,162,nonexistent,4
0,39,cellular,mon,1,no,4611,basic.4y,-3,no,admin.,no,divorced,jul,125,failure,0
1,39,cellular,mon,1,no,4611,basic.4y,-3,no,admin.,no,divorced,jul,125,failure,0
0,39,cellular,tue,1,no,4563,basic.6y,-3,no,entrepreneur,no,divorced,feb,137,failure,1
1,39,cellular,tue,1,no,4563,basic.6y,-3,no,entrepreneur,no,divorced,feb,137,failure,1
0,39,cellular,mon,1,no,4455,basic.4y,-3,no,admin.,no,divorced,jan,125,failure,0
1,39,cellular,mon,1,no,4455,basic.4y,-3,no,admin.,no,divorced,jan,125,failure,0
0,38,telephone,fri,1,unknown,4898,illiterate,-1,unknown,services,unknown,married,oct,239,nonexistent,4
1,38,telephone,fri,1,unknown,4898,illiterate,-1,unknown,services,unknown,married,oct,239,nonexistent,4
0,36,cellular,wed,0,no,4750,basic.9y,-2,no,student,no,married,nov,230,nonexistent,2
1,36,cellular,wed,0,no,4750,basic.9y,-2,no,student,no,married,nov,230,nonexistent,2
0,37,telephone,fri,1,unknown,4797,illiterate,-1,unknown,technician,unknown,married,aug,239,nonexistent,4
1,37,telephone,fri,1,unknown,4797,illiterate,-1,unknown,technician,unknown,married,aug,239,nonexistent,4
0,38,cellular,tue,1,no,4719,basic.6y,-3,no,blue-collar,no,divorced,aug,224,failure,1
1,38,cellular,tue,1,no,4719,basic.6y,-3,no,blue-collar,no,divorced,aug,224,failure,1
0,36,telephone,(null),1,unknown,4750,professional.course,0,unknown,management,unknown,single,nov,242,success,5
1,36,telephone,(null),1,unknown,4750,professional.course,0,unknown,management,unknown,single,nov,242,success,5
0,38,telephone,(null),0,unknown,4914,professional.course,0,unknown,technician,unknown,single,nov,214,success,6
1,38,telephone,(null),0,unknown,4914,professional.course,0,unknown,technician,unknown,single,nov,214,success,6
0,37,telephone,fri,1,unknown,4797,illiterate,-1,unknown,services,unknown,married,oct,208,nonexistent,4
1,37,telephone,fri,1,unknown,4797,illiterate,-1,unknown,services,unknown,married,oct,208,nonexistent,4
0,38,telephone,(null),0,unknown,4750,professional.course,0,unknown,student,unknown,single,may,242,success,5
1,38,telephone,(null),0,unknown,4750,professional.course,0,unknown,student,unknown,single,may,242,success,5
0,38,telephone,(null),1,unknown,4758,professional.course,0,unknown,technician,unknown,single,may,214,success,6
1,38,telephone,(null),1,unknown,4758,professional.course,0,unknown,technician,unknown,single,may,214,success,6
0,36,cellular,tue,0,no,4548,basic.6y,-3,no,self-employed,no,divorced,jul,221,failure,0
1,36,cellular,tue,0,no,4548,basic.6y,-3,no,self-employed,no,divorced,jul,221,failure,0
0,36,cellular,wed,0,no,4579,basic.9y,-2,no,blue-collar,no,married,aug,227,nonexistent,2
1,36,cellular,wed,0,no,4579,basic.9y,-2,no,blue-collar,no,married,aug,227,nonexistent,2
0,38,cellular,tue,1,no,4563,basic.6y,-3,no,entrepreneur,no,divorced,feb,224,failure,1
1,38,cellular,tue,1,no,4563,basic.6y,-3,no,entrepreneur,no,divorced,feb,224,failure,1
0,36,telephone,(null),1,unknown,4672,professional.course,0,unknown,technician,unknown,single,may,245,success,6
1,36,telephone,(null),1,unknown,4672,professional.course,0,unknown,technician,unknown,single,may,245,success,6
0,36,cellular,mon,0,no,4455,basic.4y,-3,no,admin.,no,divorced,jul,235,failure,0
1,36,cellular,mon,0,no,4455,basic.4y,-3,no,admin.,no,divorced,jul,235,failure,0
0,36,cellular,tue,0,no,4462,basic.6y,-3,no,admin.,no,divorced,jul,220,failure,0
1,36,cellular,tue,0,no,4462,basic.6y,-3,no,admin.,no,divorced,jul,220,failure,0
0,36,cellular,wed,0,no,4422,basic.9y,-2,no,housemaid,no,married,feb,227,nonexistent,2
1,36,cellular,wed,0,no,4422,basic.9y,-2,no,housemaid,no,married,feb,227,nonexistent,2
0,35,cellular,wed,1,no,4556,basic.9y,-2,no,services,no,married,nov,239,nonexistent,2
1,35,cellular,wed,1,no,4556,basic.9y,-2,no,services,no,married,nov,239,nonexistent,2
0,34,telephone,(null),0,unknown,4602,professional.course,0,unknown,unemployed,unknown,single,dec,232,success,6
1,34,telephone,(null),0,unknown,4602,professional.course,0,unknown,unemployed,unknown,single,dec,232,success,6
0,34,telephone,fri,0,unknown,4485,illiterate,-1,unknown,services,unknown,married,oct,239,nonexistent,4
1,34,telephone,fri,0,unknown,4485,illiterate,-1,unknown,services,unknown,married,oct,239,nonexistent,4
0,35,telephone,(null),1,unknown,4438,professional.course,0,unknown,student,unknown,single,may,246,success,5
1,35,telephone,(null),1,unknown,4438,professional.course,0,unknown,student,unknown,single,may,246,success,5
0,35,telephone,(null),1,unknown,4446,professional.course,0,unknown,technician,unknown,single,may,232,success,6
1,35,telephone,(null),1,unknown,4446,professional.course,0,unknown,technician,unknown,single,may,232,success,6
0,36,cellular,tue,0,no,4563,basic.6y,-3,no,services,no,divorced,aug,193,failure,1
1,36,cellular,tue,0,no,4563,basic.6y,-3,no,services,no,divorced,aug,193,failure,1
0,36,cellular,wed,0,no,4594,basic.9y,-2,no,entrepreneur,no,married,sep,199,nonexistent,2
1,36,cellular,wed,0,no,4594,basic.9y,-2,no,entrepreneur,no,married,sep,199,nonexistent,2
0,36,cellular,tue,1,no,4470,basic.6y,-3,no,blue-collar,no,divorced,jul,193,failure,1
1,36,cellular,tue,1,no,4470,basic.6y,-3,no,blue-collar,no,divorced,jul,193,failure,1
0,35,telephone,(null),1,unknown,4602,professional.course,0,unknown,technician,unknown,single,dec,214,success,6
1,35,telephone,(null),1,unknown,4602,professional.course,0,unknown,technician,unknown,single,dec,214,success,6
0,34,telephone,(null),0,unknown,4500,professional.course,0,unknown,student,unknown,single,nov,211,success,5
1,34,telephone,(null),0,unknown,4500,professional.course,0,unknown,student,unknown,single,nov,211,success,5
0,38,cellular,wed,1,no,4594,basic.9y,-2,no,management,no,married,mar,199,nonexistent,2
1,38,cellular,wed,1,no,4594,basic.9y,-2,no,management,no,married,mar,199,nonexistent,2
0,36,telephone,(null),1,unknown,4594,professional.course,0,unknown,student,unknown,single,may,211,success,5
1,36,telephone,(null),1,unknown,4594,professional.course,0,unknown,student,unknown,single,may,211,success,5
0,38,cellular,mon,0,no,4455,basic.4y,-3,no,admin.,no,divorced,jan,188,failure,0
1,38,cellular,mon,0,no,4455,basic.4y,-3,no,admin.,no,divorced,jan,188,failure,0
0,36,telephone,thu,0,unknown,4454,high.school,-1,unknown,retired,unknown,married,apr,203,nonexistent,3
1,36,telephone,thu,0,unknown,4454,high.school,-1,unknown,retired,unknown,married,apr,203,nonexistent,3
0,35,telephone,(null),1,unknown,4446,professional.course,0,unknown,unemployed,unknown,single,jun,214,success,6
1,35,telephone,(null),1,unknown,4446,professional.course,0,unknown,unemployed,unknown,single,jun,214,success,6
0,38,telephone,(null),1,unknown,4914,professional.course,0,unknown,unemployed,unknown,single,dec,185,success,6
1,38,telephone,(null),1,unknown,4914,professional.course,0,unknown,unemployed,unknown,single,dec,185,success,6
0,38,telephone,fri,0,unknown,4797,illiterate,-1,unknown,services,unknown,married,oct,168,nonexistent,4
1,38,telephone,fri,0,unknown,4797,illiterate,-1,unknown,services,unknown,married,oct,168,nonexistent,4
0,36,telephone,(null),0,unknown,4758,professional.course,0,unknown,technician,unknown,single,nov,183,success,6
1,36,telephone,(null),0,unknown,4758,professional.course,0,unknown,technician,unknown,single,nov,183,success,6
0,38,cellular,tue,1,no,4548,basic.6y,-3,no,blue-collar,no,divorced,jul,131,failure,0
1,38,cellular,tue,1,no,4548,basic.6y,-3,no,blue-collar,no,divorced,jul,131,failure,0
0,36,telephone,fri,0,unknown,4625,illiterate,-1,unknown,self-employed,unknown,married,oct,174,nonexistent,4
1,36,telephone,fri,0,unknown,4625,illiterate,-1,unknown,self-employed,unknown,married,oct,174,nonexistent,4
0,36,telephone,(null),0,unknown,4656,professional.course,0,unknown,student,unknown,single,nov,149,success,5
1,36,telephone,(null),0,unknown,4656,professional.course,0,unknown,student,unknown,single,nov,149,success,5
0,36,cellular,tue,0,no,4391,basic.6y,-3,no,blue-collar,no,divorced,jul,159,failure,0
1,36,cellular,tue,0,no,4391,basic.6y,-3,no,blue-collar,no,divorced,jul,159,failure,0
0,36,cellular,wed,0,no,4422,basic.9y,-2,no,housemaid,no,married,aug,134,nonexistent,2
1,36,cellular,wed,0,no,4422,basic.9y,-2,no,housemaid,no,married,aug,134,nonexistent,2
0,38,telephone,fri,1,unknown,4641,illiterate,-1,unknown,services,unknown,married,apr,168,nonexistent,4
1,38,telephone,fri,1,unknown,4641,illiterate,-1,unknown,services,unknown,married,apr,168,nonexistent,4
0,36,telephone,(null),1,unknown,4602,professional.course,0,unknown,technician,unknown,single,may,183,success,6
1,36,telephone,(null),1,unknown,4602,professional.course,0,unknown,technician,unknown,single,may,183,success,6
0,38,cellular,tue,1,no,4391,basic.6y,-3,no,blue-collar,no,divorced,jan,131,failure,0
1,38,cellular,tue,1,no,4391,basic.6y,-3,no,blue-collar,no,divorced,jan,131,failure,0
0,36,telephone,fri,0,unknown,4485,illiterate,-1,unknown,services,unknown,married,apr,168,nonexistent,4
1,36,telephone,fri,0,unknown,4485,illiterate,-1,unknown,services,unknown,married,apr,168,nonexistent,4
0,35,telephone,fri,1,unknown,4485,illiterate,-1,unknown,services,unknown,married,oct,168,nonexistent,4
1,35,telephone,fri,1,unknown,4485,illiterate,-1,unknown,services,unknown,married,oct,168,nonexistent,4
0,33,telephone,(null),1,unknown,4446,professional.course,0,unknown,technician,unknown,single,dec,183,success,6
1,33,telephone,(null),1,unknown,4446,professional.course,0,unknown,technician,unknown,single,dec,183,success,6
0,33,cellular,wed,0,no,4266,basic.9y,-2,no,housemaid,no,married,aug,239,nonexistent,2
1,33,cellular,wed,0,no,4266,basic.9y,-2,no,housemaid,no,married,aug,239,nonexistent,2
0,33,cellular,wed,1,no,4266,basic.9y,-2,no,housemaid,no,married,aug,223,nonexistent,2
1,33,cellular,wed,1,no,4266,basic.9y,-2,no,housemaid,no,married,aug,223,nonexistent,2
0,36,cellular,mon,1,no,4298,basic.4y,-3,no,admin.,no,divorced,jan,235,failure,0
1,36,cellular,mon,1,no,4298,basic.4y,-3,no,admin.,no,divorced,jan,235,failure,0
0,36,cellular,tue,0,no,4305,basic.6y,-3,no,admin.,no,divorced,jan,220,failure,0
1,36,cellular,tue,0,no,4305,basic.6y,-3,no,admin.,no,divorced,jan,220,failure,0
0,34,telephone,fri,0,unknown,4328,illiterate,-1,unknown,services,unknown,married,apr,239,nonexistent,4
1,34,telephone,fri,0,unknown,4328,illiterate,-1,unknown,services,unknown,married,apr,239,nonexistent,4
0,33,cellular,tue,0,no,4149,basic.6y,-3,no,admin.,no,divorced,jul,236,failure,0
1,33,cellular,tue,0,no,4149,basic.6y,-3,no,admin.,no,divorced,jul,236,failure,0
0,33,cellular,tue,1,no,4149,basic.6y,-3,no,admin.,no,divorced,jul,220,failure,0
1,33,cellular,tue,1,no,4149,basic.6y,-3,no,admin.,no,divorced,jul,220,failure,0
0,33,cellular,wed,0,no,4110,basic.9y,-2,no,housemaid,no,married,feb,239,nonexistent,2
1,33,cellular,wed,0,no,4110,basic.9y,-2,no,housemaid,no,married,feb,239,nonexistent,2
0,33,cellular,tue,0,no,4094,basic.6y,-3,no,entrepreneur,no,divorced,feb,221,failure,1
1,33,cellular,tue,0,no,4094,basic.6y,-3,no,entrepreneur,no,divorced,feb,221,failure,1
0,36,cellular,mon,0,no,4220,basic.4y,-3,no,admin.,no,divorced,jan,188,failure,0
1,36,cellular,mon,0,no,4220,basic.4y,-3,no,admin.,no,divorced,jan,188,failure,0
0,33,cellular,wed,0,no,4281,basic.9y,-2,no,management,no,married,sep,199,nonexistent,2
1,33,cellular,wed,0,no,4281,basic.9y,-2,no,management,no,married,sep,199,nonexistent,2
0,33,cellular,mon,0,no,4064,basic.4y,-3,no,admin.,no,divorced,jul,188,failure,0
1,33,cellular,mon,0,no,4064,basic.4y,-3,no,admin.,no,divorced,jul,188,failure,0
0,34,telephone,(null),0,unknown,4343,professional.course,0,unknown,student,unknown,single,may,211,success,5
1,34,telephone,(null),0,unknown,4343,professional.course,0,unknown,student,unknown,single,may,211,success,5
0,33,cellular,wed,1,no,4125,basic.9y,-2,no,management,no,married,mar,199,nonexistent,2
1,33,cellular,wed,1,no,4125,basic.9y,-2,no,management,no,married,mar,199,nonexistent,2
0,33,cellular,tue,0,no,4001,basic.6y,-3,no,blue-collar,no,divorced,feb,221,failure,1
1,33,cellular,tue,0,no,4001,basic.6y,-3,no,blue-collar,no,divorced,feb,221,failure,1
0,33,cellular,mon,1,no,3908,basic.4y,-3,no,admin.,no,divorced,jan,188,failure,0
1,33,cellular,mon,1,no,3908,basic.4y,-3,no,admin.,no,divorced,jan,188,failure,0
0,31,telephone,(null),1,unknown,4289,professional.course,0,unknown,unemployed,unknown,single,dec,241,success,6
1,31,telephone,(null),1,unknown,4289,professional.course,0,unknown,unemployed,unknown,single,dec,241,success,6
0,31,telephone,fri,0,unknown,4172,illiterate,-1,unknown,technician,unknown,married,oct,244,nonexistent,4
1,31,telephone,fri,0,unknown,4172,illiterate,-1,unknown,technician,unknown,married,oct,244,nonexistent,4
0,31,telephone,(null),0,unknown,4203,professional.course,0,unknown,management,unknown,single,nov,247,success,6
1,31,telephone,(null),0,unknown,4203,professional.course,0,unknown,management,unknown,single,nov,247,success,6
0,31,telephone,(null),0,unknown,4187,professional.course,0,unknown,student,unknown,single,nov,230,success,5
1,31,telephone,(null),0,unknown,4187,professional.course,0,unknown,student,unknown,single,nov,230,success,5
0,31,telephone,(null),0,unknown,4133,professional.course,0,unknown,unemployed,unknown,single,may,247,success,6
1,31,telephone,(null),0,unknown,4133,professional.course,0,unknown,unemployed,unknown,single,may,247,success,6
0,32,telephone,(null),0,unknown,4133,professional.course,0,unknown,unemployed,unknown,single,jun,232,success,6
1,32,telephone,(null),0,unknown,4133,professional.course,0,unknown,unemployed,unknown,single,jun,232,success,6
0,28,telephone,fri,0,unknown,4110,illiterate,-1,unknown,student,unknown,married,nov,243,nonexistent,4
1,28,telephone,fri,0,unknown,4110,illiterate,-1,unknown,student,unknown,married,nov,243,nonexistent,4
0,28,telephone,(null),1,unknown,4203,professional.course,0,unknown,unemployed,unknown,single,dec,232,success,6
1,28,telephone,(null),1,unknown,4203,professional.course,0,unknown,unemployed,unknown,single,dec,232,success,6
0,31,telephone,(null),0,unknown,4187,professional.course,0,unknown,technician,unknown,single,nov,211,success,5
1,31,telephone,(null),0,unknown,4187,professional.course,0,unknown,technician,unknown,single,nov,211,success,5
0,32,telephone,(null),0,unknown,4211,professional.course,0,unknown,management,unknown,single,dec,216,success,6
1,32,telephone,(null),0,unknown,4211,professional.course,0,unknown,management,unknown,single,dec,216,success,6
0,31,telephone,fri,1,unknown,4117,illiterate,-1,unknown,housemaid,unknown,married,nov,213,nonexistent,4
1,31,telephone,fri,1,unknown,4117,illiterate,-1,unknown,housemaid,unknown,married,nov,213,nonexistent,4
0,32,cellular,tue,1,no,4079,basic.6y,-3,no,blue-collar,no,divorced,oct,190,failure,1
1,32,cellular,tue,1,no,4079,basic.6y,-3,no,blue-collar,no,divorced,oct,190,failure,1
0,32,telephone,(null),1,unknown,4133,professional.course,0,unknown,management,unknown,single,sep,214,success,6
1,32,telephone,(null),1,unknown,4133,professional.course,0,unknown,management,unknown,single,sep,214,success,6
0,30,cellular,wed,1,no,3954,basic.9y,-2,no,housemaid,no,married,aug,239,nonexistent,2
1,30,cellular,wed,1,no,3954,basic.9y,-2,no,housemaid,no,married,aug,239,nonexistent,2
0,30,cellular,wed,0,no,3969,basic.9y,-2,no,management,no,married,sep,224,nonexistent,2
1,30,cellular,wed,0,no,3969,basic.9y,-2,no,management,no,married,sep,224,nonexistent,2
0,31,telephone,fri,0,unknown,4016,illiterate,-1,unknown,services,unknown,married,apr,244,nonexistent,4
1,31,telephone,fri,0,unknown,4016,illiterate,-1,unknown,services,unknown,married,apr,244,nonexistent,4
0,31,telephone,(null),0,unknown,4031,professional.course,0,unknown,student,unknown,single,may,230,success,5
1,31,telephone,(null),0,unknown,4031,professional.course,0,unknown,student,unknown,single,may,230,success,5
0,28,telephone,fri,1,unknown,4016,illiterate,-1,unknown,services,unknown,married,oct,239,nonexistent,4
1,28,telephone,fri,1,unknown,4016,illiterate,-1,unknown,services,unknown,married,oct,239,nonexistent,4
0,28,telephone,(null),0,unknown,4055,professional.course,0,unknown,unemployed,unknown,single,may,247,success,6
1,28,telephone,(null),0,unknown,4055,professional.course,0,unknown,unemployed,unknown,single,may,247,success,6
0,26,telephone,(null),0,unknown,3977,professional.course,0,unknown,unemployed,unknown,single,mar,247,success,6
1,26,telephone,(null),0,unknown,3977,professional.course,0,unknown,unemployed,unknown,single,mar,247,success,6
0,30,cellular,tue,0,no,3837,basic.6y,-3,no,admin.,no,divorced,jul,236,failure,0
1,30,cellular,tue,0,no,3837,basic.6y,-3,no,admin.,no,divorced,jul,236,failure,0
0,30,cellular,mon,0,no,3830,basic.4y,-3,no,self-employed,no,divorced,jul,219,failure,0
1,30,cellular,mon,0,no,3830,basic.4y,-3,no,self-employed,no,divorced,jul,219,failure,0
0,30,cellular,tue,0,no,3845,basic.6y,-3,no,blue-collar,no,divorced,jul,228,failure,1
1,30,cellular,tue,0,no,3845,basic.6y,-3,no,blue-collar,no,divorced,jul,228,failure,1
0,30,cellular,tue,0,no,3845,basic.6y,-3,no,blue-collar,no,divorced,jul,220,failure,1
1,30,cellular,tue,0,no,3845,basic.6y,-3,no,blue-collar,no,divorced,jul,220,failure,1
0,30,cellular,tue,0,no,3837,basic.6y,-3,no,self-employed,no,divorced,jan,236,failure,0
1,30,cellular,tue,0,no,3837,basic.6y,-3,no,self-employed,no,divorced,jan,236,failure,0
0,30,cellular,tue,0,no,3845,basic.6y,-3,no,blue-collar,no,divorced,apr,237,failure,1
1,30,cellular,tue,0,no,3845,basic.6y,-3,no,blue-collar,no,divorced,apr,237,failure,1
0,30,cellular,wed,0,no,3853,basic.9y,-2,no,blue-collar,no,married,feb,239,nonexistent,2
1,30,cellular,wed,0,no,3853,basic.9y,-2,no,blue-collar,no,married,feb,239,nonexistent,2
0,30,cellular,tue,0,no,3782,basic.6y,-3,no,services,no,divorced,feb,221,failure,1
1,30,cellular,tue,0,no,3782,basic.6y,-3,no,services,no,divorced,feb,221,failure,1
0,30,cellular,wed,1,no,3813,basic.9y,-2,no,entrepreneur,no,married,mar,224,nonexistent,2
1,30,cellular,wed,1,no,3813,basic.9y,-2,no,entrepreneur,no,married,mar,224,nonexistent,2
0,27,telephone,fri,0,unknown,3876,illiterate,-1,unknown,housemaid,unknown,married,oct,243,nonexistent,4
1,27,telephone,fri,0,unknown,3876,illiterate,-1,unknown,housemaid,unknown,married,oct,243,nonexistent,4
0,27,telephone,thu,1,unknown,3829,high.school,-1,unknown,student,unknown,married,nov,226,nonexistent,3
1,27,telephone,thu,1,unknown,3829,high.school,-1,unknown,student,unknown,married,nov,226,nonexistent,3
0,26,telephone,(null),0,unknown,3891,professional.course,0,unknown,technician,unknown,single,sep,230,success,5
1,26,telephone,(null),0,unknown,3891,professional.course,0,unknown,technician,unknown,single,sep,230,success,5
0,26,telephone,(null),1,unknown,3891,professional.course,0,unknown,management,unknown,single,dec,230,success,5
1,26,telephone,(null),1,unknown,3891,professional.course,0,unknown,management,unknown,single,dec,230,success,5
0,26,telephone,fri,0,unknown,3805,illiterate,-1,unknown,housemaid,unknown,married,nov,229,nonexistent,4
1,26,telephone,fri,0,unknown,3805,illiterate,-1,unknown,housemaid,unknown,married,nov,229,nonexistent,4
0,28,telephone,(null),1,unknown,3821,professional.course,0,unknown,management,unknown,single,sep,232,success,6
1,28,telephone,(null),1,unknown,3821,professional.course,0,unknown,management,unknown,single,sep,232,success,6
0,28,telephone,fri,0,unknown,3876,illiterate,-1,unknown,student,unknown,married,may,243,nonexistent,4
1,28,telephone,fri,0,unknown,3876,illiterate,-1,unknown,student,unknown,married,may,243,nonexistent,4
0,28,cellular,wed,1,no,3782,basic.9y,-2,no,student,no,married,may,240,nonexistent,2
1,28,cellular,wed,1,no,3782,basic.9y,-2,no,student,no,married,may,240,nonexistent,2
0,26,cellular,wed,0,no,3782,basic.9y,-2,no,student,no,married,may,240,nonexistent,2
1,26,cellular,wed,0,no,3782,basic.9y,-2,no,student,no,married,may,240,nonexistent,2
0,28,telephone,(null),0,unknown,3899,professional.course,0,unknown,management,unknown,single,may,247,success,6
1,28,telephone,(null),0,unknown,3899,professional.course,0,unknown,management,unknown,single,may,247,success,6
0,26,telephone,fri,0,unknown,3805,illiterate,-1,unknown,housemaid,unknown,married,may,244,nonexistent,4
1,26,telephone,fri,0,unknown,3805,illiterate,-1,unknown,housemaid,unknown,married,may,244,nonexistent,4
0,30,cellular,wed,1,no,3954,basic.9y,-2,no,services,no,married,aug,196,nonexistent,2
1,30,cellular,wed,1,no,3954,basic.9y,-2,no,services,no,married,aug,196,nonexistent,2
0,31,telephone,thu,1,unknown,3985,high.school,-1,unknown,housemaid,unknown,married,oct,203,nonexistent,3
1,31,telephone,thu,1,unknown,3985,high.school,-1,unknown,housemaid,unknown,married,oct,203,nonexistent,3
0,31,telephone,(null),1,unknown,4031,professional.course,0,unknown,technician,unknown,single,may,211,success,5
1,31,telephone,(null),1,unknown,4031,professional.course,0,unknown,technician,unknown,single,may,211,success,5
0,32,telephone,fri,0,unknown,3954,illiterate,-1,unknown,housemaid,unknown,married,apr,205,nonexistent,4
1,32,telephone,fri,0,unknown,3954,illiterate,-1,unknown,housemaid,unknown,married,apr,205,nonexistent,4
0,28,telephone,(null),1,unknown,4047,professional.course,0,unknown,unemployed,unknown,single,nov,214,success,6
1,28,telephone,(null),1,unknown,4047,professional.course,0,unknown,unemployed,unknown,single,nov,214,success,6
0,30,cellular,mon,0,no,3751,basic.4y,-3,no,admin.,no,divorced,jul,204,failure,0
1,30,cellular,mon,0,no,3751,basic.4y,-3,no,admin.,no,divorced,jul,204,failure,0
0,30,cellular,tue,0,no,3837,basic.6y,-3,no,self-employed,no,divorced,jul,189,failure,0
1,30,cellular,tue,0,no,3837,basic.6y,-3,no,self-employed,no,divorced,jul,189,failure,0
0,30,cellular,tue,0,no,3766,basic.6y,-3,no,admin.,no,divorced,jul,189,failure,0
1,30,cellular,tue,0,no,3766,basic.6y,-3,no,admin.,no,divorced,jul,189,failure,0
0,31,telephone,thu,0,unknown,3829,high.school,-1,unknown,retired,unknown,married,apr,203,nonexistent,3
1,31,telephone,thu,0,unknown,3829,high.school,-1,unknown,retired,unknown,married,apr,203,nonexistent,3
0,28,telephone,fri,0,unknown,3805,illiterate,-1,unknown,technician,unknown,married,nov,213,nonexistent,4
1,28,telephone,fri,0,unknown,3805,illiterate,-1,unknown,technician,unknown,married,nov,213,nonexistent,4
0,28,telephone,(null),1,unknown,3813,professional.course,0,unknown,technician,unknown,single,sep,215,success,5
1,28,telephone,(null),1,unknown,3813,professional.course,0,unknown,technician,unknown,single,sep,215,success,5
0,28,telephone,fri,0,unknown,3805,illiterate,-1,unknown,housemaid,unknown,married,nov,213,nonexistent,4
1,28,telephone,fri,0,unknown,3805,illiterate,-1,unknown,housemaid,unknown,married,nov,213,nonexistent,4
0,28,telephone,(null),0,unknown,3891,professional.course,0,unknown,unemployed,unknown,single,nov,201,success,6
1,28,telephone,(null),0,unknown,3891,professional.course,0,unknown,unemployed,unknown,single,nov,201,success,6
0,26,telephone,(null),1,unknown,3813,professional.course,0,unknown,technician,unknown,single,dec,199,success,5
1,26,telephone,(null),1,unknown,3813,professional.course,0,unknown,technician,unknown,single,dec,199,success,5
0,28,telephone,(null),0,unknown,3813,professional.course,0,unknown,management,unknown,single,dec,199,success,5
1,28,telephone,(null),0,unknown,3813,professional.course,0,unknown,management,unknown,single,dec,199,success,5
0,34,telephone,thu,0,unknown,4297,high.school,-1,unknown,retired,unknown,married,oct,172,nonexistent,3
1,34,telephone,thu,0,unknown,4297,high.school,-1,unknown,retired,unknown,married,oct,172,nonexistent,3
0,33,cellular,tue,0,no,4079,basic.6y,-3,no,blue-collar,no,divorced,jul,159,failure,0
1,33,cellular,tue,0,no,4079,basic.6y,-3,no,blue-collar,no,divorced,jul,159,failure,0
0,36,cellular,mon,1,no,4298,basic.4y,-3,no,admin.,no,divorced,jul,125,failure,0
1,36,cellular,mon,1,no,4298,basic.4y,-3,no,admin.,no,divorced,jul,125,failure,0
0,34,telephone,fri,1,unknown,4312,illiterate,-1,unknown,self-employed,unknown,married,oct,143,nonexistent,4
1,34,telephone,fri,1,unknown,4312,illiterate,-1,unknown,self-employed,unknown,married,oct,143,nonexistent,4
0,33,cellular,wed,1,no,4110,basic.9y,-2,no,housemaid,no,married,aug,134,nonexistent,2
1,33,cellular,wed,1,no,4110,basic.9y,-2,no,housemaid,no,married,aug,134,nonexistent,2
0,36,cellular,tue,0,no,4235,basic.6y,-3,no,blue-collar,no,divorced,jan,159,failure,0
1,36,cellular,tue,0,no,4235,basic.6y,-3,no,blue-collar,no,divorced,jan,159,failure,0
0,36,cellular,wed,0,no,4266,basic.9y,-2,no,housemaid,no,married,feb,134,nonexistent,2
1,36,cellular,wed,0,no,4266,basic.9y,-2,no,housemaid,no,married,feb,134,nonexistent,2
0,36,cellular,mon,1,no,4142,basic.4y,-3,no,admin.,no,divorced,jan,125,failure,0
1,36,cellular,mon,1,no,4142,basic.4y,-3,no,admin.,no,divorced,jan,125,failure,0
0,35,telephone,(null),0,unknown,4343,professional.course,0,unknown,student,unknown,single,may,174,success,5
1,35,telephone,(null),0,unknown,4343,professional.course,0,unknown,student,unknown,single,may,174,success,5
0,34,telephone,(null),1,unknown,4281,professional.course,0,unknown,technician,unknown,single,jun,180,success,5
1,34,telephone,(null),1,unknown,4281,professional.course,0,unknown,technician,unknown,single,jun,180,success,5
0,35,cellular,tue,1,no,4157,basic.6y,-3,no,entrepreneur,no,divorced,feb,162,failure,1
1,35,cellular,tue,1,no,4157,basic.6y,-3,no,entrepreneur,no,divorced,feb,162,failure,1
0,35,cellular,tue,0,no,4094,basic.6y,-3,no,entrepreneur,no,divorced,feb,131,failure,1
1,35,cellular,tue,0,no,4094,basic.6y,-3,no,entrepreneur,no,divorced,feb,131,failure,1
0,33,telephone,fri,1,unknown,4172,illiterate,-1,unknown,services,unknown,married,apr,168,nonexistent,4
1,33,telephone,fri,1,unknown,4172,illiterate,-1,unknown,services,unknown,married,apr,168,nonexistent,4
0,33,cellular,tue,1,no,3923,basic.6y,-3,no,blue-collar,no,divorced,jan,159,failure,0
1,33,cellular,tue,1,no,3923,basic.6y,-3,no,blue-collar,no,divorced,jan,159,failure,0
0,33,cellular,tue,0,no,3993,basic.6y,-3,no,admin.,no,divorced,jul,128,failure,0
1,33,cellular,tue,0,no,3993,basic.6y,-3,no,admin.,no,divorced,jul,128,failure,0
0,33,cellular,wed,1,no,3954,basic.9y,-2,no,housemaid,no,married,feb,134,nonexistent,2
1,33,cellular,wed,1,no,3954,basic.9y,-2,no,housemaid,no,married,feb,134,nonexistent,2
0,33,cellular,tue,0,no,3837,basic.6y,-3,no,admin.,no,divorced,jan,128,failure,0
1,33,cellular,tue,0,no,3837,basic.6y,-3,no,admin.,no,divorced,jan,128,failure,0
0,32,telephone,(null),1,unknown,4187,professional.course,0,unknown,student,unknown,single,nov,174,success,5
1,32,telephone,(null),1,unknown,4187,professional.course,0,unknown,student,unknown,single,nov,174,success,5
0,30,cellular,wed,1,no,3969,basic.9y,-2,no,student,no,married,sep,168,nonexistent,2
1,30,cellular,wed,1,no,3969,basic.9y,-2,no,student,no,married,sep,168,nonexistent,2
0,31,telephone,fri,1,unknown,4000,illiterate,-1,unknown,housemaid,unknown,married,oct,174,nonexistent,4
1,31,telephone,fri,1,unknown,4000,illiterate,-1,unknown,housemaid,unknown,married,oct,174,nonexistent,4
0,30,cellular,tue,1,no,3845,basic.6y,-3,no,services,no,divorced,jul,175,failure,1
1,30,cellular,tue,1,no,3845,basic.6y,-3,no,services,no,divorced,jul,175,failure,1
0,30,cellular,tue,0,no,3845,basic.6y,-3,no,services,no,divorced,jul,159,failure,1
1,30,cellular,tue,0,no,3845,basic.6y,-3,no,services,no,divorced,jul,159,failure,1
0,30,cellular,tue,0,no,3782,basic.6y,-3,no,blue-collar,no,divorced,aug,162,failure,1
1,30,cellular,tue,0,no,3782,basic.6y,-3,no,blue-collar,no,divorced,aug,162,failure,1
0,32,cellular,tue,1,no,3938,basic.6y,-3,no,entrepreneur,no,divorced,aug,131,failure,1
1,32,cellular,tue,1,no,3938,basic.6y,-3,no,entrepreneur,no,divorced,aug,131,failure,1
0,30,telephone,(null),0,unknown,4047,professional.course,0,unknown,technician,unknown,single,nov,152,success,6
1,30,telephone,(null),0,unknown,4047,professional.course,0,unknown,technician,unknown,single,nov,152,success,6
0,30,cellular,tue,1,no,3766,basic.6y,-3,no,self-employed,no,divorced,jul,128,failure,0
1,30,cellular,tue,1,no,3766,basic.6y,-3,no,self-employed,no,divorced,jul,128,failure,0
0,30,cellular,wed,1,no,3797,basic.9y,-2,no,blue-collar,no,married,aug,134,nonexistent,2
1,30,cellular,wed,1,no,3797,basic.9y,-2,no,blue-collar,no,married,aug,134,nonexistent,2
0,28,telephone,(null),0,unknown,3891,professional.course,0,unknown,unemployed,unknown,single,dec,183,success,6
1,28,telephone,(null),0,unknown,3891,professional.course,0,unknown,unemployed,unknown,single,dec,183,success,6
0,28,telephone,(null),0,unknown,3821,professional.course,0,unknown,management,unknown,single,dec,183,success,6
1,28,telephone,(null),0,unknown,3821,professional.course,0,unknown,management,unknown,single,dec,183,success,6
0,28,telephone,(null),1,unknown,3813,professional.course,0,unknown,student,unknown,single,dec,149,success,5
1,28,telephone,(null),1,unknown,3813,professional.course,0,unknown,student,unknown,single,dec,149,success,5
0,32,telephone,(null),0,unknown,4047,professional.course,0,unknown,technician,unknown,single,may,180,success,6
1,32,telephone,(null),0,unknown,4047,professional.course,0,unknown,technician,unknown,single,may,180,success,6
0,32,cellular,tue,0,no,3782,basic.6y,-3,no,entrepreneur,no,divorced,feb,137,failure,1
1,32,cellular,tue,0,no,3782,basic.6y,-3,no,entrepreneur,no,divorced,feb,137,failure,1
0,30,telephone,(null),0,unknown,3875,professional.course,0,unknown,student,unknown,single,may,174,success,5
1,30,telephone,(null),0,unknown,3875,professional.course,0,unknown,student,unknown,single,may,174,success,5
0,42,telephone,(null),0,unknown,4992,professional.course,0,unknown,management,unknown,single,jun,120,success,6
1,42,telephone,(null),0,unknown,4992,professional.course,0,unknown,management,unknown,single,jun,120,success,6
0,42,telephone,(null),1,unknown,4984,professional.course,0,unknown,technician,unknown,single,mar,117,success,5
1,42,telephone,(null),1,unknown,4984,professional.course,0,unknown,technician,unknown,single,mar,117,success,5
0,42,telephone,fri,0,unknown,4969,illiterate,-1,unknown,housemaid,unknown,married,feb,111,nonexistent,4
1,42,telephone,fri,0,unknown,4969,illiterate,-1,unknown,housemaid,unknown,married,feb,111,nonexistent,4
0,42,telephone,fri,0,unknown,4898,illiterate,-1,unknown,housemaid,unknown,married,feb,114,nonexistent,4
1,42,telephone,fri,0,unknown,4898,illiterate,-1,unknown,housemaid,unknown,married,feb,114,nonexistent,4
0,41,cellular,mon,0,no,4923,basic.4y,-3,no,admin.,no,divorced,oct,110,failure,0
1,41,cellular,mon,0,no,4923,basic.4y,-3,no,admin.,no,divorced,oct,110,failure,0
0,41,telephone,thu,0,unknown,4961,high.school,-1,unknown,student,unknown,married,aug,117,nonexistent,3
1,41,telephone,thu,0,unknown,4961,high.school,-1,unknown,student,unknown,married,aug,117,nonexistent,3
0,41,telephone,(null),0,unknown,4984,professional.course,0,unknown,management,unknown,single,sep,117,success,5
1,41,telephone,(null),0,unknown,4984,professional.course,0,unknown,management,unknown,single,sep,117,success,5
0,41,cellular,wed,0,no,4875,basic.9y,-2,no,entrepreneur,no,married,aug,115,nonexistent,2
1,41,cellular,wed,0,no,4875,basic.9y,-2,no,entrepreneur,no,married,aug,115,nonexistent,2
0,39,telephone,fri,0,unknown,4953,illiterate,-1,unknown,services,unknown,married,oct,114,nonexistent,4
1,39,telephone,fri,0,unknown,4953,illiterate,-1,unknown,services,unknown,married,oct,114,nonexistent,4
0,41,telephone,(null),1,unknown,4984,professional.course,0,unknown,technician,unknown,single,may,117,success,6
1,41,telephone,(null),1,unknown,4984,professional.course,0,unknown,technician,unknown,single,may,117,success,6
0,39,cellular,tue,1,no,4930,basic.6y,-3,no,blue-collar,no,divorced,apr,96,failure,0
1,39,cellular,tue,1,no,4930,basic.6y,-3,no,blue-collar,no,divorced,apr,96,failure,0
0,39,cellular,wed,1,no,4946,basic.9y,-2,no,housemaid,no,married,feb,98,nonexistent,2
1,39,cellular,wed,1,no,4946,basic.9y,-2,no,housemaid,no,married,feb,98,nonexistent,2
0,39,cellular,tue,0,no,4860,basic.6y,-3,no,entrepreneur,no,divorced,apr,99,failure,1
1,39,cellular,tue,0,no,4860,basic.6y,-3,no,entrepreneur,no,divorced,apr,99,failure,1
0,39,cellular,mon,0,no,4845,basic.4y,-3,no,self-employed,no,divorced,jan,94,failure,0
1,39,cellular,mon,0,no,4845,basic.4y,-3,no,self-employed,no,divorced,jan,94,failure,0
0,39,cellular,tue,1,no,4852,basic.6y,-3,no,admin.,no,divorced,jan,95,failure,0
1,39,cellular,tue,1,no,4852,basic.6y,-3,no,admin.,no,divorced,jan,95,failure,0
0,39,telephone,fri,0,unknown,4813,illiterate,-1,unknown,housemaid,unknown,married,nov,111,nonexistent,4
1,39,telephone,fri,0,unknown,4813,illiterate,-1,unknown,housemaid,unknown,married,nov,111,nonexistent,4
0,39,telephone,fri,0,unknown,4820,illiterate,-1,unknown,services,unknown,married,aug,114,nonexistent,4
1,39,telephone,fri,0,unknown,4820,illiterate,-1,unknown,services,unknown,married,aug,114,nonexistent,4
0,39,telephone,fri,0,unknown,4735,illiterate,-1,unknown,student,unknown,married,aug,111,nonexistent,4
1,39,telephone,fri,0,unknown,4735,illiterate,-1,unknown,student,unknown,married,aug,111,nonexistent,4
0,39,telephone,thu,0,unknown,4727,high.school,-1,unknown,housemaid,unknown,married,aug,109,nonexistent,3
1,39,telephone,thu,0,unknown,4727,high.school,-1,unknown,housemaid,unknown,married,aug,109,nonexistent,3
0,41,cellular,wed,0,no,4797,basic.9y,-2,no,entrepreneur,no,married,may,115,nonexistent,2
1,41,cellular,wed,0,no,4797,basic.9y,-2,no,entrepreneur,no,married,may,115,nonexistent,2
0,41,telephone,fri,0,unknown,4813,illiterate,-1,unknown,self-employed,unknown,married,feb,111,nonexistent,4
1,41,telephone,fri,0,unknown,4813,illiterate,-1,unknown,self-employed,unknown,married,feb,111,nonexistent,4
0,41,telephone,fri,0,unknown,4735,illiterate,-1,unknown,housemaid,unknown,married,feb,111,nonexistent,4
1,41,telephone,fri,0,unknown,4735,illiterate,-1,unknown,housemaid,unknown,married,feb,111,nonexistent,4
0,39,cellular,tue,0,no,4704,basic.6y,-3,no,blue-collar,no,divorced,jan,96,failure,0
1,39,cellular,tue,0,no,4704,basic.6y,-3,no,blue-collar,no,divorced,jan,96,failure,0
0,39,cellular,wed,0,no,4634,basic.9y,-2,no,housemaid,no,married,feb,102,nonexistent,2
1,39,cellular,wed,0,no,4634,basic.9y,-2,no,housemaid,no,married,feb,102,nonexistent,2
0,39,telephone,thu,0,unknown,4571,high.school,-1,unknown,housemaid,unknown,married,may,109,nonexistent,3
1,39,telephone,thu,0,unknown,4571,high.school,-1,unknown,housemaid,unknown,married,may,109,nonexistent,3
0,39,cellular,wed,0,no,4563,basic.9y,-2,no,management,no,married,feb,105,nonexistent,2
1,39,cellular,wed,0,no,4563,basic.9y,-2,no,management,no,married,feb,105,nonexistent,2
0,39,cellular,wed,0,no,4478,basic.9y,-2,no,blue-collar,no,married,feb,102,nonexistent,2
1,39,cellular,wed,0,no,4478,basic.9y,-2,no,blue-collar,no,married,feb,102,nonexistent,2
0,38,cellular,tue,0,no,4860,basic.6y,-3,no,blue-collar,no,divorced,jul,96,failure,0
1,38,cellular,tue,0,no,4860,basic.6y,-3,no,blue-collar,no,divorced,jul,96,failure,0
0,36,telephone,fri,0,unknown,4937,illiterate,-1,unknown,self-employed,unknown,married,oct,99,nonexistent,4
1,36,telephone,fri,0,unknown,4937,illiterate,-1,unknown,self-employed,unknown,married,oct,99,nonexistent,4
0,38,telephone,(null),1,unknown,4968,professional.course,0,unknown,student,unknown,single,jun,104,success,5
1,38,telephone,(null),1,unknown,4968,professional.course,0,unknown,student,unknown,single,jun,104,success,5
0,37,telephone,fri,1,unknown,4953,illiterate,-1,unknown,services,unknown,married,apr,98,nonexistent,4
1,37,telephone,fri,1,unknown,4953,illiterate,-1,unknown,services,unknown,married,apr,98,nonexistent,4
0,36,cellular,wed,1,no,4891,basic.9y,-2,no,housemaid,no,married,feb,88,nonexistent,2
1,36,cellular,wed,1,no,4891,basic.9y,-2,no,housemaid,no,married,feb,88,nonexistent,2
0,36,cellular,tue,1,no,4860,basic.6y,-3,no,blue-collar,no,divorced,jan,83,failure,0
1,36,cellular,tue,1,no,4860,basic.6y,-3,no,blue-collar,no,divorced,jan,83,failure,0
0,38,telephone,(null),0,unknown,4812,professional.course,0,unknown,student,unknown,single,nov,111,success,5
1,38,telephone,(null),0,unknown,4812,professional.course,0,unknown,student,unknown,single,nov,111,success,5
0,36,telephone,fri,1,unknown,4797,illiterate,-1,unknown,services,unknown,married,oct,105,nonexistent,4
1,36,telephone,fri,1,unknown,4797,illiterate,-1,unknown,services,unknown,married,oct,105,nonexistent,4
0,38,telephone,(null),1,unknown,4828,professional.course,0,unknown,student,unknown,single,may,105,success,5
1,38,telephone,(null),1,unknown,4828,professional.course,0,unknown,student,unknown,single,may,105,success,5
0,38,cellular,mon,0,no,4689,basic.4y,-3,no,admin.,no,divorced,apr,94,failure,0
1,38,cellular,mon,0,no,4689,basic.4y,-3,no,admin.,no,divorced,apr,94,failure,0
0,38,cellular,wed,1,no,4712,basic.9y,-2,no,housemaid,no,married,feb,96,nonexistent,2
1,38,cellular,wed,1,no,4712,basic.9y,-2,no,housemaid,no,married,feb,96,nonexistent,2
0,38,cellular,mon,0,no,4689,basic.4y,-3,no,admin.,no,divorced,jan,91,failure,0
1,38,cellular,mon,0,no,4689,basic.4y,-3,no,admin.,no,divorced,jan,91,failure,0
0,36,telephone,thu,0,unknown,4766,high.school,-1,unknown,retired,unknown,married,apr,93,nonexistent,3
1,36,telephone,thu,0,unknown,4766,high.school,-1,unknown,retired,unknown,married,apr,93,nonexistent,3
0,35,telephone,(null),1,unknown,4968,professional.course,0,unknown,technician,unknown,single,dec,100,success,6
1,35,telephone,(null),1,unknown,4968,professional.course,0,unknown,technician,unknown,single,dec,100,success,6
0,33,telephone,(null),1,unknown,4812,professional.course,0,unknown,student,unknown,single,dec,96,success,5
1,33,telephone,(null),1,unknown,4812,professional.course,0,unknown,student,unknown,single,dec,96,success,5
0,35,telephone,(null),1,unknown,4968,professional.course,0,unknown,technician,unknown,single,sep,96,success,6
1,35,telephone,(null),1,unknown,4968,professional.course,0,unknown,technician,unknown,single,sep,96,success,6
0,33,cellular,tue,1,no,4751,basic.6y,-3,no,entrepreneur,no,divorced,aug,81,failure,1
1,33,cellular,tue,1,no,4751,basic.6y,-3,no,entrepreneur,no,divorced,aug,81,failure,1
0,33,cellular,mon,1,no,4845,basic.4y,-3,no,admin.,no,divorced,jul,75,failure,0
1,33,cellular,mon,1,no,4845,basic.4y,-3,no,admin.,no,divorced,jul,75,failure,0
0,34,telephone,(null),1,unknown,4937,professional.course,0,unknown,student,unknown,single,may,90,success,5
1,34,telephone,(null),1,unknown,4937,professional.course,0,unknown,student,unknown,single,may,90,success,5
0,33,cellular,mon,1,no,4689,basic.4y,-3,no,admin.,no,divorced,jan,71,failure,0
1,33,cellular,mon,1,no,4689,basic.4y,-3,no,admin.,no,divorced,jan,71,failure,0
0,33,cellular,mon,0,no,4845,basic.4y,-3,no,admin.,no,divorced,jan,67,failure,0
1,33,cellular,mon,0,no,4845,basic.4y,-3,no,admin.,no,divorced,jan,67,failure,0
0,38,telephone,thu,0,unknown,4610,high.school,-1,unknown,retired,unknown,married,oct,109,nonexistent,3
1,38,telephone,thu,0,unknown,4610,high.school,-1,unknown,retired,unknown,married,oct,109,nonexistent,3
0,36,cellular,mon,0,no,4611,basic.4y,-3,no,admin.,no,divorced,oct,94,failure,0
1,36,cellular,mon,0,no,4611,basic.4y,-3,no,admin.,no,divorced,oct,94,failure,0
0,37,cellular,tue,1,no,4626,basic.6y,-3,no,services,no,divorced,jul,99,failure,1
1,37,cellular,tue,1,no,4626,basic.6y,-3,no,services,no,divorced,jul,99,failure,1
0,37,cellular,tue,1,no,4618,basic.6y,-3,no,admin.,no,divorced,jul,96,failure,0
1,37,cellular,tue,1,no,4618,basic.6y,-3,no,admin.,no,divorced,jul,96,failure,0
0,36,telephone,(null),0,unknown,4594,professional.course,0,unknown,student,unknown,single,nov,117,success,5
1,36,telephone,(null),0,unknown,4594,professional.course,0,unknown,student,unknown,single,nov,117,success,5
0,36,cellular,mon,0,no,4376,basic.4y,-3,no,admin.,no,divorced,jul,94,failure,0
1,36,cellular,mon,0,no,4376,basic.4y,-3,no,admin.,no,divorced,jul,94,failure,0
0,38,telephone,fri,0,unknown,4641,illiterate,-1,unknown,services,unknown,married,apr,105,nonexistent,4
1,38,telephone,fri,0,unknown,4641,illiterate,-1,unknown,services,unknown,married,apr,105,nonexistent,4
0,36,telephone,fri,1,unknown,4625,illiterate,-1,unknown,self-employed,unknown,married,apr,99,nonexistent,4
1,36,telephone,fri,1,unknown,4625,illiterate,-1,unknown,self-employed,unknown,married,apr,99,nonexistent,4
0,38,cellular,tue,1,no,4407,basic.6y,-3,no,entrepreneur,no,divorced,feb,99,failure,1
1,38,cellular,tue,1,no,4407,basic.6y,-3,no,entrepreneur,no,divorced,feb,99,failure,1
0,37,cellular,tue,0,no,4462,basic.6y,-3,no,self-employed,no,divorced,apr,96,failure,0
1,37,cellular,tue,0,no,4462,basic.6y,-3,no,self-employed,no,divorced,apr,96,failure,0
0,37,cellular,mon,0,no,4455,basic.4y,-3,no,admin.,no,divorced,apr,94,failure,0
1,37,cellular,mon,0,no,4455,basic.4y,-3,no,admin.,no,divorced,apr,94,failure,0
0,36,telephone,(null),0,unknown,4438,professional.course,0,unknown,student,unknown,single,may,117,success,5
1,36,telephone,(null),0,unknown,4438,professional.course,0,unknown,student,unknown,single,may,117,success,5
0,35,telephone,fri,1,unknown,4625,illiterate,-1,unknown,self-employed,unknown,married,oct,99,nonexistent,4
1,35,telephone,fri,1,unknown,4625,illiterate,-1,unknown,self-employed,unknown,married,oct,99,nonexistent,4
0,33,telephone,(null),1,unknown,4672,professional.course,0,unknown,technician,unknown,single,nov,100,success,6
1,33,telephone,(null),1,unknown,4672,professional.course,0,unknown,technician,unknown,single,nov,100,success,6
0,33,cellular,mon,0,no,4533,basic.4y,-3,no,admin.,no,divorced,jul,79,failure,0
1,33,cellular,mon,0,no,4533,basic.4y,-3,no,admin.,no,divorced,jul,79,failure,0
0,35,cellular,mon,0,no,4455,basic.4y,-3,no,self-employed,no,divorced,oct,94,failure,0
1,35,cellular,mon,0,no,4455,basic.4y,-3,no,self-employed,no,divorced,oct,94,failure,0
0,35,telephone,(null),1,unknown,4446,professional.course,0,unknown,technician,unknown,single,nov,120,success,6
1,35,telephone,(null),1,unknown,4446,professional.course,0,unknown,technician,unknown,single,nov,120,success,6
0,33,telephone,thu,1,unknown,4454,high.school,-1,unknown,retired,unknown,married,oct,93,nonexistent,3
1,33,telephone,thu,1,unknown,4454,high.school,-1,unknown,retired,unknown,married,oct,93,nonexistent,3
0,35,telephone,(null),1,unknown,4656,professional.course,0,unknown,student,unknown,single,jun,96,success,5
1,35,telephone,(null),1,unknown,4656,professional.course,0,unknown,student,unknown,single,jun,96,success,5
0,34,telephone,thu,0,unknown,4610,high.school,-1,unknown,retired,unknown,married,apr,86,nonexistent,3
1,34,telephone,thu,0,unknown,4610,high.school,-1,unknown,retired,unknown,married,apr,86,nonexistent,3
0,33,cellular,tue,1,no,4548,basic.6y,-3,no,blue-collar,no,divorced,jan,75,failure,0
1,33,cellular,tue,1,no,4548,basic.6y,-3,no,blue-collar,no,divorced,jan,75,failure,0
0,35,telephone,thu,1,unknown,4454,high.school,-1,unknown,retired,unknown,married,apr,93,nonexistent,3
1,35,telephone,thu,1,unknown,4454,high.school,-1,unknown,retired,unknown,married,apr,93,nonexistent,3
0,33,cellular,wed,0,no,4422,basic.9y,-2,no,housemaid,no,married,feb,81,nonexistent,2
1,33,cellular,wed,0,no,4422,basic.9y,-2,no,housemaid,no,married,feb,81,nonexistent,2
0,32,telephone,(null),1,unknown,4828,professional.course,0,unknown,technician,unknown,single,dec,89,success,6
1,32,telephone,(null),1,unknown,4828,professional.course,0,unknown,technician,unknown,single,dec,89,success,6
0,31,telephone,(null),1,unknown,4937,professional.course,0,unknown,student,unknown,single,dec,84,success,5
1,31,telephone,(null),1,unknown,4937,professional.course,0,unknown,student,unknown,single,dec,84,success,5
0,32,telephone,fri,1,unknown,4797,illiterate,-1,unknown,services,unknown,married,aug,83,nonexistent,4
1,32,telephone,fri,1,unknown,4797,illiterate,-1,unknown,services,unknown,married,aug,83,nonexistent,4
0,31,telephone,(null),1,unknown,4656,professional.course,0,unknown,technician,unknown,single,nov,91,success,6
1,31,telephone,(null),1,unknown,4656,professional.course,0,unknown,technician,unknown,single,nov,91,success,6
0,30,cellular,wed,0,no,4813,basic.9y,-2,no,management,no,married,sep,73,nonexistent,2
1,30,cellular,wed,0,no,4813,basic.9y,-2,no,management,no,married,sep,73,nonexistent,2
0,30,cellular,mon,0,no,4689,basic.4y,-3,no,admin.,no,divorced,oct,67,failure,0
1,30,cellular,mon,0,no,4689,basic.4y,-3,no,admin.,no,divorced,oct,67,failure,0
0,30,cellular,tue,0,no,4860,basic.6y,-3,no,blue-collar,no,divorced,jul,63,failure,0
1,30,cellular,tue,0,no,4860,basic.6y,-3,no,blue-collar,no,divorced,jul,63,failure,0
0,30,cellular,tue,0,no,4719,basic.6y,-3,no,entrepreneur,no,divorced,jul,67,failure,1
1,30,cellular,tue,0,no,4719,basic.6y,-3,no,entrepreneur,no,divorced,jul,67,failure,1
0,30,cellular,tue,0,no,4407,basic.6y,-3,no,blue-collar,no,divorced,jul,71,failure,0
1,30,cellular,tue,0,no,4407,basic.6y,-3,no,blue-collar,no,divorced,jul,71,failure,0
0,30,cellular,mon,1,no,4533,basic.4y,-3,no,admin.,no,divorced,jul,67,failure,0
1,30,cellular,mon,1,no,4533,basic.4y,-3,no,admin.,no,divorced,jul,67,failure,0
0,32,cellular,wed,1,no,4813,basic.9y,-2,no,management,no,married,may,74,nonexistent,2
1,32,cellular,wed,1,no,4813,basic.9y,-2,no,management,no,married,may,74,nonexistent,2
0,30,telephone,(null),1,unknown,4937,professional.course,0,unknown,student,unknown,single,jun,74,success,5
1,30,telephone,(null),1,unknown,4937,professional.course,0,unknown,student,unknown,single,jun,74,success,5
0,31,telephone,(null),1,unknown,4937,professional.course,0,unknown,student,unknown,single,mar,74,success,5
1,31,telephone,(null),1,unknown,4937,professional.course,0,unknown,student,unknown,single,mar,74,success,5
0,30,cellular,wed,0,no,4469,basic.9y,-2,no,housemaid,no,married,may,71,nonexistent,2
1,30,cellular,wed,0,no,4469,basic.9y,-2,no,housemaid,no,married,may,71,nonexistent,2
0,30,cellular,mon,1,no,4376,basic.4y,-3,no,admin.,no,divorced,jan,63,failure,0
1,30,cellular,mon,1,no,4376,basic.4y,-3,no,admin.,no,divorced,jan,63,failure,0
0,28,telephone,(null),1,unknown,4828,professional.course,0,unknown,technician,unknown,single,dec,77,success,6
1,28,telephone,(null),1,unknown,4828,professional.course,0,unknown,technician,unknown,single,dec,77,success,6
0,28,cellular,wed,1,no,4782,basic.9y,-2,no,housemaid,no,married,nov,65,nonexistent,2
1,28,cellular,wed,1,no,4782,basic.9y,-2,no,housemaid,no,married,nov,65,nonexistent,2
0,28,telephone,(null),1,unknown,4968,professional.course,0,unknown,technician,unknown,single,sep,76,success,6
1,28,telephone,(null),1,unknown,4968,professional.course,0,unknown,technician,unknown,single,sep,76,success,6
0,26,telephone,fri,1,unknown,4906,illiterate,-1,unknown,services,unknown,married,nov,73,nonexistent,4
1,26,telephone,fri,1,unknown,4906,illiterate,-1,unknown,services,unknown,married,nov,73,nonexistent,4
0,26,cellular,wed,0,no,4813,basic.9y,-2,no,management,no,married,aug,68,nonexistent,2
1,26,cellular,wed,0,no,4813,basic.9y,-2,no,management,no,married,aug,68,nonexistent,2
0,28,cellular,wed,1,no,4469,basic.9y,-2,no,housemaid,no,married,aug,67,nonexistent,2
1,28,cellular,wed,1,no,4469,basic.9y,-2,no,housemaid,no,married,aug,67,nonexistent,2
0,26,telephone,(null),0,unknown,4656,professional.course,0,unknown,student,unknown,single,dec,68,success,5
1,26,telephone,(null),0,unknown,4656,professional.course,0,unknown,student,unknown,single,dec,68,success,5
0,26,telephone,fri,0,unknown,4469,illiterate,-1,unknown,self-employed,unknown,married,nov,67,nonexistent,4
1,26,telephone,fri,0,unknown,4469,illiterate,-1,unknown,self-employed,unknown,married,nov,67,nonexistent,4
0,26,telephone,(null),1,unknown,4625,professional.course,0,unknown,student,unknown,single,sep,74,success,5
1,26,telephone,(null),1,unknown,4625,professional.course,0,unknown,student,unknown,single,sep,74,success,5
0,28,telephone,thu,1,unknown,4844,high.school,-1,unknown,retired,unknown,married,may,70,nonexistent,3
1,28,telephone,thu,1,unknown,4844,high.school,-1,unknown,retired,unknown,married,may,70,nonexistent,3
0,28,cellular,tue,1,no,4720,basic.6y,-3,no,blue-collar,no,divorced,jan,64,failure,0
1,28,cellular,tue,1,no,4720,basic.6y,-3,no,blue-collar,no,divorced,jan,64,failure,0
0,26,cellular,wed,1,no,4735,basic.9y,-2,no,housemaid,no,married,may,65,nonexistent,2
1,26,cellular,wed,1,no,4735,basic.9y,-2,no,housemaid,no,married,may,65,nonexistent,2
0,29,cellular,wed,1,no,4594,basic.9y,-2,no,management,no,married,may,65,nonexistent,2
1,29,cellular,wed,1,no,4594,basic.9y,-2,no,management,no,married,may,65,nonexistent,2
0,28,telephone,fri,1,unknown,4641,illiterate,-1,unknown,services,unknown,married,may,73,nonexistent,4
1,28,telephone,fri,1,unknown,4641,illiterate,-1,unknown,services,unknown,married,may,73,nonexistent,4
0,28,cellular,wed,1,no,4438,basic.9y,-2,no,management,no,married,may,65,nonexistent,2
1,28,cellular,wed,1,no,4438,basic.9y,-2,no,management,no,married,may,65,nonexistent,2
0,28,telephone,fri,0,unknown,4563,illiterate,-1,unknown,self-employed,unknown,married,feb,71,nonexistent,4
1,28,telephone,fri,0,unknown,4563,illiterate,-1,unknown,self-employed,unknown,married,feb,71,nonexistent,4
0,26,cellular,wed,1,no,4500,basic.9y,-2,no,management,no,married,may,68,nonexistent,2
1,26,cellular,wed,1,no,4500,basic.9y,-2,no,management,no,married,may,68,nonexistent,2
0,26,cellular,tue,1,no,4407,basic.6y,-3,no,entrepreneur,no,divorced,jan,65,failure,1
1,26,cellular,tue,1,no,4407,basic.6y,-3,no,entrepreneur,no,divorced,jan,65,failure,1
0,30,cellular,mon,0,no,4689,illiterate,-3,no,admin.,no,divorced,jan,56,failure,0
1,30,cellular,mon,0,no,4689,illiterate,-3,no,admin.,no,divorced,jan,56,failure,0
0,28,cellular,mon,0,no,4845,basic.4y,-3,no,admin.,no,divorced,oct,56,failure,0
1,28,cellular,mon,0,no,4845,basic.4y,-3,no,admin.,no,divorced,oct,56,failure,0
0,28,cellular,mon,1,no,4689,basic.4y,-3,no,admin.,no,divorced,oct,60,failure,0
1,28,cellular,mon,1,no,4689,basic.4y,-3,no,admin.,no,divorced,oct,60,failure,0
0,28,cellular,tue,0,no,4875,basic.6y,-3,no,entrepreneur,no,divorced,jul,57,failure,1
1,28,cellular,tue,0,no,4875,basic.6y,-3,no,entrepreneur,no,divorced,jul,57,failure,1
0,28,cellular,mon,0,no,4689,basic.4y,-3,no,admin.,no,divorced,jul,56,failure,0
1,28,cellular,mon,0,no,4689,basic.4y,-3,no,admin.,no,divorced,jul,56,failure,0
0,26,cellular,mon,0,no,4845,basic.4y,-3,no,admin.,no,divorced,oct,48,failure,0
1,26,cellular,mon,0,no,4845,basic.4y,-3,no,admin.,no,divorced,oct,48,failure,0
0,26,cellular,wed,1,no,4750,professional.course,-2,no,management,no,married,nov,58,nonexistent,2
1,26,cellular,wed,1,no,4750,professional.course,-2,no,management,no,married,nov,58,nonexistent,2
0,26,cellular,wed,0,no,4750,basic.6y,-2,no,management,no,married,nov,58,nonexistent,2
1,26,cellular,wed,0,no,4750,basic.6y,-2,no,management,no,married,nov,58,nonexistent,2
0,26,cellular,mon,1,no,4689,basic.4y,-3,no,admin.,no,divorced,jul,48,failure,0
1,26,cellular,mon,1,no,4689,basic.4y,-3,no,admin.,no,divorced,jul,48,failure,0
0,26,cellular,mon,0,no,4376,basic.4y,-3,no,admin.,no,divorced,oct,56,failure,0
1,26,cellular,mon,0,no,4376,basic.4y,-3,no,admin.,no,divorced,oct,56,failure,0
0,26,cellular,wed,1,no,4594,basic.6y,-2,no,management,no,married,aug,58,nonexistent,2
1,26,cellular,wed,1,no,4594,basic.6y,-2,no,management,no,married,aug,58,nonexistent,2
0,26,cellular,tue,1,no,4407,basic.6y,-3,no,entrepreneur,no,divorced,jul,57,failure,1
1,26,cellular,tue,1,no,4407,basic.6y,-3,no,entrepreneur,no,divorced,jul,57,failure,1
0,28,telephone,(null),1,unknown,4968,university.degree,0,unknown,student,unknown,single,jun,59,success,5
1,28,telephone,(null),1,unknown,4968,university.degree,0,unknown,student,unknown,single,jun,59,success,5
0,28,telephone,(null),1,unknown,4937,professional.course,0,unknown,student,unknown,single,mar,55,success,5
1,28,telephone,(null),1,unknown,4937,professional.course,0,unknown,student,unknown,single,mar,55,success,5
0,26,cellular,wed,0,no,4782,basic.9y,-2,no,housemaid,no,married,feb,40,nonexistent,2
1,26,cellular,wed,0,no,4782,basic.9y,-2,no,housemaid,no,married,feb,40,nonexistent,2
0,28,cellular,mon,1,no,4533,basic.4y,-3,no,admin.,no,divorced,apr,56,failure,0
1,28,cellular,mon,1,no,4533,basic.4y,-3,no,admin.,no,divorced,apr,56,failure,0
0,28,cellular,tue,1,no,4391,basic.4y,-3,no,blue-collar,no,divorced,jan,56,failure,0
1,28,cellular,tue,1,no,4391,basic.4y,-3,no,blue-collar,no,divorced,jan,56,failure,0
0,26,cellular,tue,1,no,4548,basic.6y,-3,no,blue-collar,no,divorced,apr,49,failure,0
1,26,cellular,tue,1,no,4548,basic.6y,-3,no,blue-collar,no,divorced,apr,49,failure,0
0,26,cellular,mon,0,no,4376,illiterate,-3,no,admin.,no,divorced,apr,48,failure,0
1,26,cellular,mon,0,no,4376,illiterate,-3,no,admin.,no,divorced,apr,48,failure,0
0,26,telephone,fri,1,unknown,4594,illiterate,-1,unknown,services,unknown,married,feb,52,nonexistent,4
1,26,telephone,fri,1,unknown,4594,illiterate,-1,unknown,services,unknown,married,feb,52,nonexistent,4
0,26,telephone,fri,0,unknown,4875,illiterate,-1,unknown,self-employed,unknown,married,feb,24,nonexistent,4
1,26,telephone,fri,0,unknown,4875,illiterate,-1,unknown,self-employed,unknown,married,feb,24,nonexistent,4
0,26,telephone,(null),0,unknown,4984,university.degree,0,unknown,technician,unknown,single,mar,14,success,6
1,26,telephone,(null),0,unknown,4984,university.degree,0,unknown,technician,unknown,single,mar,14,success,6
0,36,cellular,tue,0,no,4313,basic.6y,-3,no,entrepreneur,no,divorced,aug,99,failure,1
1,36,cellular,tue,0,no,4313,basic.6y,-3,no,entrepreneur,no,divorced,aug,99,failure,1
0,36,telephone,thu,0,unknown,4297,high.school,-1,unknown,retired,unknown,married,apr,109,nonexistent,3
1,36,telephone,thu,0,unknown,4297,high.school,-1,unknown,retired,unknown,married,apr,109,nonexistent,3
0,36,cellular,mon,0,no,4064,basic.4y,-3,no,admin.,no,divorced,jan,94,failure,0
1,36,cellular,mon,0,no,4064,basic.4y,-3,no,admin.,no,divorced,jan,94,failure,0
0,35,telephone,thu,0,unknown,4297,high.school,-1,unknown,retired,unknown,married,oct,109,nonexistent,3
1,35,telephone,thu,0,unknown,4297,high.school,-1,unknown,retired,unknown,married,oct,109,nonexistent,3
0,33,telephone,(null),1,unknown,4281,professional.course,0,unknown,student,unknown,single,nov,117,success,5
1,33,telephone,(null),1,unknown,4281,professional.course,0,unknown,student,unknown,single,nov,117,success,5
0,35,cellular,mon,0,no,4142,basic.4y,-3,no,admin.,no,divorced,jul,94,failure,0
1,35,cellular,mon,0,no,4142,basic.4y,-3,no,admin.,no,divorced,jul,94,failure,0
0,33,telephone,thu,1,unknown,4141,high.school,-1,unknown,retired,unknown,married,oct,109,nonexistent,3
1,33,telephone,thu,1,unknown,4141,high.school,-1,unknown,retired,unknown,married,oct,109,nonexistent,3
0,35,telephone,(null),1,unknown,4289,professional.course,0,unknown,technician,unknown,single,may,120,success,6
1,35,telephone,(null),1,unknown,4289,professional.course,0,unknown,technician,unknown,single,may,120,success,6
0,35,cellular,tue,0,no,4313,basic.6y,-3,no,entrepreneur,no,divorced,jan,88,failure,1
1,35,cellular,tue,0,no,4313,basic.6y,-3,no,entrepreneur,no,divorced,jan,88,failure,1
0,33,cellular,wed,1,no,4281,basic.9y,-2,no,management,no,married,mar,87,nonexistent,2
1,33,cellular,wed,1,no,4281,basic.9y,-2,no,management,no,married,mar,87,nonexistent,2
0,35,telephone,fri,0,unknown,4156,illiterate,-1,unknown,self-employed,unknown,married,apr,99,nonexistent,4
1,35,telephone,fri,0,unknown,4156,illiterate,-1,unknown,self-employed,unknown,married,apr,99,nonexistent,4
0,33,telephone,(null),1,unknown,4125,professional.course,0,unknown,student,unknown,single,may,117,success,5
1,33,telephone,(null),1,unknown,4125,professional.course,0,unknown,student,unknown,single,may,117,success,5
0,33,cellular,mon,0,no,4142,basic.4y,-3,no,admin.,no,divorced,jan,79,failure,0
1,33,cellular,mon,0,no,4142,basic.4y,-3,no,admin.,no,divorced,jan,79,failure,0
0,33,cellular,mon,0,no,3908,basic.4y,-3,no,admin.,no,divorced,jul,94,failure,0
1,33,cellular,mon,0,no,3908,basic.4y,-3,no,admin.,no,divorced,jul,94,failure,0
0,35,cellular,tue,0,no,3993,basic.6y,-3,no,blue-collar,no,divorced,jan,96,failure,0
1,35,cellular,tue,0,no,3993,basic.6y,-3,no,blue-collar,no,divorced,jan,96,failure,0
0,33,telephone,thu,0,unknown,3985,high.school,-1,unknown,retired,unknown,married,apr,93,nonexistent,3
1,33,telephone,thu,0,unknown,3985,high.school,-1,unknown,retired,unknown,married,apr,93,nonexistent,3
0,33,cellular,mon,0,no,3751,basic.4y,-3,no,admin.,no,divorced,jan,94,failure,0
1,33,cellular,mon,0,no,3751,basic.4y,-3,no,admin.,no,divorced,jan,94,failure,0
0,32,cellular,wed,0,no,4281,basic.9y,-2,no,management,no,married,sep,87,nonexistent,2
1,32,cellular,wed,0,no,4281,basic.9y,-2,no,management,no,married,sep,87,nonexistent,2
0,30,telephone,(null),1,unknown,4343,professional.course,0,unknown,student,unknown,single,nov,90,success,5
1,30,telephone,(null),1,unknown,4343,professional.course,0,unknown,student,unknown,single,nov,90,success,5
0,30,cellular,mon,0,no,4220,basic.4y,-3,no,admin.,no,divorced,oct,75,failure,0
1,30,cellular,mon,0,no,4220,basic.4y,-3,no,admin.,no,divorced,oct,75,failure,0
0,30,cellular,tue,0,no,4250,basic.6y,-3,no,entrepreneur,no,divorced,jul,75,failure,1
1,30,cellular,tue,0,no,4250,basic.6y,-3,no,entrepreneur,no,divorced,jul,75,failure,1
0,32,telephone,(null),1,unknown,4133,professional.course,0,unknown,technician,unknown,single,dec,120,success,6
1,32,telephone,(null),1,unknown,4133,professional.course,0,unknown,technician,unknown,single,dec,120,success,6
0,32,telephone,thu,1,unknown,4180,high.school,-1,unknown,retired,unknown,married,aug,90,nonexistent,3
1,32,telephone,thu,1,unknown,4180,high.school,-1,unknown,retired,unknown,married,aug,90,nonexistent,3
0,30,cellular,wed,0,no,4110,basic.9y,-2,no,housemaid,no,married,aug,81,nonexistent,2
1,30,cellular,wed,0,no,4110,basic.9y,-2,no,housemaid,no,married,aug,81,nonexistent,2
0,31,telephone,thu,0,unknown,4297,high.school,-1,unknown,retired,unknown,married,apr,78,nonexistent,3
1,31,telephone,thu,0,unknown,4297,high.school,-1,unknown,retired,unknown,married,apr,78,nonexistent,3
0,32,cellular,wed,0,no,4110,basic.9y,-2,no,housemaid,no,married,feb,81,nonexistent,2
1,32,cellular,wed,0,no,4110,basic.9y,-2,no,housemaid,no,married,feb,81,nonexistent,2
0,30,telephone,fri,0,unknown,4156,illiterate,-1,unknown,self-employed,unknown,married,apr,80,nonexistent,4
1,30,telephone,fri,0,unknown,4156,illiterate,-1,unknown,self-employed,unknown,married,apr,80,nonexistent,4
0,32,telephone,fri,0,unknown,4016,illiterate,-1,unknown,services,unknown,married,oct,105,nonexistent,4
1,32,telephone,fri,0,unknown,4016,illiterate,-1,unknown,services,unknown,married,oct,105,nonexistent,4
0,30,telephone,(null),1,unknown,3969,professional.course,0,unknown,student,unknown,single,dec,117,success,5
1,30,telephone,(null),1,unknown,3969,professional.course,0,unknown,student,unknown,single,dec,117,success,5
0,30,telephone,(null),0,unknown,4055,professional.course,0,unknown,unemployed,unknown,single,sep,89,success,6
1,30,telephone,(null),0,unknown,4055,professional.course,0,unknown,unemployed,unknown,single,sep,89,success,6
0,30,telephone,thu,1,unknown,4024,high.school,-1,unknown,housemaid,unknown,married,aug,86,nonexistent,3
1,30,telephone,thu,1,unknown,4024,high.school,-1,unknown,housemaid,unknown,married,aug,86,nonexistent,3
0,30,telephone,(null),0,unknown,3977,professional.course,0,unknown,management,unknown,single,sep,89,success,6
1,30,telephone,(null),0,unknown,3977,professional.course,0,unknown,management,unknown,single,sep,89,success,6
0,32,cellular,tue,1,no,3837,basic.6y,-3,no,blue-collar,no,divorced,jul,96,failure,0
1,32,cellular,tue,1,no,3837,basic.6y,-3,no,blue-collar,no,divorced,jul,96,failure,0
0,30,cellular,wed,1,no,3860,basic.9y,-2,no,student,no,married,nov,105,nonexistent,2
1,30,cellular,wed,1,no,3860,basic.9y,-2,no,student,no,married,nov,105,nonexistent,2
0,30,telephone,fri,0,unknown,3883,illiterate,-1,unknown,housemaid,unknown,married,nov,114,nonexistent,4
1,30,telephone,fri,0,unknown,3883,illiterate,-1,unknown,housemaid,unknown,married,nov,114,nonexistent,4
0,30,telephone,(null),1,unknown,3891,professional.course,0,unknown,student,unknown,single,sep,117,success,5
1,30,telephone,(null),1,unknown,3891,professional.course,0,unknown,student,unknown,single,sep,117,success,5
0,30,cellular,wed,0,no,3774,basic.9y,-2,no,housemaid,no,married,nov,102,nonexistent,2
1,30,cellular,wed,0,no,3774,basic.9y,-2,no,housemaid,no,married,nov,102,nonexistent,2
0,30,cellular,wed,1,no,3782,basic.9y,-2,no,student,no,married,aug,105,nonexistent,2
1,30,cellular,wed,1,no,3782,basic.9y,-2,no,student,no,married,aug,105,nonexistent,2
0,30,telephone,fri,0,unknown,3805,illiterate,-1,unknown,housemaid,unknown,married,aug,114,nonexistent,4
1,30,telephone,fri,0,unknown,3805,illiterate,-1,unknown,housemaid,unknown,married,aug,114,nonexistent,4
0,32,telephone,(null),1,unknown,3977,professional.course,0,unknown,technician,unknown,single,jun,120,success,6
1,32,telephone,(null),1,unknown,3977,professional.course,0,unknown,technician,unknown,single,jun,120,success,6
0,32,cellular,wed,1,no,4009,basic.9y,-2,no,housemaid,no,married,feb,83,nonexistent,2
1,32,cellular,wed,1,no,4009,basic.9y,-2,no,housemaid,no,married,feb,83,nonexistent,2
0,32,cellular,mon,1,no,3908,basic.4y,-3,no,admin.,no,divorced,jan,79,failure,0
1,32,cellular,mon,1,no,3908,basic.4y,-3,no,admin.,no,divorced,jan,79,failure,0
0,30,cellular,tue,1,no,3938,basic.6y,-3,no,entrepreneur,no,divorced,feb,75,failure,1
1,30,cellular,tue,1,no,3938,basic.6y,-3,no,entrepreneur,no,divorced,feb,75,failure,1
0,32,telephone,fri,0,unknown,3860,illiterate,-1,unknown,services,unknown,married,apr,105,nonexistent,4
1,32,telephone,fri,0,unknown,3860,illiterate,-1,unknown,services,unknown,married,apr,105,nonexistent,4
0,30,telephone,(null),1,unknown,3813,professional.course,0,unknown,student,unknown,single,jun,117,success,5
1,30,telephone,(null),1,unknown,3813,professional.course,0,unknown,student,unknown,single,jun,117,success,5
0,30,telephone,(null),1,unknown,3899,professional.course,0,unknown,unemployed,unknown,single,jun,89,success,6
1,30,telephone,(null),1,unknown,3899,professional.course,0,unknown,unemployed,unknown,single,jun,89,success,6
0,30,telephone,(null),1,unknown,3891,professional.course,0,unknown,management,unknown,single,jun,86,success,5
1,30,telephone,(null),1,unknown,3891,professional.course,0,unknown,management,unknown,single,jun,86,success,5
0,30,telephone,(null),1,unknown,3899,professional.course,0,unknown,technician,unknown,single,mar,89,success,6
1,30,telephone,(null),1,unknown,3899,professional.course,0,unknown,technician,unknown,single,mar,89,success,6
0,30,telephone,(null),0,unknown,3813,professional.course,0,unknown,management,unknown,single,jun,86,success,5
1,30,telephone,(null),0,unknown,3813,professional.course,0,unknown,management,unknown,single,jun,86,success,5
0,30,telephone,fri,0,unknown,3805,illiterate,-1,unknown,technician,unknown,married,feb,83,nonexistent,4
1,30,telephone,fri,0,unknown,3805,illiterate,-1,unknown,technician,unknown,married,feb,83,nonexistent,4
0,30,telephone,(null),0,unknown,3813,professional.course,0,unknown,management,unknown,single,mar,86,success,5
1,30,telephone,(null),0,unknown,3813,professional.course,0,unknown,management,unknown,single,mar,86,success,5
0,28,cellular,wed,0,no,4157,basic.9y,-2,no,housemaid,no,married,aug,71,nonexistent,2
1,28,cellular,wed,0,no,4157,basic.9y,-2,no,housemaid,no,married,aug,71,nonexistent,2
0,26,telephone,fri,1,unknown,4281,illiterate,-1,unknown,services,unknown,married,nov,73,nonexistent,4
1,26,telephone,fri,1,unknown,4281,illiterate,-1,unknown,services,unknown,married,nov,73,nonexistent,4
0,26,telephone,fri,1,unknown,4312,illiterate,-1,unknown,self-employed,unknown,married,aug,67,nonexistent,4
1,26,telephone,fri,1,unknown,4312,illiterate,-1,unknown,self-employed,unknown,married,aug,67,nonexistent,4
0,26,cellular,wed,1,no,4125,basic.9y,-2,no,management,no,married,aug,65,nonexistent,2
1,26,cellular,wed,1,no,4125,basic.9y,-2,no,management,no,married,aug,65,nonexistent,2
0,28,cellular,mon,1,no,4064,basic.4y,-3,no,admin.,no,divorced,apr,63,failure,0
1,28,cellular,mon,1,no,4064,basic.4y,-3,no,admin.,no,divorced,apr,63,failure,0
0,28,telephone,thu,1,unknown,4297,high.school,-1,unknown,retired,unknown,married,feb,66,nonexistent,3
1,28,telephone,thu,1,unknown,4297,high.school,-1,unknown,retired,unknown,married,feb,66,nonexistent,3
0,28,telephone,fri,1,unknown,4172,illiterate,-1,unknown,services,unknown,married,feb,73,nonexistent,4
1,28,telephone,fri,1,unknown,4172,illiterate,-1,unknown,services,unknown,married,feb,73,nonexistent,4
0,26,telephone,(null),0,unknown,4343,professional.course,0,unknown,technician,unknown,single,jun,76,success,6
1,26,telephone,(null),0,unknown,4343,professional.course,0,unknown,technician,unknown,single,jun,76,success,6
0,26,telephone,thu,0,unknown,4219,high.school,-1,unknown,retired,unknown,married,feb,70,nonexistent,3
1,26,telephone,thu,0,unknown,4219,high.school,-1,unknown,retired,unknown,married,feb,70,nonexistent,3
0,26,cellular,tue,0,no,4235,basic.6y,-3,no,blue-collar,no,divorced,oct,60,failure,0
1,26,cellular,tue,0,no,4235,basic.6y,-3,no,blue-collar,no,divorced,oct,60,failure,0
0,26,cellular,mon,1,no,4220,basic.4y,-3,no,admin.,no,divorced,jul,56,failure,0
1,26,cellular,mon,1,no,4220,basic.4y,-3,no,admin.,no,divorced,jul,56,failure,0
0,28,cellular,mon,0,no,4220,basic.4y,-3,no,admin.,no,divorced,apr,60,failure,0
1,28,cellular,mon,0,no,4220,basic.4y,-3,no,admin.,no,divorced,apr,60,failure,0
0,26,cellular,wed,1,no,4266,professional.course,-2,no,housemaid,no,married,may,57,nonexistent,2
1,26,cellular,wed,1,no,4266,professional.course,-2,no,housemaid,no,married,may,57,nonexistent,2
0,26,cellular,wed,0,no,4266,basic.6y,-2,no,housemaid,no,married,may,57,nonexistent,2
1,26,cellular,wed,0,no,4266,basic.6y,-2,no,housemaid,no,married,may,57,nonexistent,2
0,26,cellular,tue,1,no,4079,basic.6y,-3,no,blue-collar,no,divorced,apr,56,failure,0
1,26,cellular,tue,1,no,4079,basic.6y,-3,no,blue-collar,no,divorced,apr,56,failure,0
0,26,cellular,mon,0,no,4220,basic.4y,-3,no,admin.,no,divorced,jan,48,failure,0
1,26,cellular,mon,0,no,4220,basic.4y,-3,no,admin.,no,divorced,jan,48,failure,0
0,26,cellular,wed,1,no,4110,basic.6y,-2,no,housemaid,no,married,feb,57,nonexistent,2
1,26,cellular,wed,1,no,4110,basic.6y,-2,no,housemaid,no,married,feb,57,nonexistent,2
0,28,telephone,fri,0,unknown,4016,illiterate,-1,unknown,services,unknown,married,oct,83,nonexistent,4
1,28,telephone,fri,0,unknown,4016,illiterate,-1,unknown,services,unknown,married,oct,83,nonexistent,4
0,28,cellular,tue,0,no,3782,basic.6y,-3,no,entrepreneur,no,divorced,aug,75,failure,1
1,28,cellular,tue,0,no,3782,basic.6y,-3,no,entrepreneur,no,divorced,aug,75,failure,1
0,28,cellular,tue,1,no,3923,basic.6y,-3,no,blue-collar,no,divorced,jan,64,failure,0
1,28,cellular,tue,1,no,3923,basic.6y,-3,no,blue-collar,no,divorced,jan,64,failure,0
0,28,cellular,tue,0,no,3766,basic.6y,-3,no,blue-collar,no,divorced,jan,65,failure,0
1,28,cellular,tue,0,no,3766,basic.6y,-3,no,blue-collar,no,divorced,jan,65,failure,0
0,26,cellular,mon,1,no,3751,basic.4y,-3,no,admin.,no,divorced,jul,63,failure,0
1,26,cellular,mon,1,no,3751,basic.4y,-3,no,admin.,no,divorced,jul,63,failure,0
0,26,telephone,(null),1,unknown,3891,professional.course,0,unknown,technician,unknown,single,jun,77,success,6
1,26,telephone,(null),1,unknown,3891,professional.course,0,unknown,technician,unknown,single,jun,77,success,6
0,26,cellular,wed,1,no,3844,basic.9y,-2,no,housemaid,no,married,may,65,nonexistent,2
1,26,cellular,wed,1,no,3844,basic.9y,-2,no,housemaid,no,married,may,65,nonexistent,2
0,26,telephone,(null),1,unknown,4047,professional.course,0,unknown,technician,unknown,single,mar,76,success,6
1,26,telephone,(null),1,unknown,4047,professional.course,0,unknown,technician,unknown,single,mar,76,success,6
0,26,telephone,thu,1,unknown,3829,high.school,-1,unknown,retired,unknown,married,feb,66,nonexistent,3
1,26,telephone,thu,1,unknown,3829,high.school,-1,unknown,retired,unknown,married,feb,66,nonexistent,3
0,26,cellular,mon,0,no,3908,basic.4y,-3,no,admin.,no,divorced,jul,60,failure,0
1,26,cellular,mon,0,no,3908,basic.4y,-3,no,admin.,no,divorced,jul,60,failure,0
0,26,cellular,mon,0,no,3908,illiterate,-3,no,admin.,no,divorced,apr,56,failure,0
1,26,cellular,mon,0,no,3908,illiterate,-3,no,admin.,no,divorced,apr,56,failure,0
0,26,cellular,mon,1,no,3751,basic.4y,-3,no,admin.,no,divorced,apr,60,failure,0
1,26,cellular,mon,1,no,3751,basic.4y,-3,no,admin.,no,divorced,apr,60,failure,0
0,26,cellular,tue,0,no,3938,basic.6y,-3,no,entrepreneur,no,divorced,jan,57,failure,1
1,26,cellular,tue,0,no,3938,basic.6y,-3,no,entrepreneur,no,divorced,jan,57,failure,1
0,26,cellular,mon,0,no,3751,basic.4y,-3,no,admin.,no,divorced,jan,56,failure,0
1,26,cellular,mon,0,no,3751,basic.4y,-3,no,admin.,no,divorced,jan,56,failure,0
0,30,cellular,mon,0,no,3673,basic.4y,-3,no,admin.,no,divorced,jan,219,failure,0
1,30,cellular,mon,0,no,3673,basic.4y,-3,no,admin.,no,divorced,jan,219,failure,0
0,26,cellular,tue,0,no,3625,basic.6y,-3,no,entrepreneur,no,divorced,aug,237,failure,1
1,26,cellular,tue,0,no,3625,basic.6y,-3,no,entrepreneur,no,divorced,aug,237,failure,1
0,27,telephone,thu,0,unknown,3672,high.school,-1,unknown,retired,unknown,married,oct,226,nonexistent,3
1,27,telephone,thu,0,unknown,3672,high.school,-1,unknown,retired,unknown,married,oct,226,nonexistent,3
0,28,cellular,tue,0,no,3680,basic.6y,-3,no,self-employed,no,divorced,jan,236,failure,0
1,28,cellular,tue,0,no,3680,basic.6y,-3,no,self-employed,no,divorced,jan,236,failure,0
0,26,cellular,tue,0,no,3602,basic.6y,-3,no,self-employed,no,divorced,apr,236,failure,0
1,26,cellular,tue,0,no,3602,basic.6y,-3,no,self-employed,no,divorced,apr,236,failure,0
0,28,cellular,wed,1,no,3696,basic.9y,-2,no,blue-collar,no,married,feb,239,nonexistent,2
1,28,cellular,wed,1,no,3696,basic.9y,-2,no,blue-collar,no,married,feb,239,nonexistent,2
0,26,telephone,fri,1,unknown,3719,illiterate,-1,unknown,housemaid,unknown,married,apr,243,nonexistent,4
1,26,telephone,fri,1,unknown,3719,illiterate,-1,unknown,housemaid,unknown,married,apr,243,nonexistent,4
0,26,telephone,thu,0,unknown,3633,high.school,-1,unknown,housemaid,unknown,married,apr,242,nonexistent,3
1,26,telephone,thu,0,unknown,3633,high.school,-1,unknown,housemaid,unknown,married,apr,242,nonexistent,3
0,28,telephone,fri,0,unknown,3719,illiterate,-1,unknown,student,unknown,married,apr,231,nonexistent,4
1,28,telephone,fri,0,unknown,3719,illiterate,-1,unknown,student,unknown,married,apr,231,nonexistent,4
0,28,telephone,(null),0,unknown,3734,professional.course,0,unknown,technician,unknown,single,may,224,success,5
1,28,telephone,(null),0,unknown,3734,professional.course,0,unknown,technician,unknown,single,may,224,success,5
0,28,cellular,tue,1,no,3610,basic.6y,-3,no,services,no,divorced,feb,221,failure,1
1,28,cellular,tue,1,no,3610,basic.6y,-3,no,services,no,divorced,feb,221,failure,1
0,28,telephone,(null),0,unknown,3742,professional.course,0,unknown,management,unknown,single,may,232,success,6
1,28,telephone,(null),0,unknown,3742,professional.course,0,unknown,management,unknown,single,may,232,success,6
0,28,telephone,thu,0,unknown,3633,high.school,-1,unknown,housemaid,unknown,married,apr,226,nonexistent,3
1,28,telephone,thu,0,unknown,3633,high.school,-1,unknown,housemaid,unknown,married,apr,226,nonexistent,3
0,26,cellular,tue,0,no,3469,basic.6y,-3,no,entrepreneur,no,divorced,aug,221,failure,1
1,26,cellular,tue,0,no,3469,basic.6y,-3,no,entrepreneur,no,divorced,aug,221,failure,1
0,26,cellular,wed,0,no,3485,basic.9y,-2,no,housemaid,no,married,feb,223,nonexistent,2
1,26,cellular,wed,0,no,3485,basic.9y,-2,no,housemaid,no,married,feb,223,nonexistent,2
0,30,cellular,tue,0,no,3610,basic.6y,-3,no,blue-collar,no,divorced,jan,190,failure,0
1,30,cellular,tue,0,no,3610,basic.6y,-3,no,blue-collar,no,divorced,jan,190,failure,0
0,27,telephone,fri,0,unknown,3687,illiterate,-1,unknown,self-employed,unknown,married,oct,205,nonexistent,4
1,27,telephone,fri,0,unknown,3687,illiterate,-1,unknown,self-employed,unknown,married,oct,205,nonexistent,4
0,28,telephone,(null),0,unknown,3734,professional.course,0,unknown,technician,unknown,single,may,214,success,6
1,28,telephone,(null),0,unknown,3734,professional.course,0,unknown,technician,unknown,single,may,214,success,6
0,26,cellular,wed,0,no,3485,basic.9y,-2,no,housemaid,no,married,aug,196,nonexistent,2
1,26,cellular,wed,0,no,3485,basic.9y,-2,no,housemaid,no,married,aug,196,nonexistent,2
0,27,telephone,fri,0,unknown,3531,illiterate,-1,unknown,self-employed,unknown,married,apr,205,nonexistent,4
1,27,telephone,fri,0,unknown,3531,illiterate,-1,unknown,self-employed,unknown,married,apr,205,nonexistent,4
0,26,cellular,mon,0,no,3283,basic.4y,-3,no,admin.,no,divorced,jul,188,failure,0
1,26,cellular,mon,0,no,3283,basic.4y,-3,no,admin.,no,divorced,jul,188,failure,0
0,26,cellular,wed,0,no,3329,basic.9y,-2,no,housemaid,no,married,feb,196,nonexistent,2
1,26,cellular,wed,0,no,3329,basic.9y,-2,no,housemaid,no,married,feb,196,nonexistent,2
0,26,cellular,tue,0,no,3212,basic.6y,-3,no,admin.,no,divorced,jan,189,failure,0
1,26,cellular,tue,0,no,3212,basic.6y,-3,no,admin.,no,divorced,jan,189,failure,0
0,30,cellular,tue,0,no,3625,basic.6y,-3,no,entrepreneur,no,divorced,feb,162,failure,1
1,30,cellular,tue,0,no,3625,basic.6y,-3,no,entrepreneur,no,divorced,feb,162,failure,1
0,28,telephone,fri,0,unknown,3703,illiterate,-1,unknown,services,unknown,married,oct,177,nonexistent,4
1,28,telephone,fri,0,unknown,3703,illiterate,-1,unknown,services,unknown,married,oct,177,nonexistent,4
0,28,telephone,fri,1,unknown,3641,illiterate,-1,unknown,student,unknown,married,may,174,nonexistent,4
1,28,telephone,fri,1,unknown,3641,illiterate,-1,unknown,student,unknown,married,may,174,nonexistent,4
0,28,telephone,(null),0,unknown,3664,professional.course,0,unknown,management,unknown,single,jun,183,success,6
1,28,telephone,(null),0,unknown,3664,professional.course,0,unknown,management,unknown,single,jun,183,success,6
0,30,cellular,mon,0,no,3517,basic.4y,-3,no,admin.,no,divorced,jan,157,failure,0
1,30,cellular,mon,0,no,3517,basic.4y,-3,no,admin.,no,divorced,jan,157,failure,0
0,26,cellular,tue,1,no,3532,basic.6y,-3,no,services,no,divorced,oct,175,failure,1
1,26,cellular,tue,1,no,3532,basic.6y,-3,no,services,no,divorced,oct,175,failure,1
0,26,cellular,tue,0,no,3446,basic.6y,-3,no,self-employed,no,divorced,oct,174,failure,0
1,26,cellular,tue,0,no,3446,basic.6y,-3,no,self-employed,no,divorced,oct,174,failure,0
0,26,cellular,wed,0,no,3485,basic.9y,-2,no,services,no,married,aug,177,nonexistent,2
1,26,cellular,wed,0,no,3485,basic.9y,-2,no,services,no,married,aug,177,nonexistent,2
0,27,cellular,wed,0,no,3500,basic.9y,-2,no,entrepreneur,no,married,sep,178,nonexistent,2
1,27,cellular,wed,0,no,3500,basic.9y,-2,no,entrepreneur,no,married,sep,178,nonexistent,2
0,27,cellular,wed,0,no,3500,basic.9y,-2,no,management,no,married,sep,162,nonexistent,2
1,27,cellular,wed,0,no,3500,basic.9y,-2,no,management,no,married,sep,162,nonexistent,2
0,28,telephone,fri,0,unknown,3547,illiterate,-1,unknown,services,unknown,married,apr,177,nonexistent,4
1,28,telephone,fri,0,unknown,3547,illiterate,-1,unknown,services,unknown,married,apr,177,nonexistent,4
0,30,cellular,tue,1,no,3680,basic.6y,-3,no,admin.,no,divorced,jul,128,failure,0
1,30,cellular,tue,1,no,3680,basic.6y,-3,no,admin.,no,divorced,jul,128,failure,0
0,28,telephone,fri,0,unknown,3703,illiterate,-1,unknown,technician,unknown,married,oct,146,nonexistent,4
1,28,telephone,fri,0,unknown,3703,illiterate,-1,unknown,technician,unknown,married,oct,146,nonexistent,4
0,28,telephone,fri,0,unknown,3703,illiterate,-1,unknown,housemaid,unknown,married,oct,146,nonexistent,4
1,28,telephone,fri,0,unknown,3703,illiterate,-1,unknown,housemaid,unknown,married,oct,146,nonexistent,4
0,28,cellular,mon,0,no,3517,basic.4y,-3,no,self-employed,no,divorced,jul,141,failure,0
1,28,cellular,mon,0,no,3517,basic.4y,-3,no,self-employed,no,divorced,jul,141,failure,0
0,28,cellular,tue,0,no,3524,basic.6y,-3,no,self-employed,no,divorced,jul,126,failure,0
1,28,cellular,tue,0,no,3524,basic.6y,-3,no,self-employed,no,divorced,jul,126,failure,0
0,26,telephone,fri,0,unknown,3547,illiterate,-1,unknown,technician,unknown,married,oct,146,nonexistent,4
1,26,telephone,fri,0,unknown,3547,illiterate,-1,unknown,technician,unknown,married,oct,146,nonexistent,4
0,27,telephone,thu,0,unknown,3516,high.school,-1,unknown,housemaid,unknown,married,oct,140,nonexistent,3
1,27,telephone,thu,0,unknown,3516,high.school,-1,unknown,housemaid,unknown,married,oct,140,nonexistent,3
0,30,cellular,wed,0,no,3656,basic.9y,-2,no,management,no,married,mar,137,nonexistent,2
1,30,cellular,wed,0,no,3656,basic.9y,-2,no,management,no,married,mar,137,nonexistent,2
0,30,cellular,tue,0,no,3524,basic.6y,-3,no,admin.,no,divorced,jan,128,failure,0
1,30,cellular,tue,0,no,3524,basic.6y,-3,no,admin.,no,divorced,jan,128,failure,0
0,28,telephone,(null),0,unknown,3664,professional.course,0,unknown,technician,unknown,single,may,152,success,6
1,28,telephone,(null),0,unknown,3664,professional.course,0,unknown,technician,unknown,single,may,152,success,6
0,28,telephone,fri,0,unknown,3531,illiterate,-1,unknown,self-employed,unknown,married,apr,143,nonexistent,4
1,28,telephone,fri,0,unknown,3531,illiterate,-1,unknown,self-employed,unknown,married,apr,143,nonexistent,4
0,26,cellular,tue,0,no,3368,basic.6y,-3,no,self-employed,no,divorced,jul,174,failure,0
1,26,cellular,tue,0,no,3368,basic.6y,-3,no,self-employed,no,divorced,jul,174,failure,0
0,26,cellular,mon,1,no,3361,basic.4y,-3,no,admin.,no,divorced,oct,173,failure,0
1,26,cellular,mon,1,no,3361,basic.4y,-3,no,admin.,no,divorced,oct,173,failure,0
0,26,cellular,tue,0,no,3298,basic.6y,-3,no,admin.,no,divorced,jul,174,failure,0
1,26,cellular,tue,0,no,3298,basic.6y,-3,no,admin.,no,divorced,jul,174,failure,0
0,26,cellular,tue,1,no,3298,basic.6y,-3,no,blue-collar,no,divorced,jul,158,failure,0
1,26,cellular,tue,1,no,3298,basic.6y,-3,no,blue-collar,no,divorced,jul,158,failure,0
0,27,cellular,wed,0,no,3344,basic.9y,-2,no,management,no,married,mar,168,nonexistent,2
1,27,cellular,wed,0,no,3344,basic.9y,-2,no,management,no,married,mar,168,nonexistent,2
0,26,cellular,tue,0,no,3141,basic.6y,-3,no,blue-collar,no,divorced,jan,159,failure,0
1,26,cellular,tue,0,no,3141,basic.6y,-3,no,blue-collar,no,divorced,jan,159,failure,0
0,26,cellular,mon,1,no,3283,basic.4y,-3,no,self-employed,no,divorced,jul,125,failure,0
1,26,cellular,mon,1,no,3283,basic.4y,-3,no,self-employed,no,divorced,jul,125,failure,0
0,26,cellular,mon,0,no,3283,basic.4y,-3,no,admin.,no,divorced,oct,125,failure,0
1,26,cellular,mon,0,no,3283,basic.4y,-3,no,admin.,no,divorced,oct,125,failure,0
0,26,cellular,tue,0,no,3313,basic.6y,-3,no,blue-collar,no,divorced,jul,131,failure,1
1,26,cellular,tue,0,no,3313,basic.6y,-3,no,blue-collar,no,divorced,jul,131,failure,1
0,26,cellular,mon,0,no,3205,basic.4y,-3,no,admin.,no,divorced,jul,125,failure,0
1,26,cellular,mon,0,no,3205,basic.4y,-3,no,admin.,no,divorced,jul,125,failure,0
0,27,cellular,wed,0,no,3344,basic.9y,-2,no,student,no,married,mar,137,nonexistent,2
1,27,cellular,wed,0,no,3344,basic.9y,-2,no,student,no,married,mar,137,nonexistent,2
0,27,telephone,thu,1,unknown,3360,high.school,-1,unknown,housemaid,unknown,married,apr,140,nonexistent,3
1,27,telephone,thu,1,unknown,3360,high.school,-1,unknown,housemaid,unknown,married,apr,140,nonexistent,3
0,26,cellular,wed,0,no,3172,basic.9y,-2,no,housemaid,no,married,feb,134,nonexistent,2
1,26,cellular,wed,0,no,3172,basic.9y,-2,no,housemaid,no,married,feb,134,nonexistent,2
0,26,cellular,mon,0,no,3048,basic.4y,-3,no,admin.,no,divorced,jan,125,failure,0
1,26,cellular,mon,0,no,3048,basic.4y,-3,no,admin.,no,divorced,jan,125,failure,0
0,30,cellular,tue,0,no,3680,basic.6y,-3,no,admin.,no,divorced,oct,96,failure,0
1,30,cellular,tue,0,no,3680,basic.6y,-3,no,admin.,no,divorced,oct,96,failure,0
0,30,cellular,wed,0,no,3696,basic.9y,-2,no,housemaid,no,married,aug,102,nonexistent,2
1,30,cellular,wed,0,no,3696,basic.9y,-2,no,housemaid,no,married,aug,102,nonexistent,2
0,30,cellular,tue,0,no,3602,basic.6y,-3,no,admin.,no,divorced,jul,96,failure,0
1,30,cellular,tue,0,no,3602,basic.6y,-3,no,admin.,no,divorced,jul,96,failure,0
0,28,cellular,wed,1,no,3641,basic.9y,-2,no,housemaid,no,married,aug,81,nonexistent,2
1,28,cellular,wed,1,no,3641,basic.9y,-2,no,housemaid,no,married,aug,81,nonexistent,2
0,28,cellular,wed,0,no,3500,basic.9y,-2,no,management,no,married,sep,87,nonexistent,2
1,28,cellular,wed,0,no,3500,basic.9y,-2,no,management,no,married,sep,87,nonexistent,2
0,26,cellular,wed,0,no,3641,basic.9y,-2,no,housemaid,no,married,aug,71,nonexistent,2
1,26,cellular,wed,0,no,3641,basic.9y,-2,no,housemaid,no,married,aug,71,nonexistent,2
0,26,telephone,(null),1,unknown,3578,professional.course,0,unknown,technician,unknown,single,nov,120,success,6
1,26,telephone,(null),1,unknown,3578,professional.course,0,unknown,technician,unknown,single,nov,120,success,6
0,26,telephone,fri,0,unknown,3531,illiterate,-1,unknown,self-employed,unknown,married,oct,80,nonexistent,4
1,26,telephone,fri,0,unknown,3531,illiterate,-1,unknown,self-employed,unknown,married,oct,80,nonexistent,4
0,32,cellular,tue,1,no,3680,basic.6y,-3,no,blue-collar,no,divorced,jan,96,failure,0
1,32,cellular,tue,1,no,3680,basic.6y,-3,no,blue-collar,no,divorced,jan,96,failure,0
0,30,telephone,fri,1,unknown,3687,illiterate,-1,unknown,self-employed,unknown,married,apr,99,nonexistent,4
1,30,telephone,fri,1,unknown,3687,illiterate,-1,unknown,self-employed,unknown,married,apr,99,nonexistent,4
0,30,cellular,tue,0,no,3524,basic.6y,-3,no,admin.,no,divorced,apr,96,failure,0
1,30,cellular,tue,0,no,3524,basic.6y,-3,no,admin.,no,divorced,apr,96,failure,0
0,30,cellular,wed,0,no,3540,basic.9y,-2,no,housemaid,no,married,feb,102,nonexistent,2
1,30,cellular,wed,0,no,3540,basic.9y,-2,no,housemaid,no,married,feb,102,nonexistent,2
0,30,cellular,tue,0,no,3446,basic.6y,-3,no,admin.,no,divorced,jan,96,failure,0
1,30,cellular,tue,0,no,3446,basic.6y,-3,no,admin.,no,divorced,jan,96,failure,0
0,30,telephone,(null),1,unknown,3586,professional.course,0,unknown,management,unknown,single,mar,89,success,6
1,30,telephone,(null),1,unknown,3586,professional.course,0,unknown,management,unknown,single,mar,89,success,6
0,28,cellular,tue,0,no,3610,basic.6y,-3,no,blue-collar,no,divorced,jan,69,failure,0
1,28,cellular,tue,0,no,3610,basic.6y,-3,no,blue-collar,no,divorced,jan,69,failure,0
0,28,telephone,(null),0,unknown,3562,professional.course,0,unknown,student,unknown,single,may,111,success,5
1,28,telephone,(null),0,unknown,3562,professional.course,0,unknown,student,unknown,single,may,111,success,5
0,26,telephone,thu,1,unknown,3672,high.school,-1,unknown,retired,unknown,married,apr,70,nonexistent,3
1,26,telephone,thu,1,unknown,3672,high.school,-1,unknown,retired,unknown,married,apr,70,nonexistent,3
0,26,cellular,wed,1,no,3540,basic.9y,-2,no,housemaid,no,married,feb,67,nonexistent,2
1,26,cellular,wed,1,no,3540,basic.9y,-2,no,housemaid,no,married,feb,67,nonexistent,2
0,26,cellular,tue,0,no,3446,basic.6y,-3,no,blue-collar,no,divorced,apr,65,failure,0
1,26,cellular,tue,0,no,3446,basic.6y,-3,no,blue-collar,no,divorced,apr,65,failure,0
0,26,cellular,tue,1,no,3454,basic.6y,-3,no,entrepreneur,no,divorced,jan,65,failure,1
1,26,cellular,tue,1,no,3454,basic.6y,-3,no,entrepreneur,no,divorced,jan,65,failure,1
0,26,cellular,tue,1,no,3368,basic.6y,-3,no,self-employed,no,divorced,oct,111,failure,0
1,26,cellular,tue,1,no,3368,basic.6y,-3,no,self-employed,no,divorced,oct,111,failure,0
0,26,cellular,wed,0,no,3384,basic.9y,-2,no,services,no,married,nov,98,nonexistent,2
1,26,cellular,wed,0,no,3384,basic.9y,-2,no,services,no,married,nov,98,nonexistent,2
0,26,cellular,wed,0,no,3344,basic.9y,-2,no,student,no,married,aug,105,nonexistent,2
1,26,cellular,wed,0,no,3344,basic.9y,-2,no,student,no,married,aug,105,nonexistent,2
0,26,cellular,wed,0,no,3329,basic.9y,-2,no,blue-collar,no,married,aug,102,nonexistent,2
1,26,cellular,wed,0,no,3329,basic.9y,-2,no,blue-collar,no,married,aug,102,nonexistent,2
0,26,cellular,tue,1,no,3220,basic.6y,-3,no,blue-collar,no,divorced,jul,99,failure,1
1,26,cellular,tue,1,no,3220,basic.6y,-3,no,blue-collar,no,divorced,jul,99,failure,1
0,26,telephone,fri,0,unknown,3414,illiterate,-1,unknown,technician,unknown,married,nov,83,nonexistent,4
1,26,telephone,fri,0,unknown,3414,illiterate,-1,unknown,technician,unknown,married,nov,83,nonexistent,4
0,26,telephone,(null),0,unknown,3422,professional.course,0,unknown,management,unknown,single,dec,86,success,5
1,26,telephone,(null),0,unknown,3422,professional.course,0,unknown,management,unknown,single,dec,86,success,5
0,26,telephone,fri,0,unknown,3407,illiterate,-1,unknown,self-employed,unknown,married,aug,80,nonexistent,4
1,26,telephone,fri,0,unknown,3407,illiterate,-1,unknown,self-employed,unknown,married,aug,80,nonexistent,4
0,26,telephone,fri,0,unknown,3336,illiterate,-1,unknown,housemaid,unknown,married,nov,83,nonexistent,4
1,26,telephone,fri,0,unknown,3336,illiterate,-1,unknown,housemaid,unknown,married,nov,83,nonexistent,4
0,26,telephone,fri,0,unknown,3329,illiterate,-1,unknown,student,unknown,married,aug,80,nonexistent,4
1,26,telephone,fri,0,unknown,3329,illiterate,-1,unknown,student,unknown,married,aug,80,nonexistent,4
0,26,telephone,fri,0,unknown,3329,illiterate,-1,unknown,housemaid,unknown,married,aug,80,nonexistent,4
1,26,telephone,fri,0,unknown,3329,illiterate,-1,unknown,housemaid,unknown,married,aug,80,nonexistent,4
0,26,telephone,fri,1,unknown,3251,illiterate,-1,unknown,housemaid,unknown,married,aug,80,nonexistent,4
1,26,telephone,fri,1,unknown,3251,illiterate,-1,unknown,housemaid,unknown,married,aug,80,nonexistent,4
0,28,cellular,wed,0,no,3391,basic.9y,-2,no,management,no,married,mar,105,nonexistent,2
1,28,cellular,wed,0,no,3391,basic.9y,-2,no,management,no,married,mar,105,nonexistent,2
0,28,cellular,tue,0,no,3298,basic.6y,-3,no,entrepreneur,no,divorced,feb,99,failure,1
1,28,cellular,tue,0,no,3298,basic.6y,-3,no,entrepreneur,no,divorced,feb,99,failure,1
0,28,telephone,fri,0,unknown,3414,illiterate,-1,unknown,housemaid,unknown,married,may,83,nonexistent,4
1,28,telephone,fri,0,unknown,3414,illiterate,-1,unknown,housemaid,unknown,married,may,83,nonexistent,4
0,28,telephone,fri,0,unknown,3407,illiterate,-1,unknown,student,unknown,married,feb,80,nonexistent,4
1,28,telephone,fri,0,unknown,3407,illiterate,-1,unknown,student,unknown,married,feb,80,nonexistent,4
0,28,telephone,fri,1,unknown,3414,illiterate,-1,unknown,housemaid,unknown,married,feb,83,nonexistent,4
1,28,telephone,fri,1,unknown,3414,illiterate,-1,unknown,housemaid,unknown,married,feb,83,nonexistent,4
0,28,telephone,fri,1,unknown,3329,illiterate,-1,unknown,housemaid,unknown,married,feb,80,nonexistent,4
1,28,telephone,fri,1,unknown,3329,illiterate,-1,unknown,housemaid,unknown,married,feb,80,nonexistent,4
0,28,cellular,mon,0,no,3205,basic.4y,-3,no,admin.,no,divorced,jan,94,failure,0
1,28,cellular,mon,0,no,3205,basic.4y,-3,no,admin.,no,divorced,jan,94,failure,0
0,26,cellular,mon,0,no,3283,basic.4y,-3,no,admin.,no,divorced,jan,63,failure,0
1,26,cellular,mon,0,no,3283,basic.4y,-3,no,admin.,no,divorced,jan,63,failure,0
0,26,cellular,tue,1,no,3141,basic.6y,-3,no,blue-collar,no,divorced,jan,69,failure,0
1,26,cellular,tue,1,no,3141,basic.6y,-3,no,blue-collar,no,divorced,jan,69,failure,0
0,26,cellular,tue,0,no,3063,basic.6y,-3,no,blue-collar,no,divorced,feb,99,failure,1
1,26,cellular,tue,0,no,3063,basic.6y,-3,no,blue-collar,no,divorced,feb,99,failure,1
0,26,cellular,wed,0,no,3078,basic.9y,-2,no,management,no,married,feb,74,nonexistent,2
1,26,cellular,wed,0,no,3078,basic.9y,-2,no,management,no,married,feb,74,nonexistent,2
0,22,telephone,thu,0,unknown,4102,professional.course,-1,unknown,student,unknown,married,nov,246,nonexistent,3
1,22,telephone,thu,0,unknown,4102,professional.course,-1,unknown,student,unknown,married,nov,246,nonexistent,3
0,23,telephone,(null),0,unknown,4125,university.degree,0,unknown,technician,unknown,single,sep,247,success,5
1,23,telephone,(null),0,unknown,4125,university.degree,0,unknown,technician,unknown,single,sep,247,success,5
0,17,telephone,(null),0,unknown,4203,university.degree,0,unknown,technician,unknown,single,dec,247,success,5
1,17,telephone,(null),0,unknown,4203,university.degree,0,unknown,technician,unknown,single,dec,247,success,5
0,17,telephone,fri,1,unknown,4117,illiterate,-1,unknown,technician,unknown,married,oct,247,nonexistent,4
1,17,telephone,fri,1,unknown,4117,illiterate,-1,unknown,technician,unknown,married,oct,247,nonexistent,4
0,18,telephone,(null),0,unknown,4133,professional.course,0,unknown,unemployed,unknown,single,dec,241,success,6
1,18,telephone,(null),0,unknown,4133,professional.course,0,unknown,unemployed,unknown,single,dec,241,success,6
0,21,cellular,wed,1,no,4016,basic.9y,-2,no,student,no,married,nov,245,nonexistent,2
1,21,cellular,wed,1,no,4016,basic.9y,-2,no,student,no,married,nov,245,nonexistent,2
0,20,cellular,tue,1,no,3923,basic.6y,-3,no,services,no,divorced,oct,244,failure,1
1,20,cellular,tue,1,no,3923,basic.6y,-3,no,services,no,divorced,oct,244,failure,1
0,22,telephone,fri,1,unknown,4000,illiterate,-1,unknown,student,unknown,married,nov,239,nonexistent,4
1,22,telephone,fri,1,unknown,4000,illiterate,-1,unknown,student,unknown,married,nov,239,nonexistent,4
0,24,telephone,(null),0,unknown,4055,professional.course,0,unknown,unemployed,unknown,single,sep,241,success,6
1,24,telephone,(null),0,unknown,4055,professional.course,0,unknown,unemployed,unknown,single,sep,241,success,6
0,23,telephone,fri,0,unknown,3961,illiterate,-1,unknown,technician,unknown,married,aug,239,nonexistent,4
1,23,telephone,fri,0,unknown,3961,illiterate,-1,unknown,technician,unknown,married,aug,239,nonexistent,4
0,23,telephone,(null),1,unknown,4031,professional.course,0,unknown,management,unknown,single,dec,246,success,5
1,23,telephone,(null),1,unknown,4031,professional.course,0,unknown,management,unknown,single,dec,246,success,5
0,23,telephone,(null),0,unknown,3969,professional.course,0,unknown,management,unknown,single,sep,247,success,5
1,23,telephone,(null),0,unknown,3969,professional.course,0,unknown,management,unknown,single,sep,247,success,5
0,23,telephone,fri,0,unknown,3961,professional.course,-1,unknown,technician,unknown,married,nov,231,nonexistent,4
1,23,telephone,fri,0,unknown,3961,professional.course,-1,unknown,technician,unknown,married,nov,231,nonexistent,4
0,24,telephone,(null),0,unknown,3977,high.school,0,unknown,unemployed,unknown,single,dec,233,success,6
1,24,telephone,(null),0,unknown,3977,high.school,0,unknown,unemployed,unknown,single,dec,233,success,6
0,24,telephone,(null),1,unknown,3977,professional.course,0,unknown,unemployed,unknown,single,dec,225,success,6
1,24,telephone,(null),1,unknown,3977,professional.course,0,unknown,unemployed,unknown,single,dec,225,success,6
0,23,cellular,wed,0,no,3860,basic.9y,-2,no,student,no,married,aug,240,nonexistent,2
1,23,cellular,wed,0,no,3860,basic.9y,-2,no,student,no,married,aug,240,nonexistent,2
0,23,cellular,mon,0,no,3751,basic.4y,-3,no,self-employed,no,divorced,jul,243,failure,0
1,23,cellular,mon,0,no,3751,basic.4y,-3,no,self-employed,no,divorced,jul,243,failure,0
0,20,cellular,mon,0,no,3830,basic.4y,-3,no,self-employed,no,divorced,oct,243,failure,0
1,20,cellular,mon,0,no,3830,basic.4y,-3,no,self-employed,no,divorced,oct,243,failure,0
0,20,cellular,wed,0,no,3860,basic.9y,-2,no,student,no,married,aug,240,nonexistent,2
1,20,cellular,wed,0,no,3860,basic.9y,-2,no,student,no,married,aug,240,nonexistent,2
0,20,cellular,mon,1,no,3751,basic.4y,-3,no,self-employed,no,divorced,jul,243,failure,0
1,20,cellular,mon,1,no,3751,basic.4y,-3,no,self-employed,no,divorced,jul,243,failure,0
0,20,cellular,wed,0,no,3774,basic.9y,-2,no,services,no,married,aug,237,nonexistent,2
1,20,cellular,wed,0,no,3774,basic.9y,-2,no,services,no,married,aug,237,nonexistent,2
0,23,cellular,wed,0,no,3860,basic.9y,-2,no,entrepreneur,no,married,nov,245,nonexistent,2
1,23,cellular,wed,0,no,3860,basic.9y,-2,no,entrepreneur,no,married,nov,245,nonexistent,2
0,24,telephone,fri,1,unknown,3876,illiterate,-1,unknown,housemaid,unknown,married,aug,246,nonexistent,4
1,24,telephone,fri,1,unknown,3876,illiterate,-1,unknown,housemaid,unknown,married,aug,246,nonexistent,4
0,23,cellular,wed,1,no,3782,basic.9y,-2,no,entrepreneur,no,married,aug,245,nonexistent,2
1,23,cellular,wed,1,no,3782,basic.9y,-2,no,entrepreneur,no,married,aug,245,nonexistent,2
0,20,cellular,wed,1,no,3860,basic.9y,-2,no,entrepreneur,no,married,nov,245,nonexistent,2
1,20,cellular,wed,1,no,3860,basic.9y,-2,no,entrepreneur,no,married,nov,245,nonexistent,2
0,20,cellular,tue,1,no,3766,basic.6y,-3,no,blue-collar,no,divorced,oct,244,failure,1
1,20,cellular,tue,1,no,3766,basic.6y,-3,no,blue-collar,no,divorced,oct,244,failure,1
0,21,telephone,fri,0,unknown,3883,illiterate,-1,unknown,housemaid,unknown,married,aug,244,nonexistent,4
1,21,telephone,fri,0,unknown,3883,illiterate,-1,unknown,housemaid,unknown,married,aug,244,nonexistent,4
0,24,telephone,fri,0,unknown,3844,illiterate,-1,unknown,student,unknown,married,nov,227,nonexistent,4
1,24,telephone,fri,0,unknown,3844,illiterate,-1,unknown,student,unknown,married,nov,227,nonexistent,4
0,24,telephone,(null),0,unknown,3875,professional.course,0,unknown,technician,unknown,single,sep,230,success,5
1,24,telephone,(null),0,unknown,3875,professional.course,0,unknown,technician,unknown,single,sep,230,success,5
0,21,telephone,fri,1,unknown,3844,illiterate,-1,unknown,student,unknown,married,nov,227,nonexistent,4
1,21,telephone,fri,1,unknown,3844,illiterate,-1,unknown,student,unknown,married,nov,227,nonexistent,4
0,21,telephone,(null),1,unknown,3875,professional.course,0,unknown,technician,unknown,single,sep,230,success,5
1,21,telephone,(null),1,unknown,3875,professional.course,0,unknown,technician,unknown,single,sep,230,success,5
0,24,telephone,(null),0,unknown,3891,professional.course,0,unknown,management,unknown,single,dec,233,success,6
1,24,telephone,(null),0,unknown,3891,professional.course,0,unknown,management,unknown,single,dec,233,success,6
0,24,telephone,(null),1,unknown,3821,professional.course,0,unknown,retired,unknown,single,dec,225,success,6
1,24,telephone,(null),1,unknown,3821,professional.course,0,unknown,retired,unknown,single,dec,225,success,6
0,23,telephone,(null),1,unknown,4047,university.degree,0,unknown,technician,unknown,single,jun,247,success,5
1,23,telephone,(null),1,unknown,4047,university.degree,0,unknown,technician,unknown,single,jun,247,success,5
0,23,telephone,(null),0,unknown,3969,basic.9y,0,unknown,technician,unknown,single,jun,247,success,5
1,23,telephone,(null),0,unknown,3969,basic.9y,0,unknown,technician,unknown,single,jun,247,success,5
0,24,telephone,(null),1,unknown,3977,professional.course,0,unknown,unemployed,unknown,single,jun,241,success,6
1,24,telephone,(null),1,unknown,3977,professional.course,0,unknown,unemployed,unknown,single,jun,241,success,6
0,23,telephone,fri,1,unknown,3883,illiterate,-1,unknown,technician,unknown,married,may,239,nonexistent,4
1,23,telephone,fri,1,unknown,3883,illiterate,-1,unknown,technician,unknown,married,may,239,nonexistent,4
0,21,cellular,wed,1,no,3782,basic.9y,-2,no,student,no,married,may,240,nonexistent,2
1,21,cellular,wed,1,no,3782,basic.9y,-2,no,student,no,married,may,240,nonexistent,2
0,23,telephone,(null),1,unknown,3891,basic.9y,0,unknown,technician,unknown,single,mar,247,success,5
1,23,telephone,(null),1,unknown,3891,basic.9y,0,unknown,technician,unknown,single,mar,247,success,5
0,24,telephone,(null),1,unknown,3899,university.degree,0,unknown,unemployed,unknown,single,mar,241,success,6
1,24,telephone,(null),1,unknown,3899,university.degree,0,unknown,unemployed,unknown,single,mar,241,success,6
0,23,telephone,(null),0,unknown,3813,professional.course,0,unknown,technician,unknown,single,jun,232,success,5
1,23,telephone,(null),0,unknown,3813,professional.course,0,unknown,technician,unknown,single,jun,232,success,5
0,17,telephone,fri,0,unknown,4039,illiterate,-1,unknown,technician,unknown,married,nov,239,nonexistent,4
1,17,telephone,fri,0,unknown,4039,illiterate,-1,unknown,technician,unknown,married,nov,239,nonexistent,4
0,16,telephone,thu,0,unknown,3946,high.school,-1,unknown,student,unknown,married,nov,238,nonexistent,3
1,16,telephone,thu,0,unknown,3946,high.school,-1,unknown,student,unknown,married,nov,238,nonexistent,3
0,17,telephone,(null),0,unknown,4047,basic.9y,0,unknown,technician,unknown,single,sep,247,success,5
1,17,telephone,(null),0,unknown,4047,basic.9y,0,unknown,technician,unknown,single,sep,247,success,5
0,18,telephone,(null),0,unknown,4047,professional.course,0,unknown,unemployed,unknown,single,sep,241,success,6
1,18,telephone,(null),0,unknown,4047,professional.course,0,unknown,unemployed,unknown,single,sep,241,success,6
0,17,telephone,(null),1,unknown,4031,professional.course,0,unknown,management,unknown,single,nov,247,success,5
1,17,telephone,(null),1,unknown,4031,professional.course,0,unknown,management,unknown,single,nov,247,success,5
0,14,cellular,mon,1,no,3830,basic.4y,-3,no,self-employed,no,divorced,oct,243,failure,0
1,14,cellular,mon,1,no,3830,basic.4y,-3,no,self-employed,no,divorced,oct,243,failure,0
0,15,cellular,wed,0,no,3853,basic.9y,-2,no,services,no,married,nov,237,nonexistent,2
1,15,cellular,wed,0,no,3853,basic.9y,-2,no,services,no,married,nov,237,nonexistent,2
0,14,cellular,tue,0,no,3758,basic.6y,-3,no,self-employed,no,divorced,oct,235,failure,0
1,14,cellular,tue,0,no,3758,basic.6y,-3,no,self-employed,no,divorced,oct,235,failure,0
0,15,cellular,wed,0,no,3797,basic.9y,-2,no,services,no,married,aug,239,nonexistent,2
1,15,cellular,wed,0,no,3797,basic.9y,-2,no,services,no,married,aug,239,nonexistent,2
0,16,telephone,fri,0,unknown,3797,illiterate,-1,unknown,blue-collar,unknown,married,nov,239,nonexistent,4
1,16,telephone,fri,0,unknown,3797,illiterate,-1,unknown,blue-collar,unknown,married,nov,239,nonexistent,4
0,16,telephone,fri,0,unknown,3797,illiterate,-1,unknown,management,unknown,married,aug,239,nonexistent,4
1,16,telephone,fri,0,unknown,3797,illiterate,-1,unknown,management,unknown,married,aug,239,nonexistent,4
0,17,telephone,fri,1,unknown,3883,basic.9y,-1,unknown,technician,unknown,married,nov,231,nonexistent,4
1,17,telephone,fri,1,unknown,3883,basic.9y,-1,unknown,technician,unknown,married,nov,231,nonexistent,4
0,14,cellular,tue,0,no,3766,illiterate,-3,no,services,no,divorced,oct,228,failure,1
1,14,cellular,tue,0,no,3766,illiterate,-3,no,services,no,divorced,oct,228,failure,1
0,17,telephone,(null),1,unknown,3813,basic.9y,0,unknown,technician,unknown,single,dec,224,success,5
1,17,telephone,(null),1,unknown,3813,basic.9y,0,unknown,technician,unknown,single,dec,224,success,5
0,17,telephone,(null),0,unknown,3891,professional.course,0,unknown,technician,unknown,single,sep,232,success,5
1,17,telephone,(null),0,unknown,3891,professional.course,0,unknown,technician,unknown,single,sep,232,success,5
0,16,telephone,fri,0,unknown,3797,illiterate,-1,unknown,student,unknown,married,aug,231,nonexistent,4
1,16,telephone,fri,0,unknown,3797,illiterate,-1,unknown,student,unknown,married,aug,231,nonexistent,4
0,18,telephone,(null),1,unknown,4047,professional.course,0,unknown,unemployed,unknown,single,may,247,success,6
1,18,telephone,(null),1,unknown,4047,professional.course,0,unknown,unemployed,unknown,single,may,247,success,6
0,14,cellular,mon,1,no,3751,illiterate,-3,no,self-employed,no,divorced,apr,243,failure,0
1,14,cellular,mon,1,no,3751,illiterate,-3,no,self-employed,no,divorced,apr,243,failure,0
0,15,cellular,wed,0,no,3774,basic.6y,-2,no,services,no,married,may,244,nonexistent,2
1,15,cellular,wed,0,no,3774,basic.6y,-2,no,services,no,married,may,244,nonexistent,2
0,15,cellular,wed,1,no,3774,professional.course,-2,no,services,no,married,feb,244,nonexistent,2
1,15,cellular,wed,1,no,3774,professional.course,-2,no,services,no,married,feb,244,nonexistent,2
0,16,telephone,fri,1,unknown,3797,illiterate,-1,unknown,student,unknown,married,apr,239,nonexistent,4
1,16,telephone,fri,1,unknown,3797,illiterate,-1,unknown,student,unknown,married,apr,239,nonexistent,4
0,17,telephone,fri,0,unknown,3805,illiterate,-1,unknown,housemaid,unknown,married,apr,247,nonexistent,4
1,17,telephone,fri,0,unknown,3805,illiterate,-1,unknown,housemaid,unknown,married,apr,247,nonexistent,4
0,18,telephone,(null),0,unknown,3821,professional.course,0,unknown,management,unknown,single,may,241,success,6
1,18,telephone,(null),0,unknown,3821,professional.course,0,unknown,management,unknown,single,may,241,success,6
0,17,telephone,(null),1,unknown,3813,professional.course,0,unknown,technician,unknown,single,jun,232,success,5
1,17,telephone,(null),1,unknown,3813,professional.course,0,unknown,technician,unknown,single,jun,232,success,5
0,24,telephone,(null),1,unknown,3891,professional.course,0,unknown,unemployed,unknown,single,nov,216,success,6
1,24,telephone,(null),1,unknown,3891,professional.course,0,unknown,unemployed,unknown,single,nov,216,success,6
0,11,telephone,(null),0,unknown,4203,professional.course,0,unknown,unemployed,unknown,single,nov,247,success,6
1,11,telephone,(null),0,unknown,4203,professional.course,0,unknown,unemployed,unknown,single,nov,247,success,6
0,1,cellular,mon,1,no,3986,illiterate,-3,no,technician,no,divorced,oct,243,failure,0
1,1,cellular,mon,1,no,3986,illiterate,-3,no,technician,no,divorced,oct,243,failure,0
0,5,cellular,wed,0,no,4016,basic.6y,-2,no,technician,no,married,nov,245,nonexistent,2
1,5,cellular,wed,0,no,4016,basic.6y,-2,no,technician,no,married,nov,245,nonexistent,2
0,5,cellular,wed,1,no,4016,professional.course,-2,no,technician,no,married,aug,245,nonexistent,2
1,5,cellular,wed,1,no,4016,professional.course,-2,no,technician,no,married,aug,245,nonexistent,2
0,9,telephone,fri,0,unknown,4039,professional.course,-1,unknown,services,unknown,married,aug,247,nonexistent,4
1,9,telephone,fri,0,unknown,4039,professional.course,-1,unknown,services,unknown,married,aug,247,nonexistent,4
0,10,telephone,(null),1,unknown,4047,basic.9y,0,unknown,technician,unknown,single,sep,247,success,5
1,10,telephone,(null),1,unknown,4047,basic.9y,0,unknown,technician,unknown,single,sep,247,success,5
0,4,cellular,wed,0,no,3931,basic.6y,-2,no,services,no,married,nov,244,nonexistent,2
1,4,cellular,wed,0,no,3931,basic.6y,-2,no,services,no,married,nov,244,nonexistent,2
0,4,cellular,wed,1,no,3931,professional.course,-2,no,services,no,married,aug,244,nonexistent,2
1,4,cellular,wed,1,no,3931,professional.course,-2,no,services,no,married,aug,244,nonexistent,2
0,5,cellular,wed,1,no,3938,basic.6y,-2,no,technician,no,married,aug,245,nonexistent,2
1,5,cellular,wed,1,no,3938,basic.6y,-2,no,technician,no,married,aug,245,nonexistent,2
0,7,telephone,thu,1,unknown,4024,professional.course,-1,unknown,unemployed,unknown,married,nov,238,nonexistent,3
1,7,telephone,thu,1,unknown,4024,professional.course,-1,unknown,unemployed,unknown,married,nov,238,nonexistent,3
0,10,telephone,(null),1,unknown,4047,basic.9y,0,unknown,unemployed,unknown,single,dec,240,success,5
1,10,telephone,(null),1,unknown,4047,basic.9y,0,unknown,unemployed,unknown,single,dec,240,success,5
0,11,telephone,(null),1,unknown,4055,university.degree,0,unknown,unemployed,unknown,single,sep,241,success,6
1,11,telephone,(null),1,unknown,4055,university.degree,0,unknown,unemployed,unknown,single,sep,241,success,6
0,8,telephone,fri,1,unknown,3954,illiterate,-1,unknown,student,unknown,married,oct,239,nonexistent,4
1,8,telephone,fri,1,unknown,3954,illiterate,-1,unknown,student,unknown,married,oct,239,nonexistent,4
0,9,telephone,fri,0,unknown,4039,professional.course,-1,unknown,management,unknown,married,nov,247,nonexistent,4
1,9,telephone,fri,0,unknown,4039,professional.course,-1,unknown,management,unknown,married,nov,247,nonexistent,4
0,9,telephone,fri,0,unknown,3961,professional.course,-1,unknown,blue-collar,unknown,married,nov,247,nonexistent,4
1,9,telephone,fri,0,unknown,3961,professional.course,-1,unknown,blue-collar,unknown,married,nov,247,nonexistent,4
0,10,telephone,(null),0,unknown,3969,professional.course,0,unknown,retired,unknown,single,sep,247,success,5
1,10,telephone,(null),0,unknown,3969,professional.course,0,unknown,retired,unknown,single,sep,247,success,5
0,8,cellular,tue,1,no,3766,basic.6y,-3,no,self-employed,no,divorced,oct,236,failure,0
1,8,cellular,tue,1,no,3766,basic.6y,-3,no,self-employed,no,divorced,oct,236,failure,0
0,9,cellular,wed,1,no,3797,basic.9y,-2,no,services,no,married,aug,239,nonexistent,2
1,9,cellular,wed,1,no,3797,basic.9y,-2,no,services,no,married,aug,239,nonexistent,2
0,3,cellular,wed,0,no,3860,basic.6y,-2,no,student,no,married,nov,237,nonexistent,2
1,3,cellular,wed,0,no,3860,basic.6y,-2,no,student,no,married,nov,237,nonexistent,2
0,3,cellular,wed,1,no,3860,professional.course,-2,no,student,no,married,aug,237,nonexistent,2
1,3,cellular,wed,1,no,3860,professional.course,-2,no,student,no,married,aug,237,nonexistent,2
0,3,cellular,wed,1,no,3782,basic.6y,-2,no,student,no,married,aug,237,nonexistent,2
1,3,cellular,wed,1,no,3782,basic.6y,-2,no,student,no,married,aug,237,nonexistent,2
0,4,cellular,wed,0,no,3853,basic.9y,-2,no,management,no,married,nov,244,nonexistent,2
1,4,cellular,wed,0,no,3853,basic.9y,-2,no,management,no,married,nov,244,nonexistent,2
0,9,telephone,fri,0,unknown,3883,basic.9y,-1,unknown,management,unknown,married,aug,247,nonexistent,4
1,9,telephone,fri,0,unknown,3883,basic.9y,-1,unknown,management,unknown,married,aug,247,nonexistent,4
0,10,telephone,(null),0,unknown,3891,professional.course,0,unknown,entrepreneur,unknown,single,sep,247,success,5
1,10,telephone,(null),0,unknown,3891,professional.course,0,unknown,entrepreneur,unknown,single,sep,247,success,5
0,4,cellular,wed,1,no,3774,basic.9y,-2,no,blue-collar,no,married,nov,244,nonexistent,2
1,4,cellular,wed,1,no,3774,basic.9y,-2,no,blue-collar,no,married,nov,244,nonexistent,2
0,4,cellular,wed,1,no,3774,basic.9y,-2,no,management,no,married,aug,244,nonexistent,2
1,4,cellular,wed,1,no,3774,basic.9y,-2,no,management,no,married,aug,244,nonexistent,2
0,5,cellular,wed,0,no,3782,professional.course,-2,no,blue-collar,no,married,aug,245,nonexistent,2
1,5,cellular,wed,0,no,3782,professional.course,-2,no,blue-collar,no,married,aug,245,nonexistent,2
0,9,telephone,fri,1,unknown,3805,basic.9y,-1,unknown,blue-collar,unknown,married,aug,247,nonexistent,4
1,9,telephone,fri,1,unknown,3805,basic.9y,-1,unknown,blue-collar,unknown,married,aug,247,nonexistent,4
0,8,telephone,fri,1,unknown,3876,illiterate,-1,unknown,management,unknown,married,nov,239,nonexistent,4
1,8,telephone,fri,1,unknown,3876,illiterate,-1,unknown,management,unknown,married,nov,239,nonexistent,4
0,10,telephone,(null),0,unknown,3891,university.degree,0,unknown,entrepreneur,unknown,single,dec,240,success,5
1,10,telephone,(null),0,unknown,3891,university.degree,0,unknown,entrepreneur,unknown,single,dec,240,success,5
0,10,telephone,(null),1,unknown,3891,university.degree,0,unknown,retired,unknown,single,sep,240,success,5
1,10,telephone,(null),1,unknown,3891,university.degree,0,unknown,retired,unknown,single,sep,240,success,5
0,7,telephone,thu,0,unknown,3790,high.school,-1,unknown,housemaid,unknown,married,nov,238,nonexistent,3
1,7,telephone,thu,0,unknown,3790,high.school,-1,unknown,housemaid,unknown,married,nov,238,nonexistent,3
0,9,telephone,fri,0,unknown,3805,illiterate,-1,unknown,housemaid,unknown,married,aug,239,nonexistent,4
1,9,telephone,fri,0,unknown,3805,illiterate,-1,unknown,housemaid,unknown,married,aug,239,nonexistent,4
0,10,telephone,(null),0,unknown,3969,professional.course,0,unknown,technician,unknown,single,dec,232,success,5
1,10,telephone,(null),0,unknown,3969,professional.course,0,unknown,technician,unknown,single,dec,232,success,5
0,9,telephone,fri,0,unknown,3860,illiterate,-1,unknown,technician,unknown,married,oct,229,nonexistent,4
1,9,telephone,fri,0,unknown,3860,illiterate,-1,unknown,technician,unknown,married,oct,229,nonexistent,4
0,11,telephone,(null),1,unknown,3899,university.degree,0,unknown,retired,unknown,single,dec,233,success,6
1,11,telephone,(null),1,unknown,3899,university.degree,0,unknown,retired,unknown,single,dec,233,success,6
0,10,telephone,(null),1,unknown,3813,professional.course,0,unknown,management,unknown,single,nov,232,success,5
1,10,telephone,(null),1,unknown,3813,professional.course,0,unknown,management,unknown,single,nov,232,success,5
0,11,telephone,(null),1,unknown,4055,professional.course,0,unknown,unemployed,unknown,single,may,248,success,6
1,11,telephone,(null),1,unknown,4055,professional.course,0,unknown,unemployed,unknown,single,may,248,success,6
0,8,telephone,fri,0,unknown,3954,professional.course,-1,unknown,student,unknown,married,may,246,nonexistent,4
1,8,telephone,fri,0,unknown,3954,professional.course,-1,unknown,student,unknown,married,may,246,nonexistent,4
0,11,telephone,(null),1,unknown,3977,professional.course,0,unknown,unemployed,unknown,single,mar,248,success,6
1,11,telephone,(null),1,unknown,3977,professional.course,0,unknown,unemployed,unknown,single,mar,248,success,6
0,11,telephone,(null),0,unknown,3977,university.degree,0,unknown,unemployed,unknown,single,jun,241,success,6
1,11,telephone,(null),0,unknown,3977,university.degree,0,unknown,unemployed,unknown,single,jun,241,success,6
0,8,telephone,fri,0,unknown,3844,illiterate,-1,unknown,student,unknown,married,apr,243,nonexistent,4
1,8,telephone,fri,0,unknown,3844,illiterate,-1,unknown,student,unknown,married,apr,243,nonexistent,4
0,10,telephone,(null),1,unknown,3891,professional.course,0,unknown,retired,unknown,single,jun,247,success,5
1,10,telephone,(null),1,unknown,3891,professional.course,0,unknown,retired,unknown,single,jun,247,success,5
0,5,cellular,wed,1,no,3782,professional.course,-2,no,management,no,married,may,245,nonexistent,2
1,5,cellular,wed,1,no,3782,professional.course,-2,no,management,no,married,may,245,nonexistent,2
0,9,telephone,fri,1,unknown,3805,basic.9y,-1,unknown,management,unknown,married,may,247,nonexistent,4
1,9,telephone,fri,1,unknown,3805,basic.9y,-1,unknown,management,unknown,married,may,247,nonexistent,4
0,10,telephone,(null),1,unknown,3813,professional.course,0,unknown,entrepreneur,unknown,single,jun,247,success,5
1,10,telephone,(null),1,unknown,3813,professional.course,0,unknown,entrepreneur,unknown,single,jun,247,success,5
0,11,telephone,(null),0,unknown,3821,professional.course,0,unknown,management,unknown,single,jun,241,success,6
1,11,telephone,(null),0,unknown,3821,professional.course,0,unknown,management,unknown,single,jun,241,success,6
0,9,telephone,fri,0,unknown,3805,professional.course,-1,unknown,unemployed,unknown,married,may,231,nonexistent,4
1,9,telephone,fri,0,unknown,3805,professional.course,-1,unknown,unemployed,unknown,married,may,231,nonexistent,4
0,25,cellular,wed,1,no,4906,basic.9y,-2,no,management,no,married,nov,65,nonexistent,2
1,25,cellular,wed,1,no,4906,basic.9y,-2,no,management,no,married,nov,65,nonexistent,2
0,25,cellular,wed,0,no,4735,professional.course,-2,no,housemaid,no,married,nov,65,nonexistent,2
1,25,cellular,wed,0,no,4735,professional.course,-2,no,housemaid,no,married,nov,65,nonexistent,2
0,25,telephone,fri,1,unknown,4797,basic.9y,-1,unknown,services,unknown,married,nov,73,nonexistent,4
1,25,telephone,fri,1,unknown,4797,basic.9y,-1,unknown,services,unknown,married,nov,73,nonexistent,4
0,24,telephone,fri,1,unknown,4594,illiterate,-1,unknown,services,unknown,married,nov,73,nonexistent,4
1,24,telephone,fri,1,unknown,4594,illiterate,-1,unknown,services,unknown,married,nov,73,nonexistent,4
0,25,telephone,thu,1,unknown,4532,high.school,-1,unknown,retired,unknown,married,aug,70,nonexistent,3
1,25,telephone,thu,1,unknown,4532,high.school,-1,unknown,retired,unknown,married,aug,70,nonexistent,3
0,25,cellular,wed,1,no,4422,basic.9y,-2,no,housemaid,no,married,may,65,nonexistent,2
1,25,cellular,wed,1,no,4422,basic.9y,-2,no,housemaid,no,married,may,65,nonexistent,2
0,25,telephone,fri,1,unknown,4172,illiterate,-1,unknown,services,unknown,married,nov,67,nonexistent,4
1,25,telephone,fri,1,unknown,4172,illiterate,-1,unknown,services,unknown,married,nov,67,nonexistent,4
0,23,telephone,(null),1,unknown,4312,professional.course,0,unknown,student,unknown,single,dec,74,success,5
1,23,telephone,(null),1,unknown,4312,professional.course,0,unknown,student,unknown,single,dec,74,success,5
0,25,telephone,fri,1,unknown,4328,illiterate,-1,unknown,services,unknown,married,aug,73,nonexistent,4
1,25,telephone,fri,1,unknown,4328,illiterate,-1,unknown,services,unknown,married,aug,73,nonexistent,4
0,25,telephone,(null),1,unknown,4203,professional.course,0,unknown,technician,unknown,single,sep,76,success,6
1,25,telephone,(null),1,unknown,4203,professional.course,0,unknown,technician,unknown,single,sep,76,success,6
0,23,cellular,wed,1,no,4281,basic.9y,-2,no,management,no,married,aug,65,nonexistent,2
1,23,cellular,wed,1,no,4281,basic.9y,-2,no,management,no,married,aug,65,nonexistent,2
0,23,telephone,fri,1,unknown,4156,illiterate,-1,unknown,self-employed,unknown,married,aug,71,nonexistent,4
1,23,telephone,fri,1,unknown,4156,illiterate,-1,unknown,self-employed,unknown,married,aug,71,nonexistent,4
0,25,cellular,tue,1,no,3782,basic.6y,-3,no,blue-collar,no,divorced,oct,63,failure,0
1,25,cellular,tue,1,no,3782,basic.6y,-3,no,blue-collar,no,divorced,oct,63,failure,0
0,24,telephone,(null),1,unknown,4047,professional.course,0,unknown,technician,unknown,single,dec,69,success,6
1,24,telephone,(null),1,unknown,4047,professional.course,0,unknown,technician,unknown,single,dec,69,success,6
0,23,telephone,(null),0,unknown,3875,professional.course,0,unknown,student,unknown,single,dec,68,success,5
1,23,telephone,(null),0,unknown,3875,professional.course,0,unknown,student,unknown,single,dec,68,success,5
0,25,telephone,fri,1,unknown,3969,illiterate,-1,unknown,services,unknown,married,aug,67,nonexistent,4
1,25,telephone,fri,1,unknown,3969,illiterate,-1,unknown,services,unknown,married,aug,67,nonexistent,4
0,23,telephone,(null),0,unknown,4031,professional.course,0,unknown,technician,unknown,single,sep,76,success,6
1,23,telephone,(null),0,unknown,4031,professional.course,0,unknown,technician,unknown,single,sep,76,success,6
0,25,telephone,fri,0,unknown,4250,illiterate,-1,unknown,self-employed,unknown,married,may,71,nonexistent,4
1,25,telephone,fri,0,unknown,4250,illiterate,-1,unknown,self-employed,unknown,married,may,71,nonexistent,4
0,23,telephone,thu,1,unknown,4141,high.school,-1,unknown,retired,unknown,married,may,66,nonexistent,3
1,23,telephone,thu,1,unknown,4141,high.school,-1,unknown,retired,unknown,married,may,66,nonexistent,3
0,25,cellular,wed,1,no,4110,basic.9y,-2,no,housemaid,no,married,feb,67,nonexistent,2
1,25,cellular,wed,1,no,4110,basic.9y,-2,no,housemaid,no,married,feb,67,nonexistent,2
0,24,telephone,fri,1,unknown,3938,illiterate,-1,unknown,self-employed,unknown,married,may,71,nonexistent,4
1,24,telephone,fri,1,unknown,3938,illiterate,-1,unknown,self-employed,unknown,married,may,71,nonexistent,4
0,25,telephone,thu,1,unknown,3907,high.school,-1,unknown,retired,unknown,married,feb,70,nonexistent,3
1,25,telephone,thu,1,unknown,3907,high.school,-1,unknown,retired,unknown,married,feb,70,nonexistent,3
0,23,cellular,wed,1,no,3797,basic.9y,-2,no,housemaid,no,married,feb,65,nonexistent,2
1,23,cellular,wed,1,no,3797,basic.9y,-2,no,housemaid,no,married,feb,65,nonexistent,2
0,22,telephone,fri,1,unknown,4328,basic.9y,-1,unknown,services,unknown,married,nov,67,nonexistent,4
1,22,telephone,fri,1,unknown,4328,basic.9y,-1,unknown,services,unknown,married,nov,67,nonexistent,4
0,22,telephone,thu,1,unknown,4141,professional.course,-1,unknown,retired,unknown,married,nov,66,nonexistent,3
1,22,telephone,thu,1,unknown,4141,professional.course,-1,unknown,retired,unknown,married,nov,66,nonexistent,3
0,22,telephone,fri,1,unknown,4156,basic.9y,-1,unknown,self-employed,unknown,married,nov,67,nonexistent,4
1,22,telephone,fri,1,unknown,4156,basic.9y,-1,unknown,self-employed,unknown,married,nov,67,nonexistent,4
0,22,telephone,(null),1,unknown,4031,professional.course,0,unknown,technician,unknown,single,dec,76,success,6
1,22,telephone,(null),1,unknown,4031,professional.course,0,unknown,technician,unknown,single,dec,76,success,6
0,20,telephone,fri,1,unknown,4016,basic.9y,-1,unknown,services,unknown,married,nov,67,nonexistent,4
1,20,telephone,fri,1,unknown,4016,basic.9y,-1,unknown,services,unknown,married,nov,67,nonexistent,4
0,22,telephone,fri,1,unknown,4000,professional.course,-1,unknown,self-employed,unknown,married,aug,67,nonexistent,4
1,22,telephone,fri,1,unknown,4000,professional.course,-1,unknown,self-employed,unknown,married,aug,67,nonexistent,4
0,22,telephone,thu,1,unknown,3985,basic.9y,-1,unknown,retired,unknown,married,aug,66,nonexistent,3
1,22,telephone,thu,1,unknown,3985,basic.9y,-1,unknown,retired,unknown,married,aug,66,nonexistent,3
0,22,telephone,(null),1,unknown,3891,university.degree,0,unknown,technician,unknown,single,sep,69,success,6
1,22,telephone,(null),1,unknown,3891,university.degree,0,unknown,technician,unknown,single,sep,69,success,6
0,22,telephone,fri,0,unknown,3860,basic.9y,-1,unknown,services,unknown,married,aug,67,nonexistent,4
1,22,telephone,fri,0,unknown,3860,basic.9y,-1,unknown,services,unknown,married,aug,67,nonexistent,4
0,22,telephone,fri,1,unknown,3844,basic.9y,-1,unknown,self-employed,unknown,married,may,67,nonexistent,4
1,22,telephone,fri,1,unknown,3844,basic.9y,-1,unknown,self-employed,unknown,married,may,67,nonexistent,4
0,24,telephone,fri,0,unknown,4875,illiterate,-1,unknown,self-employed,unknown,married,nov,49,nonexistent,4
1,24,telephone,fri,0,unknown,4875,illiterate,-1,unknown,self-employed,unknown,married,nov,49,nonexistent,4
0,23,cellular,tue,1,no,4720,basic.6y,-3,no,blue-collar,no,divorced,jul,34,failure,0
1,23,cellular,tue,1,no,4720,basic.6y,-3,no,blue-collar,no,divorced,jul,34,failure,0
0,24,telephone,thu,0,unknown,4532,high.school,-1,unknown,retired,unknown,married,nov,55,nonexistent,3
1,24,telephone,thu,0,unknown,4532,high.school,-1,unknown,retired,unknown,married,nov,55,nonexistent,3
0,24,telephone,(null),1,unknown,4625,professional.course,0,unknown,student,unknown,single,sep,55,success,5
1,24,telephone,(null),1,unknown,4625,professional.course,0,unknown,student,unknown,single,sep,55,success,5
0,25,cellular,tue,1,no,4720,basic.6y,-3,no,blue-collar,no,divorced,apr,49,failure,0
1,25,cellular,tue,1,no,4720,basic.6y,-3,no,blue-collar,no,divorced,apr,49,failure,0
0,25,cellular,wed,1,no,4782,basic.9y,-2,no,housemaid,no,married,may,36,nonexistent,2
1,25,cellular,wed,1,no,4782,basic.9y,-2,no,housemaid,no,married,may,36,nonexistent,2
0,23,cellular,tue,0,no,4438,basic.6y,-3,no,entrepreneur,no,divorced,apr,37,failure,1
1,23,cellular,tue,0,no,4438,basic.6y,-3,no,entrepreneur,no,divorced,apr,37,failure,1
0,25,cellular,tue,1,no,4438,basic.6y,-3,no,entrepreneur,no,divorced,jan,50,failure,1
1,25,cellular,tue,1,no,4438,basic.6y,-3,no,entrepreneur,no,divorced,jan,50,failure,1
0,25,cellular,wed,1,no,4500,basic.9y,-2,no,management,no,married,feb,37,nonexistent,2
1,25,cellular,wed,1,no,4500,basic.9y,-2,no,management,no,married,feb,37,nonexistent,2
0,22,cellular,tue,1,no,4751,basic.6y,-3,no,entrepreneur,no,divorced,oct,34,failure,1
1,22,cellular,tue,1,no,4751,basic.6y,-3,no,entrepreneur,no,divorced,oct,34,failure,1
0,20,cellular,mon,0,no,4376,basic.4y,-3,no,admin.,no,divorced,oct,32,failure,0
1,20,cellular,mon,0,no,4376,basic.4y,-3,no,admin.,no,divorced,oct,32,failure,0
0,22,cellular,mon,1,no,4376,basic.4y,-3,no,admin.,no,divorced,jul,48,failure,0
1,22,cellular,mon,1,no,4376,basic.4y,-3,no,admin.,no,divorced,jul,48,failure,0
0,22,cellular,tue,0,no,4438,basic.6y,-3,no,entrepreneur,no,divorced,jul,34,failure,1
1,22,cellular,tue,0,no,4438,basic.6y,-3,no,entrepreneur,no,divorced,jul,34,failure,1
0,25,cellular,tue,1,no,4235,basic.6y,-3,no,blue-collar,no,divorced,oct,56,failure,0
1,25,cellular,tue,1,no,4235,basic.6y,-3,no,blue-collar,no,divorced,oct,56,failure,0
0,25,cellular,mon,0,no,4064,illiterate,-3,no,admin.,no,divorced,oct,56,failure,0
1,25,cellular,mon,0,no,4064,illiterate,-3,no,admin.,no,divorced,oct,56,failure,0
0,23,cellular,mon,0,no,4064,basic.4y,-3,no,admin.,no,divorced,oct,48,failure,0
1,23,cellular,mon,0,no,4064,basic.4y,-3,no,admin.,no,divorced,oct,48,failure,0
0,23,cellular,wed,1,no,4157,basic.9y,-2,no,housemaid,no,married,aug,52,nonexistent,2
1,23,cellular,wed,1,no,4157,basic.9y,-2,no,housemaid,no,married,aug,52,nonexistent,2
0,25,cellular,mon,1,no,3908,basic.4y,-3,no,admin.,no,divorced,oct,60,failure,0
1,25,cellular,mon,1,no,3908,basic.4y,-3,no,admin.,no,divorced,oct,60,failure,0
0,23,cellular,tue,1,no,3813,basic.6y,-3,no,entrepreneur,no,divorced,oct,57,failure,1
1,23,cellular,tue,1,no,3813,basic.6y,-3,no,entrepreneur,no,divorced,oct,57,failure,1
0,25,cellular,mon,0,no,3908,basic.4y,-3,no,admin.,no,divorced,jul,56,failure,0
1,25,cellular,mon,0,no,3908,basic.4y,-3,no,admin.,no,divorced,jul,56,failure,0
0,25,cellular,tue,0,no,3766,basic.6y,-3,no,blue-collar,no,divorced,jul,60,failure,0
1,25,cellular,tue,0,no,3766,basic.6y,-3,no,blue-collar,no,divorced,jul,60,failure,0
0,23,cellular,mon,1,no,3908,basic.4y,-3,no,admin.,no,divorced,jul,48,failure,0
1,23,cellular,mon,1,no,3908,basic.4y,-3,no,admin.,no,divorced,jul,48,failure,0
0,23,cellular,wed,1,no,3813,basic.9y,-2,no,management,no,married,aug,58,nonexistent,2
1,23,cellular,wed,1,no,3813,basic.9y,-2,no,management,no,married,aug,58,nonexistent,2
0,24,telephone,(null),1,unknown,4343,professional.course,0,unknown,technician,unknown,single,jun,58,success,6
1,24,telephone,(null),1,unknown,4343,professional.course,0,unknown,technician,unknown,single,jun,58,success,6
0,23,cellular,wed,1,no,4188,basic.9y,-2,no,management,no,married,feb,43,nonexistent,2
1,23,cellular,wed,1,no,4188,basic.9y,-2,no,management,no,married,feb,43,nonexistent,2
0,23,cellular,tue,1,no,3782,basic.6y,-3,no,blue-collar,no,divorced,apr,49,failure,0
1,23,cellular,tue,1,no,3782,basic.6y,-3,no,blue-collar,no,divorced,apr,49,failure,0
0,23,cellular,tue,1,no,3782,basic.6y,-3,no,blue-collar,no,divorced,jan,49,failure,0
1,23,cellular,tue,1,no,3782,basic.6y,-3,no,blue-collar,no,divorced,jan,49,failure,0
0,23,telephone,(null),1,unknown,4031,professional.course,0,unknown,technician,unknown,single,mar,45,success,6
1,23,telephone,(null),1,unknown,4031,professional.course,0,unknown,technician,unknown,single,mar,45,success,6
0,21,telephone,fri,1,unknown,4281,illiterate,-1,unknown,services,unknown,married,nov,52,nonexistent,4
1,21,telephone,fri,1,unknown,4281,illiterate,-1,unknown,services,unknown,married,nov,52,nonexistent,4
0,20,cellular,tue,1,no,4126,basic.6y,-3,no,entrepreneur,no,divorced,jul,37,failure,1
1,20,cellular,tue,1,no,4126,basic.6y,-3,no,entrepreneur,no,divorced,jul,37,failure,1
0,21,telephone,fri,1,unknown,3938,illiterate,-1,unknown,self-employed,unknown,married,nov,56,nonexistent,4
1,21,telephone,fri,1,unknown,3938,illiterate,-1,unknown,self-employed,unknown,married,nov,56,nonexistent,4
0,20,cellular,tue,1,no,3923,basic.6y,-3,no,blue-collar,no,divorced,oct,40,failure,0
1,20,cellular,tue,1,no,3923,basic.6y,-3,no,blue-collar,no,divorced,oct,40,failure,0
0,21,telephone,(null),1,unknown,4000,professional.course,0,unknown,student,unknown,single,sep,55,success,5
1,21,telephone,(null),1,unknown,4000,professional.course,0,unknown,student,unknown,single,sep,55,success,5
0,22,cellular,tue,1,no,4095,basic.6y,-3,no,blue-collar,no,divorced,apr,49,failure,0
1,22,cellular,tue,1,no,4095,basic.6y,-3,no,blue-collar,no,divorced,apr,49,failure,0
0,22,cellular,wed,1,no,4157,basic.9y,-2,no,housemaid,no,married,may,36,nonexistent,2
1,22,cellular,wed,1,no,4157,basic.9y,-2,no,housemaid,no,married,may,36,nonexistent,2
0,22,cellular,mon,1,no,4064,basic.4y,-3,no,admin.,no,divorced,jan,32,failure,0
1,22,cellular,mon,1,no,4064,basic.4y,-3,no,admin.,no,divorced,jan,32,failure,0
0,20,cellular,wed,1,no,3844,basic.9y,-2,no,housemaid,no,married,may,40,nonexistent,2
1,20,cellular,wed,1,no,3844,basic.9y,-2,no,housemaid,no,married,may,40,nonexistent,2
0,22,cellular,tue,1,no,3813,basic.6y,-3,no,entrepreneur,no,divorced,jan,50,failure,1
1,22,cellular,tue,1,no,3813,basic.6y,-3,no,entrepreneur,no,divorced,jan,50,failure,1
0,22,cellular,wed,1,no,3875,basic.9y,-2,no,management,no,married,feb,37,nonexistent,2
1,22,cellular,wed,1,no,3875,basic.9y,-2,no,management,no,married,feb,37,nonexistent,2
0,19,cellular,tue,1,no,4126,basic.6y,-3,no,entrepreneur,no,divorced,oct,34,failure,1
1,19,cellular,tue,1,no,4126,basic.6y,-3,no,entrepreneur,no,divorced,oct,34,failure,1
0,17,cellular,tue,1,no,3782,basic.6y,-3,no,blue-collar,no,divorced,oct,34,failure,0
1,17,cellular,tue,1,no,3782,basic.6y,-3,no,blue-collar,no,divorced,oct,34,failure,0
0,19,cellular,mon,1,no,3751,basic.4y,-3,no,admin.,no,divorced,jul,48,failure,0
1,19,cellular,mon,1,no,3751,basic.4y,-3,no,admin.,no,divorced,jul,48,failure,0
0,19,cellular,wed,1,no,3844,basic.9y,-2,no,housemaid,no,married,aug,36,nonexistent,2
1,19,cellular,wed,1,no,3844,basic.9y,-2,no,housemaid,no,married,aug,36,nonexistent,2
0,23,telephone,(null),0,unknown,4968,professional.course,0,unknown,technician,unknown,single,dec,29,success,6
1,23,telephone,(null),0,unknown,4968,professional.course,0,unknown,technician,unknown,single,dec,29,success,6
0,24,telephone,fri,0,unknown,4906,illiterate,-1,unknown,services,unknown,married,aug,26,nonexistent,4
1,24,telephone,fri,0,unknown,4906,illiterate,-1,unknown,services,unknown,married,aug,26,nonexistent,4
0,23,cellular,mon,1,no,4689,basic.4y,-3,no,admin.,no,divorced,apr,16,failure,0
1,23,cellular,mon,1,no,4689,basic.4y,-3,no,admin.,no,divorced,apr,16,failure,0
0,25,cellular,tue,1,no,4751,basic.6y,-3,no,entrepreneur,no,divorced,jan,18,failure,1
1,25,cellular,tue,1,no,4751,basic.6y,-3,no,entrepreneur,no,divorced,jan,18,failure,1
0,23,cellular,tue,0,no,4407,basic.6y,-3,no,blue-collar,no,divorced,jan,17,failure,0
1,23,cellular,tue,0,no,4407,basic.6y,-3,no,blue-collar,no,divorced,jan,17,failure,0
0,22,cellular,wed,1,no,4813,basic.9y,-2,no,management,no,married,nov,21,nonexistent,2
1,22,cellular,wed,1,no,4813,basic.9y,-2,no,management,no,married,nov,21,nonexistent,2
0,22,cellular,mon,0,no,4689,basic.4y,-3,no,admin.,no,divorced,jul,16,failure,0
1,22,cellular,mon,0,no,4689,basic.4y,-3,no,admin.,no,divorced,jul,16,failure,0
0,21,telephone,thu,0,unknown,4532,high.school,-1,unknown,retired,unknown,married,nov,23,nonexistent,3
1,21,telephone,thu,0,unknown,4532,high.school,-1,unknown,retired,unknown,married,nov,23,nonexistent,3
0,22,telephone,thu,1,unknown,4532,high.school,-1,unknown,retired,unknown,married,aug,23,nonexistent,3
1,22,telephone,thu,1,unknown,4532,high.school,-1,unknown,retired,unknown,married,aug,23,nonexistent,3
0,22,cellular,tue,1,no,4407,basic.6y,-3,no,blue-collar,no,divorced,apr,17,failure,0
1,22,cellular,tue,1,no,4407,basic.6y,-3,no,blue-collar,no,divorced,apr,17,failure,0
0,23,telephone,fri,1,unknown,4281,illiterate,-1,unknown,services,unknown,married,feb,26,nonexistent,4
1,23,telephone,fri,1,unknown,4281,illiterate,-1,unknown,services,unknown,married,feb,26,nonexistent,4
0,20,telephone,(null),0,unknown,4359,professional.course,0,unknown,technician,unknown,single,dec,29,success,6
1,20,telephone,(null),0,unknown,4359,professional.course,0,unknown,technician,unknown,single,dec,29,success,6
0,21,telephone,fri,0,unknown,4281,illiterate,-1,unknown,services,unknown,married,aug,26,nonexistent,4
1,21,telephone,fri,0,unknown,4281,illiterate,-1,unknown,services,unknown,married,aug,26,nonexistent,4
0,20,cellular,mon,1,no,4064,basic.4y,-3,no,admin.,no,divorced,apr,16,failure,0
1,20,cellular,mon,1,no,4064,basic.4y,-3,no,admin.,no,divorced,apr,16,failure,0
0,22,cellular,tue,1,no,4126,basic.6y,-3,no,entrepreneur,no,divorced,jan,18,failure,1
1,22,cellular,tue,1,no,4126,basic.6y,-3,no,entrepreneur,no,divorced,jan,18,failure,1
0,20,cellular,wed,0,no,3844,basic.9y,-2,no,housemaid,no,married,feb,20,nonexistent,2
1,20,cellular,wed,0,no,3844,basic.9y,-2,no,housemaid,no,married,feb,20,nonexistent,2
0,19,cellular,mon,1,no,4376,basic.4y,-3,no,admin.,no,divorced,oct,16,failure,0
1,19,cellular,mon,1,no,4376,basic.4y,-3,no,admin.,no,divorced,oct,16,failure,0
0,19,cellular,wed,1,no,4188,basic.9y,-2,no,management,no,married,nov,21,nonexistent,2
1,19,cellular,wed,1,no,4188,basic.9y,-2,no,management,no,married,nov,21,nonexistent,2
0,19,cellular,tue,1,no,4095,basic.6y,-3,no,blue-collar,no,divorced,jul,17,failure,0
1,19,cellular,tue,1,no,4095,basic.6y,-3,no,blue-collar,no,divorced,jul,17,failure,0
0,18,telephone,fri,1,unknown,3938,illiterate,-1,unknown,self-employed,unknown,married,nov,24,nonexistent,4
1,18,telephone,fri,1,unknown,3938,illiterate,-1,unknown,self-employed,unknown,married,nov,24,nonexistent,4
0,19,telephone,thu,1,unknown,3907,high.school,-1,unknown,retired,unknown,married,aug,23,nonexistent,3
1,19,telephone,thu,1,unknown,3907,high.school,-1,unknown,retired,unknown,married,aug,23,nonexistent,3
0,19,cellular,tue,0,no,3782,basic.6y,-3,no,blue-collar,no,divorced,apr,17,failure,0
1,19,cellular,tue,0,no,3782,basic.6y,-3,no,blue-collar,no,divorced,apr,17,failure,0
0,16,cellular,mon,1,no,3751,basic.4y,-3,no,admin.,no,divorced,oct,16,failure,0
1,16,cellular,mon,1,no,3751,basic.4y,-3,no,admin.,no,divorced,oct,16,failure,0
0,23,telephone,(null),1,unknown,4937,professional.course,0,unknown,student,unknown,single,sep,11,success,5
1,23,telephone,(null),1,unknown,4937,professional.course,0,unknown,student,unknown,single,sep,11,success,5
0,24,telephone,thu,1,unknown,4844,high.school,-1,unknown,retired,unknown,married,may,7,nonexistent,3
1,24,telephone,thu,1,unknown,4844,high.school,-1,unknown,retired,unknown,married,may,7,nonexistent,3
0,25,telephone,thu,1,unknown,4844,high.school,-1,unknown,retired,unknown,married,feb,7,nonexistent,3
1,25,telephone,thu,1,unknown,4844,high.school,-1,unknown,retired,unknown,married,feb,7,nonexistent,3
0,24,cellular,mon,0,no,4689,basic.4y,-3,no,admin.,no,divorced,jan,8,failure,0
1,24,cellular,mon,0,no,4689,basic.4y,-3,no,admin.,no,divorced,jan,8,failure,0
0,23,telephone,(null),0,unknown,4656,professional.course,0,unknown,technician,unknown,single,jun,13,success,6
1,23,telephone,(null),0,unknown,4656,professional.course,0,unknown,technician,unknown,single,jun,13,success,6
0,24,telephone,fri,1,unknown,4594,illiterate,-1,unknown,services,unknown,married,feb,10,nonexistent,4
1,24,telephone,fri,1,unknown,4594,illiterate,-1,unknown,services,unknown,married,feb,10,nonexistent,4
0,20,cellular,tue,0,no,4720,basic.6y,-3,no,blue-collar,no,divorced,oct,1,failure,0
1,20,cellular,tue,0,no,4720,basic.6y,-3,no,blue-collar,no,divorced,oct,1,failure,0
0,22,cellular,wed,1,no,4782,basic.9y,-2,no,housemaid,no,married,aug,4,nonexistent,2
1,22,cellular,wed,1,no,4782,basic.9y,-2,no,housemaid,no,married,aug,4,nonexistent,2
0,21,cellular,mon,1,no,4689,basic.4y,-3,no,admin.,no,divorced,jul,0,failure,0
1,21,cellular,mon,1,no,4689,basic.4y,-3,no,admin.,no,divorced,jul,0,failure,0
0,20,telephone,fri,0,unknown,4594,illiterate,-1,unknown,services,unknown,married,nov,10,nonexistent,4
1,20,telephone,fri,0,unknown,4594,illiterate,-1,unknown,services,unknown,married,nov,10,nonexistent,4
0,20,cellular,wed,0,no,4469,basic.9y,-2,no,housemaid,no,married,aug,4,nonexistent,2
1,20,cellular,wed,0,no,4469,basic.9y,-2,no,housemaid,no,married,aug,4,nonexistent,2
0,22,cellular,mon,1,no,4689,basic.4y,-3,no,admin.,no,divorced,apr,0,failure,0
1,22,cellular,mon,1,no,4689,basic.4y,-3,no,admin.,no,divorced,apr,0,failure,0
0,22,cellular,wed,1,no,4500,basic.9y,-2,no,management,no,married,may,5,nonexistent,2
1,22,cellular,wed,1,no,4500,basic.9y,-2,no,management,no,married,may,5,nonexistent,2
0,21,cellular,mon,1,no,4376,basic.4y,-3,no,admin.,no,divorced,apr,8,failure,0
1,21,cellular,mon,1,no,4376,basic.4y,-3,no,admin.,no,divorced,apr,8,failure,0
0,22,cellular,mon,0,no,4376,basic.4y,-3,no,admin.,no,divorced,jan,0,failure,0
1,22,cellular,mon,0,no,4376,basic.4y,-3,no,admin.,no,divorced,jan,0,failure,0
0,20,telephone,(null),0,unknown,4312,professional.course,0,unknown,student,unknown,single,sep,11,success,5
1,20,telephone,(null),0,unknown,4312,professional.course,0,unknown,student,unknown,single,sep,11,success,5
0,21,telephone,thu,0,unknown,4219,high.school,-1,unknown,retired,unknown,married,may,7,nonexistent,3
1,21,telephone,thu,0,unknown,4219,high.school,-1,unknown,retired,unknown,married,may,7,nonexistent,3
0,22,telephone,thu,1,unknown,4219,high.school,-1,unknown,retired,unknown,married,feb,7,nonexistent,3
1,22,telephone,thu,1,unknown,4219,high.school,-1,unknown,retired,unknown,married,feb,7,nonexistent,3
0,21,cellular,tue,1,no,4079,basic.6y,-3,no,blue-collar,no,divorced,jan,8,failure,0
1,21,cellular,tue,1,no,4079,basic.6y,-3,no,blue-collar,no,divorced,jan,8,failure,0
0,20,telephone,(null),0,unknown,4031,professional.course,0,unknown,technician,unknown,single,jun,13,success,6
1,20,telephone,(null),0,unknown,4031,professional.course,0,unknown,technician,unknown,single,jun,13,success,6
0,21,telephone,fri,0,unknown,3969,illiterate,-1,unknown,services,unknown,married,feb,10,nonexistent,4
1,21,telephone,fri,0,unknown,3969,illiterate,-1,unknown,services,unknown,married,feb,10,nonexistent,4
0,19,cellular,tue,1,no,4407,basic.6y,-3,no,blue-collar,no,divorced,oct,8,failure,0
1,19,cellular,tue,1,no,4407,basic.6y,-3,no,blue-collar,no,divorced,oct,8,failure,0
0,17,cellular,tue,1,no,3813,basic.6y,-3,no,blue-collar,no,divorced,jul,8,failure,0
1,17,cellular,tue,1,no,3813,basic.6y,-3,no,blue-collar,no,divorced,jul,8,failure,0
0,19,cellular,wed,1,no,3844,basic.9y,-2,no,housemaid,no,married,may,10,nonexistent,2
1,19,cellular,wed,1,no,3844,basic.9y,-2,no,housemaid,no,married,may,10,nonexistent,2
0,16,cellular,tue,0,no,3782,basic.6y,-3,no,blue-collar,no,divorced,oct,8,failure,0
1,16,cellular,tue,0,no,3782,basic.6y,-3,no,blue-collar,no,divorced,oct,8,failure,0
0,19,cellular,wed,1,no,4469,basic.9y,-2,no,housemaid,no,married,nov,2,nonexistent,2
1,19,cellular,wed,1,no,4469,basic.9y,-2,no,housemaid,no,married,nov,2,nonexistent,2
0,18,cellular,mon,1,no,4376,basic.4y,-3,no,admin.,no,divorced,oct,0,failure,0
1,18,cellular,mon,1,no,4376,basic.4y,-3,no,admin.,no,divorced,oct,0,failure,0
0,17,cellular,wed,0,no,4000,basic.9y,-2,no,management,no,married,sep,2,nonexistent,2
1,17,cellular,wed,0,no,4000,basic.9y,-2,no,management,no,married,sep,2,nonexistent,2
0,16,cellular,wed,1,no,3844,basic.9y,-2,no,housemaid,no,married,nov,2,nonexistent,2
1,16,cellular,wed,1,no,3844,basic.9y,-2,no,housemaid,no,married,nov,2,nonexistent,2
0,15,cellular,mon,1,no,3751,basic.4y,-3,no,admin.,no,divorced,oct,0,failure,0
1,15,cellular,mon,1,no,3751,basic.4y,-3,no,admin.,no,divorced,oct,0,failure,0
0,19,cellular,mon,1,no,4064,basic.4y,-3,no,self-employed,no,divorced,apr,0,failure,0
1,19,cellular,mon,1,no,4064,basic.4y,-3,no,self-employed,no,divorced,apr,0,failure,0
0,19,telephone,thu,1,unknown,3907,high.school,-1,unknown,student,unknown,married,may,3,nonexistent,3
1,19,telephone,thu,1,unknown,3907,high.school,-1,unknown,student,unknown,married,may,3,nonexistent,3
0,19,cellular,tue,1,no,3782,basic.6y,-3,no,self-employed,no,divorced,jan,0,failure,0
1,19,cellular,tue,1,no,3782,basic.6y,-3,no,self-employed,no,divorced,jan,0,failure,0
0,19,cellular,mon,1,no,4064,basic.4y,-3,no,admin.,no,divorced,apr,0,failure,0
1,19,cellular,mon,1,no,4064,basic.4y,-3,no,admin.,no,divorced,apr,0,failure,0
0,19,cellular,wed,0,no,3875,basic.9y,-2,no,entrepreneur,no,married,may,2,nonexistent,2
1,19,cellular,wed,0,no,3875,basic.9y,-2,no,entrepreneur,no,married,may,2,nonexistent,2
0,19,cellular,tue,1,no,3782,basic.6y,-3,no,admin.,no,divorced,jan,0,failure,0
1,19,cellular,tue,1,no,3782,basic.6y,-3,no,admin.,no,divorced,jan,0,failure,0
0,23,cellular,mon,1,no,3673,basic.4y,-3,no,admin.,no,divorced,oct,243,failure,0
1,23,cellular,mon,1,no,3673,basic.4y,-3,no,admin.,no,divorced,oct,243,failure,0
0,23,cellular,tue,1,no,3688,basic.6y,-3,no,blue-collar,no,divorced,jul,244,failure,1
1,23,cellular,tue,1,no,3688,basic.6y,-3,no,blue-collar,no,divorced,jul,244,failure,1
0,23,cellular,tue,0,no,3610,basic.6y,-3,no,blue-collar,no,divorced,aug,237,failure,1
1,23,cellular,tue,0,no,3610,basic.6y,-3,no,blue-collar,no,divorced,aug,237,failure,1
0,20,cellular,tue,0,no,3680,basic.6y,-3,no,self-employed,no,divorced,jul,235,failure,0
1,20,cellular,tue,0,no,3680,basic.6y,-3,no,self-employed,no,divorced,jul,235,failure,0
0,20,cellular,mon,1,no,3673,basic.4y,-3,no,admin.,no,divorced,oct,243,failure,0
1,20,cellular,mon,1,no,3673,basic.4y,-3,no,admin.,no,divorced,oct,243,failure,0
0,20,cellular,tue,1,no,3610,basic.6y,-3,no,admin.,no,divorced,oct,235,failure,0
1,20,cellular,tue,1,no,3610,basic.6y,-3,no,admin.,no,divorced,oct,235,failure,0
0,20,cellular,wed,1,no,3641,basic.9y,-2,no,services,no,married,nov,221,nonexistent,2
1,20,cellular,wed,1,no,3641,basic.9y,-2,no,services,no,married,nov,221,nonexistent,2
0,24,telephone,(null),0,unknown,3734,professional.course,0,unknown,management,unknown,single,sep,230,success,5
1,24,telephone,(null),0,unknown,3734,professional.course,0,unknown,management,unknown,single,sep,230,success,5
0,21,telephone,fri,0,unknown,3703,illiterate,-1,unknown,housemaid,unknown,married,aug,231,nonexistent,4
1,21,telephone,fri,0,unknown,3703,illiterate,-1,unknown,housemaid,unknown,married,aug,231,nonexistent,4
0,23,cellular,wed,1,no,3696,basic.9y,-2,no,services,no,married,may,237,nonexistent,2
1,23,cellular,wed,1,no,3696,basic.9y,-2,no,services,no,married,may,237,nonexistent,2
0,23,cellular,tue,0,no,3602,basic.6y,-3,no,self-employed,no,divorced,apr,235,failure,0
1,23,cellular,tue,0,no,3602,basic.6y,-3,no,self-employed,no,divorced,apr,235,failure,0
0,24,telephone,fri,1,unknown,3726,illiterate,-1,unknown,housemaid,unknown,married,feb,244,nonexistent,4
1,24,telephone,fri,1,unknown,3726,illiterate,-1,unknown,housemaid,unknown,married,feb,244,nonexistent,4
0,23,cellular,wed,0,no,3625,basic.9y,-2,no,entrepreneur,no,married,may,240,nonexistent,2
1,23,cellular,wed,0,no,3625,basic.9y,-2,no,entrepreneur,no,married,may,240,nonexistent,2
0,20,cellular,tue,1,no,3610,basic.6y,-3,no,self-employed,no,divorced,apr,236,failure,0
1,20,cellular,tue,1,no,3610,basic.6y,-3,no,self-employed,no,divorced,apr,236,failure,0
0,20,cellular,wed,1,no,3641,basic.9y,-2,no,services,no,married,feb,239,nonexistent,2
1,20,cellular,wed,1,no,3641,basic.9y,-2,no,services,no,married,feb,239,nonexistent,2
0,21,telephone,fri,1,unknown,3687,illiterate,-1,unknown,housemaid,unknown,married,may,239,nonexistent,4
1,21,telephone,fri,1,unknown,3687,illiterate,-1,unknown,housemaid,unknown,married,may,239,nonexistent,4
0,21,telephone,fri,0,unknown,3648,illiterate,-1,unknown,housemaid,unknown,married,feb,239,nonexistent,4
1,21,telephone,fri,0,unknown,3648,illiterate,-1,unknown,housemaid,unknown,married,feb,239,nonexistent,4
0,24,telephone,(null),1,unknown,3734,professional.course,0,unknown,technician,unknown,single,mar,232,success,5
1,24,telephone,(null),1,unknown,3734,professional.course,0,unknown,technician,unknown,single,mar,232,success,5
0,24,telephone,fri,1,unknown,3641,illiterate,-1,unknown,student,unknown,married,feb,231,nonexistent,4
1,24,telephone,fri,1,unknown,3641,illiterate,-1,unknown,student,unknown,married,feb,231,nonexistent,4
0,24,telephone,(null),0,unknown,3664,professional.course,0,unknown,unemployed,unknown,single,mar,225,success,6
1,24,telephone,(null),0,unknown,3664,professional.course,0,unknown,unemployed,unknown,single,mar,225,success,6
0,24,telephone,(null),1,unknown,3656,professional.course,0,unknown,management,unknown,single,jun,230,success,5
1,24,telephone,(null),1,unknown,3656,professional.course,0,unknown,management,unknown,single,jun,230,success,5
0,21,telephone,thu,0,unknown,3672,high.school,-1,unknown,student,unknown,married,may,230,nonexistent,3
1,21,telephone,thu,0,unknown,3672,high.school,-1,unknown,student,unknown,married,may,230,nonexistent,3
0,21,telephone,fri,1,unknown,3641,illiterate,-1,unknown,student,unknown,married,feb,231,nonexistent,4
1,21,telephone,fri,1,unknown,3641,illiterate,-1,unknown,student,unknown,married,feb,231,nonexistent,4
0,21,telephone,(null),0,unknown,3664,professional.course,0,unknown,unemployed,unknown,single,mar,225,success,6
1,21,telephone,(null),0,unknown,3664,professional.course,0,unknown,unemployed,unknown,single,mar,225,success,6
0,21,telephone,(null),1,unknown,3656,professional.course,0,unknown,management,unknown,single,may,232,success,5
1,21,telephone,(null),1,unknown,3656,professional.course,0,unknown,management,unknown,single,may,232,success,5
0,23,cellular,tue,0,no,3524,basic.6y,-3,no,admin.,no,divorced,jul,235,failure,0
1,23,cellular,tue,0,no,3524,basic.6y,-3,no,admin.,no,divorced,jul,235,failure,0
0,20,cellular,tue,1,no,3524,basic.6y,-3,no,admin.,no,divorced,jul,235,failure,0
1,20,cellular,tue,1,no,3524,basic.6y,-3,no,admin.,no,divorced,jul,235,failure,0
0,23,cellular,tue,0,no,3532,basic.6y,-3,no,services,no,divorced,jul,221,failure,1
1,23,cellular,tue,0,no,3532,basic.6y,-3,no,services,no,divorced,jul,221,failure,1
0,24,telephone,thu,0,unknown,3555,high.school,-1,unknown,housemaid,unknown,married,aug,226,nonexistent,3
1,24,telephone,thu,0,unknown,3555,high.school,-1,unknown,housemaid,unknown,married,aug,226,nonexistent,3
0,23,cellular,wed,1,no,3462,basic.9y,-2,no,blue-collar,no,married,aug,223,nonexistent,2
1,23,cellular,wed,1,no,3462,basic.9y,-2,no,blue-collar,no,married,aug,223,nonexistent,2
0,20,cellular,wed,1,no,3485,basic.9y,-2,no,blue-collar,no,married,nov,221,nonexistent,2
1,20,cellular,wed,1,no,3485,basic.9y,-2,no,blue-collar,no,married,nov,221,nonexistent,2
0,20,cellular,tue,0,no,3469,basic.6y,-3,no,entrepreneur,no,divorced,feb,237,failure,1
1,20,cellular,tue,0,no,3469,basic.6y,-3,no,entrepreneur,no,divorced,feb,237,failure,1
0,23,cellular,wed,1,no,3547,basic.9y,-2,no,student,no,married,feb,229,nonexistent,2
1,23,cellular,wed,1,no,3547,basic.9y,-2,no,student,no,married,feb,229,nonexistent,2
0,23,cellular,tue,0,no,3454,basic.6y,-3,no,services,no,divorced,jan,228,failure,1
1,23,cellular,tue,0,no,3454,basic.6y,-3,no,services,no,divorced,jan,228,failure,1
0,23,cellular,wed,1,no,3469,basic.9y,-2,no,student,no,married,mar,221,nonexistent,2
1,23,cellular,wed,1,no,3469,basic.9y,-2,no,student,no,married,mar,221,nonexistent,2
0,24,telephone,fri,1,unknown,3570,illiterate,-1,unknown,housemaid,unknown,married,apr,229,nonexistent,4
1,24,telephone,fri,1,unknown,3570,illiterate,-1,unknown,housemaid,unknown,married,apr,229,nonexistent,4
0,24,telephone,fri,1,unknown,3492,illiterate,-1,unknown,housemaid,unknown,married,apr,223,nonexistent,4
1,24,telephone,fri,1,unknown,3492,illiterate,-1,unknown,housemaid,unknown,married,apr,223,nonexistent,4
0,20,cellular,mon,0,no,3439,basic.4y,-3,no,self-employed,no,divorced,apr,227,failure,0
1,20,cellular,mon,0,no,3439,basic.4y,-3,no,self-employed,no,divorced,apr,227,failure,0
0,20,cellular,wed,1,no,3547,basic.9y,-2,no,student,no,married,feb,229,nonexistent,2
1,20,cellular,wed,1,no,3547,basic.9y,-2,no,student,no,married,feb,229,nonexistent,2
0,20,cellular,tue,1,no,3454,basic.6y,-3,no,services,no,divorced,jan,228,failure,1
1,20,cellular,tue,1,no,3454,basic.6y,-3,no,services,no,divorced,jan,228,failure,1
0,21,telephone,fri,0,unknown,3570,illiterate,-1,unknown,technician,unknown,married,feb,223,nonexistent,4
1,21,telephone,fri,0,unknown,3570,illiterate,-1,unknown,technician,unknown,married,feb,223,nonexistent,4
0,21,telephone,thu,0,unknown,3477,high.school,-1,unknown,student,unknown,married,feb,222,nonexistent,3
1,21,telephone,thu,0,unknown,3477,high.school,-1,unknown,student,unknown,married,feb,222,nonexistent,3
0,21,telephone,fri,1,unknown,3531,illiterate,-1,unknown,housemaid,unknown,married,may,227,nonexistent,4
1,21,telephone,fri,1,unknown,3531,illiterate,-1,unknown,housemaid,unknown,married,may,227,nonexistent,4
0,24,telephone,fri,1,unknown,3687,illiterate,-1,unknown,student,unknown,married,nov,212,nonexistent,4
1,24,telephone,fri,1,unknown,3687,illiterate,-1,unknown,student,unknown,married,nov,212,nonexistent,4
0,21,telephone,(null),0,unknown,3718,professional.course,0,unknown,technician,unknown,single,nov,215,success,5
1,21,telephone,(null),0,unknown,3718,professional.course,0,unknown,technician,unknown,single,nov,215,success,5
0,24,telephone,(null),1,unknown,3734,professional.course,0,unknown,management,unknown,single,nov,216,success,6
1,24,telephone,(null),1,unknown,3734,professional.course,0,unknown,management,unknown,single,nov,216,success,6
0,21,telephone,(null),0,unknown,3664,professional.course,0,unknown,management,unknown,single,dec,217,success,6
1,21,telephone,(null),0,unknown,3664,professional.course,0,unknown,management,unknown,single,dec,217,success,6
0,24,telephone,(null),1,unknown,3718,professional.course,0,unknown,technician,unknown,single,dec,199,success,5
1,24,telephone,(null),1,unknown,3718,professional.course,0,unknown,technician,unknown,single,dec,199,success,5
0,22,telephone,fri,1,unknown,3531,illiterate,-1,unknown,self-employed,unknown,married,oct,212,nonexistent,4
1,22,telephone,fri,1,unknown,3531,illiterate,-1,unknown,self-employed,unknown,married,oct,212,nonexistent,4
0,23,telephone,fri,0,unknown,3547,illiterate,-1,unknown,technician,unknown,married,oct,198,nonexistent,4
1,23,telephone,fri,0,unknown,3547,illiterate,-1,unknown,technician,unknown,married,oct,198,nonexistent,4
0,24,telephone,fri,1,unknown,3492,illiterate,-1,unknown,housemaid,unknown,married,nov,200,nonexistent,4
1,24,telephone,fri,1,unknown,3492,illiterate,-1,unknown,housemaid,unknown,married,nov,200,nonexistent,4
0,24,telephone,(null),1,unknown,3500,professional.course,0,unknown,management,unknown,single,dec,193,success,5
1,24,telephone,(null),1,unknown,3500,professional.course,0,unknown,management,unknown,single,dec,193,success,5
0,21,telephone,(null),0,unknown,3508,professional.course,0,unknown,management,unknown,single,dec,202,success,6
1,21,telephone,(null),0,unknown,3508,professional.course,0,unknown,management,unknown,single,dec,202,success,6
0,24,telephone,(null),1,unknown,3578,professional.course,0,unknown,technician,unknown,single,jun,215,success,5
1,24,telephone,(null),1,unknown,3578,professional.course,0,unknown,technician,unknown,single,jun,215,success,5
0,24,telephone,(null),1,unknown,3500,professional.course,0,unknown,technician,unknown,single,jun,209,success,5
1,24,telephone,(null),1,unknown,3500,professional.course,0,unknown,technician,unknown,single,jun,209,success,5
0,21,telephone,fri,0,unknown,3547,illiterate,-1,unknown,technician,unknown,married,may,216,nonexistent,4
1,21,telephone,fri,0,unknown,3547,illiterate,-1,unknown,technician,unknown,married,may,216,nonexistent,4
0,14,cellular,tue,1,no,3680,basic.6y,-3,no,self-employed,no,divorced,jul,235,failure,0
1,14,cellular,tue,1,no,3680,basic.6y,-3,no,self-employed,no,divorced,jul,235,failure,0
0,14,cellular,tue,0,no,3610,basic.6y,-3,no,admin.,no,divorced,oct,236,failure,0
1,14,cellular,tue,0,no,3610,basic.6y,-3,no,admin.,no,divorced,oct,236,failure,0
0,15,cellular,wed,0,no,3696,basic.9y,-2,no,blue-collar,no,married,aug,244,nonexistent,2
1,15,cellular,wed,0,no,3696,basic.9y,-2,no,blue-collar,no,married,aug,244,nonexistent,2
0,16,telephone,fri,1,unknown,3719,illiterate,-1,unknown,blue-collar,unknown,married,aug,239,nonexistent,4
1,16,telephone,fri,1,unknown,3719,illiterate,-1,unknown,blue-collar,unknown,married,aug,239,nonexistent,4
0,15,cellular,wed,1,no,3618,basic.9y,-2,no,blue-collar,no,married,aug,237,nonexistent,2
1,15,cellular,wed,1,no,3618,basic.9y,-2,no,blue-collar,no,married,aug,237,nonexistent,2
0,15,cellular,wed,1,no,3696,professional.course,-2,no,services,no,married,nov,221,nonexistent,2
1,15,cellular,wed,1,no,3696,professional.course,-2,no,services,no,married,nov,221,nonexistent,2
0,15,cellular,wed,0,no,3703,basic.9y,-2,no,student,no,married,aug,229,nonexistent,2
1,15,cellular,wed,0,no,3703,basic.9y,-2,no,student,no,married,aug,229,nonexistent,2
0,14,cellular,tue,0,no,3610,basic.6y,-3,no,services,no,divorced,jul,228,failure,1
1,14,cellular,tue,0,no,3610,basic.6y,-3,no,services,no,divorced,jul,228,failure,1
0,16,telephone,fri,0,unknown,3687,illiterate,-1,unknown,student,unknown,married,aug,223,nonexistent,4
1,16,telephone,fri,0,unknown,3687,illiterate,-1,unknown,student,unknown,married,aug,223,nonexistent,4
0,17,telephone,fri,0,unknown,3726,illiterate,-1,unknown,blue-collar,unknown,married,nov,231,nonexistent,4
1,17,telephone,fri,0,unknown,3726,illiterate,-1,unknown,blue-collar,unknown,married,nov,231,nonexistent,4
0,17,telephone,(null),0,unknown,3656,professional.course,0,unknown,entrepreneur,unknown,single,dec,224,success,5
1,17,telephone,(null),0,unknown,3656,professional.course,0,unknown,entrepreneur,unknown,single,dec,224,success,5
0,17,telephone,fri,0,unknown,3703,illiterate,-1,unknown,housemaid,unknown,married,aug,231,nonexistent,4
1,17,telephone,fri,0,unknown,3703,illiterate,-1,unknown,housemaid,unknown,married,aug,231,nonexistent,4
0,17,telephone,(null),0,unknown,3656,professional.course,0,unknown,retired,unknown,single,sep,224,success,5
1,17,telephone,(null),0,unknown,3656,professional.course,0,unknown,retired,unknown,single,sep,224,success,5
0,14,cellular,mon,0,no,3517,basic.4y,-3,no,self-employed,no,divorced,jul,227,failure,0
1,14,cellular,mon,0,no,3517,basic.4y,-3,no,self-employed,no,divorced,jul,227,failure,0
0,14,cellular,tue,0,no,3454,basic.6y,-3,no,self-employed,no,divorced,jul,219,failure,0
1,14,cellular,tue,0,no,3454,basic.6y,-3,no,self-employed,no,divorced,jul,219,failure,0
0,14,cellular,mon,0,no,3439,basic.4y,-3,no,admin.,no,divorced,oct,227,failure,0
1,14,cellular,mon,0,no,3439,basic.4y,-3,no,admin.,no,divorced,oct,227,failure,0
0,14,cellular,tue,0,no,3454,basic.6y,-3,no,blue-collar,no,divorced,jul,228,failure,1
1,14,cellular,tue,0,no,3454,basic.6y,-3,no,blue-collar,no,divorced,jul,228,failure,1
0,17,telephone,(null),1,unknown,3578,professional.course,0,unknown,entrepreneur,unknown,single,sep,224,success,5
1,17,telephone,(null),1,unknown,3578,professional.course,0,unknown,entrepreneur,unknown,single,sep,224,success,5
0,15,cellular,wed,1,no,3696,basic.6y,-2,no,services,no,married,feb,244,nonexistent,2
1,15,cellular,wed,1,no,3696,basic.6y,-2,no,services,no,married,feb,244,nonexistent,2
0,15,cellular,wed,0,no,3703,professional.course,-2,no,student,no,married,feb,237,nonexistent,2
1,15,cellular,wed,0,no,3703,professional.course,-2,no,student,no,married,feb,237,nonexistent,2
0,15,cellular,wed,1,no,3625,basic.6y,-2,no,student,no,married,feb,237,nonexistent,2
1,15,cellular,wed,1,no,3625,basic.6y,-2,no,student,no,married,feb,237,nonexistent,2
0,15,cellular,wed,0,no,3696,basic.9y,-2,no,management,no,married,may,244,nonexistent,2
1,15,cellular,wed,0,no,3696,basic.9y,-2,no,management,no,married,may,244,nonexistent,2
0,17,telephone,(null),1,unknown,3734,professional.course,0,unknown,entrepreneur,unknown,single,mar,247,success,5
1,17,telephone,(null),1,unknown,3734,professional.course,0,unknown,entrepreneur,unknown,single,mar,247,success,5
0,15,cellular,wed,1,no,3618,basic.9y,-2,no,blue-collar,no,married,may,244,nonexistent,2
1,15,cellular,wed,1,no,3618,basic.9y,-2,no,blue-collar,no,married,may,244,nonexistent,2
0,15,cellular,wed,1,no,3618,basic.9y,-2,no,management,no,married,feb,244,nonexistent,2
1,15,cellular,wed,1,no,3618,basic.9y,-2,no,management,no,married,feb,244,nonexistent,2
0,17,telephone,fri,0,unknown,3703,illiterate,-1,unknown,housemaid,unknown,married,apr,239,nonexistent,4
1,17,telephone,fri,0,unknown,3703,illiterate,-1,unknown,housemaid,unknown,married,apr,239,nonexistent,4
0,15,cellular,wed,0,no,3547,basic.9y,-2,no,blue-collar,no,married,may,237,nonexistent,2
1,15,cellular,wed,0,no,3547,basic.9y,-2,no,blue-collar,no,married,may,237,nonexistent,2
0,15,cellular,wed,1,no,3500,basic.9y,-2,no,entrepreneur,no,married,feb,237,nonexistent,2
1,15,cellular,wed,1,no,3500,basic.9y,-2,no,entrepreneur,no,married,feb,237,nonexistent,2
0,17,telephone,fri,0,unknown,3703,illiterate,-1,unknown,technician,unknown,married,apr,229,nonexistent,4
1,17,telephone,fri,0,unknown,3703,illiterate,-1,unknown,technician,unknown,married,apr,229,nonexistent,4
0,17,telephone,(null),1,unknown,3656,professional.course,0,unknown,management,unknown,single,may,232,success,5
1,17,telephone,(null),1,unknown,3656,professional.course,0,unknown,management,unknown,single,may,232,success,5
0,14,cellular,mon,1,no,3439,basic.4y,-3,no,self-employed,no,divorced,apr,227,failure,0
1,14,cellular,mon,1,no,3439,basic.4y,-3,no,self-employed,no,divorced,apr,227,failure,0
0,16,telephone,thu,0,unknown,3555,high.school,-1,unknown,student,unknown,married,may,222,nonexistent,3
1,16,telephone,thu,0,unknown,3555,high.school,-1,unknown,student,unknown,married,may,222,nonexistent,3
0,15,cellular,wed,0,no,3462,basic.9y,-2,no,services,no,married,may,221,nonexistent,2
1,15,cellular,wed,0,no,3462,basic.9y,-2,no,services,no,married,may,221,nonexistent,2
0,16,telephone,thu,1,unknown,3555,basic.9y,-1,unknown,student,unknown,married,feb,230,nonexistent,3
1,16,telephone,thu,1,unknown,3555,basic.9y,-1,unknown,student,unknown,married,feb,230,nonexistent,3
0,14,cellular,mon,0,no,3439,illiterate,-3,no,self-employed,no,divorced,jan,227,failure,0
1,14,cellular,mon,0,no,3439,illiterate,-3,no,self-employed,no,divorced,jan,227,failure,0
0,17,telephone,fri,1,unknown,3570,illiterate,-1,unknown,technician,unknown,married,feb,223,nonexistent,4
1,17,telephone,fri,1,unknown,3570,illiterate,-1,unknown,technician,unknown,married,feb,223,nonexistent,4
0,16,telephone,thu,1,unknown,3477,high.school,-1,unknown,student,unknown,married,feb,222,nonexistent,3
1,16,telephone,thu,1,unknown,3477,high.school,-1,unknown,student,unknown,married,feb,222,nonexistent,3
0,16,telephone,thu,0,unknown,3477,high.school,-1,unknown,housemaid,unknown,married,apr,230,nonexistent,3
1,16,telephone,thu,0,unknown,3477,high.school,-1,unknown,housemaid,unknown,married,apr,230,nonexistent,3
0,17,telephone,(null),1,unknown,3578,professional.course,0,unknown,retired,unknown,single,jun,224,success,5
1,17,telephone,(null),1,unknown,3578,professional.course,0,unknown,retired,unknown,single,jun,224,success,5
0,17,telephone,(null),1,unknown,3718,professional.course,0,unknown,technician,unknown,single,nov,215,success,5
1,17,telephone,(null),1,unknown,3718,professional.course,0,unknown,technician,unknown,single,nov,215,success,5
0,18,telephone,(null),0,unknown,3664,professional.course,0,unknown,management,unknown,single,dec,217,success,6
1,18,telephone,(null),0,unknown,3664,professional.course,0,unknown,management,unknown,single,dec,217,success,6
0,14,cellular,tue,1,no,3524,illiterate,-3,no,self-employed,no,divorced,oct,212,failure,0
1,14,cellular,tue,1,no,3524,illiterate,-3,no,self-employed,no,divorced,oct,212,failure,0
0,15,cellular,wed,0,no,3547,basic.6y,-2,no,student,no,married,nov,214,nonexistent,2
1,15,cellular,wed,0,no,3547,basic.6y,-2,no,student,no,married,nov,214,nonexistent,2
0,16,telephone,thu,0,unknown,3516,high.school,-1,unknown,student,unknown,married,nov,207,nonexistent,3
1,16,telephone,thu,0,unknown,3516,high.school,-1,unknown,student,unknown,married,nov,207,nonexistent,3
0,15,cellular,wed,1,no,3547,professional.course,-2,no,student,no,married,aug,214,nonexistent,2
1,15,cellular,wed,1,no,3547,professional.course,-2,no,student,no,married,aug,214,nonexistent,2
0,15,cellular,wed,1,no,3469,basic.6y,-2,no,student,no,married,aug,214,nonexistent,2
1,15,cellular,wed,1,no,3469,basic.6y,-2,no,student,no,married,aug,214,nonexistent,2
0,16,telephone,thu,0,unknown,3477,professional.course,-1,unknown,student,unknown,married,aug,207,nonexistent,3
1,16,telephone,thu,0,unknown,3477,professional.course,-1,unknown,student,unknown,married,aug,207,nonexistent,3
0,17,telephone,fri,1,unknown,3570,illiterate,-1,unknown,housemaid,unknown,married,nov,216,nonexistent,4
1,17,telephone,fri,1,unknown,3570,illiterate,-1,unknown,housemaid,unknown,married,nov,216,nonexistent,4
0,15,cellular,wed,0,no,3469,basic.9y,-2,no,management,no,married,nov,214,nonexistent,2
1,15,cellular,wed,0,no,3469,basic.9y,-2,no,management,no,married,nov,214,nonexistent,2
0,17,telephone,fri,1,unknown,3492,illiterate,-1,unknown,management,unknown,married,nov,208,nonexistent,4
1,17,telephone,fri,1,unknown,3492,illiterate,-1,unknown,management,unknown,married,nov,208,nonexistent,4
0,18,telephone,(null),0,unknown,3578,professional.course,0,unknown,management,unknown,single,sep,217,success,6
1,18,telephone,(null),0,unknown,3578,professional.course,0,unknown,management,unknown,single,sep,217,success,6
0,18,telephone,(null),0,unknown,3578,professional.course,0,unknown,unemployed,unknown,single,dec,201,success,6
1,18,telephone,(null),0,unknown,3578,professional.course,0,unknown,unemployed,unknown,single,dec,201,success,6
0,18,telephone,(null),0,unknown,3508,professional.course,0,unknown,unemployed,unknown,single,sep,202,success,6
1,18,telephone,(null),0,unknown,3508,professional.course,0,unknown,unemployed,unknown,single,sep,202,success,6
0,17,telephone,fri,1,unknown,3547,illiterate,-1,unknown,technician,unknown,married,may,216,nonexistent,4
1,17,telephone,fri,1,unknown,3547,illiterate,-1,unknown,technician,unknown,married,may,216,nonexistent,4
0,17,telephone,fri,1,unknown,3492,professional.course,-1,unknown,technician,unknown,married,feb,216,nonexistent,4
1,17,telephone,fri,1,unknown,3492,professional.course,-1,unknown,technician,unknown,married,feb,216,nonexistent,4
0,18,telephone,(null),1,unknown,3508,professional.course,0,unknown,retired,unknown,single,jun,217,success,6
1,18,telephone,(null),1,unknown,3508,professional.course,0,unknown,retired,unknown,single,jun,217,success,6
0,20,cellular,tue,1,no,3376,basic.6y,-3,no,blue-collar,no,divorced,jul,221,failure,1
1,20,cellular,tue,1,no,3376,basic.6y,-3,no,blue-collar,no,divorced,jul,221,failure,1
0,23,cellular,mon,1,no,3361,basic.4y,-3,no,admin.,no,divorced,jan,235,failure,0
1,23,cellular,mon,1,no,3361,basic.4y,-3,no,admin.,no,divorced,jan,235,failure,0
0,20,cellular,tue,1,no,3368,basic.6y,-3,no,admin.,no,divorced,jan,235,failure,0
1,20,cellular,tue,1,no,3368,basic.6y,-3,no,admin.,no,divorced,jan,235,failure,0
0,21,cellular,wed,0,no,3329,basic.9y,-2,no,housemaid,no,married,feb,223,nonexistent,2
1,21,cellular,wed,0,no,3329,basic.9y,-2,no,housemaid,no,married,feb,223,nonexistent,2
0,20,cellular,tue,0,no,3220,basic.6y,-3,no,blue-collar,no,divorced,feb,221,failure,1
1,20,cellular,tue,0,no,3220,basic.6y,-3,no,blue-collar,no,divorced,feb,221,failure,1
0,20,cellular,tue,0,no,3133,basic.6y,-3,no,admin.,no,divorced,jan,219,failure,0
1,20,cellular,tue,0,no,3133,basic.6y,-3,no,admin.,no,divorced,jan,219,failure,0
0,23,cellular,tue,1,no,3368,basic.6y,-3,no,self-employed,no,divorced,jul,212,failure,0
1,23,cellular,tue,1,no,3368,basic.6y,-3,no,self-employed,no,divorced,jul,212,failure,0
0,23,cellular,wed,0,no,3391,basic.9y,-2,no,student,no,married,aug,206,nonexistent,2
1,23,cellular,wed,0,no,3391,basic.9y,-2,no,student,no,married,aug,206,nonexistent,2
0,23,cellular,mon,0,no,3283,basic.4y,-3,no,self-employed,no,divorced,oct,204,failure,0
1,23,cellular,mon,0,no,3283,basic.4y,-3,no,self-employed,no,divorced,oct,204,failure,0
0,23,cellular,tue,0,no,3298,basic.6y,-3,no,services,no,divorced,jul,205,failure,1
1,23,cellular,tue,0,no,3298,basic.6y,-3,no,services,no,divorced,jul,205,failure,1
0,23,cellular,wed,0,no,3384,basic.9y,-2,no,blue-collar,no,married,nov,213,nonexistent,2
1,23,cellular,wed,0,no,3384,basic.9y,-2,no,blue-collar,no,married,nov,213,nonexistent,2
0,24,telephone,thu,1,unknown,3399,high.school,-1,unknown,housemaid,unknown,married,nov,207,nonexistent,3
1,24,telephone,thu,1,unknown,3399,high.school,-1,unknown,housemaid,unknown,married,nov,207,nonexistent,3
0,24,telephone,thu,1,unknown,3399,high.school,-1,unknown,housemaid,unknown,married,aug,215,nonexistent,3
1,24,telephone,thu,1,unknown,3399,high.school,-1,unknown,housemaid,unknown,married,aug,215,nonexistent,3
0,23,cellular,wed,0,no,3313,basic.9y,-2,no,entrepreneur,no,married,sep,209,nonexistent,2
1,23,cellular,wed,0,no,3313,basic.9y,-2,no,entrepreneur,no,married,sep,209,nonexistent,2
0,20,cellular,wed,0,no,3391,basic.9y,-2,no,student,no,married,aug,206,nonexistent,2
1,20,cellular,wed,0,no,3391,basic.9y,-2,no,student,no,married,aug,206,nonexistent,2
0,20,cellular,tue,0,no,3298,basic.6y,-3,no,services,no,divorced,jul,205,failure,1
1,20,cellular,tue,0,no,3298,basic.6y,-3,no,services,no,divorced,jul,205,failure,1
0,20,cellular,wed,1,no,3306,basic.9y,-2,no,blue-collar,no,married,nov,208,nonexistent,2
1,20,cellular,wed,1,no,3306,basic.9y,-2,no,blue-collar,no,married,nov,208,nonexistent,2
0,22,telephone,fri,1,unknown,3375,illiterate,-1,unknown,self-employed,unknown,married,oct,196,nonexistent,4
1,22,telephone,fri,1,unknown,3375,illiterate,-1,unknown,self-employed,unknown,married,oct,196,nonexistent,4
0,24,telephone,thu,0,unknown,3360,high.school,-1,unknown,student,unknown,married,apr,211,nonexistent,3
1,24,telephone,thu,0,unknown,3360,high.school,-1,unknown,student,unknown,married,apr,211,nonexistent,3
0,24,telephone,(null),0,unknown,3344,professional.course,0,unknown,management,unknown,single,jun,209,success,5
1,24,telephone,(null),0,unknown,3344,professional.course,0,unknown,management,unknown,single,jun,209,success,5
0,24,telephone,(null),0,unknown,3344,professional.course,0,unknown,management,unknown,single,mar,215,success,5
1,24,telephone,(null),0,unknown,3344,professional.course,0,unknown,management,unknown,single,mar,215,success,5
0,21,telephone,thu,0,unknown,3360,high.school,-1,unknown,student,unknown,married,apr,211,nonexistent,3
1,21,telephone,thu,0,unknown,3360,high.school,-1,unknown,student,unknown,married,apr,211,nonexistent,3
0,24,telephone,(null),0,unknown,3422,professional.course,0,unknown,technician,unknown,single,may,201,success,6
1,24,telephone,(null),0,unknown,3422,professional.course,0,unknown,technician,unknown,single,may,201,success,6
0,23,cellular,mon,0,no,3205,basic.4y,-3,no,self-employed,no,divorced,jul,204,failure,0
1,23,cellular,mon,0,no,3205,basic.4y,-3,no,self-employed,no,divorced,jul,204,failure,0
0,20,cellular,mon,0,no,3205,basic.4y,-3,no,self-employed,no,divorced,jul,204,failure,0
1,20,cellular,mon,0,no,3205,basic.4y,-3,no,self-employed,no,divorced,jul,204,failure,0
0,20,cellular,mon,0,no,3126,basic.4y,-3,no,admin.,no,divorced,oct,204,failure,0
1,20,cellular,mon,0,no,3126,basic.4y,-3,no,admin.,no,divorced,oct,204,failure,0
0,20,cellular,tue,0,no,3141,basic.6y,-3,no,blue-collar,no,divorced,jul,205,failure,1
1,20,cellular,tue,0,no,3141,basic.6y,-3,no,blue-collar,no,divorced,jul,205,failure,1
0,23,cellular,wed,0,no,3228,basic.9y,-2,no,services,no,married,aug,198,nonexistent,2
1,23,cellular,wed,0,no,3228,basic.9y,-2,no,services,no,married,aug,198,nonexistent,2
0,23,cellular,wed,1,no,3228,basic.9y,-2,no,services,no,married,nov,190,nonexistent,2
1,23,cellular,wed,1,no,3228,basic.9y,-2,no,services,no,married,nov,190,nonexistent,2
0,23,cellular,tue,1,no,3133,basic.6y,-3,no,self-employed,no,divorced,oct,188,failure,0
1,23,cellular,tue,1,no,3133,basic.6y,-3,no,self-employed,no,divorced,oct,188,failure,0
0,24,telephone,fri,1,unknown,3251,illiterate,-1,unknown,housemaid,unknown,married,oct,196,nonexistent,4
1,24,telephone,fri,1,unknown,3251,illiterate,-1,unknown,housemaid,unknown,married,oct,196,nonexistent,4
0,24,telephone,thu,0,unknown,3165,high.school,-1,unknown,housemaid,unknown,married,oct,191,nonexistent,3
1,24,telephone,thu,0,unknown,3165,high.school,-1,unknown,housemaid,unknown,married,oct,191,nonexistent,3
0,23,cellular,wed,0,no,3228,basic.9y,-2,no,services,no,married,feb,208,nonexistent,2
1,23,cellular,wed,0,no,3228,basic.9y,-2,no,services,no,married,feb,208,nonexistent,2
0,23,cellular,tue,1,no,3133,basic.6y,-3,no,self-employed,no,divorced,jan,205,failure,0
1,23,cellular,tue,1,no,3133,basic.6y,-3,no,self-employed,no,divorced,jan,205,failure,0
0,24,telephone,thu,0,unknown,3243,high.school,-1,unknown,housemaid,unknown,married,may,211,nonexistent,3
1,24,telephone,thu,0,unknown,3243,high.school,-1,unknown,housemaid,unknown,married,may,211,nonexistent,3
0,24,telephone,thu,1,unknown,3243,high.school,-1,unknown,housemaid,unknown,married,feb,215,nonexistent,3
1,24,telephone,thu,1,unknown,3243,high.school,-1,unknown,housemaid,unknown,married,feb,215,nonexistent,3
0,23,cellular,wed,0,no,3149,basic.9y,-2,no,blue-collar,no,married,feb,208,nonexistent,2
1,23,cellular,wed,0,no,3149,basic.9y,-2,no,blue-collar,no,married,feb,208,nonexistent,2
0,20,cellular,mon,1,no,3126,basic.4y,-3,no,self-employed,no,divorced,apr,204,failure,0
1,20,cellular,mon,1,no,3126,basic.4y,-3,no,self-employed,no,divorced,apr,204,failure,0
0,21,telephone,fri,0,unknown,3251,illiterate,-1,unknown,housemaid,unknown,married,may,208,nonexistent,4
1,21,telephone,fri,0,unknown,3251,illiterate,-1,unknown,housemaid,unknown,married,may,208,nonexistent,4
0,21,telephone,(null),0,unknown,3266,professional.course,0,unknown,management,unknown,single,mar,209,success,5
1,21,telephone,(null),0,unknown,3266,professional.course,0,unknown,management,unknown,single,mar,209,success,5
0,20,cellular,wed,0,no,3157,basic.9y,-2,no,entrepreneur,no,married,may,206,nonexistent,2
1,20,cellular,wed,0,no,3157,basic.9y,-2,no,entrepreneur,no,married,may,206,nonexistent,2
0,21,telephone,fri,1,unknown,3172,illiterate,-1,unknown,housemaid,unknown,married,feb,208,nonexistent,4
1,21,telephone,fri,1,unknown,3172,illiterate,-1,unknown,housemaid,unknown,married,feb,208,nonexistent,4
0,23,telephone,fri,1,unknown,3235,illiterate,-1,unknown,services,unknown,married,apr,198,nonexistent,4
1,23,telephone,fri,1,unknown,3235,illiterate,-1,unknown,services,unknown,married,apr,198,nonexistent,4
0,17,cellular,tue,0,no,3368,basic.6y,-3,no,admin.,no,divorced,jan,236,failure,0
1,17,cellular,tue,0,no,3368,basic.6y,-3,no,admin.,no,divorced,jan,236,failure,0
0,14,cellular,tue,0,no,3368,basic.6y,-3,no,admin.,no,divorced,oct,219,failure,0
1,14,cellular,tue,0,no,3368,basic.6y,-3,no,admin.,no,divorced,oct,219,failure,0
0,14,cellular,mon,1,no,3361,basic.4y,-3,no,admin.,no,divorced,jul,227,failure,0
1,14,cellular,mon,1,no,3361,basic.4y,-3,no,admin.,no,divorced,jul,227,failure,0
0,14,cellular,tue,1,no,3298,basic.6y,-3,no,admin.,no,divorced,jul,219,failure,0
1,14,cellular,tue,1,no,3298,basic.6y,-3,no,admin.,no,divorced,jul,219,failure,0
0,15,cellular,wed,1,no,3329,basic.9y,-2,no,housemaid,no,married,feb,223,nonexistent,2
1,15,cellular,wed,1,no,3329,basic.9y,-2,no,housemaid,no,married,feb,223,nonexistent,2
0,17,cellular,tue,0,no,3220,basic.6y,-3,no,blue-collar,no,divorced,feb,221,failure,1
1,17,cellular,tue,0,no,3220,basic.6y,-3,no,blue-collar,no,divorced,feb,221,failure,1
0,17,cellular,tue,1,no,3133,basic.6y,-3,no,admin.,no,divorced,jan,219,failure,0
1,17,cellular,tue,1,no,3133,basic.6y,-3,no,admin.,no,divorced,jan,219,failure,0
0,14,cellular,tue,0,no,3212,basic.6y,-3,no,admin.,no,divorced,apr,219,failure,0
1,14,cellular,tue,0,no,3212,basic.6y,-3,no,admin.,no,divorced,apr,219,failure,0
0,14,cellular,tue,1,no,3141,basic.6y,-3,no,admin.,no,divorced,jan,220,failure,0
1,14,cellular,tue,1,no,3141,basic.6y,-3,no,admin.,no,divorced,jan,220,failure,0
0,14,cellular,mon,0,no,3283,basic.4y,-3,no,self-employed,no,divorced,oct,204,failure,0
1,14,cellular,mon,0,no,3283,basic.4y,-3,no,self-employed,no,divorced,oct,204,failure,0
0,14,cellular,tue,1,no,3313,basic.6y,-3,no,services,no,divorced,jul,206,failure,1
1,14,cellular,tue,1,no,3313,basic.6y,-3,no,services,no,divorced,jul,206,failure,1
0,15,cellular,wed,0,no,3391,basic.9y,-2,no,blue-collar,no,married,nov,214,nonexistent,2
1,15,cellular,wed,0,no,3391,basic.9y,-2,no,blue-collar,no,married,nov,214,nonexistent,2
0,17,telephone,fri,1,unknown,3414,illiterate,-1,unknown,blue-collar,unknown,married,nov,208,nonexistent,4
1,17,telephone,fri,1,unknown,3414,illiterate,-1,unknown,blue-collar,unknown,married,nov,208,nonexistent,4
0,15,cellular,wed,1,no,3344,basic.9y,-2,no,entrepreneur,no,married,aug,214,nonexistent,2
1,15,cellular,wed,1,no,3344,basic.9y,-2,no,entrepreneur,no,married,aug,214,nonexistent,2
0,17,telephone,fri,0,unknown,3391,illiterate,-1,unknown,services,unknown,married,oct,198,nonexistent,4
1,17,telephone,fri,0,unknown,3391,illiterate,-1,unknown,services,unknown,married,oct,198,nonexistent,4
0,14,cellular,mon,1,no,3205,basic.4y,-3,no,self-employed,no,divorced,jul,204,failure,0
1,14,cellular,mon,1,no,3205,basic.4y,-3,no,self-employed,no,divorced,jul,204,failure,0
0,14,cellular,mon,1,no,3126,basic.4y,-3,no,admin.,no,divorced,oct,204,failure,0
1,14,cellular,mon,1,no,3126,basic.4y,-3,no,admin.,no,divorced,oct,204,failure,0
0,14,cellular,tue,1,no,3157,basic.6y,-3,no,blue-collar,no,divorced,jul,206,failure,1
1,14,cellular,tue,1,no,3157,basic.6y,-3,no,blue-collar,no,divorced,jul,206,failure,1
0,15,cellular,wed,0,no,3172,basic.9y,-2,no,services,no,married,aug,192,nonexistent,2
1,15,cellular,wed,0,no,3172,basic.9y,-2,no,services,no,married,aug,192,nonexistent,2
0,16,telephone,thu,1,unknown,3204,high.school,-1,unknown,housemaid,unknown,married,nov,195,nonexistent,3
1,16,telephone,thu,1,unknown,3204,high.school,-1,unknown,housemaid,unknown,married,nov,195,nonexistent,3
0,16,telephone,fri,0,unknown,3219,illiterate,-1,unknown,housemaid,unknown,married,aug,200,nonexistent,4
1,16,telephone,fri,0,unknown,3219,illiterate,-1,unknown,housemaid,unknown,married,aug,200,nonexistent,4
0,16,telephone,thu,1,unknown,3360,high.school,-1,unknown,student,unknown,married,apr,211,nonexistent,3
1,16,telephone,thu,1,unknown,3360,high.school,-1,unknown,student,unknown,married,apr,211,nonexistent,3
0,17,telephone,(null),0,unknown,3406,professional.course,0,unknown,management,unknown,single,may,215,success,5
1,17,telephone,(null),0,unknown,3406,professional.course,0,unknown,management,unknown,single,may,215,success,5
0,14,cellular,mon,0,no,3205,illiterate,-3,no,self-employed,no,divorced,apr,204,failure,0
1,14,cellular,mon,0,no,3205,illiterate,-3,no,self-employed,no,divorced,apr,204,failure,0
0,14,cellular,tue,0,no,3220,basic.6y,-3,no,services,no,divorced,jan,213,failure,1
1,14,cellular,tue,0,no,3220,basic.6y,-3,no,services,no,divorced,jan,213,failure,1
0,14,cellular,mon,1,no,3126,illiterate,-3,no,self-employed,no,divorced,jan,204,failure,0
1,14,cellular,mon,1,no,3126,illiterate,-3,no,self-employed,no,divorced,jan,204,failure,0
0,15,cellular,wed,0,no,3188,basic.9y,-2,no,entrepreneur,no,married,may,209,nonexistent,2
1,15,cellular,wed,0,no,3188,basic.9y,-2,no,entrepreneur,no,married,may,209,nonexistent,2
0,17,telephone,fri,0,unknown,3258,illiterate,-1,unknown,blue-collar,unknown,married,feb,216,nonexistent,4
1,17,telephone,fri,0,unknown,3258,illiterate,-1,unknown,blue-collar,unknown,married,feb,216,nonexistent,4
0,14,cellular,tue,0,no,3141,basic.6y,-3,no,housemaid,no,divorced,jan,213,failure,1
1,14,cellular,tue,0,no,3141,basic.6y,-3,no,housemaid,no,divorced,jan,213,failure,1
0,17,telephone,(null),0,unknown,3266,professional.course,0,unknown,management,unknown,single,mar,209,success,5
1,17,telephone,(null),0,unknown,3266,professional.course,0,unknown,management,unknown,single,mar,209,success,5
0,18,telephone,(null),0,unknown,3422,professional.course,0,unknown,unemployed,unknown,single,jun,202,success,6
1,18,telephone,(null),0,unknown,3422,professional.course,0,unknown,unemployed,unknown,single,jun,202,success,6
0,18,telephone,(null),1,unknown,3352,university.degree,0,unknown,unemployed,unknown,single,mar,202,success,6
1,18,telephone,(null),1,unknown,3352,university.degree,0,unknown,unemployed,unknown,single,mar,202,success,6
0,16,telephone,thu,1,unknown,3243,high.school,-1,unknown,student,unknown,married,may,199,nonexistent,3
1,16,telephone,thu,1,unknown,3243,high.school,-1,unknown,student,unknown,married,may,199,nonexistent,3
0,15,cellular,wed,1,no,3149,basic.9y,-2,no,services,no,married,may,198,nonexistent,2
1,15,cellular,wed,1,no,3149,basic.9y,-2,no,services,no,married,may,198,nonexistent,2
0,17,telephone,(null),0,unknown,3266,professional.course,0,unknown,technician,unknown,single,jun,193,success,5
1,17,telephone,(null),0,unknown,3266,professional.course,0,unknown,technician,unknown,single,jun,193,success,5
0,16,telephone,fri,0,unknown,3172,illiterate,-1,unknown,student,unknown,married,may,192,nonexistent,4
1,16,telephone,fri,0,unknown,3172,illiterate,-1,unknown,student,unknown,married,may,192,nonexistent,4
0,17,telephone,(null),1,unknown,3188,professional.course,0,unknown,technician,unknown,single,mar,193,success,5
1,17,telephone,(null),1,unknown,3188,professional.course,0,unknown,technician,unknown,single,mar,193,success,5
0,18,telephone,(null),0,unknown,3266,professional.course,0,unknown,management,unknown,single,may,201,success,6
1,18,telephone,(null),0,unknown,3266,professional.course,0,unknown,management,unknown,single,may,201,success,6
0,24,telephone,(null),0,unknown,3664,professional.course,0,unknown,unemployed,unknown,single,dec,185,success,6
1,24,telephone,(null),0,unknown,3664,professional.course,0,unknown,unemployed,unknown,single,dec,185,success,6
0,24,telephone,(null),1,unknown,3562,professional.course,0,unknown,technician,unknown,single,nov,184,success,5
1,24,telephone,(null),1,unknown,3562,professional.course,0,unknown,technician,unknown,single,nov,184,success,5
0,23,telephone,(null),0,unknown,3508,professional.course,0,unknown,unemployed,unknown,single,dec,170,success,6
1,23,telephone,(null),0,unknown,3508,professional.course,0,unknown,unemployed,unknown,single,dec,170,success,6
0,24,telephone,thu,0,unknown,3321,high.school,-1,unknown,student,unknown,married,nov,184,nonexistent,3
1,24,telephone,thu,0,unknown,3321,high.school,-1,unknown,student,unknown,married,nov,184,nonexistent,3
0,24,telephone,fri,1,unknown,3329,illiterate,-1,unknown,student,unknown,married,nov,177,nonexistent,4
1,24,telephone,fri,1,unknown,3329,illiterate,-1,unknown,student,unknown,married,nov,177,nonexistent,4
0,21,telephone,fri,0,unknown,3391,illiterate,-1,unknown,technician,unknown,married,nov,182,nonexistent,4
1,21,telephone,fri,0,unknown,3391,illiterate,-1,unknown,technician,unknown,married,nov,182,nonexistent,4
0,24,telephone,(null),1,unknown,3344,professional.course,0,unknown,management,unknown,single,dec,184,success,5
1,24,telephone,(null),1,unknown,3344,professional.course,0,unknown,management,unknown,single,dec,184,success,5
0,25,telephone,(null),1,unknown,3422,professional.course,0,unknown,technician,unknown,single,dec,168,success,5
1,25,telephone,(null),1,unknown,3422,professional.course,0,unknown,technician,unknown,single,dec,168,success,5
0,24,telephone,fri,1,unknown,3336,illiterate,-1,unknown,technician,unknown,married,nov,167,nonexistent,4
1,24,telephone,fri,1,unknown,3336,illiterate,-1,unknown,technician,unknown,married,nov,167,nonexistent,4
0,25,telephone,(null),1,unknown,3344,professional.course,0,unknown,technician,unknown,single,sep,168,success,5
1,25,telephone,(null),1,unknown,3344,professional.course,0,unknown,technician,unknown,single,sep,168,success,5
0,23,telephone,(null),1,unknown,3352,professional.course,0,unknown,unemployed,unknown,single,sep,170,success,6
1,23,telephone,(null),1,unknown,3352,professional.course,0,unknown,unemployed,unknown,single,sep,170,success,6
0,24,telephone,(null),1,unknown,3352,professional.course,0,unknown,management,unknown,single,dec,170,success,6
1,24,telephone,(null),1,unknown,3352,professional.course,0,unknown,management,unknown,single,dec,170,success,6
0,21,telephone,(null),0,unknown,3422,professional.course,0,unknown,unemployed,unknown,single,dec,170,success,6
1,21,telephone,(null),0,unknown,3422,professional.course,0,unknown,unemployed,unknown,single,dec,170,success,6
0,24,telephone,thu,0,unknown,3204,high.school,-1,unknown,retired,unknown,married,oct,180,nonexistent,3
1,24,telephone,thu,0,unknown,3204,high.school,-1,unknown,retired,unknown,married,oct,180,nonexistent,3
0,21,telephone,thu,1,unknown,3243,high.school,-1,unknown,student,unknown,married,nov,180,nonexistent,3
1,21,telephone,thu,1,unknown,3243,high.school,-1,unknown,student,unknown,married,nov,180,nonexistent,3
0,20,cellular,wed,0,no,3157,basic.9y,-2,no,student,no,married,nov,178,nonexistent,2
1,20,cellular,wed,0,no,3157,basic.9y,-2,no,student,no,married,nov,178,nonexistent,2
0,21,telephone,fri,1,unknown,3235,illiterate,-1,unknown,technician,unknown,married,aug,182,nonexistent,4
1,21,telephone,fri,1,unknown,3235,illiterate,-1,unknown,technician,unknown,married,aug,182,nonexistent,4
0,21,telephone,fri,1,unknown,3172,illiterate,-1,unknown,housemaid,unknown,married,nov,184,nonexistent,4
1,21,telephone,fri,1,unknown,3172,illiterate,-1,unknown,housemaid,unknown,married,nov,184,nonexistent,4
0,21,telephone,fri,0,unknown,3180,illiterate,-1,unknown,housemaid,unknown,married,nov,177,nonexistent,4
1,21,telephone,fri,0,unknown,3180,illiterate,-1,unknown,housemaid,unknown,married,nov,177,nonexistent,4
0,23,cellular,tue,1,no,3157,basic.6y,-3,no,services,no,divorced,oct,159,failure,1
1,23,cellular,tue,1,no,3157,basic.6y,-3,no,services,no,divorced,oct,159,failure,1
0,24,telephone,fri,0,unknown,3219,illiterate,-1,unknown,student,unknown,married,aug,165,nonexistent,4
1,24,telephone,fri,0,unknown,3219,illiterate,-1,unknown,student,unknown,married,aug,165,nonexistent,4
0,21,telephone,(null),1,unknown,3266,professional.course,0,unknown,unemployed,unknown,single,sep,170,success,6
1,21,telephone,(null),1,unknown,3266,professional.course,0,unknown,unemployed,unknown,single,sep,170,success,6
0,24,telephone,fri,0,unknown,3235,illiterate,-1,unknown,housemaid,unknown,married,oct,167,nonexistent,4
1,24,telephone,fri,0,unknown,3235,illiterate,-1,unknown,housemaid,unknown,married,oct,167,nonexistent,4
0,22,telephone,(null),0,unknown,3188,professional.course,0,unknown,management,unknown,single,dec,168,success,5
1,22,telephone,(null),0,unknown,3188,professional.course,0,unknown,management,unknown,single,dec,168,success,5
0,24,telephone,(null),0,unknown,3266,professional.course,0,unknown,technician,unknown,single,may,185,success,6
1,24,telephone,(null),0,unknown,3266,professional.course,0,unknown,technician,unknown,single,may,185,success,6
0,25,telephone,(null),0,unknown,3274,professional.course,0,unknown,unemployed,unknown,single,jun,170,success,6
1,25,telephone,(null),0,unknown,3274,professional.course,0,unknown,unemployed,unknown,single,jun,170,success,6
0,24,telephone,fri,1,unknown,3180,illiterate,-1,unknown,technician,unknown,married,may,167,nonexistent,4
1,24,telephone,fri,1,unknown,3180,illiterate,-1,unknown,technician,unknown,married,may,167,nonexistent,4
0,25,telephone,(null),1,unknown,3188,professional.course,0,unknown,technician,unknown,single,mar,168,success,5
1,25,telephone,(null),1,unknown,3188,professional.course,0,unknown,technician,unknown,single,mar,168,success,5
0,24,telephone,(null),1,unknown,3196,professional.course,0,unknown,management,unknown,single,jun,170,success,6
1,24,telephone,(null),1,unknown,3196,professional.course,0,unknown,management,unknown,single,jun,170,success,6
0,18,telephone,(null),1,unknown,3422,professional.course,0,unknown,unemployed,unknown,single,dec,186,success,6
1,18,telephone,(null),1,unknown,3422,professional.course,0,unknown,unemployed,unknown,single,dec,186,success,6
0,18,telephone,(null),0,unknown,3352,professional.course,0,unknown,unemployed,unknown,single,dec,179,success,6
1,18,telephone,(null),0,unknown,3352,professional.course,0,unknown,unemployed,unknown,single,dec,179,success,6
0,16,telephone,fri,1,unknown,3172,professional.course,-1,unknown,student,unknown,married,nov,177,nonexistent,4
1,16,telephone,fri,1,unknown,3172,professional.course,-1,unknown,student,unknown,married,nov,177,nonexistent,4
0,18,telephone,(null),0,unknown,3274,professional.course,0,unknown,unemployed,unknown,single,sep,185,success,6
1,18,telephone,(null),0,unknown,3274,professional.course,0,unknown,unemployed,unknown,single,sep,185,success,6
0,17,telephone,(null),0,unknown,3188,basic.9y,0,unknown,technician,unknown,single,sep,185,success,5
1,17,telephone,(null),0,unknown,3188,basic.9y,0,unknown,technician,unknown,single,sep,185,success,5
0,17,telephone,(null),1,unknown,3188,professional.course,0,unknown,management,unknown,single,dec,185,success,5
1,17,telephone,(null),1,unknown,3188,professional.course,0,unknown,management,unknown,single,dec,185,success,5
0,18,telephone,(null),1,unknown,3196,professional.course,0,unknown,management,unknown,single,dec,179,success,6
1,18,telephone,(null),1,unknown,3196,professional.course,0,unknown,management,unknown,single,dec,179,success,6
0,18,telephone,(null),0,unknown,3266,professional.course,0,unknown,unemployed,unknown,single,nov,170,success,6
1,18,telephone,(null),0,unknown,3266,professional.course,0,unknown,unemployed,unknown,single,nov,170,success,6
0,18,telephone,(null),1,unknown,3196,professional.course,0,unknown,unemployed,unknown,single,jun,185,success,6
1,18,telephone,(null),1,unknown,3196,professional.course,0,unknown,unemployed,unknown,single,jun,185,success,6
0,24,telephone,(null),0,unknown,3344,professional.course,0,unknown,technician,unknown,single,dec,152,success,5
1,24,telephone,(null),0,unknown,3344,professional.course,0,unknown,technician,unknown,single,dec,152,success,5
0,24,telephone,(null),0,unknown,3344,professional.course,0,unknown,technician,unknown,single,dec,136,success,5
1,24,telephone,(null),0,unknown,3344,professional.course,0,unknown,technician,unknown,single,dec,136,success,5
0,25,telephone,(null),0,unknown,3344,professional.course,0,unknown,management,unknown,single,dec,152,success,5
1,25,telephone,(null),0,unknown,3344,professional.course,0,unknown,management,unknown,single,dec,152,success,5
0,24,telephone,fri,1,unknown,3219,illiterate,-1,unknown,self-employed,unknown,married,oct,143,nonexistent,4
1,24,telephone,fri,1,unknown,3219,illiterate,-1,unknown,self-employed,unknown,married,oct,143,nonexistent,4
0,21,telephone,(null),0,unknown,3266,professional.course,0,unknown,unemployed,unknown,single,nov,152,success,6
1,21,telephone,(null),0,unknown,3266,professional.course,0,unknown,unemployed,unknown,single,nov,152,success,6
0,24,telephone,(null),0,unknown,3188,professional.course,0,unknown,technician,unknown,single,jun,152,success,5
1,24,telephone,(null),0,unknown,3188,professional.course,0,unknown,technician,unknown,single,jun,152,success,5
0,25,cellular,wed,0,no,3157,basic.9y,-2,no,student,no,married,may,130,nonexistent,2
1,25,cellular,wed,0,no,3157,basic.9y,-2,no,student,no,married,may,130,nonexistent,2
0,25,telephone,(null),1,unknown,3196,professional.course,0,unknown,management,unknown,single,jun,152,success,6
1,25,telephone,(null),1,unknown,3196,professional.course,0,unknown,management,unknown,single,jun,152,success,6
0,20,cellular,mon,1,no,3048,basic.4y,-3,no,admin.,no,divorced,jul,204,failure,0
1,20,cellular,mon,1,no,3048,basic.4y,-3,no,admin.,no,divorced,jul,204,failure,0
0,20,cellular,tue,0,no,3000,basic.6y,-3,no,blue-collar,no,divorced,feb,206,failure,1
1,20,cellular,tue,0,no,3000,basic.6y,-3,no,blue-collar,no,divorced,feb,206,failure,1
0,23,cellular,mon,0,no,2970,basic.4y,-3,no,admin.,no,divorced,jul,188,failure,0
1,23,cellular,mon,0,no,2970,basic.4y,-3,no,admin.,no,divorced,jul,188,failure,0
0,20,cellular,wed,0,no,2993,basic.9y,-2,no,blue-collar,no,married,aug,190,nonexistent,2
1,20,cellular,wed,0,no,2993,basic.9y,-2,no,blue-collar,no,married,aug,190,nonexistent,2
0,23,cellular,wed,0,no,3071,basic.9y,-2,no,services,no,married,feb,192,nonexistent,2
1,23,cellular,wed,0,no,3071,basic.9y,-2,no,services,no,married,feb,192,nonexistent,2
0,23,cellular,tue,0,no,3000,basic.6y,-3,no,blue-collar,no,divorced,feb,190,failure,1
1,23,cellular,tue,0,no,3000,basic.6y,-3,no,blue-collar,no,divorced,feb,190,failure,1
0,20,cellular,wed,1,no,3016,basic.9y,-2,no,services,no,married,feb,192,nonexistent,2
1,20,cellular,wed,1,no,3016,basic.9y,-2,no,services,no,married,feb,192,nonexistent,2
0,21,telephone,fri,0,unknown,3062,illiterate,-1,unknown,housemaid,unknown,married,apr,196,nonexistent,4
1,21,telephone,fri,0,unknown,3062,illiterate,-1,unknown,housemaid,unknown,married,apr,196,nonexistent,4
0,20,cellular,tue,0,no,2907,basic.6y,-3,no,services,no,divorced,jan,189,failure,1
1,20,cellular,tue,0,no,2907,basic.6y,-3,no,services,no,divorced,jan,189,failure,1
0,20,cellular,wed,0,no,2922,basic.9y,-2,no,entrepreneur,no,married,mar,193,nonexistent,2
1,20,cellular,wed,0,no,2922,basic.9y,-2,no,entrepreneur,no,married,mar,193,nonexistent,2
0,20,cellular,tue,0,no,2829,basic.6y,-3,no,blue-collar,no,divorced,apr,189,failure,1
1,20,cellular,tue,0,no,2829,basic.6y,-3,no,blue-collar,no,divorced,apr,189,failure,1
0,17,cellular,tue,0,no,2977,basic.6y,-3,no,admin.,no,divorced,jul,196,failure,0
1,17,cellular,tue,0,no,2977,basic.6y,-3,no,admin.,no,divorced,jul,196,failure,0
0,14,cellular,tue,1,no,3000,basic.6y,-3,no,blue-collar,no,divorced,oct,189,failure,1
1,14,cellular,tue,1,no,3000,basic.6y,-3,no,blue-collar,no,divorced,oct,189,failure,1
0,14,cellular,wed,0,no,3071,basic.9y,-2,no,blue-collar,no,married,aug,198,nonexistent,2
1,14,cellular,wed,0,no,3071,basic.9y,-2,no,blue-collar,no,married,aug,198,nonexistent,2
0,14,cellular,tue,1,no,2977,basic.6y,-3,no,admin.,no,divorced,jul,196,failure,0
1,14,cellular,tue,1,no,2977,basic.6y,-3,no,admin.,no,divorced,jul,196,failure,0
0,14,cellular,wed,0,no,3016,basic.9y,-2,no,blue-collar,no,married,feb,206,nonexistent,2
1,14,cellular,wed,0,no,3016,basic.9y,-2,no,blue-collar,no,married,feb,206,nonexistent,2
0,14,cellular,tue,1,no,3055,basic.6y,-3,no,self-employed,no,divorced,apr,196,failure,0
1,14,cellular,tue,1,no,3055,basic.6y,-3,no,self-employed,no,divorced,apr,196,failure,0
0,15,cellular,wed,0,no,3078,basic.9y,-2,no,student,no,married,may,190,nonexistent,2
1,15,cellular,wed,0,no,3078,basic.9y,-2,no,student,no,married,may,190,nonexistent,2
0,14,cellular,tue,0,no,2985,basic.6y,-3,no,services,no,divorced,apr,189,failure,1
1,14,cellular,tue,0,no,2985,basic.6y,-3,no,services,no,divorced,apr,189,failure,1
0,15,cellular,wed,0,no,3078,basic.6y,-2,no,student,no,married,feb,198,nonexistent,2
1,15,cellular,wed,0,no,3078,basic.6y,-2,no,student,no,married,feb,198,nonexistent,2
0,16,telephone,thu,1,unknown,3047,high.school,-1,unknown,student,unknown,married,feb,191,nonexistent,3
1,16,telephone,thu,1,unknown,3047,high.school,-1,unknown,student,unknown,married,feb,191,nonexistent,3
0,16,telephone,fri,1,unknown,3062,illiterate,-1,unknown,housemaid,unknown,married,apr,196,nonexistent,4
1,16,telephone,fri,1,unknown,3062,illiterate,-1,unknown,housemaid,unknown,married,apr,196,nonexistent,4
0,14,cellular,mon,0,no,2814,basic.4y,-3,no,admin.,no,divorced,jul,188,failure,0
1,14,cellular,mon,0,no,2814,basic.4y,-3,no,admin.,no,divorced,jul,188,failure,0
0,17,cellular,mon,0,no,2814,basic.4y,-3,no,self-employed,no,divorced,jan,188,failure,0
1,17,cellular,mon,0,no,2814,basic.4y,-3,no,self-employed,no,divorced,jan,188,failure,0
0,17,cellular,wed,1,no,2860,basic.9y,-2,no,blue-collar,no,married,feb,192,nonexistent,2
1,17,cellular,wed,1,no,2860,basic.9y,-2,no,blue-collar,no,married,feb,192,nonexistent,2
0,14,cellular,mon,1,no,2814,basic.4y,-3,no,self-employed,no,divorced,jan,188,failure,0
1,14,cellular,mon,1,no,2814,basic.4y,-3,no,self-employed,no,divorced,jan,188,failure,0
0,14,cellular,tue,0,no,2829,basic.6y,-3,no,blue-collar,no,divorced,apr,189,failure,1
1,14,cellular,tue,0,no,2829,basic.6y,-3,no,blue-collar,no,divorced,apr,189,failure,1
0,15,telephone,thu,0,unknown,2891,high.school,-1,unknown,housemaid,unknown,married,feb,191,nonexistent,3
1,15,telephone,thu,0,unknown,2891,high.school,-1,unknown,housemaid,unknown,married,feb,191,nonexistent,3
0,17,cellular,mon,0,no,2736,basic.4y,-3,no,admin.,no,divorced,apr,188,failure,0
1,17,cellular,mon,0,no,2736,basic.4y,-3,no,admin.,no,divorced,apr,188,failure,0
0,17,cellular,tue,1,no,2751,basic.6y,-3,no,blue-collar,no,divorced,jan,189,failure,1
1,17,cellular,tue,1,no,2751,basic.6y,-3,no,blue-collar,no,divorced,jan,189,failure,1
0,14,cellular,mon,1,no,2736,basic.4y,-3,no,admin.,no,divorced,apr,188,failure,0
1,14,cellular,mon,1,no,2736,basic.4y,-3,no,admin.,no,divorced,apr,188,failure,0
0,14,cellular,tue,1,no,2751,basic.6y,-3,no,blue-collar,no,divorced,jan,189,failure,1
1,14,cellular,tue,1,no,2751,basic.6y,-3,no,blue-collar,no,divorced,jan,189,failure,1
0,22,telephone,thu,1,unknown,3047,high.school,-1,unknown,retired,unknown,married,oct,180,nonexistent,3
1,22,telephone,thu,1,unknown,3047,high.school,-1,unknown,retired,unknown,married,oct,180,nonexistent,3
0,23,cellular,tue,0,no,3063,basic.6y,-3,no,services,no,divorced,jul,159,failure,1
1,23,cellular,tue,0,no,3063,basic.6y,-3,no,services,no,divorced,jul,159,failure,1
0,23,cellular,tue,0,no,3000,basic.6y,-3,no,blue-collar,no,divorced,aug,159,failure,1
1,23,cellular,tue,0,no,3000,basic.6y,-3,no,blue-collar,no,divorced,aug,159,failure,1
0,20,cellular,wed,0,no,3031,basic.9y,-2,no,student,no,married,nov,162,nonexistent,2
1,20,cellular,wed,0,no,3031,basic.9y,-2,no,student,no,married,nov,162,nonexistent,2
0,21,telephone,fri,0,unknown,3101,illiterate,-1,unknown,technician,unknown,married,aug,167,nonexistent,4
1,21,telephone,fri,0,unknown,3101,illiterate,-1,unknown,technician,unknown,married,aug,167,nonexistent,4
0,21,telephone,fri,1,unknown,3101,illiterate,-1,unknown,housemaid,unknown,married,nov,167,nonexistent,4
1,21,telephone,fri,1,unknown,3101,illiterate,-1,unknown,housemaid,unknown,married,nov,167,nonexistent,4
0,21,telephone,fri,0,unknown,3016,illiterate,-1,unknown,housemaid,unknown,married,nov,165,nonexistent,4
1,21,telephone,fri,0,unknown,3016,illiterate,-1,unknown,housemaid,unknown,married,nov,165,nonexistent,4
0,21,telephone,(null),1,unknown,3031,professional.course,0,unknown,management,unknown,single,sep,170,success,5
1,21,telephone,(null),1,unknown,3031,professional.course,0,unknown,management,unknown,single,sep,170,success,5
0,21,telephone,(null),1,unknown,3039,professional.course,0,unknown,management,unknown,single,sep,163,success,6
1,21,telephone,(null),1,unknown,3039,professional.course,0,unknown,management,unknown,single,sep,163,success,6
0,24,telephone,thu,0,unknown,3047,high.school,-1,unknown,retired,unknown,married,apr,180,nonexistent,3
1,24,telephone,thu,0,unknown,3047,high.school,-1,unknown,retired,unknown,married,apr,180,nonexistent,3
0,21,telephone,(null),1,unknown,3093,professional.course,0,unknown,student,unknown,single,may,184,success,5
1,21,telephone,(null),1,unknown,3093,professional.course,0,unknown,student,unknown,single,may,184,success,5
0,24,telephone,fri,0,unknown,3062,illiterate,-1,unknown,self-employed,unknown,married,apr,165,nonexistent,4
1,24,telephone,fri,0,unknown,3062,illiterate,-1,unknown,self-employed,unknown,married,apr,165,nonexistent,4
0,21,telephone,(null),1,unknown,3109,professional.course,0,unknown,unemployed,unknown,single,jun,170,success,6
1,21,telephone,(null),1,unknown,3109,professional.course,0,unknown,unemployed,unknown,single,jun,170,success,6
0,20,cellular,tue,0,no,2829,basic.6y,-3,no,self-employed,no,divorced,jul,174,failure,0
1,20,cellular,tue,0,no,2829,basic.6y,-3,no,self-employed,no,divorced,jul,174,failure,0
0,20,cellular,tue,1,no,2907,basic.6y,-3,no,blue-collar,no,divorced,oct,182,failure,1
1,20,cellular,tue,1,no,2907,basic.6y,-3,no,blue-collar,no,divorced,oct,182,failure,1
0,20,cellular,wed,0,no,2837,basic.9y,-2,no,blue-collar,no,married,nov,175,nonexistent,2
1,20,cellular,wed,0,no,2837,basic.9y,-2,no,blue-collar,no,married,nov,175,nonexistent,2
0,21,telephone,thu,1,unknown,2852,high.school,-1,unknown,housemaid,unknown,married,aug,176,nonexistent,3
1,21,telephone,thu,1,unknown,2852,high.school,-1,unknown,housemaid,unknown,married,aug,176,nonexistent,3
0,21,telephone,thu,0,unknown,2852,high.school,-1,unknown,student,unknown,married,aug,160,nonexistent,3
1,21,telephone,thu,0,unknown,2852,high.school,-1,unknown,student,unknown,married,aug,160,nonexistent,3
0,21,telephone,thu,0,unknown,2852,high.school,-1,unknown,housemaid,unknown,married,nov,160,nonexistent,3
1,21,telephone,thu,0,unknown,2852,high.school,-1,unknown,housemaid,unknown,married,nov,160,nonexistent,3
0,21,telephone,fri,0,unknown,2867,illiterate,-1,unknown,housemaid,unknown,married,aug,167,nonexistent,4
1,21,telephone,fri,0,unknown,2867,illiterate,-1,unknown,housemaid,unknown,married,aug,167,nonexistent,4
0,23,cellular,mon,0,no,2892,basic.4y,-3,no,self-employed,no,divorced,jan,173,failure,0
1,23,cellular,mon,0,no,2892,basic.4y,-3,no,self-employed,no,divorced,jan,173,failure,0
0,23,cellular,tue,0,no,2907,basic.6y,-3,no,blue-collar,no,divorced,feb,175,failure,1
1,23,cellular,tue,0,no,2907,basic.6y,-3,no,blue-collar,no,divorced,feb,175,failure,1
0,21,telephone,thu,0,unknown,2930,high.school,-1,unknown,student,unknown,married,apr,180,nonexistent,3
1,21,telephone,thu,0,unknown,2930,high.school,-1,unknown,student,unknown,married,apr,180,nonexistent,3
0,21,telephone,fri,1,unknown,2945,illiterate,-1,unknown,housemaid,unknown,married,may,182,nonexistent,4
1,21,telephone,fri,1,unknown,2945,illiterate,-1,unknown,housemaid,unknown,married,may,182,nonexistent,4
0,21,telephone,fri,1,unknown,2867,illiterate,-1,unknown,housemaid,unknown,married,may,177,nonexistent,4
1,21,telephone,fri,1,unknown,2867,illiterate,-1,unknown,housemaid,unknown,married,may,177,nonexistent,4
0,23,cellular,tue,0,no,2844,basic.6y,-3,no,entrepreneur,no,divorced,feb,159,failure,1
1,23,cellular,tue,0,no,2844,basic.6y,-3,no,entrepreneur,no,divorced,feb,159,failure,1
0,21,telephone,(null),0,unknown,2875,professional.course,0,unknown,technician,unknown,single,may,162,success,5
1,21,telephone,(null),0,unknown,2875,professional.course,0,unknown,technician,unknown,single,may,162,success,5
0,21,telephone,(null),1,unknown,2883,professional.course,0,unknown,management,unknown,single,jun,170,success,6
1,21,telephone,(null),1,unknown,2883,professional.course,0,unknown,management,unknown,single,jun,170,success,6
0,15,cellular,wed,1,no,3031,basic.9y,-2,no,student,no,married,sep,178,nonexistent,2
1,15,cellular,wed,1,no,3031,basic.9y,-2,no,student,no,married,sep,178,nonexistent,2
0,17,telephone,fri,0,unknown,3078,illiterate,-1,unknown,housemaid,unknown,married,oct,182,nonexistent,4
1,17,telephone,fri,0,unknown,3078,illiterate,-1,unknown,housemaid,unknown,married,oct,182,nonexistent,4
0,18,telephone,fri,0,unknown,3062,illiterate,-1,unknown,student,unknown,married,nov,165,nonexistent,4
1,18,telephone,fri,0,unknown,3062,illiterate,-1,unknown,student,unknown,married,nov,165,nonexistent,4
0,15,telephone,fri,0,unknown,3016,illiterate,-1,unknown,student,unknown,married,nov,169,nonexistent,4
1,15,telephone,fri,0,unknown,3016,illiterate,-1,unknown,student,unknown,married,nov,169,nonexistent,4
0,15,telephone,(null),0,unknown,3117,professional.course,0,unknown,unemployed,unknown,single,dec,163,success,6
1,15,telephone,(null),0,unknown,3117,professional.course,0,unknown,unemployed,unknown,single,dec,163,success,6
0,15,telephone,(null),1,unknown,3031,professional.course,0,unknown,technician,unknown,single,sep,170,success,5
1,15,telephone,(null),1,unknown,3031,professional.course,0,unknown,technician,unknown,single,sep,170,success,5
0,18,telephone,(null),1,unknown,3109,professional.course,0,unknown,management,unknown,single,nov,170,success,6
1,18,telephone,(null),1,unknown,3109,professional.course,0,unknown,management,unknown,single,nov,170,success,6
0,17,cellular,tue,0,no,2899,basic.6y,-3,no,self-employed,no,divorced,oct,173,failure,0
1,17,cellular,tue,0,no,2899,basic.6y,-3,no,self-employed,no,divorced,oct,173,failure,0
0,17,cellular,tue,0,no,2829,basic.6y,-3,no,self-employed,no,divorced,jul,174,failure,0
1,17,cellular,tue,0,no,2829,basic.6y,-3,no,self-employed,no,divorced,jul,174,failure,0
0,17,cellular,wed,0,no,2875,basic.9y,-2,no,entrepreneur,no,married,sep,178,nonexistent,2
1,17,cellular,wed,0,no,2875,basic.9y,-2,no,entrepreneur,no,married,sep,178,nonexistent,2
0,14,cellular,tue,0,no,2899,basic.6y,-3,no,self-employed,no,divorced,oct,173,failure,0
1,14,cellular,tue,0,no,2899,basic.6y,-3,no,self-employed,no,divorced,oct,173,failure,0
0,14,cellular,tue,1,no,2829,basic.6y,-3,no,self-employed,no,divorced,jul,174,failure,0
1,14,cellular,tue,1,no,2829,basic.6y,-3,no,self-employed,no,divorced,jul,174,failure,0
0,14,cellular,wed,0,no,2875,basic.9y,-2,no,entrepreneur,no,married,sep,178,nonexistent,2
1,14,cellular,wed,0,no,2875,basic.9y,-2,no,entrepreneur,no,married,sep,178,nonexistent,2
0,17,cellular,wed,1,no,2922,basic.9y,-2,no,student,no,married,nov,162,nonexistent,2
1,17,cellular,wed,1,no,2922,basic.9y,-2,no,student,no,married,nov,162,nonexistent,2
0,17,cellular,wed,0,no,2837,basic.9y,-2,no,services,no,married,nov,161,nonexistent,2
1,17,cellular,wed,0,no,2837,basic.9y,-2,no,services,no,married,nov,161,nonexistent,2
0,18,telephone,fri,0,unknown,2906,illiterate,-1,unknown,student,unknown,married,aug,165,nonexistent,4
1,18,telephone,fri,0,unknown,2906,illiterate,-1,unknown,student,unknown,married,aug,165,nonexistent,4
0,15,telephone,thu,0,unknown,2891,high.school,-1,unknown,student,unknown,married,aug,168,nonexistent,3
1,15,telephone,thu,0,unknown,2891,high.school,-1,unknown,student,unknown,married,aug,168,nonexistent,3
0,18,telephone,fri,0,unknown,2922,illiterate,-1,unknown,housemaid,unknown,married,oct,167,nonexistent,4
1,18,telephone,fri,0,unknown,2922,illiterate,-1,unknown,housemaid,unknown,married,oct,167,nonexistent,4
0,15,telephone,fri,0,unknown,2922,illiterate,-1,unknown,housemaid,unknown,married,nov,169,nonexistent,4
1,15,telephone,fri,0,unknown,2922,illiterate,-1,unknown,housemaid,unknown,married,nov,169,nonexistent,4
0,15,telephone,(null),0,unknown,2953,professional.course,0,unknown,management,unknown,single,dec,163,success,6
1,15,telephone,(null),0,unknown,2953,professional.course,0,unknown,management,unknown,single,dec,163,success,6
0,17,telephone,fri,0,unknown,3078,illiterate,-1,unknown,technician,unknown,married,may,182,nonexistent,4
1,17,telephone,fri,0,unknown,3078,illiterate,-1,unknown,technician,unknown,married,may,182,nonexistent,4
0,18,telephone,(null),0,unknown,3109,professional.course,0,unknown,unemployed,unknown,single,mar,185,success,6
1,18,telephone,(null),0,unknown,3109,professional.course,0,unknown,unemployed,unknown,single,mar,185,success,6
0,17,telephone,(null),0,unknown,3031,professional.course,0,unknown,retired,unknown,single,jun,185,success,5
1,17,telephone,(null),0,unknown,3031,professional.course,0,unknown,retired,unknown,single,jun,185,success,5
0,17,cellular,wed,1,no,2860,basic.9y,-2,no,services,no,married,may,177,nonexistent,2
1,17,cellular,wed,1,no,2860,basic.9y,-2,no,services,no,married,may,177,nonexistent,2
0,18,telephone,fri,0,unknown,2867,illiterate,-1,unknown,housemaid,unknown,married,may,177,nonexistent,4
1,18,telephone,fri,0,unknown,2867,illiterate,-1,unknown,housemaid,unknown,married,may,177,nonexistent,4
0,18,telephone,(null),0,unknown,2883,professional.course,0,unknown,management,unknown,single,mar,179,success,6
1,18,telephone,(null),0,unknown,2883,professional.course,0,unknown,management,unknown,single,mar,179,success,6
0,14,cellular,wed,1,no,2875,basic.9y,-2,no,student,no,married,may,175,nonexistent,2
1,14,cellular,wed,1,no,2875,basic.9y,-2,no,student,no,married,may,175,nonexistent,2
0,15,telephone,fri,0,unknown,2867,illiterate,-1,unknown,housemaid,unknown,married,may,177,nonexistent,4
1,15,telephone,fri,0,unknown,2867,illiterate,-1,unknown,housemaid,unknown,married,may,177,nonexistent,4
0,15,telephone,(null),1,unknown,2937,professional.course,0,unknown,management,unknown,single,mar,185,success,5
1,15,telephone,(null),1,unknown,2937,professional.course,0,unknown,management,unknown,single,mar,185,success,5
0,15,telephone,(null),0,unknown,2883,professional.course,0,unknown,management,unknown,single,mar,179,success,6
1,15,telephone,(null),0,unknown,2883,professional.course,0,unknown,management,unknown,single,mar,179,success,6
0,18,telephone,fri,0,unknown,2867,illiterate,-1,unknown,technician,unknown,married,may,167,nonexistent,4
1,18,telephone,fri,0,unknown,2867,illiterate,-1,unknown,technician,unknown,married,may,167,nonexistent,4
0,15,telephone,(null),1,unknown,2883,professional.course,0,unknown,unemployed,unknown,single,jun,163,success,6
1,15,telephone,(null),1,unknown,2883,professional.course,0,unknown,unemployed,unknown,single,jun,163,success,6
0,23,cellular,mon,0,no,2970,basic.4y,-3,no,self-employed,no,divorced,jul,141,failure,0
1,23,cellular,mon,0,no,2970,basic.4y,-3,no,self-employed,no,divorced,jul,141,failure,0
0,21,telephone,fri,0,unknown,3062,illiterate,-1,unknown,student,unknown,married,nov,149,nonexistent,4
1,21,telephone,fri,0,unknown,3062,illiterate,-1,unknown,student,unknown,married,nov,149,nonexistent,4
0,20,telephone,(null),1,unknown,3031,professional.course,0,unknown,technician,unknown,single,sep,152,success,5
1,20,telephone,(null),1,unknown,3031,professional.course,0,unknown,technician,unknown,single,sep,152,success,5
0,23,cellular,tue,1,no,3000,basic.6y,-3,no,blue-collar,no,divorced,aug,143,failure,1
1,23,cellular,tue,1,no,3000,basic.6y,-3,no,blue-collar,no,divorced,aug,143,failure,1
0,21,telephone,(null),0,unknown,3109,professional.course,0,unknown,management,unknown,single,nov,154,success,6
1,21,telephone,(null),0,unknown,3109,professional.course,0,unknown,management,unknown,single,nov,154,success,6
0,22,telephone,fri,0,unknown,3062,illiterate,-1,unknown,self-employed,unknown,married,oct,133,nonexistent,4
1,22,telephone,fri,0,unknown,3062,illiterate,-1,unknown,self-employed,unknown,married,oct,133,nonexistent,4
0,24,telephone,fri,0,unknown,3062,illiterate,-1,unknown,student,unknown,married,apr,143,nonexistent,4
1,24,telephone,fri,0,unknown,3062,illiterate,-1,unknown,student,unknown,married,apr,143,nonexistent,4
0,24,telephone,(null),0,unknown,3093,professional.course,0,unknown,management,unknown,single,may,149,success,5
1,24,telephone,(null),0,unknown,3093,professional.course,0,unknown,management,unknown,single,may,149,success,5
0,23,cellular,mon,0,no,2892,basic.4y,-3,no,admin.,no,divorced,jul,141,failure,0
1,23,cellular,mon,0,no,2892,basic.4y,-3,no,admin.,no,divorced,jul,141,failure,0
0,20,cellular,wed,1,no,2875,basic.9y,-2,no,student,no,married,nov,146,nonexistent,2
1,20,cellular,wed,1,no,2875,basic.9y,-2,no,student,no,married,nov,146,nonexistent,2
0,21,telephone,fri,1,unknown,2922,illiterate,-1,unknown,technician,unknown,married,aug,151,nonexistent,4
1,21,telephone,fri,1,unknown,2922,illiterate,-1,unknown,technician,unknown,married,aug,151,nonexistent,4
0,21,telephone,fri,1,unknown,2922,illiterate,-1,unknown,housemaid,unknown,married,nov,151,nonexistent,4
1,21,telephone,fri,1,unknown,2922,illiterate,-1,unknown,housemaid,unknown,married,nov,151,nonexistent,4
0,21,telephone,(null),0,unknown,2875,professional.course,0,unknown,management,unknown,single,sep,152,success,5
1,21,telephone,(null),0,unknown,2875,professional.course,0,unknown,management,unknown,single,sep,152,success,5
0,23,cellular,tue,0,no,2899,basic.6y,-3,no,admin.,no,divorced,jul,126,failure,0
1,23,cellular,tue,0,no,2899,basic.6y,-3,no,admin.,no,divorced,jul,126,failure,0
0,21,telephone,fri,0,unknown,2922,illiterate,-1,unknown,services,unknown,married,oct,135,nonexistent,4
1,21,telephone,fri,0,unknown,2922,illiterate,-1,unknown,services,unknown,married,oct,135,nonexistent,4
0,22,telephone,fri,0,unknown,2906,illiterate,-1,unknown,self-employed,unknown,married,apr,149,nonexistent,4
1,22,telephone,fri,0,unknown,2906,illiterate,-1,unknown,self-employed,unknown,married,apr,149,nonexistent,4
0,22,telephone,fri,1,unknown,2906,illiterate,-1,unknown,self-employed,unknown,married,apr,133,nonexistent,4
1,22,telephone,fri,1,unknown,2906,illiterate,-1,unknown,self-employed,unknown,married,apr,133,nonexistent,4
0,17,telephone,(null),1,unknown,3093,professional.course,0,unknown,technician,unknown,single,dec,154,success,5
1,17,telephone,(null),1,unknown,3093,professional.course,0,unknown,technician,unknown,single,dec,154,success,5
0,18,telephone,(null),1,unknown,3109,professional.course,0,unknown,unemployed,unknown,single,dec,147,success,6
1,18,telephone,(null),1,unknown,3109,professional.course,0,unknown,unemployed,unknown,single,dec,147,success,6
0,18,telephone,(null),0,unknown,3039,professional.course,0,unknown,unemployed,unknown,single,dec,138,success,6
1,18,telephone,(null),0,unknown,3039,professional.course,0,unknown,unemployed,unknown,single,dec,138,success,6
0,18,telephone,fri,0,unknown,2938,illiterate,-1,unknown,student,unknown,married,nov,149,nonexistent,4
1,18,telephone,fri,0,unknown,2938,illiterate,-1,unknown,student,unknown,married,nov,149,nonexistent,4
0,18,telephone,(null),0,unknown,2937,professional.course,0,unknown,technician,unknown,single,sep,152,success,5
1,18,telephone,(null),0,unknown,2937,professional.course,0,unknown,technician,unknown,single,sep,152,success,5
0,15,telephone,(null),0,unknown,2937,professional.course,0,unknown,technician,unknown,single,nov,152,success,5
1,15,telephone,(null),0,unknown,2937,professional.course,0,unknown,technician,unknown,single,nov,152,success,5
0,18,telephone,(null),1,unknown,2953,professional.course,0,unknown,retired,unknown,single,dec,152,success,5
1,18,telephone,(null),1,unknown,2953,professional.course,0,unknown,retired,unknown,single,dec,152,success,5
0,18,telephone,fri,0,unknown,2867,illiterate,-1,unknown,housemaid,unknown,married,nov,153,nonexistent,4
1,18,telephone,fri,0,unknown,2867,illiterate,-1,unknown,housemaid,unknown,married,nov,153,nonexistent,4
0,18,telephone,(null),0,unknown,2875,professional.course,0,unknown,management,unknown,single,dec,146,success,5
1,18,telephone,(null),0,unknown,2875,professional.course,0,unknown,management,unknown,single,dec,146,success,5
0,15,telephone,(null),0,unknown,2883,professional.course,0,unknown,management,unknown,single,dec,155,success,6
1,15,telephone,(null),0,unknown,2883,professional.course,0,unknown,management,unknown,single,dec,155,success,6
0,18,telephone,(null),0,unknown,2937,professional.course,0,unknown,technician,unknown,single,nov,136,success,5
1,18,telephone,(null),0,unknown,2937,professional.course,0,unknown,technician,unknown,single,nov,136,success,5
0,18,telephone,(null),0,unknown,2883,professional.course,0,unknown,management,unknown,single,dec,138,success,6
1,18,telephone,(null),0,unknown,2883,professional.course,0,unknown,management,unknown,single,dec,138,success,6
0,20,cellular,tue,0,no,2688,basic.6y,-3,no,entrepreneur,no,divorced,aug,162,failure,1
1,20,cellular,tue,0,no,2688,basic.6y,-3,no,entrepreneur,no,divorced,aug,162,failure,1
0,20,cellular,tue,1,no,2673,basic.6y,-3,no,blue-collar,no,divorced,jan,174,failure,0
1,20,cellular,tue,1,no,2673,basic.6y,-3,no,blue-collar,no,divorced,jan,174,failure,0
0,21,telephone,fri,0,unknown,2750,illiterate,-1,unknown,self-employed,unknown,married,apr,165,nonexistent,4
1,21,telephone,fri,0,unknown,2750,illiterate,-1,unknown,self-employed,unknown,married,apr,165,nonexistent,4
0,20,cellular,mon,0,no,2580,basic.4y,-3,no,admin.,no,divorced,jul,157,failure,0
1,20,cellular,mon,0,no,2580,basic.4y,-3,no,admin.,no,divorced,jul,157,failure,0
0,20,cellular,tue,0,no,2587,basic.6y,-3,no,self-employed,no,divorced,jan,158,failure,0
1,20,cellular,tue,0,no,2587,basic.6y,-3,no,self-employed,no,divorced,jan,158,failure,0
0,20,cellular,mon,0,no,2580,basic.4y,-3,no,admin.,no,divorced,jan,165,failure,0
1,20,cellular,mon,0,no,2580,basic.4y,-3,no,admin.,no,divorced,jan,165,failure,0
0,20,cellular,wed,1,no,2603,basic.9y,-2,no,blue-collar,no,married,feb,159,nonexistent,2
1,20,cellular,wed,1,no,2603,basic.9y,-2,no,blue-collar,no,married,feb,159,nonexistent,2
0,20,cellular,tue,0,no,2673,basic.6y,-3,no,self-employed,no,divorced,jul,142,failure,0
1,20,cellular,tue,0,no,2673,basic.6y,-3,no,self-employed,no,divorced,jul,142,failure,0
0,20,cellular,wed,0,no,2704,basic.9y,-2,no,blue-collar,no,married,aug,145,nonexistent,2
1,20,cellular,wed,0,no,2704,basic.9y,-2,no,blue-collar,no,married,aug,145,nonexistent,2
0,20,cellular,wed,0,no,2704,basic.9y,-2,no,housemaid,no,married,aug,129,nonexistent,2
1,20,cellular,wed,0,no,2704,basic.9y,-2,no,housemaid,no,married,aug,129,nonexistent,2
0,23,cellular,mon,1,no,2736,basic.4y,-3,no,admin.,no,divorced,jan,141,failure,0
1,23,cellular,mon,1,no,2736,basic.4y,-3,no,admin.,no,divorced,jan,141,failure,0
0,21,telephone,fri,0,unknown,2766,illiterate,-1,unknown,services,unknown,married,apr,151,nonexistent,4
1,21,telephone,fri,0,unknown,2766,illiterate,-1,unknown,services,unknown,married,apr,151,nonexistent,4
0,21,cellular,wed,0,no,2719,basic.9y,-2,no,management,no,married,mar,130,nonexistent,2
1,21,cellular,wed,0,no,2719,basic.9y,-2,no,management,no,married,mar,130,nonexistent,2
0,20,cellular,mon,1,no,2580,basic.4y,-3,no,admin.,no,divorced,jul,149,failure,0
1,20,cellular,mon,1,no,2580,basic.4y,-3,no,admin.,no,divorced,jul,149,failure,0
0,20,cellular,tue,0,no,2587,basic.6y,-3,no,admin.,no,divorced,jul,141,failure,0
1,20,cellular,tue,0,no,2587,basic.6y,-3,no,admin.,no,divorced,jul,141,failure,0
0,20,cellular,tue,0,no,2587,basic.6y,-3,no,admin.,no,divorced,jul,126,failure,0
1,20,cellular,tue,0,no,2587,basic.6y,-3,no,admin.,no,divorced,jul,126,failure,0
0,20,cellular,wed,0,no,2547,basic.9y,-2,no,housemaid,no,married,feb,134,nonexistent,2
1,20,cellular,wed,0,no,2547,basic.9y,-2,no,housemaid,no,married,feb,134,nonexistent,2
0,17,cellular,tue,0,no,2743,basic.6y,-3,no,admin.,no,divorced,oct,173,failure,0
1,17,cellular,tue,0,no,2743,basic.6y,-3,no,admin.,no,divorced,oct,173,failure,0
0,17,cellular,wed,1,no,2759,basic.9y,-2,no,blue-collar,no,married,aug,175,nonexistent,2
1,17,cellular,wed,1,no,2759,basic.9y,-2,no,blue-collar,no,married,aug,175,nonexistent,2
0,17,cellular,tue,0,no,2665,basic.6y,-3,no,admin.,no,divorced,jul,174,failure,0
1,17,cellular,tue,0,no,2665,basic.6y,-3,no,admin.,no,divorced,jul,174,failure,0
0,14,cellular,tue,0,no,2673,basic.6y,-3,no,admin.,no,divorced,jul,174,failure,0
1,14,cellular,tue,0,no,2673,basic.6y,-3,no,admin.,no,divorced,jul,174,failure,0
0,17,cellular,wed,1,no,2719,basic.9y,-2,no,management,no,married,sep,162,nonexistent,2
1,17,cellular,wed,1,no,2719,basic.9y,-2,no,management,no,married,sep,162,nonexistent,2
0,14,cellular,mon,0,no,2658,basic.4y,-3,no,self-employed,no,divorced,jul,165,failure,0
1,14,cellular,mon,0,no,2658,basic.4y,-3,no,self-employed,no,divorced,jul,165,failure,0
0,15,telephone,(null),1,unknown,2781,professional.course,0,unknown,management,unknown,single,sep,162,success,5
1,15,telephone,(null),1,unknown,2781,professional.course,0,unknown,management,unknown,single,sep,162,success,5
0,17,cellular,tue,1,no,2673,basic.6y,-3,no,self-employed,no,divorced,jan,174,failure,0
1,17,cellular,tue,1,no,2673,basic.6y,-3,no,self-employed,no,divorced,jan,174,failure,0
0,17,cellular,wed,1,no,2766,basic.9y,-2,no,entrepreneur,no,married,may,178,nonexistent,2
1,17,cellular,wed,1,no,2766,basic.9y,-2,no,entrepreneur,no,married,may,178,nonexistent,2
0,18,telephone,fri,1,unknown,2789,illiterate,-1,unknown,housemaid,unknown,married,feb,177,nonexistent,4
1,18,telephone,fri,1,unknown,2789,illiterate,-1,unknown,housemaid,unknown,married,feb,177,nonexistent,4
0,14,cellular,tue,1,no,2743,basic.6y,-3,no,self-employed,no,divorced,apr,174,failure,0
1,14,cellular,tue,1,no,2743,basic.6y,-3,no,self-employed,no,divorced,apr,174,failure,0
0,14,cellular,wed,1,no,2704,basic.9y,-2,no,blue-collar,no,married,may,177,nonexistent,2
1,14,cellular,wed,1,no,2704,basic.9y,-2,no,blue-collar,no,married,may,177,nonexistent,2
0,15,telephone,thu,0,unknown,2735,high.school,-1,unknown,housemaid,unknown,married,feb,180,nonexistent,3
1,15,telephone,thu,0,unknown,2735,high.school,-1,unknown,housemaid,unknown,married,feb,180,nonexistent,3
0,18,telephone,fri,1,unknown,2782,illiterate,-1,unknown,student,unknown,married,apr,165,nonexistent,4
1,18,telephone,fri,1,unknown,2782,illiterate,-1,unknown,student,unknown,married,apr,165,nonexistent,4
0,17,cellular,tue,1,no,2673,basic.6y,-3,no,services,no,divorced,apr,166,failure,1
1,17,cellular,tue,1,no,2673,basic.6y,-3,no,services,no,divorced,apr,166,failure,1
0,18,telephone,thu,0,unknown,2696,high.school,-1,unknown,student,unknown,married,may,160,nonexistent,3
1,18,telephone,thu,0,unknown,2696,high.school,-1,unknown,student,unknown,married,may,160,nonexistent,3
0,18,telephone,fri,1,unknown,2711,illiterate,-1,unknown,technician,unknown,married,feb,161,nonexistent,4
1,18,telephone,fri,1,unknown,2711,illiterate,-1,unknown,technician,unknown,married,feb,161,nonexistent,4
0,15,telephone,fri,0,unknown,2789,illiterate,-1,unknown,technician,unknown,married,may,161,nonexistent,4
1,15,telephone,fri,0,unknown,2789,illiterate,-1,unknown,technician,unknown,married,may,161,nonexistent,4
0,15,telephone,thu,0,unknown,2696,high.school,-1,unknown,student,unknown,married,may,160,nonexistent,3
1,15,telephone,thu,0,unknown,2696,high.school,-1,unknown,student,unknown,married,may,160,nonexistent,3
0,15,telephone,(null),0,unknown,2797,professional.course,0,unknown,unemployed,unknown,single,mar,163,success,6
1,15,telephone,(null),0,unknown,2797,professional.course,0,unknown,unemployed,unknown,single,mar,163,success,6
0,15,telephone,(null),0,unknown,2781,professional.course,0,unknown,management,unknown,single,jun,168,success,5
1,15,telephone,(null),0,unknown,2781,professional.course,0,unknown,management,unknown,single,jun,168,success,5
0,15,telephone,(null),0,unknown,2719,professional.course,0,unknown,management,unknown,single,mar,170,success,5
1,15,telephone,(null),0,unknown,2719,professional.course,0,unknown,management,unknown,single,mar,170,success,5
0,17,cellular,mon,0,no,2580,basic.4y,-3,no,admin.,no,divorced,oct,165,failure,0
1,17,cellular,mon,0,no,2580,basic.4y,-3,no,admin.,no,divorced,oct,165,failure,0
0,17,cellular,tue,0,no,2595,basic.6y,-3,no,blue-collar,no,divorced,jul,166,failure,1
1,17,cellular,tue,0,no,2595,basic.6y,-3,no,blue-collar,no,divorced,jul,166,failure,1
0,17,cellular,mon,1,no,2501,basic.4y,-3,no,admin.,no,divorced,jul,165,failure,0
1,17,cellular,mon,1,no,2501,basic.4y,-3,no,admin.,no,divorced,jul,165,failure,0
0,14,cellular,mon,0,no,2580,basic.4y,-3,no,admin.,no,divorced,oct,165,failure,0
1,14,cellular,mon,0,no,2580,basic.4y,-3,no,admin.,no,divorced,oct,165,failure,0
0,14,cellular,tue,0,no,2595,basic.6y,-3,no,blue-collar,no,divorced,jul,166,failure,1
1,14,cellular,tue,0,no,2595,basic.6y,-3,no,blue-collar,no,divorced,jul,166,failure,1
0,14,cellular,mon,1,no,2501,basic.4y,-3,no,admin.,no,divorced,jul,165,failure,0
1,14,cellular,mon,1,no,2501,basic.4y,-3,no,admin.,no,divorced,jul,165,failure,0
0,17,cellular,tue,0,no,2516,basic.6y,-3,no,blue-collar,no,divorced,jan,174,failure,0
1,17,cellular,tue,0,no,2516,basic.6y,-3,no,blue-collar,no,divorced,jan,174,failure,0
0,14,cellular,tue,0,no,2508,basic.6y,-3,no,admin.,no,divorced,jan,174,failure,0
1,14,cellular,tue,0,no,2508,basic.6y,-3,no,admin.,no,divorced,jan,174,failure,0
0,17,cellular,mon,1,no,2580,basic.4y,-3,no,self-employed,no,divorced,apr,165,failure,0
1,17,cellular,mon,1,no,2580,basic.4y,-3,no,self-employed,no,divorced,apr,165,failure,0
0,17,cellular,wed,0,no,2603,basic.9y,-2,no,services,no,married,may,159,nonexistent,2
1,17,cellular,wed,0,no,2603,basic.9y,-2,no,services,no,married,may,159,nonexistent,2
0,18,telephone,thu,1,unknown,2618,high.school,-1,unknown,student,unknown,married,feb,160,nonexistent,3
1,18,telephone,thu,1,unknown,2618,high.school,-1,unknown,student,unknown,married,feb,160,nonexistent,3
0,17,cellular,tue,0,no,2516,basic.6y,-3,no,services,no,divorced,feb,159,failure,1
1,17,cellular,tue,0,no,2516,basic.6y,-3,no,services,no,divorced,feb,159,failure,1
0,18,telephone,thu,0,unknown,2618,high.school,-1,unknown,housemaid,unknown,married,apr,168,nonexistent,3
1,18,telephone,thu,0,unknown,2618,high.school,-1,unknown,housemaid,unknown,married,apr,168,nonexistent,3
0,17,cellular,tue,1,no,2516,basic.6y,-3,no,blue-collar,no,divorced,apr,166,failure,1
1,17,cellular,tue,1,no,2516,basic.6y,-3,no,blue-collar,no,divorced,apr,166,failure,1
0,17,cellular,wed,1,no,2532,basic.9y,-2,no,entrepreneur,no,married,feb,167,nonexistent,2
1,17,cellular,wed,1,no,2532,basic.9y,-2,no,entrepreneur,no,married,feb,167,nonexistent,2
0,14,cellular,mon,1,no,2580,basic.4y,-3,no,self-employed,no,divorced,apr,165,failure,0
1,14,cellular,mon,1,no,2580,basic.4y,-3,no,self-employed,no,divorced,apr,165,failure,0
0,14,cellular,wed,0,no,2603,basic.9y,-2,no,services,no,married,may,159,nonexistent,2
1,14,cellular,wed,0,no,2603,basic.9y,-2,no,services,no,married,may,159,nonexistent,2
0,14,cellular,wed,0,no,2610,basic.9y,-2,no,student,no,married,feb,162,nonexistent,2
1,14,cellular,wed,0,no,2610,basic.9y,-2,no,student,no,married,feb,162,nonexistent,2
0,14,cellular,tue,1,no,2516,basic.6y,-3,no,services,no,divorced,feb,159,failure,1
1,14,cellular,tue,1,no,2516,basic.6y,-3,no,services,no,divorced,feb,159,failure,1
0,14,cellular,wed,1,no,2610,basic.9y,-2,no,entrepreneur,no,married,may,167,nonexistent,2
1,14,cellular,wed,1,no,2610,basic.9y,-2,no,entrepreneur,no,married,may,167,nonexistent,2
0,15,telephone,fri,0,unknown,2594,illiterate,-1,unknown,housemaid,unknown,married,may,161,nonexistent,4
1,15,telephone,fri,0,unknown,2594,illiterate,-1,unknown,housemaid,unknown,married,may,161,nonexistent,4
0,15,telephone,thu,1,unknown,2579,high.school,-1,unknown,housemaid,unknown,married,feb,168,nonexistent,3
1,15,telephone,thu,1,unknown,2579,high.school,-1,unknown,housemaid,unknown,married,feb,168,nonexistent,3
0,16,telephone,fri,0,unknown,2750,illiterate,-1,unknown,self-employed,unknown,married,oct,149,nonexistent,4
1,16,telephone,fri,0,unknown,2750,illiterate,-1,unknown,self-employed,unknown,married,oct,149,nonexistent,4
0,18,telephone,fri,0,unknown,2750,illiterate,-1,unknown,student,unknown,married,oct,133,nonexistent,4
1,18,telephone,fri,0,unknown,2750,illiterate,-1,unknown,student,unknown,married,oct,133,nonexistent,4
0,15,telephone,fri,0,unknown,2766,illiterate,-1,unknown,technician,unknown,married,nov,135,nonexistent,4
1,15,telephone,fri,0,unknown,2766,illiterate,-1,unknown,technician,unknown,married,nov,135,nonexistent,4
0,18,telephone,(null),0,unknown,2797,professional.course,0,unknown,management,unknown,single,dec,136,success,5
1,18,telephone,(null),0,unknown,2797,professional.course,0,unknown,management,unknown,single,dec,136,success,5
0,18,telephone,fri,0,unknown,2711,illiterate,-1,unknown,housemaid,unknown,married,nov,135,nonexistent,4
1,18,telephone,fri,0,unknown,2711,illiterate,-1,unknown,housemaid,unknown,married,nov,135,nonexistent,4
0,19,telephone,(null),0,unknown,2727,professional.course,0,unknown,management,unknown,single,sep,138,success,6
1,19,telephone,(null),0,unknown,2727,professional.course,0,unknown,management,unknown,single,sep,138,success,6
0,18,telephone,(null),0,unknown,2797,professional.course,0,unknown,technician,unknown,single,may,154,success,6
1,18,telephone,(null),0,unknown,2797,professional.course,0,unknown,technician,unknown,single,may,154,success,6
0,18,telephone,(null),0,unknown,2727,professional.course,0,unknown,unemployed,unknown,single,jun,138,success,6
1,18,telephone,(null),0,unknown,2727,professional.course,0,unknown,unemployed,unknown,single,jun,138,success,6
0,17,cellular,wed,0,no,2547,basic.9y,-2,no,services,no,married,aug,145,nonexistent,2
1,17,cellular,wed,0,no,2547,basic.9y,-2,no,services,no,married,aug,145,nonexistent,2
0,17,cellular,wed,1,no,2610,basic.9y,-2,no,entrepreneur,no,married,nov,146,nonexistent,2
1,17,cellular,wed,1,no,2610,basic.9y,-2,no,entrepreneur,no,married,nov,146,nonexistent,2
0,18,telephone,fri,0,unknown,2626,illiterate,-1,unknown,housemaid,unknown,married,aug,153,nonexistent,4
1,18,telephone,fri,0,unknown,2626,illiterate,-1,unknown,housemaid,unknown,married,aug,153,nonexistent,4
0,18,telephone,fri,0,unknown,2633,illiterate,-1,unknown,housemaid,unknown,married,aug,145,nonexistent,4
1,18,telephone,fri,0,unknown,2633,illiterate,-1,unknown,housemaid,unknown,married,aug,145,nonexistent,4
0,15,telephone,fri,1,unknown,2626,illiterate,-1,unknown,student,unknown,married,aug,145,nonexistent,4
1,15,telephone,fri,1,unknown,2626,illiterate,-1,unknown,student,unknown,married,aug,145,nonexistent,4
0,15,telephone,thu,1,unknown,2540,high.school,-1,unknown,housemaid,unknown,married,nov,144,nonexistent,3
1,15,telephone,thu,1,unknown,2540,high.school,-1,unknown,housemaid,unknown,married,nov,144,nonexistent,3
0,17,cellular,wed,0,no,2563,basic.9y,-2,no,student,no,married,sep,130,nonexistent,2
1,17,cellular,wed,0,no,2563,basic.9y,-2,no,student,no,married,sep,130,nonexistent,2
0,15,telephone,thu,0,unknown,2618,high.school,-1,unknown,student,unknown,married,nov,132,nonexistent,3
1,15,telephone,thu,0,unknown,2618,high.school,-1,unknown,student,unknown,married,nov,132,nonexistent,3
0,14,cellular,wed,0,no,2532,basic.9y,-2,no,student,no,married,nov,130,nonexistent,2
1,14,cellular,wed,0,no,2532,basic.9y,-2,no,student,no,married,nov,130,nonexistent,2
0,15,telephone,fri,0,unknown,2610,illiterate,-1,unknown,technician,unknown,married,aug,135,nonexistent,4
1,15,telephone,fri,0,unknown,2610,illiterate,-1,unknown,technician,unknown,married,aug,135,nonexistent,4
0,18,telephone,fri,0,unknown,2626,illiterate,-1,unknown,housemaid,unknown,married,nov,133,nonexistent,4
1,18,telephone,fri,0,unknown,2626,illiterate,-1,unknown,housemaid,unknown,married,nov,133,nonexistent,4
0,18,telephone,(null),0,unknown,2641,professional.course,0,unknown,management,unknown,single,sep,136,success,5
1,18,telephone,(null),0,unknown,2641,professional.course,0,unknown,management,unknown,single,sep,136,success,5
0,15,telephone,fri,1,unknown,2547,illiterate,-1,unknown,housemaid,unknown,married,nov,137,nonexistent,4
1,15,telephone,fri,1,unknown,2547,illiterate,-1,unknown,housemaid,unknown,married,nov,137,nonexistent,4
0,15,telephone,fri,0,unknown,2555,illiterate,-1,unknown,housemaid,unknown,married,nov,129,nonexistent,4
1,15,telephone,fri,0,unknown,2555,illiterate,-1,unknown,housemaid,unknown,married,nov,129,nonexistent,4
0,18,telephone,fri,1,unknown,2626,illiterate,-1,unknown,student,unknown,married,may,149,nonexistent,4
1,18,telephone,fri,1,unknown,2626,illiterate,-1,unknown,student,unknown,married,may,149,nonexistent,4
0,18,telephone,fri,0,unknown,2547,illiterate,-1,unknown,student,unknown,married,feb,153,nonexistent,4
1,18,telephone,fri,0,unknown,2547,illiterate,-1,unknown,student,unknown,married,feb,153,nonexistent,4
0,18,telephone,(null),0,unknown,2563,professional.course,0,unknown,technician,unknown,single,mar,146,success,5
1,18,telephone,(null),0,unknown,2563,professional.course,0,unknown,technician,unknown,single,mar,146,success,5
0,18,telephone,(null),0,unknown,2563,professional.course,0,unknown,management,unknown,single,may,152,success,5
1,18,telephone,(null),0,unknown,2563,professional.course,0,unknown,management,unknown,single,may,152,success,5
0,15,telephone,(null),0,unknown,2641,professional.course,0,unknown,technician,unknown,single,mar,154,success,5
1,15,telephone,(null),0,unknown,2641,professional.course,0,unknown,technician,unknown,single,mar,154,success,5
0,15,telephone,fri,0,unknown,2547,illiterate,-1,unknown,student,unknown,married,feb,153,nonexistent,4
1,15,telephone,fri,0,unknown,2547,illiterate,-1,unknown,student,unknown,married,feb,153,nonexistent,4
0,18,telephone,(null),0,unknown,2641,professional.course,0,unknown,technician,unknown,single,jun,136,success,5
1,18,telephone,(null),0,unknown,2641,professional.course,0,unknown,technician,unknown,single,jun,136,success,5
0,18,telephone,(null),1,unknown,2571,professional.course,0,unknown,unemployed,unknown,single,mar,138,success,6
1,18,telephone,(null),1,unknown,2571,professional.course,0,unknown,unemployed,unknown,single,mar,138,success,6
0,8,cellular,tue,1,no,3610,basic.6y,-3,no,admin.,no,divorced,oct,236,failure,0
1,8,cellular,tue,1,no,3610,basic.6y,-3,no,admin.,no,divorced,oct,236,failure,0
0,9,cellular,wed,1,no,3641,basic.9y,-2,no,blue-collar,no,married,aug,239,nonexistent,2
1,9,cellular,wed,1,no,3641,basic.9y,-2,no,blue-collar,no,married,aug,239,nonexistent,2
0,3,cellular,wed,0,no,3703,basic.9y,-2,no,blue-collar,no,married,nov,237,nonexistent,2
1,3,cellular,wed,0,no,3703,basic.9y,-2,no,blue-collar,no,married,nov,237,nonexistent,2
0,3,cellular,wed,0,no,3703,basic.9y,-2,no,management,no,married,aug,237,nonexistent,2
1,3,cellular,wed,0,no,3703,basic.9y,-2,no,management,no,married,aug,237,nonexistent,2
0,3,cellular,wed,1,no,3625,basic.9y,-2,no,blue-collar,no,married,aug,237,nonexistent,2
1,3,cellular,wed,1,no,3625,basic.9y,-2,no,blue-collar,no,married,aug,237,nonexistent,2
0,8,cellular,mon,0,no,3595,basic.4y,-3,no,self-employed,no,divorced,oct,227,failure,0
1,8,cellular,mon,0,no,3595,basic.4y,-3,no,self-employed,no,divorced,oct,227,failure,0
0,9,cellular,wed,1,no,3703,basic.9y,-2,no,student,no,married,aug,229,nonexistent,2
1,9,cellular,wed,1,no,3703,basic.9y,-2,no,student,no,married,aug,229,nonexistent,2
0,8,cellular,tue,1,no,3610,basic.6y,-3,no,services,no,divorced,jul,228,failure,1
1,8,cellular,tue,1,no,3610,basic.6y,-3,no,services,no,divorced,jul,228,failure,1
0,11,telephone,fri,0,unknown,3726,illiterate,-1,unknown,technician,unknown,married,aug,223,nonexistent,4
1,11,telephone,fri,0,unknown,3726,illiterate,-1,unknown,technician,unknown,married,aug,223,nonexistent,4
0,10,telephone,thu,0,unknown,3633,high.school,-1,unknown,student,unknown,married,aug,222,nonexistent,3
1,10,telephone,thu,0,unknown,3633,high.school,-1,unknown,student,unknown,married,aug,222,nonexistent,3
0,2,cellular,tue,1,no,3688,basic.6y,-3,no,services,no,divorced,oct,228,failure,1
1,2,cellular,tue,1,no,3688,basic.6y,-3,no,services,no,divorced,oct,228,failure,1
0,4,telephone,thu,1,unknown,3711,basic.9y,-1,unknown,student,unknown,married,aug,230,nonexistent,3
1,4,telephone,thu,1,unknown,3711,basic.9y,-1,unknown,student,unknown,married,aug,230,nonexistent,3
0,1,cellular,mon,1,no,3595,basic.4y,-3,no,self-employed,no,divorced,oct,227,failure,0
1,1,cellular,mon,1,no,3595,basic.4y,-3,no,self-employed,no,divorced,oct,227,failure,0
0,1,cellular,mon,0,no,3595,illiterate,-3,no,self-employed,no,divorced,jul,227,failure,0
1,1,cellular,mon,0,no,3595,illiterate,-3,no,self-employed,no,divorced,jul,227,failure,0
0,4,telephone,thu,0,unknown,3672,high.school,-1,unknown,student,unknown,married,oct,222,nonexistent,3
1,4,telephone,thu,0,unknown,3672,high.school,-1,unknown,student,unknown,married,oct,222,nonexistent,3
0,4,cellular,wed,0,no,3696,professional.course,-2,no,management,no,married,nov,229,nonexistent,2
1,4,cellular,wed,0,no,3696,professional.course,-2,no,management,no,married,nov,229,nonexistent,2
0,8,telephone,fri,0,unknown,3719,basic.9y,-1,unknown,management,unknown,married,nov,231,nonexistent,4
1,8,telephone,fri,0,unknown,3719,basic.9y,-1,unknown,management,unknown,married,nov,231,nonexistent,4
0,9,telephone,fri,1,unknown,3726,illiterate,-1,unknown,blue-collar,unknown,married,nov,231,nonexistent,4
1,9,telephone,fri,1,unknown,3726,illiterate,-1,unknown,blue-collar,unknown,married,nov,231,nonexistent,4
0,11,telephone,(null),0,unknown,3742,high.school,0,unknown,retired,unknown,single,sep,233,success,6
1,11,telephone,(null),0,unknown,3742,high.school,0,unknown,retired,unknown,single,sep,233,success,6
0,5,cellular,wed,0,no,3625,basic.9y,-2,no,entrepreneur,no,married,nov,229,nonexistent,2
1,5,cellular,wed,0,no,3625,basic.9y,-2,no,entrepreneur,no,married,nov,229,nonexistent,2
0,7,telephone,thu,0,unknown,3633,high.school,-1,unknown,management,unknown,married,aug,230,nonexistent,3
1,7,telephone,thu,0,unknown,3633,high.school,-1,unknown,management,unknown,married,aug,230,nonexistent,3
0,11,telephone,(null),1,unknown,3664,high.school,0,unknown,entrepreneur,unknown,single,sep,233,success,6
1,11,telephone,(null),1,unknown,3664,high.school,0,unknown,entrepreneur,unknown,single,sep,233,success,6
0,10,telephone,(null),1,unknown,3734,professional.course,0,unknown,retired,unknown,single,dec,224,success,5
1,10,telephone,(null),1,unknown,3734,professional.course,0,unknown,retired,unknown,single,dec,224,success,5
0,9,telephone,fri,1,unknown,3648,basic.9y,-1,unknown,management,unknown,married,nov,223,nonexistent,4
1,9,telephone,fri,1,unknown,3648,basic.9y,-1,unknown,management,unknown,married,nov,223,nonexistent,4
0,10,telephone,(null),1,unknown,3656,professional.course,0,unknown,entrepreneur,unknown,single,dec,224,success,5
1,10,telephone,(null),1,unknown,3656,professional.course,0,unknown,entrepreneur,unknown,single,dec,224,success,5
0,8,cellular,tue,0,no,3524,basic.4y,-3,no,self-employed,no,divorced,oct,219,failure,0
1,8,cellular,tue,0,no,3524,basic.4y,-3,no,self-employed,no,divorced,oct,219,failure,0
0,8,cellular,mon,1,no,3517,basic.4y,-3,no,self-employed,no,divorced,jul,227,failure,0
1,8,cellular,mon,1,no,3517,basic.4y,-3,no,self-employed,no,divorced,jul,227,failure,0
0,8,cellular,tue,1,no,3454,basic.6y,-3,no,self-employed,no,divorced,jul,219,failure,0
1,8,cellular,tue,1,no,3454,basic.6y,-3,no,self-employed,no,divorced,jul,219,failure,0
0,1,cellular,tue,1,no,3454,basic.6y,-3,no,self-employed,no,divorced,jul,219,failure,0
1,1,cellular,tue,1,no,3454,basic.6y,-3,no,self-employed,no,divorced,jul,219,failure,0
0,8,cellular,mon,1,no,3439,basic.4y,-3,no,admin.,no,divorced,oct,227,failure,0
1,8,cellular,mon,1,no,3439,basic.4y,-3,no,admin.,no,divorced,oct,227,failure,0
0,8,cellular,tue,0,no,3446,basic.6y,-3,no,housemaid,no,divorced,oct,219,failure,0
1,8,cellular,tue,0,no,3446,basic.6y,-3,no,housemaid,no,divorced,oct,219,failure,0
0,9,cellular,wed,0,no,3547,basic.9y,-2,no,entrepreneur,no,married,aug,229,nonexistent,2
1,9,cellular,wed,0,no,3547,basic.9y,-2,no,entrepreneur,no,married,aug,229,nonexistent,2
0,8,cellular,tue,1,no,3454,basic.6y,-3,no,blue-collar,no,divorced,jul,228,failure,1
1,8,cellular,tue,1,no,3454,basic.6y,-3,no,blue-collar,no,divorced,jul,228,failure,1
0,10,telephone,fri,0,unknown,3485,illiterate,-1,unknown,blue-collar,unknown,married,aug,223,nonexistent,4
1,10,telephone,fri,0,unknown,3485,illiterate,-1,unknown,blue-collar,unknown,married,aug,223,nonexistent,4
0,2,cellular,tue,1,no,3532,basic.6y,-3,no,blue-collar,no,divorced,oct,228,failure,1
1,2,cellular,tue,1,no,3532,basic.6y,-3,no,blue-collar,no,divorced,oct,228,failure,1
0,3,cellular,wed,1,no,3547,basic.9y,-2,no,entrepreneur,no,married,aug,229,nonexistent,2
1,3,cellular,wed,1,no,3547,basic.9y,-2,no,entrepreneur,no,married,aug,229,nonexistent,2
0,4,telephone,fri,0,unknown,3563,illiterate,-1,unknown,blue-collar,unknown,married,nov,223,nonexistent,4
1,4,telephone,fri,0,unknown,3563,illiterate,-1,unknown,blue-collar,unknown,married,nov,223,nonexistent,4
0,4,telephone,fri,0,unknown,3563,illiterate,-1,unknown,management,unknown,married,aug,223,nonexistent,4
1,4,telephone,fri,0,unknown,3563,illiterate,-1,unknown,management,unknown,married,aug,223,nonexistent,4
0,3,cellular,wed,1,no,3469,basic.9y,-2,no,entrepreneur,no,married,sep,221,nonexistent,2
1,3,cellular,wed,1,no,3469,basic.9y,-2,no,entrepreneur,no,married,sep,221,nonexistent,2
0,2,cellular,tue,0,no,3680,basic.4y,-3,no,self-employed,no,divorced,apr,243,failure,0
1,2,cellular,tue,0,no,3680,basic.4y,-3,no,self-employed,no,divorced,apr,243,failure,0
0,2,cellular,tue,0,no,3680,illiterate,-3,no,self-employed,no,divorced,jan,243,failure,0
1,2,cellular,tue,0,no,3680,illiterate,-3,no,self-employed,no,divorced,jan,243,failure,0
0,2,cellular,tue,0,no,3602,basic.4y,-3,no,self-employed,no,divorced,jan,243,failure,0
1,2,cellular,tue,0,no,3602,basic.4y,-3,no,self-employed,no,divorced,jan,243,failure,0
0,3,cellular,tue,0,no,3688,illiterate,-3,no,self-employed,no,divorced,apr,236,failure,1
1,3,cellular,tue,0,no,3688,illiterate,-3,no,self-employed,no,divorced,apr,236,failure,1
0,7,telephone,thu,0,unknown,3711,basic.9y,-1,unknown,services,unknown,married,may,238,nonexistent,3
1,7,telephone,thu,0,unknown,3711,basic.9y,-1,unknown,services,unknown,married,may,238,nonexistent,3
0,10,telephone,(null),1,unknown,3734,basic.9y,0,unknown,student,unknown,single,mar,240,success,5
1,10,telephone,(null),1,unknown,3734,basic.9y,0,unknown,student,unknown,single,mar,240,success,5
0,4,cellular,wed,0,no,3618,basic.9y,-2,no,services,no,married,feb,237,nonexistent,2
1,4,cellular,wed,0,no,3618,basic.9y,-2,no,services,no,married,feb,237,nonexistent,2
0,5,cellular,wed,1,no,3703,basic.6y,-2,no,management,no,married,may,245,nonexistent,2
1,5,cellular,wed,1,no,3703,basic.6y,-2,no,management,no,married,may,245,nonexistent,2
0,5,cellular,wed,1,no,3703,professional.course,-2,no,blue-collar,no,married,may,245,nonexistent,2
1,5,cellular,wed,1,no,3703,professional.course,-2,no,blue-collar,no,married,may,245,nonexistent,2
0,5,cellular,wed,0,no,3625,basic.9y,-2,no,entrepreneur,no,married,mar,245,nonexistent,2
1,5,cellular,wed,0,no,3625,basic.9y,-2,no,entrepreneur,no,married,mar,245,nonexistent,2
0,9,telephone,fri,1,unknown,3726,illiterate,-1,unknown,housemaid,unknown,married,may,239,nonexistent,4
1,9,telephone,fri,1,unknown,3726,illiterate,-1,unknown,housemaid,unknown,married,may,239,nonexistent,4
0,11,telephone,(null),1,unknown,3742,professional.course,0,unknown,management,unknown,single,mar,241,success,6
1,11,telephone,(null),1,unknown,3742,professional.course,0,unknown,management,unknown,single,mar,241,success,6
0,8,telephone,fri,1,unknown,3641,illiterate,-1,unknown,housemaid,unknown,married,apr,239,nonexistent,4
1,8,telephone,fri,1,unknown,3641,illiterate,-1,unknown,housemaid,unknown,married,apr,239,nonexistent,4
0,3,cellular,tue,0,no,3532,basic.6y,-3,no,services,no,divorced,jan,236,failure,1
1,3,cellular,tue,0,no,3532,basic.6y,-3,no,services,no,divorced,jan,236,failure,1
0,2,cellular,tue,0,no,3524,basic.6y,-3,no,admin.,no,divorced,apr,243,failure,0
1,2,cellular,tue,0,no,3524,basic.6y,-3,no,admin.,no,divorced,apr,243,failure,0
0,2,cellular,tue,1,no,3524,basic.6y,-3,no,housemaid,no,divorced,jan,243,failure,0
1,2,cellular,tue,1,no,3524,basic.6y,-3,no,housemaid,no,divorced,jan,243,failure,0
0,2,cellular,tue,1,no,3524,illiterate,-3,no,admin.,no,divorced,jan,243,failure,0
1,2,cellular,tue,1,no,3524,illiterate,-3,no,admin.,no,divorced,jan,243,failure,0
0,2,cellular,tue,0,no,3446,basic.6y,-3,no,admin.,no,divorced,jan,243,failure,0
1,2,cellular,tue,0,no,3446,basic.6y,-3,no,admin.,no,divorced,jan,243,failure,0
0,3,cellular,tue,1,no,3532,illiterate,-3,no,admin.,no,divorced,apr,236,failure,1
1,3,cellular,tue,1,no,3532,illiterate,-3,no,admin.,no,divorced,apr,236,failure,1
0,4,cellular,wed,0,no,3462,basic.9y,-2,no,blue-collar,no,married,feb,237,nonexistent,2
1,4,cellular,wed,0,no,3462,basic.9y,-2,no,blue-collar,no,married,feb,237,nonexistent,2
0,9,telephone,fri,0,unknown,3726,illiterate,-1,unknown,technician,unknown,married,apr,231,nonexistent,4
1,9,telephone,fri,0,unknown,3726,illiterate,-1,unknown,technician,unknown,married,apr,231,nonexistent,4
0,1,cellular,mon,0,no,3595,illiterate,-3,no,technician,no,divorced,apr,227,failure,0
1,1,cellular,mon,0,no,3595,illiterate,-3,no,technician,no,divorced,apr,227,failure,0
0,9,telephone,fri,0,unknown,3648,basic.9y,-1,unknown,unemployed,unknown,married,feb,231,nonexistent,4
1,9,telephone,fri,0,unknown,3648,basic.9y,-1,unknown,unemployed,unknown,married,feb,231,nonexistent,4
0,11,telephone,(null),1,unknown,3734,professional.course,0,unknown,unemployed,unknown,single,may,225,success,6
1,11,telephone,(null),1,unknown,3734,professional.course,0,unknown,unemployed,unknown,single,may,225,success,6
0,11,telephone,(null),1,unknown,3664,high.school,0,unknown,retired,unknown,single,jun,233,success,6
1,11,telephone,(null),1,unknown,3664,high.school,0,unknown,retired,unknown,single,jun,233,success,6
0,5,cellular,wed,1,no,3500,basic.9y,-2,no,student,no,married,mar,224,nonexistent,2
1,5,cellular,wed,1,no,3500,basic.9y,-2,no,student,no,married,mar,224,nonexistent,2
0,8,telephone,fri,1,unknown,3531,illiterate,-1,unknown,housemaid,unknown,married,apr,231,nonexistent,4
1,8,telephone,fri,1,unknown,3531,illiterate,-1,unknown,housemaid,unknown,married,apr,231,nonexistent,4
0,8,telephone,fri,1,unknown,3485,illiterate,-1,unknown,management,unknown,married,may,223,nonexistent,4
1,8,telephone,fri,1,unknown,3485,illiterate,-1,unknown,management,unknown,married,may,223,nonexistent,4
0,10,telephone,(null),0,unknown,3500,university.degree,0,unknown,entrepreneur,unknown,single,jun,224,success,5
1,10,telephone,(null),0,unknown,3500,university.degree,0,unknown,entrepreneur,unknown,single,jun,224,success,5
0,10,telephone,(null),0,unknown,3500,university.degree,0,unknown,retired,unknown,single,mar,224,success,5
1,10,telephone,(null),0,unknown,3500,university.degree,0,unknown,retired,unknown,single,mar,224,success,5
0,8,cellular,tue,1,no,3368,basic.6y,-3,no,admin.,no,divorced,oct,219,failure,0
1,8,cellular,tue,1,no,3368,basic.6y,-3,no,admin.,no,divorced,oct,219,failure,0
0,8,cellular,tue,0,no,3298,basic.6y,-3,no,admin.,no,divorced,jul,220,failure,0
1,8,cellular,tue,0,no,3298,basic.6y,-3,no,admin.,no,divorced,jul,220,failure,0
0,1,cellular,tue,1,no,3368,basic.6y,-3,no,admin.,no,divorced,oct,219,failure,0
1,1,cellular,tue,1,no,3368,basic.6y,-3,no,admin.,no,divorced,oct,219,failure,0
0,2,cellular,wed,1,no,3384,basic.9y,-2,no,blue-collar,no,married,aug,221,nonexistent,2
1,2,cellular,wed,1,no,3384,basic.9y,-2,no,blue-collar,no,married,aug,221,nonexistent,2
0,1,cellular,tue,0,no,3290,basic.6y,-3,no,admin.,no,divorced,jul,219,failure,0
1,1,cellular,tue,0,no,3290,basic.6y,-3,no,admin.,no,divorced,jul,219,failure,0
0,3,cellular,tue,1,no,3376,basic.6y,-3,no,admin.,no,divorced,jan,236,failure,1
1,3,cellular,tue,1,no,3376,basic.6y,-3,no,admin.,no,divorced,jan,236,failure,1
0,2,cellular,tue,1,no,3298,basic.6y,-3,no,self-employed,no,divorced,jan,220,failure,0
1,2,cellular,tue,1,no,3298,basic.6y,-3,no,self-employed,no,divorced,jan,220,failure,0
0,5,cellular,wed,0,no,3344,basic.9y,-2,no,entrepreneur,no,married,mar,224,nonexistent,2
1,5,cellular,wed,0,no,3344,basic.9y,-2,no,entrepreneur,no,married,mar,224,nonexistent,2
0,2,cellular,tue,1,no,3141,basic.6y,-3,no,admin.,no,divorced,jan,220,failure,0
1,2,cellular,tue,1,no,3141,basic.6y,-3,no,admin.,no,divorced,jan,220,failure,0
0,10,telephone,(null),1,unknown,3734,professional.course,0,unknown,technician,unknown,single,nov,216,success,5
1,10,telephone,(null),1,unknown,3734,professional.course,0,unknown,technician,unknown,single,nov,216,success,5
0,3,cellular,tue,0,no,3610,illiterate,-3,no,technician,no,divorced,oct,213,failure,1
1,3,cellular,tue,0,no,3610,illiterate,-3,no,technician,no,divorced,oct,213,failure,1
0,7,telephone,thu,1,unknown,3633,professional.course,-1,unknown,services,unknown,married,nov,215,nonexistent,3
1,7,telephone,thu,1,unknown,3633,professional.course,-1,unknown,services,unknown,married,nov,215,nonexistent,3
0,10,telephone,(null),1,unknown,3656,basic.9y,0,unknown,student,unknown,single,dec,216,success,5
1,10,telephone,(null),1,unknown,3656,basic.9y,0,unknown,student,unknown,single,dec,216,success,5
0,9,telephone,fri,1,unknown,3648,professional.course,-1,unknown,technician,unknown,married,aug,216,nonexistent,4
1,9,telephone,fri,1,unknown,3648,professional.course,-1,unknown,technician,unknown,married,aug,216,nonexistent,4
0,11,telephone,(null),1,unknown,3664,high.school,0,unknown,unemployed,unknown,single,sep,217,success,6
1,11,telephone,(null),1,unknown,3664,high.school,0,unknown,unemployed,unknown,single,sep,217,success,6
0,11,telephone,(null),0,unknown,3664,professional.course,0,unknown,retired,unknown,single,dec,217,success,6
1,11,telephone,(null),0,unknown,3664,professional.course,0,unknown,retired,unknown,single,dec,217,success,6
0,7,telephone,thu,1,unknown,3516,high.school,-1,unknown,student,unknown,married,oct,211,nonexistent,3
1,7,telephone,thu,1,unknown,3516,high.school,-1,unknown,student,unknown,married,oct,211,nonexistent,3
0,11,telephone,(null),1,unknown,3586,professional.course,0,unknown,entrepreneur,unknown,single,dec,217,success,6
1,11,telephone,(null),1,unknown,3586,professional.course,0,unknown,entrepreneur,unknown,single,dec,217,success,6
0,11,telephone,(null),1,unknown,3586,professional.course,0,unknown,retired,unknown,single,sep,217,success,6
1,11,telephone,(null),1,unknown,3586,professional.course,0,unknown,retired,unknown,single,sep,217,success,6
0,3,cellular,tue,0,no,3454,illiterate,-3,no,housemaid,no,divorced,oct,213,failure,1
1,3,cellular,tue,0,no,3454,illiterate,-3,no,housemaid,no,divorced,oct,213,failure,1
0,11,telephone,(null),0,unknown,3508,university.degree,0,unknown,entrepreneur,unknown,single,sep,217,success,6
1,11,telephone,(null),0,unknown,3508,university.degree,0,unknown,entrepreneur,unknown,single,sep,217,success,6
0,11,telephone,(null),1,unknown,3508,high.school,0,unknown,retired,unknown,single,dec,210,success,6
1,11,telephone,(null),1,unknown,3508,high.school,0,unknown,retired,unknown,single,dec,210,success,6
0,11,telephone,(null),0,unknown,3578,professional.course,0,unknown,unemployed,unknown,single,nov,202,success,6
1,11,telephone,(null),0,unknown,3578,professional.course,0,unknown,unemployed,unknown,single,nov,202,success,6
0,10,telephone,(null),0,unknown,3562,professional.course,0,unknown,technician,unknown,single,may,216,success,5
1,10,telephone,(null),0,unknown,3562,professional.course,0,unknown,technician,unknown,single,may,216,success,5
0,10,telephone,(null),0,unknown,3500,university.degree,0,unknown,technician,unknown,single,jun,209,success,5
1,10,telephone,(null),0,unknown,3500,university.degree,0,unknown,technician,unknown,single,jun,209,success,5
0,11,telephone,(null),0,unknown,3508,university.degree,0,unknown,retired,unknown,single,jun,217,success,6
1,11,telephone,(null),0,unknown,3508,university.degree,0,unknown,retired,unknown,single,jun,217,success,6
0,8,cellular,mon,1,no,3283,basic.4y,-3,no,self-employed,no,divorced,oct,204,failure,0
1,8,cellular,mon,1,no,3283,basic.4y,-3,no,self-employed,no,divorced,oct,204,failure,0
0,8,cellular,mon,0,no,3283,illiterate,-3,no,self-employed,no,divorced,jul,204,failure,0
1,8,cellular,mon,0,no,3283,illiterate,-3,no,self-employed,no,divorced,jul,204,failure,0
0,1,cellular,mon,0,no,3361,illiterate,-3,no,self-employed,no,divorced,oct,204,failure,0
1,1,cellular,mon,0,no,3361,illiterate,-3,no,self-employed,no,divorced,oct,204,failure,0
0,2,cellular,tue,0,no,3376,basic.6y,-3,no,services,no,divorced,jul,213,failure,1
1,2,cellular,tue,0,no,3376,basic.6y,-3,no,services,no,divorced,jul,213,failure,1
0,2,cellular,wed,1,no,3329,basic.9y,-2,no,services,no,married,aug,206,nonexistent,2
1,2,cellular,wed,1,no,3329,basic.9y,-2,no,services,no,married,aug,206,nonexistent,2
0,10,telephone,thu,0,unknown,3360,high.school,-1,unknown,housemaid,unknown,married,nov,207,nonexistent,3
1,10,telephone,thu,0,unknown,3360,high.school,-1,unknown,housemaid,unknown,married,nov,207,nonexistent,3
0,10,telephone,fri,0,unknown,3329,illiterate,-1,unknown,housemaid,unknown,married,aug,208,nonexistent,4
1,10,telephone,fri,0,unknown,3329,illiterate,-1,unknown,housemaid,unknown,married,aug,208,nonexistent,4
0,4,telephone,thu,0,unknown,3360,high.school,-1,unknown,housemaid,unknown,married,oct,211,nonexistent,3
1,4,telephone,thu,0,unknown,3360,high.school,-1,unknown,housemaid,unknown,married,oct,211,nonexistent,3
0,8,cellular,tue,0,no,3220,basic.6y,-3,no,admin.,no,divorced,jul,213,failure,1
1,8,cellular,tue,0,no,3220,basic.6y,-3,no,admin.,no,divorced,jul,213,failure,1
0,10,telephone,thu,1,unknown,3243,high.school,-1,unknown,blue-collar,unknown,married,aug,207,nonexistent,3
1,10,telephone,thu,1,unknown,3243,high.school,-1,unknown,blue-collar,unknown,married,aug,207,nonexistent,3
0,2,cellular,tue,1,no,3220,basic.6y,-3,no,admin.,no,divorced,jul,213,failure,1
1,2,cellular,tue,1,no,3220,basic.6y,-3,no,admin.,no,divorced,jul,213,failure,1
0,2,cellular,wed,0,no,3228,basic.9y,-2,no,management,no,married,aug,206,nonexistent,2
1,2,cellular,wed,0,no,3228,basic.9y,-2,no,management,no,married,aug,206,nonexistent,2
0,2,cellular,tue,0,no,3141,basic.6y,-3,no,blue-collar,no,divorced,aug,205,failure,1
1,2,cellular,tue,0,no,3141,basic.6y,-3,no,blue-collar,no,divorced,aug,205,failure,1
0,10,telephone,thu,0,unknown,3399,high.school,-1,unknown,student,unknown,married,nov,199,nonexistent,3
1,10,telephone,thu,0,unknown,3399,high.school,-1,unknown,student,unknown,married,nov,199,nonexistent,3
0,9,cellular,wed,0,no,3306,basic.9y,-2,no,services,no,married,nov,198,nonexistent,2
1,9,cellular,wed,0,no,3306,basic.9y,-2,no,services,no,married,nov,198,nonexistent,2
0,11,telephone,fri,1,unknown,3336,basic.9y,-1,unknown,technician,unknown,married,nov,192,nonexistent,4
1,11,telephone,fri,1,unknown,3336,basic.9y,-1,unknown,technician,unknown,married,nov,192,nonexistent,4
0,10,telephone,thu,1,unknown,3321,high.school,-1,unknown,student,unknown,married,aug,199,nonexistent,3
1,10,telephone,thu,1,unknown,3321,high.school,-1,unknown,student,unknown,married,aug,199,nonexistent,3
0,11,telephone,(null),0,unknown,3344,professional.course,0,unknown,technician,unknown,single,sep,193,success,5
1,11,telephone,(null),0,unknown,3344,professional.course,0,unknown,technician,unknown,single,sep,193,success,5
0,4,telephone,fri,0,unknown,3407,illiterate,-1,unknown,student,unknown,married,oct,200,nonexistent,4
1,4,telephone,fri,0,unknown,3407,illiterate,-1,unknown,student,unknown,married,oct,200,nonexistent,4
0,1,cellular,tue,1,no,3290,illiterate,-3,no,self-employed,no,divorced,oct,196,failure,0
1,1,cellular,tue,1,no,3290,illiterate,-3,no,self-employed,no,divorced,oct,196,failure,0
0,3,cellular,wed,0,no,3313,professional.course,-2,no,student,no,married,aug,198,nonexistent,2
1,3,cellular,wed,0,no,3313,professional.course,-2,no,student,no,married,aug,198,nonexistent,2
0,5,telephone,(null),0,unknown,3406,professional.course,0,unknown,technician,unknown,single,nov,193,success,5
1,5,telephone,(null),0,unknown,3406,professional.course,0,unknown,technician,unknown,single,nov,193,success,5
0,8,telephone,fri,0,unknown,3329,illiterate,-1,unknown,management,unknown,married,nov,200,nonexistent,4
1,8,telephone,fri,0,unknown,3329,illiterate,-1,unknown,management,unknown,married,nov,200,nonexistent,4
0,11,telephone,(null),0,unknown,3352,university.degree,0,unknown,retired,unknown,single,dec,194,success,6
1,11,telephone,(null),0,unknown,3352,university.degree,0,unknown,retired,unknown,single,dec,194,success,6
0,9,cellular,wed,1,no,3172,basic.9y,-2,no,services,no,married,aug,192,nonexistent,2
1,9,cellular,wed,1,no,3172,basic.9y,-2,no,services,no,married,aug,192,nonexistent,2
0,3,cellular,wed,0,no,3235,basic.9y,-2,no,student,no,married,nov,190,nonexistent,2
1,3,cellular,wed,0,no,3235,basic.9y,-2,no,student,no,married,nov,190,nonexistent,2
0,2,cellular,tue,0,no,3141,basic.6y,-3,no,services,no,divorced,oct,189,failure,1
1,2,cellular,tue,0,no,3141,basic.6y,-3,no,services,no,divorced,oct,189,failure,1
0,3,cellular,wed,0,no,3235,basic.6y,-2,no,student,no,married,aug,198,nonexistent,2
1,3,cellular,wed,0,no,3235,basic.6y,-2,no,student,no,married,aug,198,nonexistent,2
0,4,telephone,thu,1,unknown,3204,high.school,-1,unknown,student,unknown,married,aug,191,nonexistent,3
1,4,telephone,thu,1,unknown,3204,high.school,-1,unknown,student,unknown,married,aug,191,nonexistent,3
0,8,telephone,fri,0,unknown,3219,illiterate,-1,unknown,housemaid,unknown,married,oct,196,nonexistent,4
1,8,telephone,fri,0,unknown,3219,illiterate,-1,unknown,housemaid,unknown,married,oct,196,nonexistent,4
0,3,cellular,tue,0,no,3376,illiterate,-3,no,services,no,divorced,apr,213,failure,1
1,3,cellular,tue,0,no,3376,illiterate,-3,no,services,no,divorced,apr,213,failure,1
0,8,telephone,fri,0,unknown,3407,illiterate,-1,unknown,student,unknown,married,feb,215,nonexistent,4
1,8,telephone,fri,0,unknown,3407,illiterate,-1,unknown,student,unknown,married,feb,215,nonexistent,4
0,3,cellular,tue,1,no,3298,basic.6y,-3,no,services,no,divorced,apr,213,failure,1
1,3,cellular,tue,1,no,3298,basic.6y,-3,no,services,no,divorced,apr,213,failure,1
0,5,cellular,wed,0,no,3313,basic.9y,-2,no,student,no,married,feb,214,nonexistent,2
1,5,cellular,wed,0,no,3313,basic.9y,-2,no,student,no,married,feb,214,nonexistent,2
0,9,telephone,fri,1,unknown,3414,illiterate,-1,unknown,technician,unknown,married,apr,208,nonexistent,4
1,9,telephone,fri,1,unknown,3414,illiterate,-1,unknown,technician,unknown,married,apr,208,nonexistent,4
0,4,cellular,wed,0,no,3306,professional.course,-2,no,services,no,married,may,206,nonexistent,2
1,4,cellular,wed,0,no,3306,professional.course,-2,no,services,no,married,may,206,nonexistent,2
0,5,cellular,wed,0,no,3313,basic.6y,-2,no,technician,no,married,may,206,nonexistent,2
1,5,cellular,wed,0,no,3313,basic.6y,-2,no,technician,no,married,may,206,nonexistent,2
0,5,cellular,wed,1,no,3313,professional.course,-2,no,technician,no,married,feb,206,nonexistent,2
1,5,cellular,wed,1,no,3313,professional.course,-2,no,technician,no,married,feb,206,nonexistent,2
0,10,telephone,(null),0,unknown,3344,basic.9y,0,unknown,technician,unknown,single,mar,209,success,5
1,10,telephone,(null),0,unknown,3344,basic.9y,0,unknown,technician,unknown,single,mar,209,success,5
0,10,telephone,(null),1,unknown,3406,professional.course,0,unknown,management,unknown,single,may,215,success,5
1,10,telephone,(null),1,unknown,3406,professional.course,0,unknown,management,unknown,single,may,215,success,5
0,8,cellular,tue,0,no,3157,basic.6y,-3,no,services,no,divorced,feb,206,failure,1
1,8,cellular,tue,0,no,3157,basic.6y,-3,no,services,no,divorced,feb,206,failure,1
0,2,cellular,tue,0,no,3220,basic.6y,-3,no,services,no,divorced,jan,213,failure,1
1,2,cellular,tue,0,no,3220,basic.6y,-3,no,services,no,divorced,jan,213,failure,1
0,2,cellular,wed,1,no,3228,basic.6y,-2,no,services,no,married,may,206,nonexistent,2
1,2,cellular,wed,1,no,3228,basic.6y,-2,no,services,no,married,may,206,nonexistent,2
0,2,cellular,wed,1,no,3228,professional.course,-2,no,services,no,married,feb,206,nonexistent,2
1,2,cellular,wed,1,no,3228,professional.course,-2,no,services,no,married,feb,206,nonexistent,2
0,7,telephone,thu,1,unknown,3204,high.school,-1,unknown,housemaid,unknown,married,apr,211,nonexistent,3
1,7,telephone,thu,1,unknown,3204,high.school,-1,unknown,housemaid,unknown,married,apr,211,nonexistent,3
0,11,telephone,(null),1,unknown,3430,university.degree,0,unknown,unemployed,unknown,single,jun,202,success,6
1,11,telephone,(null),1,unknown,3430,university.degree,0,unknown,unemployed,unknown,single,jun,202,success,6
0,10,telephone,(null),0,unknown,3344,university.degree,0,unknown,student,unknown,single,jun,201,success,5
1,10,telephone,(null),0,unknown,3344,university.degree,0,unknown,student,unknown,single,jun,201,success,5
0,11,telephone,(null),0,unknown,3352,university.degree,0,unknown,unemployed,unknown,single,mar,202,success,6
1,11,telephone,(null),0,unknown,3352,university.degree,0,unknown,unemployed,unknown,single,mar,202,success,6
0,5,cellular,wed,0,no,3235,professional.course,-2,no,student,no,married,may,198,nonexistent,2
1,5,cellular,wed,0,no,3235,professional.course,-2,no,student,no,married,may,198,nonexistent,2
0,10,telephone,(null),1,unknown,3266,university.degree,0,unknown,student,unknown,single,mar,201,success,5
1,10,telephone,(null),1,unknown,3266,university.degree,0,unknown,student,unknown,single,mar,201,success,5
0,11,telephone,(null),0,unknown,3274,high.school,0,unknown,unemployed,unknown,single,mar,202,success,6
1,11,telephone,(null),0,unknown,3274,high.school,0,unknown,unemployed,unknown,single,mar,202,success,6
0,5,cellular,wed,1,no,3157,basic.6y,-2,no,student,no,married,may,198,nonexistent,2
1,5,cellular,wed,1,no,3157,basic.6y,-2,no,student,no,married,may,198,nonexistent,2
0,5,cellular,wed,1,no,3157,professional.course,-2,no,student,no,married,feb,198,nonexistent,2
1,5,cellular,wed,1,no,3157,professional.course,-2,no,student,no,married,feb,198,nonexistent,2
0,10,telephone,(null),0,unknown,3188,basic.9y,0,unknown,student,unknown,single,mar,201,success,5
1,10,telephone,(null),0,unknown,3188,basic.9y,0,unknown,student,unknown,single,mar,201,success,5
0,7,telephone,thu,1,unknown,3165,professional.course,-1,unknown,student,unknown,married,may,191,nonexistent,3
1,7,telephone,thu,1,unknown,3165,professional.course,-1,unknown,student,unknown,married,may,191,nonexistent,3
0,11,telephone,(null),0,unknown,3196,high.school,0,unknown,student,unknown,single,jun,194,success,6
1,11,telephone,(null),0,unknown,3196,high.school,0,unknown,student,unknown,single,jun,194,success,6
0,9,telephone,fri,0,unknown,3180,professional.course,-1,unknown,unemployed,unknown,married,feb,192,nonexistent,4
1,9,telephone,fri,0,unknown,3180,professional.course,-1,unknown,unemployed,unknown,married,feb,192,nonexistent,4
0,11,telephone,(null),1,unknown,3266,professional.course,0,unknown,management,unknown,single,may,201,success,6
1,11,telephone,(null),1,unknown,3266,professional.course,0,unknown,management,unknown,single,may,201,success,6
0,11,telephone,(null),0,unknown,3266,basic.9y,0,unknown,technician,unknown,single,dec,185,success,5
1,11,telephone,(null),0,unknown,3266,basic.9y,0,unknown,technician,unknown,single,dec,185,success,5
0,12,telephone,(null),0,unknown,3266,professional.course,0,unknown,unemployed,unknown,single,dec,179,success,6
1,12,telephone,(null),0,unknown,3266,professional.course,0,unknown,unemployed,unknown,single,dec,179,success,6
0,12,telephone,(null),1,unknown,3196,university.degree,0,unknown,unemployed,unknown,single,sep,179,success,6
1,12,telephone,(null),1,unknown,3196,university.degree,0,unknown,unemployed,unknown,single,sep,179,success,6
0,6,telephone,(null),0,unknown,3274,professional.course,0,unknown,unemployed,unknown,single,sep,186,success,6
1,6,telephone,(null),0,unknown,3274,professional.course,0,unknown,unemployed,unknown,single,sep,186,success,6
0,2,cellular,wed,0,no,3149,professional.course,-2,no,services,no,married,nov,182,nonexistent,2
1,2,cellular,wed,0,no,3149,professional.course,-2,no,services,no,married,nov,182,nonexistent,2
0,4,telephone,fri,0,unknown,3172,professional.course,-1,unknown,student,unknown,married,aug,184,nonexistent,4
1,4,telephone,fri,0,unknown,3172,professional.course,-1,unknown,student,unknown,married,aug,184,nonexistent,4
0,6,telephone,(null),1,unknown,3274,university.degree,0,unknown,unemployed,unknown,single,dec,179,success,6
1,6,telephone,(null),1,unknown,3274,university.degree,0,unknown,unemployed,unknown,single,dec,179,success,6
0,9,telephone,fri,0,unknown,3180,professional.course,-1,unknown,management,unknown,married,nov,185,nonexistent,4
1,9,telephone,fri,0,unknown,3180,professional.course,-1,unknown,management,unknown,married,nov,185,nonexistent,4
0,11,telephone,(null),0,unknown,3196,professional.course,0,unknown,unemployed,unknown,single,jun,186,success,6
1,11,telephone,(null),0,unknown,3196,professional.course,0,unknown,unemployed,unknown,single,jun,186,success,6
0,1,cellular,mon,1,no,2970,basic.4y,-3,no,self-employed,no,divorced,jul,188,failure,0
1,1,cellular,mon,1,no,2970,basic.4y,-3,no,self-employed,no,divorced,jul,188,failure,0
0,4,cellular,wed,1,no,3016,basic.9y,-2,no,blue-collar,no,married,aug,192,nonexistent,2
1,4,cellular,wed,1,no,3016,basic.9y,-2,no,blue-collar,no,married,aug,192,nonexistent,2
0,8,cellular,mon,1,no,2814,basic.4y,-3,no,admin.,no,divorced,jul,188,failure,0
1,8,cellular,mon,1,no,2814,basic.4y,-3,no,admin.,no,divorced,jul,188,failure,0
0,1,cellular,mon,1,no,2892,basic.4y,-3,no,admin.,no,divorced,oct,188,failure,0
1,1,cellular,mon,1,no,2892,basic.4y,-3,no,admin.,no,divorced,oct,188,failure,0
0,2,cellular,tue,1,no,2907,basic.6y,-3,no,blue-collar,no,divorced,jul,189,failure,1
1,2,cellular,tue,1,no,2907,basic.6y,-3,no,blue-collar,no,divorced,jul,189,failure,1
0,8,cellular,tue,0,no,3000,basic.6y,-3,no,blue-collar,no,divorced,feb,206,failure,1
1,8,cellular,tue,0,no,3000,basic.6y,-3,no,blue-collar,no,divorced,feb,206,failure,1
0,1,cellular,mon,0,no,2970,basic.4y,-3,no,admin.,no,divorced,jan,212,failure,0
1,1,cellular,mon,0,no,2970,basic.4y,-3,no,admin.,no,divorced,jan,212,failure,0
0,2,cellular,wed,1,no,3071,basic.9y,-2,no,blue-collar,no,married,may,206,nonexistent,2
1,2,cellular,wed,1,no,3071,basic.9y,-2,no,blue-collar,no,married,may,206,nonexistent,2
0,1,cellular,tue,0,no,2899,basic.6y,-3,no,admin.,no,divorced,jan,204,failure,0
1,1,cellular,tue,0,no,2899,basic.6y,-3,no,admin.,no,divorced,jan,204,failure,0
0,8,cellular,tue,0,no,3000,basic.6y,-3,no,services,no,divorced,apr,190,failure,1
1,8,cellular,tue,0,no,3000,basic.6y,-3,no,services,no,divorced,apr,190,failure,1
0,9,cellular,wed,1,no,3078,basic.6y,-2,no,student,no,married,feb,198,nonexistent,2
1,9,cellular,wed,1,no,3078,basic.6y,-2,no,student,no,married,feb,198,nonexistent,2
0,10,telephone,thu,1,unknown,3086,professional.course,-1,unknown,student,unknown,married,feb,191,nonexistent,3
1,10,telephone,thu,1,unknown,3086,professional.course,-1,unknown,student,unknown,married,feb,191,nonexistent,3
0,10,telephone,thu,1,unknown,3008,basic.9y,-1,unknown,student,unknown,married,feb,191,nonexistent,3
1,10,telephone,thu,1,unknown,3008,basic.9y,-1,unknown,student,unknown,married,feb,191,nonexistent,3
0,4,telephone,thu,1,unknown,3086,basic.9y,-1,unknown,student,unknown,married,may,191,nonexistent,3
1,4,telephone,thu,1,unknown,3086,basic.9y,-1,unknown,student,unknown,married,may,191,nonexistent,3
0,1,cellular,mon,0,no,2970,illiterate,-3,no,self-employed,no,divorced,apr,188,failure,0
1,1,cellular,mon,0,no,2970,illiterate,-3,no,self-employed,no,divorced,apr,188,failure,0
0,5,cellular,wed,0,no,3078,basic.9y,-2,no,management,no,married,may,198,nonexistent,2
1,5,cellular,wed,0,no,3078,basic.9y,-2,no,management,no,married,may,198,nonexistent,2
0,7,telephone,thu,1,unknown,3086,professional.course,-1,unknown,blue-collar,unknown,married,may,199,nonexistent,3
1,7,telephone,thu,1,unknown,3086,professional.course,-1,unknown,blue-collar,unknown,married,may,199,nonexistent,3
0,10,telephone,(null),0,unknown,3109,basic.9y,0,unknown,entrepreneur,unknown,single,jun,201,success,5
1,10,telephone,(null),0,unknown,3109,basic.9y,0,unknown,entrepreneur,unknown,single,jun,201,success,5
0,9,telephone,fri,1,unknown,3101,illiterate,-1,unknown,housemaid,unknown,married,feb,200,nonexistent,4
1,9,telephone,fri,1,unknown,3101,illiterate,-1,unknown,housemaid,unknown,married,feb,200,nonexistent,4
0,3,cellular,tue,1,no,2985,basic.6y,-3,no,housemaid,no,divorced,apr,197,failure,1
1,3,cellular,tue,1,no,2985,basic.6y,-3,no,housemaid,no,divorced,apr,197,failure,1
0,5,cellular,wed,1,no,3000,basic.9y,-2,no,blue-collar,no,married,may,198,nonexistent,2
1,5,cellular,wed,1,no,3000,basic.9y,-2,no,blue-collar,no,married,may,198,nonexistent,2
0,5,cellular,wed,1,no,3000,basic.9y,-2,no,management,no,married,feb,198,nonexistent,2
1,5,cellular,wed,1,no,3000,basic.9y,-2,no,management,no,married,feb,198,nonexistent,2
0,10,telephone,(null),1,unknown,3031,basic.9y,0,unknown,entrepreneur,unknown,single,mar,201,success,5
1,10,telephone,(null),1,unknown,3031,basic.9y,0,unknown,entrepreneur,unknown,single,mar,201,success,5
0,11,telephone,(null),0,unknown,3117,high.school,0,unknown,retired,unknown,single,jun,194,success,6
1,11,telephone,(null),0,unknown,3117,high.school,0,unknown,retired,unknown,single,jun,194,success,6
0,7,telephone,thu,0,unknown,3008,high.school,-1,unknown,management,unknown,married,may,191,nonexistent,3
1,7,telephone,thu,0,unknown,3008,high.school,-1,unknown,management,unknown,married,may,191,nonexistent,3
0,11,telephone,(null),1,unknown,3039,high.school,0,unknown,entrepreneur,unknown,single,jun,194,success,6
1,11,telephone,(null),1,unknown,3039,high.school,0,unknown,entrepreneur,unknown,single,jun,194,success,6
0,11,telephone,(null),1,unknown,3039,high.school,0,unknown,retired,unknown,single,mar,194,success,6
1,11,telephone,(null),1,unknown,3039,high.school,0,unknown,retired,unknown,single,mar,194,success,6
0,8,cellular,mon,1,no,2892,basic.4y,-3,no,self-employed,no,divorced,apr,188,failure,0
1,8,cellular,mon,1,no,2892,basic.4y,-3,no,self-employed,no,divorced,apr,188,failure,0
0,8,cellular,mon,0,no,2892,illiterate,-3,no,self-employed,no,divorced,jan,188,failure,0
1,8,cellular,mon,0,no,2892,illiterate,-3,no,self-employed,no,divorced,jan,188,failure,0
0,1,cellular,mon,1,no,2892,illiterate,-3,no,self-employed,no,divorced,jan,188,failure,0
1,1,cellular,mon,1,no,2892,illiterate,-3,no,self-employed,no,divorced,jan,188,failure,0
0,8,cellular,tue,0,no,2844,basic.6y,-3,no,blue-collar,no,divorced,apr,190,failure,1
1,8,cellular,tue,0,no,2844,basic.6y,-3,no,blue-collar,no,divorced,apr,190,failure,1
0,9,cellular,wed,1,no,2922,basic.9y,-2,no,blue-collar,no,married,feb,198,nonexistent,2
1,9,cellular,wed,1,no,2922,basic.9y,-2,no,blue-collar,no,married,feb,198,nonexistent,2
0,10,telephone,thu,1,unknown,2891,high.school,-1,unknown,housemaid,unknown,married,feb,191,nonexistent,3
1,10,telephone,thu,1,unknown,2891,high.school,-1,unknown,housemaid,unknown,married,feb,191,nonexistent,3
0,2,cellular,tue,0,no,2829,basic.6y,-3,no,admin.,no,divorced,jan,197,failure,1
1,2,cellular,tue,0,no,2829,basic.6y,-3,no,admin.,no,divorced,jan,197,failure,1
0,4,telephone,thu,1,unknown,2930,high.school,-1,unknown,housemaid,unknown,married,apr,191,nonexistent,3
1,4,telephone,thu,1,unknown,2930,high.school,-1,unknown,housemaid,unknown,married,apr,191,nonexistent,3
0,2,cellular,wed,0,no,2759,basic.9y,-2,no,blue-collar,no,married,feb,190,nonexistent,2
1,2,cellular,wed,0,no,2759,basic.9y,-2,no,blue-collar,no,married,feb,190,nonexistent,2
0,9,cellular,wed,0,no,3016,basic.9y,-2,no,services,no,married,nov,177,nonexistent,2
1,9,cellular,wed,0,no,3016,basic.9y,-2,no,services,no,married,nov,177,nonexistent,2
0,10,telephone,thu,1,unknown,3047,high.school,-1,unknown,student,unknown,married,aug,180,nonexistent,3
1,10,telephone,thu,1,unknown,3047,high.school,-1,unknown,student,unknown,married,aug,180,nonexistent,3
0,2,cellular,wed,1,no,3071,basic.6y,-2,no,services,no,married,nov,182,nonexistent,2
1,2,cellular,wed,1,no,3071,basic.6y,-2,no,services,no,married,nov,182,nonexistent,2
0,3,cellular,wed,1,no,3031,basic.9y,-2,no,student,no,married,nov,175,nonexistent,2
1,3,cellular,wed,1,no,3031,basic.9y,-2,no,student,no,married,nov,175,nonexistent,2
0,2,cellular,wed,1,no,3071,professional.course,-2,no,services,no,married,aug,182,nonexistent,2
1,2,cellular,wed,1,no,3071,professional.course,-2,no,services,no,married,aug,182,nonexistent,2
0,6,telephone,(null),0,unknown,3117,high.school,0,unknown,unemployed,unknown,single,sep,179,success,6
1,6,telephone,(null),0,unknown,3117,high.school,0,unknown,unemployed,unknown,single,sep,179,success,6
0,3,cellular,wed,1,no,3000,professional.course,-2,no,student,no,married,aug,175,nonexistent,2
1,3,cellular,wed,1,no,3000,professional.course,-2,no,student,no,married,aug,175,nonexistent,2
0,10,telephone,fri,1,unknown,3016,illiterate,-1,unknown,management,unknown,married,nov,177,nonexistent,4
1,10,telephone,fri,1,unknown,3016,illiterate,-1,unknown,management,unknown,married,nov,177,nonexistent,4
0,11,telephone,(null),0,unknown,3093,professional.course,0,unknown,management,unknown,single,sep,185,success,5
1,11,telephone,(null),0,unknown,3093,professional.course,0,unknown,management,unknown,single,sep,185,success,5
0,5,telephone,fri,0,unknown,3101,illiterate,-1,unknown,housemaid,unknown,married,oct,185,nonexistent,4
1,5,telephone,fri,0,unknown,3101,illiterate,-1,unknown,housemaid,unknown,married,oct,185,nonexistent,4
0,2,cellular,wed,1,no,2993,basic.9y,-2,no,management,no,married,nov,182,nonexistent,2
1,2,cellular,wed,1,no,2993,basic.9y,-2,no,management,no,married,nov,182,nonexistent,2
0,6,telephone,(null),1,unknown,3117,professional.course,0,unknown,management,unknown,single,nov,179,success,6
1,6,telephone,(null),1,unknown,3117,professional.course,0,unknown,management,unknown,single,nov,179,success,6
0,5,telephone,fri,0,unknown,3023,illiterate,-1,unknown,housemaid,unknown,married,nov,177,nonexistent,4
1,5,telephone,fri,0,unknown,3023,illiterate,-1,unknown,housemaid,unknown,married,nov,177,nonexistent,4
0,6,telephone,(null),0,unknown,3039,professional.course,0,unknown,management,unknown,single,sep,179,success,6
1,6,telephone,(null),0,unknown,3039,professional.course,0,unknown,management,unknown,single,sep,179,success,6
0,8,cellular,tue,0,no,2829,basic.6y,-3,no,self-employed,no,divorced,jul,174,failure,0
1,8,cellular,tue,0,no,2829,basic.6y,-3,no,self-employed,no,divorced,jul,174,failure,0
0,9,cellular,wed,1,no,2875,basic.9y,-2,no,entrepreneur,no,married,sep,178,nonexistent,2
1,9,cellular,wed,1,no,2875,basic.9y,-2,no,entrepreneur,no,married,sep,178,nonexistent,2
0,2,cellular,wed,1,no,2860,basic.9y,-2,no,blue-collar,no,married,nov,177,nonexistent,2
1,2,cellular,wed,1,no,2860,basic.9y,-2,no,blue-collar,no,married,nov,177,nonexistent,2
0,4,telephone,thu,0,unknown,2891,high.school,-1,unknown,housemaid,unknown,married,aug,180,nonexistent,3
1,4,telephone,thu,0,unknown,2891,high.school,-1,unknown,housemaid,unknown,married,aug,180,nonexistent,3
0,11,telephone,(null),0,unknown,3109,professional.course,0,unknown,technician,unknown,single,dec,170,success,5
1,11,telephone,(null),0,unknown,3109,professional.course,0,unknown,technician,unknown,single,dec,170,success,5
0,10,telephone,fri,0,unknown,3016,illiterate,-1,unknown,student,unknown,married,nov,169,nonexistent,4
1,10,telephone,fri,0,unknown,3016,illiterate,-1,unknown,student,unknown,married,nov,169,nonexistent,4
0,4,telephone,thu,0,unknown,3008,professional.course,-1,unknown,student,unknown,married,nov,168,nonexistent,3
1,4,telephone,thu,0,unknown,3008,professional.course,-1,unknown,student,unknown,married,nov,168,nonexistent,3
0,6,telephone,(null),0,unknown,3039,professional.course,0,unknown,unemployed,unknown,single,dec,163,success,6
1,6,telephone,(null),0,unknown,3039,professional.course,0,unknown,unemployed,unknown,single,dec,163,success,6
0,9,cellular,wed,0,no,2922,basic.9y,-2,no,student,no,married,nov,167,nonexistent,2
1,9,cellular,wed,0,no,2922,basic.9y,-2,no,student,no,married,nov,167,nonexistent,2
0,8,cellular,tue,0,no,2829,basic.6y,-3,no,services,no,divorced,oct,166,failure,1
1,8,cellular,tue,0,no,2829,basic.6y,-3,no,services,no,divorced,oct,166,failure,1
0,10,telephone,fri,1,unknown,2906,illiterate,-1,unknown,student,unknown,married,nov,161,nonexistent,4
1,10,telephone,fri,1,unknown,2906,illiterate,-1,unknown,student,unknown,married,nov,161,nonexistent,4
0,10,telephone,thu,0,unknown,2930,professional.course,-1,unknown,student,unknown,married,aug,168,nonexistent,3
1,10,telephone,thu,0,unknown,2930,professional.course,-1,unknown,student,unknown,married,aug,168,nonexistent,3
0,10,telephone,thu,0,unknown,2852,basic.9y,-1,unknown,student,unknown,married,aug,168,nonexistent,3
1,10,telephone,thu,0,unknown,2852,basic.9y,-1,unknown,student,unknown,married,aug,168,nonexistent,3
0,12,telephone,(null),0,unknown,2961,professional.course,0,unknown,unemployed,unknown,single,sep,163,success,6
1,12,telephone,(null),0,unknown,2961,professional.course,0,unknown,unemployed,unknown,single,sep,163,success,6
0,11,telephone,fri,0,unknown,2867,illiterate,-1,unknown,technician,unknown,married,aug,161,nonexistent,4
1,11,telephone,fri,0,unknown,2867,illiterate,-1,unknown,technician,unknown,married,aug,161,nonexistent,4
0,4,telephone,thu,0,unknown,2930,basic.9y,-1,unknown,student,unknown,married,nov,168,nonexistent,3
1,4,telephone,thu,0,unknown,2930,basic.9y,-1,unknown,student,unknown,married,nov,168,nonexistent,3
0,5,telephone,fri,0,unknown,2945,illiterate,-1,unknown,technician,unknown,married,nov,161,nonexistent,4
1,5,telephone,fri,0,unknown,2945,illiterate,-1,unknown,technician,unknown,married,nov,161,nonexistent,4
0,4,telephone,thu,0,unknown,2852,high.school,-1,unknown,student,unknown,married,nov,160,nonexistent,3
1,4,telephone,thu,0,unknown,2852,high.school,-1,unknown,student,unknown,married,nov,160,nonexistent,3
0,6,telephone,(null),0,unknown,2953,professional.course,0,unknown,unemployed,unknown,single,sep,163,success,6
1,6,telephone,(null),0,unknown,2953,professional.course,0,unknown,unemployed,unknown,single,sep,163,success,6
0,11,telephone,fri,1,unknown,2922,illiterate,-1,unknown,housemaid,unknown,married,nov,169,nonexistent,4
1,11,telephone,fri,1,unknown,2922,illiterate,-1,unknown,housemaid,unknown,married,nov,169,nonexistent,4
0,11,telephone,(null),1,unknown,2875,professional.course,0,unknown,retired,unknown,single,dec,162,success,5
1,11,telephone,(null),1,unknown,2875,professional.course,0,unknown,retired,unknown,single,dec,162,success,5
0,4,telephone,thu,0,unknown,2852,high.school,-1,unknown,management,unknown,married,nov,168,nonexistent,3
1,4,telephone,thu,0,unknown,2852,high.school,-1,unknown,management,unknown,married,nov,168,nonexistent,3
0,9,telephone,fri,0,unknown,3078,illiterate,-1,unknown,technician,unknown,married,apr,185,nonexistent,4
1,9,telephone,fri,0,unknown,3078,illiterate,-1,unknown,technician,unknown,married,apr,185,nonexistent,4
0,11,telephone,(null),0,unknown,3117,university.degree,0,unknown,unemployed,unknown,single,jun,179,success,6
1,11,telephone,(null),0,unknown,3117,university.degree,0,unknown,unemployed,unknown,single,jun,179,success,6
0,10,telephone,(null),1,unknown,3031,university.degree,0,unknown,student,unknown,single,jun,178,success,5
1,10,telephone,(null),1,unknown,3031,university.degree,0,unknown,student,unknown,single,jun,178,success,5
0,11,telephone,(null),0,unknown,3039,high.school,0,unknown,unemployed,unknown,single,jun,179,success,6
1,11,telephone,(null),0,unknown,3039,high.school,0,unknown,unemployed,unknown,single,jun,179,success,6
0,10,telephone,(null),1,unknown,3031,professional.course,0,unknown,retired,unknown,single,jun,185,success,5
1,10,telephone,(null),1,unknown,3031,professional.course,0,unknown,retired,unknown,single,jun,185,success,5
0,9,cellular,wed,1,no,2922,professional.course,-2,no,student,no,married,may,175,nonexistent,2
1,9,cellular,wed,1,no,2922,professional.course,-2,no,student,no,married,may,175,nonexistent,2
0,9,cellular,wed,1,no,2844,basic.6y,-2,no,student,no,married,may,175,nonexistent,2
1,9,cellular,wed,1,no,2844,basic.6y,-2,no,student,no,married,may,175,nonexistent,2
0,10,telephone,fri,0,unknown,2938,basic.9y,-1,unknown,student,unknown,married,feb,184,nonexistent,4
1,10,telephone,fri,0,unknown,2938,basic.9y,-1,unknown,student,unknown,married,feb,184,nonexistent,4
0,11,telephone,fri,0,unknown,2922,illiterate,-1,unknown,technician,unknown,married,feb,177,nonexistent,4
1,11,telephone,fri,0,unknown,2922,illiterate,-1,unknown,technician,unknown,married,feb,177,nonexistent,4
0,2,cellular,wed,0,no,2860,basic.9y,-2,no,services,no,married,feb,182,nonexistent,2
1,2,cellular,wed,0,no,2860,basic.9y,-2,no,services,no,married,feb,182,nonexistent,2
0,5,telephone,fri,0,unknown,2945,professional.course,-1,unknown,technician,unknown,married,feb,177,nonexistent,4
1,5,telephone,fri,0,unknown,2945,professional.course,-1,unknown,technician,unknown,married,feb,177,nonexistent,4
0,5,telephone,fri,0,unknown,2867,basic.9y,-1,unknown,technician,unknown,married,feb,177,nonexistent,4
1,5,telephone,fri,0,unknown,2867,basic.9y,-1,unknown,technician,unknown,married,feb,177,nonexistent,4
0,5,cellular,wed,1,no,2922,professional.course,-2,no,management,no,married,may,183,nonexistent,2
1,5,cellular,wed,1,no,2922,professional.course,-2,no,management,no,married,may,183,nonexistent,2
0,2,cellular,tue,0,no,2821,illiterate,-3,no,housemaid,no,divorced,apr,181,failure,0
1,2,cellular,tue,0,no,2821,illiterate,-3,no,housemaid,no,divorced,apr,181,failure,0
0,8,telephone,fri,0,unknown,2860,illiterate,-1,unknown,management,unknown,married,feb,184,nonexistent,4
1,8,telephone,fri,0,unknown,2860,illiterate,-1,unknown,management,unknown,married,feb,184,nonexistent,4
0,11,telephone,(null),0,unknown,2953,professional.course,0,unknown,management,unknown,single,may,179,success,6
1,11,telephone,(null),0,unknown,2953,professional.course,0,unknown,management,unknown,single,may,179,success,6
0,12,telephone,(null),0,unknown,2883,university.degree,0,unknown,unemployed,unknown,single,jun,163,success,6
1,12,telephone,(null),0,unknown,2883,university.degree,0,unknown,unemployed,unknown,single,jun,163,success,6
0,11,telephone,(null),0,unknown,2875,university.degree,0,unknown,technician,unknown,single,mar,170,success,5
1,11,telephone,(null),0,unknown,2875,university.degree,0,unknown,technician,unknown,single,mar,170,success,5
0,5,telephone,(null),0,unknown,2953,university.degree,0,unknown,technician,unknown,single,jun,170,success,5
1,5,telephone,(null),0,unknown,2953,university.degree,0,unknown,technician,unknown,single,jun,170,success,5
0,5,telephone,fri,1,unknown,2867,illiterate,-1,unknown,technician,unknown,married,apr,169,nonexistent,4
1,5,telephone,fri,1,unknown,2867,illiterate,-1,unknown,technician,unknown,married,apr,169,nonexistent,4
0,6,telephone,(null),1,unknown,2883,university.degree,0,unknown,unemployed,unknown,single,jun,163,success,6
1,6,telephone,(null),1,unknown,2883,university.degree,0,unknown,unemployed,unknown,single,jun,163,success,6
0,8,cellular,tue,1,no,2673,basic.6y,-3,no,admin.,no,divorced,jul,174,failure,0
1,8,cellular,tue,1,no,2673,basic.6y,-3,no,admin.,no,divorced,jul,174,failure,0
0,1,cellular,tue,0,no,2743,basic.6y,-3,no,admin.,no,divorced,jul,181,failure,0
1,1,cellular,tue,0,no,2743,basic.6y,-3,no,admin.,no,divorced,jul,181,failure,0
0,8,cellular,mon,0,no,2736,basic.4y,-3,no,self-employed,no,divorced,oct,165,failure,0
1,8,cellular,mon,0,no,2736,basic.4y,-3,no,self-employed,no,divorced,oct,165,failure,0
0,8,cellular,tue,1,no,2673,basic.6y,-3,no,self-employed,no,divorced,oct,157,failure,0
1,8,cellular,tue,1,no,2673,basic.6y,-3,no,self-employed,no,divorced,oct,157,failure,0
0,10,telephone,thu,0,unknown,2774,high.school,-1,unknown,student,unknown,married,aug,160,nonexistent,3
1,10,telephone,thu,0,unknown,2774,high.school,-1,unknown,student,unknown,married,aug,160,nonexistent,3
0,9,cellular,wed,0,no,2681,basic.9y,-2,no,services,no,married,aug,159,nonexistent,2
1,9,cellular,wed,0,no,2681,basic.9y,-2,no,services,no,married,aug,159,nonexistent,2
0,1,cellular,tue,0,no,2673,basic.6y,-3,no,self-employed,no,divorced,oct,158,failure,0
1,1,cellular,tue,0,no,2673,basic.6y,-3,no,self-employed,no,divorced,oct,158,failure,0
0,1,cellular,mon,0,no,2736,illiterate,-3,no,self-employed,no,divorced,jul,165,failure,0
1,1,cellular,mon,0,no,2736,illiterate,-3,no,self-employed,no,divorced,jul,165,failure,0
0,3,cellular,wed,0,no,2719,basic.9y,-2,no,student,no,married,aug,159,nonexistent,2
1,3,cellular,wed,0,no,2719,basic.9y,-2,no,student,no,married,aug,159,nonexistent,2
0,8,cellular,tue,0,no,2673,basic.6y,-3,no,blue-collar,no,divorced,oct,166,failure,1
1,8,cellular,tue,0,no,2673,basic.6y,-3,no,blue-collar,no,divorced,oct,166,failure,1
0,10,telephone,thu,0,unknown,2735,high.school,-1,unknown,housemaid,unknown,married,aug,168,nonexistent,3
1,10,telephone,thu,0,unknown,2735,high.school,-1,unknown,housemaid,unknown,married,aug,168,nonexistent,3
0,3,cellular,wed,1,no,2766,basic.9y,-2,no,entrepreneur,no,married,nov,167,nonexistent,2
1,3,cellular,wed,1,no,2766,basic.9y,-2,no,entrepreneur,no,married,nov,167,nonexistent,2
0,4,telephone,fri,0,unknown,2750,illiterate,-1,unknown,housemaid,unknown,married,nov,161,nonexistent,4
1,4,telephone,fri,0,unknown,2750,illiterate,-1,unknown,housemaid,unknown,married,nov,161,nonexistent,4
0,4,telephone,thu,1,unknown,2735,high.school,-1,unknown,housemaid,unknown,married,aug,168,nonexistent,3
1,4,telephone,thu,1,unknown,2735,high.school,-1,unknown,housemaid,unknown,married,aug,168,nonexistent,3
0,4,telephone,fri,1,unknown,2704,illiterate,-1,unknown,management,unknown,married,aug,161,nonexistent,4
1,4,telephone,fri,1,unknown,2704,illiterate,-1,unknown,management,unknown,married,aug,161,nonexistent,4
0,8,cellular,tue,0,no,2587,basic.6y,-3,no,self-employed,no,divorced,jul,157,failure,0
1,8,cellular,tue,0,no,2587,basic.6y,-3,no,self-employed,no,divorced,jul,157,failure,0
0,8,cellular,tue,1,no,2516,basic.6y,-3,no,admin.,no,divorced,oct,157,failure,0
1,8,cellular,tue,1,no,2516,basic.6y,-3,no,admin.,no,divorced,oct,157,failure,0
0,10,telephone,fri,0,unknown,2626,illiterate,-1,unknown,blue-collar,unknown,married,aug,161,nonexistent,4
1,10,telephone,fri,0,unknown,2626,illiterate,-1,unknown,blue-collar,unknown,married,aug,161,nonexistent,4
0,9,cellular,wed,0,no,2524,basic.9y,-2,no,blue-collar,no,married,aug,159,nonexistent,2
1,9,cellular,wed,0,no,2524,basic.9y,-2,no,blue-collar,no,married,aug,159,nonexistent,2
0,1,cellular,tue,0,no,2516,basic.6y,-3,no,admin.,no,divorced,oct,158,failure,0
1,1,cellular,tue,0,no,2516,basic.6y,-3,no,admin.,no,divorced,oct,158,failure,0
0,4,telephone,thu,0,unknown,2618,high.school,-1,unknown,housemaid,unknown,married,aug,160,nonexistent,3
1,4,telephone,thu,0,unknown,2618,high.school,-1,unknown,housemaid,unknown,married,aug,160,nonexistent,3
0,2,cellular,wed,1,no,2524,basic.9y,-2,no,blue-collar,no,married,aug,159,nonexistent,2
1,2,cellular,wed,1,no,2524,basic.9y,-2,no,blue-collar,no,married,aug,159,nonexistent,2
0,8,cellular,tue,0,no,2743,basic.4y,-3,no,self-employed,no,divorced,jan,181,failure,0
1,8,cellular,tue,0,no,2743,basic.4y,-3,no,self-employed,no,divorced,jan,181,failure,0
0,8,cellular,tue,0,no,2688,basic.6y,-3,no,services,no,divorced,jan,174,failure,1
1,8,cellular,tue,0,no,2688,basic.6y,-3,no,services,no,divorced,jan,174,failure,1
0,9,cellular,wed,1,no,2719,basic.9y,-2,no,entrepreneur,no,married,may,175,nonexistent,2
1,9,cellular,wed,1,no,2719,basic.9y,-2,no,entrepreneur,no,married,may,175,nonexistent,2
0,10,telephone,fri,0,unknown,2782,illiterate,-1,unknown,blue-collar,unknown,married,feb,184,nonexistent,4
1,10,telephone,fri,0,unknown,2782,illiterate,-1,unknown,blue-collar,unknown,married,feb,184,nonexistent,4
0,8,cellular,tue,0,no,2665,basic.6y,-3,no,housemaid,no,divorced,jan,181,failure,0
1,8,cellular,tue,0,no,2665,basic.6y,-3,no,housemaid,no,divorced,jan,181,failure,0
0,12,telephone,(null),0,unknown,2805,professional.course,0,unknown,entrepreneur,unknown,single,mar,179,success,6
1,12,telephone,(null),0,unknown,2805,professional.course,0,unknown,entrepreneur,unknown,single,mar,179,success,6
0,8,cellular,tue,0,no,2516,basic.6y,-3,no,blue-collar,no,divorced,jan,174,failure,0
1,8,cellular,tue,0,no,2516,basic.6y,-3,no,blue-collar,no,divorced,jan,174,failure,0
0,8,cellular,mon,0,no,2658,illiterate,-3,no,self-employed,no,divorced,apr,165,failure,0
1,8,cellular,mon,0,no,2658,illiterate,-3,no,self-employed,no,divorced,apr,165,failure,0
0,12,telephone,(null),1,unknown,2797,professional.course,0,unknown,unemployed,unknown,single,mar,163,success,6
1,12,telephone,(null),1,unknown,2797,professional.course,0,unknown,unemployed,unknown,single,mar,163,success,6
0,11,telephone,(null),0,unknown,2781,professional.course,0,unknown,management,unknown,single,may,170,success,5
1,11,telephone,(null),0,unknown,2781,professional.course,0,unknown,management,unknown,single,may,170,success,5
0,8,cellular,tue,0,no,2516,basic.6y,-3,no,self-employed,no,divorced,apr,158,failure,0
1,8,cellular,tue,0,no,2516,basic.6y,-3,no,self-employed,no,divorced,apr,158,failure,0
0,9,cellular,wed,0,no,2547,basic.9y,-2,no,services,no,married,feb,161,nonexistent,2
1,9,cellular,wed,0,no,2547,basic.9y,-2,no,services,no,married,feb,161,nonexistent,2
0,10,telephone,fri,1,unknown,2594,illiterate,-1,unknown,housemaid,unknown,married,may,161,nonexistent,4
1,10,telephone,fri,1,unknown,2594,illiterate,-1,unknown,housemaid,unknown,married,may,161,nonexistent,4
0,11,telephone,fri,0,unknown,2555,illiterate,-1,unknown,housemaid,unknown,married,feb,161,nonexistent,4
1,11,telephone,fri,0,unknown,2555,illiterate,-1,unknown,housemaid,unknown,married,feb,161,nonexistent,4
0,2,cellular,tue,0,no,2751,basic.6y,-3,no,services,no,divorced,apr,174,failure,1
1,2,cellular,tue,0,no,2751,basic.6y,-3,no,services,no,divorced,apr,174,failure,1
0,1,cellular,tue,0,no,2743,basic.6y,-3,no,self-employed,no,divorced,jan,181,failure,0
1,1,cellular,tue,0,no,2743,basic.6y,-3,no,self-employed,no,divorced,jan,181,failure,0
0,2,cellular,tue,1,no,2688,basic.6y,-3,no,services,no,divorced,jan,174,failure,1
1,2,cellular,tue,1,no,2688,basic.6y,-3,no,services,no,divorced,jan,174,failure,1
0,3,cellular,wed,1,no,2766,basic.9y,-2,no,entrepreneur,no,married,mar,183,nonexistent,2
1,3,cellular,wed,1,no,2766,basic.9y,-2,no,entrepreneur,no,married,mar,183,nonexistent,2
0,1,cellular,tue,1,no,2665,basic.6y,-3,no,admin.,no,divorced,apr,181,failure,0
1,1,cellular,tue,1,no,2665,basic.6y,-3,no,admin.,no,divorced,apr,181,failure,0
0,2,cellular,wed,0,no,2681,basic.9y,-2,no,blue-collar,no,married,feb,182,nonexistent,2
1,2,cellular,wed,0,no,2681,basic.9y,-2,no,blue-collar,no,married,feb,182,nonexistent,2
0,2,cellular,tue,0,no,2673,basic.6y,-3,no,housemaid,no,divorced,apr,174,failure,1
1,2,cellular,tue,0,no,2673,basic.6y,-3,no,housemaid,no,divorced,apr,174,failure,1
0,2,cellular,tue,0,no,2595,basic.6y,-3,no,admin.,no,divorced,apr,174,failure,1
1,2,cellular,tue,0,no,2595,basic.6y,-3,no,admin.,no,divorced,apr,174,failure,1
0,1,cellular,tue,0,no,2587,basic.6y,-3,no,admin.,no,divorced,jan,181,failure,0
1,1,cellular,tue,0,no,2587,basic.6y,-3,no,admin.,no,divorced,jan,181,failure,0
0,2,cellular,tue,1,no,2532,basic.6y,-3,no,blue-collar,no,divorced,jan,174,failure,1
1,2,cellular,tue,1,no,2532,basic.6y,-3,no,blue-collar,no,divorced,jan,174,failure,1
0,5,telephone,(null),0,unknown,2797,basic.9y,0,unknown,technician,unknown,single,mar,170,success,5
1,5,telephone,(null),0,unknown,2797,basic.9y,0,unknown,technician,unknown,single,mar,170,success,5
0,2,cellular,wed,0,no,2681,basic.6y,-2,no,services,no,married,may,167,nonexistent,2
1,2,cellular,wed,0,no,2681,basic.6y,-2,no,services,no,married,may,167,nonexistent,2
0,2,cellular,wed,0,no,2681,professional.course,-2,no,services,no,married,feb,167,nonexistent,2
1,2,cellular,wed,0,no,2681,professional.course,-2,no,services,no,married,feb,167,nonexistent,2
0,3,cellular,wed,0,no,2688,professional.course,-2,no,student,no,married,may,159,nonexistent,2
1,3,cellular,wed,0,no,2688,professional.course,-2,no,student,no,married,may,159,nonexistent,2
0,6,telephone,(null),0,unknown,2727,high.school,0,unknown,unemployed,unknown,single,mar,163,success,6
1,6,telephone,(null),0,unknown,2727,high.school,0,unknown,unemployed,unknown,single,mar,163,success,6
0,5,telephone,(null),1,unknown,2781,professional.course,0,unknown,management,unknown,single,may,170,success,5
1,5,telephone,(null),1,unknown,2781,professional.course,0,unknown,management,unknown,single,may,170,success,5
0,6,telephone,(null),0,unknown,2727,professional.course,0,unknown,management,unknown,single,may,163,success,6
1,6,telephone,(null),0,unknown,2727,professional.course,0,unknown,management,unknown,single,may,163,success,6
0,3,cellular,wed,0,no,2610,basic.6y,-2,no,student,no,married,may,159,nonexistent,2
1,3,cellular,wed,0,no,2610,basic.6y,-2,no,student,no,married,may,159,nonexistent,2
0,2,cellular,wed,1,no,2603,basic.6y,-2,no,services,no,married,feb,167,nonexistent,2
1,2,cellular,wed,1,no,2603,basic.6y,-2,no,services,no,married,feb,167,nonexistent,2
0,3,cellular,wed,1,no,2610,professional.course,-2,no,student,no,married,feb,159,nonexistent,2
1,3,cellular,wed,1,no,2610,professional.course,-2,no,student,no,married,feb,159,nonexistent,2
0,3,cellular,wed,1,no,2532,basic.6y,-2,no,student,no,married,feb,159,nonexistent,2
1,3,cellular,wed,1,no,2532,basic.6y,-2,no,student,no,married,feb,159,nonexistent,2
0,2,cellular,wed,0,no,2603,basic.9y,-2,no,management,no,married,may,167,nonexistent,2
1,2,cellular,wed,0,no,2603,basic.9y,-2,no,management,no,married,may,167,nonexistent,2
0,2,cellular,wed,0,no,2524,basic.9y,-2,no,blue-collar,no,married,may,167,nonexistent,2
1,2,cellular,wed,0,no,2524,basic.9y,-2,no,blue-collar,no,married,may,167,nonexistent,2
0,2,cellular,wed,1,no,2524,basic.9y,-2,no,management,no,married,feb,167,nonexistent,2
1,2,cellular,wed,1,no,2524,basic.9y,-2,no,management,no,married,feb,167,nonexistent,2
0,5,telephone,fri,0,unknown,2610,illiterate,-1,unknown,housemaid,unknown,married,apr,161,nonexistent,4
1,5,telephone,fri,0,unknown,2610,illiterate,-1,unknown,housemaid,unknown,married,apr,161,nonexistent,4
0,11,telephone,fri,0,unknown,2867,professional.course,-1,unknown,technician,unknown,married,nov,153,nonexistent,4
1,11,telephone,fri,0,unknown,2867,professional.course,-1,unknown,technician,unknown,married,nov,153,nonexistent,4
0,10,telephone,fri,0,unknown,2750,illiterate,-1,unknown,student,unknown,married,nov,149,nonexistent,4
1,10,telephone,fri,0,unknown,2750,illiterate,-1,unknown,student,unknown,married,nov,149,nonexistent,4
0,11,telephone,(null),0,unknown,2781,professional.course,0,unknown,technician,unknown,single,sep,152,success,5
1,11,telephone,(null),0,unknown,2781,professional.course,0,unknown,technician,unknown,single,sep,152,success,5
0,5,telephone,fri,1,unknown,2789,basic.9y,-1,unknown,technician,unknown,married,nov,153,nonexistent,4
1,5,telephone,fri,1,unknown,2789,basic.9y,-1,unknown,technician,unknown,married,nov,153,nonexistent,4
0,2,cellular,tue,0,no,2673,illiterate,-3,no,services,no,divorced,oct,150,failure,1
1,2,cellular,tue,0,no,2673,illiterate,-3,no,services,no,divorced,oct,150,failure,1
0,5,telephone,(null),1,unknown,2719,basic.9y,0,unknown,technician,unknown,single,dec,146,success,5
1,5,telephone,(null),1,unknown,2719,basic.9y,0,unknown,technician,unknown,single,dec,146,success,5
0,5,telephone,(null),0,unknown,2797,professional.course,0,unknown,technician,unknown,single,sep,154,success,5
1,5,telephone,(null),0,unknown,2797,professional.course,0,unknown,technician,unknown,single,sep,154,success,5
0,4,telephone,fri,0,unknown,2704,illiterate,-1,unknown,student,unknown,married,aug,153,nonexistent,4
1,4,telephone,fri,0,unknown,2704,illiterate,-1,unknown,student,unknown,married,aug,153,nonexistent,4
0,12,telephone,(null),0,unknown,2797,professional.course,0,unknown,management,unknown,single,dec,155,success,6
1,12,telephone,(null),0,unknown,2797,professional.course,0,unknown,management,unknown,single,dec,155,success,6
0,5,telephone,fri,0,unknown,2711,illiterate,-1,unknown,management,unknown,married,nov,153,nonexistent,4
1,5,telephone,fri,0,unknown,2711,illiterate,-1,unknown,management,unknown,married,nov,153,nonexistent,4
0,8,cellular,tue,0,no,2595,basic.6y,-3,no,services,no,divorced,oct,150,failure,1
1,8,cellular,tue,0,no,2595,basic.6y,-3,no,services,no,divorced,oct,150,failure,1
0,9,cellular,wed,0,no,2603,professional.course,-2,no,services,no,married,nov,143,nonexistent,2
1,9,cellular,wed,0,no,2603,professional.course,-2,no,services,no,married,nov,143,nonexistent,2
0,9,cellular,wed,0,no,2524,basic.6y,-2,no,services,no,married,nov,143,nonexistent,2
1,9,cellular,wed,0,no,2524,basic.6y,-2,no,services,no,married,nov,143,nonexistent,2
0,8,cellular,tue,0,no,2595,illiterate,-3,no,services,no,divorced,jul,150,failure,1
1,8,cellular,tue,0,no,2595,illiterate,-3,no,services,no,divorced,jul,150,failure,1
0,11,telephone,(null),1,unknown,2641,basic.9y,0,unknown,technician,unknown,single,sep,146,success,5
1,11,telephone,(null),1,unknown,2641,basic.9y,0,unknown,technician,unknown,single,sep,146,success,5
0,9,cellular,wed,1,no,2524,professional.course,-2,no,services,no,married,aug,143,nonexistent,2
1,9,cellular,wed,1,no,2524,professional.course,-2,no,services,no,married,aug,143,nonexistent,2
0,2,cellular,wed,1,no,2603,professional.course,-2,no,services,no,married,nov,143,nonexistent,2
1,2,cellular,wed,1,no,2603,professional.course,-2,no,services,no,married,nov,143,nonexistent,2
0,3,cellular,wed,0,no,2610,basic.9y,-2,no,student,no,married,aug,151,nonexistent,2
1,3,cellular,wed,0,no,2610,basic.9y,-2,no,student,no,married,aug,151,nonexistent,2
0,2,cellular,tue,0,no,2516,basic.6y,-3,no,services,no,divorced,jul,150,failure,1
1,2,cellular,tue,0,no,2516,basic.6y,-3,no,services,no,divorced,jul,150,failure,1
0,4,telephone,fri,0,unknown,2594,illiterate,-1,unknown,student,unknown,married,aug,145,nonexistent,4
1,4,telephone,fri,0,unknown,2594,illiterate,-1,unknown,student,unknown,married,aug,145,nonexistent,4
0,8,cellular,tue,0,no,2516,basic.6y,-3,no,housemaid,no,divorced,oct,150,failure,1
1,8,cellular,tue,0,no,2516,basic.6y,-3,no,housemaid,no,divorced,oct,150,failure,1
0,11,telephone,fri,0,unknown,2610,illiterate,-1,unknown,housemaid,unknown,married,aug,153,nonexistent,4
1,11,telephone,fri,0,unknown,2610,illiterate,-1,unknown,housemaid,unknown,married,aug,153,nonexistent,4
0,4,telephone,fri,0,unknown,2594,illiterate,-1,unknown,housemaid,unknown,married,nov,149,nonexistent,4
1,4,telephone,fri,0,unknown,2594,illiterate,-1,unknown,housemaid,unknown,married,nov,149,nonexistent,4
0,5,telephone,fri,1,unknown,2610,illiterate,-1,unknown,housemaid,unknown,married,aug,153,nonexistent,4
1,5,telephone,fri,1,unknown,2610,illiterate,-1,unknown,housemaid,unknown,married,aug,153,nonexistent,4
0,5,telephone,(null),0,unknown,2563,professional.course,0,unknown,retired,unknown,single,sep,146,success,5
1,5,telephone,(null),0,unknown,2563,professional.course,0,unknown,retired,unknown,single,sep,146,success,5
0,12,telephone,(null),1,unknown,2797,professional.course,0,unknown,unemployed,unknown,single,dec,138,success,6
1,12,telephone,(null),1,unknown,2797,professional.course,0,unknown,unemployed,unknown,single,dec,138,success,6
0,10,telephone,(null),0,unknown,2625,professional.course,0,unknown,technician,unknown,single,nov,136,success,5
1,10,telephone,(null),0,unknown,2625,professional.course,0,unknown,technician,unknown,single,nov,136,success,5
0,11,telephone,(null),0,unknown,2563,professional.course,0,unknown,retired,unknown,single,dec,138,success,5
1,11,telephone,(null),0,unknown,2563,professional.course,0,unknown,retired,unknown,single,dec,138,success,5
0,12,telephone,(null),1,unknown,2571,professional.course,0,unknown,management,unknown,single,dec,131,success,6
1,12,telephone,(null),1,unknown,2571,professional.course,0,unknown,management,unknown,single,dec,131,success,6
0,6,telephone,(null),1,unknown,2571,professional.course,0,unknown,management,unknown,single,dec,139,success,6
1,6,telephone,(null),1,unknown,2571,professional.course,0,unknown,management,unknown,single,dec,139,success,6
0,11,telephone,(null),0,unknown,2719,professional.course,0,unknown,technician,unknown,single,jun,154,success,5
1,11,telephone,(null),0,unknown,2719,professional.course,0,unknown,technician,unknown,single,jun,154,success,5
0,9,telephone,fri,0,unknown,2610,illiterate,-1,unknown,technician,unknown,married,apr,151,nonexistent,4
1,9,telephone,fri,0,unknown,2610,illiterate,-1,unknown,technician,unknown,married,apr,151,nonexistent,4
0,11,telephone,fri,0,unknown,2555,illiterate,-1,unknown,management,unknown,married,may,153,nonexistent,4
1,11,telephone,fri,0,unknown,2555,illiterate,-1,unknown,management,unknown,married,may,153,nonexistent,4
0,24,telephone,(null),1,unknown,3718,professional.course,0,unknown,student,unknown,single,dec,74,success,5
1,24,telephone,(null),1,unknown,3718,professional.course,0,unknown,student,unknown,single,dec,74,success,5
0,25,cellular,tue,1,no,3625,basic.6y,-3,no,entrepreneur,no,divorced,jul,64,failure,1
1,25,cellular,tue,1,no,3625,basic.6y,-3,no,entrepreneur,no,divorced,jul,64,failure,1
0,23,telephone,(null),1,unknown,3718,professional.course,0,unknown,student,unknown,single,sep,68,success,5
1,23,telephone,(null),1,unknown,3718,professional.course,0,unknown,student,unknown,single,sep,68,success,5
0,25,cellular,mon,0,no,3439,basic.4y,-3,no,admin.,no,divorced,jul,63,failure,0
1,25,cellular,mon,0,no,3439,basic.4y,-3,no,admin.,no,divorced,jul,63,failure,0
0,23,telephone,(null),1,unknown,3578,high.school,0,unknown,technician,unknown,single,dec,77,success,6
1,23,telephone,(null),1,unknown,3578,high.school,0,unknown,technician,unknown,single,dec,77,success,6
0,23,telephone,thu,0,unknown,3516,high.school,-1,unknown,retired,unknown,married,oct,66,nonexistent,3
1,23,telephone,thu,0,unknown,3516,high.school,-1,unknown,retired,unknown,married,oct,66,nonexistent,3
0,25,cellular,wed,1,no,3563,basic.9y,-2,no,management,no,married,may,65,nonexistent,2
1,25,cellular,wed,1,no,3563,basic.9y,-2,no,management,no,married,may,65,nonexistent,2
0,23,telephone,(null),1,unknown,3734,professional.course,0,unknown,technician,unknown,single,jun,76,success,6
1,23,telephone,(null),1,unknown,3734,professional.course,0,unknown,technician,unknown,single,jun,76,success,6
0,23,telephone,(null),1,unknown,3578,professional.course,0,unknown,technician,unknown,single,jun,69,success,6
1,23,telephone,(null),1,unknown,3578,professional.course,0,unknown,technician,unknown,single,jun,69,success,6
0,24,telephone,fri,1,unknown,3656,illiterate,-1,unknown,services,unknown,married,feb,73,nonexistent,4
1,24,telephone,fri,1,unknown,3656,illiterate,-1,unknown,services,unknown,married,feb,73,nonexistent,4
0,22,telephone,(null),1,unknown,3578,high.school,0,unknown,technician,unknown,single,dec,69,success,6
1,22,telephone,(null),1,unknown,3578,high.school,0,unknown,technician,unknown,single,dec,69,success,6
0,21,telephone,(null),1,unknown,3687,professional.course,0,unknown,student,unknown,single,sep,74,success,5
1,21,telephone,(null),1,unknown,3687,professional.course,0,unknown,student,unknown,single,sep,74,success,5
0,22,cellular,wed,1,no,3656,professional.course,-2,no,management,no,married,may,65,nonexistent,2
1,22,cellular,wed,1,no,3656,professional.course,-2,no,management,no,married,may,65,nonexistent,2
0,22,telephone,thu,1,unknown,3672,basic.9y,-1,unknown,retired,unknown,married,may,66,nonexistent,3
1,22,telephone,thu,1,unknown,3672,basic.9y,-1,unknown,retired,unknown,married,may,66,nonexistent,3
0,22,telephone,fri,1,unknown,3547,illiterate,-1,unknown,services,unknown,married,may,73,nonexistent,4
1,22,telephone,fri,1,unknown,3547,illiterate,-1,unknown,services,unknown,married,may,73,nonexistent,4
0,20,telephone,fri,1,unknown,3547,basic.9y,-1,unknown,services,unknown,married,may,67,nonexistent,4
1,20,telephone,fri,1,unknown,3547,basic.9y,-1,unknown,services,unknown,married,may,67,nonexistent,4
0,22,cellular,wed,1,no,3500,basic.9y,-2,no,management,no,married,feb,65,nonexistent,2
1,22,cellular,wed,1,no,3500,basic.9y,-2,no,management,no,married,feb,65,nonexistent,2
0,25,telephone,(null),0,unknown,3352,professional.course,0,unknown,technician,unknown,single,nov,120,success,6
1,25,telephone,(null),0,unknown,3352,professional.course,0,unknown,technician,unknown,single,nov,120,success,6
0,24,telephone,fri,1,unknown,3235,illiterate,-1,unknown,services,unknown,married,oct,114,nonexistent,4
1,24,telephone,fri,1,unknown,3235,illiterate,-1,unknown,services,unknown,married,oct,114,nonexistent,4
0,25,cellular,wed,1,no,3329,basic.9y,-2,no,housemaid,no,married,aug,71,nonexistent,2
1,25,cellular,wed,1,no,3329,basic.9y,-2,no,housemaid,no,married,aug,71,nonexistent,2
0,23,telephone,fri,1,unknown,3414,illiterate,-1,unknown,services,unknown,married,oct,73,nonexistent,4
1,23,telephone,fri,1,unknown,3414,illiterate,-1,unknown,services,unknown,married,oct,73,nonexistent,4
0,23,cellular,mon,0,no,3283,basic.4y,-3,no,self-employed,no,divorced,oct,63,failure,0
1,23,cellular,mon,0,no,3283,basic.4y,-3,no,self-employed,no,divorced,oct,63,failure,0
0,23,cellular,wed,1,no,3306,basic.9y,-2,no,blue-collar,no,married,nov,67,nonexistent,2
1,23,cellular,wed,1,no,3306,basic.9y,-2,no,blue-collar,no,married,nov,67,nonexistent,2
0,23,telephone,(null),1,unknown,3344,professional.course,0,unknown,student,unknown,single,sep,74,success,5
1,23,telephone,(null),1,unknown,3344,professional.course,0,unknown,student,unknown,single,sep,74,success,5
0,25,telephone,thu,0,unknown,3204,high.school,-1,unknown,retired,unknown,married,oct,78,nonexistent,3
1,25,telephone,thu,0,unknown,3204,high.school,-1,unknown,retired,unknown,married,oct,78,nonexistent,3
0,23,cellular,mon,1,no,3205,basic.4y,-3,no,admin.,no,divorced,oct,63,failure,0
1,23,cellular,mon,1,no,3205,basic.4y,-3,no,admin.,no,divorced,oct,63,failure,0
0,24,cellular,tue,0,no,3212,basic.6y,-3,no,self-employed,no,divorced,jul,65,failure,0
1,24,cellular,tue,0,no,3212,basic.6y,-3,no,self-employed,no,divorced,jul,65,failure,0
0,23,telephone,(null),1,unknown,3266,professional.course,0,unknown,management,unknown,single,sep,74,success,5
1,23,telephone,(null),1,unknown,3266,professional.course,0,unknown,management,unknown,single,sep,74,success,5
0,23,cellular,tue,1,no,3133,basic.6y,-3,no,blue-collar,no,divorced,oct,65,failure,0
1,23,cellular,tue,1,no,3133,basic.6y,-3,no,blue-collar,no,divorced,oct,65,failure,0
0,23,cellular,mon,1,no,3126,basic.4y,-3,no,self-employed,no,divorced,jul,63,failure,0
1,23,cellular,mon,1,no,3126,basic.4y,-3,no,self-employed,no,divorced,jul,63,failure,0
0,24,cellular,tue,0,no,3133,basic.6y,-3,no,admin.,no,divorced,jul,65,failure,0
1,24,cellular,tue,0,no,3133,basic.6y,-3,no,admin.,no,divorced,jul,65,failure,0
0,22,telephone,fri,1,unknown,3391,illiterate,-1,unknown,services,unknown,married,nov,67,nonexistent,4
1,22,telephone,fri,1,unknown,3391,illiterate,-1,unknown,services,unknown,married,nov,67,nonexistent,4
0,21,telephone,(null),1,unknown,3422,university.degree,0,unknown,technician,unknown,single,sep,76,success,6
1,21,telephone,(null),1,unknown,3422,university.degree,0,unknown,technician,unknown,single,sep,76,success,6
0,21,telephone,fri,1,unknown,3235,illiterate,-1,unknown,services,unknown,married,nov,67,nonexistent,4
1,21,telephone,fri,1,unknown,3235,illiterate,-1,unknown,services,unknown,married,nov,67,nonexistent,4
0,22,telephone,(null),1,unknown,3250,professional.course,0,unknown,student,unknown,single,sep,68,success,5
1,22,telephone,(null),1,unknown,3250,professional.course,0,unknown,student,unknown,single,sep,68,success,5
0,25,telephone,(null),1,unknown,3430,professional.course,0,unknown,technician,unknown,single,may,76,success,6
1,25,telephone,(null),1,unknown,3430,professional.course,0,unknown,technician,unknown,single,may,76,success,6
0,25,cellular,mon,0,no,3283,basic.4y,-3,no,admin.,no,divorced,apr,63,failure,0
1,25,cellular,mon,0,no,3283,basic.4y,-3,no,admin.,no,divorced,apr,63,failure,0
0,25,cellular,wed,1,no,3306,basic.9y,-2,no,housemaid,no,married,feb,65,nonexistent,2
1,25,cellular,wed,1,no,3306,basic.9y,-2,no,housemaid,no,married,feb,65,nonexistent,2
0,23,telephone,fri,0,unknown,3391,illiterate,-1,unknown,services,unknown,married,may,67,nonexistent,4
1,23,telephone,fri,0,unknown,3391,illiterate,-1,unknown,services,unknown,married,may,67,nonexistent,4
0,24,telephone,(null),1,unknown,3422,professional.course,0,unknown,technician,unknown,single,mar,69,success,6
1,24,telephone,(null),1,unknown,3422,professional.course,0,unknown,technician,unknown,single,mar,69,success,6
0,23,telephone,fri,1,unknown,3391,illiterate,-1,unknown,services,unknown,married,feb,73,nonexistent,4
1,23,telephone,fri,1,unknown,3391,illiterate,-1,unknown,services,unknown,married,feb,73,nonexistent,4
0,25,cellular,mon,1,no,3126,basic.4y,-3,no,admin.,no,divorced,jan,63,failure,0
1,25,cellular,mon,1,no,3126,basic.4y,-3,no,admin.,no,divorced,jan,63,failure,0
0,23,telephone,thu,1,unknown,3243,high.school,-1,unknown,retired,unknown,married,may,66,nonexistent,3
1,23,telephone,thu,1,unknown,3243,high.school,-1,unknown,retired,unknown,married,may,66,nonexistent,3
0,23,telephone,(null),0,unknown,3266,professional.course,0,unknown,student,unknown,single,mar,68,success,5
1,23,telephone,(null),0,unknown,3266,professional.course,0,unknown,student,unknown,single,mar,68,success,5
0,24,cellular,mon,0,no,3126,basic.4y,-3,no,self-employed,no,divorced,apr,63,failure,0
1,24,cellular,mon,0,no,3126,basic.4y,-3,no,self-employed,no,divorced,apr,63,failure,0
0,23,telephone,fri,0,unknown,3180,illiterate,-1,unknown,services,unknown,married,feb,67,nonexistent,4
1,23,telephone,fri,0,unknown,3180,illiterate,-1,unknown,services,unknown,married,feb,67,nonexistent,4
0,21,telephone,(null),1,unknown,3375,professional.course,0,unknown,student,unknown,single,jun,74,success,5
1,21,telephone,(null),1,unknown,3375,professional.course,0,unknown,student,unknown,single,jun,74,success,5
0,22,telephone,fri,1,unknown,3313,illiterate,-1,unknown,self-employed,unknown,married,feb,71,nonexistent,4
1,22,telephone,fri,1,unknown,3313,illiterate,-1,unknown,self-employed,unknown,married,feb,71,nonexistent,4
0,20,telephone,thu,1,unknown,3204,high.school,-1,unknown,retired,unknown,married,feb,66,nonexistent,3
1,20,telephone,thu,1,unknown,3204,high.school,-1,unknown,retired,unknown,married,feb,66,nonexistent,3
0,19,telephone,fri,1,unknown,3547,professional.course,-1,unknown,services,unknown,married,nov,67,nonexistent,4
1,19,telephone,fri,1,unknown,3547,professional.course,-1,unknown,services,unknown,married,nov,67,nonexistent,4
0,19,telephone,fri,1,unknown,3391,professional.course,-1,unknown,services,unknown,married,nov,67,nonexistent,4
1,19,telephone,fri,1,unknown,3391,professional.course,-1,unknown,services,unknown,married,nov,67,nonexistent,4
0,19,telephone,(null),1,unknown,3422,high.school,0,unknown,technician,unknown,single,dec,69,success,6
1,19,telephone,(null),1,unknown,3422,high.school,0,unknown,technician,unknown,single,dec,69,success,6
0,17,telephone,(null),1,unknown,3422,high.school,0,unknown,technician,unknown,single,dec,69,success,6
1,17,telephone,(null),1,unknown,3422,high.school,0,unknown,technician,unknown,single,dec,69,success,6
0,19,telephone,fri,1,unknown,3391,basic.9y,-1,unknown,services,unknown,married,aug,67,nonexistent,4
1,19,telephone,fri,1,unknown,3391,basic.9y,-1,unknown,services,unknown,married,aug,67,nonexistent,4
0,19,telephone,fri,1,unknown,3219,professional.course,-1,unknown,self-employed,unknown,married,aug,67,nonexistent,4
1,19,telephone,fri,1,unknown,3219,professional.course,-1,unknown,self-employed,unknown,married,aug,67,nonexistent,4
0,19,telephone,fri,1,unknown,3235,basic.9y,-1,unknown,services,unknown,married,aug,67,nonexistent,4
1,19,telephone,fri,1,unknown,3235,basic.9y,-1,unknown,services,unknown,married,aug,67,nonexistent,4
0,23,cellular,mon,0,no,3595,basic.4y,-3,no,admin.,no,divorced,oct,56,failure,0
1,23,cellular,mon,0,no,3595,basic.4y,-3,no,admin.,no,divorced,oct,56,failure,0
0,23,cellular,tue,0,no,3454,basic.6y,-3,no,blue-collar,no,divorced,oct,60,failure,0
1,23,cellular,tue,0,no,3454,basic.6y,-3,no,blue-collar,no,divorced,oct,60,failure,0
0,23,cellular,mon,1,no,3439,basic.4y,-3,no,admin.,no,divorced,jul,56,failure,0
1,23,cellular,mon,1,no,3439,basic.4y,-3,no,admin.,no,divorced,jul,56,failure,0
0,25,cellular,mon,0,no,3439,basic.4y,-3,no,admin.,no,divorced,apr,60,failure,0
1,25,cellular,mon,0,no,3439,basic.4y,-3,no,admin.,no,divorced,apr,60,failure,0
0,23,cellular,mon,0,no,3595,illiterate,-3,no,admin.,no,divorced,apr,48,failure,0
1,23,cellular,mon,0,no,3595,illiterate,-3,no,admin.,no,divorced,apr,48,failure,0
0,23,telephone,thu,0,unknown,3672,basic.9y,-1,unknown,retired,unknown,married,may,59,nonexistent,3
1,23,telephone,thu,0,unknown,3672,basic.9y,-1,unknown,retired,unknown,married,may,59,nonexistent,3
0,23,cellular,wed,1,no,3485,basic.9y,-2,no,housemaid,no,married,may,57,nonexistent,2
1,23,cellular,wed,1,no,3485,basic.9y,-2,no,housemaid,no,married,may,57,nonexistent,2
0,23,cellular,mon,0,no,3439,basic.4y,-3,no,admin.,no,divorced,jan,48,failure,0
1,23,cellular,mon,0,no,3439,basic.4y,-3,no,admin.,no,divorced,jan,48,failure,0
0,22,cellular,tue,1,no,3470,basic.6y,-3,no,blue-collar,no,divorced,oct,56,failure,0
1,22,cellular,tue,1,no,3470,basic.6y,-3,no,blue-collar,no,divorced,oct,56,failure,0
0,20,cellular,wed,1,no,3563,basic.9y,-2,no,management,no,married,nov,53,nonexistent,2
1,20,cellular,wed,1,no,3563,basic.9y,-2,no,management,no,married,nov,53,nonexistent,2
0,22,cellular,mon,0,no,3595,basic.4y,-3,no,admin.,no,divorced,jul,48,failure,0
1,22,cellular,mon,0,no,3595,basic.4y,-3,no,admin.,no,divorced,jul,48,failure,0
0,22,telephone,thu,1,unknown,3516,high.school,-1,unknown,retired,unknown,married,aug,59,nonexistent,3
1,22,telephone,thu,1,unknown,3516,high.school,-1,unknown,retired,unknown,married,aug,59,nonexistent,3
0,20,telephone,thu,0,unknown,3594,high.school,-1,unknown,retired,unknown,married,aug,55,nonexistent,3
1,20,telephone,thu,0,unknown,3594,high.school,-1,unknown,retired,unknown,married,aug,55,nonexistent,3
0,20,telephone,(null),1,unknown,3734,university.degree,0,unknown,technician,unknown,single,sep,45,success,6
1,20,telephone,(null),1,unknown,3734,university.degree,0,unknown,technician,unknown,single,sep,45,success,6
0,21,telephone,(null),1,unknown,3718,professional.course,0,unknown,technician,unknown,single,jun,58,success,6
1,21,telephone,(null),1,unknown,3718,professional.course,0,unknown,technician,unknown,single,jun,58,success,6
0,20,cellular,wed,1,no,3563,basic.9y,-2,no,management,no,married,feb,43,nonexistent,2
1,20,cellular,wed,1,no,3563,basic.9y,-2,no,management,no,married,feb,43,nonexistent,2
0,20,telephone,fri,1,unknown,3656,illiterate,-1,unknown,services,unknown,married,feb,26,nonexistent,4
1,20,telephone,fri,1,unknown,3656,illiterate,-1,unknown,services,unknown,married,feb,26,nonexistent,4
0,23,cellular,tue,1,no,3298,basic.6y,-3,no,blue-collar,no,divorced,jul,60,failure,0
1,23,cellular,tue,1,no,3298,basic.6y,-3,no,blue-collar,no,divorced,jul,60,failure,0
0,23,cellular,tue,0,no,3298,basic.6y,-3,no,blue-collar,no,divorced,apr,56,failure,0
1,23,cellular,tue,0,no,3298,basic.6y,-3,no,blue-collar,no,divorced,apr,56,failure,0
0,25,cellular,mon,1,no,3283,basic.4y,-3,no,admin.,no,divorced,jan,60,failure,0
1,25,cellular,mon,1,no,3283,basic.4y,-3,no,admin.,no,divorced,jan,60,failure,0
0,23,cellular,wed,1,no,3329,basic.9y,-2,no,housemaid,no,married,feb,57,nonexistent,2
1,23,cellular,wed,1,no,3329,basic.9y,-2,no,housemaid,no,married,feb,57,nonexistent,2
0,23,cellular,tue,0,no,3157,basic.6y,-3,no,entrepreneur,no,divorced,apr,60,failure,1
1,23,cellular,tue,0,no,3157,basic.6y,-3,no,entrepreneur,no,divorced,apr,60,failure,1
0,23,cellular,tue,1,no,3141,basic.6y,-3,no,blue-collar,no,divorced,jan,56,failure,0
1,23,cellular,tue,1,no,3141,basic.6y,-3,no,blue-collar,no,divorced,jan,56,failure,0
0,20,cellular,mon,1,no,3126,basic.4y,-3,no,admin.,no,divorced,jul,48,failure,0
1,20,cellular,mon,1,no,3126,basic.4y,-3,no,admin.,no,divorced,jul,48,failure,0
0,20,cellular,wed,1,no,3250,basic.9y,-2,no,management,no,married,may,53,nonexistent,2
1,20,cellular,wed,1,no,3250,basic.9y,-2,no,management,no,married,may,53,nonexistent,2
0,20,cellular,tue,1,no,3188,basic.6y,-3,no,entrepreneur,no,divorced,jan,50,failure,1
1,20,cellular,tue,1,no,3188,basic.6y,-3,no,entrepreneur,no,divorced,jan,50,failure,1
0,20,telephone,(null),0,unknown,3406,professional.course,0,unknown,technician,unknown,single,mar,45,success,6
1,20,telephone,(null),0,unknown,3406,professional.course,0,unknown,technician,unknown,single,mar,45,success,6
0,18,telephone,fri,1,unknown,3656,illiterate,-1,unknown,services,unknown,married,nov,52,nonexistent,4
1,18,telephone,fri,1,unknown,3656,illiterate,-1,unknown,services,unknown,married,nov,52,nonexistent,4
0,17,cellular,tue,1,no,3501,basic.6y,-3,no,entrepreneur,no,divorced,jul,37,failure,1
1,17,cellular,tue,1,no,3501,basic.6y,-3,no,entrepreneur,no,divorced,jul,37,failure,1
0,18,telephone,(null),0,unknown,3375,professional.course,0,unknown,student,unknown,single,dec,55,success,5
1,18,telephone,(null),0,unknown,3375,professional.course,0,unknown,student,unknown,single,dec,55,success,5
0,18,telephone,(null),0,unknown,3375,professional.course,0,unknown,student,unknown,single,sep,55,success,5
1,18,telephone,(null),0,unknown,3375,professional.course,0,unknown,student,unknown,single,sep,55,success,5
0,19,cellular,tue,1,no,3470,basic.6y,-3,no,blue-collar,no,divorced,apr,49,failure,0
1,19,cellular,tue,1,no,3470,basic.6y,-3,no,blue-collar,no,divorced,apr,49,failure,0
0,19,cellular,wed,0,no,3532,basic.9y,-2,no,housemaid,no,married,may,36,nonexistent,2
1,19,cellular,wed,0,no,3532,basic.9y,-2,no,housemaid,no,married,may,36,nonexistent,2
0,19,cellular,mon,1,no,3439,basic.4y,-3,no,admin.,no,divorced,jan,32,failure,0
1,19,cellular,mon,1,no,3439,basic.4y,-3,no,admin.,no,divorced,jan,32,failure,0
0,17,cellular,wed,1,no,3219,basic.9y,-2,no,housemaid,no,married,may,40,nonexistent,2
1,17,cellular,wed,1,no,3219,basic.9y,-2,no,housemaid,no,married,may,40,nonexistent,2
0,19,cellular,tue,1,no,3188,basic.6y,-3,no,entrepreneur,no,divorced,jan,50,failure,1
1,19,cellular,tue,1,no,3188,basic.6y,-3,no,entrepreneur,no,divorced,jan,50,failure,1
0,19,cellular,wed,1,no,3250,basic.9y,-2,no,management,no,married,feb,37,nonexistent,2
1,19,cellular,wed,1,no,3250,basic.9y,-2,no,management,no,married,feb,37,nonexistent,2
0,16,cellular,tue,1,no,3501,basic.6y,-3,no,entrepreneur,no,divorced,oct,34,failure,1
1,16,cellular,tue,1,no,3501,basic.6y,-3,no,entrepreneur,no,divorced,oct,34,failure,1
0,14,cellular,tue,1,no,3157,basic.6y,-3,no,blue-collar,no,divorced,oct,34,failure,0
1,14,cellular,tue,1,no,3157,basic.6y,-3,no,blue-collar,no,divorced,oct,34,failure,0
0,16,cellular,tue,1,no,3157,basic.6y,-3,no,entrepreneur,no,divorced,jul,49,failure,1
1,16,cellular,tue,1,no,3157,basic.6y,-3,no,entrepreneur,no,divorced,jul,49,failure,1
0,16,cellular,wed,1,no,3219,basic.9y,-2,no,housemaid,no,married,aug,36,nonexistent,2
1,16,cellular,wed,1,no,3219,basic.9y,-2,no,housemaid,no,married,aug,36,nonexistent,2
0,17,telephone,(null),0,unknown,3734,university.degree,0,unknown,technician,unknown,single,dec,29,success,6
1,17,telephone,(null),0,unknown,3734,university.degree,0,unknown,technician,unknown,single,dec,29,success,6
0,18,telephone,(null),1,unknown,3687,professional.course,0,unknown,student,unknown,single,sep,27,success,5
1,18,telephone,(null),1,unknown,3687,professional.course,0,unknown,student,unknown,single,sep,27,success,5
0,17,cellular,mon,1,no,3439,basic.4y,-3,no,admin.,no,divorced,apr,16,failure,0
1,17,cellular,mon,1,no,3439,basic.4y,-3,no,admin.,no,divorced,apr,16,failure,0
0,19,cellular,tue,1,no,3501,basic.6y,-3,no,entrepreneur,no,divorced,jan,18,failure,1
1,19,cellular,tue,1,no,3501,basic.6y,-3,no,entrepreneur,no,divorced,jan,18,failure,1
0,18,telephone,fri,0,unknown,3313,illiterate,-1,unknown,self-employed,unknown,married,apr,24,nonexistent,4
1,18,telephone,fri,0,unknown,3313,illiterate,-1,unknown,self-employed,unknown,married,apr,24,nonexistent,4
0,16,cellular,wed,0,no,3563,basic.9y,-2,no,management,no,married,nov,21,nonexistent,2
1,16,cellular,wed,0,no,3563,basic.9y,-2,no,management,no,married,nov,21,nonexistent,2
0,16,cellular,tue,1,no,3470,basic.6y,-3,no,blue-collar,no,divorced,jul,17,failure,0
1,16,cellular,tue,1,no,3470,basic.6y,-3,no,blue-collar,no,divorced,jul,17,failure,0
0,14,cellular,mon,1,no,3126,basic.4y,-3,no,admin.,no,divorced,jul,16,failure,0
1,14,cellular,mon,1,no,3126,basic.4y,-3,no,admin.,no,divorced,jul,16,failure,0
0,16,cellular,tue,1,no,3188,basic.6y,-3,no,entrepreneur,no,divorced,apr,18,failure,1
1,16,cellular,tue,1,no,3188,basic.6y,-3,no,entrepreneur,no,divorced,apr,18,failure,1
0,17,telephone,(null),0,unknown,3687,professional.course,0,unknown,student,unknown,single,sep,13,success,5
1,17,telephone,(null),0,unknown,3687,professional.course,0,unknown,student,unknown,single,sep,13,success,5
0,18,telephone,thu,0,unknown,3438,high.school,-1,unknown,retired,unknown,married,apr,11,nonexistent,3
1,18,telephone,thu,0,unknown,3438,high.school,-1,unknown,retired,unknown,married,apr,11,nonexistent,3
0,14,cellular,tue,0,no,3188,basic.6y,-3,no,blue-collar,no,divorced,jul,8,failure,0
1,14,cellular,tue,0,no,3188,basic.6y,-3,no,blue-collar,no,divorced,jul,8,failure,0
0,16,cellular,wed,0,no,3219,basic.9y,-2,no,housemaid,no,married,may,10,nonexistent,2
1,16,cellular,wed,0,no,3219,basic.9y,-2,no,housemaid,no,married,may,10,nonexistent,2
0,15,telephone,thu,1,unknown,3438,high.school,-1,unknown,retired,unknown,married,oct,3,nonexistent,3
1,15,telephone,thu,1,unknown,3438,high.school,-1,unknown,retired,unknown,married,oct,3,nonexistent,3
0,18,telephone,(null),1,unknown,3687,professional.course,0,unknown,unemployed,unknown,single,may,6,success,6
1,18,telephone,(null),1,unknown,3687,professional.course,0,unknown,unemployed,unknown,single,may,6,success,6
0,16,cellular,mon,1,no,3439,basic.4y,-3,no,self-employed,no,divorced,apr,0,failure,0
1,16,cellular,mon,1,no,3439,basic.4y,-3,no,self-employed,no,divorced,apr,0,failure,0
0,16,telephone,thu,1,unknown,3282,high.school,-1,unknown,student,unknown,married,may,3,nonexistent,3
1,16,telephone,thu,1,unknown,3282,high.school,-1,unknown,student,unknown,married,may,3,nonexistent,3
0,16,cellular,tue,1,no,3157,basic.6y,-3,no,self-employed,no,divorced,jan,0,failure,0
1,16,cellular,tue,1,no,3157,basic.6y,-3,no,self-employed,no,divorced,jan,0,failure,0
0,18,telephone,(null),0,unknown,3625,professional.course,0,unknown,management,unknown,single,may,5,success,5
1,18,telephone,(null),0,unknown,3625,professional.course,0,unknown,management,unknown,single,may,5,success,5
0,16,cellular,wed,0,no,3250,basic.9y,-2,no,entrepreneur,no,married,may,5,nonexistent,2
1,16,cellular,wed,0,no,3250,basic.9y,-2,no,entrepreneur,no,married,may,5,nonexistent,2
0,16,cellular,mon,1,no,3126,basic.4y,-3,no,admin.,no,divorced,jan,4,failure,0
1,16,cellular,mon,1,no,3126,basic.4y,-3,no,admin.,no,divorced,jan,4,failure,0
0,16,cellular,mon,1,no,3439,basic.4y,-3,no,admin.,no,divorced,apr,0,failure,0
1,16,cellular,mon,1,no,3439,basic.4y,-3,no,admin.,no,divorced,apr,0,failure,0
0,16,telephone,thu,1,unknown,3282,high.school,-1,unknown,housemaid,unknown,married,may,1,nonexistent,3
1,16,telephone,thu,1,unknown,3282,high.school,-1,unknown,housemaid,unknown,married,may,1,nonexistent,3
0,23,cellular,tue,1,no,3000,basic.6y,-3,no,services,no,divorced,aug,99,failure,1
1,23,cellular,tue,1,no,3000,basic.6y,-3,no,services,no,divorced,aug,99,failure,1
0,23,cellular,wed,1,no,3031,basic.9y,-2,no,entrepreneur,no,married,sep,105,nonexistent,2
1,23,cellular,wed,1,no,3031,basic.9y,-2,no,entrepreneur,no,married,sep,105,nonexistent,2
0,23,cellular,mon,0,no,2892,basic.4y,-3,no,self-employed,no,divorced,jul,94,failure,0
1,23,cellular,mon,0,no,2892,basic.4y,-3,no,self-employed,no,divorced,jul,94,failure,0
0,23,cellular,mon,0,no,2892,basic.4y,-3,no,admin.,no,divorced,oct,94,failure,0
1,23,cellular,mon,0,no,2892,basic.4y,-3,no,admin.,no,divorced,oct,94,failure,0
0,23,cellular,tue,1,no,2899,basic.6y,-3,no,admin.,no,divorced,jul,111,failure,0
1,23,cellular,tue,1,no,2899,basic.6y,-3,no,admin.,no,divorced,jul,111,failure,0
0,23,cellular,wed,0,no,2915,basic.9y,-2,no,blue-collar,no,married,aug,98,nonexistent,2
1,23,cellular,wed,0,no,2915,basic.9y,-2,no,blue-collar,no,married,aug,98,nonexistent,2
0,23,cellular,mon,0,no,2970,basic.4y,-3,no,admin.,no,divorced,jul,63,failure,0
1,23,cellular,mon,0,no,2970,basic.4y,-3,no,admin.,no,divorced,jul,63,failure,0
0,23,cellular,tue,0,no,2899,basic.6y,-3,no,self-employed,no,divorced,jul,80,failure,0
1,23,cellular,tue,0,no,2899,basic.6y,-3,no,self-employed,no,divorced,jul,80,failure,0
0,23,cellular,tue,0,no,2899,basic.6y,-3,no,admin.,no,divorced,oct,80,failure,0
1,23,cellular,tue,0,no,2899,basic.6y,-3,no,admin.,no,divorced,oct,80,failure,0
0,23,cellular,tue,0,no,2844,basic.6y,-3,no,blue-collar,no,divorced,jul,68,failure,1
1,23,cellular,tue,0,no,2844,basic.6y,-3,no,blue-collar,no,divorced,jul,68,failure,1
0,22,telephone,fri,1,unknown,3023,illiterate,-1,unknown,technician,unknown,married,nov,119,nonexistent,4
1,22,telephone,fri,1,unknown,3023,illiterate,-1,unknown,technician,unknown,married,nov,119,nonexistent,4
0,22,telephone,(null),1,unknown,3039,professional.course,0,unknown,unemployed,unknown,single,dec,107,success,6
1,22,telephone,(null),1,unknown,3039,professional.course,0,unknown,unemployed,unknown,single,dec,107,success,6
0,21,telephone,(null),0,unknown,2937,professional.course,0,unknown,student,unknown,single,nov,117,success,5
1,21,telephone,(null),0,unknown,2937,professional.course,0,unknown,student,unknown,single,nov,117,success,5
0,22,cellular,mon,1,no,3048,basic.4y,-3,no,self-employed,no,divorced,oct,63,failure,0
1,22,cellular,mon,1,no,3048,basic.4y,-3,no,self-employed,no,divorced,oct,63,failure,0
0,22,telephone,thu,1,unknown,3086,high.school,-1,unknown,retired,unknown,married,aug,66,nonexistent,3
1,22,telephone,thu,1,unknown,3086,high.school,-1,unknown,retired,unknown,married,aug,66,nonexistent,3
0,22,cellular,mon,1,no,2970,basic.4y,-3,no,admin.,no,divorced,oct,63,failure,0
1,22,cellular,mon,1,no,2970,basic.4y,-3,no,admin.,no,divorced,oct,63,failure,0
0,20,telephone,(null),0,unknown,3109,professional.course,0,unknown,student,unknown,single,dec,68,success,5
1,20,telephone,(null),0,unknown,3109,professional.course,0,unknown,student,unknown,single,dec,68,success,5
0,20,telephone,(null),1,unknown,3039,professional.course,0,unknown,technician,unknown,single,sep,69,success,6
1,20,telephone,(null),1,unknown,3039,professional.course,0,unknown,technician,unknown,single,sep,69,success,6
0,21,telephone,(null),0,unknown,2953,professional.course,0,unknown,technician,unknown,single,nov,89,success,6
1,21,telephone,(null),0,unknown,2953,professional.course,0,unknown,technician,unknown,single,nov,89,success,6
0,25,cellular,wed,1,no,3031,basic.9y,-2,no,management,no,married,mar,105,nonexistent,2
1,25,cellular,wed,1,no,3031,basic.9y,-2,no,management,no,married,mar,105,nonexistent,2
0,23,telephone,(null),0,unknown,3031,professional.course,0,unknown,student,unknown,single,may,117,success,5
1,23,telephone,(null),0,unknown,3031,professional.course,0,unknown,student,unknown,single,may,117,success,5
0,23,cellular,tue,1,no,2844,basic.6y,-3,no,services,no,divorced,feb,99,failure,1
1,23,cellular,tue,1,no,2844,basic.6y,-3,no,services,no,divorced,feb,99,failure,1
0,23,cellular,wed,1,no,2875,basic.9y,-2,no,entrepreneur,no,married,mar,105,nonexistent,2
1,23,cellular,wed,1,no,2875,basic.9y,-2,no,entrepreneur,no,married,mar,105,nonexistent,2
0,25,cellular,tue,0,no,2985,basic.6y,-3,no,blue-collar,no,divorced,jan,65,failure,0
1,25,cellular,tue,0,no,2985,basic.6y,-3,no,blue-collar,no,divorced,jan,65,failure,0
0,24,cellular,tue,0,no,3055,basic.6y,-3,no,self-employed,no,divorced,apr,65,failure,0
1,24,cellular,tue,0,no,3055,basic.6y,-3,no,self-employed,no,divorced,apr,65,failure,0
0,24,cellular,mon,1,no,3048,basic.4y,-3,no,admin.,no,divorced,apr,63,failure,0
1,24,cellular,mon,1,no,3048,basic.4y,-3,no,admin.,no,divorced,apr,63,failure,0
0,23,telephone,(null),0,unknown,3039,professional.course,0,unknown,technician,unknown,single,jun,89,success,6
1,23,telephone,(null),0,unknown,3039,professional.course,0,unknown,technician,unknown,single,jun,89,success,6
0,24,cellular,mon,1,no,2970,basic.4y,-3,no,self-employed,no,divorced,jan,63,failure,0
1,24,cellular,mon,1,no,2970,basic.4y,-3,no,self-employed,no,divorced,jan,63,failure,0
0,24,telephone,thu,0,unknown,2891,high.school,-1,unknown,retired,unknown,married,apr,78,nonexistent,3
1,24,telephone,thu,0,unknown,2891,high.school,-1,unknown,retired,unknown,married,apr,78,nonexistent,3
0,22,telephone,(null),1,unknown,3109,professional.course,0,unknown,technician,unknown,single,jun,69,success,6
1,22,telephone,(null),1,unknown,3109,professional.course,0,unknown,technician,unknown,single,jun,69,success,6
0,22,telephone,(null),1,unknown,3109,professional.course,0,unknown,technician,unknown,single,mar,76,success,6
1,22,telephone,(null),1,unknown,3109,professional.course,0,unknown,technician,unknown,single,mar,76,success,6
0,20,telephone,(null),1,unknown,3109,university.degree,0,unknown,technician,unknown,single,jun,76,success,6
1,20,telephone,(null),1,unknown,3109,university.degree,0,unknown,technician,unknown,single,jun,76,success,6
0,20,telephone,(null),1,unknown,3093,professional.course,0,unknown,student,unknown,single,mar,74,success,5
1,20,telephone,(null),1,unknown,3093,professional.course,0,unknown,student,unknown,single,mar,74,success,5
0,22,telephone,(null),0,unknown,2883,professional.course,0,unknown,unemployed,unknown,single,jun,120,success,6
1,22,telephone,(null),0,unknown,2883,professional.course,0,unknown,unemployed,unknown,single,jun,120,success,6
0,20,telephone,(null),1,unknown,2953,professional.course,0,unknown,student,unknown,single,mar,74,success,5
1,20,telephone,(null),1,unknown,2953,professional.course,0,unknown,student,unknown,single,mar,74,success,5
0,20,telephone,(null),1,unknown,2883,professional.course,0,unknown,technician,unknown,single,mar,76,success,6
1,20,telephone,(null),1,unknown,2883,professional.course,0,unknown,technician,unknown,single,mar,76,success,6
0,17,telephone,(null),0,unknown,2883,professional.course,0,unknown,unemployed,unknown,single,dec,122,success,6
1,17,telephone,(null),0,unknown,2883,professional.course,0,unknown,unemployed,unknown,single,dec,122,success,6
0,19,telephone,(null),1,unknown,3093,university.degree,0,unknown,student,unknown,single,sep,68,success,5
1,19,telephone,(null),1,unknown,3093,university.degree,0,unknown,student,unknown,single,sep,68,success,5
0,17,telephone,(null),1,unknown,3093,professional.course,0,unknown,student,unknown,single,sep,68,success,5
1,17,telephone,(null),1,unknown,3093,professional.course,0,unknown,student,unknown,single,sep,68,success,5
0,16,telephone,(null),1,unknown,2953,high.school,0,unknown,technician,unknown,single,dec,69,success,6
1,16,telephone,(null),1,unknown,2953,high.school,0,unknown,technician,unknown,single,dec,69,success,6
0,19,telephone,fri,1,unknown,3062,professional.course,-1,unknown,self-employed,unknown,married,may,67,nonexistent,4
1,19,telephone,fri,1,unknown,3062,professional.course,-1,unknown,self-employed,unknown,married,may,67,nonexistent,4
0,19,telephone,fri,1,unknown,2906,professional.course,-1,unknown,self-employed,unknown,married,may,67,nonexistent,4
1,19,telephone,fri,1,unknown,2906,professional.course,-1,unknown,self-employed,unknown,married,may,67,nonexistent,4
0,19,telephone,(null),1,unknown,2937,basic.9y,0,unknown,student,unknown,single,jun,68,success,5
1,19,telephone,(null),1,unknown,2937,basic.9y,0,unknown,student,unknown,single,jun,68,success,5
0,17,telephone,(null),1,unknown,2953,high.school,0,unknown,technician,unknown,single,jun,69,success,6
1,17,telephone,(null),1,unknown,2953,high.school,0,unknown,technician,unknown,single,jun,69,success,6
0,19,telephone,fri,1,unknown,2906,basic.9y,-1,unknown,self-employed,unknown,married,feb,67,nonexistent,4
1,19,telephone,fri,1,unknown,2906,basic.9y,-1,unknown,self-employed,unknown,married,feb,67,nonexistent,4
0,20,cellular,wed,0,no,2719,basic.9y,-2,no,management,no,married,sep,105,nonexistent,2
1,20,cellular,wed,0,no,2719,basic.9y,-2,no,management,no,married,sep,105,nonexistent,2
0,23,cellular,mon,0,no,2736,basic.4y,-3,no,self-employed,no,divorced,jan,94,failure,0
1,23,cellular,mon,0,no,2736,basic.4y,-3,no,self-employed,no,divorced,jan,94,failure,0
0,23,cellular,tue,0,no,2751,basic.6y,-3,no,blue-collar,no,divorced,jan,112,failure,1
1,23,cellular,tue,0,no,2751,basic.6y,-3,no,blue-collar,no,divorced,jan,112,failure,1
0,23,cellular,tue,1,no,2751,basic.6y,-3,no,blue-collar,no,divorced,feb,96,failure,1
1,23,cellular,tue,1,no,2751,basic.6y,-3,no,blue-collar,no,divorced,feb,96,failure,1
0,21,telephone,(null),0,unknown,2781,professional.course,0,unknown,student,unknown,single,may,117,success,5
1,21,telephone,(null),0,unknown,2781,professional.course,0,unknown,student,unknown,single,may,117,success,5
0,20,cellular,mon,0,no,2501,basic.4y,-3,no,admin.,no,divorced,jul,94,failure,0
1,20,cellular,mon,0,no,2501,basic.4y,-3,no,admin.,no,divorced,jul,94,failure,0
0,20,cellular,wed,0,no,2563,basic.9y,-2,no,management,no,married,mar,105,nonexistent,2
1,20,cellular,wed,0,no,2563,basic.9y,-2,no,management,no,married,mar,105,nonexistent,2
0,21,telephone,thu,1,unknown,2735,high.school,-1,unknown,retired,unknown,married,oct,78,nonexistent,3
1,21,telephone,thu,1,unknown,2735,high.school,-1,unknown,retired,unknown,married,oct,78,nonexistent,3
0,20,cellular,mon,0,no,2580,basic.4y,-3,no,self-employed,no,divorced,oct,63,failure,0
1,20,cellular,mon,0,no,2580,basic.4y,-3,no,self-employed,no,divorced,oct,63,failure,0
0,20,cellular,tue,1,no,2587,basic.6y,-3,no,self-employed,no,divorced,jul,80,failure,0
1,20,cellular,tue,1,no,2587,basic.6y,-3,no,self-employed,no,divorced,jul,80,failure,0
0,20,cellular,tue,0,no,2595,basic.6y,-3,no,services,no,divorced,jul,65,failure,1
1,20,cellular,tue,0,no,2595,basic.6y,-3,no,services,no,divorced,jul,65,failure,1
0,20,cellular,tue,0,no,2532,basic.6y,-3,no,blue-collar,no,divorced,aug,68,failure,1
1,20,cellular,tue,0,no,2532,basic.6y,-3,no,blue-collar,no,divorced,aug,68,failure,1
0,23,cellular,tue,0,no,2673,basic.6y,-3,no,blue-collar,no,divorced,jan,65,failure,0
1,23,cellular,tue,0,no,2673,basic.6y,-3,no,blue-collar,no,divorced,jan,65,failure,0
0,21,telephone,(null),0,unknown,2797,professional.course,0,unknown,technician,unknown,single,may,89,success,6
1,21,telephone,(null),0,unknown,2797,professional.course,0,unknown,technician,unknown,single,may,89,success,6
0,21,telephone,thu,1,unknown,2579,high.school,-1,unknown,retired,unknown,married,apr,78,nonexistent,3
1,21,telephone,thu,1,unknown,2579,high.school,-1,unknown,retired,unknown,married,apr,78,nonexistent,3
0,18,telephone,(null),0,unknown,2781,professional.course,0,unknown,technician,unknown,single,nov,117,success,5
1,18,telephone,(null),0,unknown,2781,professional.course,0,unknown,technician,unknown,single,nov,117,success,5
0,15,telephone,(null),0,unknown,2797,professional.course,0,unknown,unemployed,unknown,single,dec,122,success,6
1,15,telephone,(null),0,unknown,2797,professional.course,0,unknown,unemployed,unknown,single,dec,122,success,6
0,19,cellular,mon,1,no,2580,basic.4y,-3,no,self-employed,no,divorced,oct,110,failure,0
1,19,cellular,mon,1,no,2580,basic.4y,-3,no,self-employed,no,divorced,oct,110,failure,0
0,18,telephone,fri,1,unknown,2610,illiterate,-1,unknown,technician,unknown,married,aug,119,nonexistent,4
1,18,telephone,fri,1,unknown,2610,illiterate,-1,unknown,technician,unknown,married,aug,119,nonexistent,4
0,15,telephone,(null),0,unknown,2641,professional.course,0,unknown,unemployed,unknown,single,sep,122,success,6
1,15,telephone,(null),0,unknown,2641,professional.course,0,unknown,unemployed,unknown,single,sep,122,success,6
0,18,telephone,(null),0,unknown,2625,professional.course,0,unknown,management,unknown,single,nov,121,success,5
1,18,telephone,(null),0,unknown,2625,professional.course,0,unknown,management,unknown,single,nov,121,success,5
0,15,telephone,(null),0,unknown,2563,professional.course,0,unknown,retired,unknown,single,dec,121,success,5
1,15,telephone,(null),0,unknown,2563,professional.course,0,unknown,retired,unknown,single,dec,121,success,5
0,18,telephone,fri,1,unknown,2633,illiterate,-1,unknown,technician,unknown,married,nov,104,nonexistent,4
1,18,telephone,fri,1,unknown,2633,illiterate,-1,unknown,technician,unknown,married,nov,104,nonexistent,4
0,18,telephone,fri,0,unknown,2547,illiterate,-1,unknown,student,unknown,married,nov,102,nonexistent,4
1,18,telephone,fri,0,unknown,2547,illiterate,-1,unknown,student,unknown,married,nov,102,nonexistent,4
0,18,telephone,(null),1,unknown,2563,professional.course,0,unknown,technician,unknown,single,sep,105,success,5
1,18,telephone,(null),1,unknown,2563,professional.course,0,unknown,technician,unknown,single,sep,105,success,5
0,18,telephone,(null),0,unknown,2563,professional.course,0,unknown,management,unknown,single,dec,105,success,5
1,18,telephone,(null),0,unknown,2563,professional.course,0,unknown,management,unknown,single,dec,105,success,5
0,15,telephone,(null),0,unknown,2641,professional.course,0,unknown,technician,unknown,single,nov,107,success,6
1,15,telephone,(null),0,unknown,2641,professional.course,0,unknown,technician,unknown,single,nov,107,success,6
0,19,telephone,(null),1,unknown,2571,professional.course,0,unknown,unemployed,unknown,single,jun,122,success,6
1,19,telephone,(null),1,unknown,2571,professional.course,0,unknown,unemployed,unknown,single,jun,122,success,6
0,18,telephone,(null),1,unknown,2641,professional.course,0,unknown,technician,unknown,single,nov,89,success,6
1,18,telephone,(null),1,unknown,2641,professional.course,0,unknown,technician,unknown,single,nov,89,success,6
0,19,telephone,(null),1,unknown,2797,university.degree,0,unknown,technician,unknown,single,jun,69,success,6
1,19,telephone,(null),1,unknown,2797,university.degree,0,unknown,technician,unknown,single,jun,69,success,6
0,19,telephone,thu,1,unknown,2735,professional.course,-1,unknown,retired,unknown,married,feb,66,nonexistent,3
1,19,telephone,thu,1,unknown,2735,professional.course,-1,unknown,retired,unknown,married,feb,66,nonexistent,3
0,19,telephone,fri,1,unknown,2750,basic.9y,-1,unknown,self-employed,unknown,married,feb,67,nonexistent,4
1,19,telephone,fri,1,unknown,2750,basic.9y,-1,unknown,self-employed,unknown,married,feb,67,nonexistent,4
0,19,telephone,(null),1,unknown,2649,professional.course,0,unknown,technician,unknown,single,mar,76,success,6
1,19,telephone,(null),1,unknown,2649,professional.course,0,unknown,technician,unknown,single,mar,76,success,6
0,23,cellular,tue,0,no,3055,basic.6y,-3,no,blue-collar,no,divorced,jan,56,failure,0
1,23,cellular,tue,0,no,3055,basic.6y,-3,no,blue-collar,no,divorced,jan,56,failure,0
0,20,cellular,tue,1,no,2985,basic.6y,-3,no,blue-collar,no,divorced,oct,56,failure,0
1,20,cellular,tue,1,no,2985,basic.6y,-3,no,blue-collar,no,divorced,oct,56,failure,0
0,20,cellular,wed,1,no,3031,basic.9y,-2,no,management,no,married,aug,58,nonexistent,2
1,20,cellular,wed,1,no,3031,basic.9y,-2,no,management,no,married,aug,58,nonexistent,2
0,20,cellular,wed,0,no,2915,basic.9y,-2,no,housemaid,no,married,aug,57,nonexistent,2
1,20,cellular,wed,0,no,2915,basic.9y,-2,no,housemaid,no,married,aug,57,nonexistent,2
0,20,cellular,mon,1,no,2970,basic.4y,-3,no,admin.,no,divorced,apr,48,failure,0
1,20,cellular,mon,1,no,2970,basic.4y,-3,no,admin.,no,divorced,apr,48,failure,0
0,22,cellular,wed,1,no,3031,basic.9y,-2,no,management,no,married,feb,58,nonexistent,2
1,22,cellular,wed,1,no,3031,basic.9y,-2,no,management,no,married,feb,58,nonexistent,2
0,20,telephone,thu,1,unknown,3047,high.school,-1,unknown,retired,unknown,married,feb,55,nonexistent,3
1,20,telephone,thu,1,unknown,3047,high.school,-1,unknown,retired,unknown,married,feb,55,nonexistent,3
0,22,cellular,mon,0,no,2892,basic.4y,-3,no,admin.,no,divorced,apr,56,failure,0
1,22,cellular,mon,0,no,2892,basic.4y,-3,no,admin.,no,divorced,apr,56,failure,0
0,22,cellular,tue,1,no,2907,basic.6y,-3,no,entrepreneur,no,divorced,jan,57,failure,1
1,22,cellular,tue,1,no,2907,basic.6y,-3,no,entrepreneur,no,divorced,jan,57,failure,1
0,22,cellular,tue,1,no,2821,basic.6y,-3,no,blue-collar,no,divorced,jan,56,failure,0
1,22,cellular,tue,1,no,2821,basic.6y,-3,no,blue-collar,no,divorced,jan,56,failure,0
0,20,telephone,thu,0,unknown,2891,high.school,-1,unknown,retired,unknown,married,may,59,nonexistent,3
1,20,telephone,thu,0,unknown,2891,high.school,-1,unknown,retired,unknown,married,may,59,nonexistent,3
0,20,cellular,tue,1,no,2844,basic.6y,-3,no,entrepreneur,no,divorced,jan,50,failure,1
1,20,cellular,tue,1,no,2844,basic.6y,-3,no,entrepreneur,no,divorced,jan,50,failure,1
0,20,cellular,mon,1,no,2736,basic.4y,-3,no,admin.,no,divorced,jan,48,failure,0
1,20,cellular,mon,1,no,2736,basic.4y,-3,no,admin.,no,divorced,jan,48,failure,0
0,18,telephone,thu,1,unknown,2969,high.school,-1,unknown,retired,unknown,married,nov,55,nonexistent,3
1,18,telephone,thu,1,unknown,2969,high.school,-1,unknown,retired,unknown,married,nov,55,nonexistent,3
0,17,cellular,mon,0,no,2970,illiterate,-3,no,admin.,no,divorced,oct,40,failure,0
1,17,cellular,mon,0,no,2970,illiterate,-3,no,admin.,no,divorced,oct,40,failure,0
0,18,telephone,(null),1,unknown,3062,professional.course,0,unknown,student,unknown,single,sep,59,success,5
1,18,telephone,(null),1,unknown,3062,professional.course,0,unknown,student,unknown,single,sep,59,success,5
0,17,cellular,mon,0,no,2814,basic.4y,-3,no,admin.,no,divorced,jul,40,failure,0
1,17,cellular,mon,0,no,2814,basic.4y,-3,no,admin.,no,divorced,jul,40,failure,0
0,17,cellular,tue,1,no,2876,basic.6y,-3,no,entrepreneur,no,divorced,apr,50,failure,1
1,17,cellular,tue,1,no,2876,basic.6y,-3,no,entrepreneur,no,divorced,apr,50,failure,1
0,17,telephone,(null),1,unknown,3093,professional.course,0,unknown,technician,unknown,single,jun,45,success,6
1,17,telephone,(null),1,unknown,3093,professional.course,0,unknown,technician,unknown,single,jun,45,success,6
0,17,cellular,wed,0,no,2938,basic.9y,-2,no,management,no,married,feb,43,nonexistent,2
1,17,cellular,wed,0,no,2938,basic.9y,-2,no,management,no,married,feb,43,nonexistent,2
0,14,cellular,mon,1,no,2814,basic.4y,-3,no,admin.,no,divorced,oct,32,failure,0
1,14,cellular,mon,1,no,2814,basic.4y,-3,no,admin.,no,divorced,oct,32,failure,0
0,14,cellular,tue,1,no,2876,basic.6y,-3,no,entrepreneur,no,divorced,jul,37,failure,1
1,14,cellular,tue,1,no,2876,basic.6y,-3,no,entrepreneur,no,divorced,jul,37,failure,1
0,16,cellular,mon,1,no,2814,basic.4y,-3,no,admin.,no,divorced,apr,48,failure,0
1,16,cellular,mon,1,no,2814,basic.4y,-3,no,admin.,no,divorced,apr,48,failure,0
0,16,cellular,wed,1,no,2938,basic.9y,-2,no,management,no,married,may,37,nonexistent,2
1,16,cellular,wed,1,no,2938,basic.9y,-2,no,management,no,married,may,37,nonexistent,2
0,16,cellular,mon,1,no,2814,basic.4y,-3,no,admin.,no,divorced,jan,32,failure,0
1,16,cellular,mon,1,no,2814,basic.4y,-3,no,admin.,no,divorced,jan,32,failure,0
0,17,telephone,fri,0,unknown,3031,illiterate,-1,unknown,services,unknown,married,feb,26,nonexistent,4
1,17,telephone,fri,0,unknown,3031,illiterate,-1,unknown,services,unknown,married,feb,26,nonexistent,4
0,14,telephone,(null),0,unknown,3109,university.degree,0,unknown,technician,unknown,single,dec,29,success,6
1,14,telephone,(null),0,unknown,3109,university.degree,0,unknown,technician,unknown,single,dec,29,success,6
0,15,telephone,(null),0,unknown,3062,professional.course,0,unknown,student,unknown,single,sep,27,success,5
1,15,telephone,(null),0,unknown,3062,professional.course,0,unknown,student,unknown,single,sep,27,success,5
0,14,cellular,mon,1,no,2814,basic.4y,-3,no,admin.,no,divorced,apr,16,failure,0
1,14,cellular,mon,1,no,2814,basic.4y,-3,no,admin.,no,divorced,apr,16,failure,0
0,16,cellular,tue,0,no,2876,basic.6y,-3,no,entrepreneur,no,divorced,jan,18,failure,1
1,16,cellular,tue,0,no,2876,basic.6y,-3,no,entrepreneur,no,divorced,jan,18,failure,1
0,14,cellular,tue,1,no,2876,basic.6y,-3,no,entrepreneur,no,divorced,mar,9,failure,1
1,14,cellular,tue,1,no,2876,basic.6y,-3,no,entrepreneur,no,divorced,mar,9,failure,1
0,14,cellular,tue,1,no,2845,basic.6y,-3,no,blue-collar,no,divorced,jan,0,failure,0
1,14,cellular,tue,1,no,2845,basic.6y,-3,no,blue-collar,no,divorced,jan,0,failure,0
0,19,cellular,wed,1,no,2766,basic.9y,-2,no,management,no,married,sep,58,nonexistent,2
1,19,cellular,wed,1,no,2766,basic.9y,-2,no,management,no,married,sep,58,nonexistent,2
0,19,cellular,wed,1,no,2688,basic.9y,-2,no,management,no,married,aug,58,nonexistent,2
1,19,cellular,wed,1,no,2688,basic.9y,-2,no,management,no,married,aug,58,nonexistent,2
0,17,telephone,thu,1,unknown,2735,high.school,-1,unknown,retired,unknown,married,oct,55,nonexistent,3
1,17,telephone,thu,1,unknown,2735,high.school,-1,unknown,retired,unknown,married,oct,55,nonexistent,3
0,17,cellular,tue,1,no,2595,basic.6y,-3,no,services,no,divorced,jul,50,failure,1
1,17,cellular,tue,1,no,2595,basic.6y,-3,no,services,no,divorced,jul,50,failure,1
0,17,cellular,wed,1,no,2610,basic.9y,-2,no,entrepreneur,no,married,sep,53,nonexistent,2
1,17,cellular,wed,1,no,2610,basic.9y,-2,no,entrepreneur,no,married,sep,53,nonexistent,2
0,17,cellular,wed,1,no,2532,basic.9y,-2,no,entrepreneur,no,married,aug,53,nonexistent,2
1,17,cellular,wed,1,no,2532,basic.9y,-2,no,entrepreneur,no,married,aug,53,nonexistent,2
0,14,cellular,wed,0,no,2625,basic.9y,-2,no,management,no,married,nov,43,nonexistent,2
1,14,cellular,wed,0,no,2625,basic.9y,-2,no,management,no,married,nov,43,nonexistent,2
0,14,cellular,tue,0,no,2532,basic.6y,-3,no,blue-collar,no,divorced,jul,34,failure,0
1,14,cellular,tue,0,no,2532,basic.6y,-3,no,blue-collar,no,divorced,jul,34,failure,0
0,18,telephone,(null),1,unknown,2781,professional.course,0,unknown,student,unknown,single,jun,59,success,5
1,18,telephone,(null),1,unknown,2781,professional.course,0,unknown,student,unknown,single,jun,59,success,5
0,17,cellular,mon,1,no,2658,basic.4y,-3,no,admin.,no,divorced,apr,40,failure,0
1,17,cellular,mon,1,no,2658,basic.4y,-3,no,admin.,no,divorced,apr,40,failure,0
0,17,cellular,mon,1,no,2658,basic.4y,-3,no,admin.,no,divorced,jan,48,failure,0
1,17,cellular,mon,1,no,2658,basic.4y,-3,no,admin.,no,divorced,jan,48,failure,0
0,17,cellular,mon,1,no,2658,basic.4y,-3,no,admin.,no,divorced,jan,40,failure,0
1,17,cellular,mon,1,no,2658,basic.4y,-3,no,admin.,no,divorced,jan,40,failure,0
0,19,cellular,wed,1,no,2603,basic.9y,-2,no,housemaid,no,married,feb,52,nonexistent,2
1,19,cellular,wed,1,no,2603,basic.9y,-2,no,housemaid,no,married,feb,52,nonexistent,2
0,19,cellular,mon,1,no,2501,basic.4y,-3,no,admin.,no,divorced,jan,48,failure,0
1,19,cellular,mon,1,no,2501,basic.4y,-3,no,admin.,no,divorced,jan,48,failure,0
0,17,telephone,(null),1,unknown,2625,professional.course,0,unknown,student,unknown,single,jun,59,success,5
1,17,telephone,(null),1,unknown,2625,professional.course,0,unknown,student,unknown,single,jun,59,success,5
0,17,cellular,wed,1,no,2547,basic.9y,-2,no,housemaid,no,married,feb,52,nonexistent,2
1,17,cellular,wed,1,no,2547,basic.9y,-2,no,housemaid,no,married,feb,52,nonexistent,2
0,17,cellular,tue,0,no,2516,basic.6y,-3,no,blue-collar,no,divorced,jan,40,failure,0
1,17,cellular,tue,0,no,2516,basic.6y,-3,no,blue-collar,no,divorced,jan,40,failure,0
0,14,cellular,wed,1,no,2625,basic.9y,-2,no,management,no,married,may,43,nonexistent,2
1,14,cellular,wed,1,no,2625,basic.9y,-2,no,management,no,married,may,43,nonexistent,2
0,16,cellular,tue,1,no,2563,basic.6y,-3,no,entrepreneur,no,divorced,jan,50,failure,1
1,16,cellular,tue,1,no,2563,basic.6y,-3,no,entrepreneur,no,divorced,jan,50,failure,1
0,16,cellular,wed,0,no,2625,basic.9y,-2,no,management,no,married,feb,37,nonexistent,2
1,16,cellular,wed,0,no,2625,basic.9y,-2,no,management,no,married,feb,37,nonexistent,2
0,15,telephone,(null),0,unknown,2750,professional.course,0,unknown,student,unknown,single,may,27,success,5
1,15,telephone,(null),0,unknown,2750,professional.course,0,unknown,student,unknown,single,may,27,success,5
0,14,telephone,(null),0,unknown,2797,professional.course,0,unknown,technician,unknown,single,jun,14,success,6
1,14,telephone,(null),0,unknown,2797,professional.course,0,unknown,technician,unknown,single,jun,14,success,6
0,15,telephone,fri,0,unknown,2719,illiterate,-1,unknown,services,unknown,married,feb,12,nonexistent,4
1,15,telephone,fri,0,unknown,2719,illiterate,-1,unknown,services,unknown,married,feb,12,nonexistent,4
0,14,telephone,fri,0,unknown,2688,illiterate,-1,unknown,student,unknown,married,feb,4,nonexistent,4
1,14,telephone,fri,0,unknown,2688,illiterate,-1,unknown,student,unknown,married,feb,4,nonexistent,4
0,14,telephone,thu,0,unknown,2657,high.school,-1,unknown,housemaid,unknown,married,feb,5,nonexistent,3
1,14,telephone,thu,0,unknown,2657,high.school,-1,unknown,housemaid,unknown,married,feb,5,nonexistent,3
0,14,telephone,fri,0,unknown,2688,illiterate,-1,unknown,housemaid,unknown,married,feb,1,nonexistent,4
1,14,telephone,fri,0,unknown,2688,illiterate,-1,unknown,housemaid,unknown,married,feb,1,nonexistent,4
0,12,telephone,(null),0,unknown,2641,professional.course,0,unknown,unemployed,unknown,single,nov,122,success,6
1,12,telephone,(null),0,unknown,2641,professional.course,0,unknown,unemployed,unknown,single,nov,122,success,6
0,12,telephone,(null),1,unknown,2571,university.degree,0,unknown,unemployed,unknown,single,dec,107,success,6
1,12,telephone,(null),1,unknown,2571,university.degree,0,unknown,unemployed,unknown,single,dec,107,success,6
0,13,cellular,tue,0,no,2876,basic.6y,-3,no,entrepreneur,no,divorced,oct,34,failure,1
1,13,cellular,tue,0,no,2876,basic.6y,-3,no,entrepreneur,no,divorced,oct,34,failure,1
0,11,cellular,tue,0,no,2532,basic.6y,-3,no,blue-collar,no,divorced,oct,34,failure,0
1,11,cellular,tue,0,no,2532,basic.6y,-3,no,blue-collar,no,divorced,oct,34,failure,0
0,13,cellular,wed,1,no,2594,basic.9y,-2,no,housemaid,no,married,aug,36,nonexistent,2
1,13,cellular,wed,1,no,2594,basic.9y,-2,no,housemaid,no,married,aug,36,nonexistent,2
0,13,cellular,mon,1,no,2501,basic.4y,-3,no,admin.,no,divorced,apr,32,failure,0
1,13,cellular,mon,1,no,2501,basic.4y,-3,no,admin.,no,divorced,apr,32,failure,0
0,13,cellular,mon,1,no,3126,basic.4y,-3,no,admin.,no,divorced,oct,16,failure,0
1,13,cellular,mon,1,no,3126,basic.4y,-3,no,admin.,no,divorced,oct,16,failure,0
0,13,telephone,thu,1,unknown,2969,high.school,-1,unknown,retired,unknown,married,nov,23,nonexistent,3
1,13,telephone,thu,1,unknown,2969,high.school,-1,unknown,retired,unknown,married,nov,23,nonexistent,3
0,13,cellular,tue,1,no,2845,basic.6y,-3,no,blue-collar,no,divorced,jul,17,failure,0
1,13,cellular,tue,1,no,2845,basic.6y,-3,no,blue-collar,no,divorced,jul,17,failure,0
0,11,cellular,mon,1,no,2501,basic.4y,-3,no,admin.,no,divorced,jul,16,failure,0
1,11,cellular,mon,1,no,2501,basic.4y,-3,no,admin.,no,divorced,jul,16,failure,0
0,13,cellular,tue,1,no,2563,basic.6y,-3,no,entrepreneur,no,divorced,apr,18,failure,1
1,13,cellular,tue,1,no,2563,basic.6y,-3,no,entrepreneur,no,divorced,apr,18,failure,1
0,10,cellular,tue,1,no,2532,basic.6y,-3,no,blue-collar,no,divorced,oct,17,failure,0
1,10,cellular,tue,1,no,2532,basic.6y,-3,no,blue-collar,no,divorced,oct,17,failure,0
0,13,cellular,tue,1,no,3188,basic.6y,-3,no,entrepreneur,no,divorced,oct,9,failure,1
1,13,cellular,tue,1,no,3188,basic.6y,-3,no,entrepreneur,no,divorced,oct,9,failure,1
0,11,cellular,tue,1,no,2625,basic.6y,-3,no,entrepreneur,no,divorced,aug,9,failure,1
1,11,cellular,tue,1,no,2625,basic.6y,-3,no,entrepreneur,no,divorced,aug,9,failure,1
0,13,cellular,wed,0,no,2594,basic.9y,-2,no,housemaid,no,married,may,10,nonexistent,2
1,13,cellular,wed,0,no,2594,basic.9y,-2,no,housemaid,no,married,may,10,nonexistent,2
0,13,cellular,mon,1,no,2501,basic.4y,-3,no,admin.,no,divorced,jan,8,failure,0
1,13,cellular,mon,1,no,2501,basic.4y,-3,no,admin.,no,divorced,jan,8,failure,0
0,10,cellular,tue,1,no,2563,basic.6y,-3,no,entrepreneur,no,divorced,oct,9,failure,1
1,10,cellular,tue,1,no,2563,basic.6y,-3,no,entrepreneur,no,divorced,oct,9,failure,1
0,13,cellular,wed,1,no,3219,basic.9y,-2,no,housemaid,no,married,nov,2,nonexistent,2
1,13,cellular,wed,1,no,3219,basic.9y,-2,no,housemaid,no,married,nov,2,nonexistent,2
0,12,telephone,thu,0,unknown,2813,high.school,-1,unknown,retired,unknown,married,oct,3,nonexistent,3
1,12,telephone,thu,0,unknown,2813,high.school,-1,unknown,retired,unknown,married,oct,3,nonexistent,3
0,10,cellular,wed,0,no,2594,basic.9y,-2,no,housemaid,no,married,nov,2,nonexistent,2
1,10,cellular,wed,0,no,2594,basic.9y,-2,no,housemaid,no,married,nov,2,nonexistent,2
0,13,cellular,mon,0,no,2814,basic.4y,-3,no,self-employed,no,divorced,apr,0,failure,0
1,13,cellular,mon,0,no,2814,basic.4y,-3,no,self-employed,no,divorced,apr,0,failure,0
0,13,telephone,thu,1,unknown,2657,high.school,-1,unknown,student,unknown,married,may,3,nonexistent,3
1,13,telephone,thu,1,unknown,2657,high.school,-1,unknown,student,unknown,married,may,3,nonexistent,3
0,13,cellular,tue,1,no,2532,basic.6y,-3,no,self-employed,no,divorced,jan,0,failure,0
1,13,cellular,tue,1,no,2532,basic.6y,-3,no,self-employed,no,divorced,jan,0,failure,0
0,13,cellular,wed,0,no,2625,basic.9y,-2,no,entrepreneur,no,married,may,5,nonexistent,2
1,13,cellular,wed,0,no,2625,basic.9y,-2,no,entrepreneur,no,married,may,5,nonexistent,2
0,13,cellular,mon,1,no,2501,basic.4y,-3,no,admin.,no,divorced,jan,4,failure,0
1,13,cellular,mon,1,no,2501,basic.4y,-3,no,admin.,no,divorced,jan,4,failure,0
0,13,cellular,mon,1,no,2814,basic.4y,-3,no,admin.,no,divorced,apr,0,failure,0
1,13,cellular,mon,1,no,2814,basic.4y,-3,no,admin.,no,divorced,apr,0,failure,0
0,13,telephone,thu,0,unknown,2657,high.school,-1,unknown,housemaid,unknown,married,may,1,nonexistent,3
1,13,telephone,thu,0,unknown,2657,high.school,-1,unknown,housemaid,unknown,married,may,1,nonexistent,3
0,20,cellular,mon,0,no,2423,basic.4y,-3,no,admin.,no,divorced,jan,141,failure,0
1,20,cellular,mon,0,no,2423,basic.4y,-3,no,admin.,no,divorced,jan,141,failure,0
0,20,cellular,tue,0,no,2430,basic.6y,-3,no,admin.,no,divorced,jan,126,failure,0
1,20,cellular,tue,0,no,2430,basic.6y,-3,no,admin.,no,divorced,jan,126,failure,0
0,14,cellular,tue,0,no,2430,basic.6y,-3,no,admin.,no,divorced,jul,157,failure,0
1,14,cellular,tue,0,no,2430,basic.6y,-3,no,admin.,no,divorced,jul,157,failure,0
0,17,cellular,mon,1,no,2345,basic.4y,-3,no,admin.,no,divorced,jan,157,failure,0
1,17,cellular,mon,1,no,2345,basic.4y,-3,no,admin.,no,divorced,jan,157,failure,0
0,14,cellular,tue,1,no,2430,basic.6y,-3,no,self-employed,no,divorced,jan,157,failure,0
1,14,cellular,tue,1,no,2430,basic.6y,-3,no,self-employed,no,divorced,jan,157,failure,0
0,14,cellular,wed,0,no,2446,basic.9y,-2,no,blue-collar,no,married,may,159,nonexistent,2
1,14,cellular,wed,0,no,2446,basic.9y,-2,no,blue-collar,no,married,may,159,nonexistent,2
0,15,telephone,thu,0,unknown,2461,high.school,-1,unknown,housemaid,unknown,married,feb,160,nonexistent,3
1,15,telephone,thu,0,unknown,2461,high.school,-1,unknown,housemaid,unknown,married,feb,160,nonexistent,3
0,14,cellular,tue,1,no,2352,basic.6y,-3,no,admin.,no,divorced,apr,157,failure,0
1,14,cellular,tue,1,no,2352,basic.6y,-3,no,admin.,no,divorced,apr,157,failure,0
0,14,cellular,wed,1,no,2368,basic.9y,-2,no,blue-collar,no,married,feb,159,nonexistent,2
1,14,cellular,wed,1,no,2368,basic.9y,-2,no,blue-collar,no,married,feb,159,nonexistent,2
0,14,cellular,tue,0,no,2274,basic.6y,-3,no,admin.,no,divorced,jan,157,failure,0
1,14,cellular,tue,0,no,2274,basic.6y,-3,no,admin.,no,divorced,jan,157,failure,0
0,17,cellular,wed,0,no,2453,basic.9y,-2,no,entrepreneur,no,married,sep,146,nonexistent,2
1,17,cellular,wed,0,no,2453,basic.9y,-2,no,entrepreneur,no,married,sep,146,nonexistent,2
0,17,cellular,wed,0,no,2368,basic.9y,-2,no,blue-collar,no,married,aug,143,nonexistent,2
1,17,cellular,wed,0,no,2368,basic.9y,-2,no,blue-collar,no,married,aug,143,nonexistent,2
0,14,cellular,tue,0,no,2438,basic.6y,-3,no,services,no,divorced,jul,143,failure,1
1,14,cellular,tue,0,no,2438,basic.6y,-3,no,services,no,divorced,jul,143,failure,1
0,14,cellular,wed,0,no,2453,basic.9y,-2,no,entrepreneur,no,married,nov,143,nonexistent,2
1,14,cellular,wed,0,no,2453,basic.9y,-2,no,entrepreneur,no,married,nov,143,nonexistent,2
0,14,cellular,wed,1,no,2406,basic.9y,-2,no,entrepreneur,no,married,aug,146,nonexistent,2
1,14,cellular,wed,1,no,2406,basic.9y,-2,no,entrepreneur,no,married,aug,146,nonexistent,2
0,17,cellular,tue,1,no,2375,basic.6y,-3,no,services,no,divorced,aug,127,failure,1
1,17,cellular,tue,1,no,2375,basic.6y,-3,no,services,no,divorced,aug,127,failure,1
0,17,cellular,wed,0,no,2406,basic.9y,-2,no,entrepreneur,no,married,sep,130,nonexistent,2
1,17,cellular,wed,0,no,2406,basic.9y,-2,no,entrepreneur,no,married,sep,130,nonexistent,2
0,14,cellular,tue,0,no,2375,basic.6y,-3,no,services,no,divorced,oct,127,failure,1
1,14,cellular,tue,0,no,2375,basic.6y,-3,no,services,no,divorced,oct,127,failure,1
0,15,telephone,thu,1,unknown,2461,high.school,-1,unknown,student,unknown,married,aug,132,nonexistent,3
1,15,telephone,thu,1,unknown,2461,high.school,-1,unknown,student,unknown,married,aug,132,nonexistent,3
0,14,cellular,wed,0,no,2375,basic.9y,-2,no,student,no,married,aug,130,nonexistent,2
1,14,cellular,wed,0,no,2375,basic.9y,-2,no,student,no,married,aug,130,nonexistent,2
0,15,telephone,thu,0,unknown,2461,high.school,-1,unknown,housemaid,unknown,married,nov,136,nonexistent,3
1,15,telephone,thu,0,unknown,2461,high.school,-1,unknown,housemaid,unknown,married,nov,136,nonexistent,3
0,15,telephone,fri,0,unknown,2469,illiterate,-1,unknown,housemaid,unknown,married,nov,129,nonexistent,4
1,15,telephone,fri,0,unknown,2469,illiterate,-1,unknown,housemaid,unknown,married,nov,129,nonexistent,4
0,15,telephone,fri,1,unknown,2398,illiterate,-1,unknown,housemaid,unknown,married,aug,129,nonexistent,4
1,15,telephone,fri,1,unknown,2398,illiterate,-1,unknown,housemaid,unknown,married,aug,129,nonexistent,4
0,17,cellular,mon,0,no,2345,basic.4y,-3,no,self-employed,no,divorced,apr,149,failure,0
1,17,cellular,mon,0,no,2345,basic.4y,-3,no,self-employed,no,divorced,apr,149,failure,0
0,17,cellular,tue,0,no,2360,basic.6y,-3,no,services,no,divorced,jan,150,failure,1
1,17,cellular,tue,0,no,2360,basic.6y,-3,no,services,no,divorced,jan,150,failure,1
0,17,cellular,wed,0,no,2375,basic.9y,-2,no,student,no,married,mar,143,nonexistent,2
1,17,cellular,wed,0,no,2375,basic.9y,-2,no,student,no,married,mar,143,nonexistent,2
0,18,telephone,fri,0,unknown,2391,illiterate,-1,unknown,housemaid,unknown,married,may,145,nonexistent,4
1,18,telephone,fri,0,unknown,2391,illiterate,-1,unknown,housemaid,unknown,married,may,145,nonexistent,4
0,14,cellular,wed,0,no,2453,basic.9y,-2,no,student,no,married,feb,151,nonexistent,2
1,14,cellular,wed,0,no,2453,basic.9y,-2,no,student,no,married,feb,151,nonexistent,2
0,14,cellular,tue,0,no,2360,basic.6y,-3,no,services,no,divorced,jan,150,failure,1
1,14,cellular,tue,0,no,2360,basic.6y,-3,no,services,no,divorced,jan,150,failure,1
0,14,cellular,wed,0,no,2375,basic.9y,-2,no,student,no,married,mar,143,nonexistent,2
1,14,cellular,wed,0,no,2375,basic.9y,-2,no,student,no,married,mar,143,nonexistent,2
0,15,telephone,fri,0,unknown,2437,illiterate,-1,unknown,housemaid,unknown,married,may,149,nonexistent,4
1,15,telephone,fri,0,unknown,2437,illiterate,-1,unknown,housemaid,unknown,married,may,149,nonexistent,4
0,18,telephone,fri,1,unknown,2476,illiterate,-1,unknown,technician,unknown,married,apr,135,nonexistent,4
1,18,telephone,fri,1,unknown,2476,illiterate,-1,unknown,technician,unknown,married,apr,135,nonexistent,4
0,17,cellular,wed,1,no,2375,basic.9y,-2,no,student,no,married,may,135,nonexistent,2
1,17,cellular,wed,1,no,2375,basic.9y,-2,no,student,no,married,may,135,nonexistent,2
0,18,telephone,fri,0,unknown,2391,illiterate,-1,unknown,student,unknown,married,apr,129,nonexistent,4
1,18,telephone,fri,0,unknown,2391,illiterate,-1,unknown,student,unknown,married,apr,129,nonexistent,4
0,18,telephone,(null),0,unknown,2492,professional.course,0,unknown,management,unknown,single,may,138,success,6
1,18,telephone,(null),0,unknown,2492,professional.course,0,unknown,management,unknown,single,may,138,success,6
0,18,telephone,fri,1,unknown,2398,illiterate,-1,unknown,housemaid,unknown,married,apr,135,nonexistent,4
1,18,telephone,fri,1,unknown,2398,illiterate,-1,unknown,housemaid,unknown,married,apr,135,nonexistent,4
0,15,telephone,fri,1,unknown,2453,illiterate,-1,unknown,technician,unknown,married,may,135,nonexistent,4
1,15,telephone,fri,1,unknown,2453,illiterate,-1,unknown,technician,unknown,married,may,135,nonexistent,4
0,17,cellular,tue,0,no,2274,basic.6y,-3,no,admin.,no,divorced,jul,142,failure,0
1,17,cellular,tue,0,no,2274,basic.6y,-3,no,admin.,no,divorced,jul,142,failure,0
0,14,cellular,tue,1,no,2282,basic.6y,-3,no,blue-collar,no,divorced,aug,142,failure,1
1,14,cellular,tue,1,no,2282,basic.6y,-3,no,blue-collar,no,divorced,aug,142,failure,1
0,17,cellular,tue,0,no,2282,basic.6y,-3,no,services,no,divorced,feb,142,failure,1
1,17,cellular,tue,0,no,2282,basic.6y,-3,no,services,no,divorced,feb,142,failure,1
0,17,cellular,wed,1,no,2290,basic.9y,-2,no,blue-collar,no,married,feb,145,nonexistent,2
1,17,cellular,wed,1,no,2290,basic.9y,-2,no,blue-collar,no,married,feb,145,nonexistent,2
0,14,cellular,mon,0,no,2267,basic.4y,-3,no,self-employed,no,divorced,jan,149,failure,0
1,14,cellular,mon,0,no,2267,basic.4y,-3,no,self-employed,no,divorced,jan,149,failure,0
0,14,cellular,mon,0,no,2189,basic.4y,-3,no,admin.,no,divorced,apr,149,failure,0
1,14,cellular,mon,0,no,2189,basic.4y,-3,no,admin.,no,divorced,apr,149,failure,0
0,14,cellular,tue,0,no,2204,basic.6y,-3,no,blue-collar,no,divorced,jan,150,failure,1
1,14,cellular,tue,0,no,2204,basic.6y,-3,no,blue-collar,no,divorced,jan,150,failure,1
0,17,cellular,mon,0,no,2267,basic.4y,-3,no,self-employed,no,divorced,jul,125,failure,0
1,17,cellular,mon,0,no,2267,basic.4y,-3,no,self-employed,no,divorced,jul,125,failure,0
0,17,cellular,tue,1,no,2274,basic.6y,-3,no,admin.,no,divorced,jul,133,failure,0
1,17,cellular,tue,1,no,2274,basic.6y,-3,no,admin.,no,divorced,jul,133,failure,0
0,17,cellular,tue,0,no,2282,basic.6y,-3,no,blue-collar,no,divorced,jul,126,failure,1
1,17,cellular,tue,0,no,2282,basic.6y,-3,no,blue-collar,no,divorced,jul,126,failure,1
0,14,cellular,wed,1,no,2290,basic.9y,-2,no,services,no,married,aug,127,nonexistent,2
1,14,cellular,wed,1,no,2290,basic.9y,-2,no,services,no,married,aug,127,nonexistent,2
0,14,cellular,wed,0,no,2250,basic.9y,-2,no,entrepreneur,no,married,sep,130,nonexistent,2
1,14,cellular,wed,0,no,2250,basic.9y,-2,no,entrepreneur,no,married,sep,130,nonexistent,2
0,17,cellular,tue,1,no,2219,basic.6y,-3,no,services,no,divorced,feb,127,failure,1
1,17,cellular,tue,1,no,2219,basic.6y,-3,no,services,no,divorced,feb,127,failure,1
0,17,cellular,wed,1,no,2250,basic.9y,-2,no,entrepreneur,no,married,mar,130,nonexistent,2
1,17,cellular,wed,1,no,2250,basic.9y,-2,no,entrepreneur,no,married,mar,130,nonexistent,2
0,15,telephone,thu,0,unknown,2266,high.school,-1,unknown,student,unknown,married,apr,132,nonexistent,3
1,15,telephone,thu,0,unknown,2266,high.school,-1,unknown,student,unknown,married,apr,132,nonexistent,3
0,15,telephone,(null),0,unknown,2328,professional.course,0,unknown,management,unknown,single,may,136,success,5
1,15,telephone,(null),0,unknown,2328,professional.course,0,unknown,management,unknown,single,may,136,success,5
0,17,cellular,tue,0,no,2118,basic.6y,-3,no,admin.,no,divorced,jan,125,failure,0
1,17,cellular,tue,0,no,2118,basic.6y,-3,no,admin.,no,divorced,jan,125,failure,0
0,14,cellular,mon,1,no,2033,basic.4y,-3,no,admin.,no,divorced,jan,141,failure,0
1,14,cellular,mon,1,no,2033,basic.4y,-3,no,admin.,no,divorced,jan,141,failure,0
0,14,cellular,wed,0,no,2134,basic.9y,-2,no,blue-collar,no,married,aug,127,nonexistent,2
1,14,cellular,wed,0,no,2134,basic.9y,-2,no,blue-collar,no,married,aug,127,nonexistent,2
0,14,cellular,tue,0,no,2063,basic.6y,-3,no,services,no,divorced,feb,127,failure,1
1,14,cellular,tue,0,no,2063,basic.6y,-3,no,services,no,divorced,feb,127,failure,1
0,15,telephone,fri,0,unknown,2157,illiterate,-1,unknown,housemaid,unknown,married,may,129,nonexistent,4
1,15,telephone,fri,0,unknown,2157,illiterate,-1,unknown,housemaid,unknown,married,may,129,nonexistent,4
0,14,cellular,wed,0,no,2056,basic.9y,-2,no,blue-collar,no,married,feb,135,nonexistent,2
1,14,cellular,wed,0,no,2056,basic.9y,-2,no,blue-collar,no,married,feb,135,nonexistent,2
0,14,cellular,wed,0,no,1978,basic.9y,-2,no,blue-collar,no,married,feb,129,nonexistent,2
1,14,cellular,wed,0,no,1978,basic.9y,-2,no,blue-collar,no,married,feb,129,nonexistent,2
0,14,cellular,mon,1,no,1876,basic.4y,-3,no,admin.,no,divorced,apr,125,failure,0
1,14,cellular,mon,1,no,1876,basic.4y,-3,no,admin.,no,divorced,apr,125,failure,0
0,8,cellular,tue,1,no,2430,basic.6y,-3,no,admin.,no,divorced,jul,157,failure,0
1,8,cellular,tue,1,no,2430,basic.6y,-3,no,admin.,no,divorced,jul,157,failure,0
0,8,cellular,tue,0,no,2375,basic.6y,-3,no,entrepreneur,no,divorced,feb,159,failure,1
1,8,cellular,tue,0,no,2375,basic.6y,-3,no,entrepreneur,no,divorced,feb,159,failure,1
0,11,cellular,tue,1,no,2274,basic.6y,-3,no,admin.,no,divorced,jan,157,failure,0
1,11,cellular,tue,1,no,2274,basic.6y,-3,no,admin.,no,divorced,jan,157,failure,0
0,8,cellular,tue,1,no,2438,basic.6y,-3,no,admin.,no,divorced,oct,150,failure,1
1,8,cellular,tue,1,no,2438,basic.6y,-3,no,admin.,no,divorced,oct,150,failure,1
0,9,cellular,wed,1,no,2391,basic.9y,-2,no,blue-collar,no,married,nov,143,nonexistent,2
1,9,cellular,wed,1,no,2391,basic.9y,-2,no,blue-collar,no,married,nov,143,nonexistent,2
0,11,telephone,(null),0,unknown,2484,professional.course,0,unknown,entrepreneur,unknown,single,sep,146,success,5
1,11,telephone,(null),0,unknown,2484,professional.course,0,unknown,entrepreneur,unknown,single,sep,146,success,5
0,9,cellular,wed,1,no,2453,basic.6y,-2,no,student,no,married,nov,135,nonexistent,2
1,9,cellular,wed,1,no,2453,basic.6y,-2,no,student,no,married,nov,135,nonexistent,2
0,10,telephone,thu,1,unknown,2461,professional.course,-1,unknown,student,unknown,married,nov,128,nonexistent,3
1,10,telephone,thu,1,unknown,2461,professional.course,-1,unknown,student,unknown,married,nov,128,nonexistent,3
0,10,telephone,thu,1,unknown,2383,basic.9y,-1,unknown,student,unknown,married,nov,128,nonexistent,3
1,10,telephone,thu,1,unknown,2383,basic.9y,-1,unknown,student,unknown,married,nov,128,nonexistent,3
0,11,telephone,(null),0,unknown,2484,professional.course,0,unknown,technician,unknown,single,sep,130,success,5
1,11,telephone,(null),0,unknown,2484,professional.course,0,unknown,technician,unknown,single,sep,130,success,5
0,11,telephone,fri,0,unknown,2476,illiterate,-1,unknown,housemaid,unknown,married,nov,137,nonexistent,4
1,11,telephone,fri,0,unknown,2476,illiterate,-1,unknown,housemaid,unknown,married,nov,137,nonexistent,4
0,9,cellular,wed,0,no,2375,basic.9y,-2,no,management,no,married,nov,135,nonexistent,2
1,9,cellular,wed,0,no,2375,basic.9y,-2,no,management,no,married,nov,135,nonexistent,2
0,11,telephone,(null),1,unknown,2484,professional.course,0,unknown,management,unknown,single,dec,130,success,5
1,11,telephone,(null),1,unknown,2484,professional.course,0,unknown,management,unknown,single,dec,130,success,5
0,11,telephone,fri,1,unknown,2398,illiterate,-1,unknown,housemaid,unknown,married,nov,129,nonexistent,4
1,11,telephone,fri,1,unknown,2398,illiterate,-1,unknown,housemaid,unknown,married,nov,129,nonexistent,4
0,12,telephone,(null),0,unknown,2492,professional.course,0,unknown,management,unknown,single,sep,139,success,6
1,12,telephone,(null),0,unknown,2492,professional.course,0,unknown,management,unknown,single,sep,139,success,6
0,12,telephone,(null),0,unknown,2414,professional.course,0,unknown,entrepreneur,unknown,single,sep,139,success,6
1,12,telephone,(null),0,unknown,2414,professional.course,0,unknown,entrepreneur,unknown,single,sep,139,success,6
0,12,telephone,(null),0,unknown,2414,professional.course,0,unknown,retired,unknown,single,sep,131,success,6
1,12,telephone,(null),0,unknown,2414,professional.course,0,unknown,retired,unknown,single,sep,131,success,6
0,8,cellular,mon,0,no,2345,basic.4y,-3,no,self-employed,no,divorced,apr,149,failure,0
1,8,cellular,mon,0,no,2345,basic.4y,-3,no,self-employed,no,divorced,apr,149,failure,0
0,9,cellular,wed,1,no,2453,basic.9y,-2,no,student,no,married,feb,151,nonexistent,2
1,9,cellular,wed,1,no,2453,basic.9y,-2,no,student,no,married,feb,151,nonexistent,2
0,8,cellular,tue,1,no,2360,basic.6y,-3,no,services,no,divorced,jan,150,failure,1
1,8,cellular,tue,1,no,2360,basic.6y,-3,no,services,no,divorced,jan,150,failure,1
0,11,telephone,fri,0,unknown,2476,illiterate,-1,unknown,technician,unknown,married,feb,145,nonexistent,4
1,11,telephone,fri,0,unknown,2476,illiterate,-1,unknown,technician,unknown,married,feb,145,nonexistent,4
0,10,telephone,thu,0,unknown,2383,high.school,-1,unknown,student,unknown,married,feb,144,nonexistent,3
1,10,telephone,thu,0,unknown,2383,high.school,-1,unknown,student,unknown,married,feb,144,nonexistent,3
0,10,telephone,fri,0,unknown,2437,illiterate,-1,unknown,housemaid,unknown,married,may,149,nonexistent,4
1,10,telephone,fri,0,unknown,2437,illiterate,-1,unknown,housemaid,unknown,married,may,149,nonexistent,4
0,11,telephone,fri,0,unknown,2453,illiterate,-1,unknown,technician,unknown,married,may,137,nonexistent,4
1,11,telephone,fri,0,unknown,2453,illiterate,-1,unknown,technician,unknown,married,may,137,nonexistent,4
0,11,telephone,(null),0,unknown,2406,university.degree,0,unknown,technician,unknown,single,jun,130,success,5
1,11,telephone,(null),0,unknown,2406,university.degree,0,unknown,technician,unknown,single,jun,130,success,5
0,11,telephone,fri,1,unknown,2398,professional.course,-1,unknown,technician,unknown,married,feb,137,nonexistent,4
1,11,telephone,fri,1,unknown,2398,professional.course,-1,unknown,technician,unknown,married,feb,137,nonexistent,4
0,12,telephone,(null),0,unknown,2414,professional.course,0,unknown,retired,unknown,single,jun,139,success,6
1,12,telephone,(null),0,unknown,2414,professional.course,0,unknown,retired,unknown,single,jun,139,success,6
0,11,cellular,tue,1,no,2282,basic.6y,-3,no,blue-collar,no,divorced,jul,143,failure,1
1,11,cellular,tue,1,no,2282,basic.6y,-3,no,blue-collar,no,divorced,jul,143,failure,1
0,8,cellular,mon,0,no,2267,basic.4y,-3,no,admin.,no,divorced,jul,149,failure,0
1,8,cellular,mon,0,no,2267,basic.4y,-3,no,admin.,no,divorced,jul,149,failure,0
0,8,cellular,tue,0,no,2204,basic.6y,-3,no,admin.,no,divorced,jul,141,failure,0
1,8,cellular,tue,0,no,2204,basic.6y,-3,no,admin.,no,divorced,jul,141,failure,0
0,8,cellular,wed,0,no,2235,basic.9y,-2,no,services,no,married,aug,127,nonexistent,2
1,8,cellular,wed,0,no,2235,basic.9y,-2,no,services,no,married,aug,127,nonexistent,2
0,11,cellular,wed,0,no,2219,basic.9y,-2,no,entrepreneur,no,married,nov,127,nonexistent,2
1,11,cellular,wed,0,no,2219,basic.9y,-2,no,entrepreneur,no,married,nov,127,nonexistent,2
0,12,telephone,fri,1,unknown,2235,illiterate,-1,unknown,housemaid,unknown,married,aug,129,nonexistent,4
1,12,telephone,fri,1,unknown,2235,illiterate,-1,unknown,housemaid,unknown,married,aug,129,nonexistent,4
0,9,telephone,thu,1,unknown,2266,high.school,-1,unknown,housemaid,unknown,married,nov,128,nonexistent,3
1,9,telephone,thu,1,unknown,2266,high.school,-1,unknown,housemaid,unknown,married,nov,128,nonexistent,3
0,9,telephone,(null),0,unknown,2328,professional.course,0,unknown,management,unknown,single,sep,130,success,5
1,9,telephone,(null),0,unknown,2328,professional.course,0,unknown,management,unknown,single,sep,130,success,5
0,9,cellular,wed,0,no,2235,basic.9y,-2,no,housemaid,no,married,feb,145,nonexistent,2
1,9,cellular,wed,0,no,2235,basic.9y,-2,no,housemaid,no,married,feb,145,nonexistent,2
0,8,cellular,tue,0,no,2219,basic.6y,-3,no,services,no,divorced,apr,134,failure,1
1,8,cellular,tue,0,no,2219,basic.6y,-3,no,services,no,divorced,apr,134,failure,1
0,11,telephone,fri,0,unknown,2320,basic.9y,-1,unknown,technician,unknown,married,feb,137,nonexistent,4
1,11,telephone,fri,0,unknown,2320,basic.9y,-1,unknown,technician,unknown,married,feb,137,nonexistent,4
0,8,cellular,tue,0,no,2204,illiterate,-3,no,services,no,divorced,jan,134,failure,1
1,8,cellular,tue,0,no,2204,illiterate,-3,no,services,no,divorced,jan,134,failure,1
0,11,telephone,(null),0,unknown,2250,basic.9y,0,unknown,technician,unknown,single,mar,130,success,5
1,11,telephone,(null),0,unknown,2250,basic.9y,0,unknown,technician,unknown,single,mar,130,success,5
0,12,telephone,(null),1,unknown,2336,professional.course,0,unknown,entrepreneur,unknown,single,jun,139,success,6
1,12,telephone,(null),1,unknown,2336,professional.course,0,unknown,entrepreneur,unknown,single,jun,139,success,6
0,11,telephone,(null),1,unknown,2250,professional.course,0,unknown,management,unknown,single,jun,130,success,5
1,11,telephone,(null),1,unknown,2250,professional.course,0,unknown,management,unknown,single,jun,130,success,5
0,2,cellular,tue,1,no,2375,basic.6y,-3,no,entrepreneur,no,divorced,feb,159,failure,1
1,2,cellular,tue,1,no,2375,basic.6y,-3,no,entrepreneur,no,divorced,feb,159,failure,1
0,1,cellular,mon,0,no,2423,basic.4y,-3,no,self-employed,no,divorced,jul,149,failure,0
1,1,cellular,mon,0,no,2423,basic.4y,-3,no,self-employed,no,divorced,jul,149,failure,0
0,1,cellular,tue,0,no,2360,basic.6y,-3,no,self-employed,no,divorced,jul,141,failure,0
1,1,cellular,tue,0,no,2360,basic.6y,-3,no,self-employed,no,divorced,jul,141,failure,0
0,1,cellular,mon,0,no,2345,basic.4y,-3,no,admin.,no,divorced,oct,149,failure,0
1,1,cellular,mon,0,no,2345,basic.4y,-3,no,admin.,no,divorced,oct,149,failure,0
0,2,cellular,tue,0,no,2360,basic.6y,-3,no,blue-collar,no,divorced,jul,150,failure,1
1,2,cellular,tue,0,no,2360,basic.6y,-3,no,blue-collar,no,divorced,jul,150,failure,1
0,5,telephone,(null),1,unknown,2484,professional.course,0,unknown,entrepreneur,unknown,single,sep,146,success,5
1,5,telephone,(null),1,unknown,2484,professional.course,0,unknown,entrepreneur,unknown,single,sep,146,success,5
0,1,cellular,tue,0,no,2274,basic.6y,-3,no,admin.,no,divorced,oct,141,failure,0
1,1,cellular,tue,0,no,2274,basic.6y,-3,no,admin.,no,divorced,oct,141,failure,0
0,1,cellular,tue,1,no,2204,basic.6y,-3,no,admin.,no,divorced,jul,141,failure,0
1,1,cellular,tue,1,no,2204,basic.6y,-3,no,admin.,no,divorced,jul,141,failure,0
0,4,telephone,thu,0,unknown,2422,high.school,-1,unknown,student,unknown,married,oct,132,nonexistent,3
1,4,telephone,thu,0,unknown,2422,high.school,-1,unknown,student,unknown,married,oct,132,nonexistent,3
0,6,telephone,(null),0,unknown,2492,professional.course,0,unknown,entrepreneur,unknown,single,dec,139,success,6
1,6,telephone,(null),0,unknown,2492,professional.course,0,unknown,entrepreneur,unknown,single,dec,139,success,6
0,5,telephone,(null),0,unknown,2406,professional.course,0,unknown,management,unknown,single,dec,130,success,5
1,5,telephone,(null),0,unknown,2406,professional.course,0,unknown,management,unknown,single,dec,130,success,5
0,6,telephone,(null),0,unknown,2484,professional.course,0,unknown,management,unknown,single,sep,139,success,6
1,6,telephone,(null),0,unknown,2484,professional.course,0,unknown,management,unknown,single,sep,139,success,6
0,2,cellular,tue,0,no,2219,basic.6y,-3,no,services,no,divorced,aug,127,failure,1
1,2,cellular,tue,0,no,2219,basic.6y,-3,no,services,no,divorced,aug,127,failure,1
0,3,cellular,wed,0,no,2250,basic.9y,-2,no,entrepreneur,no,married,nov,130,nonexistent,2
1,3,cellular,wed,0,no,2250,basic.9y,-2,no,entrepreneur,no,married,nov,130,nonexistent,2
0,2,cellular,tue,0,no,2204,basic.6y,-3,no,housemaid,no,divorced,jul,134,failure,1
1,2,cellular,tue,0,no,2204,basic.6y,-3,no,housemaid,no,divorced,jul,134,failure,1
0,1,cellular,mon,1,no,2345,basic.4y,-3,no,self-employed,no,divorced,apr,149,failure,0
1,1,cellular,mon,1,no,2345,basic.4y,-3,no,self-employed,no,divorced,apr,149,failure,0
0,4,telephone,thu,0,unknown,2461,high.school,-1,unknown,student,unknown,married,may,144,nonexistent,3
1,4,telephone,thu,0,unknown,2461,high.school,-1,unknown,student,unknown,married,may,144,nonexistent,3
0,2,cellular,wed,0,no,2368,basic.9y,-2,no,services,no,married,may,143,nonexistent,2
1,2,cellular,wed,0,no,2368,basic.9y,-2,no,services,no,married,may,143,nonexistent,2
0,4,telephone,thu,1,unknown,2461,basic.9y,-1,unknown,student,unknown,married,feb,152,nonexistent,3
1,4,telephone,thu,1,unknown,2461,basic.9y,-1,unknown,student,unknown,married,feb,152,nonexistent,3
0,1,cellular,mon,0,no,2345,illiterate,-3,no,self-employed,no,divorced,jan,149,failure,0
1,1,cellular,mon,0,no,2345,illiterate,-3,no,self-employed,no,divorced,jan,149,failure,0
0,5,telephone,fri,1,unknown,2476,illiterate,-1,unknown,technician,unknown,married,feb,145,nonexistent,4
1,5,telephone,fri,1,unknown,2476,illiterate,-1,unknown,technician,unknown,married,feb,145,nonexistent,4
0,4,telephone,thu,1,unknown,2383,high.school,-1,unknown,student,unknown,married,feb,144,nonexistent,3
1,4,telephone,thu,1,unknown,2383,high.school,-1,unknown,student,unknown,married,feb,144,nonexistent,3
0,4,telephone,thu,0,unknown,2383,high.school,-1,unknown,housemaid,unknown,married,apr,152,nonexistent,3
1,4,telephone,thu,0,unknown,2383,high.school,-1,unknown,housemaid,unknown,married,apr,152,nonexistent,3
0,2,cellular,wed,1,no,2235,basic.9y,-2,no,housemaid,no,married,feb,145,nonexistent,2
1,2,cellular,wed,1,no,2235,basic.9y,-2,no,housemaid,no,married,feb,145,nonexistent,2
0,5,telephone,fri,1,unknown,2476,professional.course,-1,unknown,technician,unknown,married,may,137,nonexistent,4
1,5,telephone,fri,1,unknown,2476,professional.course,-1,unknown,technician,unknown,married,may,137,nonexistent,4
0,5,telephone,fri,0,unknown,2398,basic.9y,-1,unknown,technician,unknown,married,may,137,nonexistent,4
1,5,telephone,fri,0,unknown,2398,basic.9y,-1,unknown,technician,unknown,married,may,137,nonexistent,4
0,5,telephone,(null),0,unknown,2406,professional.course,0,unknown,technician,unknown,single,mar,138,success,5
1,5,telephone,(null),0,unknown,2406,professional.course,0,unknown,technician,unknown,single,mar,138,success,5
0,2,cellular,tue,0,no,2282,illiterate,-3,no,services,no,divorced,apr,134,failure,1
1,2,cellular,tue,0,no,2282,illiterate,-3,no,services,no,divorced,apr,134,failure,1
0,5,telephone,(null),0,unknown,2328,basic.9y,0,unknown,technician,unknown,single,jun,130,success,5
1,5,telephone,(null),0,unknown,2328,basic.9y,0,unknown,technician,unknown,single,jun,130,success,5
0,2,cellular,wed,0,no,2212,professional.course,-2,no,services,no,married,may,127,nonexistent,2
1,2,cellular,wed,0,no,2212,professional.course,-2,no,services,no,married,may,127,nonexistent,2
0,4,telephone,thu,0,unknown,2266,high.school,-1,unknown,student,unknown,married,feb,136,nonexistent,3
1,4,telephone,thu,0,unknown,2266,high.school,-1,unknown,student,unknown,married,feb,136,nonexistent,3
0,5,telephone,(null),0,unknown,2312,professional.course,0,unknown,management,unknown,single,may,136,success,5
1,5,telephone,(null),0,unknown,2312,professional.course,0,unknown,management,unknown,single,may,136,success,5
0,8,cellular,wed,0,no,2079,basic.9y,-2,no,blue-collar,no,married,aug,127,nonexistent,2
1,8,cellular,wed,0,no,2079,basic.9y,-2,no,blue-collar,no,married,aug,127,nonexistent,2
0,11,cellular,tue,0,no,2040,basic.6y,-3,no,admin.,no,divorced,jan,141,failure,0
1,11,cellular,tue,0,no,2040,basic.6y,-3,no,admin.,no,divorced,jan,141,failure,0
0,8,cellular,tue,0,no,2048,basic.6y,-3,no,admin.,no,divorced,jan,142,failure,0
1,8,cellular,tue,0,no,2048,basic.6y,-3,no,admin.,no,divorced,jan,142,failure,0
0,9,cellular,wed,0,no,2094,basic.9y,-2,no,management,no,married,mar,130,nonexistent,2
1,9,cellular,wed,0,no,2094,basic.9y,-2,no,management,no,married,mar,130,nonexistent,2
0,11,cellular,tue,0,no,1907,basic.6y,-3,no,blue-collar,no,divorced,feb,127,failure,1
1,11,cellular,tue,0,no,1907,basic.6y,-3,no,blue-collar,no,divorced,feb,127,failure,1
0,8,cellular,tue,0,no,1907,basic.6y,-3,no,blue-collar,no,divorced,feb,127,failure,1
1,8,cellular,tue,0,no,1907,basic.6y,-3,no,blue-collar,no,divorced,feb,127,failure,1
0,2,cellular,tue,0,no,2063,basic.6y,-3,no,blue-collar,no,divorced,aug,127,failure,1
1,2,cellular,tue,0,no,2063,basic.6y,-3,no,blue-collar,no,divorced,aug,127,failure,1
0,1,cellular,tue,1,no,2118,basic.6y,-3,no,admin.,no,divorced,apr,141,failure,0
1,1,cellular,tue,1,no,2118,basic.6y,-3,no,admin.,no,divorced,apr,141,failure,0
0,1,cellular,tue,1,no,2048,basic.6y,-3,no,admin.,no,divorced,jan,142,failure,0
1,1,cellular,tue,1,no,2048,basic.6y,-3,no,admin.,no,divorced,jan,142,failure,0
0,3,cellular,wed,1,no,2094,basic.9y,-2,no,management,no,married,mar,130,nonexistent,2
1,3,cellular,wed,1,no,2094,basic.9y,-2,no,management,no,married,mar,130,nonexistent,2
0,1,cellular,tue,0,no,1962,basic.4y,-3,no,self-employed,no,divorced,jan,125,failure,0
1,1,cellular,tue,0,no,1962,basic.4y,-3,no,self-employed,no,divorced,jan,125,failure,0
0,1,cellular,mon,0,no,1955,basic.4y,-3,no,admin.,no,divorced,apr,133,failure,0
1,1,cellular,mon,0,no,1955,basic.4y,-3,no,admin.,no,divorced,apr,133,failure,0
0,1,cellular,tue,0,no,1891,basic.6y,-3,no,admin.,no,divorced,apr,125,failure,0
1,1,cellular,tue,0,no,1891,basic.6y,-3,no,admin.,no,divorced,apr,125,failure,0
0,1,cellular,mon,1,no,1876,basic.4y,-3,no,admin.,no,divorced,jan,133,failure,0
1,1,cellular,mon,1,no,1876,basic.4y,-3,no,admin.,no,divorced,jan,133,failure,0
0,1,cellular,tue,0,no,1883,basic.6y,-3,no,housemaid,no,divorced,jan,125,failure,0
1,1,cellular,tue,0,no,1883,basic.6y,-3,no,housemaid,no,divorced,jan,125,failure,0
0,1,cellular,tue,1,no,1805,basic.6y,-3,no,admin.,no,divorced,jan,125,failure,0
1,1,cellular,tue,1,no,1805,basic.6y,-3,no,admin.,no,divorced,jan,125,failure,0
0,20,cellular,mon,0,no,2345,basic.4y,-3,no,admin.,no,divorced,jan,94,failure,0
1,20,cellular,mon,0,no,2345,basic.4y,-3,no,admin.,no,divorced,jan,94,failure,0
0,20,cellular,tue,1,no,2430,basic.6y,-3,no,self-employed,no,divorced,jan,80,failure,0
1,20,cellular,tue,1,no,2430,basic.6y,-3,no,self-employed,no,divorced,jan,80,failure,0
0,20,cellular,wed,0,no,2446,basic.9y,-2,no,services,no,married,feb,67,nonexistent,2
1,20,cellular,wed,0,no,2446,basic.9y,-2,no,services,no,married,feb,67,nonexistent,2
0,20,cellular,tue,0,no,2375,basic.6y,-3,no,blue-collar,no,divorced,feb,68,failure,1
1,20,cellular,tue,0,no,2375,basic.6y,-3,no,blue-collar,no,divorced,feb,68,failure,1
0,17,cellular,wed,0,no,2391,basic.9y,-2,no,services,no,married,aug,114,nonexistent,2
1,17,cellular,wed,0,no,2391,basic.9y,-2,no,services,no,married,aug,114,nonexistent,2
0,14,cellular,wed,0,no,2406,basic.9y,-2,no,student,no,married,nov,115,nonexistent,2
1,14,cellular,wed,0,no,2406,basic.9y,-2,no,student,no,married,nov,115,nonexistent,2
0,15,telephone,fri,0,unknown,2476,illiterate,-1,unknown,technician,unknown,married,aug,119,nonexistent,4
1,15,telephone,fri,0,unknown,2476,illiterate,-1,unknown,technician,unknown,married,aug,119,nonexistent,4
0,18,telephone,thu,0,unknown,2422,high.school,-1,unknown,housemaid,unknown,married,oct,117,nonexistent,3
1,18,telephone,thu,0,unknown,2422,high.school,-1,unknown,housemaid,unknown,married,oct,117,nonexistent,3
0,15,telephone,fri,1,unknown,2476,illiterate,-1,unknown,housemaid,unknown,married,nov,119,nonexistent,4
1,15,telephone,fri,1,unknown,2476,illiterate,-1,unknown,housemaid,unknown,married,nov,119,nonexistent,4
0,15,telephone,fri,0,unknown,2391,illiterate,-1,unknown,housemaid,unknown,married,nov,118,nonexistent,4
1,15,telephone,fri,0,unknown,2391,illiterate,-1,unknown,housemaid,unknown,married,nov,118,nonexistent,4
0,16,telephone,(null),0,unknown,2406,professional.course,0,unknown,management,unknown,single,sep,121,success,5
1,16,telephone,(null),0,unknown,2406,professional.course,0,unknown,management,unknown,single,sep,121,success,5
0,17,cellular,wed,0,no,2391,basic.9y,-2,no,services,no,married,aug,98,nonexistent,2
1,17,cellular,wed,0,no,2391,basic.9y,-2,no,services,no,married,aug,98,nonexistent,2
0,18,telephone,thu,1,unknown,2422,high.school,-1,unknown,housemaid,unknown,married,oct,101,nonexistent,3
1,18,telephone,thu,1,unknown,2422,high.school,-1,unknown,housemaid,unknown,married,oct,101,nonexistent,3
0,15,telephone,fri,0,unknown,2437,illiterate,-1,unknown,student,unknown,married,nov,102,nonexistent,4
1,15,telephone,fri,0,unknown,2437,illiterate,-1,unknown,student,unknown,married,nov,102,nonexistent,4
0,14,telephone,(null),0,unknown,2406,professional.course,0,unknown,technician,unknown,single,sep,105,success,5
1,14,telephone,(null),0,unknown,2406,professional.course,0,unknown,technician,unknown,single,sep,105,success,5
0,15,telephone,(null),0,unknown,2484,professional.course,0,unknown,management,unknown,single,nov,107,success,6
1,15,telephone,(null),0,unknown,2484,professional.course,0,unknown,management,unknown,single,nov,107,success,6
0,18,telephone,fri,0,unknown,2453,illiterate,-1,unknown,technician,unknown,married,may,119,nonexistent,4
1,18,telephone,fri,0,unknown,2453,illiterate,-1,unknown,technician,unknown,married,may,119,nonexistent,4
0,19,telephone,(null),1,unknown,2492,professional.course,0,unknown,unemployed,unknown,single,mar,122,success,6
1,19,telephone,(null),1,unknown,2492,professional.course,0,unknown,unemployed,unknown,single,mar,122,success,6
0,19,cellular,tue,1,no,2360,basic.6y,-3,no,services,no,divorced,jan,112,failure,1
1,19,cellular,tue,1,no,2360,basic.6y,-3,no,services,no,divorced,jan,112,failure,1
0,15,telephone,(null),1,unknown,2492,university.degree,0,unknown,unemployed,unknown,single,jun,122,success,6
1,15,telephone,(null),1,unknown,2492,university.degree,0,unknown,unemployed,unknown,single,jun,122,success,6
0,15,telephone,(null),1,unknown,2406,professional.course,0,unknown,technician,unknown,single,jun,121,success,5
1,15,telephone,(null),1,unknown,2406,professional.course,0,unknown,technician,unknown,single,jun,121,success,5
0,19,telephone,(null),0,unknown,2492,professional.course,0,unknown,management,unknown,single,jun,122,success,6
1,19,telephone,(null),0,unknown,2492,professional.course,0,unknown,management,unknown,single,jun,122,success,6
0,18,telephone,fri,1,unknown,2398,illiterate,-1,unknown,housemaid,unknown,married,may,119,nonexistent,4
1,18,telephone,fri,1,unknown,2398,illiterate,-1,unknown,housemaid,unknown,married,may,119,nonexistent,4
0,19,telephone,(null),1,unknown,2406,professional.course,0,unknown,management,unknown,single,mar,121,success,5
1,19,telephone,(null),1,unknown,2406,professional.course,0,unknown,management,unknown,single,mar,121,success,5
0,18,telephone,(null),1,unknown,2468,professional.course,0,unknown,technician,unknown,single,may,105,success,5
1,18,telephone,(null),1,unknown,2468,professional.course,0,unknown,technician,unknown,single,may,105,success,5
0,18,telephone,(null),0,unknown,2406,professional.course,0,unknown,management,unknown,single,jun,105,success,5
1,18,telephone,(null),0,unknown,2406,professional.course,0,unknown,management,unknown,single,jun,105,success,5
0,17,cellular,mon,0,no,2189,basic.4y,-3,no,admin.,no,divorced,jul,110,failure,0
1,17,cellular,mon,0,no,2189,basic.4y,-3,no,admin.,no,divorced,jul,110,failure,0
0,14,cellular,wed,1,no,2235,basic.9y,-2,no,services,no,married,aug,114,nonexistent,2
1,14,cellular,wed,1,no,2235,basic.9y,-2,no,services,no,married,aug,114,nonexistent,2
0,15,telephone,thu,0,unknown,2305,high.school,-1,unknown,housemaid,unknown,married,nov,117,nonexistent,3
1,15,telephone,thu,0,unknown,2305,high.school,-1,unknown,housemaid,unknown,married,nov,117,nonexistent,3
0,15,telephone,fri,0,unknown,2320,illiterate,-1,unknown,housemaid,unknown,married,aug,122,nonexistent,4
1,15,telephone,fri,0,unknown,2320,illiterate,-1,unknown,housemaid,unknown,married,aug,122,nonexistent,4
0,15,telephone,fri,0,unknown,2235,illiterate,-1,unknown,housemaid,unknown,married,aug,118,nonexistent,4
1,15,telephone,fri,0,unknown,2235,illiterate,-1,unknown,housemaid,unknown,married,aug,118,nonexistent,4
0,16,telephone,thu,0,unknown,2266,high.school,-1,unknown,retired,unknown,married,oct,101,nonexistent,3
1,16,telephone,thu,0,unknown,2266,high.school,-1,unknown,retired,unknown,married,oct,101,nonexistent,3
0,17,cellular,wed,1,no,2250,basic.9y,-2,no,management,no,married,mar,115,nonexistent,2
1,17,cellular,wed,1,no,2250,basic.9y,-2,no,management,no,married,mar,115,nonexistent,2
0,15,telephone,fri,0,unknown,2320,illiterate,-1,unknown,technician,unknown,married,may,119,nonexistent,4
1,15,telephone,fri,0,unknown,2320,illiterate,-1,unknown,technician,unknown,married,may,119,nonexistent,4
0,15,telephone,(null),0,unknown,2250,professional.course,0,unknown,technician,unknown,single,mar,122,success,5
1,15,telephone,(null),0,unknown,2250,professional.course,0,unknown,technician,unknown,single,mar,122,success,5
0,15,telephone,(null),0,unknown,2258,professional.course,0,unknown,unemployed,unknown,single,mar,116,success,6
1,15,telephone,(null),0,unknown,2258,professional.course,0,unknown,unemployed,unknown,single,mar,116,success,6
0,15,telephone,(null),0,unknown,2258,professional.course,0,unknown,management,unknown,single,jun,116,success,6
1,15,telephone,(null),0,unknown,2258,professional.course,0,unknown,management,unknown,single,jun,116,success,6
0,17,telephone,fri,1,unknown,2297,illiterate,-1,unknown,services,unknown,married,apr,104,nonexistent,4
1,17,telephone,fri,1,unknown,2297,illiterate,-1,unknown,services,unknown,married,apr,104,nonexistent,4
0,17,cellular,wed,0,no,2391,basic.9y,-2,no,services,no,married,nov,71,nonexistent,2
1,17,cellular,wed,0,no,2391,basic.9y,-2,no,services,no,married,nov,71,nonexistent,2
0,18,telephone,fri,0,unknown,2437,illiterate,-1,unknown,student,unknown,married,aug,80,nonexistent,4
1,18,telephone,fri,0,unknown,2437,illiterate,-1,unknown,student,unknown,married,aug,80,nonexistent,4
0,18,telephone,thu,1,unknown,2422,high.school,-1,unknown,housemaid,unknown,married,nov,78,nonexistent,3
1,18,telephone,thu,1,unknown,2422,high.school,-1,unknown,housemaid,unknown,married,nov,78,nonexistent,3
0,18,telephone,(null),1,unknown,2468,professional.course,0,unknown,management,unknown,single,sep,86,success,5
1,18,telephone,(null),1,unknown,2468,professional.course,0,unknown,management,unknown,single,sep,86,success,5
0,17,cellular,mon,0,no,2189,basic.4y,-3,no,self-employed,no,divorced,jul,63,failure,0
1,17,cellular,mon,0,no,2189,basic.4y,-3,no,self-employed,no,divorced,jul,63,failure,0
0,17,cellular,tue,0,no,2219,basic.6y,-3,no,blue-collar,no,divorced,aug,68,failure,1
1,17,cellular,tue,0,no,2219,basic.6y,-3,no,blue-collar,no,divorced,aug,68,failure,1
0,15,telephone,(null),0,unknown,2468,professional.course,0,unknown,technician,unknown,single,dec,90,success,5
1,15,telephone,(null),0,unknown,2468,professional.course,0,unknown,technician,unknown,single,dec,90,success,5
0,15,telephone,(null),0,unknown,2414,professional.course,0,unknown,unemployed,unknown,single,dec,76,success,6
1,15,telephone,(null),0,unknown,2414,professional.course,0,unknown,unemployed,unknown,single,dec,76,success,6
0,15,telephone,fri,0,unknown,2297,illiterate,-1,unknown,technician,unknown,married,oct,83,nonexistent,4
1,15,telephone,fri,0,unknown,2297,illiterate,-1,unknown,technician,unknown,married,oct,83,nonexistent,4
0,14,telephone,(null),0,unknown,2336,professional.course,0,unknown,management,unknown,single,dec,91,success,6
1,14,telephone,(null),0,unknown,2336,professional.course,0,unknown,management,unknown,single,dec,91,success,6
0,16,telephone,fri,1,unknown,2235,illiterate,-1,unknown,housemaid,unknown,married,nov,87,nonexistent,4
1,16,telephone,fri,1,unknown,2235,illiterate,-1,unknown,housemaid,unknown,married,nov,87,nonexistent,4
0,16,telephone,(null),1,unknown,2250,professional.course,0,unknown,management,unknown,single,dec,74,success,5
1,16,telephone,(null),1,unknown,2250,professional.course,0,unknown,management,unknown,single,dec,74,success,5
0,18,telephone,(null),1,unknown,2484,professional.course,0,unknown,technician,unknown,single,may,89,success,6
1,18,telephone,(null),1,unknown,2484,professional.course,0,unknown,technician,unknown,single,may,89,success,6
0,17,cellular,wed,0,no,2235,basic.9y,-2,no,services,no,married,may,71,nonexistent,2
1,17,cellular,wed,0,no,2235,basic.9y,-2,no,services,no,married,may,71,nonexistent,2
0,18,telephone,fri,0,unknown,2281,illiterate,-1,unknown,student,unknown,married,feb,80,nonexistent,4
1,18,telephone,fri,0,unknown,2281,illiterate,-1,unknown,student,unknown,married,feb,80,nonexistent,4
0,18,telephone,thu,1,unknown,2266,high.school,-1,unknown,housemaid,unknown,married,may,78,nonexistent,3
1,18,telephone,thu,1,unknown,2266,high.school,-1,unknown,housemaid,unknown,married,may,78,nonexistent,3
0,18,telephone,(null),1,unknown,2312,professional.course,0,unknown,management,unknown,single,mar,86,success,5
1,18,telephone,(null),1,unknown,2312,professional.course,0,unknown,management,unknown,single,mar,86,success,5
0,16,telephone,(null),1,unknown,2468,basic.9y,0,unknown,student,unknown,single,jun,68,success,5
1,16,telephone,(null),1,unknown,2468,basic.9y,0,unknown,student,unknown,single,jun,68,success,5
0,14,cellular,mon,1,no,2111,basic.4y,-3,no,self-employed,no,divorced,oct,110,failure,0
1,14,cellular,mon,1,no,2111,basic.4y,-3,no,self-employed,no,divorced,oct,110,failure,0
0,14,cellular,tue,1,no,2126,basic.6y,-3,no,blue-collar,no,divorced,oct,119,failure,1
1,14,cellular,tue,1,no,2126,basic.6y,-3,no,blue-collar,no,divorced,oct,119,failure,1
0,14,cellular,wed,0,no,2134,basic.9y,-2,no,blue-collar,no,married,nov,112,nonexistent,2
1,14,cellular,wed,0,no,2134,basic.9y,-2,no,blue-collar,no,married,nov,112,nonexistent,2
0,15,telephone,thu,0,unknown,2149,high.school,-1,unknown,housemaid,unknown,married,aug,117,nonexistent,3
1,15,telephone,thu,0,unknown,2149,high.school,-1,unknown,housemaid,unknown,married,aug,117,nonexistent,3
0,14,cellular,tue,0,no,2126,basic.6y,-3,no,services,no,divorced,oct,96,failure,1
1,14,cellular,tue,0,no,2126,basic.6y,-3,no,services,no,divorced,oct,96,failure,1
0,14,cellular,tue,1,no,2040,basic.6y,-3,no,self-employed,no,divorced,oct,95,failure,0
1,14,cellular,tue,1,no,2040,basic.6y,-3,no,self-employed,no,divorced,oct,95,failure,0
0,14,cellular,wed,0,no,2063,basic.9y,-2,no,student,no,married,aug,96,nonexistent,2
1,14,cellular,wed,0,no,2063,basic.9y,-2,no,student,no,married,aug,96,nonexistent,2
0,14,cellular,wed,1,no,2056,basic.9y,-2,no,blue-collar,no,married,nov,104,nonexistent,2
1,14,cellular,wed,1,no,2056,basic.9y,-2,no,blue-collar,no,married,nov,104,nonexistent,2
0,14,cellular,wed,0,no,2063,basic.9y,-2,no,entrepreneur,no,married,nov,96,nonexistent,2
1,14,cellular,wed,0,no,2063,basic.9y,-2,no,entrepreneur,no,married,nov,96,nonexistent,2
0,15,telephone,fri,0,unknown,2079,illiterate,-1,unknown,housemaid,unknown,married,aug,102,nonexistent,4
1,15,telephone,fri,0,unknown,2079,illiterate,-1,unknown,housemaid,unknown,married,aug,102,nonexistent,4
0,17,cellular,mon,1,no,2033,basic.4y,-3,no,admin.,no,divorced,jan,110,failure,0
1,17,cellular,mon,1,no,2033,basic.4y,-3,no,admin.,no,divorced,jan,110,failure,0
0,15,telephone,thu,1,unknown,2149,high.school,-1,unknown,student,unknown,married,may,113,nonexistent,3
1,15,telephone,thu,1,unknown,2149,high.school,-1,unknown,student,unknown,married,may,113,nonexistent,3
0,15,telephone,fri,0,unknown,2164,illiterate,-1,unknown,technician,unknown,married,feb,119,nonexistent,4
1,15,telephone,fri,0,unknown,2164,illiterate,-1,unknown,technician,unknown,married,feb,119,nonexistent,4
0,14,cellular,wed,1,no,2063,basic.9y,-2,no,student,no,married,may,112,nonexistent,2
1,14,cellular,wed,1,no,2063,basic.9y,-2,no,student,no,married,may,112,nonexistent,2
0,15,telephone,fri,0,unknown,2079,illiterate,-1,unknown,student,unknown,married,feb,118,nonexistent,4
1,15,telephone,fri,0,unknown,2079,illiterate,-1,unknown,student,unknown,married,feb,118,nonexistent,4
0,15,telephone,fri,0,unknown,2164,illiterate,-1,unknown,housemaid,unknown,married,may,122,nonexistent,4
1,15,telephone,fri,0,unknown,2164,illiterate,-1,unknown,housemaid,unknown,married,may,122,nonexistent,4
0,16,telephone,thu,0,unknown,2110,high.school,-1,unknown,retired,unknown,married,apr,101,nonexistent,3
1,16,telephone,thu,0,unknown,2110,high.school,-1,unknown,retired,unknown,married,apr,101,nonexistent,3
0,14,cellular,tue,0,no,1891,basic.6y,-3,no,blue-collar,no,divorced,jul,96,failure,0
1,14,cellular,tue,0,no,1891,basic.6y,-3,no,blue-collar,no,divorced,jul,96,failure,0
0,15,telephone,thu,0,unknown,1954,high.school,-1,unknown,retired,unknown,married,apr,109,nonexistent,3
1,15,telephone,thu,0,unknown,1954,high.school,-1,unknown,retired,unknown,married,apr,109,nonexistent,3
0,15,cellular,wed,0,no,2079,basic.9y,-2,no,housemaid,no,married,aug,83,nonexistent,2
1,15,cellular,wed,0,no,2079,basic.9y,-2,no,housemaid,no,married,aug,83,nonexistent,2
0,17,cellular,mon,0,no,2111,basic.4y,-3,no,admin.,no,divorced,jul,63,failure,0
1,17,cellular,mon,0,no,2111,basic.4y,-3,no,admin.,no,divorced,jul,63,failure,0
0,15,telephone,fri,1,unknown,2125,illiterate,-1,unknown,self-employed,unknown,married,oct,71,nonexistent,4
1,15,telephone,fri,1,unknown,2125,illiterate,-1,unknown,self-employed,unknown,married,oct,71,nonexistent,4
0,17,cellular,mon,0,no,2033,basic.4y,-3,no,self-employed,no,divorced,jan,63,failure,0
1,17,cellular,mon,0,no,2033,basic.4y,-3,no,self-employed,no,divorced,jan,63,failure,0
0,17,cellular,tue,0,no,2063,basic.6y,-3,no,blue-collar,no,divorced,feb,68,failure,1
1,17,cellular,tue,0,no,2063,basic.6y,-3,no,blue-collar,no,divorced,feb,68,failure,1
0,15,telephone,(null),0,unknown,2172,professional.course,0,unknown,technician,unknown,single,may,89,success,6
1,15,telephone,(null),0,unknown,2172,professional.course,0,unknown,technician,unknown,single,may,89,success,6
0,14,cellular,tue,0,no,1907,basic.6y,-3,no,entrepreneur,no,divorced,aug,68,failure,1
1,14,cellular,tue,0,no,1907,basic.6y,-3,no,entrepreneur,no,divorced,aug,68,failure,1
0,17,cellular,mon,0,no,1955,basic.4y,-3,no,admin.,no,divorced,jan,63,failure,0
1,17,cellular,mon,0,no,1955,basic.4y,-3,no,admin.,no,divorced,jan,63,failure,0
0,15,telephone,fri,0,unknown,1969,illiterate,-1,unknown,self-employed,unknown,married,apr,80,nonexistent,4
1,15,telephone,fri,0,unknown,1969,illiterate,-1,unknown,self-employed,unknown,married,apr,80,nonexistent,4
0,17,telephone,(null),0,unknown,2492,professional.course,0,unknown,management,unknown,single,sep,58,success,6
1,17,telephone,(null),0,unknown,2492,professional.course,0,unknown,management,unknown,single,sep,58,success,6
0,15,telephone,(null),0,unknown,2468,professional.course,0,unknown,student,unknown,single,nov,55,success,5
1,15,telephone,(null),0,unknown,2468,professional.course,0,unknown,student,unknown,single,nov,55,success,5
0,15,telephone,fri,1,unknown,2281,illiterate,-1,unknown,student,unknown,married,nov,56,nonexistent,4
1,15,telephone,fri,1,unknown,2281,illiterate,-1,unknown,student,unknown,married,nov,56,nonexistent,4
0,15,telephone,(null),0,unknown,2328,professional.course,0,unknown,unemployed,unknown,single,sep,58,success,6
1,15,telephone,(null),0,unknown,2328,professional.course,0,unknown,unemployed,unknown,single,sep,58,success,6
0,15,telephone,(null),1,unknown,2312,professional.course,0,unknown,management,unknown,single,dec,59,success,5
1,15,telephone,(null),1,unknown,2312,professional.course,0,unknown,management,unknown,single,dec,59,success,5
0,15,telephone,fri,0,unknown,2297,illiterate,-1,unknown,housemaid,unknown,married,aug,52,nonexistent,4
1,15,telephone,fri,0,unknown,2297,illiterate,-1,unknown,housemaid,unknown,married,aug,52,nonexistent,4
0,19,cellular,mon,0,no,2423,basic.4y,-3,no,admin.,no,divorced,jan,48,failure,0
1,19,cellular,mon,0,no,2423,basic.4y,-3,no,admin.,no,divorced,jan,48,failure,0
0,17,telephone,(null),0,unknown,2492,professional.course,0,unknown,unemployed,unknown,single,jun,58,success,6
1,17,telephone,(null),0,unknown,2492,professional.course,0,unknown,unemployed,unknown,single,jun,58,success,6
0,17,telephone,(null),1,unknown,2484,professional.course,0,unknown,management,unknown,single,jun,59,success,5
1,17,telephone,(null),1,unknown,2484,professional.course,0,unknown,management,unknown,single,jun,59,success,5
0,17,telephone,thu,1,unknown,2461,high.school,-1,unknown,retired,unknown,married,feb,55,nonexistent,3
1,17,telephone,thu,1,unknown,2461,high.school,-1,unknown,retired,unknown,married,feb,55,nonexistent,3
0,17,cellular,mon,0,no,2423,basic.4y,-3,no,admin.,no,divorced,jan,40,failure,0
1,17,cellular,mon,0,no,2423,basic.4y,-3,no,admin.,no,divorced,jan,40,failure,0
0,17,telephone,(null),0,unknown,2414,professional.course,0,unknown,unemployed,unknown,single,jun,58,success,6
1,17,telephone,(null),0,unknown,2414,professional.course,0,unknown,unemployed,unknown,single,jun,58,success,6
0,17,telephone,(null),0,unknown,2406,professional.course,0,unknown,management,unknown,single,jun,55,success,5
1,17,telephone,(null),0,unknown,2406,professional.course,0,unknown,management,unknown,single,jun,55,success,5
0,17,telephone,fri,1,unknown,2398,illiterate,-1,unknown,housemaid,unknown,married,feb,57,nonexistent,4
1,17,telephone,fri,1,unknown,2398,illiterate,-1,unknown,housemaid,unknown,married,feb,57,nonexistent,4
0,17,telephone,(null),0,unknown,2336,professional.course,0,unknown,management,unknown,single,jun,58,success,6
1,17,telephone,(null),0,unknown,2336,professional.course,0,unknown,management,unknown,single,jun,58,success,6
0,17,telephone,(null),0,unknown,2336,professional.course,0,unknown,management,unknown,single,mar,58,success,6
1,17,telephone,(null),0,unknown,2336,professional.course,0,unknown,management,unknown,single,mar,58,success,6
0,15,telephone,fri,0,unknown,2453,illiterate,-1,unknown,services,unknown,married,apr,52,nonexistent,4
1,15,telephone,fri,0,unknown,2453,illiterate,-1,unknown,services,unknown,married,apr,52,nonexistent,4
0,16,telephone,fri,0,unknown,2281,illiterate,-1,unknown,self-employed,unknown,married,apr,49,nonexistent,4
1,16,telephone,fri,0,unknown,2281,illiterate,-1,unknown,self-employed,unknown,married,apr,49,nonexistent,4
0,14,telephone,(null),1,unknown,2312,professional.course,0,unknown,student,unknown,single,may,55,success,5
1,14,telephone,(null),1,unknown,2312,professional.course,0,unknown,student,unknown,single,may,55,success,5
0,14,telephone,fri,0,unknown,2406,illiterate,-1,unknown,services,unknown,married,feb,26,nonexistent,4
1,14,telephone,fri,0,unknown,2406,illiterate,-1,unknown,services,unknown,married,feb,26,nonexistent,4
0,14,cellular,tue,1,no,2063,basic.6y,-3,no,services,no,divorced,oct,50,failure,1
1,14,cellular,tue,1,no,2063,basic.6y,-3,no,services,no,divorced,oct,50,failure,1
0,15,telephone,fri,1,unknown,2141,illiterate,-1,unknown,technician,unknown,married,aug,57,nonexistent,4
1,15,telephone,fri,1,unknown,2141,illiterate,-1,unknown,technician,unknown,married,aug,57,nonexistent,4
0,15,telephone,thu,1,unknown,2110,high.school,-1,unknown,housemaid,unknown,married,nov,55,nonexistent,3
1,15,telephone,thu,1,unknown,2110,high.school,-1,unknown,housemaid,unknown,married,nov,55,nonexistent,3
0,15,telephone,(null),1,unknown,2172,professional.course,0,unknown,management,unknown,single,sep,60,success,6
1,15,telephone,(null),1,unknown,2172,professional.course,0,unknown,management,unknown,single,sep,60,success,6
0,14,cellular,mon,1,no,1955,basic.4y,-3,no,self-employed,no,divorced,oct,48,failure,0
1,14,cellular,mon,1,no,1955,basic.4y,-3,no,self-employed,no,divorced,oct,48,failure,0
0,14,cellular,tue,0,no,1907,basic.6y,-3,no,services,no,divorced,jul,50,failure,1
1,14,cellular,tue,0,no,1907,basic.6y,-3,no,services,no,divorced,jul,50,failure,1
0,14,cellular,tue,0,no,1891,basic.6y,-3,no,admin.,no,divorced,oct,49,failure,0
1,14,cellular,tue,0,no,1891,basic.6y,-3,no,admin.,no,divorced,oct,49,failure,0
0,15,telephone,thu,0,unknown,1954,high.school,-1,unknown,housemaid,unknown,married,aug,55,nonexistent,3
1,15,telephone,thu,0,unknown,1954,high.school,-1,unknown,housemaid,unknown,married,aug,55,nonexistent,3
0,17,telephone,(null),0,unknown,2172,professional.course,0,unknown,management,unknown,single,mar,55,success,5
1,17,telephone,(null),0,unknown,2172,professional.course,0,unknown,management,unknown,single,mar,55,success,5
0,17,telephone,(null),0,unknown,2102,professional.course,0,unknown,management,unknown,single,mar,58,success,6
1,17,telephone,(null),0,unknown,2102,professional.course,0,unknown,management,unknown,single,mar,58,success,6
0,14,cellular,wed,0,no,2079,basic.9y,-2,no,housemaid,no,married,feb,40,nonexistent,2
1,14,cellular,wed,0,no,2079,basic.9y,-2,no,housemaid,no,married,feb,40,nonexistent,2
0,15,telephone,thu,0,unknown,1954,high.school,-1,unknown,student,unknown,married,may,55,nonexistent,3
1,15,telephone,thu,0,unknown,1954,high.school,-1,unknown,student,unknown,married,may,55,nonexistent,3
0,15,telephone,fri,1,unknown,1969,illiterate,-1,unknown,student,unknown,married,feb,56,nonexistent,4
1,15,telephone,fri,1,unknown,1969,illiterate,-1,unknown,student,unknown,married,feb,56,nonexistent,4
0,15,telephone,(null),0,unknown,2000,professional.course,0,unknown,management,unknown,single,may,55,success,5
1,15,telephone,(null),0,unknown,2000,professional.course,0,unknown,management,unknown,single,may,55,success,5
0,14,cellular,tue,0,no,1735,basic.6y,-3,no,blue-collar,no,divorced,jan,96,failure,0
1,14,cellular,tue,0,no,1735,basic.6y,-3,no,blue-collar,no,divorced,jan,96,failure,0
0,14,cellular,mon,1,no,1798,basic.4y,-3,no,admin.,no,divorced,jul,63,failure,0
1,14,cellular,mon,1,no,1798,basic.4y,-3,no,admin.,no,divorced,jul,63,failure,0
0,14,cellular,tue,0,no,1750,basic.6y,-3,no,entrepreneur,no,divorced,feb,68,failure,1
1,14,cellular,tue,0,no,1750,basic.6y,-3,no,entrepreneur,no,divorced,feb,68,failure,1
0,14,cellular,mon,1,no,1642,basic.4y,-3,no,admin.,no,divorced,jan,63,failure,0
1,14,cellular,mon,1,no,1642,basic.4y,-3,no,admin.,no,divorced,jan,63,failure,0
0,14,cellular,tue,0,no,1805,basic.6y,-3,no,admin.,no,divorced,jul,49,failure,0
1,14,cellular,tue,0,no,1805,basic.6y,-3,no,admin.,no,divorced,jul,49,failure,0
0,14,cellular,tue,0,no,1805,basic.6y,-3,no,self-employed,no,divorced,apr,49,failure,0
1,14,cellular,tue,0,no,1805,basic.6y,-3,no,self-employed,no,divorced,apr,49,failure,0
0,14,cellular,tue,0,no,1750,basic.6y,-3,no,services,no,divorced,jan,50,failure,1
1,14,cellular,tue,0,no,1750,basic.6y,-3,no,services,no,divorced,jan,50,failure,1
0,14,cellular,tue,0,no,1735,basic.6y,-3,no,admin.,no,divorced,apr,49,failure,0
1,14,cellular,tue,0,no,1735,basic.6y,-3,no,admin.,no,divorced,apr,49,failure,0
0,14,cellular,wed,1,no,1781,basic.9y,-2,no,entrepreneur,no,married,feb,53,nonexistent,2
1,14,cellular,wed,1,no,1781,basic.9y,-2,no,entrepreneur,no,married,feb,53,nonexistent,2
0,14,cellular,tue,0,no,1649,basic.6y,-3,no,admin.,no,divorced,jan,49,failure,0
1,14,cellular,tue,0,no,1649,basic.6y,-3,no,admin.,no,divorced,jan,49,failure,0
0,11,telephone,fri,0,unknown,2476,illiterate,-1,unknown,technician,unknown,married,nov,119,nonexistent,4
1,11,telephone,fri,0,unknown,2476,illiterate,-1,unknown,technician,unknown,married,nov,119,nonexistent,4
0,10,telephone,fri,0,unknown,2391,illiterate,-1,unknown,student,unknown,married,nov,118,nonexistent,4
1,10,telephone,fri,0,unknown,2391,illiterate,-1,unknown,student,unknown,married,nov,118,nonexistent,4
0,12,telephone,(null),0,unknown,2484,professional.course,0,unknown,management,unknown,single,nov,122,success,6
1,12,telephone,(null),0,unknown,2484,professional.course,0,unknown,management,unknown,single,nov,122,success,6
0,12,telephone,(null),0,unknown,2468,professional.course,0,unknown,technician,unknown,single,dec,105,success,5
1,12,telephone,(null),0,unknown,2468,professional.course,0,unknown,technician,unknown,single,dec,105,success,5
0,11,cellular,wed,0,no,2297,basic.9y,-2,no,student,no,married,nov,115,nonexistent,2
1,11,cellular,wed,0,no,2297,basic.9y,-2,no,student,no,married,nov,115,nonexistent,2
0,11,cellular,wed,0,no,2212,basic.9y,-2,no,services,no,married,nov,114,nonexistent,2
1,11,cellular,wed,0,no,2212,basic.9y,-2,no,services,no,married,nov,114,nonexistent,2
0,12,telephone,fri,0,unknown,2281,illiterate,-1,unknown,student,unknown,married,aug,118,nonexistent,4
1,12,telephone,fri,0,unknown,2281,illiterate,-1,unknown,student,unknown,married,aug,118,nonexistent,4
0,9,telephone,thu,0,unknown,2305,high.school,-1,unknown,student,unknown,married,nov,121,nonexistent,3
1,9,telephone,thu,0,unknown,2305,high.school,-1,unknown,student,unknown,married,nov,121,nonexistent,3
0,9,telephone,fri,0,unknown,2281,illiterate,-1,unknown,student,unknown,married,nov,114,nonexistent,4
1,9,telephone,fri,0,unknown,2281,illiterate,-1,unknown,student,unknown,married,nov,114,nonexistent,4
0,9,telephone,thu,1,unknown,2227,high.school,-1,unknown,student,unknown,married,aug,121,nonexistent,3
1,9,telephone,thu,1,unknown,2227,high.school,-1,unknown,student,unknown,married,aug,121,nonexistent,3
0,9,telephone,(null),0,unknown,2336,professional.course,0,unknown,unemployed,unknown,single,sep,116,success,6
1,9,telephone,(null),0,unknown,2336,professional.course,0,unknown,unemployed,unknown,single,sep,116,success,6
0,11,telephone,fri,1,unknown,2320,illiterate,-1,unknown,housemaid,unknown,married,nov,119,nonexistent,4
1,11,telephone,fri,1,unknown,2320,illiterate,-1,unknown,housemaid,unknown,married,nov,119,nonexistent,4
0,10,telephone,fri,1,unknown,2235,illiterate,-1,unknown,management,unknown,married,nov,114,nonexistent,4
1,10,telephone,fri,1,unknown,2235,illiterate,-1,unknown,management,unknown,married,nov,114,nonexistent,4
0,12,telephone,(null),0,unknown,2328,professional.course,0,unknown,management,unknown,single,sep,122,success,6
1,12,telephone,(null),0,unknown,2328,professional.course,0,unknown,management,unknown,single,sep,122,success,6
0,10,telephone,fri,1,unknown,2281,illiterate,-1,unknown,student,unknown,married,nov,102,nonexistent,4
1,10,telephone,fri,1,unknown,2281,illiterate,-1,unknown,student,unknown,married,nov,102,nonexistent,4
0,11,telephone,(null),1,unknown,2312,professional.course,0,unknown,technician,unknown,single,sep,107,success,5
1,11,telephone,(null),1,unknown,2312,professional.course,0,unknown,technician,unknown,single,sep,107,success,5
0,12,telephone,(null),0,unknown,2328,professional.course,0,unknown,unemployed,unknown,single,sep,100,success,6
1,12,telephone,(null),0,unknown,2328,professional.course,0,unknown,unemployed,unknown,single,sep,100,success,6
0,12,telephone,(null),1,unknown,2328,professional.course,0,unknown,management,unknown,single,dec,107,success,5
1,12,telephone,(null),1,unknown,2328,professional.course,0,unknown,management,unknown,single,dec,107,success,5
0,11,telephone,fri,0,unknown,2242,illiterate,-1,unknown,management,unknown,married,nov,106,nonexistent,4
1,11,telephone,fri,0,unknown,2242,illiterate,-1,unknown,management,unknown,married,nov,106,nonexistent,4
0,12,telephone,(null),0,unknown,2328,professional.course,0,unknown,management,unknown,single,dec,100,success,6
1,12,telephone,(null),0,unknown,2328,professional.course,0,unknown,management,unknown,single,dec,100,success,6
0,12,telephone,(null),0,unknown,2328,professional.course,0,unknown,unemployed,unknown,single,may,122,success,6
1,12,telephone,(null),0,unknown,2328,professional.course,0,unknown,unemployed,unknown,single,may,122,success,6
0,12,telephone,fri,0,unknown,2235,professional.course,-1,unknown,student,unknown,married,nov,87,nonexistent,4
1,12,telephone,fri,0,unknown,2235,professional.course,-1,unknown,student,unknown,married,nov,87,nonexistent,4
0,12,telephone,(null),0,unknown,2250,university.degree,0,unknown,technician,unknown,single,dec,74,success,5
1,12,telephone,(null),0,unknown,2250,university.degree,0,unknown,technician,unknown,single,dec,74,success,5
0,9,telephone,(null),0,unknown,2250,university.degree,0,unknown,technician,unknown,single,dec,90,success,5
1,9,telephone,(null),0,unknown,2250,university.degree,0,unknown,technician,unknown,single,dec,90,success,5
0,12,telephone,(null),0,unknown,2258,professional.course,0,unknown,unemployed,unknown,single,sep,91,success,6
1,12,telephone,(null),0,unknown,2258,professional.course,0,unknown,unemployed,unknown,single,sep,91,success,6
0,6,telephone,(null),0,unknown,2484,professional.course,0,unknown,unemployed,unknown,single,dec,123,success,6
1,6,telephone,(null),0,unknown,2484,professional.course,0,unknown,unemployed,unknown,single,dec,123,success,6
0,6,telephone,(null),1,unknown,2414,university.degree,0,unknown,unemployed,unknown,single,sep,123,success,6
1,6,telephone,(null),1,unknown,2414,university.degree,0,unknown,unemployed,unknown,single,sep,123,success,6
0,4,telephone,thu,0,unknown,2305,high.school,-1,unknown,student,unknown,married,nov,121,nonexistent,3
1,4,telephone,thu,0,unknown,2305,high.school,-1,unknown,student,unknown,married,nov,121,nonexistent,3
0,2,cellular,wed,0,no,2212,basic.9y,-2,no,services,no,married,nov,119,nonexistent,2
1,2,cellular,wed,0,no,2212,basic.9y,-2,no,services,no,married,nov,119,nonexistent,2
0,5,telephone,fri,0,unknown,2320,professional.course,-1,unknown,technician,unknown,married,nov,114,nonexistent,4
1,5,telephone,fri,0,unknown,2320,professional.course,-1,unknown,technician,unknown,married,nov,114,nonexistent,4
0,5,telephone,fri,0,unknown,2242,basic.9y,-1,unknown,technician,unknown,married,nov,114,nonexistent,4
1,5,telephone,fri,0,unknown,2242,basic.9y,-1,unknown,technician,unknown,married,nov,114,nonexistent,4
0,6,telephone,(null),0,unknown,2328,professional.course,0,unknown,management,unknown,single,nov,122,success,6
1,6,telephone,(null),0,unknown,2328,professional.course,0,unknown,management,unknown,single,nov,122,success,6
0,5,telephone,(null),1,unknown,2250,university.degree,0,unknown,technician,unknown,single,dec,107,success,5
1,5,telephone,(null),1,unknown,2250,university.degree,0,unknown,technician,unknown,single,dec,107,success,5
0,6,telephone,(null),0,unknown,2258,high.school,0,unknown,unemployed,unknown,single,jun,123,success,6
1,6,telephone,(null),0,unknown,2258,high.school,0,unknown,unemployed,unknown,single,jun,123,success,6
0,9,cellular,wed,0,no,2079,basic.9y,-2,no,services,no,married,aug,114,nonexistent,2
1,9,cellular,wed,0,no,2079,basic.9y,-2,no,services,no,married,aug,114,nonexistent,2
0,12,telephone,thu,0,unknown,2110,high.school,-1,unknown,housemaid,unknown,married,oct,117,nonexistent,3
1,12,telephone,thu,0,unknown,2110,high.school,-1,unknown,housemaid,unknown,married,oct,117,nonexistent,3
0,9,telephone,fri,0,unknown,2125,illiterate,-1,unknown,housemaid,unknown,married,oct,118,nonexistent,4
1,9,telephone,fri,0,unknown,2125,illiterate,-1,unknown,housemaid,unknown,married,oct,118,nonexistent,4
0,10,telephone,fri,0,unknown,2125,illiterate,-1,unknown,self-employed,unknown,married,oct,102,nonexistent,4
1,10,telephone,fri,0,unknown,2125,illiterate,-1,unknown,self-employed,unknown,married,oct,102,nonexistent,4
0,12,telephone,fri,0,unknown,2164,illiterate,-1,unknown,technician,unknown,married,may,114,nonexistent,4
1,12,telephone,fri,0,unknown,2164,illiterate,-1,unknown,technician,unknown,married,may,114,nonexistent,4
0,11,cellular,wed,0,no,2056,basic.9y,-2,no,services,no,married,may,119,nonexistent,2
1,11,cellular,wed,0,no,2056,basic.9y,-2,no,services,no,married,may,119,nonexistent,2
0,12,telephone,(null),0,unknown,2094,professional.course,0,unknown,technician,unknown,single,mar,115,success,5
1,12,telephone,(null),0,unknown,2094,professional.course,0,unknown,technician,unknown,single,mar,115,success,5
0,8,cellular,wed,0,no,2094,basic.9y,-2,no,student,no,married,may,120,nonexistent,2
1,8,cellular,wed,0,no,2094,basic.9y,-2,no,student,no,married,may,120,nonexistent,2
0,9,telephone,(null),0,unknown,2172,professional.course,0,unknown,technician,unknown,single,jun,115,success,5
1,9,telephone,(null),0,unknown,2172,professional.course,0,unknown,technician,unknown,single,jun,115,success,5
0,9,telephone,(null),0,unknown,2094,professional.course,0,unknown,technician,unknown,single,mar,115,success,5
1,9,telephone,(null),0,unknown,2094,professional.course,0,unknown,technician,unknown,single,mar,115,success,5
0,9,telephone,(null),0,unknown,2172,professional.course,0,unknown,management,unknown,single,jun,122,success,6
1,9,telephone,(null),0,unknown,2172,professional.course,0,unknown,management,unknown,single,jun,122,success,6
0,12,telephone,(null),0,unknown,2102,professional.course,0,unknown,management,unknown,single,mar,123,success,6
1,12,telephone,(null),0,unknown,2102,professional.course,0,unknown,management,unknown,single,mar,123,success,6
0,12,telephone,(null),0,unknown,2156,professional.course,0,unknown,technician,unknown,single,jun,105,success,5
1,12,telephone,(null),0,unknown,2156,professional.course,0,unknown,technician,unknown,single,jun,105,success,5
0,12,telephone,thu,0,unknown,1993,high.school,-1,unknown,housemaid,unknown,married,aug,113,nonexistent,3
1,12,telephone,thu,0,unknown,1993,high.school,-1,unknown,housemaid,unknown,married,aug,113,nonexistent,3
0,8,cellular,tue,0,no,1907,basic.6y,-3,no,blue-collar,no,divorced,oct,111,failure,1
1,8,cellular,tue,0,no,1907,basic.6y,-3,no,blue-collar,no,divorced,oct,111,failure,1
0,8,cellular,wed,0,no,1978,basic.9y,-2,no,blue-collar,no,married,aug,119,nonexistent,2
1,8,cellular,wed,0,no,1978,basic.9y,-2,no,blue-collar,no,married,aug,119,nonexistent,2
0,8,cellular,tue,0,no,1883,basic.6y,-3,no,admin.,no,divorced,jul,118,failure,0
1,8,cellular,tue,0,no,1883,basic.6y,-3,no,admin.,no,divorced,jul,118,failure,0
0,11,cellular,wed,0,no,1922,basic.9y,-2,no,services,no,married,aug,98,nonexistent,2
1,11,cellular,wed,0,no,1922,basic.9y,-2,no,services,no,married,aug,98,nonexistent,2
0,8,cellular,wed,1,no,1978,basic.9y,-2,no,services,no,married,nov,98,nonexistent,2
1,8,cellular,wed,1,no,1978,basic.9y,-2,no,services,no,married,nov,98,nonexistent,2
0,8,cellular,tue,0,no,1891,basic.6y,-3,no,services,no,divorced,oct,96,failure,1
1,8,cellular,tue,0,no,1891,basic.6y,-3,no,services,no,divorced,oct,96,failure,1
0,9,telephone,fri,0,unknown,2001,illiterate,-1,unknown,student,unknown,married,aug,98,nonexistent,4
1,9,telephone,fri,0,unknown,2001,illiterate,-1,unknown,student,unknown,married,aug,98,nonexistent,4
0,11,cellular,wed,0,no,1985,basic.9y,-2,no,entrepreneur,no,married,nov,99,nonexistent,2
1,11,cellular,wed,0,no,1985,basic.9y,-2,no,entrepreneur,no,married,nov,99,nonexistent,2
0,11,cellular,wed,0,no,1899,basic.9y,-2,no,blue-collar,no,married,nov,98,nonexistent,2
1,11,cellular,wed,0,no,1899,basic.9y,-2,no,blue-collar,no,married,nov,98,nonexistent,2
0,8,cellular,wed,0,no,1907,basic.9y,-2,no,entrepreneur,no,married,nov,104,nonexistent,2
1,8,cellular,wed,0,no,1907,basic.9y,-2,no,entrepreneur,no,married,nov,104,nonexistent,2
0,9,telephone,thu,0,unknown,1915,high.school,-1,unknown,housemaid,unknown,married,nov,97,nonexistent,3
1,9,telephone,thu,0,unknown,1915,high.school,-1,unknown,housemaid,unknown,married,nov,97,nonexistent,3
0,11,cellular,wed,1,no,1985,basic.9y,-2,no,student,no,married,mar,115,nonexistent,2
1,11,cellular,wed,1,no,1985,basic.9y,-2,no,student,no,married,mar,115,nonexistent,2
0,11,cellular,tue,1,no,1883,basic.6y,-3,no,self-employed,no,divorced,jan,118,failure,0
1,11,cellular,tue,1,no,1883,basic.6y,-3,no,self-employed,no,divorced,jan,118,failure,0
0,11,cellular,wed,0,no,1907,basic.9y,-2,no,student,no,married,feb,112,nonexistent,2
1,11,cellular,wed,0,no,1907,basic.9y,-2,no,student,no,married,feb,112,nonexistent,2
0,12,telephone,fri,1,unknown,1969,illiterate,-1,unknown,housemaid,unknown,married,apr,118,nonexistent,4
1,12,telephone,fri,1,unknown,1969,illiterate,-1,unknown,housemaid,unknown,married,apr,118,nonexistent,4
0,8,cellular,tue,0,no,1962,basic.6y,-3,no,self-employed,no,divorced,apr,118,failure,0
1,8,cellular,tue,0,no,1962,basic.6y,-3,no,self-employed,no,divorced,apr,118,failure,0
0,9,telephone,thu,0,unknown,1954,high.school,-1,unknown,student,unknown,married,feb,113,nonexistent,3
1,9,telephone,thu,0,unknown,1954,high.school,-1,unknown,student,unknown,married,feb,113,nonexistent,3
0,9,telephone,thu,0,unknown,1993,high.school,-1,unknown,housemaid,unknown,married,may,121,nonexistent,3
1,9,telephone,thu,0,unknown,1993,high.school,-1,unknown,housemaid,unknown,married,may,121,nonexistent,3
0,8,cellular,wed,0,no,1899,basic.9y,-2,no,blue-collar,no,married,may,119,nonexistent,2
1,8,cellular,wed,0,no,1899,basic.9y,-2,no,blue-collar,no,married,may,119,nonexistent,2
0,9,telephone,fri,0,unknown,1985,illiterate,-1,unknown,housemaid,unknown,married,may,114,nonexistent,4
1,9,telephone,fri,0,unknown,1985,illiterate,-1,unknown,housemaid,unknown,married,may,114,nonexistent,4
0,9,telephone,fri,1,unknown,2008,illiterate,-1,unknown,housemaid,unknown,married,feb,122,nonexistent,4
1,9,telephone,fri,1,unknown,2008,illiterate,-1,unknown,housemaid,unknown,married,feb,122,nonexistent,4
0,11,telephone,fri,0,unknown,1985,illiterate,-1,unknown,technician,unknown,married,apr,104,nonexistent,4
1,11,telephone,fri,0,unknown,1985,illiterate,-1,unknown,technician,unknown,married,apr,104,nonexistent,4
0,12,telephone,fri,1,unknown,1930,illiterate,-1,unknown,housemaid,unknown,married,may,106,nonexistent,4
1,12,telephone,fri,1,unknown,1930,illiterate,-1,unknown,housemaid,unknown,married,may,106,nonexistent,4
0,12,telephone,(null),0,unknown,1938,professional.course,0,unknown,management,unknown,single,jun,99,success,5
1,12,telephone,(null),0,unknown,1938,professional.course,0,unknown,management,unknown,single,jun,99,success,5
0,12,telephone,fri,0,unknown,2125,illiterate,-1,unknown,student,unknown,married,oct,87,nonexistent,4
1,12,telephone,fri,0,unknown,2125,illiterate,-1,unknown,student,unknown,married,oct,87,nonexistent,4
0,9,telephone,fri,0,unknown,2164,illiterate,-1,unknown,technician,unknown,married,nov,91,nonexistent,4
1,9,telephone,fri,0,unknown,2164,illiterate,-1,unknown,technician,unknown,married,nov,91,nonexistent,4
0,9,telephone,fri,0,unknown,2079,illiterate,-1,unknown,student,unknown,married,nov,87,nonexistent,4
1,9,telephone,fri,0,unknown,2079,illiterate,-1,unknown,student,unknown,married,nov,87,nonexistent,4
0,9,telephone,(null),1,unknown,2102,professional.course,0,unknown,unemployed,unknown,single,sep,85,success,6
1,9,telephone,(null),1,unknown,2102,professional.course,0,unknown,unemployed,unknown,single,sep,85,success,6
0,12,telephone,(null),1,unknown,2156,professional.course,0,unknown,management,unknown,single,nov,90,success,5
1,12,telephone,(null),1,unknown,2156,professional.course,0,unknown,management,unknown,single,nov,90,success,5
0,12,telephone,(null),0,unknown,2156,professional.course,0,unknown,student,unknown,single,nov,74,success,5
1,12,telephone,(null),0,unknown,2156,professional.course,0,unknown,student,unknown,single,nov,74,success,5
0,9,telephone,(null),0,unknown,2172,professional.course,0,unknown,unemployed,unknown,single,nov,76,success,6
1,9,telephone,(null),0,unknown,2172,professional.course,0,unknown,unemployed,unknown,single,nov,76,success,6
0,11,cellular,tue,0,no,1891,basic.6y,-3,no,services,no,divorced,oct,81,failure,1
1,11,cellular,tue,0,no,1891,basic.6y,-3,no,services,no,divorced,oct,81,failure,1
0,12,telephone,thu,0,unknown,1954,high.school,-1,unknown,student,unknown,married,aug,86,nonexistent,3
1,12,telephone,thu,0,unknown,1954,high.school,-1,unknown,student,unknown,married,aug,86,nonexistent,3
0,9,telephone,thu,0,unknown,1993,high.school,-1,unknown,student,unknown,married,nov,86,nonexistent,3
1,9,telephone,thu,0,unknown,1993,high.school,-1,unknown,student,unknown,married,nov,86,nonexistent,3
0,8,cellular,wed,0,no,1899,basic.9y,-2,no,services,no,married,nov,88,nonexistent,2
1,8,cellular,wed,0,no,1899,basic.9y,-2,no,services,no,married,nov,88,nonexistent,2
0,8,cellular,wed,0,no,1907,basic.9y,-2,no,student,no,married,nov,81,nonexistent,2
1,8,cellular,wed,0,no,1907,basic.9y,-2,no,student,no,married,nov,81,nonexistent,2
0,9,telephone,fri,0,unknown,1985,illiterate,-1,unknown,technician,unknown,married,aug,88,nonexistent,4
1,9,telephone,fri,0,unknown,1985,illiterate,-1,unknown,technician,unknown,married,aug,88,nonexistent,4
0,12,telephone,thu,1,unknown,1915,high.school,-1,unknown,housemaid,unknown,married,nov,82,nonexistent,3
1,12,telephone,thu,1,unknown,1915,high.school,-1,unknown,housemaid,unknown,married,nov,82,nonexistent,3
0,12,telephone,(null),0,unknown,2016,professional.course,0,unknown,management,unknown,single,sep,90,success,5
1,12,telephone,(null),0,unknown,2016,professional.course,0,unknown,management,unknown,single,sep,90,success,5
0,9,telephone,fri,0,unknown,1985,illiterate,-1,unknown,housemaid,unknown,married,nov,88,nonexistent,4
1,9,telephone,fri,0,unknown,1985,illiterate,-1,unknown,housemaid,unknown,married,nov,88,nonexistent,4
0,10,telephone,fri,1,unknown,1969,illiterate,-1,unknown,student,unknown,married,oct,71,nonexistent,4
1,10,telephone,fri,1,unknown,1969,illiterate,-1,unknown,student,unknown,married,oct,71,nonexistent,4
0,11,telephone,(null),0,unknown,2000,professional.course,0,unknown,management,unknown,single,nov,74,success,5
1,11,telephone,(null),0,unknown,2000,professional.course,0,unknown,management,unknown,single,nov,74,success,5
0,12,telephone,(null),0,unknown,2102,professional.course,0,unknown,unemployed,unknown,single,jun,91,success,6
1,12,telephone,(null),0,unknown,2102,professional.course,0,unknown,unemployed,unknown,single,jun,91,success,6
0,12,telephone,(null),0,unknown,2000,professional.course,0,unknown,technician,unknown,single,may,90,success,5
1,12,telephone,(null),0,unknown,2000,professional.course,0,unknown,technician,unknown,single,may,90,success,5
0,12,telephone,(null),1,unknown,1946,professional.course,0,unknown,management,unknown,single,jun,91,success,6
1,12,telephone,(null),1,unknown,1946,professional.course,0,unknown,management,unknown,single,jun,91,success,6
0,11,telephone,(null),0,unknown,1946,professional.course,0,unknown,unemployed,unknown,single,jun,76,success,6
1,11,telephone,(null),0,unknown,1946,professional.course,0,unknown,unemployed,unknown,single,jun,76,success,6
0,2,cellular,wed,1,no,2079,basic.9y,-2,no,services,no,married,aug,114,nonexistent,2
1,2,cellular,wed,1,no,2079,basic.9y,-2,no,services,no,married,aug,114,nonexistent,2
0,4,telephone,fri,0,unknown,2125,illiterate,-1,unknown,housemaid,unknown,married,oct,118,nonexistent,4
1,4,telephone,fri,0,unknown,2125,illiterate,-1,unknown,housemaid,unknown,married,oct,118,nonexistent,4
0,2,cellular,wed,0,no,1922,basic.9y,-2,no,blue-collar,no,married,aug,114,nonexistent,2
1,2,cellular,wed,0,no,1922,basic.9y,-2,no,blue-collar,no,married,aug,114,nonexistent,2
0,5,telephone,(null),0,unknown,2156,professional.course,0,unknown,student,unknown,single,nov,105,success,5
1,5,telephone,(null),0,unknown,2156,professional.course,0,unknown,student,unknown,single,nov,105,success,5
0,2,cellular,wed,1,no,1978,basic.6y,-2,no,services,no,married,nov,104,nonexistent,2
1,2,cellular,wed,1,no,1978,basic.6y,-2,no,services,no,married,nov,104,nonexistent,2
0,3,cellular,wed,0,no,1985,professional.course,-2,no,student,no,married,nov,96,nonexistent,2
1,3,cellular,wed,0,no,1985,professional.course,-2,no,student,no,married,nov,96,nonexistent,2
0,3,cellular,wed,1,no,1907,basic.6y,-2,no,student,no,married,nov,96,nonexistent,2
1,3,cellular,wed,1,no,1907,basic.6y,-2,no,student,no,married,nov,96,nonexistent,2
0,2,cellular,wed,1,no,1978,professional.course,-2,no,services,no,married,aug,104,nonexistent,2
1,2,cellular,wed,1,no,1978,professional.course,-2,no,services,no,married,aug,104,nonexistent,2
0,5,telephone,fri,0,unknown,1985,illiterate,-1,unknown,technician,unknown,married,aug,98,nonexistent,4
1,5,telephone,fri,0,unknown,1985,illiterate,-1,unknown,technician,unknown,married,aug,98,nonexistent,4
0,2,cellular,wed,0,no,1899,basic.9y,-2,no,management,no,married,nov,104,nonexistent,2
1,2,cellular,wed,0,no,1899,basic.9y,-2,no,management,no,married,nov,104,nonexistent,2
0,5,telephone,fri,1,unknown,1930,illiterate,-1,unknown,housemaid,unknown,married,nov,98,nonexistent,4
1,5,telephone,fri,1,unknown,1930,illiterate,-1,unknown,housemaid,unknown,married,nov,98,nonexistent,4
0,5,telephone,(null),0,unknown,2000,professional.course,0,unknown,management,unknown,single,sep,107,success,5
1,5,telephone,(null),0,unknown,2000,professional.course,0,unknown,management,unknown,single,sep,107,success,5
0,6,telephone,(null),1,unknown,1946,professional.course,0,unknown,management,unknown,single,sep,100,success,6
1,6,telephone,(null),1,unknown,1946,professional.course,0,unknown,management,unknown,single,sep,100,success,6
0,3,cellular,wed,1,no,2094,basic.9y,-2,no,student,no,married,may,120,nonexistent,2
1,3,cellular,wed,1,no,2094,basic.9y,-2,no,student,no,married,may,120,nonexistent,2
0,5,telephone,(null),0,unknown,2172,professional.course,0,unknown,technician,unknown,single,jun,115,success,5
1,5,telephone,(null),0,unknown,2172,professional.course,0,unknown,technician,unknown,single,jun,115,success,5
0,4,telephone,fri,0,unknown,2079,illiterate,-1,unknown,student,unknown,married,may,114,nonexistent,4
1,4,telephone,fri,0,unknown,2079,illiterate,-1,unknown,student,unknown,married,may,114,nonexistent,4
0,5,telephone,fri,0,unknown,2141,illiterate,-1,unknown,technician,unknown,married,feb,122,nonexistent,4
1,5,telephone,fri,0,unknown,2141,illiterate,-1,unknown,technician,unknown,married,feb,122,nonexistent,4
0,6,telephone,(null),1,unknown,2172,professional.course,0,unknown,management,unknown,single,jun,122,success,6
1,6,telephone,(null),1,unknown,2172,professional.course,0,unknown,management,unknown,single,jun,122,success,6
0,6,telephone,(null),0,unknown,2102,professional.course,0,unknown,retired,unknown,single,mar,123,success,6
1,6,telephone,(null),0,unknown,2102,professional.course,0,unknown,retired,unknown,single,mar,123,success,6
0,3,cellular,wed,0,no,1985,basic.9y,-2,no,student,no,married,may,112,nonexistent,2
1,3,cellular,wed,0,no,1985,basic.9y,-2,no,student,no,married,may,112,nonexistent,2
0,2,cellular,tue,0,no,1891,basic.6y,-3,no,services,no,divorced,apr,111,failure,1
1,2,cellular,tue,0,no,1891,basic.6y,-3,no,services,no,divorced,apr,111,failure,1
0,3,cellular,wed,0,no,1938,basic.9y,-2,no,student,no,married,feb,115,nonexistent,2
1,3,cellular,wed,0,no,1938,basic.9y,-2,no,student,no,married,feb,115,nonexistent,2
0,3,cellular,wed,0,no,1938,basic.9y,-2,no,entrepreneur,no,married,may,120,nonexistent,2
1,3,cellular,wed,0,no,1938,basic.9y,-2,no,entrepreneur,no,married,may,120,nonexistent,2
0,5,telephone,fri,1,unknown,1985,illiterate,-1,unknown,housemaid,unknown,married,may,114,nonexistent,4
1,5,telephone,fri,1,unknown,1985,illiterate,-1,unknown,housemaid,unknown,married,may,114,nonexistent,4
0,6,telephone,(null),0,unknown,2024,professional.course,0,unknown,entrepreneur,unknown,single,mar,123,success,6
1,6,telephone,(null),0,unknown,2024,professional.course,0,unknown,entrepreneur,unknown,single,mar,123,success,6
0,3,cellular,wed,0,no,1907,basic.9y,-2,no,management,no,married,feb,120,nonexistent,2
1,3,cellular,wed,0,no,1907,basic.9y,-2,no,management,no,married,feb,120,nonexistent,2
0,5,telephone,fri,1,unknown,1985,illiterate,-1,unknown,technician,unknown,married,may,104,nonexistent,4
1,5,telephone,fri,1,unknown,1985,illiterate,-1,unknown,technician,unknown,married,may,104,nonexistent,4
0,6,telephone,(null),1,unknown,2016,professional.course,0,unknown,unemployed,unknown,single,mar,107,success,6
1,6,telephone,(null),1,unknown,2016,professional.course,0,unknown,unemployed,unknown,single,mar,107,success,6
0,5,telephone,(null),0,unknown,1938,professional.course,0,unknown,retired,unknown,single,jun,107,success,5
1,5,telephone,(null),0,unknown,1938,professional.course,0,unknown,retired,unknown,single,jun,107,success,5
0,6,telephone,(null),0,unknown,2172,professional.course,0,unknown,unemployed,unknown,single,dec,91,success,6
1,6,telephone,(null),0,unknown,2172,professional.course,0,unknown,unemployed,unknown,single,dec,91,success,6
0,5,telephone,(null),0,unknown,2000,professional.course,0,unknown,student,unknown,single,nov,90,success,5
1,5,telephone,(null),0,unknown,2000,professional.course,0,unknown,student,unknown,single,nov,90,success,5
0,6,telephone,(null),0,unknown,2016,professional.course,0,unknown,technician,unknown,single,nov,76,success,6
1,6,telephone,(null),0,unknown,2016,professional.course,0,unknown,technician,unknown,single,nov,76,success,6
0,11,cellular,mon,1,no,2345,basic.4y,-3,no,self-employed,no,divorced,jul,32,failure,0
1,11,cellular,mon,1,no,2345,basic.4y,-3,no,self-employed,no,divorced,jul,32,failure,0
0,10,cellular,tue,1,no,2360,basic.6y,-3,no,self-employed,no,divorced,oct,33,failure,0
1,10,cellular,tue,1,no,2360,basic.6y,-3,no,self-employed,no,divorced,oct,33,failure,0
0,11,telephone,(null),1,unknown,2312,professional.course,0,unknown,technician,unknown,single,nov,55,success,5
1,11,telephone,(null),1,unknown,2312,professional.course,0,unknown,technician,unknown,single,nov,55,success,5
0,12,telephone,thu,1,unknown,2344,high.school,-1,unknown,housemaid,unknown,married,oct,47,nonexistent,3
1,12,telephone,thu,1,unknown,2344,high.school,-1,unknown,housemaid,unknown,married,oct,47,nonexistent,3
0,10,cellular,wed,1,no,2282,basic.9y,-2,no,blue-collar,no,married,nov,36,nonexistent,2
1,10,cellular,wed,1,no,2282,basic.9y,-2,no,blue-collar,no,married,nov,36,nonexistent,2
0,13,cellular,tue,1,no,2219,basic.6y,-3,no,entrepreneur,no,divorced,apr,49,failure,1
1,13,cellular,tue,1,no,2219,basic.6y,-3,no,entrepreneur,no,divorced,apr,49,failure,1
0,13,cellular,mon,0,no,2189,basic.4y,-3,no,admin.,no,divorced,apr,32,failure,0
1,13,cellular,mon,0,no,2189,basic.4y,-3,no,admin.,no,divorced,apr,32,failure,0
0,13,cellular,mon,0,no,2189,basic.4y,-3,no,admin.,no,divorced,jan,32,failure,0
1,13,cellular,mon,0,no,2189,basic.4y,-3,no,admin.,no,divorced,jan,32,failure,0
0,12,telephone,(null),1,unknown,2468,professional.course,0,unknown,technician,unknown,single,sep,29,success,6
1,12,telephone,(null),1,unknown,2468,professional.course,0,unknown,technician,unknown,single,sep,29,success,6
0,11,cellular,tue,1,no,2220,basic.6y,-3,no,blue-collar,no,divorced,apr,17,failure,0
1,11,cellular,tue,1,no,2220,basic.6y,-3,no,blue-collar,no,divorced,apr,17,failure,0
0,13,cellular,wed,1,no,2282,basic.9y,-2,no,housemaid,no,married,feb,20,nonexistent,2
1,13,cellular,wed,1,no,2282,basic.9y,-2,no,housemaid,no,married,feb,20,nonexistent,2
0,10,telephone,thu,1,unknown,2344,high.school,-1,unknown,retired,unknown,married,nov,23,nonexistent,3
1,10,telephone,thu,1,unknown,2344,high.school,-1,unknown,retired,unknown,married,nov,23,nonexistent,3
0,10,cellular,tue,1,no,2220,basic.6y,-3,no,blue-collar,no,divorced,jul,17,failure,0
1,10,cellular,tue,1,no,2220,basic.6y,-3,no,blue-collar,no,divorced,jul,17,failure,0
0,11,cellular,tue,1,no,2251,basic.6y,-3,no,entrepreneur,no,divorced,mar,9,failure,1
1,11,cellular,tue,1,no,2251,basic.6y,-3,no,entrepreneur,no,divorced,mar,9,failure,1
0,8,cellular,mon,1,no,2189,basic.4y,-3,no,admin.,no,divorced,oct,8,failure,0
1,8,cellular,mon,1,no,2189,basic.4y,-3,no,admin.,no,divorced,oct,8,failure,0
0,10,cellular,wed,1,no,2282,basic.9y,-2,no,housemaid,no,married,aug,10,nonexistent,2
1,10,cellular,wed,1,no,2282,basic.9y,-2,no,housemaid,no,married,aug,10,nonexistent,2
0,8,cellular,tue,1,no,2251,basic.6y,-3,no,entrepreneur,no,divorced,aug,1,failure,1
1,8,cellular,tue,1,no,2251,basic.6y,-3,no,entrepreneur,no,divorced,aug,1,failure,1
0,11,cellular,mon,1,no,2189,basic.4y,-3,no,self-employed,no,divorced,jan,0,failure,0
1,11,cellular,mon,1,no,2189,basic.4y,-3,no,self-employed,no,divorced,jan,0,failure,0
0,10,cellular,mon,0,no,2189,basic.4y,-3,no,self-employed,no,divorced,apr,0,failure,0
1,10,cellular,mon,0,no,2189,basic.4y,-3,no,self-employed,no,divorced,apr,0,failure,0
0,11,cellular,mon,1,no,2189,basic.4y,-3,no,admin.,no,divorced,jan,0,failure,0
1,11,cellular,mon,1,no,2189,basic.4y,-3,no,admin.,no,divorced,jan,0,failure,0
0,10,cellular,mon,1,no,2189,basic.4y,-3,no,admin.,no,divorced,apr,4,failure,0
1,10,cellular,mon,1,no,2189,basic.4y,-3,no,admin.,no,divorced,apr,4,failure,0
0,11,cellular,mon,1,no,2033,basic.4y,-3,no,admin.,no,divorced,jul,32,failure,0
1,11,cellular,mon,1,no,2033,basic.4y,-3,no,admin.,no,divorced,jul,32,failure,0
0,12,telephone,(null),0,unknown,2000,professional.course,0,unknown,student,unknown,single,nov,55,success,5
1,12,telephone,(null),0,unknown,2000,professional.course,0,unknown,student,unknown,single,nov,55,success,5
0,10,cellular,tue,1,no,2048,basic.6y,-3,no,self-employed,no,divorced,oct,33,failure,0
1,10,cellular,tue,1,no,2048,basic.6y,-3,no,self-employed,no,divorced,oct,33,failure,0
0,10,cellular,tue,1,no,2063,basic.6y,-3,no,services,no,divorced,jul,34,failure,1
1,10,cellular,tue,1,no,2063,basic.6y,-3,no,services,no,divorced,jul,34,failure,1
0,8,cellular,wed,1,no,1922,basic.9y,-2,no,services,no,married,nov,40,nonexistent,2
1,8,cellular,wed,1,no,1922,basic.9y,-2,no,services,no,married,nov,40,nonexistent,2
0,10,cellular,wed,0,no,1938,basic.9y,-2,no,student,no,married,aug,37,nonexistent,2
1,10,cellular,wed,0,no,1938,basic.9y,-2,no,student,no,married,aug,37,nonexistent,2
0,10,cellular,tue,1,no,2048,basic.6y,-3,no,admin.,no,divorced,oct,33,failure,0
1,10,cellular,tue,1,no,2048,basic.6y,-3,no,admin.,no,divorced,oct,33,failure,0
0,10,cellular,tue,0,no,2048,basic.6y,-3,no,admin.,no,divorced,jul,33,failure,0
1,10,cellular,tue,0,no,2048,basic.6y,-3,no,admin.,no,divorced,jul,33,failure,0
0,8,cellular,tue,1,no,1907,basic.6y,-3,no,blue-collar,no,divorced,oct,37,failure,1
1,8,cellular,tue,1,no,1907,basic.6y,-3,no,blue-collar,no,divorced,oct,37,failure,1
0,10,cellular,wed,1,no,1938,basic.9y,-2,no,entrepreneur,no,married,aug,37,nonexistent,2
1,10,cellular,wed,1,no,1938,basic.9y,-2,no,entrepreneur,no,married,aug,37,nonexistent,2
0,9,telephone,fri,0,unknown,2063,illiterate,-1,unknown,student,unknown,married,oct,18,nonexistent,4
1,9,telephone,fri,0,unknown,2063,illiterate,-1,unknown,student,unknown,married,oct,18,nonexistent,4
0,9,telephone,fri,1,unknown,2063,illiterate,-1,unknown,housemaid,unknown,married,oct,18,nonexistent,4
1,9,telephone,fri,1,unknown,2063,illiterate,-1,unknown,housemaid,unknown,married,oct,18,nonexistent,4
0,11,cellular,tue,1,no,2048,basic.6y,-3,no,blue-collar,no,divorced,apr,34,failure,0
1,11,cellular,tue,1,no,2048,basic.6y,-3,no,blue-collar,no,divorced,apr,34,failure,0
0,13,cellular,wed,1,no,2079,basic.9y,-2,no,housemaid,no,married,feb,36,nonexistent,2
1,13,cellular,wed,1,no,2079,basic.9y,-2,no,housemaid,no,married,feb,36,nonexistent,2
0,12,telephone,fri,1,unknown,1969,illiterate,-1,unknown,student,unknown,married,may,49,nonexistent,4
1,12,telephone,fri,1,unknown,1969,illiterate,-1,unknown,student,unknown,married,may,49,nonexistent,4
0,13,cellular,mon,1,no,1876,basic.4y,-3,no,self-employed,no,divorced,jan,48,failure,0
1,13,cellular,mon,1,no,1876,basic.4y,-3,no,self-employed,no,divorced,jan,48,failure,0
0,13,telephone,fri,1,unknown,1969,illiterate,-1,unknown,student,unknown,married,feb,40,nonexistent,4
1,13,telephone,fri,1,unknown,1969,illiterate,-1,unknown,student,unknown,married,feb,40,nonexistent,4
0,12,telephone,thu,1,unknown,1954,high.school,-1,unknown,housemaid,unknown,married,may,47,nonexistent,3
1,12,telephone,thu,1,unknown,1954,high.school,-1,unknown,housemaid,unknown,married,may,47,nonexistent,3
0,13,cellular,tue,1,no,1891,basic.6y,-3,no,admin.,no,divorced,jan,49,failure,0
1,13,cellular,tue,1,no,1891,basic.6y,-3,no,admin.,no,divorced,jan,49,failure,0
0,13,telephone,fri,1,unknown,1969,illiterate,-1,unknown,housemaid,unknown,married,feb,40,nonexistent,4
1,13,telephone,fri,1,unknown,1969,illiterate,-1,unknown,housemaid,unknown,married,feb,40,nonexistent,4
0,10,cellular,mon,1,no,1876,basic.4y,-3,no,admin.,no,divorced,apr,32,failure,0
1,10,cellular,mon,1,no,1876,basic.4y,-3,no,admin.,no,divorced,apr,32,failure,0
0,11,telephone,fri,1,unknown,2094,illiterate,-1,unknown,services,unknown,married,may,26,nonexistent,4
1,11,telephone,fri,1,unknown,2094,illiterate,-1,unknown,services,unknown,married,may,26,nonexistent,4
0,11,cellular,tue,0,no,1938,basic.6y,-3,no,entrepreneur,no,divorced,jan,18,failure,1
1,11,cellular,tue,0,no,1938,basic.6y,-3,no,entrepreneur,no,divorced,jan,18,failure,1
0,10,cellular,tue,1,no,1938,basic.6y,-3,no,entrepreneur,no,divorced,apr,18,failure,1
1,10,cellular,tue,1,no,1938,basic.6y,-3,no,entrepreneur,no,divorced,apr,18,failure,1
0,11,telephone,fri,0,unknown,2094,illiterate,-1,unknown,services,unknown,married,apr,12,nonexistent,4
1,11,telephone,fri,0,unknown,2094,illiterate,-1,unknown,services,unknown,married,apr,12,nonexistent,4
0,10,telephone,thu,1,unknown,2032,high.school,-1,unknown,retired,unknown,married,apr,3,nonexistent,3
1,10,telephone,thu,1,unknown,2032,high.school,-1,unknown,retired,unknown,married,apr,3,nonexistent,3
0,6,telephone,(null),0,unknown,1946,university.degree,0,unknown,unemployed,unknown,single,dec,60,success,6
1,6,telephone,(null),0,unknown,1946,university.degree,0,unknown,unemployed,unknown,single,dec,60,success,6
0,7,cellular,tue,1,no,1907,basic.6y,-3,no,blue-collar,no,divorced,oct,17,failure,0
1,7,cellular,tue,1,no,1907,basic.6y,-3,no,blue-collar,no,divorced,oct,17,failure,0
0,7,cellular,tue,1,no,1938,basic.6y,-3,no,entrepreneur,no,divorced,oct,9,failure,1
1,7,cellular,tue,1,no,1938,basic.6y,-3,no,entrepreneur,no,divorced,oct,9,failure,1
0,7,cellular,wed,1,no,2000,basic.9y,-2,no,student,no,married,nov,2,nonexistent,2
1,7,cellular,wed,1,no,2000,basic.9y,-2,no,student,no,married,nov,2,nonexistent,2
0,7,cellular,mon,1,no,1876,basic.4y,-3,no,self-employed,no,divorced,jul,0,failure,0
1,7,cellular,mon,1,no,1876,basic.4y,-3,no,self-employed,no,divorced,jul,0,failure,0
0,7,cellular,wed,0,no,1969,basic.9y,-2,no,blue-collar,no,married,nov,2,nonexistent,2
1,7,cellular,wed,0,no,1969,basic.9y,-2,no,blue-collar,no,married,nov,2,nonexistent,2
0,7,cellular,mon,1,no,1876,basic.4y,-3,no,admin.,no,divorced,jul,0,failure,0
1,7,cellular,mon,1,no,1876,basic.4y,-3,no,admin.,no,divorced,jul,0,failure,0
0,11,cellular,tue,0,no,1735,basic.6y,-3,no,admin.,no,divorced,oct,95,failure,0
1,11,cellular,tue,0,no,1735,basic.6y,-3,no,admin.,no,divorced,oct,95,failure,0
0,11,cellular,wed,0,no,1828,basic.9y,-2,no,entrepreneur,no,married,aug,99,nonexistent,2
1,11,cellular,wed,0,no,1828,basic.9y,-2,no,entrepreneur,no,married,aug,99,nonexistent,2
0,11,cellular,wed,0,no,1743,basic.9y,-2,no,blue-collar,no,married,aug,98,nonexistent,2
1,11,cellular,wed,0,no,1743,basic.9y,-2,no,blue-collar,no,married,aug,98,nonexistent,2
0,8,cellular,tue,1,no,1735,basic.6y,-3,no,self-employed,no,divorced,jul,95,failure,0
1,8,cellular,tue,1,no,1735,basic.6y,-3,no,self-employed,no,divorced,jul,95,failure,0
0,8,cellular,wed,1,no,1781,basic.9y,-2,no,entrepreneur,no,married,sep,99,nonexistent,2
1,8,cellular,wed,1,no,1781,basic.9y,-2,no,entrepreneur,no,married,sep,99,nonexistent,2
0,11,cellular,wed,1,no,1766,basic.9y,-2,no,blue-collar,no,married,feb,114,nonexistent,2
1,11,cellular,wed,1,no,1766,basic.9y,-2,no,blue-collar,no,married,feb,114,nonexistent,2
0,8,cellular,mon,0,no,1720,basic.4y,-3,no,self-employed,no,divorced,jan,110,failure,0
1,8,cellular,mon,0,no,1720,basic.4y,-3,no,self-employed,no,divorced,jan,110,failure,0
0,8,cellular,wed,0,no,1828,basic.9y,-2,no,entrepreneur,no,married,mar,115,nonexistent,2
1,8,cellular,wed,0,no,1828,basic.9y,-2,no,entrepreneur,no,married,mar,115,nonexistent,2
0,8,cellular,tue,0,no,1727,basic.6y,-3,no,admin.,no,divorced,jan,118,failure,0
1,8,cellular,tue,0,no,1727,basic.6y,-3,no,admin.,no,divorced,jan,118,failure,0
0,11,cellular,wed,1,no,1828,basic.9y,-2,no,student,no,married,may,96,nonexistent,2
1,11,cellular,wed,1,no,1828,basic.9y,-2,no,student,no,married,may,96,nonexistent,2
0,11,cellular,wed,0,no,1743,basic.9y,-2,no,services,no,married,may,96,nonexistent,2
1,11,cellular,wed,0,no,1743,basic.9y,-2,no,services,no,married,may,96,nonexistent,2
0,12,telephone,fri,0,unknown,1851,illiterate,-1,unknown,housemaid,unknown,married,apr,104,nonexistent,4
1,12,telephone,fri,0,unknown,1851,illiterate,-1,unknown,housemaid,unknown,married,apr,104,nonexistent,4
0,12,telephone,fri,0,unknown,1766,illiterate,-1,unknown,housemaid,unknown,married,apr,102,nonexistent,4
1,12,telephone,fri,0,unknown,1766,illiterate,-1,unknown,housemaid,unknown,married,apr,102,nonexistent,4
0,9,telephone,fri,1,unknown,1828,illiterate,-1,unknown,technician,unknown,married,feb,98,nonexistent,4
1,9,telephone,fri,1,unknown,1828,illiterate,-1,unknown,technician,unknown,married,feb,98,nonexistent,4
0,9,telephone,(null),1,unknown,1843,professional.course,0,unknown,management,unknown,single,mar,107,success,5
1,9,telephone,(null),1,unknown,1843,professional.course,0,unknown,management,unknown,single,mar,107,success,5
0,11,cellular,tue,1,no,1657,basic.6y,-3,no,blue-collar,no,divorced,jul,95,failure,1
1,11,cellular,tue,1,no,1657,basic.6y,-3,no,blue-collar,no,divorced,jul,95,failure,1
0,11,cellular,tue,1,no,1571,basic.6y,-3,no,admin.,no,divorced,jul,94,failure,0
1,11,cellular,tue,1,no,1571,basic.6y,-3,no,admin.,no,divorced,jul,94,failure,0
0,11,cellular,tue,0,no,1657,basic.6y,-3,no,blue-collar,no,divorced,jan,111,failure,1
1,11,cellular,tue,0,no,1657,basic.6y,-3,no,blue-collar,no,divorced,jan,111,failure,1
0,11,cellular,wed,0,no,1665,basic.9y,-2,no,services,no,married,feb,96,nonexistent,2
1,11,cellular,wed,0,no,1665,basic.9y,-2,no,services,no,married,feb,96,nonexistent,2
0,11,cellular,tue,1,no,1571,basic.6y,-3,no,self-employed,no,divorced,jan,95,failure,0
1,11,cellular,tue,1,no,1571,basic.6y,-3,no,self-employed,no,divorced,jan,95,failure,0
0,12,telephone,thu,0,unknown,1680,high.school,-1,unknown,housemaid,unknown,married,apr,101,nonexistent,3
1,12,telephone,thu,0,unknown,1680,high.school,-1,unknown,housemaid,unknown,married,apr,101,nonexistent,3
0,8,cellular,tue,0,no,1649,basic.6y,-3,no,admin.,no,divorced,oct,95,failure,0
1,8,cellular,tue,0,no,1649,basic.6y,-3,no,admin.,no,divorced,oct,95,failure,0
0,8,cellular,mon,1,no,1564,basic.4y,-3,no,admin.,no,divorced,jan,110,failure,0
1,8,cellular,mon,1,no,1564,basic.4y,-3,no,admin.,no,divorced,jan,110,failure,0
0,9,telephone,thu,0,unknown,1680,high.school,-1,unknown,housemaid,unknown,married,apr,101,nonexistent,3
1,9,telephone,thu,0,unknown,1680,high.school,-1,unknown,housemaid,unknown,married,apr,101,nonexistent,3
0,9,cellular,wed,0,no,1766,basic.9y,-2,no,services,no,married,aug,83,nonexistent,2
1,9,cellular,wed,0,no,1766,basic.9y,-2,no,services,no,married,aug,83,nonexistent,2
0,10,telephone,thu,0,unknown,1797,high.school,-1,unknown,housemaid,unknown,married,oct,86,nonexistent,3
1,10,telephone,thu,0,unknown,1797,high.school,-1,unknown,housemaid,unknown,married,oct,86,nonexistent,3
0,11,cellular,tue,0,no,1750,basic.6y,-3,no,services,no,divorced,oct,65,failure,1
1,11,cellular,tue,0,no,1750,basic.6y,-3,no,services,no,divorced,oct,65,failure,1
0,12,telephone,thu,0,unknown,1836,high.school,-1,unknown,student,unknown,married,aug,70,nonexistent,3
1,12,telephone,thu,0,unknown,1836,high.school,-1,unknown,student,unknown,married,aug,70,nonexistent,3
0,11,cellular,wed,0,no,1750,basic.9y,-2,no,student,no,married,aug,68,nonexistent,2
1,11,cellular,wed,0,no,1750,basic.9y,-2,no,student,no,married,aug,68,nonexistent,2
0,9,telephone,thu,0,unknown,1797,high.school,-1,unknown,student,unknown,married,oct,70,nonexistent,3
1,9,telephone,thu,0,unknown,1797,high.school,-1,unknown,student,unknown,married,oct,70,nonexistent,3
0,12,telephone,thu,0,unknown,1797,high.school,-1,unknown,housemaid,unknown,married,nov,70,nonexistent,3
1,12,telephone,thu,0,unknown,1797,high.school,-1,unknown,housemaid,unknown,married,nov,70,nonexistent,3
0,11,telephone,(null),0,unknown,1859,professional.course,0,unknown,management,unknown,single,sep,74,success,5
1,11,telephone,(null),0,unknown,1859,professional.course,0,unknown,management,unknown,single,sep,74,success,5
0,13,cellular,tue,1,no,1735,basic.6y,-3,no,blue-collar,no,divorced,jul,65,failure,1
1,13,cellular,tue,1,no,1735,basic.6y,-3,no,blue-collar,no,divorced,jul,65,failure,1
0,9,telephone,fri,0,unknown,1851,illiterate,-1,unknown,housemaid,unknown,married,nov,73,nonexistent,4
1,9,telephone,fri,0,unknown,1851,illiterate,-1,unknown,housemaid,unknown,married,nov,73,nonexistent,4
0,9,telephone,(null),0,unknown,1859,professional.course,0,unknown,management,unknown,single,sep,76,success,6
1,9,telephone,(null),0,unknown,1859,professional.course,0,unknown,management,unknown,single,sep,76,success,6
0,12,telephone,fri,0,unknown,1812,illiterate,-1,unknown,student,unknown,married,apr,87,nonexistent,4
1,12,telephone,fri,0,unknown,1812,illiterate,-1,unknown,student,unknown,married,apr,87,nonexistent,4
0,9,telephone,fri,0,unknown,1828,illiterate,-1,unknown,technician,unknown,married,may,88,nonexistent,4
1,9,telephone,fri,0,unknown,1828,illiterate,-1,unknown,technician,unknown,married,may,88,nonexistent,4
0,12,telephone,(null),0,unknown,1859,professional.course,0,unknown,management,unknown,single,jun,90,success,5
1,12,telephone,(null),0,unknown,1859,professional.course,0,unknown,management,unknown,single,jun,90,success,5
0,12,telephone,fri,0,unknown,1773,illiterate,-1,unknown,housemaid,unknown,married,may,88,nonexistent,4
1,12,telephone,fri,0,unknown,1773,illiterate,-1,unknown,housemaid,unknown,married,may,88,nonexistent,4
0,12,telephone,(null),0,unknown,1789,professional.course,0,unknown,management,unknown,single,mar,92,success,6
1,12,telephone,(null),0,unknown,1789,professional.course,0,unknown,management,unknown,single,mar,92,success,6
0,11,telephone,(null),0,unknown,1843,professional.course,0,unknown,technician,unknown,single,may,74,success,5
1,11,telephone,(null),0,unknown,1843,professional.course,0,unknown,technician,unknown,single,may,74,success,5
0,11,telephone,(null),1,unknown,1789,professional.course,0,unknown,management,unknown,single,jun,76,success,6
1,11,telephone,(null),1,unknown,1789,professional.course,0,unknown,management,unknown,single,jun,76,success,6
0,11,cellular,tue,0,no,1594,basic.6y,-3,no,entrepreneur,no,divorced,aug,81,failure,1
1,11,cellular,tue,0,no,1594,basic.6y,-3,no,entrepreneur,no,divorced,aug,81,failure,1
0,8,cellular,wed,0,no,1665,basic.9y,-2,no,services,no,married,aug,81,nonexistent,2
1,8,cellular,wed,0,no,1665,basic.9y,-2,no,services,no,married,aug,81,nonexistent,2
0,8,cellular,wed,0,no,1665,basic.9y,-2,no,blue-collar,no,married,nov,83,nonexistent,2
1,8,cellular,wed,0,no,1665,basic.9y,-2,no,blue-collar,no,married,nov,83,nonexistent,2
0,8,cellular,tue,0,no,1579,basic.6y,-3,no,blue-collar,no,divorced,oct,81,failure,1
1,8,cellular,tue,0,no,1579,basic.6y,-3,no,blue-collar,no,divorced,oct,81,failure,1
0,9,cellular,wed,0,no,1625,basic.9y,-2,no,management,no,married,sep,68,nonexistent,2
1,9,cellular,wed,0,no,1625,basic.9y,-2,no,management,no,married,sep,68,nonexistent,2
0,12,telephone,thu,1,unknown,1680,high.school,-1,unknown,student,unknown,married,feb,90,nonexistent,3
1,12,telephone,thu,1,unknown,1680,high.school,-1,unknown,student,unknown,married,feb,90,nonexistent,3
0,12,telephone,fri,0,unknown,1688,illiterate,-1,unknown,student,unknown,married,feb,83,nonexistent,4
1,12,telephone,fri,0,unknown,1688,illiterate,-1,unknown,student,unknown,married,feb,83,nonexistent,4
0,11,cellular,wed,1,no,1594,basic.9y,-2,no,student,no,married,feb,89,nonexistent,2
1,11,cellular,wed,1,no,1594,basic.9y,-2,no,student,no,married,feb,89,nonexistent,2
0,12,telephone,thu,0,unknown,1602,high.school,-1,unknown,student,unknown,married,feb,82,nonexistent,3
1,12,telephone,thu,0,unknown,1602,high.school,-1,unknown,student,unknown,married,feb,82,nonexistent,3
0,12,telephone,(null),0,unknown,1703,professional.course,0,unknown,management,unknown,single,mar,91,success,5
1,12,telephone,(null),0,unknown,1703,professional.course,0,unknown,management,unknown,single,mar,91,success,5
0,12,telephone,thu,0,unknown,1602,high.school,-1,unknown,housemaid,unknown,married,may,82,nonexistent,3
1,12,telephone,thu,0,unknown,1602,high.school,-1,unknown,housemaid,unknown,married,may,82,nonexistent,3
0,12,telephone,fri,0,unknown,1617,illiterate,-1,unknown,housemaid,unknown,married,feb,88,nonexistent,4
1,12,telephone,fri,0,unknown,1617,illiterate,-1,unknown,housemaid,unknown,married,feb,88,nonexistent,4
0,9,telephone,thu,0,unknown,1680,high.school,-1,unknown,student,unknown,married,may,86,nonexistent,3
1,9,telephone,thu,0,unknown,1680,high.school,-1,unknown,student,unknown,married,may,86,nonexistent,3
0,8,cellular,tue,1,no,1579,basic.6y,-3,no,services,no,divorced,apr,88,failure,1
1,8,cellular,tue,1,no,1579,basic.6y,-3,no,services,no,divorced,apr,88,failure,1
0,9,telephone,(null),0,unknown,1703,professional.course,0,unknown,technician,unknown,single,mar,84,success,5
1,9,telephone,(null),0,unknown,1703,professional.course,0,unknown,technician,unknown,single,mar,84,success,5
0,9,telephone,fri,0,unknown,1617,illiterate,-1,unknown,housemaid,unknown,married,may,83,nonexistent,4
1,9,telephone,fri,0,unknown,1617,illiterate,-1,unknown,housemaid,unknown,married,may,83,nonexistent,4
0,9,telephone,(null),1,unknown,1625,professional.course,0,unknown,management,unknown,single,mar,91,success,5
1,9,telephone,(null),1,unknown,1625,professional.course,0,unknown,management,unknown,single,mar,91,success,5
0,11,cellular,wed,1,no,1625,basic.9y,-2,no,student,no,married,may,68,nonexistent,2
1,11,cellular,wed,1,no,1625,basic.9y,-2,no,student,no,married,may,68,nonexistent,2
0,12,telephone,fri,1,unknown,1672,illiterate,-1,unknown,technician,unknown,married,feb,73,nonexistent,4
1,12,telephone,fri,1,unknown,1672,illiterate,-1,unknown,technician,unknown,married,feb,73,nonexistent,4
0,9,telephone,(null),0,unknown,1703,professional.course,0,unknown,unemployed,unknown,single,mar,76,success,6
1,9,telephone,(null),0,unknown,1703,professional.course,0,unknown,unemployed,unknown,single,mar,76,success,6
0,11,telephone,(null),1,unknown,1687,professional.course,0,unknown,management,unknown,single,may,74,success,5
1,11,telephone,(null),1,unknown,1687,professional.course,0,unknown,management,unknown,single,may,74,success,5
0,11,cellular,tue,0,no,1501,basic.6y,-3,no,blue-collar,no,divorced,feb,96,failure,1
1,11,cellular,tue,0,no,1501,basic.6y,-3,no,blue-collar,no,divorced,feb,96,failure,1
0,8,cellular,tue,1,no,1423,basic.6y,-3,no,blue-collar,no,divorced,jan,95,failure,0
1,8,cellular,tue,1,no,1423,basic.6y,-3,no,blue-collar,no,divorced,jan,95,failure,0
0,11,cellular,mon,0,no,1486,basic.4y,-3,no,admin.,no,divorced,jul,79,failure,0
1,11,cellular,mon,0,no,1486,basic.4y,-3,no,admin.,no,divorced,jul,79,failure,0
0,11,cellular,mon,0,no,1486,basic.4y,-3,no,admin.,no,divorced,jul,71,failure,0
1,11,cellular,mon,0,no,1486,basic.4y,-3,no,admin.,no,divorced,jul,71,failure,0
0,11,cellular,tue,0,no,1493,basic.6y,-3,no,admin.,no,divorced,jul,63,failure,0
1,11,cellular,tue,0,no,1493,basic.6y,-3,no,admin.,no,divorced,jul,63,failure,0
0,11,cellular,tue,0,no,1438,basic.6y,-3,no,entrepreneur,no,divorced,feb,81,failure,1
1,11,cellular,tue,0,no,1438,basic.6y,-3,no,entrepreneur,no,divorced,feb,81,failure,1
0,11,cellular,tue,0,no,1423,basic.6y,-3,no,self-employed,no,divorced,jan,64,failure,0
1,11,cellular,tue,0,no,1423,basic.6y,-3,no,self-employed,no,divorced,jan,64,failure,0
0,11,cellular,wed,0,no,1454,basic.9y,-2,no,blue-collar,no,married,feb,67,nonexistent,2
1,11,cellular,wed,0,no,1454,basic.9y,-2,no,blue-collar,no,married,feb,67,nonexistent,2
0,8,cellular,tue,0,no,1493,basic.6y,-3,no,admin.,no,divorced,oct,80,failure,0
1,8,cellular,tue,0,no,1493,basic.6y,-3,no,admin.,no,divorced,oct,80,failure,0
0,8,cellular,wed,1,no,1509,basic.9y,-2,no,blue-collar,no,married,aug,83,nonexistent,2
1,8,cellular,wed,1,no,1509,basic.9y,-2,no,blue-collar,no,married,aug,83,nonexistent,2
0,8,cellular,tue,0,no,1423,basic.6y,-3,no,blue-collar,no,divorced,jul,81,failure,1
1,8,cellular,tue,0,no,1423,basic.6y,-3,no,blue-collar,no,divorced,jul,81,failure,1
0,8,cellular,tue,0,no,1423,basic.6y,-3,no,self-employed,no,divorced,jul,64,failure,0
1,8,cellular,tue,0,no,1423,basic.6y,-3,no,self-employed,no,divorced,jul,64,failure,0
0,8,cellular,tue,0,no,1501,basic.6y,-3,no,blue-collar,no,divorced,oct,72,failure,1
1,8,cellular,tue,0,no,1501,basic.6y,-3,no,blue-collar,no,divorced,oct,72,failure,1
0,8,cellular,wed,0,no,1509,basic.9y,-2,no,blue-collar,no,married,nov,65,nonexistent,2
1,8,cellular,wed,0,no,1509,basic.9y,-2,no,blue-collar,no,married,nov,65,nonexistent,2
0,8,cellular,mon,0,no,1486,basic.4y,-3,no,self-employed,no,divorced,apr,87,failure,0
1,8,cellular,mon,0,no,1486,basic.4y,-3,no,self-employed,no,divorced,apr,87,failure,0
0,8,cellular,wed,0,no,1516,basic.9y,-2,no,student,no,married,feb,84,nonexistent,2
1,8,cellular,wed,0,no,1516,basic.9y,-2,no,student,no,married,feb,84,nonexistent,2
0,8,cellular,tue,1,no,1423,basic.6y,-3,no,services,no,divorced,feb,81,failure,1
1,8,cellular,tue,1,no,1423,basic.6y,-3,no,services,no,divorced,feb,81,failure,1
0,9,telephone,fri,0,unknown,1532,illiterate,-1,unknown,housemaid,unknown,married,apr,87,nonexistent,4
1,9,telephone,fri,0,unknown,1532,illiterate,-1,unknown,housemaid,unknown,married,apr,87,nonexistent,4
0,8,cellular,tue,1,no,1423,basic.6y,-3,no,blue-collar,no,divorced,apr,88,failure,1
1,8,cellular,tue,1,no,1423,basic.6y,-3,no,blue-collar,no,divorced,apr,88,failure,1
0,8,cellular,wed,0,no,1469,basic.9y,-2,no,student,no,married,may,68,nonexistent,2
1,8,cellular,wed,0,no,1469,basic.9y,-2,no,student,no,married,may,68,nonexistent,2
0,9,telephone,fri,0,unknown,1539,illiterate,-1,unknown,technician,unknown,married,feb,73,nonexistent,4
1,9,telephone,fri,0,unknown,1539,illiterate,-1,unknown,technician,unknown,married,feb,73,nonexistent,4
0,9,telephone,fri,0,unknown,1539,illiterate,-1,unknown,housemaid,unknown,married,may,73,nonexistent,4
1,9,telephone,fri,0,unknown,1539,illiterate,-1,unknown,housemaid,unknown,married,may,73,nonexistent,4
0,9,telephone,fri,0,unknown,1454,illiterate,-1,unknown,housemaid,unknown,married,may,71,nonexistent,4
1,9,telephone,fri,0,unknown,1454,illiterate,-1,unknown,housemaid,unknown,married,may,71,nonexistent,4
0,9,telephone,(null),0,unknown,1469,professional.course,0,unknown,management,unknown,single,mar,76,success,5
1,9,telephone,(null),0,unknown,1469,professional.course,0,unknown,management,unknown,single,mar,76,success,5
0,9,telephone,(null),0,unknown,1477,professional.course,0,unknown,management,unknown,single,mar,69,success,6
1,9,telephone,(null),0,unknown,1477,professional.course,0,unknown,management,unknown,single,mar,69,success,6
0,11,cellular,mon,1,no,1330,basic.4y,-3,no,admin.,no,divorced,jan,71,failure,0
1,11,cellular,mon,1,no,1330,basic.4y,-3,no,admin.,no,divorced,jan,71,failure,0
0,8,cellular,mon,0,no,1330,basic.4y,-3,no,self-employed,no,divorced,jul,63,failure,0
1,8,cellular,mon,0,no,1330,basic.4y,-3,no,self-employed,no,divorced,jul,63,failure,0
0,8,cellular,tue,0,no,1345,basic.6y,-3,no,blue-collar,no,divorced,jul,72,failure,1
1,8,cellular,tue,0,no,1345,basic.6y,-3,no,blue-collar,no,divorced,jul,72,failure,1
0,8,cellular,wed,0,no,1353,basic.9y,-2,no,blue-collar,no,married,aug,65,nonexistent,2
1,8,cellular,wed,0,no,1353,basic.9y,-2,no,blue-collar,no,married,aug,65,nonexistent,2
0,8,cellular,tue,0,no,1337,basic.6y,-3,no,self-employed,no,divorced,jan,79,failure,0
1,8,cellular,tue,0,no,1337,basic.6y,-3,no,self-employed,no,divorced,jan,79,failure,0
0,8,cellular,wed,0,no,1360,basic.9y,-2,no,entrepreneur,no,married,feb,84,nonexistent,2
1,8,cellular,wed,0,no,1360,basic.9y,-2,no,entrepreneur,no,married,feb,84,nonexistent,2
0,8,cellular,tue,1,no,1266,basic.6y,-3,no,blue-collar,no,divorced,feb,81,failure,1
1,8,cellular,tue,1,no,1266,basic.6y,-3,no,blue-collar,no,divorced,feb,81,failure,1
0,9,telephone,thu,1,unknown,1368,high.school,-1,unknown,student,unknown,married,feb,66,nonexistent,3
1,9,telephone,thu,1,unknown,1368,high.school,-1,unknown,student,unknown,married,feb,66,nonexistent,3
0,8,cellular,wed,0,no,1274,basic.9y,-2,no,services,no,married,feb,65,nonexistent,2
1,8,cellular,wed,0,no,1274,basic.9y,-2,no,services,no,married,feb,65,nonexistent,2
0,9,telephone,thu,0,unknown,1368,high.school,-1,unknown,housemaid,unknown,married,may,70,nonexistent,3
1,9,telephone,thu,0,unknown,1368,high.school,-1,unknown,housemaid,unknown,married,may,70,nonexistent,3
0,9,telephone,fri,0,unknown,1383,illiterate,-1,unknown,housemaid,unknown,married,feb,75,nonexistent,4
1,9,telephone,fri,0,unknown,1383,illiterate,-1,unknown,housemaid,unknown,married,feb,75,nonexistent,4
0,9,telephone,thu,0,unknown,1290,high.school,-1,unknown,housemaid,unknown,married,apr,70,nonexistent,3
1,9,telephone,thu,0,unknown,1290,high.school,-1,unknown,housemaid,unknown,married,apr,70,nonexistent,3
0,1,cellular,mon,0,no,1720,basic.4y,-3,no,admin.,no,divorced,jul,110,failure,0
1,1,cellular,mon,0,no,1720,basic.4y,-3,no,admin.,no,divorced,jul,110,failure,0
0,2,cellular,tue,0,no,1750,basic.6y,-3,no,services,no,divorced,jul,95,failure,1
1,2,cellular,tue,0,no,1750,basic.6y,-3,no,services,no,divorced,jul,95,failure,1
0,2,cellular,wed,1,no,1766,basic.9y,-2,no,blue-collar,no,married,nov,98,nonexistent,2
1,2,cellular,wed,1,no,1766,basic.9y,-2,no,blue-collar,no,married,nov,98,nonexistent,2
0,4,telephone,thu,0,unknown,1797,high.school,-1,unknown,housemaid,unknown,married,aug,101,nonexistent,3
1,4,telephone,thu,0,unknown,1797,high.school,-1,unknown,housemaid,unknown,married,aug,101,nonexistent,3
0,1,cellular,mon,1,no,1720,basic.4y,-3,no,self-employed,no,divorced,jan,110,failure,0
1,1,cellular,mon,1,no,1720,basic.4y,-3,no,self-employed,no,divorced,jan,110,failure,0
0,2,cellular,tue,0,no,1735,basic.6y,-3,no,blue-collar,no,divorced,apr,111,failure,1
1,2,cellular,tue,0,no,1735,basic.6y,-3,no,blue-collar,no,divorced,apr,111,failure,1
0,3,cellular,wed,1,no,1828,basic.9y,-2,no,blue-collar,no,married,feb,120,nonexistent,2
1,3,cellular,wed,1,no,1828,basic.9y,-2,no,blue-collar,no,married,feb,120,nonexistent,2
0,4,telephone,thu,0,unknown,1797,high.school,-1,unknown,housemaid,unknown,married,feb,113,nonexistent,3
1,4,telephone,thu,0,unknown,1797,high.school,-1,unknown,housemaid,unknown,married,feb,113,nonexistent,3
0,1,cellular,tue,0,no,1735,basic.6y,-3,no,self-employed,no,divorced,apr,102,failure,0
1,1,cellular,tue,0,no,1735,basic.6y,-3,no,self-employed,no,divorced,apr,102,failure,0
0,4,telephone,thu,0,unknown,1836,high.school,-1,unknown,student,unknown,married,feb,105,nonexistent,3
1,4,telephone,thu,0,unknown,1836,high.school,-1,unknown,student,unknown,married,feb,105,nonexistent,3
0,2,cellular,wed,0,no,1743,basic.9y,-2,no,services,no,married,feb,104,nonexistent,2
1,2,cellular,wed,0,no,1743,basic.9y,-2,no,services,no,married,feb,104,nonexistent,2
0,5,telephone,fri,0,unknown,1773,basic.9y,-1,unknown,technician,unknown,married,feb,98,nonexistent,4
1,5,telephone,fri,0,unknown,1773,basic.9y,-1,unknown,technician,unknown,married,feb,98,nonexistent,4
0,5,telephone,(null),1,unknown,1859,professional.course,0,unknown,entrepreneur,unknown,single,jun,107,success,5
1,5,telephone,(null),1,unknown,1859,professional.course,0,unknown,entrepreneur,unknown,single,jun,107,success,5
0,6,telephone,(null),0,unknown,1859,professional.course,0,unknown,management,unknown,single,jun,100,success,6
1,6,telephone,(null),0,unknown,1859,professional.course,0,unknown,management,unknown,single,jun,100,success,6
0,5,cellular,mon,0,no,1642,basic.4y,-3,no,admin.,no,divorced,apr,110,failure,0
1,5,cellular,mon,0,no,1642,basic.4y,-3,no,admin.,no,divorced,apr,110,failure,0
0,5,cellular,tue,0,no,1657,basic.6y,-3,no,blue-collar,no,divorced,jan,111,failure,1
1,5,cellular,tue,0,no,1657,basic.6y,-3,no,blue-collar,no,divorced,jan,111,failure,1
0,5,cellular,tue,0,no,1579,basic.6y,-3,no,admin.,no,divorced,apr,102,failure,0
1,5,cellular,tue,0,no,1579,basic.6y,-3,no,admin.,no,divorced,apr,102,failure,0
0,1,cellular,tue,0,no,1579,basic.6y,-3,no,blue-collar,no,divorced,jul,95,failure,0
1,1,cellular,tue,0,no,1579,basic.6y,-3,no,blue-collar,no,divorced,jul,95,failure,0
0,1,cellular,tue,0,no,1649,basic.6y,-3,no,self-employed,no,divorced,jan,102,failure,0
1,1,cellular,tue,0,no,1649,basic.6y,-3,no,self-employed,no,divorced,jan,102,failure,0
0,1,cellular,tue,1,no,1579,basic.6y,-3,no,admin.,no,divorced,apr,102,failure,0
1,1,cellular,tue,1,no,1579,basic.6y,-3,no,admin.,no,divorced,apr,102,failure,0
0,1,cellular,wed,0,no,1587,basic.9y,-2,no,blue-collar,no,married,feb,104,nonexistent,2
1,1,cellular,wed,0,no,1587,basic.9y,-2,no,blue-collar,no,married,feb,104,nonexistent,2
0,3,telephone,fri,0,unknown,1672,illiterate,-1,unknown,housemaid,unknown,married,feb,98,nonexistent,4
1,3,telephone,fri,0,unknown,1672,illiterate,-1,unknown,housemaid,unknown,married,feb,98,nonexistent,4
0,3,cellular,wed,0,no,1828,basic.9y,-2,no,student,no,married,nov,89,nonexistent,2
1,3,cellular,wed,0,no,1828,basic.9y,-2,no,student,no,married,nov,89,nonexistent,2
0,2,cellular,tue,0,no,1735,basic.6y,-3,no,services,no,divorced,oct,88,failure,1
1,2,cellular,tue,0,no,1735,basic.6y,-3,no,services,no,divorced,oct,88,failure,1
0,4,telephone,thu,1,unknown,1836,professional.course,-1,unknown,student,unknown,married,aug,90,nonexistent,3
1,4,telephone,thu,1,unknown,1836,professional.course,-1,unknown,student,unknown,married,aug,90,nonexistent,3
0,4,telephone,thu,1,unknown,1758,basic.9y,-1,unknown,student,unknown,married,aug,90,nonexistent,3
1,4,telephone,thu,1,unknown,1758,basic.9y,-1,unknown,student,unknown,married,aug,90,nonexistent,3
0,5,telephone,(null),0,unknown,1859,professional.course,0,unknown,technician,unknown,single,sep,84,success,5
1,5,telephone,(null),0,unknown,1859,professional.course,0,unknown,technician,unknown,single,sep,84,success,5
0,4,telephone,fri,0,unknown,1766,professional.course,-1,unknown,student,unknown,married,aug,83,nonexistent,4
1,4,telephone,fri,0,unknown,1766,professional.course,-1,unknown,student,unknown,married,aug,83,nonexistent,4
0,5,telephone,fri,0,unknown,1828,illiterate,-1,unknown,housemaid,unknown,married,nov,91,nonexistent,4
1,5,telephone,fri,0,unknown,1828,illiterate,-1,unknown,housemaid,unknown,married,nov,91,nonexistent,4
0,5,telephone,(null),0,unknown,1859,professional.course,0,unknown,management,unknown,single,dec,84,success,5
1,5,telephone,(null),0,unknown,1859,professional.course,0,unknown,management,unknown,single,dec,84,success,5
0,5,telephone,fri,0,unknown,1773,illiterate,-1,unknown,housemaid,unknown,married,nov,83,nonexistent,4
1,5,telephone,fri,0,unknown,1773,illiterate,-1,unknown,housemaid,unknown,married,nov,83,nonexistent,4
0,5,telephone,(null),0,unknown,1781,professional.course,0,unknown,management,unknown,single,sep,91,success,5
1,5,telephone,(null),0,unknown,1781,professional.course,0,unknown,management,unknown,single,sep,91,success,5
0,6,telephone,(null),0,unknown,1789,professional.course,0,unknown,management,unknown,single,sep,85,success,6
1,6,telephone,(null),0,unknown,1789,professional.course,0,unknown,management,unknown,single,sep,85,success,6
0,1,cellular,tue,0,no,1579,basic.6y,-3,no,self-employed,no,divorced,oct,79,failure,0
1,1,cellular,tue,0,no,1579,basic.6y,-3,no,self-employed,no,divorced,oct,79,failure,0
0,1,cellular,mon,0,no,1564,basic.4y,-3,no,self-employed,no,divorced,jul,87,failure,0
1,1,cellular,mon,0,no,1564,basic.4y,-3,no,self-employed,no,divorced,jul,87,failure,0
0,4,telephone,fri,0,unknown,1688,basic.9y,-1,unknown,student,unknown,married,aug,83,nonexistent,4
1,4,telephone,fri,0,unknown,1688,basic.9y,-1,unknown,student,unknown,married,aug,83,nonexistent,4
0,3,cellular,wed,0,no,1672,basic.9y,-2,no,entrepreneur,no,married,nov,89,nonexistent,2
1,3,cellular,wed,0,no,1672,basic.9y,-2,no,entrepreneur,no,married,nov,89,nonexistent,2
0,2,cellular,tue,0,no,1579,basic.6y,-3,no,blue-collar,no,divorced,oct,88,failure,1
1,2,cellular,tue,0,no,1579,basic.6y,-3,no,blue-collar,no,divorced,oct,88,failure,1
0,5,telephone,fri,0,unknown,1695,illiterate,-1,unknown,blue-collar,unknown,married,nov,83,nonexistent,4
1,5,telephone,fri,0,unknown,1695,illiterate,-1,unknown,blue-collar,unknown,married,nov,83,nonexistent,4
0,4,telephone,thu,0,unknown,1641,high.school,-1,unknown,housemaid,unknown,married,aug,90,nonexistent,3
1,4,telephone,thu,0,unknown,1641,high.school,-1,unknown,housemaid,unknown,married,aug,90,nonexistent,3
0,5,telephone,(null),0,unknown,1703,professional.course,0,unknown,management,unknown,single,sep,84,success,5
1,5,telephone,(null),0,unknown,1703,professional.course,0,unknown,management,unknown,single,sep,84,success,5
0,5,telephone,(null),0,unknown,1625,professional.course,0,unknown,entrepreneur,unknown,single,sep,84,success,5
1,5,telephone,(null),0,unknown,1625,professional.course,0,unknown,entrepreneur,unknown,single,sep,84,success,5
0,4,telephone,thu,1,unknown,1758,professional.course,-1,unknown,student,unknown,married,nov,74,nonexistent,3
1,4,telephone,thu,1,unknown,1758,professional.course,-1,unknown,student,unknown,married,nov,74,nonexistent,3
0,6,telephone,(null),1,unknown,1781,professional.course,0,unknown,technician,unknown,single,sep,68,success,5
1,6,telephone,(null),1,unknown,1781,professional.course,0,unknown,technician,unknown,single,sep,68,success,5
0,6,telephone,(null),0,unknown,1859,professional.course,0,unknown,management,unknown,single,nov,76,success,6
1,6,telephone,(null),0,unknown,1859,professional.course,0,unknown,management,unknown,single,nov,76,success,6
0,3,cellular,wed,1,no,1625,basic.9y,-2,no,student,no,married,nov,73,nonexistent,2
1,3,cellular,wed,1,no,1625,basic.9y,-2,no,student,no,married,nov,73,nonexistent,2
0,4,telephone,thu,0,unknown,1641,high.school,-1,unknown,student,unknown,married,nov,66,nonexistent,3
1,4,telephone,thu,0,unknown,1641,high.school,-1,unknown,student,unknown,married,nov,66,nonexistent,3
0,4,telephone,fri,1,unknown,1610,professional.course,-1,unknown,student,unknown,married,aug,67,nonexistent,4
1,4,telephone,fri,1,unknown,1610,professional.course,-1,unknown,student,unknown,married,aug,67,nonexistent,4
0,5,telephone,fri,0,unknown,1695,illiterate,-1,unknown,housemaid,unknown,married,nov,75,nonexistent,4
1,5,telephone,fri,0,unknown,1695,illiterate,-1,unknown,housemaid,unknown,married,nov,75,nonexistent,4
0,4,telephone,fri,0,unknown,1610,illiterate,-1,unknown,housemaid,unknown,married,nov,75,nonexistent,4
1,4,telephone,fri,0,unknown,1610,illiterate,-1,unknown,housemaid,unknown,married,nov,75,nonexistent,4
0,6,telephone,fri,0,unknown,1695,illiterate,-1,unknown,housemaid,unknown,married,nov,67,nonexistent,4
1,6,telephone,fri,0,unknown,1695,illiterate,-1,unknown,housemaid,unknown,married,nov,67,nonexistent,4
0,3,telephone,(null),0,unknown,1711,professional.course,0,unknown,management,unknown,single,dec,69,success,6
1,3,telephone,(null),0,unknown,1711,professional.course,0,unknown,management,unknown,single,dec,69,success,6
0,6,telephone,fri,0,unknown,1610,illiterate,-1,unknown,housemaid,unknown,married,nov,67,nonexistent,4
1,6,telephone,fri,0,unknown,1610,illiterate,-1,unknown,housemaid,unknown,married,nov,67,nonexistent,4
0,3,telephone,(null),0,unknown,1625,professional.course,0,unknown,management,unknown,single,dec,68,success,5
1,3,telephone,(null),0,unknown,1625,professional.course,0,unknown,management,unknown,single,dec,68,success,5
0,5,telephone,(null),0,unknown,1625,professional.course,0,unknown,management,unknown,single,sep,76,success,5
1,5,telephone,(null),0,unknown,1625,professional.course,0,unknown,management,unknown,single,sep,76,success,5
0,5,telephone,(null),0,unknown,1843,professional.course,0,unknown,technician,unknown,single,jun,91,success,5
1,5,telephone,(null),0,unknown,1843,professional.course,0,unknown,technician,unknown,single,jun,91,success,5
0,5,telephone,fri,0,unknown,1695,illiterate,-1,unknown,technician,unknown,married,may,83,nonexistent,4
1,5,telephone,fri,0,unknown,1695,illiterate,-1,unknown,technician,unknown,married,may,83,nonexistent,4
0,4,telephone,thu,0,unknown,1602,high.school,-1,unknown,student,unknown,married,may,82,nonexistent,3
1,4,telephone,thu,0,unknown,1602,high.school,-1,unknown,student,unknown,married,may,82,nonexistent,3
0,5,telephone,(null),0,unknown,1703,basic.9y,0,unknown,technician,unknown,single,mar,91,success,5
1,5,telephone,(null),0,unknown,1703,basic.9y,0,unknown,technician,unknown,single,mar,91,success,5
0,6,telephone,(null),0,unknown,1703,professional.course,0,unknown,unemployed,unknown,single,mar,85,success,6
1,6,telephone,(null),0,unknown,1703,professional.course,0,unknown,unemployed,unknown,single,mar,85,success,6
0,5,telephone,(null),0,unknown,1703,professional.course,0,unknown,management,unknown,single,jun,91,success,5
1,5,telephone,(null),0,unknown,1703,professional.course,0,unknown,management,unknown,single,jun,91,success,5
0,4,telephone,thu,1,unknown,1602,high.school,-1,unknown,management,unknown,married,may,90,nonexistent,3
1,4,telephone,thu,1,unknown,1602,high.school,-1,unknown,management,unknown,married,may,90,nonexistent,3
0,6,telephone,(null),0,unknown,1703,professional.course,0,unknown,unemployed,unknown,single,may,76,success,6
1,6,telephone,(null),0,unknown,1703,professional.course,0,unknown,unemployed,unknown,single,may,76,success,6
0,5,cellular,tue,0,no,1493,basic.6y,-3,no,admin.,no,divorced,jan,102,failure,0
1,5,cellular,tue,0,no,1493,basic.6y,-3,no,admin.,no,divorced,jan,102,failure,0
0,1,cellular,tue,0,no,1493,basic.6y,-3,no,admin.,no,divorced,jan,102,failure,0
1,1,cellular,tue,0,no,1493,basic.6y,-3,no,admin.,no,divorced,jan,102,failure,0
0,1,cellular,mon,0,no,1330,basic.4y,-3,no,admin.,no,divorced,jan,94,failure,0
1,1,cellular,mon,0,no,1330,basic.4y,-3,no,admin.,no,divorced,jan,94,failure,0
0,5,cellular,mon,0,no,1486,basic.4y,-3,no,admin.,no,divorced,oct,87,failure,0
1,5,cellular,mon,0,no,1486,basic.4y,-3,no,admin.,no,divorced,oct,87,failure,0
0,5,cellular,mon,1,no,1408,basic.4y,-3,no,admin.,no,divorced,jul,87,failure,0
1,5,cellular,mon,1,no,1408,basic.4y,-3,no,admin.,no,divorced,jul,87,failure,0
0,5,cellular,wed,1,no,1469,basic.9y,-2,no,management,no,married,sep,68,nonexistent,2
1,5,cellular,wed,1,no,1469,basic.9y,-2,no,management,no,married,sep,68,nonexistent,2
0,1,cellular,mon,0,no,1486,basic.4y,-3,no,admin.,no,divorced,oct,87,failure,0
1,1,cellular,mon,0,no,1486,basic.4y,-3,no,admin.,no,divorced,oct,87,failure,0
0,1,cellular,tue,0,no,1423,basic.6y,-3,no,admin.,no,divorced,oct,79,failure,0
1,1,cellular,tue,0,no,1423,basic.6y,-3,no,admin.,no,divorced,oct,79,failure,0
0,1,cellular,wed,1,no,1454,basic.9y,-2,no,services,no,married,nov,65,nonexistent,2
1,1,cellular,wed,1,no,1454,basic.9y,-2,no,services,no,married,nov,65,nonexistent,2
0,3,telephone,(null),0,unknown,1547,professional.course,0,unknown,management,unknown,single,sep,69,success,6
1,3,telephone,(null),0,unknown,1547,professional.course,0,unknown,management,unknown,single,sep,69,success,6
0,1,cellular,tue,0,no,1423,basic.6y,-3,no,self-employed,no,divorced,apr,80,failure,0
1,1,cellular,tue,0,no,1423,basic.6y,-3,no,self-employed,no,divorced,apr,80,failure,0
0,2,cellular,wed,0,no,1454,basic.9y,-2,no,services,no,married,feb,83,nonexistent,2
1,2,cellular,wed,0,no,1454,basic.9y,-2,no,services,no,married,feb,83,nonexistent,2
0,4,telephone,fri,0,unknown,1500,illiterate,-1,unknown,housemaid,unknown,married,may,83,nonexistent,4
1,4,telephone,fri,0,unknown,1500,illiterate,-1,unknown,housemaid,unknown,married,may,83,nonexistent,4
0,2,cellular,wed,0,no,1431,basic.9y,-2,no,management,no,married,feb,88,nonexistent,2
1,2,cellular,wed,0,no,1431,basic.9y,-2,no,management,no,married,feb,88,nonexistent,2
0,4,telephone,fri,1,unknown,1454,illiterate,-1,unknown,management,unknown,married,feb,83,nonexistent,4
1,4,telephone,fri,1,unknown,1454,illiterate,-1,unknown,management,unknown,married,feb,83,nonexistent,4
0,5,telephone,fri,1,unknown,1539,basic.9y,-1,unknown,technician,unknown,married,may,75,nonexistent,4
1,5,telephone,fri,1,unknown,1539,basic.9y,-1,unknown,technician,unknown,married,may,75,nonexistent,4
0,2,cellular,tue,0,no,1423,illiterate,-3,no,services,no,divorced,apr,72,failure,1
1,2,cellular,tue,0,no,1423,illiterate,-3,no,services,no,divorced,apr,72,failure,1
0,5,telephone,(null),0,unknown,1547,professional.course,0,unknown,technician,unknown,single,mar,76,success,5
1,5,telephone,(null),0,unknown,1547,professional.course,0,unknown,technician,unknown,single,mar,76,success,5
0,4,telephone,fri,0,unknown,1454,illiterate,-1,unknown,student,unknown,married,feb,75,nonexistent,4
1,4,telephone,fri,0,unknown,1454,illiterate,-1,unknown,student,unknown,married,feb,75,nonexistent,4
0,6,telephone,(null),1,unknown,1547,professional.course,0,unknown,management,unknown,single,may,76,success,6
1,6,telephone,(null),1,unknown,1547,professional.course,0,unknown,management,unknown,single,may,76,success,6
0,5,cellular,tue,0,no,1345,basic.6y,-3,no,services,no,divorced,jul,64,failure,1
1,5,cellular,tue,0,no,1345,basic.6y,-3,no,services,no,divorced,jul,64,failure,1
0,5,cellular,wed,0,no,1297,basic.9y,-2,no,blue-collar,no,married,aug,67,nonexistent,2
1,5,cellular,wed,0,no,1297,basic.9y,-2,no,blue-collar,no,married,aug,67,nonexistent,2
0,5,cellular,wed,0,no,1313,basic.9y,-2,no,management,no,married,mar,74,nonexistent,2
1,5,cellular,wed,0,no,1313,basic.9y,-2,no,management,no,married,mar,74,nonexistent,2
0,1,cellular,tue,0,no,1337,basic.6y,-3,no,admin.,no,divorced,jul,79,failure,0
1,1,cellular,tue,0,no,1337,basic.6y,-3,no,admin.,no,divorced,jul,79,failure,0
0,1,cellular,wed,0,no,1297,basic.9y,-2,no,blue-collar,no,married,nov,65,nonexistent,2
1,1,cellular,wed,0,no,1297,basic.9y,-2,no,blue-collar,no,married,nov,65,nonexistent,2
0,2,cellular,wed,0,no,1313,basic.9y,-2,no,management,no,married,mar,74,nonexistent,2
1,2,cellular,wed,0,no,1313,basic.9y,-2,no,management,no,married,mar,74,nonexistent,2
0,11,cellular,tue,0,no,1735,basic.6y,-3,no,blue-collar,no,divorced,jul,34,failure,0
1,11,cellular,tue,0,no,1735,basic.6y,-3,no,blue-collar,no,divorced,jul,34,failure,0
0,8,cellular,mon,1,no,1720,basic.4y,-3,no,admin.,no,divorced,jul,32,failure,0
1,8,cellular,mon,1,no,1720,basic.4y,-3,no,admin.,no,divorced,jul,32,failure,0
0,9,cellular,wed,0,no,1625,basic.9y,-2,no,student,no,married,sep,53,nonexistent,2
1,9,cellular,wed,0,no,1625,basic.9y,-2,no,student,no,married,sep,53,nonexistent,2
0,10,telephone,fri,1,unknown,1656,illiterate,-1,unknown,housemaid,unknown,married,oct,56,nonexistent,4
1,10,telephone,fri,1,unknown,1656,illiterate,-1,unknown,housemaid,unknown,married,oct,56,nonexistent,4
0,8,cellular,tue,1,no,1594,basic.6y,-3,no,entrepreneur,no,divorced,aug,34,failure,1
1,8,cellular,tue,1,no,1594,basic.6y,-3,no,entrepreneur,no,divorced,aug,34,failure,1
0,11,cellular,mon,0,no,1720,basic.4y,-3,no,self-employed,no,divorced,apr,32,failure,0
1,11,cellular,mon,0,no,1720,basic.4y,-3,no,self-employed,no,divorced,apr,32,failure,0
0,11,cellular,wed,1,no,1766,basic.9y,-2,no,services,no,married,feb,40,nonexistent,2
1,11,cellular,wed,1,no,1766,basic.9y,-2,no,services,no,married,feb,40,nonexistent,2
0,12,telephone,(null),0,unknown,1843,professional.course,0,unknown,management,unknown,single,may,55,success,5
1,12,telephone,(null),0,unknown,1843,professional.course,0,unknown,management,unknown,single,may,55,success,5
0,11,cellular,tue,0,no,1594,basic.6y,-3,no,services,no,divorced,apr,37,failure,1
1,11,cellular,tue,0,no,1594,basic.6y,-3,no,services,no,divorced,apr,37,failure,1
0,12,telephone,fri,0,unknown,1672,illiterate,-1,unknown,technician,unknown,married,feb,52,nonexistent,4
1,12,telephone,fri,0,unknown,1672,illiterate,-1,unknown,technician,unknown,married,feb,52,nonexistent,4
0,11,cellular,mon,0,no,1564,basic.4y,-3,no,admin.,no,divorced,apr,32,failure,0
1,11,cellular,mon,0,no,1564,basic.4y,-3,no,admin.,no,divorced,apr,32,failure,0
0,12,telephone,fri,1,unknown,1672,illiterate,-1,unknown,housemaid,unknown,married,feb,52,nonexistent,4
1,12,telephone,fri,1,unknown,1672,illiterate,-1,unknown,housemaid,unknown,married,feb,52,nonexistent,4
0,10,cellular,wed,1,no,1766,basic.9y,-2,no,services,no,married,may,36,nonexistent,2
1,10,cellular,wed,1,no,1766,basic.9y,-2,no,services,no,married,may,36,nonexistent,2
0,10,cellular,tue,0,no,1750,basic.6y,-3,no,blue-collar,no,divorced,apr,34,failure,1
1,10,cellular,tue,0,no,1750,basic.6y,-3,no,blue-collar,no,divorced,apr,34,failure,1
0,9,telephone,(null),0,unknown,1703,professional.course,0,unknown,unemployed,unknown,single,may,58,success,6
1,9,telephone,(null),0,unknown,1703,professional.course,0,unknown,unemployed,unknown,single,may,58,success,6
0,10,cellular,mon,1,no,1564,basic.4y,-3,no,admin.,no,divorced,apr,32,failure,0
1,10,cellular,mon,1,no,1564,basic.4y,-3,no,admin.,no,divorced,apr,32,failure,0
0,10,cellular,tue,1,no,1579,basic.6y,-3,no,admin.,no,divorced,jan,33,failure,0
1,10,cellular,tue,1,no,1579,basic.6y,-3,no,admin.,no,divorced,jan,33,failure,0
0,9,telephone,(null),0,unknown,1859,professional.course,0,unknown,unemployed,unknown,single,sep,27,success,6
1,9,telephone,(null),0,unknown,1859,professional.course,0,unknown,unemployed,unknown,single,sep,27,success,6
0,9,telephone,(null),1,unknown,1859,professional.course,0,unknown,management,unknown,single,sep,27,success,6
1,9,telephone,(null),1,unknown,1859,professional.course,0,unknown,management,unknown,single,sep,27,success,6
0,8,telephone,fri,1,unknown,1695,illiterate,-1,unknown,housemaid,unknown,married,aug,26,nonexistent,4
1,8,telephone,fri,1,unknown,1695,illiterate,-1,unknown,housemaid,unknown,married,aug,26,nonexistent,4
0,11,telephone,thu,0,unknown,1836,high.school,-1,unknown,retired,unknown,married,feb,23,nonexistent,3
1,11,telephone,thu,0,unknown,1836,high.school,-1,unknown,retired,unknown,married,feb,23,nonexistent,3
0,11,telephone,(null),0,unknown,1781,professional.course,0,unknown,student,unknown,single,mar,27,success,5
1,11,telephone,(null),0,unknown,1781,professional.course,0,unknown,student,unknown,single,mar,27,success,5
0,11,telephone,(null),1,unknown,1703,professional.course,0,unknown,technician,unknown,single,mar,24,success,5
1,11,telephone,(null),1,unknown,1703,professional.course,0,unknown,technician,unknown,single,mar,24,success,5
0,11,telephone,(null),1,unknown,1633,professional.course,0,unknown,unemployed,unknown,single,mar,27,success,6
1,11,telephone,(null),1,unknown,1633,professional.course,0,unknown,unemployed,unknown,single,mar,27,success,6
0,10,telephone,thu,1,unknown,1797,high.school,-1,unknown,retired,unknown,married,may,23,nonexistent,3
1,10,telephone,thu,1,unknown,1797,high.school,-1,unknown,retired,unknown,married,may,23,nonexistent,3
0,10,cellular,tue,1,no,1735,basic.6y,-3,no,blue-collar,no,divorced,jan,17,failure,0
1,10,cellular,tue,1,no,1735,basic.6y,-3,no,blue-collar,no,divorced,jan,17,failure,0
0,8,cellular,wed,1,no,1610,basic.9y,-2,no,services,no,married,may,20,nonexistent,2
1,8,cellular,wed,1,no,1610,basic.9y,-2,no,services,no,married,may,20,nonexistent,2
0,10,cellular,wed,1,no,1625,basic.9y,-2,no,student,no,married,feb,21,nonexistent,2
1,10,cellular,wed,1,no,1625,basic.9y,-2,no,student,no,married,feb,21,nonexistent,2
0,8,cellular,tue,1,no,1594,basic.6y,-3,no,blue-collar,no,divorced,apr,18,failure,1
1,8,cellular,tue,1,no,1594,basic.6y,-3,no,blue-collar,no,divorced,apr,18,failure,1
0,10,cellular,wed,0,no,1610,basic.9y,-2,no,blue-collar,no,married,feb,20,nonexistent,2
1,10,cellular,wed,0,no,1610,basic.9y,-2,no,blue-collar,no,married,feb,20,nonexistent,2
0,8,cellular,mon,1,no,1564,basic.4y,-3,no,admin.,no,divorced,jan,0,failure,0
1,8,cellular,mon,1,no,1564,basic.4y,-3,no,admin.,no,divorced,jan,0,failure,0
0,11,cellular,tue,1,no,1493,basic.6y,-3,no,admin.,no,divorced,jul,49,failure,0
1,11,cellular,tue,1,no,1493,basic.6y,-3,no,admin.,no,divorced,jul,49,failure,0
0,8,cellular,wed,1,no,1469,basic.9y,-2,no,management,no,married,sep,43,nonexistent,2
1,8,cellular,wed,1,no,1469,basic.9y,-2,no,management,no,married,sep,43,nonexistent,2
0,10,telephone,fri,0,unknown,1500,illiterate,-1,unknown,self-employed,unknown,married,apr,56,nonexistent,4
1,10,telephone,fri,0,unknown,1500,illiterate,-1,unknown,self-employed,unknown,married,apr,56,nonexistent,4
0,9,cellular,wed,1,no,1454,basic.9y,-2,no,housemaid,no,married,feb,36,nonexistent,2
1,9,cellular,wed,1,no,1454,basic.9y,-2,no,housemaid,no,married,feb,36,nonexistent,2
0,8,cellular,tue,0,no,1337,basic.6y,-3,no,self-employed,no,divorced,jul,56,failure,0
1,8,cellular,tue,0,no,1337,basic.6y,-3,no,self-employed,no,divorced,jul,56,failure,0
0,8,cellular,tue,0,no,1345,basic.6y,-3,no,services,no,divorced,jul,49,failure,1
1,8,cellular,tue,0,no,1345,basic.6y,-3,no,services,no,divorced,jul,49,failure,1
0,8,cellular,wed,0,no,1297,basic.9y,-2,no,blue-collar,no,married,aug,52,nonexistent,2
1,8,cellular,wed,0,no,1297,basic.9y,-2,no,blue-collar,no,married,aug,52,nonexistent,2
0,8,cellular,wed,1,no,1297,basic.9y,-2,no,housemaid,no,married,aug,36,nonexistent,2
1,8,cellular,wed,1,no,1297,basic.9y,-2,no,housemaid,no,married,aug,36,nonexistent,2
0,11,cellular,tue,0,no,1337,basic.6y,-3,no,admin.,no,divorced,jan,49,failure,0
1,11,cellular,tue,0,no,1337,basic.6y,-3,no,admin.,no,divorced,jan,49,failure,0
0,11,cellular,mon,0,no,1330,basic.4y,-3,no,admin.,no,divorced,jan,32,failure,0
1,11,cellular,mon,0,no,1330,basic.4y,-3,no,admin.,no,divorced,jan,32,failure,0
0,8,cellular,wed,1,no,1360,basic.9y,-2,no,student,no,married,may,53,nonexistent,2
1,8,cellular,wed,1,no,1360,basic.9y,-2,no,student,no,married,may,53,nonexistent,2
0,8,cellular,wed,0,no,1274,basic.9y,-2,no,services,no,married,may,52,nonexistent,2
1,8,cellular,wed,0,no,1274,basic.9y,-2,no,services,no,married,may,52,nonexistent,2
0,9,telephone,fri,0,unknown,1344,illiterate,-1,unknown,student,unknown,married,feb,56,nonexistent,4
1,9,telephone,fri,0,unknown,1344,illiterate,-1,unknown,student,unknown,married,feb,56,nonexistent,4
0,9,telephone,fri,0,unknown,1360,illiterate,-1,unknown,housemaid,unknown,married,apr,57,nonexistent,4
1,9,telephone,fri,0,unknown,1360,illiterate,-1,unknown,housemaid,unknown,married,apr,57,nonexistent,4
0,8,cellular,tue,1,no,1266,basic.6y,-3,no,blue-collar,no,divorced,jan,33,failure,0
1,8,cellular,tue,1,no,1266,basic.6y,-3,no,blue-collar,no,divorced,jan,33,failure,0
0,8,cellular,wed,0,no,1516,basic.9y,-2,no,student,no,married,may,21,nonexistent,2
1,8,cellular,wed,0,no,1516,basic.9y,-2,no,student,no,married,may,21,nonexistent,2
0,8,telephone,fri,1,unknown,1461,illiterate,-1,unknown,technician,unknown,married,may,26,nonexistent,4
1,8,telephone,fri,1,unknown,1461,illiterate,-1,unknown,technician,unknown,married,may,26,nonexistent,4
0,8,cellular,wed,1,no,1469,basic.9y,-2,no,student,no,married,feb,12,nonexistent,2
1,8,cellular,wed,1,no,1469,basic.9y,-2,no,student,no,married,feb,12,nonexistent,2
0,8,cellular,tue,1,no,1423,basic.6y,-3,no,admin.,no,divorced,jan,17,failure,0
1,8,cellular,tue,1,no,1423,basic.6y,-3,no,admin.,no,divorced,jan,17,failure,0
0,10,telephone,(null),1,unknown,1547,professional.course,0,unknown,management,unknown,single,mar,14,success,6
1,10,telephone,(null),1,unknown,1547,professional.course,0,unknown,management,unknown,single,mar,14,success,6
0,8,cellular,tue,0,no,1438,basic.6y,-3,no,blue-collar,no,divorced,feb,9,failure,1
1,8,cellular,tue,0,no,1438,basic.6y,-3,no,blue-collar,no,divorced,feb,9,failure,1
0,9,telephone,(null),0,unknown,1375,professional.course,0,unknown,technician,unknown,single,mar,24,success,5
1,9,telephone,(null),0,unknown,1375,professional.course,0,unknown,technician,unknown,single,mar,24,success,5
0,8,telephone,(null),1,unknown,1399,professional.course,0,unknown,management,unknown,single,jun,29,success,6
1,8,telephone,(null),1,unknown,1399,professional.course,0,unknown,management,unknown,single,jun,29,success,6
0,9,telephone,thu,1,unknown,1329,high.school,-1,unknown,housemaid,unknown,married,feb,23,nonexistent,3
1,9,telephone,thu,1,unknown,1329,high.school,-1,unknown,housemaid,unknown,married,feb,23,nonexistent,3
0,8,telephone,fri,0,unknown,1360,illiterate,-1,unknown,housemaid,unknown,married,feb,10,nonexistent,4
1,8,telephone,fri,0,unknown,1360,illiterate,-1,unknown,housemaid,unknown,married,feb,10,nonexistent,4
0,6,telephone,(null),0,unknown,1859,professional.course,0,unknown,technician,unknown,single,dec,59,success,5
1,6,telephone,(null),0,unknown,1859,professional.course,0,unknown,technician,unknown,single,dec,59,success,5
0,6,telephone,fri,0,unknown,1773,illiterate,-1,unknown,technician,unknown,married,nov,57,nonexistent,4
1,6,telephone,fri,0,unknown,1773,illiterate,-1,unknown,technician,unknown,married,nov,57,nonexistent,4
0,6,telephone,(null),1,unknown,1789,university.degree,0,unknown,unemployed,unknown,single,sep,60,success,6
1,6,telephone,(null),1,unknown,1789,university.degree,0,unknown,unemployed,unknown,single,sep,60,success,6
0,5,telephone,fri,0,unknown,1695,illiterate,-1,unknown,technician,unknown,married,nov,52,nonexistent,4
1,5,telephone,fri,0,unknown,1695,illiterate,-1,unknown,technician,unknown,married,nov,52,nonexistent,4
0,5,cellular,wed,0,no,1594,basic.9y,-2,no,student,no,married,nov,58,nonexistent,2
1,5,cellular,wed,0,no,1594,basic.9y,-2,no,student,no,married,nov,58,nonexistent,2
0,4,telephone,fri,0,unknown,1610,illiterate,-1,unknown,student,unknown,married,nov,52,nonexistent,4
1,4,telephone,fri,0,unknown,1610,illiterate,-1,unknown,student,unknown,married,nov,52,nonexistent,4
0,6,telephone,(null),0,unknown,1703,professional.course,0,unknown,technician,unknown,single,sep,59,success,5
1,6,telephone,(null),0,unknown,1703,professional.course,0,unknown,technician,unknown,single,sep,59,success,5
0,5,telephone,(null),0,unknown,1625,professional.course,0,unknown,technician,unknown,single,sep,53,success,5
1,5,telephone,(null),0,unknown,1625,professional.course,0,unknown,technician,unknown,single,sep,53,success,5
0,6,telephone,(null),0,unknown,1687,professional.course,0,unknown,management,unknown,single,dec,59,success,5
1,6,telephone,(null),0,unknown,1687,professional.course,0,unknown,management,unknown,single,dec,59,success,5
0,6,telephone,fri,0,unknown,1610,professional.course,-1,unknown,student,unknown,married,nov,40,nonexistent,4
1,6,telephone,fri,0,unknown,1610,professional.course,-1,unknown,student,unknown,married,nov,40,nonexistent,4
0,6,telephone,fri,0,unknown,1617,basic.9y,-1,unknown,technician,unknown,married,nov,42,nonexistent,4
1,6,telephone,fri,0,unknown,1617,basic.9y,-1,unknown,technician,unknown,married,nov,42,nonexistent,4
0,3,telephone,(null),0,unknown,1625,university.degree,0,unknown,technician,unknown,single,dec,43,success,5
1,3,telephone,(null),0,unknown,1625,university.degree,0,unknown,technician,unknown,single,dec,43,success,5
0,3,telephone,(null),1,unknown,1633,high.school,0,unknown,unemployed,unknown,single,dec,45,success,6
1,3,telephone,(null),1,unknown,1633,high.school,0,unknown,unemployed,unknown,single,dec,45,success,6
0,7,cellular,tue,1,no,1735,basic.6y,-3,no,admin.,no,divorced,oct,33,failure,0
1,7,cellular,tue,1,no,1735,basic.6y,-3,no,admin.,no,divorced,oct,33,failure,0
0,7,cellular,wed,1,no,1821,basic.9y,-2,no,services,no,married,nov,20,nonexistent,2
1,7,cellular,wed,1,no,1821,basic.9y,-2,no,services,no,married,nov,20,nonexistent,2
0,7,cellular,mon,1,no,1720,basic.4y,-3,no,self-employed,no,divorced,jul,16,failure,0
1,7,cellular,mon,1,no,1720,basic.4y,-3,no,self-employed,no,divorced,jul,16,failure,0
0,5,cellular,mon,1,no,1564,basic.4y,-3,no,self-employed,no,divorced,oct,16,failure,0
1,5,cellular,mon,1,no,1564,basic.4y,-3,no,self-employed,no,divorced,oct,16,failure,0
0,7,cellular,tue,1,no,1649,basic.6y,-3,no,self-employed,no,divorced,jul,17,failure,0
1,7,cellular,tue,1,no,1649,basic.6y,-3,no,self-employed,no,divorced,jul,17,failure,0
0,7,cellular,wed,1,no,1781,basic.9y,-2,no,entrepreneur,no,married,nov,21,nonexistent,2
1,7,cellular,wed,1,no,1781,basic.9y,-2,no,entrepreneur,no,married,nov,21,nonexistent,2
0,5,cellular,mon,1,no,1564,basic.4y,-3,no,admin.,no,divorced,oct,16,failure,0
1,5,cellular,mon,1,no,1564,basic.4y,-3,no,admin.,no,divorced,oct,16,failure,0
0,7,cellular,tue,1,no,1594,basic.6y,-3,no,blue-collar,no,divorced,jul,18,failure,1
1,7,cellular,tue,1,no,1594,basic.6y,-3,no,blue-collar,no,divorced,jul,18,failure,1
0,5,cellular,mon,1,no,1720,basic.4y,-3,no,self-employed,no,divorced,oct,0,failure,0
1,5,cellular,mon,1,no,1720,basic.4y,-3,no,self-employed,no,divorced,oct,0,failure,0
0,7,cellular,tue,0,no,1750,basic.6y,-3,no,services,no,divorced,jul,2,failure,1
1,7,cellular,tue,0,no,1750,basic.6y,-3,no,services,no,divorced,jul,2,failure,1
0,6,telephone,(null),1,unknown,1703,professional.course,0,unknown,unemployed,unknown,single,nov,13,success,6
1,6,telephone,(null),1,unknown,1703,professional.course,0,unknown,unemployed,unknown,single,nov,13,success,6
0,5,cellular,tue,1,no,1595,basic.6y,-3,no,admin.,no,divorced,oct,8,failure,0
1,5,cellular,tue,1,no,1595,basic.6y,-3,no,admin.,no,divorced,oct,8,failure,0
0,7,cellular,wed,1,no,1657,basic.9y,-2,no,blue-collar,no,married,aug,10,nonexistent,2
1,7,cellular,wed,1,no,1657,basic.9y,-2,no,blue-collar,no,married,aug,10,nonexistent,2
0,5,cellular,wed,0,no,1688,basic.9y,-2,no,entrepreneur,no,married,nov,2,nonexistent,2
1,5,cellular,wed,0,no,1688,basic.9y,-2,no,entrepreneur,no,married,nov,2,nonexistent,2
0,7,cellular,wed,1,no,1688,basic.9y,-2,no,entrepreneur,no,married,aug,5,nonexistent,2
1,7,cellular,wed,1,no,1688,basic.9y,-2,no,entrepreneur,no,married,aug,5,nonexistent,2
0,7,telephone,thu,1,unknown,1719,high.school,-1,unknown,housemaid,unknown,married,aug,1,nonexistent,3
1,7,telephone,thu,1,unknown,1719,high.school,-1,unknown,housemaid,unknown,married,aug,1,nonexistent,3
0,7,cellular,tue,1,no,1595,basic.6y,-3,no,self-employed,no,divorced,apr,0,failure,0
1,7,cellular,tue,1,no,1595,basic.6y,-3,no,self-employed,no,divorced,apr,0,failure,0
0,7,cellular,mon,1,no,1564,basic.4y,-3,no,admin.,no,divorced,apr,4,failure,0
1,7,cellular,mon,1,no,1564,basic.4y,-3,no,admin.,no,divorced,apr,4,failure,0
0,5,cellular,wed,1,no,1438,basic.9y,-2,no,student,no,married,aug,58,nonexistent,2
1,5,cellular,wed,1,no,1438,basic.9y,-2,no,student,no,married,aug,58,nonexistent,2
0,6,telephone,thu,0,unknown,1446,high.school,-1,unknown,student,unknown,married,aug,51,nonexistent,3
1,6,telephone,thu,0,unknown,1446,high.school,-1,unknown,student,unknown,married,aug,51,nonexistent,3
0,6,telephone,fri,0,unknown,1532,illiterate,-1,unknown,housemaid,unknown,married,nov,56,nonexistent,4
1,6,telephone,fri,0,unknown,1532,illiterate,-1,unknown,housemaid,unknown,married,nov,56,nonexistent,4
0,6,telephone,thu,0,unknown,1446,high.school,-1,unknown,housemaid,unknown,married,nov,55,nonexistent,3
1,6,telephone,thu,0,unknown,1446,high.school,-1,unknown,housemaid,unknown,married,nov,55,nonexistent,3
0,6,telephone,(null),0,unknown,1531,professional.course,0,unknown,management,unknown,single,sep,59,success,5
1,6,telephone,(null),0,unknown,1531,professional.course,0,unknown,management,unknown,single,sep,59,success,5
0,5,cellular,mon,1,no,1408,basic.4y,-3,no,self-employed,no,divorced,oct,32,failure,0
1,5,cellular,mon,1,no,1408,basic.4y,-3,no,self-employed,no,divorced,oct,32,failure,0
0,6,telephone,fri,0,unknown,1454,professional.course,-1,unknown,student,unknown,married,aug,40,nonexistent,4
1,6,telephone,fri,0,unknown,1454,professional.course,-1,unknown,student,unknown,married,aug,40,nonexistent,4
0,6,telephone,(null),0,unknown,1531,professional.course,0,unknown,management,unknown,single,nov,43,success,5
1,6,telephone,(null),0,unknown,1531,professional.course,0,unknown,management,unknown,single,nov,43,success,5
0,2,telephone,fri,0,unknown,1500,illiterate,-1,unknown,student,unknown,married,oct,56,nonexistent,4
1,2,telephone,fri,0,unknown,1500,illiterate,-1,unknown,student,unknown,married,oct,56,nonexistent,4
0,3,telephone,(null),1,unknown,1531,professional.course,0,unknown,management,unknown,single,nov,59,success,5
1,3,telephone,(null),1,unknown,1531,professional.course,0,unknown,management,unknown,single,nov,59,success,5
0,3,telephone,(null),0,unknown,1531,professional.course,0,unknown,student,unknown,single,nov,43,success,5
1,3,telephone,(null),0,unknown,1531,professional.course,0,unknown,student,unknown,single,nov,43,success,5
0,5,cellular,tue,1,no,1282,basic.6y,-3,no,services,no,divorced,aug,50,failure,1
1,5,cellular,tue,1,no,1282,basic.6y,-3,no,services,no,divorced,aug,50,failure,1
0,5,cellular,wed,1,no,1297,basic.9y,-2,no,blue-collar,no,married,nov,52,nonexistent,2
1,5,cellular,wed,1,no,1297,basic.9y,-2,no,blue-collar,no,married,nov,52,nonexistent,2
0,6,telephone,fri,1,unknown,1376,illiterate,-1,unknown,housemaid,unknown,married,aug,56,nonexistent,4
1,6,telephone,fri,1,unknown,1376,illiterate,-1,unknown,housemaid,unknown,married,aug,56,nonexistent,4
0,6,telephone,thu,0,unknown,1290,high.school,-1,unknown,housemaid,unknown,married,aug,55,nonexistent,3
1,6,telephone,thu,0,unknown,1290,high.school,-1,unknown,housemaid,unknown,married,aug,55,nonexistent,3
0,6,telephone,thu,0,unknown,1329,high.school,-1,unknown,retired,unknown,married,oct,39,nonexistent,3
1,6,telephone,thu,0,unknown,1329,high.school,-1,unknown,retired,unknown,married,oct,39,nonexistent,3
0,2,cellular,wed,0,no,1313,basic.9y,-2,no,student,no,married,sep,53,nonexistent,2
1,2,cellular,wed,0,no,1313,basic.9y,-2,no,student,no,married,sep,53,nonexistent,2
0,2,cellular,wed,0,no,1313,basic.9y,-2,no,student,no,married,nov,42,nonexistent,2
1,2,cellular,wed,0,no,1313,basic.9y,-2,no,student,no,married,nov,42,nonexistent,2
0,2,telephone,thu,0,unknown,1329,high.school,-1,unknown,student,unknown,married,nov,35,nonexistent,3
1,2,telephone,thu,0,unknown,1329,high.school,-1,unknown,student,unknown,married,nov,35,nonexistent,3
0,3,telephone,fri,0,unknown,1360,illiterate,-1,unknown,technician,unknown,married,aug,42,nonexistent,4
1,3,telephone,fri,0,unknown,1360,illiterate,-1,unknown,technician,unknown,married,aug,42,nonexistent,4
0,3,telephone,fri,1,unknown,1360,illiterate,-1,unknown,housemaid,unknown,married,nov,42,nonexistent,4
1,3,telephone,fri,1,unknown,1360,illiterate,-1,unknown,housemaid,unknown,married,nov,42,nonexistent,4
0,5,telephone,fri,0,unknown,1461,professional.course,-1,unknown,technician,unknown,married,may,60,nonexistent,4
1,5,telephone,fri,0,unknown,1461,professional.course,-1,unknown,technician,unknown,married,may,60,nonexistent,4
0,5,telephone,(null),1,unknown,1469,basic.9y,0,unknown,technician,unknown,single,jun,60,success,5
1,5,telephone,(null),1,unknown,1469,basic.9y,0,unknown,technician,unknown,single,jun,60,success,5
0,6,telephone,(null),0,unknown,1547,professional.course,0,unknown,unemployed,unknown,single,jun,54,success,6
1,6,telephone,(null),0,unknown,1547,professional.course,0,unknown,unemployed,unknown,single,jun,54,success,6
0,6,telephone,fri,1,unknown,1360,illiterate,-1,unknown,services,unknown,married,apr,57,nonexistent,4
1,6,telephone,fri,1,unknown,1360,illiterate,-1,unknown,services,unknown,married,apr,57,nonexistent,4
0,6,telephone,(null),0,unknown,1375,professional.course,0,unknown,technician,unknown,single,may,43,success,5
1,6,telephone,(null),0,unknown,1375,professional.course,0,unknown,technician,unknown,single,may,43,success,5
0,3,telephone,(null),0,unknown,1375,professional.course,0,unknown,technician,unknown,single,may,59,success,5
1,3,telephone,(null),0,unknown,1375,professional.course,0,unknown,technician,unknown,single,may,59,success,5
0,3,telephone,(null),0,unknown,1321,professional.course,0,unknown,management,unknown,single,jun,61,success,6
1,3,telephone,(null),0,unknown,1321,professional.course,0,unknown,management,unknown,single,jun,61,success,6
0,5,cellular,mon,0,no,1408,basic.4y,-3,no,admin.,no,divorced,jul,0,failure,0
1,5,cellular,mon,0,no,1408,basic.4y,-3,no,admin.,no,divorced,jul,0,failure,0
0,6,telephone,thu,0,unknown,1329,high.school,-1,unknown,student,unknown,married,aug,15,nonexistent,3
1,6,telephone,thu,0,unknown,1329,high.school,-1,unknown,student,unknown,married,aug,15,nonexistent,3
0,6,telephone,thu,1,unknown,1329,high.school,-1,unknown,housemaid,unknown,married,aug,15,nonexistent,3
1,6,telephone,thu,1,unknown,1329,high.school,-1,unknown,housemaid,unknown,married,aug,15,nonexistent,3
0,3,telephone,(null),1,unknown,1547,professional.course,0,unknown,unemployed,unknown,single,nov,29,success,6
1,3,telephone,(null),1,unknown,1547,professional.course,0,unknown,unemployed,unknown,single,nov,29,success,6
0,3,telephone,(null),0,unknown,1391,professional.course,0,unknown,unemployed,unknown,single,sep,29,success,6
1,3,telephone,(null),0,unknown,1391,professional.course,0,unknown,unemployed,unknown,single,sep,29,success,6
0,3,telephone,(null),0,unknown,1391,professional.course,0,unknown,management,unknown,single,dec,29,success,6
1,3,telephone,(null),0,unknown,1391,professional.course,0,unknown,management,unknown,single,dec,29,success,6
0,3,cellular,mon,1,no,1330,basic.4y,-3,no,self-employed,no,divorced,oct,0,failure,0
1,3,cellular,mon,1,no,1330,basic.4y,-3,no,self-employed,no,divorced,oct,0,failure,0
0,3,cellular,tue,1,no,1258,basic.6y,-3,no,self-employed,no,divorced,oct,1,failure,0
1,3,cellular,tue,1,no,1258,basic.6y,-3,no,self-employed,no,divorced,oct,1,failure,0
0,3,cellular,mon,0,no,1251,basic.4y,-3,no,admin.,no,divorced,oct,0,failure,0
1,3,cellular,mon,0,no,1251,basic.4y,-3,no,admin.,no,divorced,oct,0,failure,0
0,7,cellular,mon,1,no,1408,basic.4y,-3,no,admin.,no,divorced,apr,16,failure,0
1,7,cellular,mon,1,no,1408,basic.4y,-3,no,admin.,no,divorced,apr,16,failure,0
0,7,cellular,wed,1,no,1297,basic.9y,-2,no,blue-collar,no,married,may,20,nonexistent,2
1,7,cellular,wed,1,no,1297,basic.9y,-2,no,blue-collar,no,married,may,20,nonexistent,2
0,7,cellular,tue,1,no,1438,basic.6y,-3,no,services,no,divorced,apr,9,failure,1
1,7,cellular,tue,1,no,1438,basic.6y,-3,no,services,no,divorced,apr,9,failure,1
0,7,cellular,wed,1,no,1469,basic.9y,-2,no,student,no,married,may,2,nonexistent,2
1,7,cellular,wed,1,no,1469,basic.9y,-2,no,student,no,married,may,2,nonexistent,2
0,7,telephone,thu,0,unknown,1368,high.school,-1,unknown,student,unknown,married,may,7,nonexistent,3
1,7,telephone,thu,0,unknown,1368,high.school,-1,unknown,student,unknown,married,may,7,nonexistent,3
0,7,cellular,mon,1,no,1251,basic.4y,-3,no,self-employed,no,divorced,jan,8,failure,0
1,7,cellular,mon,1,no,1251,basic.4y,-3,no,self-employed,no,divorced,jan,8,failure,0
0,7,cellular,wed,1,no,1375,basic.9y,-2,no,entrepreneur,no,married,may,10,nonexistent,2
1,7,cellular,wed,1,no,1375,basic.9y,-2,no,entrepreneur,no,married,may,10,nonexistent,2
0,7,cellular,mon,1,no,1251,basic.4y,-3,no,admin.,no,divorced,jan,8,failure,0
1,7,cellular,mon,1,no,1251,basic.4y,-3,no,admin.,no,divorced,jan,8,failure,0
0,7,telephone,thu,1,unknown,1407,high.school,-1,unknown,housemaid,unknown,married,may,5,nonexistent,3
1,7,telephone,thu,1,unknown,1407,high.school,-1,unknown,housemaid,unknown,married,may,5,nonexistent,3
0,8,cellular,tue,0,no,1180,basic.6y,-3,no,admin.,no,divorced,jul,63,failure,0
1,8,cellular,tue,0,no,1180,basic.6y,-3,no,admin.,no,divorced,jul,63,failure,0
0,8,cellular,tue,0,no,1180,basic.6y,-3,no,admin.,no,divorced,jan,79,failure,0
1,8,cellular,tue,0,no,1180,basic.6y,-3,no,admin.,no,divorced,jan,79,failure,0
0,8,cellular,tue,1,no,1188,basic.6y,-3,no,services,no,divorced,feb,64,failure,1
1,8,cellular,tue,1,no,1188,basic.6y,-3,no,services,no,divorced,feb,64,failure,1
0,8,cellular,wed,1,no,1196,basic.9y,-2,no,blue-collar,no,married,may,65,nonexistent,2
1,8,cellular,wed,1,no,1196,basic.9y,-2,no,blue-collar,no,married,may,65,nonexistent,2
0,8,cellular,tue,1,no,1110,basic.6y,-3,no,entrepreneur,no,divorced,feb,65,failure,1
1,8,cellular,tue,1,no,1110,basic.6y,-3,no,entrepreneur,no,divorced,feb,65,failure,1
0,5,cellular,mon,0,no,1173,basic.4y,-3,no,admin.,no,divorced,oct,63,failure,0
1,5,cellular,mon,0,no,1173,basic.4y,-3,no,admin.,no,divorced,oct,63,failure,0
0,5,cellular,tue,0,no,1188,basic.6y,-3,no,blue-collar,no,divorced,jul,65,failure,1
1,5,cellular,tue,0,no,1188,basic.6y,-3,no,blue-collar,no,divorced,jul,65,failure,1
0,5,cellular,mon,0,no,1095,basic.4y,-3,no,admin.,no,divorced,apr,71,failure,0
1,5,cellular,mon,0,no,1095,basic.4y,-3,no,admin.,no,divorced,apr,71,failure,0
0,5,cellular,tue,0,no,1110,basic.6y,-3,no,blue-collar,no,divorced,jan,72,failure,1
1,5,cellular,tue,0,no,1110,basic.6y,-3,no,blue-collar,no,divorced,jan,72,failure,1
0,5,cellular,mon,0,no,1017,basic.4y,-3,no,admin.,no,divorced,jan,71,failure,0
1,5,cellular,mon,0,no,1017,basic.4y,-3,no,admin.,no,divorced,jan,71,failure,0
0,1,cellular,tue,0,no,1180,basic.6y,-3,no,admin.,no,divorced,jan,80,failure,0
1,1,cellular,tue,0,no,1180,basic.6y,-3,no,admin.,no,divorced,jan,80,failure,0
0,1,cellular,mon,0,no,1173,basic.4y,-3,no,self-employed,no,divorced,jan,71,failure,0
1,1,cellular,mon,0,no,1173,basic.4y,-3,no,self-employed,no,divorced,jan,71,failure,0
0,1,cellular,tue,0,no,1110,basic.6y,-3,no,self-employed,no,divorced,jan,63,failure,0
1,1,cellular,tue,0,no,1110,basic.6y,-3,no,self-employed,no,divorced,jan,63,failure,0
0,1,cellular,mon,0,no,1095,basic.4y,-3,no,admin.,no,divorced,apr,71,failure,0
1,1,cellular,mon,0,no,1095,basic.4y,-3,no,admin.,no,divorced,apr,71,failure,0
0,1,cellular,tue,0,no,1110,basic.6y,-3,no,blue-collar,no,divorced,jan,72,failure,1
1,1,cellular,tue,0,no,1110,basic.6y,-3,no,blue-collar,no,divorced,jan,72,failure,1
0,1,cellular,tue,0,no,946,basic.6y,-3,no,admin.,no,divorced,jan,63,failure,0
1,1,cellular,tue,0,no,946,basic.6y,-3,no,admin.,no,divorced,jan,63,failure,0
0,8,cellular,mon,0,no,1095,basic.4y,-3,no,admin.,no,divorced,jul,32,failure,0
1,8,cellular,mon,0,no,1095,basic.4y,-3,no,admin.,no,divorced,jul,32,failure,0
0,8,cellular,wed,1,no,1141,basic.9y,-2,no,housemaid,no,married,feb,52,nonexistent,2
1,8,cellular,wed,1,no,1141,basic.9y,-2,no,housemaid,no,married,feb,52,nonexistent,2
0,8,cellular,mon,1,no,1173,basic.4y,-3,no,self-employed,no,divorced,apr,32,failure,0
1,8,cellular,mon,1,no,1173,basic.4y,-3,no,self-employed,no,divorced,apr,32,failure,0
0,8,cellular,tue,0,no,1188,basic.6y,-3,no,services,no,divorced,jan,34,failure,1
1,8,cellular,tue,0,no,1188,basic.6y,-3,no,services,no,divorced,jan,34,failure,1
0,8,cellular,mon,0,no,1095,basic.4y,-3,no,self-employed,no,divorced,apr,40,failure,0
1,8,cellular,mon,0,no,1095,basic.4y,-3,no,self-employed,no,divorced,apr,40,failure,0
0,8,cellular,mon,0,no,1095,basic.4y,-3,no,self-employed,no,divorced,jan,40,failure,0
1,8,cellular,mon,0,no,1095,basic.4y,-3,no,self-employed,no,divorced,jan,40,failure,0
0,8,cellular,mon,1,no,1173,basic.4y,-3,no,admin.,no,divorced,apr,32,failure,0
1,8,cellular,mon,1,no,1173,basic.4y,-3,no,admin.,no,divorced,apr,32,failure,0
0,8,cellular,tue,0,no,1110,basic.6y,-3,no,blue-collar,no,divorced,apr,41,failure,1
1,8,cellular,tue,0,no,1110,basic.6y,-3,no,blue-collar,no,divorced,apr,41,failure,1
0,8,cellular,wed,0,no,1118,basic.9y,-2,no,blue-collar,no,married,may,34,nonexistent,2
1,8,cellular,wed,0,no,1118,basic.9y,-2,no,blue-collar,no,married,may,34,nonexistent,2
0,9,telephone,thu,1,unknown,1172,high.school,-1,unknown,housemaid,unknown,married,feb,39,nonexistent,3
1,9,telephone,thu,1,unknown,1172,high.school,-1,unknown,housemaid,unknown,married,feb,39,nonexistent,3
0,8,cellular,tue,1,no,1024,basic.6y,-3,no,blue-collar,no,divorced,jan,49,failure,0
1,8,cellular,tue,1,no,1024,basic.6y,-3,no,blue-collar,no,divorced,jan,49,failure,0
0,8,cellular,mon,0,no,1017,basic.4y,-3,no,admin.,no,divorced,apr,32,failure,0
1,8,cellular,mon,0,no,1017,basic.4y,-3,no,admin.,no,divorced,apr,32,failure,0
0,8,cellular,mon,0,no,1017,basic.4y,-3,no,admin.,no,divorced,jan,40,failure,0
1,8,cellular,mon,0,no,1017,basic.4y,-3,no,admin.,no,divorced,jan,40,failure,0
0,8,telephone,fri,0,unknown,1219,illiterate,-1,unknown,student,unknown,married,feb,24,nonexistent,4
1,8,telephone,fri,0,unknown,1219,illiterate,-1,unknown,student,unknown,married,feb,24,nonexistent,4
0,8,telephone,fri,1,unknown,1219,illiterate,-1,unknown,housemaid,unknown,married,feb,24,nonexistent,4
1,8,telephone,fri,1,unknown,1219,illiterate,-1,unknown,housemaid,unknown,married,feb,24,nonexistent,4
0,8,telephone,(null),0,unknown,1156,professional.course,0,unknown,management,unknown,single,mar,27,success,5
1,8,telephone,(null),0,unknown,1156,professional.course,0,unknown,management,unknown,single,mar,27,success,5
0,5,cellular,mon,1,no,1095,basic.4y,-3,no,admin.,no,divorced,jul,32,failure,0
1,5,cellular,mon,1,no,1095,basic.4y,-3,no,admin.,no,divorced,jul,32,failure,0
0,6,telephone,fri,0,unknown,1187,illiterate,-1,unknown,self-employed,unknown,married,apr,49,nonexistent,4
1,6,telephone,fri,0,unknown,1187,illiterate,-1,unknown,self-employed,unknown,married,apr,49,nonexistent,4
0,5,cellular,tue,0,no,1032,basic.6y,-3,no,blue-collar,no,divorced,jul,49,failure,1
1,5,cellular,tue,0,no,1032,basic.6y,-3,no,blue-collar,no,divorced,jul,49,failure,1
0,5,cellular,mon,0,no,1017,basic.4y,-3,no,self-employed,no,divorced,jul,40,failure,0
1,5,cellular,mon,0,no,1017,basic.4y,-3,no,self-employed,no,divorced,jul,40,failure,0
0,5,cellular,wed,0,no,1040,basic.9y,-2,no,blue-collar,no,married,aug,42,nonexistent,2
1,5,cellular,wed,0,no,1040,basic.9y,-2,no,blue-collar,no,married,aug,42,nonexistent,2
0,5,cellular,wed,0,no,1047,basic.9y,-2,no,student,no,married,feb,50,nonexistent,2
1,5,cellular,wed,0,no,1047,basic.9y,-2,no,student,no,married,feb,50,nonexistent,2
0,5,cellular,mon,0,no,939,basic.4y,-3,no,self-employed,no,divorced,apr,48,failure,0
1,5,cellular,mon,0,no,939,basic.4y,-3,no,self-employed,no,divorced,apr,48,failure,0
0,5,cellular,tue,1,no,954,basic.6y,-3,no,services,no,divorced,jan,49,failure,1
1,5,cellular,tue,1,no,954,basic.6y,-3,no,services,no,divorced,jan,49,failure,1
0,6,telephone,thu,1,unknown,1055,high.school,-1,unknown,housemaid,unknown,married,apr,55,nonexistent,3
1,6,telephone,thu,1,unknown,1055,high.school,-1,unknown,housemaid,unknown,married,apr,55,nonexistent,3
0,5,cellular,wed,0,no,962,basic.9y,-2,no,blue-collar,no,married,may,52,nonexistent,2
1,5,cellular,wed,0,no,962,basic.9y,-2,no,blue-collar,no,married,may,52,nonexistent,2
0,5,cellular,wed,0,no,1000,basic.9y,-2,no,student,no,married,mar,37,nonexistent,2
1,5,cellular,wed,0,no,1000,basic.9y,-2,no,student,no,married,mar,37,nonexistent,2
0,5,cellular,wed,1,no,969,basic.9y,-2,no,entrepreneur,no,married,may,42,nonexistent,2
1,5,cellular,wed,1,no,969,basic.9y,-2,no,entrepreneur,no,married,may,42,nonexistent,2
0,6,telephone,thu,1,unknown,977,high.school,-1,unknown,housemaid,unknown,married,may,35,nonexistent,3
1,6,telephone,thu,1,unknown,977,high.school,-1,unknown,housemaid,unknown,married,may,35,nonexistent,3
0,6,telephone,(null),0,unknown,1078,professional.course,0,unknown,management,unknown,single,mar,43,success,5
1,6,telephone,(null),0,unknown,1078,professional.course,0,unknown,management,unknown,single,mar,43,success,5
0,1,cellular,tue,1,no,1180,basic.6y,-3,no,self-employed,no,divorced,jul,56,failure,0
1,1,cellular,tue,1,no,1180,basic.6y,-3,no,self-employed,no,divorced,jul,56,failure,0
0,1,cellular,tue,0,no,1110,basic.6y,-3,no,services,no,divorced,jul,49,failure,1
1,1,cellular,tue,0,no,1110,basic.6y,-3,no,services,no,divorced,jul,49,failure,1
0,1,cellular,wed,0,no,1141,basic.9y,-2,no,blue-collar,no,married,nov,52,nonexistent,2
1,1,cellular,wed,0,no,1141,basic.9y,-2,no,blue-collar,no,married,nov,52,nonexistent,2
0,2,cellular,wed,0,no,1156,basic.9y,-2,no,entrepreneur,no,married,aug,58,nonexistent,2
1,2,cellular,wed,0,no,1156,basic.9y,-2,no,entrepreneur,no,married,aug,58,nonexistent,2
0,2,telephone,fri,0,unknown,1187,illiterate,-1,unknown,housemaid,unknown,married,aug,52,nonexistent,4
1,2,telephone,fri,0,unknown,1187,illiterate,-1,unknown,housemaid,unknown,married,aug,52,nonexistent,4
0,1,cellular,tue,0,no,1125,basic.6y,-3,no,services,no,divorced,oct,34,failure,1
1,1,cellular,tue,0,no,1125,basic.6y,-3,no,services,no,divorced,oct,34,failure,1
0,2,cellular,wed,0,no,1156,basic.9y,-2,no,student,no,married,aug,42,nonexistent,2
1,2,cellular,wed,0,no,1156,basic.9y,-2,no,student,no,married,aug,42,nonexistent,2
0,2,telephone,thu,0,unknown,1172,high.school,-1,unknown,student,unknown,married,aug,35,nonexistent,3
1,2,telephone,thu,0,unknown,1172,high.school,-1,unknown,student,unknown,married,aug,35,nonexistent,3
0,2,telephone,thu,0,unknown,1211,high.school,-1,unknown,housemaid,unknown,married,nov,43,nonexistent,3
1,2,telephone,thu,0,unknown,1211,high.school,-1,unknown,housemaid,unknown,married,nov,43,nonexistent,3
0,3,telephone,fri,0,unknown,1203,illiterate,-1,unknown,housemaid,unknown,married,aug,44,nonexistent,4
1,3,telephone,fri,0,unknown,1203,illiterate,-1,unknown,housemaid,unknown,married,aug,44,nonexistent,4
0,3,telephone,(null),0,unknown,1218,professional.course,0,unknown,management,unknown,single,sep,37,success,5
1,3,telephone,(null),0,unknown,1218,professional.course,0,unknown,management,unknown,single,sep,37,success,5
0,1,cellular,wed,0,no,985,basic.9y,-2,no,housemaid,no,married,aug,40,nonexistent,2
1,1,cellular,wed,0,no,985,basic.9y,-2,no,housemaid,no,married,aug,40,nonexistent,2
0,2,telephone,thu,1,unknown,1172,high.school,-1,unknown,student,unknown,married,may,51,nonexistent,3
1,2,telephone,thu,1,unknown,1172,high.school,-1,unknown,student,unknown,married,may,51,nonexistent,3
0,2,telephone,fri,0,unknown,1187,illiterate,-1,unknown,student,unknown,married,feb,56,nonexistent,4
1,2,telephone,fri,0,unknown,1187,illiterate,-1,unknown,student,unknown,married,feb,56,nonexistent,4
0,3,telephone,(null),1,unknown,1234,professional.course,0,unknown,management,unknown,single,mar,61,success,6
1,3,telephone,(null),1,unknown,1234,professional.course,0,unknown,management,unknown,single,mar,61,success,6
0,3,telephone,(null),1,unknown,1218,professional.course,0,unknown,student,unknown,single,may,43,success,5
1,3,telephone,(null),1,unknown,1218,professional.course,0,unknown,student,unknown,single,may,43,success,5
0,1,cellular,mon,0,no,939,basic.4y,-3,no,self-employed,no,divorced,apr,48,failure,0
1,1,cellular,mon,0,no,939,basic.4y,-3,no,self-employed,no,divorced,apr,48,failure,0
0,1,cellular,tue,1,no,969,basic.6y,-3,no,services,no,divorced,jan,50,failure,1
1,1,cellular,tue,1,no,969,basic.6y,-3,no,services,no,divorced,jan,50,failure,1
0,2,cellular,wed,0,no,969,basic.9y,-2,no,entrepreneur,no,married,may,50,nonexistent,2
1,2,cellular,wed,0,no,969,basic.9y,-2,no,entrepreneur,no,married,may,50,nonexistent,2
0,2,telephone,fri,0,unknown,985,illiterate,-1,unknown,housemaid,unknown,married,feb,52,nonexistent,4
1,2,telephone,fri,0,unknown,985,illiterate,-1,unknown,housemaid,unknown,married,feb,52,nonexistent,4
0,1,cellular,wed,0,no,962,basic.9y,-2,no,services,no,married,may,42,nonexistent,2
1,1,cellular,wed,0,no,962,basic.9y,-2,no,services,no,married,may,42,nonexistent,2
0,2,telephone,thu,1,unknown,1016,high.school,-1,unknown,student,unknown,married,may,35,nonexistent,3
1,2,telephone,thu,1,unknown,1016,high.school,-1,unknown,student,unknown,married,may,35,nonexistent,3
0,3,telephone,fri,0,unknown,1047,illiterate,-1,unknown,technician,unknown,married,feb,42,nonexistent,4
1,3,telephone,fri,0,unknown,1047,illiterate,-1,unknown,technician,unknown,married,feb,42,nonexistent,4
0,3,telephone,fri,0,unknown,1047,illiterate,-1,unknown,housemaid,unknown,married,may,44,nonexistent,4
1,3,telephone,fri,0,unknown,1047,illiterate,-1,unknown,housemaid,unknown,married,may,44,nonexistent,4
0,3,telephone,(null),0,unknown,1062,professional.course,0,unknown,management,unknown,single,jun,37,success,5
1,3,telephone,(null),0,unknown,1062,professional.course,0,unknown,management,unknown,single,jun,37,success,5
0,5,cellular,mon,0,no,1173,basic.4y,-3,no,self-employed,no,divorced,oct,24,failure,0
1,5,cellular,mon,0,no,1173,basic.4y,-3,no,self-employed,no,divorced,oct,24,failure,0
0,5,cellular,mon,1,no,1095,basic.4y,-3,no,self-employed,no,divorced,oct,24,failure,0
1,5,cellular,mon,1,no,1095,basic.4y,-3,no,self-employed,no,divorced,oct,24,failure,0
0,5,cellular,wed,1,no,1196,basic.9y,-2,no,services,no,married,aug,20,nonexistent,2
1,5,cellular,wed,1,no,1196,basic.9y,-2,no,services,no,married,aug,20,nonexistent,2
0,5,cellular,tue,1,no,1102,basic.6y,-3,no,admin.,no,divorced,oct,24,failure,0
1,5,cellular,tue,1,no,1102,basic.6y,-3,no,admin.,no,divorced,oct,24,failure,0
0,6,telephone,fri,1,unknown,1226,illiterate,-1,unknown,housemaid,unknown,married,aug,26,nonexistent,4
1,6,telephone,fri,1,unknown,1226,illiterate,-1,unknown,housemaid,unknown,married,aug,26,nonexistent,4
0,5,telephone,thu,1,unknown,1133,high.school,-1,unknown,housemaid,unknown,married,aug,23,nonexistent,3
1,5,telephone,thu,1,unknown,1133,high.school,-1,unknown,housemaid,unknown,married,aug,23,nonexistent,3
0,2,cellular,wed,0,no,1156,basic.9y,-2,no,student,no,married,nov,21,nonexistent,2
1,2,cellular,wed,0,no,1156,basic.9y,-2,no,student,no,married,nov,21,nonexistent,2
0,2,telephone,fri,1,unknown,1187,illiterate,-1,unknown,student,unknown,married,aug,28,nonexistent,4
1,2,telephone,fri,1,unknown,1187,illiterate,-1,unknown,student,unknown,married,aug,28,nonexistent,4
0,3,telephone,fri,0,unknown,1203,illiterate,-1,unknown,management,unknown,married,nov,20,nonexistent,4
1,3,telephone,fri,0,unknown,1203,illiterate,-1,unknown,management,unknown,married,nov,20,nonexistent,4
0,3,telephone,(null),0,unknown,1234,professional.course,0,unknown,management,unknown,single,sep,29,success,6
1,3,telephone,(null),0,unknown,1234,professional.course,0,unknown,management,unknown,single,sep,29,success,6
0,4,telephone,thu,1,unknown,1172,high.school,-1,unknown,retired,unknown,married,oct,7,nonexistent,3
1,4,telephone,thu,1,unknown,1172,high.school,-1,unknown,retired,unknown,married,oct,7,nonexistent,3
0,5,cellular,tue,0,no,1024,basic.6y,-3,no,admin.,no,divorced,oct,24,failure,0
1,5,cellular,tue,0,no,1024,basic.6y,-3,no,admin.,no,divorced,oct,24,failure,0
0,5,cellular,mon,0,no,939,basic.4y,-3,no,admin.,no,divorced,oct,24,failure,0
1,5,cellular,mon,0,no,939,basic.4y,-3,no,admin.,no,divorced,oct,24,failure,0
0,1,cellular,wed,0,no,1040,basic.9y,-2,no,services,no,married,nov,20,nonexistent,2
1,1,cellular,wed,0,no,1040,basic.9y,-2,no,services,no,married,nov,20,nonexistent,2
0,2,cellular,wed,1,no,1000,basic.9y,-2,no,student,no,married,aug,21,nonexistent,2
1,2,cellular,wed,1,no,1000,basic.9y,-2,no,student,no,married,aug,21,nonexistent,2
0,2,telephone,thu,0,unknown,1055,high.school,-1,unknown,housemaid,unknown,married,nov,23,nonexistent,3
1,2,telephone,thu,0,unknown,1055,high.school,-1,unknown,housemaid,unknown,married,nov,23,nonexistent,3
0,2,cellular,wed,0,no,969,basic.9y,-2,no,entrepreneur,no,married,nov,21,nonexistent,2
1,2,cellular,wed,0,no,969,basic.9y,-2,no,entrepreneur,no,married,nov,21,nonexistent,2
0,3,telephone,fri,0,unknown,1047,illiterate,-1,unknown,management,unknown,married,aug,20,nonexistent,4
1,3,telephone,fri,0,unknown,1047,illiterate,-1,unknown,management,unknown,married,aug,20,nonexistent,4
0,3,telephone,(null),0,unknown,1078,professional.course,0,unknown,entrepreneur,unknown,single,sep,22,success,6
1,3,telephone,(null),0,unknown,1078,professional.course,0,unknown,entrepreneur,unknown,single,sep,22,success,6
0,2,telephone,thu,0,unknown,1016,high.school,-1,unknown,student,unknown,married,oct,7,nonexistent,3
1,2,telephone,thu,0,unknown,1016,high.school,-1,unknown,student,unknown,married,oct,7,nonexistent,3
0,3,telephone,fri,0,unknown,1047,illiterate,-1,unknown,housemaid,unknown,married,oct,10,nonexistent,4
1,3,telephone,fri,0,unknown,1047,illiterate,-1,unknown,housemaid,unknown,married,oct,10,nonexistent,4
0,6,telephone,(null),0,unknown,1218,professional.course,0,unknown,technician,unknown,single,may,24,success,5
1,6,telephone,(null),0,unknown,1218,professional.course,0,unknown,technician,unknown,single,may,24,success,5
0,7,telephone,fri,1,unknown,1141,illiterate,-1,unknown,housemaid,unknown,married,may,24,nonexistent,4
1,7,telephone,fri,1,unknown,1141,illiterate,-1,unknown,housemaid,unknown,married,may,24,nonexistent,4
0,5,telephone,(null),1,unknown,1164,professional.course,0,unknown,management,unknown,single,jun,29,success,6
1,5,telephone,(null),1,unknown,1164,professional.course,0,unknown,management,unknown,single,jun,29,success,6
0,7,cellular,tue,1,no,1110,basic.6y,-3,no,admin.,no,divorced,jan,17,failure,0
1,7,cellular,tue,1,no,1110,basic.6y,-3,no,admin.,no,divorced,jan,17,failure,0
0,5,cellular,wed,0,no,1156,basic.9y,-2,no,entrepreneur,no,married,may,5,nonexistent,2
1,5,cellular,wed,0,no,1156,basic.9y,-2,no,entrepreneur,no,married,may,5,nonexistent,2
0,7,cellular,wed,1,no,1141,basic.9y,-2,no,blue-collar,no,married,feb,10,nonexistent,2
1,7,cellular,wed,1,no,1141,basic.9y,-2,no,blue-collar,no,married,feb,10,nonexistent,2
0,3,telephone,(null),0,unknown,1234,professional.course,0,unknown,unemployed,unknown,single,jun,29,success,6
1,3,telephone,(null),0,unknown,1234,professional.course,0,unknown,unemployed,unknown,single,jun,29,success,6
0,5,telephone,fri,0,unknown,1047,illiterate,-1,unknown,services,unknown,married,apr,26,nonexistent,4
1,5,telephone,fri,0,unknown,1047,illiterate,-1,unknown,services,unknown,married,apr,26,nonexistent,4
0,5,cellular,mon,1,no,939,basic.4y,-3,no,admin.,no,divorced,jan,0,failure,0
1,5,cellular,mon,1,no,939,basic.4y,-3,no,admin.,no,divorced,jan,0,failure,0
0,3,telephone,(null),1,unknown,1078,professional.course,0,unknown,technician,unknown,single,may,13,success,6
1,3,telephone,(null),1,unknown,1078,professional.course,0,unknown,technician,unknown,single,may,13,success,6
0,5,cellular,mon,1,no,861,basic.4y,-3,no,admin.,no,divorced,jul,32,failure,0
1,5,cellular,mon,1,no,861,basic.4y,-3,no,admin.,no,divorced,jul,32,failure,0
0,5,cellular,mon,1,no,861,basic.4y,-3,no,self-employed,no,divorced,jan,48,failure,0
1,5,cellular,mon,1,no,861,basic.4y,-3,no,self-employed,no,divorced,jan,48,failure,0
0,5,cellular,wed,0,no,891,basic.9y,-2,no,entrepreneur,no,married,feb,50,nonexistent,2
1,5,cellular,wed,0,no,891,basic.9y,-2,no,entrepreneur,no,married,feb,50,nonexistent,2
0,5,cellular,mon,1,no,783,basic.4y,-3,no,admin.,no,divorced,apr,48,failure,0
1,5,cellular,mon,1,no,783,basic.4y,-3,no,admin.,no,divorced,apr,48,failure,0
0,5,cellular,tue,1,no,798,basic.6y,-3,no,blue-collar,no,divorced,jan,49,failure,1
1,5,cellular,tue,1,no,798,basic.6y,-3,no,blue-collar,no,divorced,jan,49,failure,1
0,5,cellular,wed,0,no,891,basic.9y,-2,no,management,no,married,mar,37,nonexistent,2
1,5,cellular,wed,0,no,891,basic.9y,-2,no,management,no,married,mar,37,nonexistent,2
0,5,cellular,tue,0,no,790,basic.6y,-3,no,self-employed,no,divorced,jan,40,failure,0
1,5,cellular,tue,0,no,790,basic.6y,-3,no,self-employed,no,divorced,jan,40,failure,0
0,5,cellular,mon,1,no,626,basic.4y,-3,no,admin.,no,divorced,jan,32,failure,0
1,5,cellular,mon,1,no,626,basic.4y,-3,no,admin.,no,divorced,jan,32,failure,0
0,1,cellular,mon,1,no,861,basic.4y,-3,no,admin.,no,divorced,jul,48,failure,0
1,1,cellular,mon,1,no,861,basic.4y,-3,no,admin.,no,divorced,jul,48,failure,0
0,1,cellular,tue,0,no,868,basic.6y,-3,no,self-employed,no,divorced,jul,33,failure,0
1,1,cellular,tue,0,no,868,basic.6y,-3,no,self-employed,no,divorced,jul,33,failure,0
0,3,cellular,mon,1,no,861,basic.4y,-3,no,admin.,no,divorced,oct,32,failure,0
1,3,cellular,mon,1,no,861,basic.4y,-3,no,admin.,no,divorced,oct,32,failure,0
0,2,cellular,wed,1,no,891,basic.9y,-2,no,entrepreneur,no,married,feb,50,nonexistent,2
1,2,cellular,wed,1,no,891,basic.9y,-2,no,entrepreneur,no,married,feb,50,nonexistent,2
0,1,cellular,wed,0,no,829,basic.9y,-2,no,services,no,married,feb,36,nonexistent,2
1,1,cellular,wed,0,no,829,basic.9y,-2,no,services,no,married,feb,36,nonexistent,2
0,2,telephone,thu,0,unknown,860,high.school,-1,unknown,housemaid,unknown,married,may,39,nonexistent,3
1,2,telephone,thu,0,unknown,860,high.school,-1,unknown,housemaid,unknown,married,may,39,nonexistent,3
0,3,telephone,fri,0,unknown,891,illiterate,-1,unknown,housemaid,unknown,married,feb,42,nonexistent,4
1,3,telephone,fri,0,unknown,891,illiterate,-1,unknown,housemaid,unknown,married,feb,42,nonexistent,4
0,1,cellular,wed,0,no,672,basic.9y,-2,no,blue-collar,no,married,feb,36,nonexistent,2
1,1,cellular,wed,0,no,672,basic.9y,-2,no,blue-collar,no,married,feb,36,nonexistent,2
0,5,cellular,mon,1,no,861,basic.4y,-3,no,admin.,no,divorced,jul,24,failure,0
1,5,cellular,mon,1,no,861,basic.4y,-3,no,admin.,no,divorced,jul,24,failure,0
0,5,cellular,mon,1,no,783,basic.4y,-3,no,admin.,no,divorced,jul,24,failure,0
1,5,cellular,mon,1,no,783,basic.4y,-3,no,admin.,no,divorced,jul,24,failure,0
0,5,cellular,mon,1,no,783,basic.4y,-3,no,admin.,no,divorced,jan,16,failure,0
1,5,cellular,mon,1,no,783,basic.4y,-3,no,admin.,no,divorced,jan,16,failure,0
0,6,telephone,fri,0,unknown,907,illiterate,-1,unknown,student,unknown,married,feb,8,nonexistent,4
1,6,telephone,fri,0,unknown,907,illiterate,-1,unknown,student,unknown,married,feb,8,nonexistent,4
0,5,telephone,thu,1,unknown,821,high.school,-1,unknown,student,unknown,married,feb,7,nonexistent,3
1,5,telephone,thu,1,unknown,821,high.school,-1,unknown,student,unknown,married,feb,7,nonexistent,3
0,6,telephone,fri,0,unknown,891,illiterate,-1,unknown,housemaid,unknown,married,feb,10,nonexistent,4
1,6,telephone,fri,0,unknown,891,illiterate,-1,unknown,housemaid,unknown,married,feb,10,nonexistent,4
0,5,cellular,mon,1,no,705,basic.4y,-3,no,self-employed,no,divorced,jan,24,failure,0
1,5,cellular,mon,1,no,705,basic.4y,-3,no,self-employed,no,divorced,jan,24,failure,0
0,5,cellular,wed,0,no,728,basic.9y,-2,no,blue-collar,no,married,feb,20,nonexistent,2
1,5,cellular,wed,0,no,728,basic.9y,-2,no,blue-collar,no,married,feb,20,nonexistent,2
0,5,telephone,fri,0,unknown,758,illiterate,-1,unknown,housemaid,unknown,married,feb,10,nonexistent,4
1,5,telephone,fri,0,unknown,758,illiterate,-1,unknown,housemaid,unknown,married,feb,10,nonexistent,4
0,1,cellular,wed,1,no,829,basic.9y,-2,no,housemaid,no,married,aug,20,nonexistent,2
1,1,cellular,wed,1,no,829,basic.9y,-2,no,housemaid,no,married,aug,20,nonexistent,2
0,1,cellular,wed,0,no,829,basic.9y,-2,no,services,no,married,aug,4,nonexistent,2
1,1,cellular,wed,0,no,829,basic.9y,-2,no,services,no,married,aug,4,nonexistent,2
0,2,telephone,thu,1,unknown,860,high.school,-1,unknown,housemaid,unknown,married,oct,7,nonexistent,3
1,2,telephone,thu,1,unknown,860,high.school,-1,unknown,housemaid,unknown,married,oct,7,nonexistent,3
0,1,cellular,mon,1,no,626,basic.4y,-3,no,admin.,no,divorced,jul,0,failure,0
1,1,cellular,mon,1,no,626,basic.4y,-3,no,admin.,no,divorced,jul,0,failure,0
0,3,cellular,wed,0,no,806,basic.9y,-2,no,services,no,married,may,20,nonexistent,2
1,3,cellular,wed,0,no,806,basic.9y,-2,no,services,no,married,may,20,nonexistent,2
0,3,telephone,fri,0,unknown,914,illiterate,-1,unknown,technician,unknown,married,feb,26,nonexistent,4
1,3,telephone,fri,0,unknown,914,illiterate,-1,unknown,technician,unknown,married,feb,26,nonexistent,4
0,2,telephone,fri,0,unknown,829,illiterate,-1,unknown,student,unknown,married,feb,24,nonexistent,4
1,2,telephone,fri,0,unknown,829,illiterate,-1,unknown,student,unknown,married,feb,24,nonexistent,4
0,3,telephone,fri,0,unknown,891,illiterate,-1,unknown,housemaid,unknown,married,may,26,nonexistent,4
1,3,telephone,fri,0,unknown,891,illiterate,-1,unknown,housemaid,unknown,married,may,26,nonexistent,4
0,3,telephone,(null),1,unknown,922,professional.course,0,unknown,management,unknown,single,mar,30,success,6
1,3,telephone,(null),1,unknown,922,professional.course,0,unknown,management,unknown,single,mar,30,success,6
0,3,telephone,fri,0,unknown,891,illiterate,-1,unknown,technician,unknown,married,apr,10,nonexistent,4
1,3,telephone,fri,0,unknown,891,illiterate,-1,unknown,technician,unknown,married,apr,10,nonexistent,4
0,3,telephone,(null),0,unknown,922,professional.course,0,unknown,management,unknown,single,may,13,success,6
1,3,telephone,(null),0,unknown,922,professional.course,0,unknown,management,unknown,single,may,13,success,6
0,1,cellular,wed,0,no,728,basic.9y,-2,no,services,no,married,may,20,nonexistent,2
1,1,cellular,wed,0,no,728,basic.9y,-2,no,services,no,married,may,20,nonexistent,2
0,3,cellular,mon,1,no,626,basic.4y,-3,no,self-employed,no,divorced,apr,16,failure,0
1,3,cellular,mon,1,no,626,basic.4y,-3,no,self-employed,no,divorced,apr,16,failure,0
0,2,telephone,thu,0,unknown,743,high.school,-1,unknown,student,unknown,married,feb,23,nonexistent,3
1,2,telephone,thu,0,unknown,743,high.school,-1,unknown,student,unknown,married,feb,23,nonexistent,3
0,3,cellular,wed,0,no,649,basic.9y,-2,no,services,no,married,feb,20,nonexistent,2
1,3,cellular,wed,0,no,649,basic.9y,-2,no,services,no,married,feb,20,nonexistent,2
0,3,cellular,mon,1,no,626,basic.4y,-3,no,admin.,no,divorced,apr,16,failure,0
1,3,cellular,mon,1,no,626,basic.4y,-3,no,admin.,no,divorced,apr,16,failure,0
0,3,telephone,fri,0,unknown,735,illiterate,-1,unknown,housemaid,unknown,married,feb,26,nonexistent,4
1,3,telephone,fri,0,unknown,735,illiterate,-1,unknown,housemaid,unknown,married,feb,26,nonexistent,4
0,2,telephone,fri,0,unknown,719,illiterate,-1,unknown,self-employed,unknown,married,apr,8,nonexistent,4
1,2,telephone,fri,0,unknown,719,illiterate,-1,unknown,self-employed,unknown,married,apr,8,nonexistent,4
0,1,cellular,mon,0,no,470,basic.4y,-3,no,admin.,no,divorced,jan,32,failure,0
1,1,cellular,mon,0,no,470,basic.4y,-3,no,admin.,no,divorced,jan,32,failure,0
0,1,cellular,mon,0,no,470,basic.4y,-3,no,admin.,no,divorced,jul,16,failure,0
1,1,cellular,mon,0,no,470,basic.4y,-3,no,admin.,no,divorced,jul,16,failure,0
0,1,cellular,tue,1,no,563,basic.6y,-3,no,blue-collar,no,divorced,jul,2,failure,1
1,1,cellular,tue,1,no,563,basic.6y,-3,no,blue-collar,no,divorced,jul,2,failure,1
0,2,cellular,wed,0,no,531,basic.9y,-2,no,management,no,married,mar,12,nonexistent,2
1,2,cellular,wed,0,no,531,basic.9y,-2,no,management,no,married,mar,12,nonexistent,2
0,1,cellular,tue,0,no,328,basic.6y,-3,no,blue-collar,no,divorced,jan,17,failure,0
1,1,cellular,tue,0,no,328,basic.6y,-3,no,blue-collar,no,divorced,jan,17,failure,0
0,1,cellular,mon,1,no,392,basic.4y,-3,no,self-employed,no,divorced,apr,0,failure,0
1,1,cellular,mon,1,no,392,basic.4y,-3,no,self-employed,no,divorced,apr,0,failure,0
0,1,cellular,tue,1,no,328,basic.6y,-3,no,admin.,no,divorced,apr,1,failure,0
1,1,cellular,tue,1,no,328,basic.6y,-3,no,admin.,no,divorced,apr,1,failure,0
0,1,cellular,tue,1,no,172,basic.6y,-3,no,blue-collar,no,divorced,jan,3,failure,0
1,1,cellular,tue,1,no,172,basic.6y,-3,no,blue-collar,no,divorced,jan,3,failure,0
0,1,telephone,fri,1,yes,682,basic.4y,-1,yes,services,no,married,sep,656,failure,4
1,1,telephone,fri,1,yes,682,basic.4y,-1,yes,services,no,married,sep,656,failure,4
1,47,cellular,fri,1,yes,853,basic.6y,1,yes,unemployed,yes,divorced,oct,570,failure,2
0,47,cellular,fri,1,yes,853,basic.6y,1,yes,unemployed,yes,divorced,oct,570,failure,2
0,41,telephone,fri,1,no,739,illiterate,0,yes,technician,no,single,jul,709,nonexistent,2
1,41,telephone,fri,1,no,739,illiterate,0,yes,technician,no,single,jul,709,nonexistent,2
0,10,cellular,fri,1,yes,702,basic.4y,0,no,services,yes,divorced,apr,692,failure,1
1,10,cellular,fri,1,yes,702,basic.4y,0,no,services,yes,divorced,apr,692,failure,1
0,33,telephone,fri,1,yes,617,basic.9y,0,no,unemployed,yes,divorced,nov,330,failure,7
1,33,telephone,fri,1,yes,617,basic.9y,0,no,unemployed,yes,divorced,nov,330,failure,7
0,20,telephone,fri,1,no,781,basic.4y,0,yes,blue-collar,no,married,mar,666,nonexistent,4
1,20,telephone,fri,1,no,781,basic.4y,0,yes,blue-collar,no,married,mar,666,nonexistent,4
1,38,telephone,fri,1,yes,932,basic.4y,0,yes,admin.,no,divorced,may,821,failure,0
0,38,telephone,fri,1,yes,932,basic.4y,0,yes,admin.,no,divorced,may,821,failure,0
