age,campaign,contact,day_of_week,decision,default,duration,education,emp.var.rate,housing,job,loan,marital,month,pdays,poutcome,previous
0,26,cellular,mon,0,no,4767,basic.4y,-3,no,admin.,no,divorced,jan,219,failure,0
1,26,cellular,mon,0,no,4767,basic.4y,-3,no,admin.,no,divorced,jan,219,failure,0
0,33,cellular,mon,1,no,4923,basic.4y,-3,no,admin.,no,divorced,jan,212,failure,0
1,33,cellular,mon,1,no,4923,basic.4y,-3,no,admin.,no,divorced,jan,212,failure,0
0,33,cellular,tue,1,no,4930,basic.6y,-3,no,admin.,no,divorced,jan,204,failure,0
1,33,cellular,tue,1,no,4930,basic.6y,-3,no,admin.,no,divorced,jan,204,failure,0
0,26,cellular,tue,0,no,4875,basic.6y,-3,no,blue-collar,no,divorced,aug,213,failure,1
1,26,cellular,tue,0,no,4875,basic.6y,-3,no,blue-collar,no,divorced,aug,213,failure,1
0,30,cellular,wed,0,no,4906,basic.9y,-2,no,entrepreneur,no,married,mar,214,nonexistent,2
1,30,cellular,wed,0,no,4906,basic.9y,-2,no,entrepreneur,no,married,mar,214,nonexistent,2
0,29,telephone,fri,0,unknown,4937,illiterate,-1,unknown,housemaid,unknown,married,aug,208,nonexistent,4
1,29,telephone,fri,0,unknown,4937,illiterate,-1,unknown,housemaid,unknown,married,aug,208,nonexistent,4
0,30,cellular,mon,0,no,4767,basic.4y,-3,no,self-employed,no,divorced,jan,208,failure,0
1,30,cellular,mon,0,no,4767,basic.4y,-3,no,self-employed,no,divorced,jan,208,failure,0
0,26,cellular,tue,0,no,4704,basic.6y,-3,no,self-employed,no,divorced,jan,204,failure,0
1,26,cellular,tue,0,no,4704,basic.6y,-3,no,self-employed,no,divorced,jan,204,failure,0
0,30,cellular,tue,0,no,4774,basic.6y,-3,no,housemaid,no,divorced,jul,204,failure,0
1,30,cellular,tue,0,no,4774,basic.6y,-3,no,housemaid,no,divorced,jul,204,failure,0
0,30,cellular,wed,0,no,4790,basic.9y,-2,no,blue-collar,no,married,aug,206,nonexistent,2
1,30,cellular,wed,0,no,4790,basic.9y,-2,no,blue-collar,no,married,aug,206,nonexistent,2
0,30,cellular,wed,1,no,4719,basic.9y,-2,no,blue-collar,no,married,mar,206,nonexistent,2
1,30,cellular,wed,1,no,4719,basic.9y,-2,no,blue-collar,no,married,mar,206,nonexistent,2
0,33,cellular,mon,1,no,4923,basic.4y,-3,no,self-employed,no,divorced,jan,196,failure,0
1,33,cellular,mon,1,no,4923,basic.4y,-3,no,self-employed,no,divorced,jan,196,failure,0
0,33,cellular,tue,1,no,4930,basic.6y,-3,no,self-employed,no,divorced,jan,188,failure,0
1,33,cellular,tue,1,no,4930,basic.6y,-3,no,self-employed,no,divorced,jan,188,failure,0
0,33,cellular,mon,1,no,4923,basic.4y,-3,no,admin.,no,divorced,jul,196,failure,0
1,33,cellular,mon,1,no,4923,basic.4y,-3,no,admin.,no,divorced,jul,196,failure,0
0,33,cellular,tue,1,no,4930,basic.6y,-3,no,housemaid,no,divorced,jan,196,failure,0
1,33,cellular,tue,1,no,4930,basic.6y,-3,no,housemaid,no,divorced,jan,196,failure,0
0,33,cellular,wed,0,no,4946,basic.9y,-2,no,blue-collar,no,married,feb,198,nonexistent,2
1,33,cellular,wed,0,no,4946,basic.9y,-2,no,blue-collar,no,married,feb,198,nonexistent,2
0,33,cellular,tue,0,no,4860,basic.6y,-3,no,admin.,no,divorced,feb,188,failure,0
1,33,cellular,tue,0,no,4860,basic.6y,-3,no,admin.,no,divorced,feb,188,failure,0
0,33,cellular,mon,0,no,4767,basic.4y,-3,no,admin.,no,divorced,jan,188,failure,0
1,33,cellular,mon,0,no,4767,basic.4y,-3,no,admin.,no,divorced,jan,188,failure,0
0,27,telephone,thu,1,unknown,4961,professional.course,-1,unknown,student,unknown,married,oct,199,nonexistent,3
1,27,telephone,thu,1,unknown,4961,professional.course,-1,unknown,student,unknown,married,oct,199,nonexistent,3
0,31,telephone,fri,1,unknown,4898,illiterate,-1,unknown,technician,unknown,married,apr,198,nonexistent,4
1,31,telephone,fri,1,unknown,4898,illiterate,-1,unknown,technician,unknown,married,apr,198,nonexistent,4
0,28,telephone,(null),0,unknown,4984,university.degree,0,unknown,technician,unknown,single,may,201,success,5
1,28,telephone,(null),0,unknown,4984,university.degree,0,unknown,technician,unknown,single,may,201,success,5
0,28,telephone,(null),0,unknown,4906,basic.9y,0,unknown,technician,unknown,single,may,201,success,5
1,28,telephone,(null),0,unknown,4906,basic.9y,0,unknown,technician,unknown,single,may,201,success,5
0,31,telephone,fri,1,unknown,4953,illiterate,-1,unknown,technician,unknown,married,oct,192,nonexistent,4
1,31,telephone,fri,1,unknown,4953,illiterate,-1,unknown,technician,unknown,married,oct,192,nonexistent,4
0,28,telephone,(null),1,unknown,4992,professional.course,0,unknown,unemployed,unknown,single,nov,194,success,6
1,28,telephone,(null),1,unknown,4992,professional.course,0,unknown,unemployed,unknown,single,nov,194,success,6
0,31,telephone,(null),1,unknown,4906,professional.course,0,unknown,technician,unknown,single,may,193,success,5
1,31,telephone,(null),1,unknown,4906,professional.course,0,unknown,technician,unknown,single,may,193,success,5
0,31,telephone,fri,1,unknown,4891,illiterate,-1,unknown,management,unknown,married,oct,200,nonexistent,4
1,31,telephone,fri,1,unknown,4891,illiterate,-1,unknown,management,unknown,married,oct,200,nonexistent,4
0,28,telephone,fri,1,unknown,4898,illiterate,-1,unknown,management,unknown,married,oct,200,nonexistent,4
1,28,telephone,fri,1,unknown,4898,illiterate,-1,unknown,management,unknown,married,oct,200,nonexistent,4
0,28,telephone,(null),0,unknown,4914,professional.course,0,unknown,entrepreneur,unknown,single,nov,202,success,6
1,28,telephone,(null),0,unknown,4914,professional.course,0,unknown,entrepreneur,unknown,single,nov,202,success,6
0,31,telephone,(null),0,unknown,4914,professional.course,0,unknown,management,unknown,single,may,202,success,6
1,31,telephone,(null),0,unknown,4914,professional.course,0,unknown,management,unknown,single,may,202,success,6
0,31,telephone,(null),0,unknown,4906,professional.course,0,unknown,management,unknown,single,nov,193,success,5
1,31,telephone,(null),0,unknown,4906,professional.course,0,unknown,management,unknown,single,nov,193,success,5
0,30,cellular,mon,1,no,4689,basic.4y,-3,no,self-employed,no,divorced,jul,196,failure,0
1,30,cellular,mon,1,no,4689,basic.4y,-3,no,self-employed,no,divorced,jul,196,failure,0
0,26,cellular,wed,0,no,4790,basic.9y,-2,no,services,no,married,aug,198,nonexistent,2
1,26,cellular,wed,0,no,4790,basic.9y,-2,no,services,no,married,aug,198,nonexistent,2
0,31,telephone,thu,1,unknown,4805,high.school,-1,unknown,student,unknown,married,apr,197,nonexistent,3
1,31,telephone,thu,1,unknown,4805,high.school,-1,unknown,student,unknown,married,apr,197,nonexistent,3
0,30,cellular,wed,0,no,4712,basic.9y,-2,no,services,no,married,feb,198,nonexistent,2
1,30,cellular,wed,0,no,4712,basic.9y,-2,no,services,no,married,feb,198,nonexistent,2
0,29,telephone,thu,1,unknown,4766,high.school,-1,unknown,student,unknown,married,oct,191,nonexistent,3
1,29,telephone,thu,1,unknown,4766,high.school,-1,unknown,student,unknown,married,oct,191,nonexistent,3
0,31,telephone,thu,1,unknown,4766,high.school,-1,unknown,student,unknown,married,apr,191,nonexistent,3
1,31,telephone,thu,1,unknown,4766,high.school,-1,unknown,student,unknown,married,apr,191,nonexistent,3
0,28,telephone,fri,1,unknown,4742,illiterate,-1,unknown,technician,unknown,married,apr,192,nonexistent,4
1,28,telephone,fri,1,unknown,4742,illiterate,-1,unknown,technician,unknown,married,apr,192,nonexistent,4
0,30,cellular,wed,1,no,4735,basic.9y,-2,no,blue-collar,no,married,aug,198,nonexistent,2
1,30,cellular,wed,1,no,4735,basic.9y,-2,no,blue-collar,no,married,aug,198,nonexistent,2
0,31,telephone,fri,1,unknown,4781,illiterate,-1,unknown,housemaid,unknown,married,apr,200,nonexistent,4
1,31,telephone,fri,1,unknown,4781,illiterate,-1,unknown,housemaid,unknown,married,apr,200,nonexistent,4
0,28,telephone,fri,1,unknown,4742,illiterate,-1,unknown,housemaid,unknown,married,apr,200,nonexistent,4
1,28,telephone,fri,1,unknown,4742,illiterate,-1,unknown,housemaid,unknown,married,apr,200,nonexistent,4
0,30,telephone,(null),1,unknown,4812,professional.course,0,unknown,management,unknown,single,oct,193,success,5
1,30,telephone,(null),1,unknown,4812,professional.course,0,unknown,management,unknown,single,oct,193,success,5
0,30,cellular,mon,0,no,4533,basic.4y,-3,no,admin.,no,divorced,jan,204,failure,0
1,30,cellular,mon,0,no,4533,basic.4y,-3,no,admin.,no,divorced,jan,204,failure,0
0,26,cellular,mon,1,no,4611,basic.4y,-3,no,self-employed,no,divorced,jul,196,failure,0
1,26,cellular,mon,1,no,4611,basic.4y,-3,no,self-employed,no,divorced,jul,196,failure,0
0,30,cellular,tue,0,no,4618,basic.6y,-3,no,self-employed,no,divorced,jan,196,failure,0
1,30,cellular,tue,0,no,4618,basic.6y,-3,no,self-employed,no,divorced,jan,196,failure,0
0,26,cellular,tue,0,no,4540,basic.6y,-3,no,self-employed,no,divorced,jan,196,failure,0
1,26,cellular,tue,0,no,4540,basic.6y,-3,no,self-employed,no,divorced,jan,196,failure,0
0,30,cellular,mon,0,no,4533,basic.4y,-3,no,self-employed,no,divorced,jan,188,failure,0
1,30,cellular,mon,0,no,4533,basic.4y,-3,no,self-employed,no,divorced,jan,188,failure,0
0,26,cellular,wed,0,no,4556,basic.9y,-2,no,services,no,married,feb,192,nonexistent,2
1,26,cellular,wed,0,no,4556,basic.9y,-2,no,services,no,married,feb,192,nonexistent,2
0,30,cellular,tue,0,no,4618,basic.6y,-3,no,admin.,no,divorced,jul,196,failure,0
1,30,cellular,tue,0,no,4618,basic.6y,-3,no,admin.,no,divorced,jul,196,failure,0
0,26,cellular,tue,0,no,4626,basic.6y,-3,no,housemaid,no,divorced,aug,197,failure,1
1,26,cellular,tue,0,no,4626,basic.6y,-3,no,housemaid,no,divorced,aug,197,failure,1
0,27,cellular,wed,0,no,4641,basic.9y,-2,no,blue-collar,no,married,sep,198,nonexistent,2
1,27,cellular,wed,0,no,4641,basic.9y,-2,no,blue-collar,no,married,sep,198,nonexistent,2
0,30,cellular,tue,1,no,4548,basic.6y,-3,no,admin.,no,divorced,jan,196,failure,0
1,30,cellular,tue,1,no,4548,basic.6y,-3,no,admin.,no,divorced,jan,196,failure,0
0,30,cellular,mon,0,no,4533,basic.4y,-3,no,admin.,no,divorced,jul,188,failure,0
1,30,cellular,mon,0,no,4533,basic.4y,-3,no,admin.,no,divorced,jul,188,failure,0
0,30,telephone,fri,1,unknown,4641,illiterate,-1,unknown,housemaid,unknown,married,apr,192,nonexistent,4
1,30,telephone,fri,1,unknown,4641,illiterate,-1,unknown,housemaid,unknown,married,apr,192,nonexistent,4
0,27,cellular,wed,1,no,4422,basic.9y,-2,no,blue-collar,no,married,apr,192,nonexistent,2
1,27,cellular,wed,1,no,4422,basic.9y,-2,no,blue-collar,no,married,apr,192,nonexistent,2
0,26,cellular,mon,1,no,4298,basic.4y,-3,no,admin.,no,divorced,jan,196,failure,0
1,26,cellular,mon,1,no,4298,basic.4y,-3,no,admin.,no,divorced,jan,196,failure,0
0,14,cellular,mon,1,no,4923,basic.4y,-3,no,technician,no,divorced,jan,219,failure,0
1,14,cellular,mon,1,no,4923,basic.4y,-3,no,technician,no,divorced,jan,219,failure,0
0,16,cellular,tue,0,no,4938,illiterate,-3,no,housemaid,no,divorced,feb,220,failure,1
1,16,cellular,tue,0,no,4938,illiterate,-3,no,housemaid,no,divorced,feb,220,failure,1
0,18,cellular,wed,1,no,4953,professional.course,-2,no,blue-collar,no,married,mar,221,nonexistent,2
1,18,cellular,wed,1,no,4953,professional.course,-2,no,blue-collar,no,married,mar,221,nonexistent,2
0,19,telephone,thu,0,unknown,4961,basic.9y,-1,unknown,blue-collar,unknown,married,apr,224,nonexistent,3
1,19,telephone,thu,0,unknown,4961,basic.9y,-1,unknown,blue-collar,unknown,married,apr,224,nonexistent,3
0,17,cellular,wed,0,no,4868,basic.6y,-2,no,blue-collar,no,married,feb,223,nonexistent,2
1,17,cellular,wed,0,no,4868,basic.6y,-2,no,blue-collar,no,married,feb,223,nonexistent,2
0,15,cellular,tue,0,no,4774,basic.4y,-3,no,admin.,no,divorced,jan,223,failure,0
1,15,cellular,tue,0,no,4774,basic.4y,-3,no,admin.,no,divorced,jan,223,failure,0
0,1,cellular,mon,0,no,4923,basic.4y,-3,no,admin.,no,divorced,jan,239,failure,0
1,1,cellular,mon,0,no,4923,basic.4y,-3,no,admin.,no,divorced,jan,239,failure,0
0,3,cellular,tue,1,no,4938,basic.6y,-3,no,admin.,no,divorced,feb,235,failure,1
1,3,cellular,tue,1,no,4938,basic.6y,-3,no,admin.,no,divorced,feb,235,failure,1
0,2,cellular,tue,0,no,4930,basic.6y,-3,no,self-employed,no,divorced,jan,227,failure,0
1,2,cellular,tue,0,no,4930,basic.6y,-3,no,self-employed,no,divorced,jan,227,failure,0
0,2,cellular,tue,0,no,4852,basic.4y,-3,no,admin.,no,divorced,jul,227,failure,0
1,2,cellular,tue,0,no,4852,basic.4y,-3,no,admin.,no,divorced,jul,227,failure,0
0,5,cellular,wed,0,no,4953,professional.course,-2,no,blue-collar,no,married,mar,228,nonexistent,2
1,5,cellular,wed,0,no,4953,professional.course,-2,no,blue-collar,no,married,mar,228,nonexistent,2
0,4,cellular,wed,1,no,4868,basic.9y,-2,no,blue-collar,no,married,feb,229,nonexistent,2
1,4,cellular,wed,1,no,4868,basic.9y,-2,no,blue-collar,no,married,feb,229,nonexistent,2
0,1,cellular,mon,1,no,4923,illiterate,-3,no,self-employed,no,divorced,jul,219,failure,0
1,1,cellular,mon,1,no,4923,illiterate,-3,no,self-employed,no,divorced,jul,219,failure,0
0,2,cellular,tue,0,no,4852,illiterate,-3,no,self-employed,no,divorced,jan,219,failure,0
1,2,cellular,tue,0,no,4852,illiterate,-3,no,self-employed,no,divorced,jan,219,failure,0
0,3,cellular,tue,1,no,4938,illiterate,-3,no,housemaid,no,divorced,aug,220,failure,1
1,3,cellular,tue,1,no,4938,illiterate,-3,no,housemaid,no,divorced,aug,220,failure,1
0,7,telephone,thu,0,unknown,4961,basic.9y,-1,unknown,blue-collar,unknown,married,oct,224,nonexistent,3
1,7,telephone,thu,0,unknown,4961,basic.9y,-1,unknown,blue-collar,unknown,married,oct,224,nonexistent,3
0,9,telephone,fri,0,unknown,4976,basic.9y,-1,unknown,blue-collar,unknown,married,oct,221,nonexistent,4
1,9,telephone,fri,0,unknown,4976,basic.9y,-1,unknown,blue-collar,unknown,married,oct,221,nonexistent,4
0,3,cellular,tue,1,no,4860,basic.6y,-3,no,housemaid,no,divorced,aug,220,failure,1
1,3,cellular,tue,1,no,4860,basic.6y,-3,no,housemaid,no,divorced,aug,220,failure,1
0,4,cellular,wed,1,no,4868,basic.6y,-2,no,blue-collar,no,married,aug,223,nonexistent,2
1,4,cellular,wed,1,no,4868,basic.6y,-2,no,blue-collar,no,married,aug,223,nonexistent,2
0,8,telephone,fri,0,unknown,4891,basic.9y,-1,unknown,management,unknown,married,apr,220,nonexistent,4
1,8,telephone,fri,0,unknown,4891,basic.9y,-1,unknown,management,unknown,married,apr,220,nonexistent,4
0,8,telephone,fri,0,unknown,4891,illiterate,-1,unknown,blue-collar,unknown,married,apr,223,nonexistent,4
1,8,telephone,fri,0,unknown,4891,illiterate,-1,unknown,blue-collar,unknown,married,apr,223,nonexistent,4
0,2,cellular,tue,0,no,4696,basic.4y,-3,no,admin.,no,divorced,jul,219,failure,0
1,2,cellular,tue,0,no,4696,basic.4y,-3,no,admin.,no,divorced,jul,219,failure,0
0,3,cellular,tue,0,no,4782,basic.6y,-3,no,housemaid,no,divorced,feb,223,failure,1
1,3,cellular,tue,0,no,4782,basic.6y,-3,no,housemaid,no,divorced,feb,223,failure,1
0,5,cellular,wed,1,no,4797,basic.6y,-2,no,management,no,married,mar,220,nonexistent,2
1,5,cellular,wed,1,no,4797,basic.6y,-2,no,management,no,married,mar,220,nonexistent,2
0,3,cellular,tue,1,no,4782,illiterate,-3,no,admin.,no,divorced,feb,223,failure,1
1,3,cellular,tue,1,no,4782,illiterate,-3,no,admin.,no,divorced,feb,223,failure,1
0,1,cellular,mon,1,no,4689,basic.4y,-3,no,housemaid,no,divorced,jan,223,failure,0
1,1,cellular,mon,1,no,4689,basic.4y,-3,no,housemaid,no,divorced,jan,223,failure,0
0,3,cellular,tue,0,no,4704,basic.6y,-3,no,admin.,no,divorced,feb,223,failure,1
1,3,cellular,tue,0,no,4704,basic.6y,-3,no,admin.,no,divorced,feb,223,failure,1
0,1,cellular,mon,1,no,4611,illiterate,-3,no,admin.,no,divorced,jan,219,failure,0
1,1,cellular,mon,1,no,4611,illiterate,-3,no,admin.,no,divorced,jan,219,failure,0
0,18,cellular,wed,1,no,4953,basic.9y,-2,no,student,no,married,mar,214,nonexistent,2
1,18,cellular,wed,1,no,4953,basic.9y,-2,no,student,no,married,mar,214,nonexistent,2
0,16,cellular,tue,1,no,4860,basic.6y,-3,no,self-employed,no,divorced,feb,216,failure,1
1,16,cellular,tue,1,no,4860,basic.6y,-3,no,self-employed,no,divorced,feb,216,failure,1
0,18,cellular,wed,1,no,4875,basic.6y,-2,no,services,no,married,mar,213,nonexistent,2
1,18,cellular,wed,1,no,4875,basic.6y,-2,no,services,no,married,mar,213,nonexistent,2
0,20,telephone,fri,0,unknown,4969,basic.9y,-1,unknown,student,unknown,married,oct,205,nonexistent,4
1,20,telephone,fri,0,unknown,4969,basic.9y,-1,unknown,student,unknown,married,oct,205,nonexistent,4
0,20,telephone,fri,1,unknown,4969,professional.course,-1,unknown,services,unknown,married,apr,209,nonexistent,4
1,20,telephone,fri,1,unknown,4969,professional.course,-1,unknown,services,unknown,married,apr,209,nonexistent,4
0,21,telephone,fri,0,unknown,4976,basic.9y,-1,unknown,technician,unknown,married,apr,210,nonexistent,4
1,21,telephone,fri,0,unknown,4976,basic.9y,-1,unknown,technician,unknown,married,apr,210,nonexistent,4
0,18,cellular,wed,0,no,4875,professional.course,-2,no,technician,no,married,mar,205,nonexistent,2
1,18,cellular,wed,0,no,4875,professional.course,-2,no,technician,no,married,mar,205,nonexistent,2
0,20,telephone,fri,0,unknown,4891,basic.9y,-1,unknown,student,unknown,married,apr,208,nonexistent,4
1,20,telephone,fri,0,unknown,4891,basic.9y,-1,unknown,student,unknown,married,apr,208,nonexistent,4
0,18,cellular,wed,0,no,4906,basic.9y,-2,no,entrepreneur,no,married,sep,214,nonexistent,2
1,18,cellular,wed,0,no,4906,basic.9y,-2,no,entrepreneur,no,married,sep,214,nonexistent,2
0,22,telephone,(null),0,unknown,4984,professional.course,0,unknown,entrepreneur,unknown,single,may,216,success,5
1,22,telephone,(null),0,unknown,4984,professional.course,0,unknown,entrepreneur,unknown,single,may,216,success,5
0,21,telephone,fri,0,unknown,4898,basic.9y,-1,unknown,blue-collar,unknown,married,apr,217,nonexistent,4
1,21,telephone,fri,0,unknown,4898,basic.9y,-1,unknown,blue-collar,unknown,married,apr,217,nonexistent,4
0,19,telephone,thu,1,unknown,4961,professional.course,-1,unknown,management,unknown,married,oct,209,nonexistent,3
1,19,telephone,thu,1,unknown,4961,professional.course,-1,unknown,management,unknown,married,oct,209,nonexistent,3
0,22,telephone,(null),0,unknown,4984,university.degree,0,unknown,entrepreneur,unknown,single,nov,209,success,5
1,22,telephone,(null),0,unknown,4984,university.degree,0,unknown,entrepreneur,unknown,single,nov,209,success,5
0,20,telephone,fri,1,unknown,4891,basic.9y,-1,unknown,management,unknown,married,oct,208,nonexistent,4
1,20,telephone,fri,1,unknown,4891,basic.9y,-1,unknown,management,unknown,married,oct,208,nonexistent,4
0,23,telephone,(null),1,unknown,4984,professional.course,0,unknown,management,unknown,single,may,210,success,6
1,23,telephone,(null),1,unknown,4984,professional.course,0,unknown,management,unknown,single,may,210,success,6
0,14,cellular,mon,1,no,4689,basic.4y,-3,no,self-employed,no,divorced,jan,212,failure,0
1,14,cellular,mon,1,no,4689,basic.4y,-3,no,self-employed,no,divorced,jan,212,failure,0
0,15,cellular,tue,0,no,4696,basic.4y,-3,no,self-employed,no,divorced,jul,204,failure,0
1,15,cellular,tue,0,no,4696,basic.4y,-3,no,self-employed,no,divorced,jul,204,failure,0
0,18,cellular,wed,1,no,4797,basic.9y,-2,no,student,no,married,mar,206,nonexistent,2
1,18,cellular,wed,1,no,4797,basic.9y,-2,no,student,no,married,mar,206,nonexistent,2
0,16,cellular,tue,1,no,4704,basic.6y,-3,no,technician,no,divorced,feb,204,failure,1
1,16,cellular,tue,1,no,4704,basic.6y,-3,no,technician,no,divorced,feb,204,failure,1
0,15,cellular,tue,0,no,4774,basic.4y,-3,no,housemaid,no,divorced,jul,212,failure,0
1,15,cellular,tue,0,no,4774,basic.4y,-3,no,housemaid,no,divorced,jul,212,failure,0
0,15,cellular,tue,0,no,4774,illiterate,-3,no,admin.,no,divorced,jul,212,failure,0
1,15,cellular,tue,0,no,4774,illiterate,-3,no,admin.,no,divorced,jul,212,failure,0
0,17,cellular,wed,1,no,4790,basic.6y,-2,no,blue-collar,no,married,aug,213,nonexistent,2
1,17,cellular,wed,1,no,4790,basic.6y,-2,no,blue-collar,no,married,aug,213,nonexistent,2
0,19,telephone,thu,1,unknown,4805,high.school,-1,unknown,blue-collar,unknown,married,apr,215,nonexistent,3
1,19,telephone,thu,1,unknown,4805,high.school,-1,unknown,blue-collar,unknown,married,apr,215,nonexistent,3
0,17,cellular,wed,1,no,4712,basic.9y,-2,no,blue-collar,no,married,feb,213,nonexistent,2
1,17,cellular,wed,1,no,4712,basic.9y,-2,no,blue-collar,no,married,feb,213,nonexistent,2
0,17,cellular,wed,1,no,4790,professional.course,-2,no,management,no,married,aug,204,nonexistent,2
1,17,cellular,wed,1,no,4790,professional.course,-2,no,management,no,married,aug,204,nonexistent,2
0,23,telephone,(null),0,unknown,4836,university.degree,0,unknown,entrepreneur,unknown,single,may,206,success,6
1,23,telephone,(null),0,unknown,4836,university.degree,0,unknown,entrepreneur,unknown,single,may,206,success,6
0,23,telephone,(null),1,unknown,4836,high.school,0,unknown,entrepreneur,unknown,single,may,210,success,6
1,23,telephone,(null),1,unknown,4836,high.school,0,unknown,entrepreneur,unknown,single,may,210,success,6
0,20,telephone,fri,0,unknown,4969,professional.course,-1,unknown,student,unknown,married,oct,201,nonexistent,4
1,20,telephone,fri,0,unknown,4969,professional.course,-1,unknown,student,unknown,married,oct,201,nonexistent,4
0,23,telephone,(null),0,unknown,4992,high.school,0,unknown,student,unknown,single,nov,202,success,6
1,23,telephone,(null),0,unknown,4992,high.school,0,unknown,student,unknown,single,nov,202,success,6
0,19,telephone,thu,0,unknown,4883,professional.course,-1,unknown,unemployed,unknown,married,oct,197,nonexistent,3
1,19,telephone,thu,0,unknown,4883,professional.course,-1,unknown,unemployed,unknown,married,oct,197,nonexistent,3
0,19,telephone,thu,1,unknown,4883,basic.9y,-1,unknown,unemployed,unknown,married,oct,201,nonexistent,3
1,19,telephone,thu,1,unknown,4883,basic.9y,-1,unknown,unemployed,unknown,married,oct,201,nonexistent,3
0,21,telephone,fri,0,unknown,4898,basic.9y,-1,unknown,services,unknown,married,oct,202,nonexistent,4
1,21,telephone,fri,0,unknown,4898,basic.9y,-1,unknown,services,unknown,married,oct,202,nonexistent,4
0,22,telephone,(null),0,unknown,4906,professional.course,0,unknown,technician,unknown,single,may,201,success,5
1,22,telephone,(null),0,unknown,4906,professional.course,0,unknown,technician,unknown,single,may,201,success,5
0,19,telephone,thu,0,unknown,4766,high.school,-1,unknown,student,unknown,married,jul,199,nonexistent,3
1,19,telephone,thu,0,unknown,4766,high.school,-1,unknown,student,unknown,married,jul,199,nonexistent,3
0,22,telephone,(null),1,unknown,4828,university.degree,0,unknown,technician,unknown,single,nov,190,success,5
1,22,telephone,(null),1,unknown,4828,university.degree,0,unknown,technician,unknown,single,nov,190,success,5
0,20,telephone,fri,0,unknown,4735,illiterate,-1,unknown,student,unknown,married,oct,192,nonexistent,4
1,20,telephone,fri,0,unknown,4735,illiterate,-1,unknown,student,unknown,married,oct,192,nonexistent,4
0,23,telephone,(null),0,unknown,4758,university.degree,0,unknown,unemployed,unknown,single,may,190,success,6
1,23,telephone,(null),0,unknown,4758,university.degree,0,unknown,unemployed,unknown,single,may,190,success,6
0,23,telephone,(null),1,unknown,4758,high.school,0,unknown,unemployed,unknown,single,may,194,success,6
1,23,telephone,(null),1,unknown,4758,high.school,0,unknown,unemployed,unknown,single,may,194,success,6
0,20,telephone,fri,1,unknown,4735,illiterate,-1,unknown,housemaid,unknown,married,oct,200,nonexistent,4
1,20,telephone,fri,1,unknown,4735,illiterate,-1,unknown,housemaid,unknown,married,oct,200,nonexistent,4
0,22,telephone,(null),0,unknown,4750,university.degree,0,unknown,retired,unknown,single,nov,193,success,5
1,22,telephone,(null),0,unknown,4750,university.degree,0,unknown,retired,unknown,single,nov,193,success,5
0,20,cellular,tue,1,no,4618,basic.6y,-3,no,admin.,no,divorced,jan,212,failure,0
1,20,cellular,tue,1,no,4618,basic.6y,-3,no,admin.,no,divorced,jan,212,failure,0
0,20,cellular,tue,1,no,4626,basic.6y,-3,no,admin.,no,divorced,aug,205,failure,1
1,20,cellular,tue,1,no,4626,basic.6y,-3,no,admin.,no,divorced,aug,205,failure,1
0,21,cellular,wed,0,no,4634,professional.course,-2,no,blue-collar,no,married,feb,206,nonexistent,2
1,21,cellular,wed,0,no,4634,professional.course,-2,no,blue-collar,no,married,feb,206,nonexistent,2
0,20,cellular,tue,0,no,4540,basic.4y,-3,no,housemaid,no,divorced,jan,204,failure,0
1,20,cellular,tue,0,no,4540,basic.4y,-3,no,housemaid,no,divorced,jan,204,failure,0
0,20,cellular,tue,0,no,4540,illiterate,-3,no,admin.,no,divorced,jan,204,failure,0
1,20,cellular,tue,0,no,4540,illiterate,-3,no,admin.,no,divorced,jan,204,failure,0
0,15,cellular,wed,0,no,4634,basic.9y,-2,no,blue-collar,no,married,aug,206,nonexistent,2
1,15,cellular,wed,0,no,4634,basic.9y,-2,no,blue-collar,no,married,aug,206,nonexistent,2
0,15,cellular,wed,1,no,4563,basic.9y,-2,no,blue-collar,no,married,mar,206,nonexistent,2
1,15,cellular,wed,1,no,4563,basic.9y,-2,no,blue-collar,no,married,mar,206,nonexistent,2
0,14,cellular,tue,1,no,4470,basic.6y,-3,no,blue-collar,no,divorced,feb,205,failure,1
1,14,cellular,tue,1,no,4470,basic.6y,-3,no,blue-collar,no,divorced,feb,205,failure,1
0,21,cellular,wed,1,no,4641,basic.6y,-2,no,student,no,married,mar,198,nonexistent,2
1,21,cellular,wed,1,no,4641,basic.6y,-2,no,student,no,married,mar,198,nonexistent,2
0,23,telephone,fri,0,unknown,4664,professional.course,-1,unknown,technician,unknown,married,apr,190,nonexistent,4
1,23,telephone,fri,0,unknown,4664,professional.course,-1,unknown,technician,unknown,married,apr,190,nonexistent,4
0,24,telephone,(null),0,unknown,4680,high.school,0,unknown,unemployed,unknown,single,may,190,success,6
1,24,telephone,(null),0,unknown,4680,high.school,0,unknown,unemployed,unknown,single,may,190,success,6
0,21,cellular,wed,0,no,4563,professional.course,-2,no,student,no,married,mar,190,nonexistent,2
1,21,cellular,wed,0,no,4563,professional.course,-2,no,student,no,married,mar,190,nonexistent,2
0,23,telephone,fri,0,unknown,4586,basic.9y,-1,unknown,technician,unknown,married,apr,190,nonexistent,4
1,23,telephone,fri,0,unknown,4586,basic.9y,-1,unknown,technician,unknown,married,apr,190,nonexistent,4
0,24,telephone,(null),1,unknown,4680,high.school,0,unknown,entrepreneur,unknown,single,may,202,success,6
1,24,telephone,(null),1,unknown,4680,high.school,0,unknown,entrepreneur,unknown,single,may,202,success,6
0,23,telephone,(null),1,unknown,4672,university.degree,0,unknown,entrepreneur,unknown,single,nov,193,success,5
1,23,telephone,(null),1,unknown,4672,university.degree,0,unknown,entrepreneur,unknown,single,nov,193,success,5
0,22,telephone,fri,1,unknown,4579,professional.course,-1,unknown,blue-collar,unknown,married,oct,192,nonexistent,4
1,22,telephone,fri,1,unknown,4579,professional.course,-1,unknown,blue-collar,unknown,married,oct,192,nonexistent,4
0,23,telephone,(null),1,unknown,4594,basic.9y,0,unknown,entrepreneur,unknown,single,nov,193,success,5
1,23,telephone,(null),1,unknown,4594,basic.9y,0,unknown,entrepreneur,unknown,single,nov,193,success,5
0,24,telephone,(null),0,unknown,4680,university.degree,0,unknown,retired,unknown,single,may,194,success,6
1,24,telephone,(null),0,unknown,4680,university.degree,0,unknown,retired,unknown,single,may,194,success,6
0,23,telephone,fri,0,unknown,4586,professional.course,-1,unknown,management,unknown,married,apr,192,nonexistent,4
1,23,telephone,fri,0,unknown,4586,professional.course,-1,unknown,management,unknown,married,apr,192,nonexistent,4
0,20,cellular,tue,0,no,4407,basic.6y,-3,no,services,no,divorced,mar,189,failure,1
1,20,cellular,tue,0,no,4407,basic.6y,-3,no,services,no,divorced,mar,189,failure,1
0,20,cellular,mon,0,no,4455,basic.4y,-3,no,housemaid,no,divorced,jul,196,failure,0
1,20,cellular,mon,0,no,4455,basic.4y,-3,no,housemaid,no,divorced,jul,196,failure,0
0,20,cellular,tue,0,no,4383,basic.6y,-3,no,housemaid,no,divorced,jan,196,failure,0
1,20,cellular,tue,0,no,4383,basic.6y,-3,no,housemaid,no,divorced,jan,196,failure,0
0,20,cellular,tue,1,no,4391,basic.6y,-3,no,housemaid,no,divorced,aug,189,failure,1
1,20,cellular,tue,1,no,4391,basic.6y,-3,no,housemaid,no,divorced,aug,189,failure,1
0,20,cellular,tue,1,no,4391,illiterate,-3,no,admin.,no,divorced,aug,189,failure,1
1,20,cellular,tue,1,no,4391,illiterate,-3,no,admin.,no,divorced,aug,189,failure,1
0,22,telephone,fri,0,unknown,4501,illiterate,-1,unknown,management,unknown,married,apr,192,nonexistent,4
1,22,telephone,fri,0,unknown,4501,illiterate,-1,unknown,management,unknown,married,apr,192,nonexistent,4
0,21,cellular,wed,0,no,4399,professional.course,-2,no,management,no,married,feb,190,nonexistent,2
1,21,cellular,wed,0,no,4399,professional.course,-2,no,management,no,married,feb,190,nonexistent,2
0,14,cellular,tue,0,no,4548,basic.6y,-3,no,self-employed,no,divorced,jul,196,failure,0
1,14,cellular,tue,0,no,4548,basic.6y,-3,no,self-employed,no,divorced,jul,196,failure,0
0,14,cellular,tue,1,no,4626,illiterate,-3,no,services,no,divorced,feb,200,failure,1
1,14,cellular,tue,1,no,4626,illiterate,-3,no,services,no,divorced,feb,200,failure,1
0,15,cellular,wed,0,no,4634,professional.course,-2,no,services,no,married,aug,192,nonexistent,2
1,15,cellular,wed,0,no,4634,professional.course,-2,no,services,no,married,aug,192,nonexistent,2
0,16,telephone,fri,1,unknown,4657,basic.9y,-1,unknown,student,unknown,married,oct,192,nonexistent,4
1,16,telephone,fri,1,unknown,4657,basic.9y,-1,unknown,student,unknown,married,oct,192,nonexistent,4
0,15,cellular,wed,0,no,4563,basic.9y,-2,no,entrepreneur,no,married,sep,198,nonexistent,2
1,15,cellular,wed,0,no,4563,basic.9y,-2,no,entrepreneur,no,married,sep,198,nonexistent,2
0,18,telephone,(null),0,unknown,4680,professional.course,0,unknown,entrepreneur,unknown,single,may,202,success,6
1,18,telephone,(null),0,unknown,4680,professional.course,0,unknown,entrepreneur,unknown,single,may,202,success,6
0,18,telephone,(null),1,unknown,4602,professional.course,0,unknown,management,unknown,single,may,194,success,6
1,18,telephone,(null),1,unknown,4602,professional.course,0,unknown,management,unknown,single,may,194,success,6
0,14,cellular,mon,0,no,4455,illiterate,-3,no,self-employed,no,divorced,jan,196,failure,0
1,14,cellular,mon,0,no,4455,illiterate,-3,no,self-employed,no,divorced,jan,196,failure,0
0,14,cellular,tue,1,no,4470,basic.6y,-3,no,services,no,divorced,feb,197,failure,1
1,14,cellular,tue,1,no,4470,basic.6y,-3,no,services,no,divorced,feb,197,failure,1
0,15,cellular,wed,1,no,4422,basic.9y,-2,no,services,no,married,apr,190,nonexistent,2
1,15,cellular,wed,1,no,4422,basic.9y,-2,no,services,no,married,apr,190,nonexistent,2
0,15,cellular,wed,1,no,4438,basic.9y,-2,no,entrepreneur,no,married,mar,198,nonexistent,2
1,15,cellular,wed,1,no,4438,basic.9y,-2,no,entrepreneur,no,married,mar,198,nonexistent,2
0,15,cellular,wed,0,no,4399,basic.9y,-2,no,management,no,married,aug,190,nonexistent,2
1,15,cellular,wed,0,no,4399,basic.9y,-2,no,management,no,married,aug,190,nonexistent,2
0,5,cellular,wed,1,no,4953,basic.9y,-2,no,student,no,married,sep,214,nonexistent,2
1,5,cellular,wed,1,no,4953,basic.9y,-2,no,student,no,married,sep,214,nonexistent,2
0,8,cellular,mon,0,no,4845,basic.4y,-3,no,technician,no,divorced,jul,212,failure,0
1,8,cellular,mon,0,no,4845,basic.4y,-3,no,technician,no,divorced,jul,212,failure,0
0,3,cellular,wed,1,no,4875,basic.6y,-2,no,services,no,married,sep,214,nonexistent,2
1,3,cellular,wed,1,no,4875,basic.6y,-2,no,services,no,married,sep,214,nonexistent,2
0,9,telephone,fri,1,unknown,4976,basic.9y,-1,unknown,technician,unknown,married,apr,216,nonexistent,4
1,9,telephone,fri,1,unknown,4976,basic.9y,-1,unknown,technician,unknown,married,apr,216,nonexistent,4
0,2,cellular,wed,0,no,4868,professional.course,-2,no,technician,no,married,feb,213,nonexistent,2
1,2,cellular,wed,0,no,4868,professional.course,-2,no,technician,no,married,feb,213,nonexistent,2
0,8,telephone,fri,1,unknown,4937,illiterate,-1,unknown,student,unknown,married,oct,208,nonexistent,4
1,8,telephone,fri,1,unknown,4937,illiterate,-1,unknown,student,unknown,married,oct,208,nonexistent,4
0,10,telephone,(null),1,unknown,4906,basic.9y,0,unknown,technician,unknown,single,may,210,success,5
1,10,telephone,(null),1,unknown,4906,basic.9y,0,unknown,technician,unknown,single,may,210,success,5
0,9,telephone,fri,0,unknown,4953,illiterate,-1,unknown,housemaid,unknown,married,sep,216,nonexistent,4
1,9,telephone,fri,0,unknown,4953,illiterate,-1,unknown,housemaid,unknown,married,sep,216,nonexistent,4
0,9,telephone,fri,0,unknown,4898,professional.course,-1,unknown,management,unknown,married,oct,208,nonexistent,4
1,9,telephone,fri,0,unknown,4898,professional.course,-1,unknown,management,unknown,married,oct,208,nonexistent,4
0,11,telephone,(null),0,unknown,4914,university.degree,0,unknown,entrepreneur,unknown,single,nov,210,success,6
1,11,telephone,(null),0,unknown,4914,university.degree,0,unknown,entrepreneur,unknown,single,nov,210,success,6
0,1,cellular,tue,1,no,4696,illiterate,-3,no,self-employed,no,divorced,jan,212,failure,0
1,1,cellular,tue,1,no,4696,illiterate,-3,no,self-employed,no,divorced,jan,212,failure,0
0,2,cellular,tue,0,no,4696,basic.4y,-3,no,technician,no,divorced,jan,212,failure,0
1,2,cellular,tue,0,no,4696,basic.4y,-3,no,technician,no,divorced,jan,212,failure,0
0,5,cellular,wed,1,no,4797,basic.9y,-2,no,student,no,married,sep,206,nonexistent,2
1,5,cellular,wed,1,no,4797,basic.9y,-2,no,student,no,married,sep,206,nonexistent,2
0,3,cellular,tue,0,no,4704,illiterate,-3,no,self-employed,no,divorced,aug,204,failure,1
1,3,cellular,tue,0,no,4704,illiterate,-3,no,self-employed,no,divorced,aug,204,failure,1
0,7,telephone,thu,1,unknown,4805,high.school,-1,unknown,blue-collar,unknown,married,oct,215,nonexistent,3
1,7,telephone,thu,1,unknown,4805,high.school,-1,unknown,blue-collar,unknown,married,oct,215,nonexistent,3
0,10,telephone,(null),0,unknown,4828,university.degree,0,unknown,entrepreneur,unknown,single,may,214,success,5
1,10,telephone,(null),0,unknown,4828,university.degree,0,unknown,entrepreneur,unknown,single,may,214,success,5
0,4,cellular,wed,0,no,4712,professional.course,-2,no,management,no,married,feb,213,nonexistent,2
1,4,cellular,wed,0,no,4712,professional.course,-2,no,management,no,married,feb,213,nonexistent,2
0,5,cellular,wed,0,no,4719,professional.course,-2,no,blue-collar,no,married,mar,216,nonexistent,2
1,5,cellular,wed,0,no,4719,professional.course,-2,no,blue-collar,no,married,mar,216,nonexistent,2
0,9,telephone,fri,1,unknown,4820,basic.9y,-1,unknown,management,unknown,married,oct,208,nonexistent,4
1,9,telephone,fri,1,unknown,4820,basic.9y,-1,unknown,management,unknown,married,oct,208,nonexistent,4
0,9,telephone,fri,1,unknown,4742,illiterate,-1,unknown,management,unknown,married,apr,208,nonexistent,4
1,9,telephone,fri,1,unknown,4742,illiterate,-1,unknown,management,unknown,married,apr,208,nonexistent,4
0,11,telephone,(null),1,unknown,4992,university.degree,0,unknown,unemployed,unknown,single,nov,202,success,6
1,11,telephone,(null),1,unknown,4992,university.degree,0,unknown,unemployed,unknown,single,nov,202,success,6
0,9,telephone,fri,1,unknown,4742,professional.course,-1,unknown,technician,unknown,married,apr,200,nonexistent,4
1,9,telephone,fri,1,unknown,4742,professional.course,-1,unknown,technician,unknown,married,apr,200,nonexistent,4
0,11,telephone,(null),1,unknown,4836,university.degree,0,unknown,unemployed,unknown,single,nov,194,success,6
1,11,telephone,(null),1,unknown,4836,university.degree,0,unknown,unemployed,unknown,single,nov,194,success,6
0,10,telephone,(null),0,unknown,4750,professional.course,0,unknown,management,unknown,single,nov,201,success,5
1,10,telephone,(null),0,unknown,4750,professional.course,0,unknown,management,unknown,single,nov,201,success,5
0,3,cellular,tue,0,no,4626,basic.6y,-3,no,services,no,divorced,aug,204,failure,1
1,3,cellular,tue,0,no,4626,basic.6y,-3,no,services,no,divorced,aug,204,failure,1
0,2,cellular,tue,0,no,4618,illiterate,-3,no,self-employed,no,divorced,jan,208,failure,0
1,2,cellular,tue,0,no,4618,illiterate,-3,no,self-employed,no,divorced,jan,208,failure,0
0,5,cellular,wed,1,no,4641,basic.6y,-2,no,student,no,married,mar,206,nonexistent,2
1,5,cellular,wed,1,no,4641,basic.6y,-2,no,student,no,married,mar,206,nonexistent,2
0,8,telephone,fri,0,unknown,4657,basic.9y,-1,unknown,blue-collar,unknown,married,apr,213,nonexistent,4
1,8,telephone,fri,0,unknown,4657,basic.9y,-1,unknown,blue-collar,unknown,married,apr,213,nonexistent,4
0,5,cellular,wed,1,no,4563,basic.6y,-2,no,blue-collar,no,married,mar,213,nonexistent,2
1,5,cellular,wed,1,no,4563,basic.6y,-2,no,blue-collar,no,married,mar,213,nonexistent,2
0,7,telephone,thu,0,unknown,4649,high.school,-1,unknown,blue-collar,unknown,married,oct,207,nonexistent,3
1,7,telephone,thu,0,unknown,4649,high.school,-1,unknown,blue-collar,unknown,married,oct,207,nonexistent,3
0,8,telephone,fri,1,unknown,4657,professional.course,-1,unknown,blue-collar,unknown,married,apr,209,nonexistent,4
1,8,telephone,fri,1,unknown,4657,professional.course,-1,unknown,blue-collar,unknown,married,apr,209,nonexistent,4
0,10,telephone,(null),1,unknown,4672,basic.9y,0,unknown,entrepreneur,unknown,single,may,210,success,5
1,10,telephone,(null),1,unknown,4672,basic.9y,0,unknown,entrepreneur,unknown,single,may,210,success,5
0,2,cellular,tue,1,no,4462,basic.6y,-3,no,self-employed,no,divorced,jan,204,failure,0
1,2,cellular,tue,1,no,4462,basic.6y,-3,no,self-employed,no,divorced,jan,204,failure,0
0,1,cellular,mon,1,no,4455,basic.4y,-3,no,admin.,no,divorced,jan,216,failure,0
1,1,cellular,mon,1,no,4455,basic.4y,-3,no,admin.,no,divorced,jan,216,failure,0
0,2,cellular,tue,0,no,4462,basic.4y,-3,no,admin.,no,divorced,jul,208,failure,0
1,2,cellular,tue,0,no,4462,basic.4y,-3,no,admin.,no,divorced,jul,208,failure,0
0,4,cellular,wed,1,no,4478,basic.6y,-2,no,blue-collar,no,married,aug,204,nonexistent,2
1,4,cellular,wed,1,no,4478,basic.6y,-2,no,blue-collar,no,married,aug,204,nonexistent,2
0,2,cellular,tue,1,no,4383,basic.4y,-3,no,admin.,no,divorced,jul,204,failure,0
1,2,cellular,tue,1,no,4383,basic.4y,-3,no,admin.,no,divorced,jul,204,failure,0
0,4,cellular,wed,0,no,4422,basic.9y,-2,no,blue-collar,no,married,feb,206,nonexistent,2
1,4,cellular,wed,0,no,4422,basic.9y,-2,no,blue-collar,no,married,feb,206,nonexistent,2
0,3,cellular,tue,0,no,4626,illiterate,-3,no,technician,no,divorced,aug,196,failure,1
1,3,cellular,tue,0,no,4626,illiterate,-3,no,technician,no,divorced,aug,196,failure,1
0,1,cellular,mon,1,no,4533,illiterate,-3,no,self-employed,no,divorced,jul,200,failure,0
1,1,cellular,mon,1,no,4533,illiterate,-3,no,self-employed,no,divorced,jul,200,failure,0
0,9,telephone,fri,1,unknown,4664,basic.9y,-1,unknown,technician,unknown,married,apr,200,nonexistent,4
1,9,telephone,fri,1,unknown,4664,basic.9y,-1,unknown,technician,unknown,married,apr,200,nonexistent,4
0,5,cellular,wed,1,no,4563,professional.course,-2,no,student,no,married,mar,198,nonexistent,2
1,5,cellular,wed,1,no,4563,professional.course,-2,no,student,no,married,mar,198,nonexistent,2
0,9,telephone,fri,1,unknown,4641,illiterate,-1,unknown,technician,unknown,married,sep,192,nonexistent,4
1,9,telephone,fri,1,unknown,4641,illiterate,-1,unknown,technician,unknown,married,sep,192,nonexistent,4
0,9,telephone,fri,1,unknown,4641,illiterate,-1,unknown,housemaid,unknown,married,sep,200,nonexistent,4
1,9,telephone,fri,1,unknown,4641,illiterate,-1,unknown,housemaid,unknown,married,sep,200,nonexistent,4
0,11,telephone,(null),1,unknown,4680,university.degree,0,unknown,retired,unknown,single,nov,194,success,6
1,11,telephone,(null),1,unknown,4680,university.degree,0,unknown,retired,unknown,single,nov,194,success,6
0,4,cellular,wed,1,no,4478,professional.course,-2,no,services,no,married,feb,196,nonexistent,2
1,4,cellular,wed,1,no,4478,professional.course,-2,no,services,no,married,feb,196,nonexistent,2
0,2,cellular,tue,1,no,4383,illiterate,-3,no,self-employed,no,divorced,jan,196,failure,0
1,2,cellular,tue,1,no,4383,illiterate,-3,no,self-employed,no,divorced,jan,196,failure,0
0,5,cellular,wed,0,no,4485,basic.6y,-2,no,management,no,married,sep,198,nonexistent,2
1,5,cellular,wed,0,no,4485,basic.6y,-2,no,management,no,married,sep,198,nonexistent,2
0,7,telephone,thu,0,unknown,4493,professional.course,-1,unknown,blue-collar,unknown,married,oct,197,nonexistent,3
1,7,telephone,thu,0,unknown,4493,professional.course,-1,unknown,blue-collar,unknown,married,oct,197,nonexistent,3
0,7,telephone,thu,1,unknown,4493,basic.9y,-1,unknown,blue-collar,unknown,married,oct,201,nonexistent,3
1,7,telephone,thu,1,unknown,4493,basic.9y,-1,unknown,blue-collar,unknown,married,oct,201,nonexistent,3
0,9,telephone,fri,0,unknown,4508,illiterate,-1,unknown,blue-collar,unknown,married,apr,202,nonexistent,4
1,9,telephone,fri,0,unknown,4508,illiterate,-1,unknown,blue-collar,unknown,married,apr,202,nonexistent,4
0,7,telephone,thu,0,unknown,4415,basic.9y,-1,unknown,management,unknown,married,apr,199,nonexistent,3
1,7,telephone,thu,0,unknown,4415,basic.9y,-1,unknown,management,unknown,married,apr,199,nonexistent,3
0,8,telephone,fri,1,unknown,4422,illiterate,-1,unknown,blue-collar,unknown,married,apr,200,nonexistent,4
1,8,telephone,fri,1,unknown,4422,illiterate,-1,unknown,blue-collar,unknown,married,apr,200,nonexistent,4
0,3,cellular,tue,0,no,4470,illiterate,-3,no,services,no,divorced,aug,192,failure,1
1,3,cellular,tue,0,no,4470,illiterate,-3,no,services,no,divorced,aug,192,failure,1
0,4,cellular,wed,0,no,4399,basic.9y,-2,no,services,no,married,aug,190,nonexistent,2
1,4,cellular,wed,0,no,4399,basic.9y,-2,no,services,no,married,aug,190,nonexistent,2
0,10,telephone,(null),1,unknown,4516,basic.9y,0,unknown,unemployed,unknown,single,may,190,success,5
1,10,telephone,(null),1,unknown,4516,basic.9y,0,unknown,unemployed,unknown,single,may,190,success,5
0,7,telephone,thu,0,unknown,4415,basic.9y,-1,unknown,student,unknown,married,apr,193,nonexistent,3
1,7,telephone,thu,0,unknown,4415,basic.9y,-1,unknown,student,unknown,married,apr,193,nonexistent,3
0,7,telephone,thu,0,unknown,4415,high.school,-1,unknown,management,unknown,married,oct,191,nonexistent,3
1,7,telephone,thu,0,unknown,4415,high.school,-1,unknown,management,unknown,married,oct,191,nonexistent,3
0,8,telephone,fri,1,unknown,4422,professional.course,-1,unknown,management,unknown,married,apr,193,nonexistent,4
1,8,telephone,fri,1,unknown,4422,professional.course,-1,unknown,management,unknown,married,apr,193,nonexistent,4
0,10,telephone,(null),1,unknown,4438,basic.9y,0,unknown,retired,unknown,single,may,194,success,5
1,10,telephone,(null),1,unknown,4438,basic.9y,0,unknown,retired,unknown,single,may,194,success,5
0,15,cellular,wed,0,no,4321,basic.6y,-2,no,blue-collar,no,married,feb,198,nonexistent,2
1,15,cellular,wed,0,no,4321,basic.6y,-2,no,blue-collar,no,married,feb,198,nonexistent,2
0,14,cellular,tue,0,no,4235,basic.6y,-3,no,admin.,no,divorced,aug,189,failure,1
1,14,cellular,tue,0,no,4235,basic.6y,-3,no,admin.,no,divorced,aug,189,failure,1
0,15,cellular,wed,1,no,4328,basic.9y,-2,no,management,no,married,mar,190,nonexistent,2
1,15,cellular,wed,1,no,4328,basic.9y,-2,no,management,no,married,mar,190,nonexistent,2
0,1,cellular,mon,0,no,4298,basic.4y,-3,no,housemaid,no,divorced,jan,204,failure,0
1,1,cellular,mon,0,no,4298,basic.4y,-3,no,housemaid,no,divorced,jan,204,failure,0
0,2,cellular,tue,1,no,4227,basic.4y,-3,no,admin.,no,divorced,jul,196,failure,0
1,2,cellular,tue,1,no,4227,basic.4y,-3,no,admin.,no,divorced,jul,196,failure,0
0,3,cellular,tue,1,no,4313,basic.6y,-3,no,housemaid,no,divorced,feb,200,failure,1
1,3,cellular,tue,1,no,4313,basic.6y,-3,no,housemaid,no,divorced,feb,200,failure,1
0,3,cellular,tue,1,no,4313,illiterate,-3,no,admin.,no,divorced,feb,200,failure,1
1,3,cellular,tue,1,no,4313,illiterate,-3,no,admin.,no,divorced,feb,200,failure,1
0,3,cellular,tue,1,no,4235,basic.6y,-3,no,admin.,no,divorced,feb,200,failure,1
1,3,cellular,tue,1,no,4235,basic.6y,-3,no,admin.,no,divorced,feb,200,failure,1
0,4,cellular,wed,1,no,4321,professional.course,-2,no,blue-collar,no,married,aug,192,nonexistent,2
1,4,cellular,wed,1,no,4321,professional.course,-2,no,blue-collar,no,married,aug,192,nonexistent,2
0,8,telephone,fri,1,unknown,4344,basic.9y,-1,unknown,blue-collar,unknown,married,oct,192,nonexistent,4
1,8,telephone,fri,1,unknown,4344,basic.9y,-1,unknown,blue-collar,unknown,married,oct,192,nonexistent,4
0,2,cellular,tue,0,no,4227,basic.4y,-3,no,housemaid,no,divorced,jul,192,failure,0
1,2,cellular,tue,0,no,4227,basic.4y,-3,no,housemaid,no,divorced,jul,192,failure,0
0,4,cellular,wed,1,no,4243,basic.6y,-2,no,management,no,married,aug,188,nonexistent,2
1,4,cellular,wed,1,no,4243,basic.6y,-2,no,management,no,married,aug,188,nonexistent,2
0,8,telephone,fri,0,unknown,4312,illiterate,-1,unknown,housemaid,unknown,married,apr,192,nonexistent,4
1,8,telephone,fri,0,unknown,4312,illiterate,-1,unknown,housemaid,unknown,married,apr,192,nonexistent,4
0,1,cellular,mon,0,no,4064,basic.4y,-3,no,self-employed,no,divorced,jan,188,failure,0
1,1,cellular,mon,0,no,4064,basic.4y,-3,no,self-employed,no,divorced,jan,188,failure,0
0,2,cellular,tue,1,no,4079,basic.6y,-3,no,admin.,no,divorced,jul,188,failure,0
1,2,cellular,tue,1,no,4079,basic.6y,-3,no,admin.,no,divorced,jul,188,failure,0
0,3,cellular,tue,0,no,4157,illiterate,-3,no,housemaid,no,divorced,feb,188,failure,1
1,3,cellular,tue,0,no,4157,illiterate,-3,no,housemaid,no,divorced,feb,188,failure,1
0,33,cellular,mon,1,no,4845,basic.4y,-3,no,self-employed,no,divorced,jan,181,failure,0
1,33,cellular,mon,1,no,4845,basic.4y,-3,no,self-employed,no,divorced,jan,181,failure,0
0,33,cellular,tue,0,no,4938,basic.6y,-3,no,services,no,divorced,aug,174,failure,1
1,33,cellular,tue,0,no,4938,basic.6y,-3,no,services,no,divorced,aug,174,failure,1
0,33,cellular,tue,0,no,4860,basic.6y,-3,no,self-employed,no,divorced,jan,173,failure,0
1,33,cellular,tue,0,no,4860,basic.6y,-3,no,self-employed,no,divorced,jan,173,failure,0
0,33,cellular,tue,0,no,4875,basic.6y,-3,no,blue-collar,no,divorced,mar,175,failure,1
1,33,cellular,tue,0,no,4875,basic.6y,-3,no,blue-collar,no,divorced,mar,175,failure,1
0,33,cellular,mon,0,no,4689,basic.4y,-3,no,admin.,no,divorced,jan,173,failure,0
1,33,cellular,mon,0,no,4689,basic.4y,-3,no,admin.,no,divorced,jan,173,failure,0
0,31,telephone,(null),0,unknown,4984,professional.course,0,unknown,unemployed,unknown,single,nov,186,success,6
1,31,telephone,(null),0,unknown,4984,professional.course,0,unknown,unemployed,unknown,single,nov,186,success,6
0,32,telephone,(null),1,unknown,4906,professional.course,0,unknown,technician,unknown,single,may,185,success,5
1,32,telephone,(null),1,unknown,4906,professional.course,0,unknown,technician,unknown,single,may,185,success,5
0,32,telephone,(null),1,unknown,4984,professional.course,0,unknown,unemployed,unknown,single,nov,179,success,6
1,32,telephone,(null),1,unknown,4984,professional.course,0,unknown,unemployed,unknown,single,nov,179,success,6
0,32,telephone,(null),1,unknown,4906,professional.course,0,unknown,management,unknown,single,nov,184,success,5
1,32,telephone,(null),1,unknown,4906,professional.course,0,unknown,management,unknown,single,nov,184,success,5
0,30,cellular,wed,1,no,4735,basic.9y,-2,no,services,no,married,aug,182,nonexistent,2
1,30,cellular,wed,1,no,4735,basic.9y,-2,no,services,no,married,aug,182,nonexistent,2
0,28,telephone,(null),0,unknown,4828,professional.course,0,unknown,unemployed,unknown,single,nov,186,success,6
1,28,telephone,(null),0,unknown,4828,professional.course,0,unknown,unemployed,unknown,single,nov,186,success,6
0,31,telephone,fri,1,unknown,4781,illiterate,-1,unknown,student,unknown,married,apr,184,nonexistent,4
1,31,telephone,fri,1,unknown,4781,illiterate,-1,unknown,student,unknown,married,apr,184,nonexistent,4
0,30,telephone,(null),1,unknown,4812,professional.course,0,unknown,technician,unknown,single,oct,178,success,5
1,30,telephone,(null),1,unknown,4812,professional.course,0,unknown,technician,unknown,single,oct,178,success,5
0,31,telephone,fri,1,unknown,4781,illiterate,-1,unknown,housemaid,unknown,married,oct,184,nonexistent,4
1,31,telephone,fri,1,unknown,4781,illiterate,-1,unknown,housemaid,unknown,married,oct,184,nonexistent,4
0,31,telephone,(null),1,unknown,4828,professional.course,0,unknown,management,unknown,single,may,186,success,6
1,31,telephone,(null),1,unknown,4828,professional.course,0,unknown,management,unknown,single,may,186,success,6
0,31,telephone,(null),1,unknown,4828,professional.course,0,unknown,management,unknown,single,nov,179,success,6
1,31,telephone,(null),1,unknown,4828,professional.course,0,unknown,management,unknown,single,nov,179,success,6
0,35,cellular,tue,0,no,4860,basic.6y,-3,no,blue-collar,no,divorced,feb,158,failure,0
1,35,cellular,tue,0,no,4860,basic.6y,-3,no,blue-collar,no,divorced,feb,158,failure,0
0,33,telephone,fri,0,unknown,4937,illiterate,-1,unknown,self-employed,unknown,married,aug,165,nonexistent,4
1,33,telephone,fri,0,unknown,4937,illiterate,-1,unknown,self-employed,unknown,married,aug,165,nonexistent,4
0,33,cellular,mon,0,no,4689,basic.4y,-3,no,self-employed,no,divorced,jan,157,failure,0
1,33,cellular,mon,0,no,4689,basic.4y,-3,no,self-employed,no,divorced,jan,157,failure,0
0,33,cellular,tue,1,no,4704,basic.6y,-3,no,admin.,no,divorced,feb,158,failure,0
1,33,cellular,tue,1,no,4704,basic.6y,-3,no,admin.,no,divorced,feb,158,failure,0
0,32,telephone,(null),1,unknown,4906,professional.course,0,unknown,technician,unknown,single,nov,168,success,5
1,32,telephone,(null),1,unknown,4906,professional.course,0,unknown,technician,unknown,single,nov,168,success,5
0,31,telephone,(null),0,unknown,4812,professional.course,0,unknown,student,unknown,single,oct,168,success,5
1,31,telephone,(null),0,unknown,4812,professional.course,0,unknown,student,unknown,single,oct,168,success,5
0,29,telephone,fri,1,unknown,4625,illiterate,-1,unknown,student,unknown,married,aug,181,nonexistent,4
1,29,telephone,fri,1,unknown,4625,illiterate,-1,unknown,student,unknown,married,aug,181,nonexistent,4
0,30,telephone,fri,0,unknown,4641,illiterate,-1,unknown,housemaid,unknown,married,sep,182,nonexistent,4
1,30,telephone,fri,0,unknown,4641,illiterate,-1,unknown,housemaid,unknown,married,sep,182,nonexistent,4
0,26,cellular,wed,0,no,4478,basic.9y,-2,no,services,no,married,aug,182,nonexistent,2
1,26,cellular,wed,0,no,4478,basic.9y,-2,no,services,no,married,aug,182,nonexistent,2
0,30,cellular,mon,0,no,4455,illiterate,-3,no,self-employed,no,divorced,jan,181,failure,0
1,30,cellular,mon,0,no,4455,illiterate,-3,no,self-employed,no,divorced,jan,181,failure,0
0,27,cellular,wed,0,no,4407,basic.9y,-2,no,student,no,married,mar,183,nonexistent,2
1,27,cellular,wed,0,no,4407,basic.9y,-2,no,student,no,married,mar,183,nonexistent,2
0,27,telephone,fri,0,unknown,4501,illiterate,-1,unknown,student,unknown,married,oct,177,nonexistent,4
1,27,telephone,fri,0,unknown,4501,illiterate,-1,unknown,student,unknown,married,oct,177,nonexistent,4
0,29,telephone,thu,1,unknown,4454,high.school,-1,unknown,student,unknown,married,apr,176,nonexistent,3
1,29,telephone,thu,1,unknown,4454,high.school,-1,unknown,student,unknown,married,apr,176,nonexistent,3
0,29,telephone,thu,0,unknown,4454,high.school,-1,unknown,housemaid,unknown,married,jul,184,nonexistent,3
1,29,telephone,thu,0,unknown,4454,high.school,-1,unknown,housemaid,unknown,married,jul,184,nonexistent,3
0,29,telephone,thu,0,unknown,4454,high.school,-1,unknown,housemaid,unknown,married,oct,176,nonexistent,3
1,29,telephone,thu,0,unknown,4454,high.school,-1,unknown,housemaid,unknown,married,oct,176,nonexistent,3
0,29,telephone,fri,1,unknown,4469,illiterate,-1,unknown,housemaid,unknown,married,apr,177,nonexistent,4
1,29,telephone,fri,1,unknown,4469,illiterate,-1,unknown,housemaid,unknown,married,apr,177,nonexistent,4
0,33,cellular,mon,1,no,4611,basic.4y,-3,no,admin.,no,divorced,jan,157,failure,0
1,33,cellular,mon,1,no,4611,basic.4y,-3,no,admin.,no,divorced,jan,157,failure,0
0,30,telephone,fri,1,unknown,4641,illiterate,-1,unknown,technician,unknown,married,sep,167,nonexistent,4
1,30,telephone,fri,1,unknown,4641,illiterate,-1,unknown,technician,unknown,married,sep,167,nonexistent,4
0,30,telephone,(null),0,unknown,4656,professional.course,0,unknown,management,unknown,single,oct,168,success,5
1,30,telephone,(null),0,unknown,4656,professional.course,0,unknown,management,unknown,single,oct,168,success,5
0,29,telephone,thu,1,unknown,4454,high.school,-1,unknown,student,unknown,married,jul,168,nonexistent,3
1,29,telephone,thu,1,unknown,4454,high.school,-1,unknown,student,unknown,married,jul,168,nonexistent,3
0,29,telephone,thu,1,unknown,4454,high.school,-1,unknown,student,unknown,married,oct,160,nonexistent,3
1,29,telephone,thu,1,unknown,4454,high.school,-1,unknown,student,unknown,married,oct,160,nonexistent,3
0,30,cellular,tue,0,no,4391,basic.6y,-3,no,self-employed,no,divorced,jan,157,failure,0
1,30,cellular,tue,0,no,4391,basic.6y,-3,no,self-employed,no,divorced,jan,157,failure,0
0,28,telephone,(null),1,unknown,4446,professional.course,0,unknown,unemployed,unknown,single,may,163,success,6
1,28,telephone,(null),1,unknown,4446,professional.course,0,unknown,unemployed,unknown,single,may,163,success,6
0,29,telephone,fri,1,unknown,4469,illiterate,-1,unknown,housemaid,unknown,married,aug,169,nonexistent,4
1,29,telephone,fri,1,unknown,4469,illiterate,-1,unknown,housemaid,unknown,married,aug,169,nonexistent,4
0,30,cellular,wed,0,no,4422,basic.9y,-2,no,blue-collar,no,married,apr,159,nonexistent,2
1,30,cellular,wed,0,no,4422,basic.9y,-2,no,blue-collar,no,married,apr,159,nonexistent,2
0,28,telephone,(null),0,unknown,4446,professional.course,0,unknown,management,unknown,single,nov,163,success,6
1,28,telephone,(null),0,unknown,4446,professional.course,0,unknown,management,unknown,single,nov,163,success,6
0,36,cellular,tue,1,no,4930,basic.6y,-3,no,blue-collar,no,divorced,jul,126,failure,0
1,36,cellular,tue,1,no,4930,basic.6y,-3,no,blue-collar,no,divorced,jul,126,failure,0
0,36,cellular,tue,0,no,4875,basic.6y,-3,no,entrepreneur,no,divorced,feb,131,failure,1
1,36,cellular,tue,0,no,4875,basic.6y,-3,no,entrepreneur,no,divorced,feb,131,failure,1
0,36,cellular,mon,0,no,4767,basic.4y,-3,no,admin.,no,divorced,jan,125,failure,0
1,36,cellular,mon,0,no,4767,basic.4y,-3,no,admin.,no,divorced,jan,125,failure,0
0,35,telephone,thu,0,unknown,4922,high.school,-1,unknown,retired,unknown,married,jul,140,nonexistent,3
1,35,telephone,thu,0,unknown,4922,high.school,-1,unknown,retired,unknown,married,jul,140,nonexistent,3
0,33,telephone,(null),0,unknown,4968,professional.course,0,unknown,student,unknown,single,nov,149,success,5
1,33,telephone,(null),0,unknown,4968,professional.course,0,unknown,student,unknown,single,nov,149,success,5
0,33,telephone,(null),0,unknown,4906,professional.course,0,unknown,technician,unknown,single,may,152,success,5
1,33,telephone,(null),0,unknown,4906,professional.course,0,unknown,technician,unknown,single,may,152,success,5
0,35,cellular,tue,0,no,4704,basic.6y,-3,no,blue-collar,no,divorced,feb,128,failure,0
1,35,cellular,tue,0,no,4704,basic.6y,-3,no,blue-collar,no,divorced,feb,128,failure,0
0,33,telephone,thu,1,unknown,4766,high.school,-1,unknown,retired,unknown,married,jul,140,nonexistent,3
1,33,telephone,thu,1,unknown,4766,high.school,-1,unknown,retired,unknown,married,jul,140,nonexistent,3
0,33,cellular,tue,1,no,4563,basic.6y,-3,no,entrepreneur,no,divorced,mar,131,failure,1
1,33,cellular,tue,1,no,4563,basic.6y,-3,no,entrepreneur,no,divorced,mar,131,failure,1
0,33,cellular,tue,0,no,4462,basic.6y,-3,no,blue-collar,no,divorced,jan,126,failure,0
1,33,cellular,tue,0,no,4462,basic.6y,-3,no,blue-collar,no,divorced,jan,126,failure,0
0,32,telephone,(null),1,unknown,4828,professional.course,0,unknown,technician,unknown,single,nov,154,success,6
1,32,telephone,(null),1,unknown,4828,professional.course,0,unknown,technician,unknown,single,nov,154,success,6
0,32,telephone,(null),1,unknown,4758,professional.course,0,unknown,unemployed,unknown,single,nov,139,success,6
1,32,telephone,(null),1,unknown,4758,professional.course,0,unknown,unemployed,unknown,single,nov,139,success,6
0,32,telephone,(null),1,unknown,4758,professional.course,0,unknown,unemployed,unknown,single,may,155,success,6
1,32,telephone,(null),1,unknown,4758,professional.course,0,unknown,unemployed,unknown,single,may,155,success,6
0,32,telephone,fri,0,unknown,4625,illiterate,-1,unknown,self-employed,unknown,married,aug,143,nonexistent,4
1,32,telephone,fri,0,unknown,4625,illiterate,-1,unknown,self-employed,unknown,married,aug,143,nonexistent,4
0,30,telephone,(null),0,unknown,4672,professional.course,0,unknown,technician,unknown,single,nov,152,success,6
1,30,telephone,(null),0,unknown,4672,professional.course,0,unknown,technician,unknown,single,nov,152,success,6
0,32,cellular,tue,0,no,4407,basic.6y,-3,no,entrepreneur,no,divorced,mar,131,failure,1
1,32,cellular,tue,0,no,4407,basic.6y,-3,no,entrepreneur,no,divorced,mar,131,failure,1
0,30,telephone,fri,0,unknown,4469,illiterate,-1,unknown,self-employed,unknown,married,aug,143,nonexistent,4
1,30,telephone,fri,0,unknown,4469,illiterate,-1,unknown,self-employed,unknown,married,aug,143,nonexistent,4
0,28,telephone,(null),0,unknown,4438,professional.course,0,unknown,technician,unknown,single,nov,152,success,5
1,28,telephone,(null),0,unknown,4438,professional.course,0,unknown,technician,unknown,single,nov,152,success,5
0,26,cellular,tue,0,no,4235,basic.6y,-3,no,self-employed,no,divorced,jan,181,failure,0
1,26,cellular,tue,0,no,4235,basic.6y,-3,no,self-employed,no,divorced,jan,181,failure,0
0,26,cellular,wed,0,no,4321,basic.9y,-2,no,services,no,married,aug,175,nonexistent,2
1,26,cellular,wed,0,no,4321,basic.9y,-2,no,services,no,married,aug,175,nonexistent,2
0,26,cellular,mon,0,no,4220,basic.4y,-3,no,self-employed,no,divorced,jul,177,failure,0
1,26,cellular,mon,0,no,4220,basic.4y,-3,no,self-employed,no,divorced,jul,177,failure,0
0,27,cellular,wed,0,no,4266,basic.9y,-2,no,services,no,married,feb,175,nonexistent,2
1,27,cellular,wed,0,no,4266,basic.9y,-2,no,services,no,married,feb,175,nonexistent,2
0,27,cellular,wed,1,no,4266,basic.9y,-2,no,blue-collar,no,married,apr,182,nonexistent,2
1,27,cellular,wed,1,no,4266,basic.9y,-2,no,blue-collar,no,married,apr,182,nonexistent,2
0,27,cellular,wed,0,no,4266,basic.9y,-2,no,blue-collar,no,married,aug,175,nonexistent,2
1,27,cellular,wed,0,no,4266,basic.9y,-2,no,blue-collar,no,married,aug,175,nonexistent,2
0,28,cellular,wed,1,no,4281,basic.9y,-2,no,entrepreneur,no,married,mar,175,nonexistent,2
1,28,cellular,wed,1,no,4281,basic.9y,-2,no,entrepreneur,no,married,mar,175,nonexistent,2
0,27,cellular,tue,0,no,4094,basic.6y,-3,no,blue-collar,no,divorced,mar,174,failure,1
1,27,cellular,tue,0,no,4094,basic.6y,-3,no,blue-collar,no,divorced,mar,174,failure,1
0,27,cellular,wed,1,no,4281,basic.9y,-2,no,student,no,married,sep,167,nonexistent,2
1,27,cellular,wed,1,no,4281,basic.9y,-2,no,student,no,married,sep,167,nonexistent,2
0,28,telephone,fri,0,unknown,4351,illiterate,-1,unknown,technician,unknown,married,apr,169,nonexistent,4
1,28,telephone,fri,0,unknown,4351,illiterate,-1,unknown,technician,unknown,married,apr,169,nonexistent,4
0,27,telephone,thu,1,unknown,4258,high.school,-1,unknown,student,unknown,married,apr,170,nonexistent,3
1,27,telephone,thu,1,unknown,4258,high.school,-1,unknown,student,unknown,married,apr,170,nonexistent,3
0,27,cellular,wed,0,no,4266,basic.9y,-2,no,services,no,married,aug,159,nonexistent,2
1,27,cellular,wed,0,no,4266,basic.9y,-2,no,services,no,married,aug,159,nonexistent,2
0,28,cellular,wed,1,no,4281,basic.9y,-2,no,student,no,married,mar,159,nonexistent,2
1,28,cellular,wed,1,no,4281,basic.9y,-2,no,student,no,married,mar,159,nonexistent,2
0,27,telephone,fri,1,unknown,4312,illiterate,-1,unknown,housemaid,unknown,married,oct,169,nonexistent,4
1,27,telephone,fri,1,unknown,4312,illiterate,-1,unknown,housemaid,unknown,married,oct,169,nonexistent,4
0,30,cellular,mon,0,no,4298,basic.4y,-3,no,admin.,no,divorced,jan,165,failure,0
1,30,cellular,mon,0,no,4298,basic.4y,-3,no,admin.,no,divorced,jan,165,failure,0
0,28,telephone,fri,1,unknown,4273,illiterate,-1,unknown,housemaid,unknown,married,apr,169,nonexistent,4
1,28,telephone,fri,1,unknown,4273,illiterate,-1,unknown,housemaid,unknown,married,apr,169,nonexistent,4
0,28,cellular,wed,1,no,4281,basic.9y,-2,no,entrepreneur,no,married,sep,159,nonexistent,2
1,28,cellular,wed,1,no,4281,basic.9y,-2,no,entrepreneur,no,married,sep,159,nonexistent,2
0,30,cellular,tue,1,no,4305,basic.6y,-3,no,admin.,no,divorced,jan,157,failure,0
1,30,cellular,tue,1,no,4305,basic.6y,-3,no,admin.,no,divorced,jan,157,failure,0
0,28,telephone,(null),0,unknown,4359,professional.course,0,unknown,management,unknown,single,may,163,success,6
1,28,telephone,(null),0,unknown,4359,professional.course,0,unknown,management,unknown,single,may,163,success,6
0,26,cellular,tue,0,no,4157,basic.6y,-3,no,services,no,divorced,aug,166,failure,1
1,26,cellular,tue,0,no,4157,basic.6y,-3,no,services,no,divorced,aug,166,failure,1
0,26,cellular,mon,0,no,4064,basic.4y,-3,no,self-employed,no,divorced,jul,169,failure,0
1,26,cellular,mon,0,no,4064,basic.4y,-3,no,self-employed,no,divorced,jul,169,failure,0
0,26,cellular,wed,0,no,4110,basic.9y,-2,no,services,no,married,feb,167,nonexistent,2
1,26,cellular,wed,0,no,4110,basic.9y,-2,no,services,no,married,feb,167,nonexistent,2
0,27,cellular,tue,0,no,4094,basic.6y,-3,no,services,no,divorced,mar,158,failure,1
1,27,cellular,tue,0,no,4094,basic.6y,-3,no,services,no,divorced,mar,158,failure,1
0,27,cellular,wed,0,no,4172,basic.9y,-2,no,entrepreneur,no,married,sep,167,nonexistent,2
1,27,cellular,wed,0,no,4172,basic.9y,-2,no,entrepreneur,no,married,sep,167,nonexistent,2
0,26,cellular,tue,1,no,4079,basic.6y,-3,no,blue-collar,no,divorced,aug,166,failure,1
1,26,cellular,tue,1,no,4079,basic.6y,-3,no,blue-collar,no,divorced,aug,166,failure,1
0,27,telephone,thu,0,unknown,4141,high.school,-1,unknown,housemaid,unknown,married,apr,168,nonexistent,3
1,27,telephone,thu,0,unknown,4141,high.school,-1,unknown,housemaid,unknown,married,apr,168,nonexistent,3
0,27,cellular,wed,0,no,4110,basic.9y,-2,no,blue-collar,no,married,apr,159,nonexistent,2
1,27,cellular,wed,0,no,4110,basic.9y,-2,no,blue-collar,no,married,apr,159,nonexistent,2
0,26,cellular,mon,1,no,3908,basic.4y,-3,no,admin.,no,divorced,jan,173,failure,0
1,26,cellular,mon,1,no,3908,basic.4y,-3,no,admin.,no,divorced,jan,173,failure,0
0,26,cellular,mon,1,no,3908,basic.4y,-3,no,self-employed,no,divorced,jan,157,failure,0
1,26,cellular,mon,1,no,3908,basic.4y,-3,no,self-employed,no,divorced,jan,157,failure,0
0,26,cellular,tue,1,no,3923,basic.6y,-3,no,admin.,no,divorced,feb,158,failure,0
1,26,cellular,tue,1,no,3923,basic.6y,-3,no,admin.,no,divorced,feb,158,failure,0
0,28,telephone,fri,1,unknown,4351,illiterate,-1,unknown,technician,unknown,married,oct,153,nonexistent,4
1,28,telephone,fri,1,unknown,4351,illiterate,-1,unknown,technician,unknown,married,oct,153,nonexistent,4
0,27,telephone,thu,1,unknown,4258,high.school,-1,unknown,student,unknown,married,oct,154,nonexistent,3
1,27,telephone,thu,1,unknown,4258,high.school,-1,unknown,student,unknown,married,oct,154,nonexistent,3
0,27,telephone,fri,0,unknown,4266,illiterate,-1,unknown,student,unknown,married,oct,150,nonexistent,4
1,27,telephone,fri,0,unknown,4266,illiterate,-1,unknown,student,unknown,married,oct,150,nonexistent,4
0,30,cellular,mon,0,no,4298,basic.4y,-3,no,self-employed,no,divorced,jan,149,failure,0
1,30,cellular,mon,0,no,4298,basic.4y,-3,no,self-employed,no,divorced,jan,149,failure,0
0,28,telephone,(null),0,unknown,4359,professional.course,0,unknown,unemployed,unknown,single,may,155,success,6
1,28,telephone,(null),0,unknown,4359,professional.course,0,unknown,unemployed,unknown,single,may,155,success,6
0,30,cellular,tue,1,no,4305,basic.6y,-3,no,self-employed,no,divorced,jan,141,failure,0
1,30,cellular,tue,1,no,4305,basic.6y,-3,no,self-employed,no,divorced,jan,141,failure,0
0,28,telephone,(null),1,unknown,4343,professional.course,0,unknown,technician,unknown,single,oct,146,success,5
1,28,telephone,(null),1,unknown,4343,professional.course,0,unknown,technician,unknown,single,oct,146,success,5
0,30,cellular,tue,1,no,4235,basic.6y,-3,no,admin.,no,divorced,feb,142,failure,0
1,30,cellular,tue,1,no,4235,basic.6y,-3,no,admin.,no,divorced,feb,142,failure,0
0,28,telephone,(null),0,unknown,4359,professional.course,0,unknown,management,unknown,single,nov,154,success,6
1,28,telephone,(null),0,unknown,4359,professional.course,0,unknown,management,unknown,single,nov,154,success,6
0,26,cellular,wed,0,no,4110,basic.9y,-2,no,services,no,married,aug,151,nonexistent,2
1,26,cellular,wed,0,no,4110,basic.9y,-2,no,services,no,married,aug,151,nonexistent,2
0,27,telephone,thu,0,unknown,4141,high.school,-1,unknown,student,unknown,married,apr,152,nonexistent,3
1,27,telephone,thu,0,unknown,4141,high.school,-1,unknown,student,unknown,married,apr,152,nonexistent,3
0,27,cellular,wed,0,no,4110,basic.9y,-2,no,services,no,married,apr,143,nonexistent,2
1,27,cellular,wed,0,no,4110,basic.9y,-2,no,services,no,married,apr,143,nonexistent,2
0,27,telephone,thu,0,unknown,4141,high.school,-1,unknown,housemaid,unknown,married,oct,152,nonexistent,3
1,27,telephone,thu,0,unknown,4141,high.school,-1,unknown,housemaid,unknown,married,oct,152,nonexistent,3
0,28,cellular,wed,0,no,4125,basic.9y,-2,no,entrepreneur,no,married,mar,151,nonexistent,2
1,28,cellular,wed,0,no,4125,basic.9y,-2,no,entrepreneur,no,married,mar,151,nonexistent,2
0,28,cellular,wed,1,no,4125,basic.9y,-2,no,entrepreneur,no,married,may,143,nonexistent,2
1,28,cellular,wed,1,no,4125,basic.9y,-2,no,entrepreneur,no,married,may,143,nonexistent,2
0,32,cellular,mon,0,no,4298,basic.4y,-3,no,admin.,no,divorced,jan,125,failure,0
1,32,cellular,mon,0,no,4298,basic.4y,-3,no,admin.,no,divorced,jan,125,failure,0
0,30,cellular,tue,1,no,4235,basic.6y,-3,no,blue-collar,no,divorced,jul,126,failure,0
1,30,cellular,tue,1,no,4235,basic.6y,-3,no,blue-collar,no,divorced,jul,126,failure,0
0,30,cellular,wed,1,no,4281,basic.9y,-2,no,management,no,married,mar,130,nonexistent,2
1,30,cellular,wed,1,no,4281,basic.9y,-2,no,management,no,married,mar,130,nonexistent,2
0,30,cellular,mon,0,no,4064,basic.4y,-3,no,admin.,no,divorced,jan,125,failure,0
1,30,cellular,mon,0,no,4064,basic.4y,-3,no,admin.,no,divorced,jan,125,failure,0
0,28,telephone,(null),0,unknown,4312,professional.course,0,unknown,student,unknown,single,oct,136,success,5
1,28,telephone,(null),0,unknown,4312,professional.course,0,unknown,student,unknown,single,oct,136,success,5
0,26,telephone,(null),1,unknown,4125,professional.course,0,unknown,technician,unknown,single,nov,136,success,5
1,26,telephone,(null),1,unknown,4125,professional.course,0,unknown,technician,unknown,single,nov,136,success,5
0,26,cellular,tue,1,no,3923,basic.6y,-3,no,self-employed,no,divorced,feb,142,failure,0
1,26,cellular,tue,1,no,3923,basic.6y,-3,no,self-employed,no,divorced,feb,142,failure,0
0,27,cellular,tue,1,no,3938,basic.6y,-3,no,blue-collar,no,divorced,mar,143,failure,1
1,27,cellular,tue,1,no,3938,basic.6y,-3,no,blue-collar,no,divorced,mar,143,failure,1
0,26,cellular,mon,0,no,3830,basic.4y,-3,no,self-employed,no,divorced,jan,145,failure,0
1,26,cellular,mon,0,no,3830,basic.4y,-3,no,self-employed,no,divorced,jan,145,failure,0
0,26,cellular,mon,0,no,3751,basic.4y,-3,no,admin.,no,divorced,jan,149,failure,0
1,26,cellular,mon,0,no,3751,basic.4y,-3,no,admin.,no,divorced,jan,149,failure,0
0,26,cellular,tue,0,no,3766,basic.6y,-3,no,admin.,no,divorced,jan,141,failure,0
1,26,cellular,tue,0,no,3766,basic.6y,-3,no,admin.,no,divorced,jan,141,failure,0
0,27,cellular,tue,1,no,3938,basic.6y,-3,no,services,no,divorced,mar,127,failure,1
1,27,cellular,tue,1,no,3938,basic.6y,-3,no,services,no,divorced,mar,127,failure,1
0,27,cellular,wed,1,no,3954,basic.9y,-2,no,blue-collar,no,married,apr,129,nonexistent,2
1,27,cellular,wed,1,no,3954,basic.9y,-2,no,blue-collar,no,married,apr,129,nonexistent,2
0,26,cellular,mon,0,no,3751,basic.4y,-3,no,self-employed,no,divorced,jan,133,failure,0
1,26,cellular,mon,0,no,3751,basic.4y,-3,no,self-employed,no,divorced,jan,133,failure,0
0,26,cellular,tue,0,no,3837,basic.6y,-3,no,self-employed,no,divorced,jul,125,failure,0
1,26,cellular,tue,0,no,3837,basic.6y,-3,no,self-employed,no,divorced,jul,125,failure,0
0,26,cellular,tue,0,no,3766,basic.6y,-3,no,self-employed,no,divorced,jan,125,failure,0
1,26,cellular,tue,0,no,3766,basic.6y,-3,no,self-employed,no,divorced,jan,125,failure,0
0,26,cellular,tue,0,no,3766,basic.6y,-3,no,admin.,no,divorced,feb,133,failure,0
1,26,cellular,tue,0,no,3766,basic.6y,-3,no,admin.,no,divorced,feb,133,failure,0
0,26,cellular,wed,1,no,3813,basic.9y,-2,no,entrepreneur,no,married,may,127,nonexistent,2
1,26,cellular,wed,1,no,3813,basic.9y,-2,no,entrepreneur,no,married,may,127,nonexistent,2
0,22,telephone,(null),0,unknown,4750,university.degree,0,unknown,unemployed,unknown,single,nov,185,success,5
1,22,telephone,(null),0,unknown,4750,university.degree,0,unknown,unemployed,unknown,single,nov,185,success,5
0,20,telephone,fri,1,unknown,4657,professional.course,-1,unknown,unemployed,unknown,married,oct,184,nonexistent,4
1,20,telephone,fri,1,unknown,4657,professional.course,-1,unknown,unemployed,unknown,married,oct,184,nonexistent,4
0,23,telephone,(null),1,unknown,4680,university.degree,0,unknown,student,unknown,single,nov,183,success,6
1,23,telephone,(null),1,unknown,4680,university.degree,0,unknown,student,unknown,single,nov,183,success,6
0,20,telephone,fri,0,unknown,4579,illiterate,-1,unknown,student,unknown,married,oct,184,nonexistent,4
1,20,telephone,fri,0,unknown,4579,illiterate,-1,unknown,student,unknown,married,oct,184,nonexistent,4
0,23,telephone,(null),1,unknown,4680,university.degree,0,unknown,unemployed,unknown,single,may,186,success,6
1,23,telephone,(null),1,unknown,4680,university.degree,0,unknown,unemployed,unknown,single,may,186,success,6
0,21,cellular,wed,0,no,4422,basic.9y,-2,no,services,no,married,aug,182,nonexistent,2
1,21,cellular,wed,0,no,4422,basic.9y,-2,no,services,no,married,aug,182,nonexistent,2
0,22,telephone,thu,0,unknown,4415,high.school,-1,unknown,student,unknown,married,apr,184,nonexistent,3
1,22,telephone,thu,0,unknown,4415,high.school,-1,unknown,student,unknown,married,apr,184,nonexistent,3
0,16,telephone,fri,1,unknown,4501,basic.9y,-1,unknown,student,unknown,married,oct,184,nonexistent,4
1,16,telephone,fri,1,unknown,4501,basic.9y,-1,unknown,student,unknown,married,oct,184,nonexistent,4
0,16,telephone,thu,0,unknown,4415,basic.9y,-1,unknown,services,unknown,married,oct,184,nonexistent,3
1,16,telephone,thu,0,unknown,4415,basic.9y,-1,unknown,services,unknown,married,oct,184,nonexistent,3
0,15,cellular,wed,1,no,4407,professional.course,-2,no,technician,no,married,mar,183,nonexistent,2
1,15,cellular,wed,1,no,4407,professional.course,-2,no,technician,no,married,mar,183,nonexistent,2
0,20,telephone,fri,1,unknown,4501,professional.course,-1,unknown,student,unknown,married,oct,178,nonexistent,4
1,20,telephone,fri,1,unknown,4501,professional.course,-1,unknown,student,unknown,married,oct,178,nonexistent,4
0,23,telephone,(null),1,unknown,4524,high.school,0,unknown,student,unknown,single,nov,179,success,6
1,23,telephone,(null),1,unknown,4524,high.school,0,unknown,student,unknown,single,nov,179,success,6
0,19,telephone,thu,1,unknown,4415,professional.course,-1,unknown,unemployed,unknown,married,oct,174,nonexistent,3
1,19,telephone,thu,1,unknown,4415,professional.course,-1,unknown,unemployed,unknown,married,oct,174,nonexistent,3
0,21,telephone,fri,1,unknown,4430,basic.9y,-1,unknown,services,unknown,married,oct,179,nonexistent,4
1,21,telephone,fri,1,unknown,4430,basic.9y,-1,unknown,services,unknown,married,oct,179,nonexistent,4
0,23,telephone,(null),0,unknown,4524,university.degree,0,unknown,unemployed,unknown,single,may,179,success,6
1,23,telephone,(null),0,unknown,4524,university.degree,0,unknown,unemployed,unknown,single,may,179,success,6
0,22,telephone,(null),1,unknown,4438,professional.course,0,unknown,technician,unknown,single,may,178,success,5
1,22,telephone,(null),1,unknown,4438,professional.course,0,unknown,technician,unknown,single,may,178,success,5
0,21,telephone,fri,1,unknown,4485,illiterate,-1,unknown,housemaid,unknown,married,oct,185,nonexistent,4
1,21,telephone,fri,1,unknown,4485,illiterate,-1,unknown,housemaid,unknown,married,oct,185,nonexistent,4
0,23,telephone,(null),0,unknown,4446,high.school,0,unknown,retired,unknown,single,may,186,success,6
1,23,telephone,(null),0,unknown,4446,high.school,0,unknown,retired,unknown,single,may,186,success,6
0,11,telephone,(null),1,unknown,4602,high.school,0,unknown,unemployed,unknown,single,nov,186,success,6
1,11,telephone,(null),1,unknown,4602,high.school,0,unknown,unemployed,unknown,single,nov,186,success,6
0,8,cellular,tue,1,no,4391,illiterate,-3,no,technician,no,divorced,aug,182,failure,1
1,8,cellular,tue,1,no,4391,illiterate,-3,no,technician,no,divorced,aug,182,failure,1
0,3,cellular,wed,1,no,4407,professional.course,-2,no,technician,no,married,sep,183,nonexistent,2
1,3,cellular,wed,1,no,4407,professional.course,-2,no,technician,no,married,sep,183,nonexistent,2
0,11,telephone,(null),0,unknown,4446,university.degree,0,unknown,unemployed,unknown,single,nov,175,success,6
1,11,telephone,(null),0,unknown,4446,university.degree,0,unknown,unemployed,unknown,single,nov,175,success,6
0,11,telephone,(null),0,unknown,4446,high.school,0,unknown,unemployed,unknown,single,nov,179,success,6
1,11,telephone,(null),0,unknown,4446,high.school,0,unknown,unemployed,unknown,single,nov,179,success,6
0,12,telephone,(null),0,unknown,4524,university.degree,0,unknown,retired,unknown,single,nov,186,success,6
1,12,telephone,(null),0,unknown,4524,university.degree,0,unknown,retired,unknown,single,nov,186,success,6
0,22,telephone,(null),0,unknown,4438,university.degree,0,unknown,technician,unknown,single,nov,171,success,5
1,22,telephone,(null),0,unknown,4438,university.degree,0,unknown,technician,unknown,single,nov,171,success,5
0,21,cellular,wed,1,no,4266,basic.9y,-2,no,services,no,married,aug,175,nonexistent,2
1,21,cellular,wed,1,no,4266,basic.9y,-2,no,services,no,married,aug,175,nonexistent,2
0,21,cellular,wed,1,no,4250,basic.9y,-2,no,student,no,married,mar,178,nonexistent,2
1,21,cellular,wed,1,no,4250,basic.9y,-2,no,student,no,married,mar,178,nonexistent,2
0,23,cellular,wed,0,no,4328,basic.9y,-2,no,entrepreneur,no,married,sep,183,nonexistent,2
1,23,cellular,wed,0,no,4328,basic.9y,-2,no,entrepreneur,no,married,sep,183,nonexistent,2
0,23,cellular,wed,1,no,4243,basic.9y,-2,no,blue-collar,no,married,aug,182,nonexistent,2
1,23,cellular,wed,1,no,4243,basic.9y,-2,no,blue-collar,no,married,aug,182,nonexistent,2
0,23,telephone,fri,1,unknown,4351,basic.9y,-1,unknown,management,unknown,married,apr,185,nonexistent,4
1,23,telephone,fri,1,unknown,4351,basic.9y,-1,unknown,management,unknown,married,apr,185,nonexistent,4
0,22,telephone,thu,1,unknown,4258,basic.9y,-1,unknown,management,unknown,married,apr,184,nonexistent,3
1,22,telephone,thu,1,unknown,4258,basic.9y,-1,unknown,management,unknown,married,apr,184,nonexistent,3
0,23,cellular,mon,1,no,4064,basic.4y,-3,no,self-employed,no,divorced,jan,177,failure,0
1,23,cellular,mon,1,no,4064,basic.4y,-3,no,self-employed,no,divorced,jan,177,failure,0
0,23,cellular,tue,1,no,4149,basic.6y,-3,no,admin.,no,divorced,jul,181,failure,0
1,23,cellular,tue,1,no,4149,basic.6y,-3,no,admin.,no,divorced,jul,181,failure,0
0,23,cellular,tue,0,no,4079,basic.6y,-3,no,blue-collar,no,divorced,feb,182,failure,1
1,23,cellular,tue,0,no,4079,basic.6y,-3,no,blue-collar,no,divorced,feb,182,failure,1
0,20,cellular,wed,1,no,4110,basic.9y,-2,no,blue-collar,no,married,feb,182,nonexistent,2
1,20,cellular,wed,1,no,4110,basic.9y,-2,no,blue-collar,no,married,feb,182,nonexistent,2
0,23,cellular,wed,0,no,4110,basic.9y,-2,no,blue-collar,no,married,aug,175,nonexistent,2
1,23,cellular,wed,0,no,4110,basic.9y,-2,no,blue-collar,no,married,aug,175,nonexistent,2
0,22,telephone,fri,0,unknown,4156,illiterate,-1,unknown,housemaid,unknown,married,apr,177,nonexistent,4
1,22,telephone,fri,0,unknown,4156,illiterate,-1,unknown,housemaid,unknown,married,apr,177,nonexistent,4
0,15,cellular,wed,0,no,4321,basic.6y,-2,no,services,no,married,aug,182,nonexistent,2
1,15,cellular,wed,0,no,4321,basic.6y,-2,no,services,no,married,aug,182,nonexistent,2
0,14,cellular,tue,1,no,4227,basic.4y,-3,no,self-employed,no,divorced,jul,181,failure,0
1,14,cellular,tue,1,no,4227,basic.4y,-3,no,self-employed,no,divorced,jul,181,failure,0
0,14,cellular,tue,0,no,4235,illiterate,-3,no,self-employed,no,divorced,feb,182,failure,1
1,14,cellular,tue,0,no,4235,illiterate,-3,no,self-employed,no,divorced,feb,182,failure,1
0,16,telephone,thu,0,unknown,4336,professional.course,-1,unknown,student,unknown,married,oct,174,nonexistent,3
1,16,telephone,thu,0,unknown,4336,professional.course,-1,unknown,student,unknown,married,oct,174,nonexistent,3
0,17,telephone,fri,0,unknown,4273,basic.9y,-1,unknown,technician,unknown,married,apr,177,nonexistent,4
1,17,telephone,fri,0,unknown,4273,basic.9y,-1,unknown,technician,unknown,married,apr,177,nonexistent,4
0,15,cellular,wed,1,no,4250,basic.9y,-2,no,entrepreneur,no,married,sep,183,nonexistent,2
1,15,cellular,wed,1,no,4250,basic.9y,-2,no,entrepreneur,no,married,sep,183,nonexistent,2
0,18,telephone,(null),1,unknown,4367,university.degree,0,unknown,entrepreneur,unknown,single,may,186,success,6
1,18,telephone,(null),1,unknown,4367,university.degree,0,unknown,entrepreneur,unknown,single,may,186,success,6
0,18,telephone,(null),0,unknown,4367,high.school,0,unknown,retired,unknown,single,nov,179,success,6
1,18,telephone,(null),0,unknown,4367,high.school,0,unknown,retired,unknown,single,nov,179,success,6
0,17,telephone,(null),0,unknown,4281,professional.course,0,unknown,entrepreneur,unknown,single,nov,178,success,5
1,17,telephone,(null),0,unknown,4281,professional.course,0,unknown,entrepreneur,unknown,single,nov,178,success,5
0,14,cellular,tue,0,no,4157,basic.6y,-3,no,services,no,divorced,feb,182,failure,1
1,14,cellular,tue,0,no,4157,basic.6y,-3,no,services,no,divorced,feb,182,failure,1
0,14,cellular,tue,1,no,4079,basic.6y,-3,no,self-employed,no,divorced,jul,173,failure,0
1,14,cellular,tue,1,no,4079,basic.6y,-3,no,self-employed,no,divorced,jul,173,failure,0
0,17,telephone,fri,0,unknown,4195,basic.9y,-1,unknown,blue-collar,unknown,married,apr,185,nonexistent,4
1,17,telephone,fri,0,unknown,4195,basic.9y,-1,unknown,blue-collar,unknown,married,apr,185,nonexistent,4
0,16,telephone,thu,0,unknown,4102,basic.9y,-1,unknown,blue-collar,unknown,married,apr,184,nonexistent,3
1,16,telephone,thu,0,unknown,4102,basic.9y,-1,unknown,blue-collar,unknown,married,apr,184,nonexistent,3
0,15,cellular,wed,1,no,4094,basic.9y,-2,no,entrepreneur,no,married,sep,175,nonexistent,2
1,15,cellular,wed,1,no,4094,basic.9y,-2,no,entrepreneur,no,married,sep,175,nonexistent,2
0,18,telephone,(null),1,unknown,4211,professional.course,0,unknown,entrepreneur,unknown,single,may,179,success,6
1,18,telephone,(null),1,unknown,4211,professional.course,0,unknown,entrepreneur,unknown,single,may,179,success,6
0,21,telephone,thu,0,unknown,4258,professional.course,-1,unknown,student,unknown,married,oct,168,nonexistent,3
1,21,telephone,thu,0,unknown,4258,professional.course,-1,unknown,student,unknown,married,oct,168,nonexistent,3
0,24,telephone,(null),1,unknown,4367,university.degree,0,unknown,unemployed,unknown,single,may,171,success,6
1,24,telephone,(null),1,unknown,4367,university.degree,0,unknown,unemployed,unknown,single,may,171,success,6
0,21,telephone,(null),0,unknown,4203,basic.9y,0,unknown,technician,unknown,single,may,170,success,5
1,21,telephone,(null),0,unknown,4203,basic.9y,0,unknown,technician,unknown,single,may,170,success,5
0,21,telephone,fri,0,unknown,4195,professional.course,-1,unknown,technician,unknown,married,oct,161,nonexistent,4
1,21,telephone,fri,0,unknown,4195,professional.course,-1,unknown,technician,unknown,married,oct,161,nonexistent,4
0,21,telephone,fri,1,unknown,4117,basic.9y,-1,unknown,technician,unknown,married,oct,161,nonexistent,4
1,21,telephone,fri,1,unknown,4117,basic.9y,-1,unknown,technician,unknown,married,oct,161,nonexistent,4
0,21,telephone,fri,1,unknown,4195,illiterate,-1,unknown,management,unknown,married,oct,169,nonexistent,4
1,21,telephone,fri,1,unknown,4195,illiterate,-1,unknown,management,unknown,married,oct,169,nonexistent,4
0,21,telephone,(null),1,unknown,4211,professional.course,0,unknown,entrepreneur,unknown,single,nov,171,success,6
1,21,telephone,(null),1,unknown,4211,professional.course,0,unknown,entrepreneur,unknown,single,nov,171,success,6
0,16,telephone,fri,0,unknown,4266,professional.course,-1,unknown,student,unknown,married,oct,169,nonexistent,4
1,16,telephone,fri,0,unknown,4266,professional.course,-1,unknown,student,unknown,married,oct,169,nonexistent,4
0,18,telephone,(null),1,unknown,4289,professional.course,0,unknown,unemployed,unknown,single,may,171,success,6
1,18,telephone,(null),1,unknown,4289,professional.course,0,unknown,unemployed,unknown,single,may,171,success,6
0,15,cellular,wed,1,no,4165,professional.course,-2,no,services,no,married,aug,169,nonexistent,2
1,15,cellular,wed,1,no,4165,professional.course,-2,no,services,no,married,aug,169,nonexistent,2
0,18,telephone,(null),0,unknown,4133,university.degree,0,unknown,unemployed,unknown,single,may,163,success,6
1,18,telephone,(null),0,unknown,4133,university.degree,0,unknown,unemployed,unknown,single,may,163,success,6
0,20,cellular,mon,1,no,3986,basic.4y,-3,no,housemaid,no,divorced,jul,173,failure,0
1,20,cellular,mon,1,no,3986,basic.4y,-3,no,housemaid,no,divorced,jul,173,failure,0
0,20,cellular,tue,1,no,4001,basic.6y,-3,no,admin.,no,divorced,aug,174,failure,1
1,20,cellular,tue,1,no,4001,basic.6y,-3,no,admin.,no,divorced,aug,174,failure,1
0,20,cellular,wed,1,no,3954,basic.9y,-2,no,blue-collar,no,married,feb,175,nonexistent,2
1,20,cellular,wed,1,no,3954,basic.9y,-2,no,blue-collar,no,married,feb,175,nonexistent,2
0,14,cellular,mon,1,no,3986,illiterate,-3,no,self-employed,no,divorced,jan,173,failure,0
1,14,cellular,mon,1,no,3986,illiterate,-3,no,self-employed,no,divorced,jan,173,failure,0
0,15,cellular,wed,1,no,4009,basic.6y,-2,no,blue-collar,no,married,feb,182,nonexistent,2
1,15,cellular,wed,1,no,4009,basic.6y,-2,no,blue-collar,no,married,feb,182,nonexistent,2
0,14,cellular,tue,1,no,3915,basic.4y,-3,no,admin.,no,divorced,jan,181,failure,0
1,14,cellular,tue,1,no,3915,basic.4y,-3,no,admin.,no,divorced,jan,181,failure,0
0,14,cellular,mon,0,no,3830,basic.4y,-3,no,admin.,no,divorced,jul,173,failure,0
1,14,cellular,mon,0,no,3830,basic.4y,-3,no,admin.,no,divorced,jul,173,failure,0
0,14,cellular,tue,0,no,3758,basic.6y,-3,no,admin.,no,divorced,jan,173,failure,0
1,14,cellular,tue,0,no,3758,basic.6y,-3,no,admin.,no,divorced,jan,173,failure,0
0,23,cellular,tue,1,no,4001,basic.6y,-3,no,services,no,divorced,feb,169,failure,1
1,23,cellular,tue,1,no,4001,basic.6y,-3,no,services,no,divorced,feb,169,failure,1
0,23,cellular,tue,1,no,3915,basic.6y,-3,no,self-employed,no,divorced,jul,161,failure,0
1,23,cellular,tue,1,no,3915,basic.6y,-3,no,self-employed,no,divorced,jul,161,failure,0
0,20,cellular,wed,1,no,3931,basic.9y,-2,no,services,no,married,aug,159,nonexistent,2
1,20,cellular,wed,1,no,3931,basic.9y,-2,no,services,no,married,aug,159,nonexistent,2
0,23,cellular,wed,0,no,3938,basic.9y,-2,no,student,no,married,mar,162,nonexistent,2
1,23,cellular,wed,0,no,3938,basic.9y,-2,no,student,no,married,mar,162,nonexistent,2
0,21,telephone,fri,1,unknown,4039,illiterate,-1,unknown,technician,unknown,married,apr,161,nonexistent,4
1,21,telephone,fri,1,unknown,4039,illiterate,-1,unknown,technician,unknown,married,apr,161,nonexistent,4
0,24,telephone,thu,1,unknown,3946,high.school,-1,unknown,housemaid,unknown,married,apr,168,nonexistent,3
1,24,telephone,thu,1,unknown,3946,high.school,-1,unknown,housemaid,unknown,married,apr,168,nonexistent,3
0,21,telephone,fri,1,unknown,4039,illiterate,-1,unknown,housemaid,unknown,married,apr,169,nonexistent,4
1,21,telephone,fri,1,unknown,4039,illiterate,-1,unknown,housemaid,unknown,married,apr,169,nonexistent,4
0,24,telephone,(null),1,unknown,3969,professional.course,0,unknown,management,unknown,single,may,162,success,5
1,24,telephone,(null),1,unknown,3969,professional.course,0,unknown,management,unknown,single,may,162,success,5
0,20,cellular,tue,1,no,3837,basic.6y,-3,no,self-employed,no,divorced,jan,165,failure,0
1,20,cellular,tue,1,no,3837,basic.6y,-3,no,self-employed,no,divorced,jan,165,failure,0
0,20,cellular,mon,1,no,3751,basic.4y,-3,no,self-employed,no,divorced,jul,157,failure,0
1,20,cellular,mon,1,no,3751,basic.4y,-3,no,self-employed,no,divorced,jul,157,failure,0
0,20,cellular,wed,1,no,3860,basic.9y,-2,no,student,no,married,mar,159,nonexistent,2
1,20,cellular,wed,1,no,3860,basic.9y,-2,no,student,no,married,mar,159,nonexistent,2
0,20,cellular,wed,0,no,3774,basic.9y,-2,no,services,no,married,feb,157,nonexistent,2
1,20,cellular,wed,0,no,3774,basic.9y,-2,no,services,no,married,feb,157,nonexistent,2
0,21,cellular,wed,0,no,3797,basic.9y,-2,no,blue-collar,no,married,feb,167,nonexistent,2
1,21,cellular,wed,0,no,3797,basic.9y,-2,no,blue-collar,no,married,feb,167,nonexistent,2
0,22,telephone,thu,0,unknown,3829,high.school,-1,unknown,housemaid,unknown,married,jul,160,nonexistent,3
1,22,telephone,thu,0,unknown,3829,high.school,-1,unknown,housemaid,unknown,married,jul,160,nonexistent,3
0,14,cellular,tue,1,no,3993,illiterate,-3,no,self-employed,no,divorced,jul,165,failure,0
1,14,cellular,tue,1,no,3993,illiterate,-3,no,self-employed,no,divorced,jul,165,failure,0
0,14,cellular,tue,1,no,3915,basic.6y,-3,no,self-employed,no,divorced,jul,165,failure,0
1,14,cellular,tue,1,no,3915,basic.6y,-3,no,self-employed,no,divorced,jul,165,failure,0
0,15,cellular,wed,0,no,3938,basic.9y,-2,no,student,no,married,sep,159,nonexistent,2
1,15,cellular,wed,0,no,3938,basic.9y,-2,no,student,no,married,sep,159,nonexistent,2
0,15,cellular,wed,1,no,3931,basic.9y,-2,no,management,no,married,aug,167,nonexistent,2
1,15,cellular,wed,1,no,3931,basic.9y,-2,no,management,no,married,aug,167,nonexistent,2
0,18,telephone,(null),0,unknown,4055,university.degree,0,unknown,entrepreneur,unknown,single,may,171,success,6
1,18,telephone,(null),0,unknown,4055,university.degree,0,unknown,entrepreneur,unknown,single,may,171,success,6
0,17,telephone,fri,0,unknown,3961,professional.course,-1,unknown,blue-collar,unknown,married,apr,169,nonexistent,4
1,17,telephone,fri,0,unknown,3961,professional.course,-1,unknown,blue-collar,unknown,married,apr,169,nonexistent,4
0,17,telephone,(null),0,unknown,4047,professional.course,0,unknown,retired,unknown,single,nov,162,success,5
1,17,telephone,(null),0,unknown,4047,professional.course,0,unknown,retired,unknown,single,nov,162,success,5
0,18,telephone,(null),1,unknown,3977,professional.course,0,unknown,retired,unknown,single,may,163,success,6
1,18,telephone,(null),1,unknown,3977,professional.course,0,unknown,retired,unknown,single,may,163,success,6
0,14,cellular,tue,0,no,3837,illiterate,-3,no,self-employed,no,divorced,jul,157,failure,0
1,14,cellular,tue,0,no,3837,illiterate,-3,no,self-employed,no,divorced,jul,157,failure,0
0,15,cellular,wed,0,no,3782,basic.6y,-2,no,student,no,married,mar,159,nonexistent,2
1,15,cellular,wed,0,no,3782,basic.6y,-2,no,student,no,married,mar,159,nonexistent,2
0,14,cellular,tue,0,no,3766,basic.6y,-3,no,admin.,no,divorced,aug,166,failure,1
1,14,cellular,tue,0,no,3766,basic.6y,-3,no,admin.,no,divorced,aug,166,failure,1
0,16,telephone,thu,1,unknown,3868,high.school,-1,unknown,housemaid,unknown,married,apr,168,nonexistent,3
1,16,telephone,thu,1,unknown,3868,high.school,-1,unknown,housemaid,unknown,married,apr,168,nonexistent,3
0,15,cellular,wed,0,no,3774,professional.course,-2,no,blue-collar,no,married,feb,167,nonexistent,2
1,15,cellular,wed,0,no,3774,professional.course,-2,no,blue-collar,no,married,feb,167,nonexistent,2
0,2,cellular,tue,1,no,4235,illiterate,-3,no,self-employed,no,divorced,aug,182,failure,1
1,2,cellular,tue,1,no,4235,illiterate,-3,no,self-employed,no,divorced,aug,182,failure,1
0,7,telephone,thu,1,unknown,4258,high.school,-1,unknown,student,unknown,married,apr,184,nonexistent,3
1,7,telephone,thu,1,unknown,4258,high.school,-1,unknown,student,unknown,married,apr,184,nonexistent,3
0,11,telephone,(null),1,unknown,4289,professional.course,0,unknown,entrepreneur,unknown,single,may,186,success,6
1,11,telephone,(null),1,unknown,4289,professional.course,0,unknown,entrepreneur,unknown,single,may,186,success,6
0,10,telephone,(null),1,unknown,4281,professional.course,0,unknown,management,unknown,single,nov,178,success,5
1,10,telephone,(null),1,unknown,4281,professional.course,0,unknown,management,unknown,single,nov,178,success,5
0,1,cellular,mon,0,no,4142,illiterate,-3,no,self-employed,no,divorced,jul,181,failure,0
1,1,cellular,mon,0,no,4142,illiterate,-3,no,self-employed,no,divorced,jul,181,failure,0
0,1,cellular,mon,1,no,4142,basic.4y,-3,no,technician,no,divorced,jul,181,failure,0
1,1,cellular,mon,1,no,4142,basic.4y,-3,no,technician,no,divorced,jul,181,failure,0
0,3,cellular,tue,1,no,4157,basic.6y,-3,no,self-employed,no,divorced,aug,182,failure,1
1,3,cellular,tue,1,no,4157,basic.6y,-3,no,self-employed,no,divorced,aug,182,failure,1
0,1,cellular,tue,0,no,4149,illiterate,-3,no,technician,no,divorced,jan,181,failure,0
1,1,cellular,tue,0,no,4149,illiterate,-3,no,technician,no,divorced,jan,181,failure,0
0,4,cellular,wed,0,no,4165,basic.6y,-2,no,technician,no,married,feb,182,nonexistent,2
1,4,cellular,wed,0,no,4165,basic.6y,-2,no,technician,no,married,feb,182,nonexistent,2
0,3,cellular,tue,1,no,4157,illiterate,-3,no,technician,no,divorced,aug,173,failure,1
1,3,cellular,tue,1,no,4157,illiterate,-3,no,technician,no,divorced,aug,173,failure,1
0,7,telephone,thu,0,unknown,4102,high.school,-1,unknown,student,unknown,married,apr,176,nonexistent,3
1,7,telephone,thu,0,unknown,4102,high.school,-1,unknown,student,unknown,married,apr,176,nonexistent,3
0,5,cellular,wed,1,no,4172,basic.6y,-2,no,management,no,married,sep,183,nonexistent,2
1,5,cellular,wed,1,no,4172,basic.6y,-2,no,management,no,married,sep,183,nonexistent,2
0,9,cellular,wed,1,no,4165,professional.course,-2,no,blue-collar,no,married,aug,182,nonexistent,2
1,9,cellular,wed,1,no,4165,professional.course,-2,no,blue-collar,no,married,aug,182,nonexistent,2
0,8,telephone,fri,0,unknown,4188,basic.9y,-1,unknown,blue-collar,unknown,married,oct,184,nonexistent,4
1,8,telephone,fri,0,unknown,4188,basic.9y,-1,unknown,blue-collar,unknown,married,oct,184,nonexistent,4
0,3,cellular,tue,1,no,4079,basic.6y,-3,no,housemaid,no,divorced,aug,182,failure,1
1,3,cellular,tue,1,no,4079,basic.6y,-3,no,housemaid,no,divorced,aug,182,failure,1
0,4,telephone,thu,0,unknown,4102,basic.9y,-1,unknown,blue-collar,unknown,married,oct,184,nonexistent,3
1,4,telephone,thu,0,unknown,4102,basic.9y,-1,unknown,blue-collar,unknown,married,oct,184,nonexistent,3
0,8,telephone,fri,0,unknown,4156,illiterate,-1,unknown,housemaid,unknown,married,apr,184,nonexistent,4
1,8,telephone,fri,0,unknown,4156,illiterate,-1,unknown,housemaid,unknown,married,apr,184,nonexistent,4
0,9,telephone,fri,0,unknown,4195,professional.course,-1,unknown,blue-collar,unknown,married,oct,179,nonexistent,4
1,9,telephone,fri,0,unknown,4195,professional.course,-1,unknown,blue-collar,unknown,married,oct,179,nonexistent,4
0,9,telephone,fri,0,unknown,4117,basic.9y,-1,unknown,blue-collar,unknown,married,oct,179,nonexistent,4
1,9,telephone,fri,0,unknown,4117,basic.9y,-1,unknown,blue-collar,unknown,married,oct,179,nonexistent,4
0,11,telephone,(null),1,unknown,4133,high.school,0,unknown,entrepreneur,unknown,single,nov,175,success,6
1,11,telephone,(null),1,unknown,4133,high.school,0,unknown,entrepreneur,unknown,single,nov,175,success,6
0,10,telephone,(null),1,unknown,4125,university.degree,0,unknown,retired,unknown,single,may,175,success,5
1,10,telephone,(null),1,unknown,4125,university.degree,0,unknown,retired,unknown,single,may,175,success,5
0,11,telephone,(null),1,unknown,4367,university.degree,0,unknown,unemployed,unknown,single,nov,171,success,6
1,11,telephone,(null),1,unknown,4367,university.degree,0,unknown,unemployed,unknown,single,nov,171,success,6
0,11,telephone,(null),0,unknown,4289,high.school,0,unknown,unemployed,unknown,single,nov,171,success,6
1,11,telephone,(null),0,unknown,4289,high.school,0,unknown,unemployed,unknown,single,nov,171,success,6
0,10,telephone,(null),1,unknown,4203,university.degree,0,unknown,unemployed,unknown,single,may,171,success,5
1,10,telephone,(null),1,unknown,4203,university.degree,0,unknown,unemployed,unknown,single,may,171,success,5
0,10,telephone,(null),0,unknown,4125,basic.9y,0,unknown,unemployed,unknown,single,may,171,success,5
1,10,telephone,(null),0,unknown,4125,basic.9y,0,unknown,unemployed,unknown,single,may,171,success,5
0,11,telephone,(null),1,unknown,4211,university.degree,0,unknown,unemployed,unknown,single,nov,163,success,6
1,11,telephone,(null),1,unknown,4211,university.degree,0,unknown,unemployed,unknown,single,nov,163,success,6
0,11,telephone,(null),1,unknown,4211,university.degree,0,unknown,retired,unknown,single,nov,171,success,6
1,11,telephone,(null),1,unknown,4211,university.degree,0,unknown,retired,unknown,single,nov,171,success,6
0,11,telephone,(null),0,unknown,4133,high.school,0,unknown,retired,unknown,single,nov,171,success,6
1,11,telephone,(null),0,unknown,4133,high.school,0,unknown,retired,unknown,single,nov,171,success,6
0,2,cellular,tue,0,no,3915,basic.4y,-3,no,admin.,no,divorced,jul,181,failure,0
1,2,cellular,tue,0,no,3915,basic.4y,-3,no,admin.,no,divorced,jul,181,failure,0
0,5,cellular,wed,0,no,4016,basic.9y,-2,no,entrepreneur,no,married,mar,183,nonexistent,2
1,5,cellular,wed,0,no,4016,basic.9y,-2,no,entrepreneur,no,married,mar,183,nonexistent,2
0,3,cellular,tue,0,no,3923,basic.6y,-3,no,housemaid,no,divorced,feb,181,failure,1
1,3,cellular,tue,0,no,3923,basic.6y,-3,no,housemaid,no,divorced,feb,181,failure,1
0,3,cellular,tue,1,no,3923,illiterate,-3,no,admin.,no,divorced,feb,181,failure,1
1,3,cellular,tue,1,no,3923,illiterate,-3,no,admin.,no,divorced,feb,181,failure,1
0,5,cellular,wed,1,no,4016,basic.6y,-2,no,management,no,married,sep,175,nonexistent,2
1,5,cellular,wed,1,no,4016,basic.6y,-2,no,management,no,married,sep,175,nonexistent,2
0,7,telephone,thu,1,unknown,4024,professional.course,-1,unknown,blue-collar,unknown,married,oct,174,nonexistent,3
1,7,telephone,thu,1,unknown,4024,professional.course,-1,unknown,blue-collar,unknown,married,oct,174,nonexistent,3
0,4,cellular,wed,0,no,3931,professional.course,-2,no,blue-collar,no,married,aug,173,nonexistent,2
1,4,cellular,wed,0,no,3931,professional.course,-2,no,blue-collar,no,married,aug,173,nonexistent,2
0,8,telephone,fri,0,unknown,4032,professional.course,-1,unknown,management,unknown,married,apr,174,nonexistent,4
1,8,telephone,fri,0,unknown,4032,professional.course,-1,unknown,management,unknown,married,apr,174,nonexistent,4
0,8,telephone,fri,0,unknown,4032,basic.9y,-1,unknown,management,unknown,married,apr,178,nonexistent,4
1,8,telephone,fri,0,unknown,4032,basic.9y,-1,unknown,management,unknown,married,apr,178,nonexistent,4
0,10,telephone,(null),0,unknown,4047,basic.9y,0,unknown,retired,unknown,single,may,175,success,5
1,10,telephone,(null),0,unknown,4047,basic.9y,0,unknown,retired,unknown,single,may,175,success,5
0,9,telephone,fri,1,unknown,4039,illiterate,-1,unknown,blue-collar,unknown,married,apr,179,nonexistent,4
1,9,telephone,fri,1,unknown,4039,illiterate,-1,unknown,blue-collar,unknown,married,apr,179,nonexistent,4
0,5,cellular,wed,1,no,3938,basic.6y,-2,no,management,no,married,mar,178,nonexistent,2
1,5,cellular,wed,1,no,3938,basic.6y,-2,no,management,no,married,mar,178,nonexistent,2
0,1,cellular,mon,1,no,3830,basic.4y,-3,no,housemaid,no,divorced,jan,181,failure,0
1,1,cellular,mon,1,no,3830,basic.4y,-3,no,housemaid,no,divorced,jan,181,failure,0
0,3,cellular,tue,1,no,3845,basic.6y,-3,no,admin.,no,divorced,feb,182,failure,1
1,3,cellular,tue,1,no,3845,basic.6y,-3,no,admin.,no,divorced,feb,182,failure,1
0,3,cellular,tue,1,no,3845,basic.6y,-3,no,blue-collar,no,divorced,aug,174,failure,1
1,3,cellular,tue,1,no,3845,basic.6y,-3,no,blue-collar,no,divorced,aug,174,failure,1
0,5,cellular,wed,0,no,3860,basic.9y,-2,no,entrepreneur,no,married,mar,175,nonexistent,2
1,5,cellular,wed,0,no,3860,basic.9y,-2,no,entrepreneur,no,married,mar,175,nonexistent,2
0,1,cellular,mon,1,no,3751,illiterate,-3,no,admin.,no,divorced,jan,177,failure,0
1,1,cellular,mon,1,no,3751,illiterate,-3,no,admin.,no,divorced,jan,177,failure,0
0,3,cellular,tue,1,no,4001,illiterate,-3,no,services,no,divorced,aug,169,failure,1
1,3,cellular,tue,1,no,4001,illiterate,-3,no,services,no,divorced,aug,169,failure,1
0,1,cellular,mon,0,no,3908,illiterate,-3,no,technician,no,divorced,jul,165,failure,0
1,1,cellular,mon,0,no,3908,illiterate,-3,no,technician,no,divorced,jul,165,failure,0
0,5,cellular,wed,1,no,3938,basic.6y,-2,no,student,no,married,sep,166,nonexistent,2
1,5,cellular,wed,1,no,3938,basic.6y,-2,no,student,no,married,sep,166,nonexistent,2
0,7,telephone,thu,0,unknown,3946,professional.course,-1,unknown,student,unknown,married,apr,166,nonexistent,3
1,7,telephone,thu,0,unknown,3946,professional.course,-1,unknown,student,unknown,married,apr,166,nonexistent,3
0,7,telephone,thu,1,unknown,3946,basic.9y,-1,unknown,student,unknown,married,apr,170,nonexistent,3
1,7,telephone,thu,1,unknown,3946,basic.9y,-1,unknown,student,unknown,married,apr,170,nonexistent,3
0,8,telephone,fri,0,unknown,3954,basic.9y,-1,unknown,unemployed,unknown,married,apr,166,nonexistent,4
1,8,telephone,fri,0,unknown,3954,basic.9y,-1,unknown,unemployed,unknown,married,apr,166,nonexistent,4
0,11,telephone,(null),1,unknown,4055,high.school,0,unknown,unemployed,unknown,single,nov,159,success,6
1,11,telephone,(null),1,unknown,4055,high.school,0,unknown,unemployed,unknown,single,nov,159,success,6
0,11,telephone,(null),1,unknown,4055,professional.course,0,unknown,unemployed,unknown,single,may,163,success,6
1,11,telephone,(null),1,unknown,4055,professional.course,0,unknown,unemployed,unknown,single,may,163,success,6
0,8,telephone,fri,1,unknown,3954,professional.course,-1,unknown,unemployed,unknown,married,apr,162,nonexistent,4
1,8,telephone,fri,1,unknown,3954,professional.course,-1,unknown,unemployed,unknown,married,apr,162,nonexistent,4
0,7,telephone,thu,1,unknown,3946,high.school,-1,unknown,management,unknown,married,oct,168,nonexistent,3
1,7,telephone,thu,1,unknown,3946,high.school,-1,unknown,management,unknown,married,oct,168,nonexistent,3
0,8,telephone,fri,0,unknown,3954,professional.course,-1,unknown,blue-collar,unknown,married,oct,169,nonexistent,4
1,8,telephone,fri,0,unknown,3954,professional.course,-1,unknown,blue-collar,unknown,married,oct,169,nonexistent,4
0,11,telephone,(null),0,unknown,3977,professional.course,0,unknown,entrepreneur,unknown,single,may,171,success,6
1,11,telephone,(null),0,unknown,3977,professional.course,0,unknown,entrepreneur,unknown,single,may,171,success,6
0,11,telephone,(null),1,unknown,4055,university.degree,0,unknown,retired,unknown,single,nov,163,success,6
1,11,telephone,(null),1,unknown,4055,university.degree,0,unknown,retired,unknown,single,nov,163,success,6
0,9,telephone,fri,0,unknown,3961,professional.course,-1,unknown,management,unknown,married,oct,163,nonexistent,4
1,9,telephone,fri,0,unknown,3961,professional.course,-1,unknown,management,unknown,married,oct,163,nonexistent,4
0,3,cellular,tue,1,no,3845,basic.6y,-3,no,services,no,divorced,aug,166,failure,1
1,3,cellular,tue,1,no,3845,basic.6y,-3,no,services,no,divorced,aug,166,failure,1
0,5,cellular,wed,0,no,3782,basic.6y,-2,no,services,no,married,mar,166,nonexistent,2
1,5,cellular,wed,0,no,3782,basic.6y,-2,no,services,no,married,mar,166,nonexistent,2
0,4,cellular,wed,0,no,3853,basic.6y,-2,no,management,no,married,aug,169,nonexistent,2
1,4,cellular,wed,0,no,3853,basic.6y,-2,no,management,no,married,aug,169,nonexistent,2
0,7,telephone,thu,0,unknown,3868,basic.9y,-1,unknown,management,unknown,married,oct,166,nonexistent,3
1,7,telephone,thu,0,unknown,3868,basic.9y,-1,unknown,management,unknown,married,oct,166,nonexistent,3
0,2,cellular,tue,1,no,3758,basic.4y,-3,no,housemaid,no,divorced,jul,169,failure,0
1,2,cellular,tue,1,no,3758,basic.4y,-3,no,housemaid,no,divorced,jul,169,failure,0
0,2,cellular,tue,0,no,3758,illiterate,-3,no,admin.,no,divorced,jul,169,failure,0
1,2,cellular,tue,0,no,3758,illiterate,-3,no,admin.,no,divorced,jul,169,failure,0
0,8,telephone,fri,1,unknown,3844,illiterate,-1,unknown,housemaid,unknown,married,apr,169,nonexistent,4
1,8,telephone,fri,1,unknown,3844,illiterate,-1,unknown,housemaid,unknown,married,apr,169,nonexistent,4
0,5,cellular,wed,1,no,3860,professional.course,-2,no,student,no,married,sep,158,nonexistent,2
1,5,cellular,wed,1,no,3860,professional.course,-2,no,student,no,married,sep,158,nonexistent,2
0,7,telephone,thu,0,unknown,3868,basic.9y,-1,unknown,student,unknown,married,oct,160,nonexistent,3
1,7,telephone,thu,0,unknown,3868,basic.9y,-1,unknown,student,unknown,married,oct,160,nonexistent,3
0,8,telephone,fri,0,unknown,3844,illiterate,-1,unknown,student,unknown,married,apr,161,nonexistent,4
1,8,telephone,fri,0,unknown,3844,illiterate,-1,unknown,student,unknown,married,apr,161,nonexistent,4
0,9,telephone,fri,1,unknown,3883,basic.9y,-1,unknown,management,unknown,married,oct,163,nonexistent,4
1,9,telephone,fri,1,unknown,3883,basic.9y,-1,unknown,management,unknown,married,oct,163,nonexistent,4
0,11,telephone,(null),1,unknown,3899,high.school,0,unknown,retired,unknown,single,nov,159,success,6
1,11,telephone,(null),1,unknown,3899,high.school,0,unknown,retired,unknown,single,nov,159,success,6
0,7,telephone,thu,1,unknown,3790,professional.course,-1,unknown,management,unknown,married,oct,158,nonexistent,3
1,7,telephone,thu,1,unknown,3790,professional.course,-1,unknown,management,unknown,married,oct,158,nonexistent,3
0,11,telephone,(null),1,unknown,3899,professional.course,0,unknown,management,unknown,single,may,163,success,6
1,11,telephone,(null),1,unknown,3899,professional.course,0,unknown,management,unknown,single,may,163,success,6
0,21,telephone,(null),1,unknown,4133,university.degree,0,unknown,unemployed,unknown,single,nov,155,success,6
1,21,telephone,(null),1,unknown,4133,university.degree,0,unknown,unemployed,unknown,single,nov,155,success,6
0,22,telephone,fri,0,unknown,3844,illiterate,-1,unknown,student,unknown,married,aug,149,nonexistent,4
1,22,telephone,fri,0,unknown,3844,illiterate,-1,unknown,student,unknown,married,aug,149,nonexistent,4
0,24,telephone,(null),1,unknown,3813,professional.course,0,unknown,management,unknown,single,may,154,success,5
1,24,telephone,(null),1,unknown,3813,professional.course,0,unknown,management,unknown,single,may,154,success,5
0,24,telephone,(null),0,unknown,3891,professional.course,0,unknown,management,unknown,single,nov,147,success,6
1,24,telephone,(null),0,unknown,3891,professional.course,0,unknown,management,unknown,single,nov,147,success,6
0,24,telephone,(null),1,unknown,3821,professional.course,0,unknown,management,unknown,single,may,147,success,6
1,24,telephone,(null),1,unknown,3821,professional.course,0,unknown,management,unknown,single,may,147,success,6
0,17,telephone,fri,0,unknown,3961,illiterate,-1,unknown,technician,unknown,married,oct,153,nonexistent,4
1,17,telephone,fri,0,unknown,3961,illiterate,-1,unknown,technician,unknown,married,oct,153,nonexistent,4
0,18,telephone,(null),0,unknown,3977,university.degree,0,unknown,unemployed,unknown,single,may,155,success,6
1,18,telephone,(null),0,unknown,3977,university.degree,0,unknown,unemployed,unknown,single,may,155,success,6
0,17,telephone,fri,0,unknown,3805,professional.course,-1,unknown,technician,unknown,married,apr,151,nonexistent,4
1,17,telephone,fri,0,unknown,3805,professional.course,-1,unknown,technician,unknown,married,apr,151,nonexistent,4
0,18,telephone,(null),0,unknown,3821,high.school,0,unknown,unemployed,unknown,single,may,151,success,6
1,18,telephone,(null),0,unknown,3821,high.school,0,unknown,unemployed,unknown,single,may,151,success,6
0,17,telephone,(null),1,unknown,3813,university.degree,0,unknown,entrepreneur,unknown,single,nov,154,success,5
1,17,telephone,(null),1,unknown,3813,university.degree,0,unknown,entrepreneur,unknown,single,nov,154,success,5
0,18,telephone,(null),0,unknown,3821,university.degree,0,unknown,retired,unknown,single,may,155,success,6
1,18,telephone,(null),0,unknown,3821,university.degree,0,unknown,retired,unknown,single,may,155,success,6
0,24,telephone,(null),1,unknown,3891,professional.course,0,unknown,unemployed,unknown,single,nov,138,success,6
1,24,telephone,(null),1,unknown,3891,professional.course,0,unknown,unemployed,unknown,single,nov,138,success,6
0,24,telephone,(null),1,unknown,3813,professional.course,0,unknown,management,unknown,single,nov,138,success,5
1,24,telephone,(null),1,unknown,3813,professional.course,0,unknown,management,unknown,single,nov,138,success,5
0,25,telephone,(null),1,unknown,3813,professional.course,0,unknown,management,unknown,single,nov,130,success,5
1,25,telephone,(null),1,unknown,3813,professional.course,0,unknown,management,unknown,single,nov,130,success,5
0,10,telephone,(null),0,unknown,3969,university.degree,0,unknown,technician,unknown,single,nov,154,success,5
1,10,telephone,(null),0,unknown,3969,university.degree,0,unknown,technician,unknown,single,nov,154,success,5
0,11,telephone,(null),0,unknown,3899,university.degree,0,unknown,student,unknown,single,nov,151,success,6
1,11,telephone,(null),0,unknown,3899,university.degree,0,unknown,student,unknown,single,nov,151,success,6
0,10,telephone,(null),0,unknown,3891,basic.9y,0,unknown,technician,unknown,single,nov,154,success,5
1,10,telephone,(null),0,unknown,3891,basic.9y,0,unknown,technician,unknown,single,nov,154,success,5
0,7,telephone,thu,1,unknown,3790,professional.course,-1,unknown,student,unknown,married,oct,152,nonexistent,3
1,7,telephone,thu,1,unknown,3790,professional.course,-1,unknown,student,unknown,married,oct,152,nonexistent,3
0,11,telephone,(null),0,unknown,3891,professional.course,0,unknown,unemployed,unknown,single,may,155,success,6
1,11,telephone,(null),0,unknown,3891,professional.course,0,unknown,unemployed,unknown,single,may,155,success,6
0,26,cellular,mon,1,no,3673,basic.4y,-3,no,admin.,no,divorced,jan,133,failure,0
1,26,cellular,mon,1,no,3673,basic.4y,-3,no,admin.,no,divorced,jan,133,failure,0
0,26,cellular,tue,0,no,3688,basic.6y,-3,no,blue-collar,no,divorced,feb,126,failure,1
1,26,cellular,tue,0,no,3688,basic.6y,-3,no,blue-collar,no,divorced,feb,126,failure,1
0,20,cellular,tue,0,no,3680,basic.6y,-3,no,self-employed,no,divorced,jan,157,failure,0
1,20,cellular,tue,0,no,3680,basic.6y,-3,no,self-employed,no,divorced,jan,157,failure,0
0,20,cellular,tue,0,no,3625,basic.6y,-3,no,blue-collar,no,divorced,mar,159,failure,1
1,20,cellular,tue,0,no,3625,basic.6y,-3,no,blue-collar,no,divorced,mar,159,failure,1
0,20,cellular,mon,1,no,3439,basic.4y,-3,no,admin.,no,divorced,jan,157,failure,0
1,20,cellular,mon,1,no,3439,basic.4y,-3,no,admin.,no,divorced,jan,157,failure,0
0,14,cellular,tue,0,no,3680,basic.4y,-3,no,housemaid,no,divorced,jan,165,failure,0
1,14,cellular,tue,0,no,3680,basic.4y,-3,no,housemaid,no,divorced,jan,165,failure,0
0,14,cellular,mon,0,no,3595,basic.4y,-3,no,housemaid,no,divorced,jul,157,failure,0
1,14,cellular,mon,0,no,3595,basic.4y,-3,no,housemaid,no,divorced,jul,157,failure,0
0,14,cellular,tue,0,no,3454,basic.6y,-3,no,admin.,no,divorced,feb,157,failure,0
1,14,cellular,tue,0,no,3454,basic.6y,-3,no,admin.,no,divorced,feb,157,failure,0
0,1,cellular,mon,1,no,3595,basic.4y,-3,no,self-employed,no,divorced,jan,165,failure,0
1,1,cellular,mon,1,no,3595,basic.4y,-3,no,self-employed,no,divorced,jan,165,failure,0
0,3,cellular,tue,1,no,3688,illiterate,-3,no,housemaid,no,divorced,feb,165,failure,1
1,3,cellular,tue,1,no,3688,illiterate,-3,no,housemaid,no,divorced,feb,165,failure,1
0,3,cellular,tue,0,no,3610,basic.6y,-3,no,housemaid,no,divorced,feb,165,failure,1
1,3,cellular,tue,0,no,3610,basic.6y,-3,no,housemaid,no,divorced,feb,165,failure,1
0,2,cellular,tue,0,no,3602,basic.4y,-3,no,self-employed,no,divorced,jul,157,failure,0
1,2,cellular,tue,0,no,3602,basic.4y,-3,no,self-employed,no,divorced,jul,157,failure,0
0,5,cellular,wed,1,no,3703,basic.6y,-2,no,services,no,married,mar,162,nonexistent,2
1,5,cellular,wed,1,no,3703,basic.6y,-2,no,services,no,married,mar,162,nonexistent,2
0,3,cellular,tue,0,no,3610,basic.6y,-3,no,technician,no,divorced,feb,157,failure,1
1,3,cellular,tue,0,no,3610,basic.6y,-3,no,technician,no,divorced,feb,157,failure,1
0,7,telephone,thu,1,unknown,3672,high.school,-1,unknown,housemaid,unknown,married,jul,160,nonexistent,3
1,7,telephone,thu,1,unknown,3672,high.school,-1,unknown,housemaid,unknown,married,jul,160,nonexistent,3
0,4,cellular,wed,0,no,3540,basic.6y,-2,no,blue-collar,no,married,aug,159,nonexistent,2
1,4,cellular,wed,0,no,3540,basic.6y,-2,no,blue-collar,no,married,aug,159,nonexistent,2
0,5,cellular,wed,1,no,3547,basic.9y,-2,no,blue-collar,no,married,mar,162,nonexistent,2
1,5,cellular,wed,1,no,3547,basic.9y,-2,no,blue-collar,no,married,mar,162,nonexistent,2
0,4,cellular,wed,1,no,3462,basic.9y,-2,no,blue-collar,no,married,feb,159,nonexistent,2
1,4,cellular,wed,1,no,3462,basic.9y,-2,no,blue-collar,no,married,feb,159,nonexistent,2
0,20,cellular,tue,0,no,3688,basic.6y,-3,no,services,no,divorced,aug,149,failure,1
1,20,cellular,tue,0,no,3688,basic.6y,-3,no,services,no,divorced,aug,149,failure,1
0,23,cellular,tue,1,no,3625,basic.6y,-3,no,services,no,divorced,feb,150,failure,1
1,23,cellular,tue,1,no,3625,basic.6y,-3,no,services,no,divorced,feb,150,failure,1
0,20,cellular,wed,1,no,3696,basic.9y,-2,no,services,no,married,feb,153,nonexistent,2
1,20,cellular,wed,1,no,3696,basic.9y,-2,no,services,no,married,feb,153,nonexistent,2
0,22,telephone,thu,1,unknown,3672,high.school,-1,unknown,student,unknown,married,jul,144,nonexistent,3
1,22,telephone,thu,1,unknown,3672,high.school,-1,unknown,student,unknown,married,jul,144,nonexistent,3
0,23,cellular,tue,1,no,3625,basic.6y,-3,no,blue-collar,no,divorced,aug,150,failure,1
1,23,cellular,tue,1,no,3625,basic.6y,-3,no,blue-collar,no,divorced,aug,150,failure,1
0,24,telephone,thu,1,unknown,3672,high.school,-1,unknown,housemaid,unknown,married,apr,152,nonexistent,3
1,24,telephone,thu,1,unknown,3672,high.school,-1,unknown,housemaid,unknown,married,apr,152,nonexistent,3
0,21,telephone,thu,1,unknown,3633,high.school,-1,unknown,management,unknown,married,apr,152,nonexistent,3
1,21,telephone,thu,1,unknown,3633,high.school,-1,unknown,management,unknown,married,apr,152,nonexistent,3
0,21,telephone,fri,1,unknown,3648,illiterate,-1,unknown,blue-collar,unknown,married,apr,153,nonexistent,4
1,21,telephone,fri,1,unknown,3648,illiterate,-1,unknown,blue-collar,unknown,married,apr,153,nonexistent,4
0,23,telephone,fri,0,unknown,3703,illiterate,-1,unknown,housemaid,unknown,married,oct,145,nonexistent,4
1,23,telephone,fri,0,unknown,3703,illiterate,-1,unknown,housemaid,unknown,married,oct,145,nonexistent,4
0,24,telephone,fri,0,unknown,3703,illiterate,-1,unknown,housemaid,unknown,married,apr,145,nonexistent,4
1,24,telephone,fri,0,unknown,3703,illiterate,-1,unknown,housemaid,unknown,married,apr,145,nonexistent,4
0,23,cellular,mon,0,no,3517,basic.4y,-3,no,self-employed,no,divorced,jan,149,failure,0
1,23,cellular,mon,0,no,3517,basic.4y,-3,no,self-employed,no,divorced,jan,149,failure,0
0,23,cellular,tue,1,no,3524,basic.6y,-3,no,self-employed,no,divorced,jan,141,failure,0
1,23,cellular,tue,1,no,3524,basic.6y,-3,no,self-employed,no,divorced,jan,141,failure,0
0,23,cellular,mon,0,no,3517,basic.4y,-3,no,admin.,no,divorced,jul,149,failure,0
1,23,cellular,mon,0,no,3517,basic.4y,-3,no,admin.,no,divorced,jul,149,failure,0
0,23,cellular,mon,1,no,3439,basic.4y,-3,no,admin.,no,divorced,jan,149,failure,0
1,23,cellular,mon,1,no,3439,basic.4y,-3,no,admin.,no,divorced,jan,149,failure,0
0,20,cellular,wed,1,no,3462,basic.9y,-2,no,blue-collar,no,married,feb,151,nonexistent,2
1,20,cellular,wed,1,no,3462,basic.9y,-2,no,blue-collar,no,married,feb,151,nonexistent,2
0,21,cellular,wed,0,no,3500,basic.9y,-2,no,entrepreneur,no,married,sep,143,nonexistent,2
1,21,cellular,wed,0,no,3500,basic.9y,-2,no,entrepreneur,no,married,sep,143,nonexistent,2
0,22,telephone,fri,1,unknown,3531,illiterate,-1,unknown,housemaid,unknown,married,apr,145,nonexistent,4
1,22,telephone,fri,1,unknown,3531,illiterate,-1,unknown,housemaid,unknown,married,apr,145,nonexistent,4
0,16,telephone,thu,1,unknown,3711,high.school,-1,unknown,student,unknown,married,apr,152,nonexistent,3
1,16,telephone,thu,1,unknown,3711,high.school,-1,unknown,student,unknown,married,apr,152,nonexistent,3
0,16,telephone,thu,1,unknown,3633,basic.9y,-1,unknown,student,unknown,married,apr,150,nonexistent,3
1,16,telephone,thu,1,unknown,3633,basic.9y,-1,unknown,student,unknown,married,apr,150,nonexistent,3
0,15,cellular,wed,1,no,3618,professional.course,-2,no,services,no,married,aug,143,nonexistent,2
1,15,cellular,wed,1,no,3618,professional.course,-2,no,services,no,married,aug,143,nonexistent,2
0,17,telephone,(null),1,unknown,3734,professional.course,0,unknown,technician,unknown,single,may,146,success,5
1,17,telephone,(null),1,unknown,3734,professional.course,0,unknown,technician,unknown,single,may,146,success,5
0,16,telephone,thu,0,unknown,3633,professional.course,-1,unknown,student,unknown,married,apr,146,nonexistent,3
1,16,telephone,thu,0,unknown,3633,professional.course,-1,unknown,student,unknown,married,apr,146,nonexistent,3
0,16,telephone,fri,1,unknown,3719,professional.course,-1,unknown,blue-collar,unknown,married,oct,153,nonexistent,4
1,16,telephone,fri,1,unknown,3719,professional.course,-1,unknown,blue-collar,unknown,married,oct,153,nonexistent,4
0,17,telephone,(null),0,unknown,3734,basic.9y,0,unknown,entrepreneur,unknown,single,nov,154,success,5
1,17,telephone,(null),0,unknown,3734,basic.9y,0,unknown,entrepreneur,unknown,single,nov,154,success,5
0,15,cellular,wed,1,no,3625,professional.course,-2,no,blue-collar,no,married,sep,151,nonexistent,2
1,15,cellular,wed,1,no,3625,professional.course,-2,no,blue-collar,no,married,sep,151,nonexistent,2
0,17,telephone,fri,0,unknown,3726,professional.course,-1,unknown,management,unknown,married,apr,153,nonexistent,4
1,17,telephone,fri,0,unknown,3726,professional.course,-1,unknown,management,unknown,married,apr,153,nonexistent,4
0,16,telephone,thu,0,unknown,3633,professional.course,-1,unknown,management,unknown,married,apr,152,nonexistent,3
1,16,telephone,thu,0,unknown,3633,professional.course,-1,unknown,management,unknown,married,apr,152,nonexistent,3
0,17,telephone,fri,0,unknown,3648,basic.9y,-1,unknown,management,unknown,married,apr,153,nonexistent,4
1,17,telephone,fri,0,unknown,3648,basic.9y,-1,unknown,management,unknown,married,apr,153,nonexistent,4
0,14,cellular,tue,0,no,3524,basic.4y,-3,no,self-employed,no,divorced,jan,153,failure,0
1,14,cellular,tue,0,no,3524,basic.4y,-3,no,self-employed,no,divorced,jan,153,failure,0
0,15,cellular,wed,1,no,3540,basic.6y,-2,no,services,no,married,feb,149,nonexistent,2
1,15,cellular,wed,1,no,3540,basic.6y,-2,no,services,no,married,feb,149,nonexistent,2
0,14,cellular,wed,0,no,3540,basic.9y,-2,no,services,no,married,aug,143,nonexistent,2
1,14,cellular,wed,0,no,3540,basic.9y,-2,no,services,no,married,aug,143,nonexistent,2
0,15,cellular,wed,0,no,3462,professional.course,-2,no,services,no,married,feb,141,nonexistent,2
1,15,cellular,wed,0,no,3462,professional.course,-2,no,services,no,married,feb,141,nonexistent,2
0,14,cellular,tue,1,no,3532,basic.6y,-3,no,housemaid,no,divorced,aug,150,failure,1
1,14,cellular,tue,1,no,3532,basic.6y,-3,no,housemaid,no,divorced,aug,150,failure,1
0,14,cellular,tue,1,no,3454,basic.6y,-3,no,admin.,no,divorced,aug,150,failure,1
1,14,cellular,tue,1,no,3454,basic.6y,-3,no,admin.,no,divorced,aug,150,failure,1
0,15,cellular,wed,0,no,3540,professional.course,-2,no,management,no,married,feb,151,nonexistent,2
1,15,cellular,wed,0,no,3540,professional.course,-2,no,management,no,married,feb,151,nonexistent,2
0,14,cellular,tue,0,no,3446,illiterate,-3,no,housemaid,no,divorced,jan,149,failure,0
1,14,cellular,tue,0,no,3446,illiterate,-3,no,housemaid,no,divorced,jan,149,failure,0
0,16,telephone,fri,0,unknown,3563,basic.9y,-1,unknown,management,unknown,married,oct,145,nonexistent,4
1,16,telephone,fri,0,unknown,3563,basic.9y,-1,unknown,management,unknown,married,oct,145,nonexistent,4
0,17,telephone,fri,0,unknown,3570,illiterate,-1,unknown,blue-collar,unknown,married,oct,145,nonexistent,4
1,17,telephone,fri,0,unknown,3570,illiterate,-1,unknown,blue-collar,unknown,married,oct,145,nonexistent,4
0,17,telephone,(null),1,unknown,3500,professional.course,0,unknown,entrepreneur,unknown,single,may,146,success,5
1,17,telephone,(null),1,unknown,3500,professional.course,0,unknown,entrepreneur,unknown,single,may,146,success,5
0,23,telephone,fri,1,unknown,3703,illiterate,-1,unknown,technician,unknown,married,sep,135,nonexistent,4
1,23,telephone,fri,1,unknown,3703,illiterate,-1,unknown,technician,unknown,married,sep,135,nonexistent,4
0,23,telephone,(null),1,unknown,3718,professional.course,0,unknown,management,unknown,single,oct,136,success,5
1,23,telephone,(null),1,unknown,3718,professional.course,0,unknown,management,unknown,single,oct,136,success,5
0,22,telephone,thu,1,unknown,3516,high.school,-1,unknown,student,unknown,married,jul,132,nonexistent,3
1,22,telephone,thu,1,unknown,3516,high.school,-1,unknown,student,unknown,married,jul,132,nonexistent,3
0,22,telephone,fri,1,unknown,3531,illiterate,-1,unknown,housemaid,unknown,married,aug,133,nonexistent,4
1,22,telephone,fri,1,unknown,3531,illiterate,-1,unknown,housemaid,unknown,married,aug,133,nonexistent,4
0,17,telephone,(null),1,unknown,3734,university.degree,0,unknown,technician,unknown,single,nov,139,success,5
1,17,telephone,(null),1,unknown,3734,university.degree,0,unknown,technician,unknown,single,nov,139,success,5
0,17,telephone,(null),0,unknown,3656,basic.9y,0,unknown,technician,unknown,single,nov,139,success,5
1,17,telephone,(null),0,unknown,3656,basic.9y,0,unknown,technician,unknown,single,nov,139,success,5
0,17,telephone,fri,0,unknown,3547,illiterate,-1,unknown,technician,unknown,married,sep,135,nonexistent,4
1,17,telephone,fri,0,unknown,3547,illiterate,-1,unknown,technician,unknown,married,sep,135,nonexistent,4
0,17,telephone,(null),1,unknown,3500,basic.9y,0,unknown,retired,unknown,single,nov,138,success,5
1,17,telephone,(null),1,unknown,3500,basic.9y,0,unknown,retired,unknown,single,nov,138,success,5
0,20,cellular,tue,0,no,3290,basic.6y,-3,no,admin.,no,divorced,jul,141,failure,0
1,20,cellular,tue,0,no,3290,basic.6y,-3,no,admin.,no,divorced,jul,141,failure,0
0,14,cellular,mon,0,no,3361,basic.4y,-3,no,self-employed,no,divorced,jul,141,failure,0
1,14,cellular,mon,0,no,3361,basic.4y,-3,no,self-employed,no,divorced,jul,141,failure,0
0,14,cellular,tue,1,no,3376,basic.6y,-3,no,housemaid,no,divorced,aug,142,failure,1
1,14,cellular,tue,1,no,3376,basic.6y,-3,no,housemaid,no,divorced,aug,142,failure,1
0,14,cellular,wed,1,no,3391,basic.9y,-2,no,blue-collar,no,married,sep,143,nonexistent,2
1,14,cellular,wed,1,no,3391,basic.9y,-2,no,blue-collar,no,married,sep,143,nonexistent,2
0,17,cellular,tue,1,no,3133,basic.6y,-3,no,admin.,no,divorced,jan,141,failure,0
1,17,cellular,tue,1,no,3133,basic.6y,-3,no,admin.,no,divorced,jan,141,failure,0
0,21,cellular,wed,1,no,3329,basic.9y,-2,no,services,no,married,apr,129,nonexistent,2
1,21,cellular,wed,1,no,3329,basic.9y,-2,no,services,no,married,apr,129,nonexistent,2
0,21,cellular,wed,0,no,3344,basic.9y,-2,no,entrepreneur,no,married,may,135,nonexistent,2
1,21,cellular,wed,0,no,3344,basic.9y,-2,no,entrepreneur,no,married,may,135,nonexistent,2
0,21,telephone,(null),1,unknown,3422,professional.course,0,unknown,management,unknown,single,nov,130,success,5
1,21,telephone,(null),1,unknown,3422,professional.course,0,unknown,management,unknown,single,nov,130,success,5
0,21,telephone,fri,1,unknown,3329,illiterate,-1,unknown,housemaid,unknown,married,oct,129,nonexistent,4
1,21,telephone,fri,1,unknown,3329,illiterate,-1,unknown,housemaid,unknown,married,oct,129,nonexistent,4
0,22,telephone,thu,1,unknown,3360,high.school,-1,unknown,housemaid,unknown,married,apr,128,nonexistent,3
1,22,telephone,thu,1,unknown,3360,high.school,-1,unknown,housemaid,unknown,married,apr,128,nonexistent,3
0,20,cellular,tue,1,no,3141,basic.6y,-3,no,self-employed,no,divorced,feb,126,failure,0
1,20,cellular,tue,1,no,3141,basic.6y,-3,no,self-employed,no,divorced,feb,126,failure,0
0,20,cellular,tue,0,no,3141,basic.6y,-3,no,admin.,no,divorced,jul,133,failure,0
1,20,cellular,tue,0,no,3141,basic.6y,-3,no,admin.,no,divorced,jul,133,failure,0
0,20,cellular,tue,0,no,3157,basic.6y,-3,no,blue-collar,no,divorced,feb,134,failure,1
1,20,cellular,tue,0,no,3157,basic.6y,-3,no,blue-collar,no,divorced,feb,134,failure,1
0,20,cellular,wed,0,no,3172,basic.9y,-2,no,blue-collar,no,married,aug,127,nonexistent,2
1,20,cellular,wed,0,no,3172,basic.9y,-2,no,blue-collar,no,married,aug,127,nonexistent,2
0,21,telephone,fri,0,unknown,3219,illiterate,-1,unknown,housemaid,unknown,married,apr,129,nonexistent,4
1,21,telephone,fri,0,unknown,3219,illiterate,-1,unknown,housemaid,unknown,married,apr,129,nonexistent,4
0,17,cellular,wed,1,no,3384,basic.9y,-2,no,services,no,married,aug,133,nonexistent,2
1,17,cellular,wed,1,no,3384,basic.9y,-2,no,services,no,married,aug,133,nonexistent,2
0,18,telephone,thu,1,unknown,3399,high.school,-1,unknown,student,unknown,married,apr,136,nonexistent,3
1,18,telephone,thu,1,unknown,3399,high.school,-1,unknown,student,unknown,married,apr,136,nonexistent,3
0,18,telephone,thu,0,unknown,3321,high.school,-1,unknown,student,unknown,married,oct,126,nonexistent,3
1,18,telephone,thu,0,unknown,3321,high.school,-1,unknown,student,unknown,married,oct,126,nonexistent,3
0,17,telephone,(null),1,unknown,3406,professional.course,0,unknown,technician,unknown,single,may,130,success,5
1,17,telephone,(null),1,unknown,3406,professional.course,0,unknown,technician,unknown,single,may,130,success,5
0,17,telephone,fri,0,unknown,3336,illiterate,-1,unknown,management,unknown,married,oct,129,nonexistent,4
1,17,telephone,fri,0,unknown,3336,illiterate,-1,unknown,management,unknown,married,oct,129,nonexistent,4
0,17,cellular,tue,1,no,3220,basic.6y,-3,no,services,no,divorced,feb,134,failure,1
1,17,cellular,tue,1,no,3220,basic.6y,-3,no,services,no,divorced,feb,134,failure,1
0,14,cellular,wed,1,no,3228,basic.6y,-2,no,services,no,married,feb,135,nonexistent,2
1,14,cellular,wed,1,no,3228,basic.6y,-2,no,services,no,married,feb,135,nonexistent,2
0,14,cellular,tue,1,no,3133,basic.6y,-3,no,self-employed,no,divorced,jan,133,failure,0
1,14,cellular,tue,1,no,3133,basic.6y,-3,no,self-employed,no,divorced,jan,133,failure,0
0,15,cellular,wed,1,no,3157,basic.9y,-2,no,student,no,married,mar,127,nonexistent,2
1,15,cellular,wed,1,no,3157,basic.9y,-2,no,student,no,married,mar,127,nonexistent,2
0,15,telephone,thu,0,unknown,3243,high.school,-1,unknown,management,unknown,married,apr,136,nonexistent,3
1,15,telephone,thu,0,unknown,3243,high.school,-1,unknown,management,unknown,married,apr,136,nonexistent,3
0,15,telephone,fri,1,unknown,3258,illiterate,-1,unknown,blue-collar,unknown,married,apr,137,nonexistent,4
1,15,telephone,fri,1,unknown,3258,illiterate,-1,unknown,blue-collar,unknown,married,apr,137,nonexistent,4
0,14,cellular,wed,1,no,3157,basic.9y,-2,no,management,no,married,sep,127,nonexistent,2
1,14,cellular,wed,1,no,3157,basic.9y,-2,no,management,no,married,sep,127,nonexistent,2
0,17,telephone,(null),1,unknown,3266,professional.course,0,unknown,retired,unknown,single,may,130,success,5
1,17,telephone,(null),1,unknown,3266,professional.course,0,unknown,retired,unknown,single,may,130,success,5
0,17,telephone,fri,0,unknown,3180,illiterate,-1,unknown,housemaid,unknown,married,apr,129,nonexistent,4
1,17,telephone,fri,0,unknown,3180,illiterate,-1,unknown,housemaid,unknown,married,apr,129,nonexistent,4
0,8,telephone,fri,1,unknown,3719,basic.9y,-1,unknown,student,unknown,married,oct,150,nonexistent,4
1,8,telephone,fri,1,unknown,3719,basic.9y,-1,unknown,student,unknown,married,oct,150,nonexistent,4
0,3,cellular,tue,1,no,3610,illiterate,-3,no,services,no,divorced,aug,150,failure,1
1,3,cellular,tue,1,no,3610,illiterate,-3,no,services,no,divorced,aug,150,failure,1
0,4,cellular,wed,0,no,3618,basic.6y,-2,no,services,no,married,aug,153,nonexistent,2
1,4,cellular,wed,0,no,3618,basic.6y,-2,no,services,no,married,aug,153,nonexistent,2
0,7,telephone,thu,0,unknown,3633,basic.9y,-1,unknown,services,unknown,married,oct,150,nonexistent,3
1,7,telephone,thu,0,unknown,3633,basic.9y,-1,unknown,services,unknown,married,oct,150,nonexistent,3
0,8,telephone,fri,0,unknown,3719,professional.course,-1,unknown,student,unknown,married,apr,153,nonexistent,4
1,8,telephone,fri,0,unknown,3719,professional.course,-1,unknown,student,unknown,married,apr,153,nonexistent,4
0,9,telephone,fri,1,unknown,3726,basic.9y,-1,unknown,technician,unknown,married,apr,155,nonexistent,4
1,9,telephone,fri,1,unknown,3726,basic.9y,-1,unknown,technician,unknown,married,apr,155,nonexistent,4
0,5,cellular,wed,1,no,3625,professional.course,-2,no,services,no,married,mar,154,nonexistent,2
1,5,cellular,wed,1,no,3625,professional.course,-2,no,services,no,married,mar,154,nonexistent,2
0,8,telephone,fri,1,unknown,3719,professional.course,-1,unknown,student,unknown,married,oct,146,nonexistent,4
1,8,telephone,fri,1,unknown,3719,professional.course,-1,unknown,student,unknown,married,oct,146,nonexistent,4
0,9,telephone,fri,1,unknown,3648,basic.9y,-1,unknown,services,unknown,married,oct,147,nonexistent,4
1,9,telephone,fri,1,unknown,3648,basic.9y,-1,unknown,services,unknown,married,oct,147,nonexistent,4
0,11,telephone,(null),1,unknown,3664,high.school,0,unknown,student,unknown,single,nov,143,success,6
1,11,telephone,(null),1,unknown,3664,high.school,0,unknown,student,unknown,single,nov,143,success,6
0,10,telephone,(null),0,unknown,3656,professional.course,0,unknown,technician,unknown,single,may,146,success,5
1,10,telephone,(null),0,unknown,3656,professional.course,0,unknown,technician,unknown,single,may,146,success,5
0,8,telephone,fri,0,unknown,3719,professional.course,-1,unknown,management,unknown,married,oct,153,nonexistent,4
1,8,telephone,fri,0,unknown,3719,professional.course,-1,unknown,management,unknown,married,oct,153,nonexistent,4
0,10,telephone,(null),0,unknown,3734,university.degree,0,unknown,entrepreneur,unknown,single,nov,154,success,5
1,10,telephone,(null),0,unknown,3734,university.degree,0,unknown,entrepreneur,unknown,single,nov,154,success,5
0,11,telephone,(null),0,unknown,3734,professional.course,0,unknown,management,unknown,single,may,155,success,6
1,11,telephone,(null),0,unknown,3734,professional.course,0,unknown,management,unknown,single,may,155,success,6
0,3,cellular,tue,1,no,3532,basic.6y,-3,no,services,no,divorced,aug,150,failure,1
1,3,cellular,tue,1,no,3532,basic.6y,-3,no,services,no,divorced,aug,150,failure,1
0,2,cellular,tue,0,no,3446,basic.4y,-3,no,self-employed,no,divorced,jul,149,failure,0
1,2,cellular,tue,0,no,3446,basic.4y,-3,no,self-employed,no,divorced,jul,149,failure,0
0,4,cellular,wed,0,no,3540,professional.course,-2,no,services,no,married,feb,151,nonexistent,2
1,4,cellular,wed,0,no,3540,professional.course,-2,no,services,no,married,feb,151,nonexistent,2
0,3,cellular,tue,0,no,3454,basic.6y,-3,no,services,no,divorced,feb,153,failure,1
1,3,cellular,tue,0,no,3454,basic.6y,-3,no,services,no,divorced,feb,153,failure,1
0,2,cellular,tue,1,no,3524,illiterate,-3,no,housemaid,no,divorced,jul,153,failure,0
1,2,cellular,tue,1,no,3524,illiterate,-3,no,housemaid,no,divorced,jul,153,failure,0
0,11,telephone,(null),0,unknown,3586,university.degree,0,unknown,entrepreneur,unknown,single,may,151,success,6
1,11,telephone,(null),0,unknown,3586,university.degree,0,unknown,entrepreneur,unknown,single,may,151,success,6
0,11,telephone,(null),0,unknown,3586,high.school,0,unknown,entrepreneur,unknown,single,may,155,success,6
1,11,telephone,(null),0,unknown,3586,high.school,0,unknown,entrepreneur,unknown,single,may,155,success,6
0,7,telephone,thu,1,unknown,3555,professional.course,-1,unknown,services,unknown,married,oct,142,nonexistent,3
1,7,telephone,thu,1,unknown,3555,professional.course,-1,unknown,services,unknown,married,oct,142,nonexistent,3
0,4,cellular,wed,1,no,3540,basic.6y,-2,no,technician,no,married,aug,145,nonexistent,2
1,4,cellular,wed,1,no,3540,basic.6y,-2,no,technician,no,married,aug,145,nonexistent,2
0,4,cellular,wed,1,no,3462,professional.course,-2,no,services,no,married,aug,141,nonexistent,2
1,4,cellular,wed,1,no,3462,professional.course,-2,no,services,no,married,aug,141,nonexistent,2
0,2,cellular,tue,0,no,3446,basic.4y,-3,no,technician,no,divorced,jul,145,failure,0
1,2,cellular,tue,0,no,3446,basic.4y,-3,no,technician,no,divorced,jul,145,failure,0
0,3,cellular,tue,0,no,3454,illiterate,-3,no,technician,no,divorced,feb,145,failure,1
1,3,cellular,tue,0,no,3454,illiterate,-3,no,technician,no,divorced,feb,145,failure,1
0,1,cellular,mon,0,no,3361,illiterate,-3,no,self-employed,no,divorced,jan,149,failure,0
1,1,cellular,mon,0,no,3361,illiterate,-3,no,self-employed,no,divorced,jan,149,failure,0
0,3,cellular,tue,1,no,3376,illiterate,-3,no,housemaid,no,divorced,feb,150,failure,1
1,3,cellular,tue,1,no,3376,illiterate,-3,no,housemaid,no,divorced,feb,150,failure,1
0,9,telephone,fri,0,unknown,3414,basic.9y,-1,unknown,blue-collar,unknown,married,apr,151,nonexistent,4
1,9,telephone,fri,0,unknown,3414,basic.9y,-1,unknown,blue-collar,unknown,married,apr,151,nonexistent,4
0,3,cellular,tue,0,no,3298,basic.6y,-3,no,housemaid,no,divorced,feb,150,failure,1
1,3,cellular,tue,0,no,3298,basic.6y,-3,no,housemaid,no,divorced,feb,150,failure,1
0,4,cellular,wed,0,no,3306,basic.6y,-2,no,blue-collar,no,married,feb,153,nonexistent,2
1,4,cellular,wed,0,no,3306,basic.6y,-2,no,blue-collar,no,married,feb,153,nonexistent,2
0,7,telephone,thu,1,unknown,3321,basic.9y,-1,unknown,blue-collar,unknown,married,apr,150,nonexistent,3
1,7,telephone,thu,1,unknown,3321,basic.9y,-1,unknown,blue-collar,unknown,married,apr,150,nonexistent,3
0,2,cellular,tue,1,no,3298,basic.6y,-3,no,self-employed,no,divorced,jul,141,failure,0
1,2,cellular,tue,1,no,3298,basic.6y,-3,no,self-employed,no,divorced,jul,141,failure,0
0,3,cellular,tue,0,no,3298,illiterate,-3,no,services,no,divorced,feb,141,failure,1
1,3,cellular,tue,0,no,3298,illiterate,-3,no,services,no,divorced,feb,141,failure,1
0,5,cellular,wed,1,no,3391,basic.9y,-2,no,management,no,married,sep,143,nonexistent,2
1,5,cellular,wed,1,no,3391,basic.9y,-2,no,management,no,married,sep,143,nonexistent,2
0,4,cellular,wed,1,no,3306,basic.6y,-2,no,management,no,married,aug,143,nonexistent,2
1,4,cellular,wed,1,no,3306,basic.6y,-2,no,management,no,married,aug,143,nonexistent,2
0,10,telephone,(null),0,unknown,3422,professional.course,0,unknown,entrepreneur,unknown,single,may,146,success,5
1,10,telephone,(null),0,unknown,3422,professional.course,0,unknown,entrepreneur,unknown,single,may,146,success,5
0,7,telephone,thu,0,unknown,3321,professional.course,-1,unknown,blue-collar,unknown,married,apr,146,nonexistent,3
1,7,telephone,thu,0,unknown,3321,professional.course,-1,unknown,blue-collar,unknown,married,apr,146,nonexistent,3
0,4,cellular,wed,1,no,3172,basic.9y,-2,no,blue-collar,no,married,apr,143,nonexistent,2
1,4,cellular,wed,1,no,3172,basic.9y,-2,no,blue-collar,no,married,apr,143,nonexistent,2
0,10,telephone,(null),1,unknown,3578,university.degree,0,unknown,technician,unknown,single,nov,135,success,5
1,10,telephone,(null),1,unknown,3578,university.degree,0,unknown,technician,unknown,single,nov,135,success,5
0,8,telephone,fri,1,unknown,3485,illiterate,-1,unknown,student,unknown,married,oct,137,nonexistent,4
1,8,telephone,fri,1,unknown,3485,illiterate,-1,unknown,student,unknown,married,oct,137,nonexistent,4
0,11,telephone,(null),0,unknown,3508,university.degree,0,unknown,unemployed,unknown,single,may,135,success,6
1,11,telephone,(null),0,unknown,3508,university.degree,0,unknown,unemployed,unknown,single,may,135,success,6
0,11,telephone,(null),1,unknown,3508,high.school,0,unknown,unemployed,unknown,single,may,139,success,6
1,11,telephone,(null),1,unknown,3508,high.school,0,unknown,unemployed,unknown,single,may,139,success,6
0,10,telephone,(null),0,unknown,3500,university.degree,0,unknown,retired,unknown,single,nov,138,success,5
1,10,telephone,(null),0,unknown,3500,university.degree,0,unknown,retired,unknown,single,nov,138,success,5
0,5,cellular,wed,1,no,3344,basic.9y,-2,no,student,no,married,sep,135,nonexistent,2
1,5,cellular,wed,1,no,3344,basic.9y,-2,no,student,no,married,sep,135,nonexistent,2
0,9,telephone,fri,1,unknown,3391,illiterate,-1,unknown,technician,unknown,married,oct,129,nonexistent,4
1,9,telephone,fri,1,unknown,3391,illiterate,-1,unknown,technician,unknown,married,oct,129,nonexistent,4
0,11,telephone,(null),0,unknown,3352,high.school,0,unknown,unemployed,unknown,single,may,131,success,6
1,11,telephone,(null),0,unknown,3352,high.school,0,unknown,unemployed,unknown,single,may,131,success,6
0,9,telephone,fri,1,unknown,3391,illiterate,-1,unknown,housemaid,unknown,married,oct,137,nonexistent,4
1,9,telephone,fri,1,unknown,3391,illiterate,-1,unknown,housemaid,unknown,married,oct,137,nonexistent,4
0,11,telephone,(null),0,unknown,3352,university.degree,0,unknown,retired,unknown,single,may,135,success,6
1,11,telephone,(null),0,unknown,3352,university.degree,0,unknown,retired,unknown,single,may,135,success,6
0,11,telephone,(null),1,unknown,3352,high.school,0,unknown,retired,unknown,single,may,139,success,6
1,11,telephone,(null),1,unknown,3352,high.school,0,unknown,retired,unknown,single,may,139,success,6
0,2,cellular,tue,0,no,3212,illiterate,-3,no,self-employed,no,divorced,jul,133,failure,0
1,2,cellular,tue,0,no,3212,illiterate,-3,no,self-employed,no,divorced,jul,133,failure,0
0,4,cellular,wed,0,no,3228,basic.6y,-2,no,services,no,married,aug,133,nonexistent,2
1,4,cellular,wed,0,no,3228,basic.6y,-2,no,services,no,married,aug,133,nonexistent,2
0,2,cellular,tue,0,no,3133,basic.6y,-3,no,self-employed,no,divorced,jul,133,failure,0
1,2,cellular,tue,0,no,3133,basic.6y,-3,no,self-employed,no,divorced,jul,133,failure,0
0,5,cellular,wed,1,no,3235,basic.6y,-2,no,student,no,married,mar,138,nonexistent,2
1,5,cellular,wed,1,no,3235,basic.6y,-2,no,student,no,married,mar,138,nonexistent,2
0,1,cellular,mon,1,no,3126,illiterate,-3,no,technician,no,divorced,jan,133,failure,0
1,1,cellular,mon,1,no,3126,illiterate,-3,no,technician,no,divorced,jan,133,failure,0
0,2,cellular,tue,0,no,3212,illiterate,-3,no,technician,no,divorced,jul,129,failure,0
1,2,cellular,tue,0,no,3212,illiterate,-3,no,technician,no,divorced,jul,129,failure,0
0,2,cellular,tue,1,no,3133,illiterate,-3,no,technician,no,divorced,jul,125,failure,0
1,2,cellular,tue,1,no,3133,illiterate,-3,no,technician,no,divorced,jul,125,failure,0
0,9,telephone,fri,0,unknown,3258,professional.course,-1,unknown,unemployed,unknown,married,apr,127,nonexistent,4
1,9,telephone,fri,0,unknown,3258,professional.course,-1,unknown,unemployed,unknown,married,apr,127,nonexistent,4
0,5,cellular,wed,0,no,3157,professional.course,-2,no,student,no,married,mar,130,nonexistent,2
1,5,cellular,wed,0,no,3157,professional.course,-2,no,student,no,married,mar,130,nonexistent,2
0,9,telephone,fri,0,unknown,3180,basic.9y,-1,unknown,unemployed,unknown,married,apr,127,nonexistent,4
1,9,telephone,fri,0,unknown,3180,basic.9y,-1,unknown,unemployed,unknown,married,apr,127,nonexistent,4
0,7,telephone,thu,0,unknown,3243,high.school,-1,unknown,housemaid,unknown,married,oct,136,nonexistent,3
1,7,telephone,thu,0,unknown,3243,high.school,-1,unknown,housemaid,unknown,married,oct,136,nonexistent,3
0,9,telephone,fri,0,unknown,3258,professional.course,-1,unknown,management,unknown,married,apr,135,nonexistent,4
1,9,telephone,fri,0,unknown,3258,professional.course,-1,unknown,management,unknown,married,apr,135,nonexistent,4
0,5,cellular,wed,1,no,3157,professional.course,-2,no,management,no,married,mar,135,nonexistent,2
1,5,cellular,wed,1,no,3157,professional.course,-2,no,management,no,married,mar,135,nonexistent,2
0,9,telephone,fri,0,unknown,3180,basic.9y,-1,unknown,management,unknown,married,apr,135,nonexistent,4
1,9,telephone,fri,0,unknown,3180,basic.9y,-1,unknown,management,unknown,married,apr,135,nonexistent,4
0,8,telephone,fri,1,unknown,3172,professional.course,-1,unknown,blue-collar,unknown,married,apr,137,nonexistent,4
1,8,telephone,fri,1,unknown,3172,professional.course,-1,unknown,blue-collar,unknown,married,apr,137,nonexistent,4
0,10,telephone,(null),0,unknown,3188,professional.course,0,unknown,retired,unknown,single,may,130,success,5
1,10,telephone,(null),0,unknown,3188,professional.course,0,unknown,retired,unknown,single,may,130,success,5
0,14,cellular,mon,0,no,3048,basic.4y,-3,no,admin.,no,divorced,jan,141,failure,0
1,14,cellular,mon,0,no,3048,basic.4y,-3,no,admin.,no,divorced,jan,141,failure,0
0,20,cellular,mon,1,no,3048,basic.4y,-3,no,self-employed,no,divorced,jan,125,failure,0
1,20,cellular,mon,1,no,3048,basic.4y,-3,no,self-employed,no,divorced,jan,125,failure,0
0,20,cellular,tue,1,no,3055,basic.6y,-3,no,admin.,no,divorced,jan,133,failure,0
1,20,cellular,tue,1,no,3055,basic.6y,-3,no,admin.,no,divorced,jan,133,failure,0
0,20,cellular,mon,1,no,3048,basic.4y,-3,no,admin.,no,divorced,jul,125,failure,0
1,20,cellular,mon,1,no,3048,basic.4y,-3,no,admin.,no,divorced,jul,125,failure,0
0,20,cellular,tue,0,no,2985,basic.6y,-3,no,admin.,no,divorced,jan,125,failure,0
1,20,cellular,tue,0,no,2985,basic.6y,-3,no,admin.,no,divorced,jan,125,failure,0
0,17,cellular,tue,0,no,2977,basic.6y,-3,no,admin.,no,divorced,jan,133,failure,0
1,17,cellular,tue,0,no,2977,basic.6y,-3,no,admin.,no,divorced,jan,133,failure,0
0,14,cellular,wed,0,no,3071,basic.9y,-2,no,blue-collar,no,married,feb,135,nonexistent,2
1,14,cellular,wed,0,no,3071,basic.9y,-2,no,blue-collar,no,married,feb,135,nonexistent,2
0,17,cellular,wed,0,no,3000,basic.9y,-2,no,entrepreneur,no,married,mar,127,nonexistent,2
1,17,cellular,wed,0,no,3000,basic.9y,-2,no,entrepreneur,no,married,mar,127,nonexistent,2
0,17,cellular,tue,1,no,2899,basic.6y,-3,no,housemaid,no,divorced,jan,125,failure,0
1,17,cellular,tue,1,no,2899,basic.6y,-3,no,housemaid,no,divorced,jan,125,failure,0
0,14,cellular,tue,0,no,2844,basic.6y,-3,no,blue-collar,no,divorced,feb,126,failure,1
1,14,cellular,tue,0,no,2844,basic.6y,-3,no,blue-collar,no,divorced,feb,126,failure,1
0,3,cellular,tue,1,no,3063,basic.6y,-3,no,services,no,divorced,feb,134,failure,1
1,3,cellular,tue,1,no,3063,basic.6y,-3,no,services,no,divorced,feb,134,failure,1
0,4,cellular,wed,1,no,3071,basic.9y,-2,no,blue-collar,no,married,aug,135,nonexistent,2
1,4,cellular,wed,1,no,3071,basic.9y,-2,no,blue-collar,no,married,aug,135,nonexistent,2
0,4,cellular,wed,1,no,3071,basic.6y,-2,no,management,no,married,feb,137,nonexistent,2
1,4,cellular,wed,1,no,3071,basic.6y,-2,no,management,no,married,feb,137,nonexistent,2
0,7,telephone,thu,1,unknown,3086,basic.9y,-1,unknown,management,unknown,married,apr,134,nonexistent,3
1,7,telephone,thu,1,unknown,3086,basic.9y,-1,unknown,management,unknown,married,apr,134,nonexistent,3
0,2,cellular,tue,1,no,2977,illiterate,-3,no,admin.,no,divorced,jan,137,failure,0
1,2,cellular,tue,1,no,2977,illiterate,-3,no,admin.,no,divorced,jan,137,failure,0
0,2,cellular,tue,0,no,3055,illiterate,-3,no,self-employed,no,divorced,jul,125,failure,0
1,2,cellular,tue,0,no,3055,illiterate,-3,no,self-employed,no,divorced,jul,125,failure,0
0,7,telephone,thu,1,unknown,3086,basic.9y,-1,unknown,student,unknown,married,apr,128,nonexistent,3
1,7,telephone,thu,1,unknown,3086,basic.9y,-1,unknown,student,unknown,married,apr,128,nonexistent,3
0,5,cellular,wed,1,no,3078,professional.course,-2,no,blue-collar,no,married,sep,130,nonexistent,2
1,5,cellular,wed,1,no,3078,professional.course,-2,no,blue-collar,no,married,sep,130,nonexistent,2
0,3,cellular,tue,0,no,2985,basic.6y,-3,no,housemaid,no,divorced,aug,129,failure,1
1,3,cellular,tue,0,no,2985,basic.6y,-3,no,housemaid,no,divorced,aug,129,failure,1
0,5,cellular,wed,0,no,3000,basic.6y,-2,no,management,no,married,sep,126,nonexistent,2
1,5,cellular,wed,0,no,3000,basic.6y,-2,no,management,no,married,sep,126,nonexistent,2
0,3,cellular,tue,0,no,2985,illiterate,-3,no,admin.,no,divorced,aug,129,failure,1
1,3,cellular,tue,0,no,2985,illiterate,-3,no,admin.,no,divorced,aug,129,failure,1
0,7,telephone,thu,0,unknown,3086,professional.course,-1,unknown,management,unknown,married,apr,130,nonexistent,3
1,7,telephone,thu,0,unknown,3086,professional.course,-1,unknown,management,unknown,married,apr,130,nonexistent,3
0,2,cellular,tue,0,no,2821,basic.4y,-3,no,self-employed,no,divorced,jan,125,failure,0
1,2,cellular,tue,0,no,2821,basic.4y,-3,no,self-employed,no,divorced,jan,125,failure,0
0,1,cellular,mon,1,no,2892,basic.4y,-3,no,housemaid,no,divorced,jul,129,failure,0
1,1,cellular,mon,1,no,2892,basic.4y,-3,no,housemaid,no,divorced,jul,129,failure,0
0,1,cellular,mon,1,no,2814,illiterate,-3,no,admin.,no,divorced,jul,125,failure,0
1,1,cellular,mon,1,no,2814,illiterate,-3,no,admin.,no,divorced,jul,125,failure,0
0,3,cellular,tue,0,no,2829,basic.6y,-3,no,admin.,no,divorced,aug,126,failure,1
1,3,cellular,tue,0,no,2829,basic.6y,-3,no,admin.,no,divorced,aug,126,failure,1
0,4,cellular,wed,1,no,2915,professional.course,-2,no,management,no,married,feb,125,nonexistent,2
1,4,cellular,wed,1,no,2915,professional.course,-2,no,management,no,married,feb,125,nonexistent,2
0,2,cellular,tue,0,no,2821,illiterate,-3,no,housemaid,no,divorced,jan,125,failure,0
1,2,cellular,tue,0,no,2821,illiterate,-3,no,housemaid,no,divorced,jan,125,failure,0
0,2,cellular,wed,0,no,2759,basic.9y,-2,no,blue-collar,no,married,feb,127,nonexistent,2
1,2,cellular,wed,0,no,2759,basic.9y,-2,no,blue-collar,no,married,feb,127,nonexistent,2
0,38,telephone,fri,0,unknown,4976,illiterate,-1,unknown,housemaid,unknown,married,feb,104,nonexistent,4
1,38,telephone,fri,0,unknown,4976,illiterate,-1,unknown,housemaid,unknown,married,feb,104,nonexistent,4
0,36,telephone,fri,1,unknown,4969,illiterate,-1,unknown,housemaid,unknown,married,oct,118,nonexistent,4
1,36,telephone,fri,1,unknown,4969,illiterate,-1,unknown,housemaid,unknown,married,oct,118,nonexistent,4
0,36,cellular,wed,1,no,4906,basic.9y,-2,no,management,no,married,mar,105,nonexistent,2
1,36,cellular,wed,1,no,4906,basic.9y,-2,no,management,no,married,mar,105,nonexistent,2
0,36,cellular,mon,0,no,4767,basic.4y,-3,no,self-employed,no,divorced,jan,110,failure,0
1,36,cellular,mon,0,no,4767,basic.4y,-3,no,self-employed,no,divorced,jan,110,failure,0
0,36,cellular,tue,1,no,4774,basic.6y,-3,no,admin.,no,divorced,jan,111,failure,0
1,36,cellular,tue,1,no,4774,basic.6y,-3,no,admin.,no,divorced,jan,111,failure,0
0,36,cellular,tue,0,no,4696,basic.6y,-3,no,admin.,no,divorced,jan,111,failure,0
1,36,cellular,tue,0,no,4696,basic.6y,-3,no,admin.,no,divorced,jan,111,failure,0
0,36,cellular,wed,0,no,4797,basic.9y,-2,no,student,no,married,mar,99,nonexistent,2
1,36,cellular,wed,0,no,4797,basic.9y,-2,no,student,no,married,mar,99,nonexistent,2
0,36,telephone,fri,1,unknown,4813,illiterate,-1,unknown,housemaid,unknown,married,apr,102,nonexistent,4
1,36,telephone,fri,1,unknown,4813,illiterate,-1,unknown,housemaid,unknown,married,apr,102,nonexistent,4
0,36,telephone,(null),0,unknown,4992,professional.course,0,unknown,unemployed,unknown,single,may,91,success,6
1,36,telephone,(null),0,unknown,4992,professional.course,0,unknown,unemployed,unknown,single,may,91,success,6
0,36,telephone,(null),0,unknown,4914,professional.course,0,unknown,unemployed,unknown,single,may,91,success,6
1,36,telephone,(null),0,unknown,4914,professional.course,0,unknown,unemployed,unknown,single,may,91,success,6
0,36,telephone,(null),0,unknown,4836,professional.course,0,unknown,unemployed,unknown,single,may,91,success,6
1,36,telephone,(null),0,unknown,4836,professional.course,0,unknown,unemployed,unknown,single,may,91,success,6
0,35,cellular,wed,0,no,4906,basic.9y,-2,no,management,no,married,may,105,nonexistent,2
1,35,cellular,wed,0,no,4906,basic.9y,-2,no,management,no,married,may,105,nonexistent,2
0,33,cellular,tue,0,no,4875,basic.6y,-3,no,entrepreneur,no,divorced,mar,99,failure,1
1,33,cellular,tue,0,no,4875,basic.6y,-3,no,entrepreneur,no,divorced,mar,99,failure,1
0,35,cellular,wed,1,no,4750,basic.9y,-2,no,management,no,married,may,105,nonexistent,2
1,35,cellular,wed,1,no,4750,basic.9y,-2,no,management,no,married,may,105,nonexistent,2
0,33,cellular,tue,1,no,4719,basic.6y,-3,no,entrepreneur,no,divorced,mar,99,failure,1
1,33,cellular,tue,1,no,4719,basic.6y,-3,no,entrepreneur,no,divorced,mar,99,failure,1
0,35,telephone,(null),1,unknown,4984,professional.course,0,unknown,technician,unknown,single,may,89,success,6
1,35,telephone,(null),1,unknown,4984,professional.course,0,unknown,technician,unknown,single,may,89,success,6
0,33,telephone,(null),0,unknown,4984,professional.course,0,unknown,technician,unknown,single,sep,92,success,6
1,33,telephone,(null),0,unknown,4984,professional.course,0,unknown,technician,unknown,single,sep,92,success,6
0,33,telephone,fri,0,unknown,4953,illiterate,-1,unknown,services,unknown,married,apr,88,nonexistent,4
1,33,telephone,fri,0,unknown,4953,illiterate,-1,unknown,services,unknown,married,apr,88,nonexistent,4
0,33,telephone,(null),0,unknown,4984,professional.course,0,unknown,technician,unknown,single,mar,77,success,6
1,33,telephone,(null),0,unknown,4984,professional.course,0,unknown,technician,unknown,single,mar,77,success,6
0,35,telephone,(null),1,unknown,4828,professional.course,0,unknown,technician,unknown,single,may,89,success,6
1,35,telephone,(null),1,unknown,4828,professional.course,0,unknown,technician,unknown,single,may,89,success,6
0,33,telephone,(null),1,unknown,4812,professional.course,0,unknown,student,unknown,single,may,86,success,5
1,33,telephone,(null),1,unknown,4812,professional.course,0,unknown,student,unknown,single,may,86,success,5
0,35,cellular,tue,0,no,4626,basic.6y,-3,no,blue-collar,no,divorced,feb,112,failure,1
1,35,cellular,tue,0,no,4626,basic.6y,-3,no,blue-collar,no,divorced,feb,112,failure,1
0,35,cellular,wed,1,no,4641,basic.9y,-2,no,management,no,married,mar,99,nonexistent,2
1,35,cellular,wed,1,no,4641,basic.9y,-2,no,management,no,married,mar,99,nonexistent,2
0,35,cellular,wed,0,no,4556,basic.9y,-2,no,blue-collar,no,married,feb,98,nonexistent,2
1,35,cellular,wed,0,no,4556,basic.9y,-2,no,blue-collar,no,married,feb,98,nonexistent,2
0,33,cellular,wed,0,no,4594,basic.9y,-2,no,management,no,married,sep,105,nonexistent,2
1,33,cellular,wed,0,no,4594,basic.9y,-2,no,management,no,married,sep,105,nonexistent,2
0,33,cellular,tue,0,no,4548,basic.6y,-3,no,blue-collar,no,divorced,jan,96,failure,0
1,33,cellular,tue,0,no,4548,basic.6y,-3,no,blue-collar,no,divorced,jan,96,failure,0
0,33,cellular,tue,0,no,4391,basic.6y,-3,no,blue-collar,no,divorced,feb,96,failure,0
1,33,cellular,tue,0,no,4391,basic.6y,-3,no,blue-collar,no,divorced,feb,96,failure,0
0,35,telephone,(null),0,unknown,4672,professional.course,0,unknown,student,unknown,single,may,90,success,5
1,35,telephone,(null),0,unknown,4672,professional.course,0,unknown,student,unknown,single,may,90,success,5
0,35,telephone,fri,0,unknown,4586,illiterate,-1,unknown,housemaid,unknown,married,feb,88,nonexistent,4
1,35,telephone,fri,0,unknown,4586,illiterate,-1,unknown,housemaid,unknown,married,feb,88,nonexistent,4
0,33,telephone,fri,0,unknown,4625,illiterate,-1,unknown,self-employed,unknown,married,apr,87,nonexistent,4
1,33,telephone,fri,0,unknown,4625,illiterate,-1,unknown,self-employed,unknown,married,apr,87,nonexistent,4
0,33,telephone,fri,0,unknown,4469,illiterate,-1,unknown,self-employed,unknown,married,apr,87,nonexistent,4
1,33,telephone,fri,0,unknown,4469,illiterate,-1,unknown,self-employed,unknown,married,apr,87,nonexistent,4
0,32,cellular,mon,0,no,4845,basic.4y,-3,no,admin.,no,divorced,oct,118,failure,0
1,32,cellular,mon,0,no,4845,basic.4y,-3,no,admin.,no,divorced,oct,118,failure,0
0,30,cellular,tue,1,no,4860,basic.6y,-3,no,blue-collar,no,divorced,oct,110,failure,0
1,30,cellular,tue,1,no,4860,basic.6y,-3,no,blue-collar,no,divorced,oct,110,failure,0
0,32,cellular,tue,1,no,4860,basic.6y,-3,no,admin.,no,divorced,jul,110,failure,0
1,32,cellular,tue,1,no,4860,basic.6y,-3,no,admin.,no,divorced,jul,110,failure,0
0,30,cellular,wed,1,no,4906,basic.9y,-2,no,management,no,married,sep,99,nonexistent,2
1,30,cellular,wed,1,no,4906,basic.9y,-2,no,management,no,married,sep,99,nonexistent,2
0,32,cellular,tue,1,no,4860,basic.6y,-3,no,admin.,no,divorced,apr,102,failure,0
1,32,cellular,tue,1,no,4860,basic.6y,-3,no,admin.,no,divorced,apr,102,failure,0
0,30,cellular,tue,1,no,4860,basic.6y,-3,no,blue-collar,no,divorced,apr,94,failure,0
1,30,cellular,tue,1,no,4860,basic.6y,-3,no,blue-collar,no,divorced,apr,94,failure,0
0,32,cellular,mon,0,no,4689,basic.4y,-3,no,admin.,no,divorced,jul,110,failure,0
1,32,cellular,mon,0,no,4689,basic.4y,-3,no,admin.,no,divorced,jul,110,failure,0
0,32,telephone,thu,1,unknown,4766,high.school,-1,unknown,retired,unknown,married,oct,101,nonexistent,3
1,32,telephone,thu,1,unknown,4766,high.school,-1,unknown,retired,unknown,married,oct,101,nonexistent,3
0,32,cellular,tue,1,no,4704,basic.6y,-3,no,blue-collar,no,divorced,jan,94,failure,0
1,32,cellular,tue,1,no,4704,basic.6y,-3,no,blue-collar,no,divorced,jan,94,failure,0
0,30,cellular,mon,0,no,4689,basic.4y,-3,no,admin.,no,divorced,oct,110,failure,0
1,30,cellular,mon,0,no,4689,basic.4y,-3,no,admin.,no,divorced,oct,110,failure,0
0,30,cellular,wed,1,no,4735,basic.9y,-2,no,housemaid,no,married,aug,98,nonexistent,2
1,30,cellular,wed,1,no,4735,basic.9y,-2,no,housemaid,no,married,aug,98,nonexistent,2
0,30,cellular,tue,1,no,4704,basic.6y,-3,no,blue-collar,no,divorced,apr,94,failure,0
1,30,cellular,tue,1,no,4704,basic.6y,-3,no,blue-collar,no,divorced,apr,94,failure,0
0,31,telephone,(null),0,unknown,4968,professional.course,0,unknown,technician,unknown,single,nov,91,success,6
1,31,telephone,(null),0,unknown,4968,professional.course,0,unknown,technician,unknown,single,nov,91,success,6
0,30,cellular,wed,0,no,4782,basic.9y,-2,no,housemaid,no,married,feb,83,nonexistent,2
1,30,cellular,wed,0,no,4782,basic.9y,-2,no,housemaid,no,married,feb,83,nonexistent,2
0,31,telephone,(null),0,unknown,4968,professional.course,0,unknown,technician,unknown,single,may,76,success,6
1,31,telephone,(null),0,unknown,4968,professional.course,0,unknown,technician,unknown,single,may,76,success,6
0,32,cellular,mon,0,no,4533,basic.4y,-3,no,admin.,no,divorced,jan,94,failure,0
1,32,cellular,mon,0,no,4533,basic.4y,-3,no,admin.,no,divorced,jan,94,failure,0
0,30,cellular,tue,1,no,4563,basic.6y,-3,no,entrepreneur,no,divorced,aug,99,failure,1
1,30,cellular,tue,1,no,4563,basic.6y,-3,no,entrepreneur,no,divorced,aug,99,failure,1
0,30,cellular,mon,0,no,4533,basic.4y,-3,no,admin.,no,divorced,apr,94,failure,0
1,30,cellular,mon,0,no,4533,basic.4y,-3,no,admin.,no,divorced,apr,94,failure,0
0,32,cellular,mon,0,no,4376,basic.4y,-3,no,admin.,no,divorced,jan,94,failure,0
1,32,cellular,mon,0,no,4376,basic.4y,-3,no,admin.,no,divorced,jan,94,failure,0
0,30,telephone,(null),1,unknown,4516,professional.course,0,unknown,technician,unknown,single,nov,120,success,6
1,30,telephone,(null),1,unknown,4516,professional.course,0,unknown,technician,unknown,single,nov,120,success,6
0,31,telephone,(null),1,unknown,4446,professional.course,0,unknown,unemployed,unknown,single,may,122,success,6
1,31,telephone,(null),1,unknown,4446,professional.course,0,unknown,unemployed,unknown,single,may,122,success,6
0,32,telephone,(null),1,unknown,4672,professional.course,0,unknown,technician,unknown,single,nov,89,success,6
1,32,telephone,(null),1,unknown,4672,professional.course,0,unknown,technician,unknown,single,nov,89,success,6
0,30,telephone,thu,0,unknown,4610,high.school,-1,unknown,retired,unknown,married,jul,86,nonexistent,3
1,30,telephone,thu,0,unknown,4610,high.school,-1,unknown,retired,unknown,married,jul,86,nonexistent,3
0,30,telephone,fri,1,unknown,4641,illiterate,-1,unknown,services,unknown,married,apr,75,nonexistent,4
1,30,telephone,fri,1,unknown,4641,illiterate,-1,unknown,services,unknown,married,apr,75,nonexistent,4
0,30,telephone,(null),1,unknown,4656,professional.course,0,unknown,student,unknown,single,mar,68,success,5
1,30,telephone,(null),1,unknown,4656,professional.course,0,unknown,student,unknown,single,mar,68,success,5
0,32,telephone,(null),1,unknown,4516,professional.course,0,unknown,technician,unknown,single,nov,89,success,6
1,32,telephone,(null),1,unknown,4516,professional.course,0,unknown,technician,unknown,single,nov,89,success,6
0,30,telephone,fri,0,unknown,4485,illiterate,-1,unknown,services,unknown,married,sep,83,nonexistent,4
1,30,telephone,fri,0,unknown,4485,illiterate,-1,unknown,services,unknown,married,sep,83,nonexistent,4
0,28,cellular,mon,0,no,4689,basic.4y,-3,no,admin.,no,divorced,oct,102,failure,0
1,28,cellular,mon,0,no,4689,basic.4y,-3,no,admin.,no,divorced,oct,102,failure,0
0,26,cellular,mon,0,no,4689,basic.4y,-3,no,admin.,no,divorced,oct,94,failure,0
1,26,cellular,mon,0,no,4689,basic.4y,-3,no,admin.,no,divorced,oct,94,failure,0
0,28,cellular,mon,0,no,4689,basic.4y,-3,no,admin.,no,divorced,jul,94,failure,0
1,28,cellular,mon,0,no,4689,basic.4y,-3,no,admin.,no,divorced,jul,94,failure,0
0,27,cellular,wed,1,no,4813,basic.9y,-2,no,management,no,married,sep,84,nonexistent,2
1,27,cellular,wed,1,no,4813,basic.9y,-2,no,management,no,married,sep,84,nonexistent,2
0,28,cellular,mon,0,no,4689,basic.4y,-3,no,admin.,no,divorced,apr,87,failure,0
1,28,cellular,mon,0,no,4689,basic.4y,-3,no,admin.,no,divorced,apr,87,failure,0
0,26,cellular,mon,0,no,4689,basic.4y,-3,no,admin.,no,divorced,apr,79,failure,0
1,26,cellular,mon,0,no,4689,basic.4y,-3,no,admin.,no,divorced,apr,79,failure,0
0,28,cellular,tue,1,no,4720,basic.6y,-3,no,blue-collar,no,divorced,jan,79,failure,0
1,28,cellular,tue,1,no,4720,basic.6y,-3,no,blue-collar,no,divorced,jan,79,failure,0
0,26,telephone,(null),1,unknown,4937,professional.course,0,unknown,student,unknown,single,dec,76,success,5
1,26,telephone,(null),1,unknown,4937,professional.course,0,unknown,student,unknown,single,dec,76,success,5
0,28,telephone,fri,0,unknown,4906,illiterate,-1,unknown,services,unknown,married,aug,75,nonexistent,4
1,28,telephone,fri,0,unknown,4906,illiterate,-1,unknown,services,unknown,married,aug,75,nonexistent,4
0,26,telephone,(null),0,unknown,4937,professional.course,0,unknown,student,unknown,single,sep,68,success,5
1,26,telephone,(null),0,unknown,4937,professional.course,0,unknown,student,unknown,single,sep,68,success,5
0,27,cellular,wed,0,no,4813,basic.9y,-2,no,management,no,married,mar,68,nonexistent,2
1,27,cellular,wed,0,no,4813,basic.9y,-2,no,management,no,married,mar,68,nonexistent,2
0,28,cellular,mon,0,no,4533,basic.4y,-3,no,admin.,no,divorced,jul,94,failure,0
1,28,cellular,mon,0,no,4533,basic.4y,-3,no,admin.,no,divorced,jul,94,failure,0
0,28,cellular,mon,1,no,4376,basic.4y,-3,no,admin.,no,divorced,jul,94,failure,0
1,28,cellular,mon,1,no,4376,basic.4y,-3,no,admin.,no,divorced,jul,94,failure,0
0,26,cellular,mon,1,no,4376,basic.4y,-3,no,admin.,no,divorced,oct,94,failure,0
1,26,cellular,mon,1,no,4376,basic.4y,-3,no,admin.,no,divorced,oct,94,failure,0
0,26,cellular,wed,1,no,4469,basic.9y,-2,no,housemaid,no,married,aug,83,nonexistent,2
1,26,cellular,wed,1,no,4469,basic.9y,-2,no,housemaid,no,married,aug,83,nonexistent,2
0,28,cellular,mon,1,no,4376,basic.4y,-3,no,admin.,no,divorced,apr,87,failure,0
1,28,cellular,mon,1,no,4376,basic.4y,-3,no,admin.,no,divorced,apr,87,failure,0
0,26,cellular,mon,1,no,4376,basic.4y,-3,no,admin.,no,divorced,apr,79,failure,0
1,26,cellular,mon,1,no,4376,basic.4y,-3,no,admin.,no,divorced,apr,79,failure,0
0,28,cellular,mon,0,no,4376,basic.4y,-3,no,admin.,no,divorced,jan,79,failure,0
1,28,cellular,mon,0,no,4376,basic.4y,-3,no,admin.,no,divorced,jan,79,failure,0
0,28,telephone,(null),0,unknown,4656,professional.course,0,unknown,technician,unknown,single,nov,77,success,6
1,28,telephone,(null),0,unknown,4656,professional.course,0,unknown,technician,unknown,single,nov,77,success,6
0,26,telephone,fri,0,unknown,4594,illiterate,-1,unknown,services,unknown,married,aug,67,nonexistent,4
1,26,telephone,fri,0,unknown,4594,illiterate,-1,unknown,services,unknown,married,aug,67,nonexistent,4
0,26,cellular,wed,0,no,4469,basic.9y,-2,no,housemaid,no,married,feb,67,nonexistent,2
1,26,cellular,wed,0,no,4469,basic.9y,-2,no,housemaid,no,married,feb,67,nonexistent,2
0,33,cellular,tue,0,no,4305,basic.6y,-3,no,blue-collar,no,divorced,jan,95,failure,0
1,33,cellular,tue,0,no,4305,basic.6y,-3,no,blue-collar,no,divorced,jan,95,failure,0
0,32,cellular,mon,1,no,4220,basic.4y,-3,no,admin.,no,divorced,jan,94,failure,0
1,32,cellular,mon,1,no,4220,basic.4y,-3,no,admin.,no,divorced,jan,94,failure,0
0,30,telephone,fri,1,unknown,4312,illiterate,-1,unknown,self-employed,unknown,married,aug,111,nonexistent,4
1,30,telephone,fri,1,unknown,4312,illiterate,-1,unknown,self-employed,unknown,married,aug,111,nonexistent,4
0,32,cellular,mon,0,no,4142,basic.4y,-3,no,admin.,no,divorced,jan,94,failure,0
1,32,cellular,mon,0,no,4142,basic.4y,-3,no,admin.,no,divorced,jan,94,failure,0
0,30,cellular,wed,0,no,4110,basic.9y,-2,no,housemaid,no,married,apr,102,nonexistent,2
1,30,cellular,wed,0,no,4110,basic.9y,-2,no,housemaid,no,married,apr,102,nonexistent,2
0,30,cellular,mon,0,no,3908,basic.4y,-3,no,admin.,no,divorced,jan,94,failure,0
1,30,cellular,mon,0,no,3908,basic.4y,-3,no,admin.,no,divorced,jan,94,failure,0
0,28,telephone,(null),0,unknown,4289,professional.course,0,unknown,unemployed,unknown,single,nov,122,success,6
1,28,telephone,(null),0,unknown,4289,professional.course,0,unknown,unemployed,unknown,single,nov,122,success,6
0,28,cellular,mon,1,no,4298,basic.4y,-3,no,admin.,no,divorced,jul,94,failure,0
1,28,cellular,mon,1,no,4298,basic.4y,-3,no,admin.,no,divorced,jul,94,failure,0
0,29,cellular,tue,1,no,4227,basic.6y,-3,no,admin.,no,divorced,jul,95,failure,0
1,29,cellular,tue,1,no,4227,basic.6y,-3,no,admin.,no,divorced,jul,95,failure,0
0,28,telephone,fri,1,unknown,4172,illiterate,-1,unknown,services,unknown,married,oct,114,nonexistent,4
1,28,telephone,fri,1,unknown,4172,illiterate,-1,unknown,services,unknown,married,oct,114,nonexistent,4
0,28,telephone,(null),1,unknown,4203,professional.course,0,unknown,technician,unknown,single,may,122,success,6
1,28,telephone,(null),1,unknown,4203,professional.course,0,unknown,technician,unknown,single,may,122,success,6
0,29,telephone,(null),1,unknown,4133,professional.course,0,unknown,unemployed,unknown,single,may,107,success,6
1,29,telephone,(null),1,unknown,4133,professional.course,0,unknown,unemployed,unknown,single,may,107,success,6
0,28,cellular,wed,1,no,3954,basic.9y,-2,no,housemaid,no,married,aug,102,nonexistent,2
1,28,cellular,wed,1,no,3954,basic.9y,-2,no,housemaid,no,married,aug,102,nonexistent,2
0,28,telephone,fri,0,unknown,4000,illiterate,-1,unknown,self-employed,unknown,married,apr,111,nonexistent,4
1,28,telephone,fri,0,unknown,4000,illiterate,-1,unknown,self-employed,unknown,married,apr,111,nonexistent,4
0,28,cellular,tue,0,no,3837,basic.6y,-3,no,blue-collar,no,divorced,jul,95,failure,0
1,28,cellular,tue,0,no,3837,basic.6y,-3,no,blue-collar,no,divorced,jul,95,failure,0
0,28,cellular,tue,0,no,3782,basic.6y,-3,no,entrepreneur,no,divorced,feb,99,failure,1
1,28,cellular,tue,0,no,3782,basic.6y,-3,no,entrepreneur,no,divorced,feb,99,failure,1
0,26,telephone,(null),1,unknown,4047,professional.course,0,unknown,technician,unknown,single,nov,120,success,6
1,26,telephone,(null),1,unknown,4047,professional.course,0,unknown,technician,unknown,single,nov,120,success,6
0,26,telephone,fri,0,unknown,3844,illiterate,-1,unknown,self-employed,unknown,married,aug,111,nonexistent,4
1,26,telephone,fri,0,unknown,3844,illiterate,-1,unknown,self-employed,unknown,married,aug,111,nonexistent,4
0,33,telephone,fri,0,unknown,4344,illiterate,-1,unknown,housemaid,unknown,married,apr,87,nonexistent,4
1,33,telephone,fri,0,unknown,4344,illiterate,-1,unknown,housemaid,unknown,married,apr,87,nonexistent,4
0,32,telephone,(null),1,unknown,4359,professional.course,0,unknown,management,unknown,single,sep,90,success,5
1,32,telephone,(null),1,unknown,4359,professional.course,0,unknown,management,unknown,single,sep,90,success,5
0,32,telephone,fri,1,unknown,4312,illiterate,-1,unknown,self-employed,unknown,married,apr,80,nonexistent,4
1,32,telephone,fri,1,unknown,4312,illiterate,-1,unknown,self-employed,unknown,married,apr,80,nonexistent,4
0,30,telephone,fri,1,unknown,4328,illiterate,-1,unknown,services,unknown,married,sep,83,nonexistent,4
1,30,telephone,fri,1,unknown,4328,illiterate,-1,unknown,services,unknown,married,sep,83,nonexistent,4
0,32,cellular,wed,0,no,4172,basic.9y,-2,no,entrepreneur,no,married,mar,84,nonexistent,2
1,32,cellular,wed,0,no,4172,basic.9y,-2,no,entrepreneur,no,married,mar,84,nonexistent,2
0,32,telephone,fri,0,unknown,4188,illiterate,-1,unknown,student,unknown,married,feb,71,nonexistent,4
1,32,telephone,fri,0,unknown,4188,illiterate,-1,unknown,student,unknown,married,feb,71,nonexistent,4
0,32,telephone,(null),1,unknown,4203,professional.course,0,unknown,management,unknown,single,mar,74,success,5
1,32,telephone,(null),1,unknown,4203,professional.course,0,unknown,management,unknown,single,mar,74,success,5
0,30,telephone,thu,1,unknown,4180,high.school,-1,unknown,student,unknown,married,oct,86,nonexistent,3
1,30,telephone,thu,1,unknown,4180,high.school,-1,unknown,student,unknown,married,oct,86,nonexistent,3
0,30,telephone,fri,1,unknown,4195,illiterate,-1,unknown,housemaid,unknown,married,oct,88,nonexistent,4
1,30,telephone,fri,1,unknown,4195,illiterate,-1,unknown,housemaid,unknown,married,oct,88,nonexistent,4
0,30,telephone,fri,0,unknown,4117,illiterate,-1,unknown,housemaid,unknown,married,oct,88,nonexistent,4
1,30,telephone,fri,0,unknown,4117,illiterate,-1,unknown,housemaid,unknown,married,oct,88,nonexistent,4
0,30,telephone,(null),0,unknown,4187,professional.course,0,unknown,student,unknown,single,may,86,success,5
1,30,telephone,(null),0,unknown,4187,professional.course,0,unknown,student,unknown,single,may,86,success,5
0,30,cellular,wed,0,no,3969,basic.9y,-2,no,management,no,married,mar,74,nonexistent,2
1,30,cellular,wed,0,no,3969,basic.9y,-2,no,management,no,married,mar,74,nonexistent,2
0,28,telephone,fri,0,unknown,4312,illiterate,-1,unknown,self-employed,unknown,married,oct,80,nonexistent,4
1,28,telephone,fri,0,unknown,4312,illiterate,-1,unknown,self-employed,unknown,married,oct,80,nonexistent,4
0,28,cellular,wed,0,no,4266,basic.9y,-2,no,housemaid,no,married,feb,71,nonexistent,2
1,28,cellular,wed,0,no,4266,basic.9y,-2,no,housemaid,no,married,feb,71,nonexistent,2
0,28,cellular,wed,0,no,4125,basic.9y,-2,no,management,no,married,may,74,nonexistent,2
1,28,cellular,wed,0,no,4125,basic.9y,-2,no,management,no,married,may,74,nonexistent,2
0,26,cellular,tue,1,no,4126,basic.6y,-3,no,entrepreneur,no,divorced,aug,81,failure,1
1,26,cellular,tue,1,no,4126,basic.6y,-3,no,entrepreneur,no,divorced,aug,81,failure,1
0,26,cellular,wed,0,no,4157,basic.9y,-2,no,housemaid,no,married,apr,67,nonexistent,2
1,26,cellular,wed,0,no,4157,basic.9y,-2,no,housemaid,no,married,apr,67,nonexistent,2
0,28,cellular,wed,1,no,3969,basic.9y,-2,no,management,no,married,may,74,nonexistent,2
1,28,cellular,wed,1,no,3969,basic.9y,-2,no,management,no,married,may,74,nonexistent,2
0,28,cellular,wed,1,no,3813,basic.9y,-2,no,management,no,married,may,74,nonexistent,2
1,28,cellular,wed,1,no,3813,basic.9y,-2,no,management,no,married,may,74,nonexistent,2
0,26,cellular,wed,0,no,3969,basic.9y,-2,no,management,no,married,sep,74,nonexistent,2
1,26,cellular,wed,0,no,3969,basic.9y,-2,no,management,no,married,sep,74,nonexistent,2
0,26,cellular,tue,0,no,3923,basic.6y,-3,no,blue-collar,no,divorced,jan,65,failure,0
1,26,cellular,tue,0,no,3923,basic.6y,-3,no,blue-collar,no,divorced,jan,65,failure,0
0,26,cellular,tue,0,no,3766,basic.6y,-3,no,blue-collar,no,divorced,feb,65,failure,0
1,26,cellular,tue,0,no,3766,basic.6y,-3,no,blue-collar,no,divorced,feb,65,failure,0
0,25,cellular,tue,1,no,4438,basic.6y,-3,no,admin.,no,divorced,oct,87,failure,0
1,25,cellular,tue,1,no,4438,basic.6y,-3,no,admin.,no,divorced,oct,87,failure,0
0,23,cellular,tue,0,no,4438,basic.6y,-3,no,blue-collar,no,divorced,oct,79,failure,0
1,23,cellular,tue,0,no,4438,basic.6y,-3,no,blue-collar,no,divorced,oct,79,failure,0
0,25,cellular,tue,0,no,4438,basic.6y,-3,no,admin.,no,divorced,jul,79,failure,0
1,25,cellular,tue,0,no,4438,basic.6y,-3,no,admin.,no,divorced,jul,79,failure,0
0,22,cellular,mon,1,no,4376,basic.4y,-3,no,admin.,no,divorced,oct,79,failure,0
1,22,cellular,mon,1,no,4376,basic.4y,-3,no,admin.,no,divorced,oct,79,failure,0
0,23,cellular,tue,0,no,4438,basic.6y,-3,no,blue-collar,no,divorced,jul,71,failure,0
1,23,cellular,tue,0,no,4438,basic.6y,-3,no,blue-collar,no,divorced,jul,71,failure,0
0,24,telephone,fri,0,unknown,4750,illiterate,-1,unknown,self-employed,unknown,married,oct,67,nonexistent,4
1,24,telephone,fri,0,unknown,4750,illiterate,-1,unknown,self-employed,unknown,married,oct,67,nonexistent,4
0,20,cellular,mon,1,no,4376,basic.4y,-3,no,admin.,no,divorced,oct,71,failure,0
1,20,cellular,mon,1,no,4376,basic.4y,-3,no,admin.,no,divorced,oct,71,failure,0
0,22,cellular,mon,1,no,4376,basic.4y,-3,no,admin.,no,divorced,jul,71,failure,0
1,22,cellular,mon,1,no,4376,basic.4y,-3,no,admin.,no,divorced,jul,71,failure,0
0,20,cellular,mon,1,no,4376,basic.4y,-3,no,admin.,no,divorced,jul,63,failure,0
1,20,cellular,mon,1,no,4376,basic.4y,-3,no,admin.,no,divorced,jul,63,failure,0
0,25,cellular,fri,1,no,4376,basic.4y,-3,no,admin.,no,divorced,apr,71,failure,0
1,25,cellular,fri,1,no,4376,basic.4y,-3,no,admin.,no,divorced,apr,71,failure,0
0,25,cellular,mon,0,no,4438,basic.6y,-3,no,admin.,no,divorced,apr,71,failure,0
1,25,cellular,mon,0,no,4438,basic.6y,-3,no,admin.,no,divorced,apr,71,failure,0
0,23,cellular,mon,1,no,4376,basic.4y,-3,no,admin.,no,divorced,jan,63,failure,0
1,23,cellular,mon,1,no,4376,basic.4y,-3,no,admin.,no,divorced,jan,63,failure,0
0,22,cellular,mon,1,no,4376,basic.4y,-3,no,admin.,no,divorced,apr,63,failure,0
1,22,cellular,mon,1,no,4376,basic.4y,-3,no,admin.,no,divorced,apr,63,failure,0
0,25,cellular,mon,0,no,4064,basic.4y,-3,no,admin.,no,divorced,oct,87,failure,0
1,25,cellular,mon,0,no,4064,basic.4y,-3,no,admin.,no,divorced,oct,87,failure,0
0,23,cellular,mon,0,no,4064,basic.4y,-3,no,admin.,no,divorced,oct,79,failure,0
1,23,cellular,mon,0,no,4064,basic.4y,-3,no,admin.,no,divorced,oct,79,failure,0
0,25,cellular,mon,0,no,4064,basic.4y,-3,no,admin.,no,divorced,jul,79,failure,0
1,25,cellular,mon,0,no,4064,basic.4y,-3,no,admin.,no,divorced,jul,79,failure,0
0,23,cellular,wed,0,no,4157,basic.9y,-2,no,housemaid,no,married,aug,67,nonexistent,2
1,23,cellular,wed,0,no,4157,basic.9y,-2,no,housemaid,no,married,aug,67,nonexistent,2
0,22,cellular,tue,1,no,4126,basic.6y,-3,no,blue-collar,no,divorced,oct,72,failure,1
1,22,cellular,tue,1,no,4126,basic.6y,-3,no,blue-collar,no,divorced,oct,72,failure,1
0,20,cellular,tue,1,no,4126,basic.6y,-3,no,entrepreneur,no,divorced,oct,64,failure,1
1,20,cellular,tue,1,no,4126,basic.6y,-3,no,entrepreneur,no,divorced,oct,64,failure,1
0,22,cellular,mon,1,no,4064,basic.4y,-3,no,self-employed,no,divorced,jul,63,failure,0
1,22,cellular,mon,1,no,4064,basic.4y,-3,no,self-employed,no,divorced,jul,63,failure,0
0,22,cellular,tue,1,no,4126,basic.6y,-3,no,blue-collar,no,divorced,jul,64,failure,1
1,22,cellular,tue,1,no,4126,basic.6y,-3,no,blue-collar,no,divorced,jul,64,failure,1
0,25,cellular,mon,0,no,4064,basic.4y,-3,no,admin.,no,divorced,apr,71,failure,0
1,25,cellular,mon,0,no,4064,basic.4y,-3,no,admin.,no,divorced,apr,71,failure,0
0,23,cellular,tue,1,no,4095,basic.6y,-3,no,blue-collar,no,divorced,apr,63,failure,0
1,23,cellular,tue,1,no,4095,basic.6y,-3,no,blue-collar,no,divorced,apr,63,failure,0
0,25,cellular,mon,1,no,4095,basic.6y,-3,no,admin.,no,divorced,jan,63,failure,0
1,25,cellular,mon,1,no,4095,basic.6y,-3,no,admin.,no,divorced,jan,63,failure,0
0,25,telephone,(null),1,unknown,3813,professional.course,0,unknown,student,unknown,single,nov,121,success,5
1,25,telephone,(null),1,unknown,3813,professional.course,0,unknown,student,unknown,single,nov,121,success,5
0,25,cellular,mon,1,no,3908,basic.4y,-3,no,admin.,no,divorced,oct,87,failure,0
1,25,cellular,mon,1,no,3908,basic.4y,-3,no,admin.,no,divorced,oct,87,failure,0
0,23,cellular,mon,1,no,3908,basic.4y,-3,no,admin.,no,divorced,oct,79,failure,0
1,23,cellular,mon,1,no,3908,basic.4y,-3,no,admin.,no,divorced,oct,79,failure,0
0,25,cellular,mon,1,no,3908,basic.4y,-3,no,admin.,no,divorced,jul,79,failure,0
1,25,cellular,mon,1,no,3908,basic.4y,-3,no,admin.,no,divorced,jul,79,failure,0
0,23,cellular,wed,1,no,3954,basic.9y,-2,no,housemaid,no,married,aug,67,nonexistent,2
1,23,cellular,wed,1,no,3954,basic.9y,-2,no,housemaid,no,married,aug,67,nonexistent,2
0,25,cellular,mon,0,no,3908,basic.4y,-3,no,admin.,no,divorced,apr,71,failure,0
1,25,cellular,mon,0,no,3908,basic.4y,-3,no,admin.,no,divorced,apr,71,failure,0
0,23,cellular,mon,0,no,3908,basic.4y,-3,no,admin.,no,divorced,apr,63,failure,0
1,23,cellular,mon,0,no,3908,basic.4y,-3,no,admin.,no,divorced,apr,63,failure,0
0,25,cellular,mon,0,no,3751,basic.4y,-3,no,admin.,no,divorced,jan,63,failure,0
1,25,cellular,mon,0,no,3751,basic.4y,-3,no,admin.,no,divorced,jan,63,failure,0
0,23,cellular,tue,0,no,3782,basic.6y,-3,no,entrepreneur,no,divorced,aug,65,failure,1
1,23,cellular,tue,0,no,3782,basic.6y,-3,no,entrepreneur,no,divorced,aug,65,failure,1
0,23,cellular,mon,1,no,3751,basic.4y,-3,no,admin.,no,divorced,apr,63,failure,0
1,23,cellular,mon,1,no,3751,basic.4y,-3,no,admin.,no,divorced,apr,63,failure,0
0,22,cellular,tue,1,no,3782,basic.6y,-3,no,admin.,no,divorced,oct,71,failure,0
1,22,cellular,tue,1,no,3782,basic.6y,-3,no,admin.,no,divorced,oct,71,failure,0
0,20,cellular,tue,0,no,3782,basic.6y,-3,no,blue-collar,no,divorced,oct,63,failure,0
1,20,cellular,tue,0,no,3782,basic.6y,-3,no,blue-collar,no,divorced,oct,63,failure,0
0,22,cellular,tue,0,no,3782,basic.6y,-3,no,admin.,no,divorced,jul,63,failure,0
1,22,cellular,tue,0,no,3782,basic.6y,-3,no,admin.,no,divorced,jul,63,failure,0
0,19,cellular,mon,1,no,3751,basic.4y,-3,no,admin.,no,divorced,oct,63,failure,0
1,19,cellular,mon,1,no,3751,basic.4y,-3,no,admin.,no,divorced,oct,63,failure,0
0,26,telephone,(null),0,unknown,4875,professional.course,0,unknown,student,unknown,single,jun,60,success,5
1,26,telephone,(null),0,unknown,4875,professional.course,0,unknown,student,unknown,single,jun,60,success,5
0,28,telephone,fri,0,unknown,4812,illiterate,-1,unknown,services,unknown,married,feb,60,nonexistent,4
1,28,telephone,fri,0,unknown,4812,illiterate,-1,unknown,services,unknown,married,feb,60,nonexistent,4
0,26,telephone,(null),1,unknown,4875,professional.course,0,unknown,student,unknown,single,mar,53,success,5
1,26,telephone,(null),1,unknown,4875,professional.course,0,unknown,student,unknown,single,mar,53,success,5
0,28,telephone,(null),0,unknown,4359,professional.course,0,unknown,technician,unknown,single,may,61,success,6
1,28,telephone,(null),0,unknown,4359,professional.course,0,unknown,technician,unknown,single,may,61,success,6
0,28,telephone,(null),0,unknown,4359,professional.course,0,unknown,technician,unknown,single,mar,54,success,6
1,28,telephone,(null),0,unknown,4359,professional.course,0,unknown,technician,unknown,single,mar,54,success,6
0,28,telephone,(null),0,unknown,4203,professional.course,0,unknown,technician,unknown,single,may,60,success,6
1,28,telephone,(null),0,unknown,4203,professional.course,0,unknown,technician,unknown,single,may,60,success,6
0,26,telephone,(null),0,unknown,4343,professional.course,0,unknown,technician,unknown,single,sep,61,success,6
1,26,telephone,(null),0,unknown,4343,professional.course,0,unknown,technician,unknown,single,sep,61,success,6
0,26,telephone,fri,1,unknown,4281,illiterate,-1,unknown,services,unknown,married,apr,57,nonexistent,4
1,26,telephone,fri,1,unknown,4281,illiterate,-1,unknown,services,unknown,married,apr,57,nonexistent,4
0,26,telephone,(null),0,unknown,4343,professional.course,0,unknown,technician,unknown,single,mar,46,success,6
1,26,telephone,(null),0,unknown,4343,professional.course,0,unknown,technician,unknown,single,mar,46,success,6
0,28,telephone,(null),0,unknown,4047,professional.course,0,unknown,technician,unknown,single,may,60,success,6
1,28,telephone,(null),0,unknown,4047,professional.course,0,unknown,technician,unknown,single,may,60,success,6
0,28,telephone,(null),0,unknown,3891,professional.course,0,unknown,technician,unknown,single,may,60,success,6
1,28,telephone,(null),0,unknown,3891,professional.course,0,unknown,technician,unknown,single,may,60,success,6
0,26,telephone,(null),0,unknown,4047,professional.course,0,unknown,technician,unknown,single,sep,61,success,6
1,26,telephone,(null),0,unknown,4047,professional.course,0,unknown,technician,unknown,single,sep,61,success,6
0,26,telephone,fri,0,unknown,4000,illiterate,-1,unknown,self-employed,unknown,married,apr,56,nonexistent,4
1,26,telephone,fri,0,unknown,4000,illiterate,-1,unknown,self-employed,unknown,married,apr,56,nonexistent,4
0,26,telephone,(null),0,unknown,4047,professional.course,0,unknown,technician,unknown,single,mar,46,success,6
1,26,telephone,(null),0,unknown,4047,professional.course,0,unknown,technician,unknown,single,mar,46,success,6
0,26,telephone,fri,0,unknown,3844,illiterate,-1,unknown,self-employed,unknown,married,apr,56,nonexistent,4
1,26,telephone,fri,0,unknown,3844,illiterate,-1,unknown,self-employed,unknown,married,apr,56,nonexistent,4
0,26,telephone,(null),1,unknown,3891,professional.course,0,unknown,technician,unknown,single,mar,46,success,6
1,26,telephone,(null),1,unknown,3891,professional.course,0,unknown,technician,unknown,single,mar,46,success,6
0,25,telephone,(null),0,unknown,4312,professional.course,0,unknown,unemployed,unknown,single,dec,61,success,6
1,25,telephone,(null),0,unknown,4312,professional.course,0,unknown,unemployed,unknown,single,dec,61,success,6
0,23,telephone,(null),0,unknown,4750,professional.course,0,unknown,technician,unknown,single,dec,60,success,5
1,23,telephone,(null),0,unknown,4750,professional.course,0,unknown,technician,unknown,single,dec,60,success,5
0,23,telephone,(null),0,unknown,4312,professional.course,0,unknown,management,unknown,single,dec,61,success,6
1,23,telephone,(null),0,unknown,4312,professional.course,0,unknown,management,unknown,single,dec,61,success,6
0,24,telephone,fri,0,unknown,4625,illiterate,-1,unknown,services,unknown,married,aug,60,nonexistent,4
1,24,telephone,fri,0,unknown,4625,illiterate,-1,unknown,services,unknown,married,aug,60,nonexistent,4
0,25,telephone,(null),0,unknown,4312,professional.course,0,unknown,unemployed,unknown,single,sep,54,success,6
1,25,telephone,(null),0,unknown,4312,professional.course,0,unknown,unemployed,unknown,single,sep,54,success,6
0,23,telephone,(null),0,unknown,4750,professional.course,0,unknown,technician,unknown,single,sep,53,success,5
1,23,telephone,(null),0,unknown,4750,professional.course,0,unknown,technician,unknown,single,sep,53,success,5
0,23,telephone,(null),0,unknown,4312,professional.course,0,unknown,management,unknown,single,sep,54,success,6
1,23,telephone,(null),0,unknown,4312,professional.course,0,unknown,management,unknown,single,sep,54,success,6
0,21,telephone,thu,1,unknown,4375,high.school,-1,unknown,retired,unknown,married,nov,59,nonexistent,3
1,21,telephone,thu,1,unknown,4375,high.school,-1,unknown,retired,unknown,married,nov,59,nonexistent,3
0,20,cellular,tue,0,no,3875,basic.6y,-3,no,blue-collar,no,divorced,jul,56,failure,0
1,20,cellular,tue,0,no,3875,basic.6y,-3,no,blue-collar,no,divorced,jul,56,failure,0
0,21,telephone,(null),0,unknown,4750,professional.course,0,unknown,student,unknown,single,dec,53,success,5
1,21,telephone,(null),0,unknown,4750,professional.course,0,unknown,student,unknown,single,dec,53,success,5
0,21,telephone,thu,0,unknown,4375,high.school,-1,unknown,retired,unknown,married,aug,51,nonexistent,3
1,21,telephone,thu,0,unknown,4375,high.school,-1,unknown,retired,unknown,married,aug,51,nonexistent,3
0,23,cellular,wed,0,no,4125,basic.9y,-2,no,housemaid,no,married,may,57,nonexistent,2
1,23,cellular,wed,0,no,4125,basic.9y,-2,no,housemaid,no,married,may,57,nonexistent,2
0,23,cellular,mon,0,no,3751,basic.4y,-3,no,admin.,no,divorced,jan,56,failure,0
1,23,cellular,mon,0,no,3751,basic.4y,-3,no,admin.,no,divorced,jan,56,failure,0
0,24,telephone,fri,0,unknown,4625,illiterate,-1,unknown,services,unknown,married,may,52,nonexistent,4
1,24,telephone,fri,0,unknown,4625,illiterate,-1,unknown,services,unknown,married,may,52,nonexistent,4
0,23,cellular,wed,0,no,4125,basic.9y,-2,no,housemaid,no,married,feb,50,nonexistent,2
1,23,cellular,wed,0,no,4125,basic.9y,-2,no,housemaid,no,married,feb,50,nonexistent,2
0,22,cellular,mon,0,no,4376,basic.4y,-3,no,self-employed,no,divorced,apr,56,failure,0
1,22,cellular,mon,0,no,4376,basic.4y,-3,no,self-employed,no,divorced,apr,56,failure,0
0,20,cellular,mon,1,no,4376,basic.4y,-3,no,admin.,no,divorced,apr,56,failure,0
1,20,cellular,mon,1,no,4376,basic.4y,-3,no,admin.,no,divorced,apr,56,failure,0
0,22,cellular,fri,1,no,3751,basic.4y,-3,no,admin.,no,divorced,apr,56,failure,0
1,22,cellular,fri,1,no,3751,basic.4y,-3,no,admin.,no,divorced,apr,56,failure,0
0,22,cellular,mon,0,no,3813,basic.6y,-3,no,admin.,no,divorced,apr,56,failure,0
1,22,cellular,mon,0,no,3813,basic.6y,-3,no,admin.,no,divorced,apr,56,failure,0
0,22,cellular,mon,0,no,4376,basic.4y,-3,no,admin.,no,divorced,jan,56,failure,0
1,22,cellular,mon,0,no,4376,basic.4y,-3,no,admin.,no,divorced,jan,56,failure,0
0,20,cellular,tue,0,no,3875,basic.6y,-3,no,blue-collar,no,divorced,apr,48,failure,0
1,20,cellular,tue,0,no,3875,basic.6y,-3,no,blue-collar,no,divorced,apr,48,failure,0
0,22,cellular,mon,0,no,4438,basic.6y,-3,no,self-employed,no,divorced,jan,48,failure,0
1,22,cellular,mon,0,no,4438,basic.6y,-3,no,self-employed,no,divorced,jan,48,failure,0
0,22,cellular,mon,1,no,3751,basic.4y,-3,no,self-employed,no,divorced,jan,48,failure,0
1,22,cellular,mon,1,no,3751,basic.4y,-3,no,self-employed,no,divorced,jan,48,failure,0
0,20,cellular,tue,1,no,4438,basic.6y,-3,no,admin.,no,divorced,jan,48,failure,0
1,20,cellular,tue,1,no,4438,basic.6y,-3,no,admin.,no,divorced,jan,48,failure,0
0,22,cellular,fri,1,no,3751,basic.4y,-3,no,admin.,no,divorced,jan,48,failure,0
1,22,cellular,fri,1,no,3751,basic.4y,-3,no,admin.,no,divorced,jan,48,failure,0
0,22,cellular,mon,0,no,3813,basic.6y,-3,no,admin.,no,divorced,jan,48,failure,0
1,22,cellular,mon,0,no,3813,basic.6y,-3,no,admin.,no,divorced,jan,48,failure,0
0,20,telephone,(null),1,unknown,4312,professional.course,0,unknown,unemployed,unknown,single,dec,46,success,6
1,20,telephone,(null),1,unknown,4312,professional.course,0,unknown,unemployed,unknown,single,dec,46,success,6
0,21,telephone,(null),1,unknown,4875,professional.course,0,unknown,technician,unknown,single,sep,46,success,6
1,21,telephone,(null),1,unknown,4875,professional.course,0,unknown,technician,unknown,single,sep,46,success,6
0,20,telephone,(null),0,unknown,4312,professional.course,0,unknown,unemployed,unknown,single,sep,38,success,6
1,20,telephone,(null),0,unknown,4312,professional.course,0,unknown,unemployed,unknown,single,sep,38,success,6
0,23,telephone,(null),1,unknown,4937,professional.course,0,unknown,unemployed,unknown,single,jun,46,success,6
1,23,telephone,(null),1,unknown,4937,professional.course,0,unknown,unemployed,unknown,single,jun,46,success,6
0,24,telephone,(null),1,unknown,4312,professional.course,0,unknown,unemployed,unknown,single,jun,46,success,6
1,24,telephone,(null),1,unknown,4312,professional.course,0,unknown,unemployed,unknown,single,jun,46,success,6
0,23,telephone,(null),0,unknown,4312,professional.course,0,unknown,management,unknown,single,jun,46,success,6
1,23,telephone,(null),0,unknown,4312,professional.course,0,unknown,management,unknown,single,jun,46,success,6
0,24,telephone,fri,0,unknown,4625,illiterate,-1,unknown,services,unknown,married,feb,44,nonexistent,4
1,24,telephone,fri,0,unknown,4625,illiterate,-1,unknown,services,unknown,married,feb,44,nonexistent,4
0,23,telephone,(null),0,unknown,4937,professional.course,0,unknown,unemployed,unknown,single,mar,38,success,6
1,23,telephone,(null),0,unknown,4937,professional.course,0,unknown,unemployed,unknown,single,mar,38,success,6
0,24,telephone,(null),0,unknown,4312,professional.course,0,unknown,unemployed,unknown,single,mar,38,success,6
1,24,telephone,(null),0,unknown,4312,professional.course,0,unknown,unemployed,unknown,single,mar,38,success,6
0,23,telephone,(null),0,unknown,4312,professional.course,0,unknown,management,unknown,single,mar,38,success,6
1,23,telephone,(null),0,unknown,4312,professional.course,0,unknown,management,unknown,single,mar,38,success,6
0,21,telephone,thu,0,unknown,4375,high.school,-1,unknown,retired,unknown,married,may,43,nonexistent,3
1,21,telephone,thu,0,unknown,4375,high.school,-1,unknown,retired,unknown,married,may,43,nonexistent,3
0,20,cellular,tue,1,no,4000,basic.6y,-3,no,entrepreneur,no,divorced,jan,41,failure,1
1,20,cellular,tue,1,no,4000,basic.6y,-3,no,entrepreneur,no,divorced,jan,41,failure,1
0,21,telephone,(null),0,unknown,4875,professional.course,0,unknown,technician,unknown,single,jun,38,success,6
1,21,telephone,(null),0,unknown,4875,professional.course,0,unknown,technician,unknown,single,jun,38,success,6
0,21,telephone,thu,0,unknown,4375,high.school,-1,unknown,retired,unknown,married,feb,35,nonexistent,3
1,21,telephone,thu,0,unknown,4375,high.school,-1,unknown,retired,unknown,married,feb,35,nonexistent,3
0,19,cellular,mon,1,no,3751,basic.4y,-3,no,self-employed,no,divorced,oct,56,failure,0
1,19,cellular,mon,1,no,3751,basic.4y,-3,no,self-employed,no,divorced,oct,56,failure,0
0,19,cellular,wed,1,no,4125,basic.9y,-2,no,blue-collar,no,married,nov,57,nonexistent,2
1,19,cellular,wed,1,no,4125,basic.9y,-2,no,blue-collar,no,married,nov,57,nonexistent,2
0,17,cellular,tue,0,no,4438,basic.6y,-3,no,admin.,no,divorced,oct,56,failure,0
1,17,cellular,tue,0,no,4438,basic.6y,-3,no,admin.,no,divorced,oct,56,failure,0
0,19,cellular,tue,1,no,4438,basic.6y,-3,no,admin.,no,divorced,jul,56,failure,0
1,19,cellular,tue,1,no,4438,basic.6y,-3,no,admin.,no,divorced,jul,56,failure,0
0,19,cellular,mon,1,no,3751,basic.4y,-3,no,admin.,no,divorced,jul,56,failure,0
1,19,cellular,mon,1,no,3751,basic.4y,-3,no,admin.,no,divorced,jul,56,failure,0
0,17,cellular,wed,0,no,4125,basic.9y,-2,no,housemaid,no,married,nov,50,nonexistent,2
1,17,cellular,wed,0,no,4125,basic.9y,-2,no,housemaid,no,married,nov,50,nonexistent,2
0,17,cellular,mon,1,no,3751,basic.4y,-3,no,admin.,no,divorced,jul,48,failure,0
1,17,cellular,mon,1,no,3751,basic.4y,-3,no,admin.,no,divorced,jul,48,failure,0
0,16,cellular,mon,0,no,4376,basic.4y,-3,no,self-employed,no,divorced,oct,48,failure,0
1,16,cellular,mon,0,no,4376,basic.4y,-3,no,self-employed,no,divorced,oct,48,failure,0
0,16,cellular,tue,0,no,3875,basic.6y,-3,no,admin.,no,divorced,oct,48,failure,0
1,16,cellular,tue,0,no,3875,basic.6y,-3,no,admin.,no,divorced,oct,48,failure,0
0,14,cellular,mon,1,no,4376,basic.4y,-3,no,admin.,no,divorced,oct,48,failure,0
1,14,cellular,mon,1,no,4376,basic.4y,-3,no,admin.,no,divorced,oct,48,failure,0
0,16,cellular,mon,1,no,4376,basic.4y,-3,no,admin.,no,divorced,jul,48,failure,0
1,16,cellular,mon,1,no,4376,basic.4y,-3,no,admin.,no,divorced,jul,48,failure,0
0,19,cellular,mon,1,no,4376,basic.4y,-3,no,self-employed,no,divorced,apr,48,failure,0
1,19,cellular,mon,1,no,4376,basic.4y,-3,no,self-employed,no,divorced,apr,48,failure,0
0,19,cellular,fri,1,no,4376,basic.4y,-3,no,admin.,no,divorced,apr,48,failure,0
1,19,cellular,fri,1,no,4376,basic.4y,-3,no,admin.,no,divorced,apr,48,failure,0
0,19,cellular,mon,0,no,4438,basic.6y,-3,no,admin.,no,divorced,apr,48,failure,0
1,19,cellular,mon,0,no,4438,basic.6y,-3,no,admin.,no,divorced,apr,48,failure,0
0,19,cellular,mon,1,no,3751,basic.4y,-3,no,admin.,no,divorced,apr,48,failure,0
1,19,cellular,mon,1,no,3751,basic.4y,-3,no,admin.,no,divorced,apr,48,failure,0
0,19,cellular,mon,1,no,4376,basic.4y,-3,no,admin.,no,divorced,jan,48,failure,0
1,19,cellular,mon,1,no,4376,basic.4y,-3,no,admin.,no,divorced,jan,48,failure,0
0,18,telephone,fri,1,unknown,4625,illiterate,-1,unknown,services,unknown,married,nov,44,nonexistent,4
1,18,telephone,fri,1,unknown,4625,illiterate,-1,unknown,services,unknown,married,nov,44,nonexistent,4
0,17,cellular,wed,0,no,4125,basic.9y,-2,no,housemaid,no,married,aug,42,nonexistent,2
1,17,cellular,wed,0,no,4125,basic.9y,-2,no,housemaid,no,married,aug,42,nonexistent,2
0,19,telephone,(null),0,unknown,4312,professional.course,0,unknown,unemployed,unknown,single,dec,38,success,6
1,19,telephone,(null),0,unknown,4312,professional.course,0,unknown,unemployed,unknown,single,dec,38,success,6
0,17,telephone,(null),0,unknown,4750,professional.course,0,unknown,technician,unknown,single,dec,37,success,5
1,17,telephone,(null),0,unknown,4750,professional.course,0,unknown,technician,unknown,single,dec,37,success,5
0,17,telephone,(null),0,unknown,4312,professional.course,0,unknown,management,unknown,single,dec,38,success,6
1,17,telephone,(null),0,unknown,4312,professional.course,0,unknown,management,unknown,single,dec,38,success,6
0,18,telephone,fri,0,unknown,4625,illiterate,-1,unknown,services,unknown,married,aug,36,nonexistent,4
1,18,telephone,fri,0,unknown,4625,illiterate,-1,unknown,services,unknown,married,aug,36,nonexistent,4
0,14,cellular,tue,0,no,3875,basic.6y,-3,no,blue-collar,no,divorced,oct,40,failure,0
1,14,cellular,tue,0,no,3875,basic.6y,-3,no,blue-collar,no,divorced,oct,40,failure,0
0,16,cellular,mon,0,no,4376,basic.4y,-3,no,self-employed,no,divorced,jul,40,failure,0
1,16,cellular,mon,0,no,4376,basic.4y,-3,no,self-employed,no,divorced,jul,40,failure,0
0,14,cellular,mon,1,no,4376,basic.4y,-3,no,admin.,no,divorced,jul,40,failure,0
1,14,cellular,mon,1,no,4376,basic.4y,-3,no,admin.,no,divorced,jul,40,failure,0
0,16,cellular,tue,0,no,3813,basic.6y,-3,no,admin.,no,divorced,jul,40,failure,0
1,16,cellular,tue,0,no,3813,basic.6y,-3,no,admin.,no,divorced,jul,40,failure,0
0,15,telephone,thu,0,unknown,4375,high.school,-1,unknown,retired,unknown,married,nov,35,nonexistent,3
1,15,telephone,thu,0,unknown,4375,high.school,-1,unknown,retired,unknown,married,nov,35,nonexistent,3
0,14,cellular,tue,0,no,3875,basic.6y,-3,no,blue-collar,no,divorced,jul,32,failure,0
1,14,cellular,tue,0,no,3875,basic.6y,-3,no,blue-collar,no,divorced,jul,32,failure,0
0,17,cellular,mon,1,no,3751,basic.4y,-3,no,admin.,no,divorced,apr,40,failure,0
1,17,cellular,mon,1,no,3751,basic.4y,-3,no,admin.,no,divorced,apr,40,failure,0
0,19,cellular,mon,0,no,4376,basic.4y,-3,no,self-employed,no,divorced,jan,40,failure,0
1,19,cellular,mon,0,no,4376,basic.4y,-3,no,self-employed,no,divorced,jan,40,failure,0
0,17,cellular,mon,1,no,4376,basic.4y,-3,no,admin.,no,divorced,jan,40,failure,0
1,17,cellular,mon,1,no,4376,basic.4y,-3,no,admin.,no,divorced,jan,40,failure,0
0,19,cellular,mon,1,no,3813,basic.6y,-3,no,admin.,no,divorced,jan,40,failure,0
1,19,cellular,mon,1,no,3813,basic.6y,-3,no,admin.,no,divorced,jan,40,failure,0
0,17,cellular,wed,0,no,4125,basic.9y,-2,no,housemaid,no,married,may,34,nonexistent,2
1,17,cellular,wed,0,no,4125,basic.9y,-2,no,housemaid,no,married,may,34,nonexistent,2
0,17,cellular,tue,1,no,3875,basic.6y,-3,no,blue-collar,no,divorced,jan,32,failure,0
1,17,cellular,tue,1,no,3875,basic.6y,-3,no,blue-collar,no,divorced,jan,32,failure,0
0,16,cellular,mon,0,no,4376,basic.4y,-3,no,admin.,no,divorced,apr,40,failure,0
1,16,cellular,mon,0,no,4376,basic.4y,-3,no,admin.,no,divorced,apr,40,failure,0
0,16,cellular,mon,0,no,4438,basic.6y,-3,no,self-employed,no,divorced,apr,32,failure,0
1,16,cellular,mon,0,no,4438,basic.6y,-3,no,self-employed,no,divorced,apr,32,failure,0
0,16,cellular,mon,1,no,3751,basic.4y,-3,no,self-employed,no,divorced,apr,32,failure,0
1,16,cellular,mon,1,no,3751,basic.4y,-3,no,self-employed,no,divorced,apr,32,failure,0
0,14,cellular,tue,1,no,4438,basic.6y,-3,no,admin.,no,divorced,apr,32,failure,0
1,14,cellular,tue,1,no,4438,basic.6y,-3,no,admin.,no,divorced,apr,32,failure,0
0,16,cellular,fri,1,no,3751,basic.4y,-3,no,admin.,no,divorced,apr,32,failure,0
1,16,cellular,fri,1,no,3751,basic.4y,-3,no,admin.,no,divorced,apr,32,failure,0
0,16,cellular,mon,0,no,3813,basic.6y,-3,no,admin.,no,divorced,apr,32,failure,0
1,16,cellular,mon,0,no,3813,basic.6y,-3,no,admin.,no,divorced,apr,32,failure,0
0,16,cellular,mon,1,no,4376,basic.4y,-3,no,self-employed,no,divorced,jan,32,failure,0
1,16,cellular,mon,1,no,4376,basic.4y,-3,no,self-employed,no,divorced,jan,32,failure,0
0,16,cellular,mon,0,no,4438,basic.6y,-3,no,admin.,no,divorced,jan,32,failure,0
1,16,cellular,mon,0,no,4438,basic.6y,-3,no,admin.,no,divorced,jan,32,failure,0
0,16,cellular,mon,1,no,3751,basic.4y,-3,no,admin.,no,divorced,jan,32,failure,0
1,16,cellular,mon,1,no,3751,basic.4y,-3,no,admin.,no,divorced,jan,32,failure,0
0,20,telephone,(null),0,unknown,4312,professional.course,0,unknown,unemployed,unknown,single,jun,30,success,6
1,20,telephone,(null),0,unknown,4312,professional.course,0,unknown,unemployed,unknown,single,jun,30,success,6
0,21,telephone,(null),0,unknown,4875,professional.course,0,unknown,technician,unknown,single,mar,30,success,6
1,21,telephone,(null),0,unknown,4875,professional.course,0,unknown,technician,unknown,single,mar,30,success,6
0,20,telephone,(null),0,unknown,4312,professional.course,0,unknown,unemployed,unknown,single,mar,22,success,6
1,20,telephone,(null),0,unknown,4312,professional.course,0,unknown,unemployed,unknown,single,mar,22,success,6
0,17,telephone,(null),0,unknown,4937,professional.course,0,unknown,unemployed,unknown,single,sep,30,success,6
1,17,telephone,(null),0,unknown,4937,professional.course,0,unknown,unemployed,unknown,single,sep,30,success,6
0,18,telephone,(null),1,unknown,4312,professional.course,0,unknown,unemployed,unknown,single,sep,30,success,6
1,18,telephone,(null),1,unknown,4312,professional.course,0,unknown,unemployed,unknown,single,sep,30,success,6
0,17,telephone,(null),0,unknown,4312,professional.course,0,unknown,management,unknown,single,sep,30,success,6
1,17,telephone,(null),0,unknown,4312,professional.course,0,unknown,management,unknown,single,sep,30,success,6
0,15,telephone,(null),1,unknown,4875,professional.course,0,unknown,technician,unknown,single,dec,30,success,6
1,15,telephone,(null),1,unknown,4875,professional.course,0,unknown,technician,unknown,single,dec,30,success,6
0,15,telephone,thu,0,unknown,4375,high.school,-1,unknown,retired,unknown,married,aug,27,nonexistent,3
1,15,telephone,thu,0,unknown,4375,high.school,-1,unknown,retired,unknown,married,aug,27,nonexistent,3
0,14,telephone,(null),1,unknown,4312,professional.course,0,unknown,unemployed,unknown,single,dec,22,success,6
1,14,telephone,(null),1,unknown,4312,professional.course,0,unknown,unemployed,unknown,single,dec,22,success,6
0,15,telephone,(null),0,unknown,4875,professional.course,0,unknown,technician,unknown,single,sep,22,success,6
1,15,telephone,(null),0,unknown,4875,professional.course,0,unknown,technician,unknown,single,sep,22,success,6
0,18,telephone,fri,0,unknown,4625,illiterate,-1,unknown,services,unknown,married,may,28,nonexistent,4
1,18,telephone,fri,0,unknown,4625,illiterate,-1,unknown,services,unknown,married,may,28,nonexistent,4
0,17,cellular,wed,1,no,4250,basic.9y,-2,no,management,no,married,feb,26,nonexistent,2
1,17,cellular,wed,1,no,4250,basic.9y,-2,no,management,no,married,feb,26,nonexistent,2
0,17,telephone,(null),0,unknown,4937,professional.course,0,unknown,unemployed,unknown,single,jun,22,success,6
1,17,telephone,(null),0,unknown,4937,professional.course,0,unknown,unemployed,unknown,single,jun,22,success,6
0,18,telephone,(null),0,unknown,4312,professional.course,0,unknown,unemployed,unknown,single,jun,22,success,6
1,18,telephone,(null),0,unknown,4312,professional.course,0,unknown,unemployed,unknown,single,jun,22,success,6
0,18,telephone,fri,0,unknown,4625,illiterate,-1,unknown,services,unknown,married,feb,20,nonexistent,4
1,18,telephone,fri,0,unknown,4625,illiterate,-1,unknown,services,unknown,married,feb,20,nonexistent,4
0,14,cellular,tue,1,no,4000,basic.6y,-3,no,entrepreneur,no,divorced,apr,25,failure,1
1,14,cellular,tue,1,no,4000,basic.6y,-3,no,entrepreneur,no,divorced,apr,25,failure,1
0,14,cellular,mon,1,no,3751,basic.4y,-3,no,admin.,no,divorced,jan,24,failure,0
1,14,cellular,mon,1,no,3751,basic.4y,-3,no,admin.,no,divorced,jan,24,failure,0
0,15,telephone,thu,0,unknown,4375,high.school,-1,unknown,retired,unknown,married,may,19,nonexistent,3
1,15,telephone,thu,0,unknown,4375,high.school,-1,unknown,retired,unknown,married,may,19,nonexistent,3
0,14,cellular,tue,0,no,4000,basic.6y,-3,no,entrepreneur,no,divorced,jan,17,failure,1
1,14,cellular,tue,0,no,4000,basic.6y,-3,no,entrepreneur,no,divorced,jan,17,failure,1
0,14,telephone,(null),0,unknown,4312,professional.course,0,unknown,unemployed,unknown,single,sep,14,success,6
1,14,telephone,(null),0,unknown,4312,professional.course,0,unknown,unemployed,unknown,single,sep,14,success,6
0,17,telephone,(null),0,unknown,4937,professional.course,0,unknown,unemployed,unknown,single,mar,14,success,6
1,17,telephone,(null),0,unknown,4937,professional.course,0,unknown,unemployed,unknown,single,mar,14,success,6
0,18,telephone,(null),0,unknown,4312,professional.course,0,unknown,unemployed,unknown,single,mar,14,success,6
1,18,telephone,(null),0,unknown,4312,professional.course,0,unknown,unemployed,unknown,single,mar,14,success,6
0,15,telephone,(null),0,unknown,4875,professional.course,0,unknown,technician,unknown,single,jun,14,success,6
1,15,telephone,(null),0,unknown,4875,professional.course,0,unknown,technician,unknown,single,jun,14,success,6
0,15,telephone,fri,1,unknown,4500,illiterate,-1,unknown,self-employed,unknown,married,feb,12,nonexistent,4
1,15,telephone,fri,1,unknown,4500,illiterate,-1,unknown,self-employed,unknown,married,feb,12,nonexistent,4
0,14,telephone,(null),0,unknown,4312,professional.course,0,unknown,unemployed,unknown,single,jun,6,success,6
1,14,telephone,(null),0,unknown,4312,professional.course,0,unknown,unemployed,unknown,single,jun,6,success,6
0,15,telephone,(null),0,unknown,4937,professional.course,0,unknown,unemployed,unknown,single,mar,6,success,6
1,15,telephone,(null),0,unknown,4937,professional.course,0,unknown,unemployed,unknown,single,mar,6,success,6
0,15,telephone,(null),1,unknown,4250,professional.course,0,unknown,technician,unknown,single,mar,5,success,5
1,15,telephone,(null),1,unknown,4250,professional.course,0,unknown,technician,unknown,single,mar,5,success,5
0,14,telephone,(null),0,unknown,4250,professional.course,0,unknown,management,unknown,single,mar,6,success,5
1,14,telephone,(null),0,unknown,4250,professional.course,0,unknown,management,unknown,single,mar,6,success,5
0,13,cellular,tue,0,no,4438,basic.6y,-3,no,admin.,no,divorced,oct,40,failure,0
1,13,cellular,tue,0,no,4438,basic.6y,-3,no,admin.,no,divorced,oct,40,failure,0
0,13,cellular,mon,1,no,3751,basic.4y,-3,no,admin.,no,divorced,oct,40,failure,0
1,13,cellular,mon,1,no,3751,basic.4y,-3,no,admin.,no,divorced,oct,40,failure,0
0,11,cellular,mon,1,no,3751,basic.4y,-3,no,admin.,no,divorced,oct,32,failure,0
1,11,cellular,mon,1,no,3751,basic.4y,-3,no,admin.,no,divorced,oct,32,failure,0
0,13,cellular,fri,1,no,4376,basic.4y,-3,no,admin.,no,divorced,jul,32,failure,0
1,13,cellular,fri,1,no,4376,basic.4y,-3,no,admin.,no,divorced,jul,32,failure,0
0,13,cellular,mon,0,no,4438,basic.6y,-3,no,admin.,no,divorced,jul,32,failure,0
1,13,cellular,mon,0,no,4438,basic.6y,-3,no,admin.,no,divorced,jul,32,failure,0
0,13,cellular,mon,1,no,3751,basic.4y,-3,no,admin.,no,divorced,jul,32,failure,0
1,13,cellular,mon,1,no,3751,basic.4y,-3,no,admin.,no,divorced,jul,32,failure,0
0,10,cellular,mon,1,no,4376,basic.4y,-3,no,admin.,no,divorced,oct,32,failure,0
1,10,cellular,mon,1,no,4376,basic.4y,-3,no,admin.,no,divorced,oct,32,failure,0
0,13,cellular,mon,1,no,4376,basic.4y,-3,no,admin.,no,divorced,apr,32,failure,0
1,13,cellular,mon,1,no,4376,basic.4y,-3,no,admin.,no,divorced,apr,32,failure,0
0,11,cellular,wed,0,no,4125,basic.9y,-2,no,housemaid,no,married,nov,26,nonexistent,2
1,11,cellular,wed,0,no,4125,basic.9y,-2,no,housemaid,no,married,nov,26,nonexistent,2
0,11,cellular,mon,1,no,3751,basic.4y,-3,no,admin.,no,divorced,jul,24,failure,0
1,11,cellular,mon,1,no,3751,basic.4y,-3,no,admin.,no,divorced,jul,24,failure,0
0,12,telephone,fri,0,unknown,4625,illiterate,-1,unknown,services,unknown,married,nov,20,nonexistent,4
1,12,telephone,fri,0,unknown,4625,illiterate,-1,unknown,services,unknown,married,nov,20,nonexistent,4
0,11,cellular,wed,0,no,4125,basic.9y,-2,no,housemaid,no,married,aug,18,nonexistent,2
1,11,cellular,wed,0,no,4125,basic.9y,-2,no,housemaid,no,married,aug,18,nonexistent,2
0,10,cellular,mon,0,no,4376,basic.4y,-3,no,self-employed,no,divorced,oct,24,failure,0
1,10,cellular,mon,0,no,4376,basic.4y,-3,no,self-employed,no,divorced,oct,24,failure,0
0,8,cellular,mon,1,no,4376,basic.4y,-3,no,admin.,no,divorced,oct,24,failure,0
1,8,cellular,mon,1,no,4376,basic.4y,-3,no,admin.,no,divorced,oct,24,failure,0
0,10,cellular,tue,0,no,3813,basic.6y,-3,no,admin.,no,divorced,oct,24,failure,0
1,10,cellular,tue,0,no,3813,basic.6y,-3,no,admin.,no,divorced,oct,24,failure,0
0,10,cellular,mon,0,no,4376,basic.4y,-3,no,admin.,no,divorced,jul,24,failure,0
1,10,cellular,mon,0,no,4376,basic.4y,-3,no,admin.,no,divorced,jul,24,failure,0
0,8,cellular,tue,0,no,3875,basic.6y,-3,no,blue-collar,no,divorced,oct,16,failure,0
1,8,cellular,tue,0,no,3875,basic.6y,-3,no,blue-collar,no,divorced,oct,16,failure,0
0,10,cellular,mon,1,no,4376,basic.4y,-3,no,self-employed,no,divorced,jul,20,failure,0
1,10,cellular,mon,1,no,4376,basic.4y,-3,no,self-employed,no,divorced,jul,20,failure,0
0,8,cellular,mon,0,no,4376,basic.4y,-3,no,admin.,no,divorced,jul,16,failure,0
1,8,cellular,mon,0,no,4376,basic.4y,-3,no,admin.,no,divorced,jul,16,failure,0
0,10,cellular,fri,0,no,3751,basic.4y,-3,no,admin.,no,divorced,jul,16,failure,0
1,10,cellular,fri,0,no,3751,basic.4y,-3,no,admin.,no,divorced,jul,16,failure,0
0,10,cellular,mon,1,no,3751,basic.4y,-3,no,admin.,no,divorced,jul,20,failure,0
1,10,cellular,mon,1,no,3751,basic.4y,-3,no,admin.,no,divorced,jul,20,failure,0
0,13,cellular,mon,0,no,4376,basic.4y,-3,no,self-employed,no,divorced,apr,24,failure,0
1,13,cellular,mon,0,no,4376,basic.4y,-3,no,self-employed,no,divorced,apr,24,failure,0
0,11,cellular,mon,1,no,4376,basic.4y,-3,no,admin.,no,divorced,apr,24,failure,0
1,11,cellular,mon,1,no,4376,basic.4y,-3,no,admin.,no,divorced,apr,24,failure,0
0,13,cellular,mon,0,no,3751,basic.4y,-3,no,admin.,no,divorced,apr,24,failure,0
1,13,cellular,mon,0,no,3751,basic.4y,-3,no,admin.,no,divorced,apr,24,failure,0
0,13,cellular,mon,0,no,4376,basic.4y,-3,no,admin.,no,divorced,jan,24,failure,0
1,13,cellular,mon,0,no,4376,basic.4y,-3,no,admin.,no,divorced,jan,24,failure,0
0,11,cellular,tue,1,no,3875,basic.6y,-3,no,blue-collar,no,divorced,apr,16,failure,0
1,11,cellular,tue,1,no,3875,basic.6y,-3,no,blue-collar,no,divorced,apr,16,failure,0
0,13,cellular,mon,1,no,4376,basic.4y,-3,no,self-employed,no,divorced,jan,20,failure,0
1,13,cellular,mon,1,no,4376,basic.4y,-3,no,self-employed,no,divorced,jan,20,failure,0
0,11,cellular,tue,1,no,4438,basic.6y,-3,no,admin.,no,divorced,jan,16,failure,0
1,11,cellular,tue,1,no,4438,basic.6y,-3,no,admin.,no,divorced,jan,16,failure,0
0,11,telephone,(null),0,unknown,4937,professional.course,0,unknown,unemployed,unknown,single,dec,14,success,6
1,11,telephone,(null),0,unknown,4937,professional.course,0,unknown,unemployed,unknown,single,dec,14,success,6
0,12,telephone,(null),0,unknown,4250,professional.course,0,unknown,technician,unknown,single,dec,14,success,5
1,12,telephone,(null),0,unknown,4250,professional.course,0,unknown,technician,unknown,single,dec,14,success,5
0,11,telephone,(null),0,unknown,4312,professional.course,0,unknown,unemployed,unknown,single,dec,10,success,6
1,11,telephone,(null),0,unknown,4312,professional.course,0,unknown,unemployed,unknown,single,dec,10,success,6
0,11,telephone,(null),0,unknown,4312,university.degree,0,unknown,management,unknown,single,dec,14,success,6
1,11,telephone,(null),0,unknown,4312,university.degree,0,unknown,management,unknown,single,dec,14,success,6
0,12,telephone,fri,0,unknown,4625,illiterate,-1,unknown,services,unknown,married,aug,12,nonexistent,4
1,12,telephone,fri,0,unknown,4625,illiterate,-1,unknown,services,unknown,married,aug,12,nonexistent,4
0,11,telephone,(null),0,unknown,4937,professional.course,0,unknown,unemployed,unknown,single,sep,6,success,6
1,11,telephone,(null),0,unknown,4937,professional.course,0,unknown,unemployed,unknown,single,sep,6,success,6
0,12,telephone,(null),0,unknown,4312,professional.course,0,unknown,unemployed,unknown,single,sep,6,success,6
1,12,telephone,(null),0,unknown,4312,professional.course,0,unknown,unemployed,unknown,single,sep,6,success,6
0,9,telephone,thu,0,unknown,4375,high.school,-1,unknown,retired,unknown,married,nov,11,nonexistent,3
1,9,telephone,thu,0,unknown,4375,high.school,-1,unknown,retired,unknown,married,nov,11,nonexistent,3
0,8,cellular,tue,0,no,4000,basic.6y,-3,no,entrepreneur,no,divorced,jul,9,failure,1
1,8,cellular,tue,0,no,4000,basic.6y,-3,no,entrepreneur,no,divorced,jul,9,failure,1
0,9,telephone,(null),0,unknown,4875,professional.course,0,unknown,technician,unknown,single,dec,6,success,6
1,9,telephone,(null),0,unknown,4875,professional.course,0,unknown,technician,unknown,single,dec,6,success,6
0,9,telephone,fri,0,unknown,4500,illiterate,-1,unknown,self-employed,unknown,married,aug,4,nonexistent,4
1,9,telephone,fri,0,unknown,4500,illiterate,-1,unknown,self-employed,unknown,married,aug,4,nonexistent,4
0,11,cellular,wed,1,no,4250,basic.9y,-2,no,management,no,married,may,10,nonexistent,2
1,11,cellular,wed,1,no,4250,basic.9y,-2,no,management,no,married,may,10,nonexistent,2
0,11,cellular,tue,0,no,4000,basic.6y,-3,no,entrepreneur,no,divorced,jan,9,failure,1
1,11,cellular,tue,0,no,4000,basic.6y,-3,no,entrepreneur,no,divorced,jan,9,failure,1
0,12,telephone,(null),0,unknown,4750,professional.course,0,unknown,student,unknown,single,jun,5,success,5
1,12,telephone,(null),0,unknown,4750,professional.course,0,unknown,student,unknown,single,jun,5,success,5
0,12,telephone,thu,0,unknown,4375,high.school,-1,unknown,retired,unknown,married,feb,3,nonexistent,3
1,12,telephone,thu,0,unknown,4375,high.school,-1,unknown,retired,unknown,married,feb,3,nonexistent,3
0,8,cellular,mon,0,no,3751,basic.4y,-3,no,admin.,no,divorced,apr,8,failure,0
1,8,cellular,mon,0,no,3751,basic.4y,-3,no,admin.,no,divorced,apr,8,failure,0
0,8,cellular,mon,0,no,4376,basic.4y,-3,no,admin.,no,divorced,jan,8,failure,0
1,8,cellular,mon,0,no,4376,basic.4y,-3,no,admin.,no,divorced,jan,8,failure,0
0,8,cellular,wed,0,no,4125,basic.9y,-2,no,housemaid,no,married,may,2,nonexistent,2
1,8,cellular,wed,0,no,4125,basic.9y,-2,no,housemaid,no,married,may,2,nonexistent,2
0,8,cellular,tue,1,no,4000,basic.6y,-3,no,entrepreneur,no,divorced,jan,1,failure,1
1,8,cellular,tue,1,no,4000,basic.6y,-3,no,entrepreneur,no,divorced,jan,1,failure,1
0,7,cellular,mon,1,no,4376,basic.4y,-3,no,admin.,no,divorced,oct,20,failure,0
1,7,cellular,mon,1,no,4376,basic.4y,-3,no,admin.,no,divorced,oct,20,failure,0
0,5,cellular,mon,0,no,3751,basic.4y,-3,no,admin.,no,divorced,oct,8,failure,0
1,5,cellular,mon,0,no,3751,basic.4y,-3,no,admin.,no,divorced,oct,8,failure,0
0,5,cellular,mon,0,no,4376,basic.4y,-3,no,admin.,no,divorced,jul,8,failure,0
1,5,cellular,mon,0,no,4376,basic.4y,-3,no,admin.,no,divorced,jul,8,failure,0
0,5,cellular,wed,0,no,4250,basic.9y,-2,no,management,no,married,nov,2,nonexistent,2
1,5,cellular,wed,0,no,4250,basic.9y,-2,no,management,no,married,nov,2,nonexistent,2
0,5,cellular,tue,1,no,4000,basic.6y,-3,no,entrepreneur,no,divorced,jul,1,failure,1
1,5,cellular,tue,1,no,4000,basic.6y,-3,no,entrepreneur,no,divorced,jul,1,failure,1
0,3,cellular,tue,0,no,3875,basic.6y,-3,no,blue-collar,no,divorced,oct,0,failure,0
1,3,cellular,tue,0,no,3875,basic.6y,-3,no,blue-collar,no,divorced,oct,0,failure,0
0,1,cellular,mon,0,no,4376,basic.4y,-3,no,admin.,no,divorced,oct,0,failure,0
1,1,cellular,mon,0,no,4376,basic.4y,-3,no,admin.,no,divorced,oct,0,failure,0
0,3,cellular,tue,1,no,4438,basic.6y,-3,no,admin.,no,divorced,jul,0,failure,0
1,3,cellular,tue,1,no,4438,basic.6y,-3,no,admin.,no,divorced,jul,0,failure,0
0,5,cellular,mon,0,no,3751,basic.4y,-3,no,admin.,no,divorced,apr,0,failure,0
1,5,cellular,mon,0,no,3751,basic.4y,-3,no,admin.,no,divorced,apr,0,failure,0
0,5,cellular,mon,0,no,4376,basic.4y,-3,no,admin.,no,divorced,jan,0,failure,0
1,5,cellular,mon,0,no,4376,basic.4y,-3,no,admin.,no,divorced,jan,0,failure,0
0,3,cellular,mon,1,no,4376,basic.4y,-3,no,admin.,no,divorced,apr,0,failure,0
1,3,cellular,mon,1,no,4376,basic.4y,-3,no,admin.,no,divorced,apr,0,failure,0
0,26,cellular,mon,0,no,3673,basic.4y,-3,no,self-employed,no,divorced,jan,118,failure,0
1,26,cellular,mon,0,no,3673,basic.4y,-3,no,self-employed,no,divorced,jan,118,failure,0
0,26,cellular,tue,0,no,3688,basic.6y,-3,no,services,no,divorced,feb,111,failure,1
1,26,cellular,tue,0,no,3688,basic.6y,-3,no,services,no,divorced,feb,111,failure,1
0,26,cellular,tue,0,no,3610,basic.6y,-3,no,admin.,no,divorced,feb,111,failure,0
1,26,cellular,tue,0,no,3610,basic.6y,-3,no,admin.,no,divorced,feb,111,failure,0
0,28,cellular,mon,0,no,3673,basic.4y,-3,no,admin.,no,divorced,jan,94,failure,0
1,28,cellular,mon,0,no,3673,basic.4y,-3,no,admin.,no,divorced,jan,94,failure,0
0,26,cellular,mon,0,no,3439,basic.4y,-3,no,admin.,no,divorced,jan,94,failure,0
1,26,cellular,mon,0,no,3439,basic.4y,-3,no,admin.,no,divorced,jan,94,failure,0
0,28,cellular,tue,0,no,3625,basic.6y,-3,no,entrepreneur,no,divorced,feb,68,failure,1
1,28,cellular,tue,0,no,3625,basic.6y,-3,no,entrepreneur,no,divorced,feb,68,failure,1
0,26,cellular,tue,1,no,3610,basic.6y,-3,no,blue-collar,no,divorced,feb,65,failure,0
1,26,cellular,tue,1,no,3610,basic.6y,-3,no,blue-collar,no,divorced,feb,65,failure,0
0,26,cellular,wed,0,no,3485,basic.9y,-2,no,housemaid,no,married,apr,71,nonexistent,2
1,26,cellular,wed,0,no,3485,basic.9y,-2,no,housemaid,no,married,apr,71,nonexistent,2
0,26,cellular,mon,0,no,3283,basic.4y,-3,no,admin.,no,divorced,jan,63,failure,0
1,26,cellular,mon,0,no,3283,basic.4y,-3,no,admin.,no,divorced,jan,63,failure,0
0,25,telephone,fri,0,unknown,3687,illiterate,-1,unknown,self-employed,unknown,married,aug,118,nonexistent,4
1,25,telephone,fri,0,unknown,3687,illiterate,-1,unknown,self-employed,unknown,married,aug,118,nonexistent,4
0,23,telephone,(null),1,unknown,3734,professional.course,0,unknown,technician,unknown,single,nov,122,success,6
1,23,telephone,(null),1,unknown,3734,professional.course,0,unknown,technician,unknown,single,nov,122,success,6
0,24,telephone,(null),1,unknown,3664,professional.course,0,unknown,unemployed,unknown,single,may,122,success,6
1,24,telephone,(null),1,unknown,3664,professional.course,0,unknown,unemployed,unknown,single,may,122,success,6
0,22,telephone,fri,1,unknown,3531,illiterate,-1,unknown,student,unknown,married,aug,121,nonexistent,4
1,22,telephone,fri,1,unknown,3531,illiterate,-1,unknown,student,unknown,married,aug,121,nonexistent,4
0,23,cellular,wed,0,no,3500,basic.9y,-2,no,student,no,married,may,112,nonexistent,2
1,23,cellular,wed,0,no,3500,basic.9y,-2,no,student,no,married,may,112,nonexistent,2
0,24,telephone,thu,1,unknown,3516,high.school,-1,unknown,housemaid,unknown,married,jul,117,nonexistent,3
1,24,telephone,thu,1,unknown,3516,high.school,-1,unknown,housemaid,unknown,married,jul,117,nonexistent,3
0,24,telephone,(null),1,unknown,3734,professional.course,0,unknown,technician,unknown,single,nov,107,success,6
1,24,telephone,(null),1,unknown,3734,professional.course,0,unknown,technician,unknown,single,nov,107,success,6
0,24,telephone,fri,1,unknown,3531,illiterate,-1,unknown,self-employed,unknown,married,aug,102,nonexistent,4
1,24,telephone,fri,1,unknown,3531,illiterate,-1,unknown,self-employed,unknown,married,aug,102,nonexistent,4
0,21,cellular,wed,0,no,3344,basic.9y,-2,no,student,no,married,may,120,nonexistent,2
1,21,cellular,wed,0,no,3344,basic.9y,-2,no,student,no,married,may,120,nonexistent,2
0,21,telephone,(null),0,unknown,3406,professional.course,0,unknown,technician,unknown,single,nov,115,success,5
1,21,telephone,(null),0,unknown,3406,professional.course,0,unknown,technician,unknown,single,nov,115,success,5
0,22,telephone,thu,1,unknown,3360,high.school,-1,unknown,student,unknown,married,apr,113,nonexistent,3
1,22,telephone,thu,1,unknown,3360,high.school,-1,unknown,student,unknown,married,apr,113,nonexistent,3
0,22,telephone,thu,1,unknown,3360,high.school,-1,unknown,housemaid,unknown,married,jul,121,nonexistent,3
1,22,telephone,thu,1,unknown,3360,high.school,-1,unknown,housemaid,unknown,married,jul,121,nonexistent,3
0,23,cellular,tue,1,no,3313,basic.6y,-3,no,blue-collar,no,divorced,mar,111,failure,1
1,23,cellular,tue,1,no,3313,basic.6y,-3,no,blue-collar,no,divorced,mar,111,failure,1
0,22,telephone,fri,1,unknown,3329,illiterate,-1,unknown,housemaid,unknown,married,oct,114,nonexistent,4
1,22,telephone,fri,1,unknown,3329,illiterate,-1,unknown,housemaid,unknown,married,oct,114,nonexistent,4
0,20,cellular,tue,1,no,3141,basic.6y,-3,no,self-employed,no,divorced,jul,118,failure,0
1,20,cellular,tue,1,no,3141,basic.6y,-3,no,self-employed,no,divorced,jul,118,failure,0
0,20,cellular,tue,0,no,3157,basic.6y,-3,no,services,no,divorced,feb,119,failure,1
1,20,cellular,tue,0,no,3157,basic.6y,-3,no,services,no,divorced,feb,119,failure,1
0,20,cellular,wed,0,no,3172,basic.9y,-2,no,services,no,married,aug,112,nonexistent,2
1,20,cellular,wed,0,no,3172,basic.9y,-2,no,services,no,married,aug,112,nonexistent,2
0,21,telephone,fri,0,unknown,3219,illiterate,-1,unknown,student,unknown,married,apr,114,nonexistent,4
1,21,telephone,fri,0,unknown,3219,illiterate,-1,unknown,student,unknown,married,apr,114,nonexistent,4
0,21,cellular,wed,0,no,3172,basic.9y,-2,no,blue-collar,no,married,apr,119,nonexistent,2
1,21,cellular,wed,0,no,3172,basic.9y,-2,no,blue-collar,no,married,apr,119,nonexistent,2
0,21,telephone,thu,1,unknown,3204,high.school,-1,unknown,housemaid,unknown,married,oct,113,nonexistent,3
1,21,telephone,thu,1,unknown,3204,high.school,-1,unknown,housemaid,unknown,married,oct,113,nonexistent,3
0,21,cellular,wed,1,no,3188,basic.9y,-2,no,entrepreneur,no,married,mar,112,nonexistent,2
1,21,cellular,wed,1,no,3188,basic.9y,-2,no,entrepreneur,no,married,mar,112,nonexistent,2
0,18,telephone,(null),0,unknown,3422,professional.course,0,unknown,unemployed,unknown,single,nov,123,success,6
1,18,telephone,(null),0,unknown,3422,professional.course,0,unknown,unemployed,unknown,single,nov,123,success,6
0,15,telephone,(null),1,unknown,3274,university.degree,0,unknown,unemployed,unknown,single,nov,116,success,6
1,15,telephone,(null),1,unknown,3274,university.degree,0,unknown,unemployed,unknown,single,nov,116,success,6
0,18,telephone,(null),0,unknown,3266,professional.course,0,unknown,management,unknown,single,nov,123,success,6
1,18,telephone,(null),0,unknown,3266,professional.course,0,unknown,management,unknown,single,nov,123,success,6
0,23,cellular,wed,1,no,3329,basic.9y,-2,no,housemaid,no,married,apr,98,nonexistent,2
1,23,cellular,wed,1,no,3329,basic.9y,-2,no,housemaid,no,married,apr,98,nonexistent,2
0,22,telephone,(null),1,unknown,3422,professional.course,0,unknown,technician,unknown,single,nov,107,success,6
1,22,telephone,(null),1,unknown,3422,professional.course,0,unknown,technician,unknown,single,nov,107,success,6
0,21,cellular,wed,0,no,3172,basic.9y,-2,no,services,no,married,apr,104,nonexistent,2
1,21,cellular,wed,0,no,3172,basic.9y,-2,no,services,no,married,apr,104,nonexistent,2
0,23,cellular,mon,1,no,3205,basic.4y,-3,no,self-employed,no,divorced,jan,94,failure,0
1,23,cellular,mon,1,no,3205,basic.4y,-3,no,self-employed,no,divorced,jan,94,failure,0
0,21,telephone,fri,0,unknown,3235,illiterate,-1,unknown,technician,unknown,married,sep,98,nonexistent,4
1,21,telephone,fri,0,unknown,3235,illiterate,-1,unknown,technician,unknown,married,sep,98,nonexistent,4
0,23,cellular,mon,0,no,3205,basic.4y,-3,no,admin.,no,divorced,jul,94,failure,0
1,23,cellular,mon,0,no,3205,basic.4y,-3,no,admin.,no,divorced,jul,94,failure,0
0,23,cellular,tue,0,no,3141,basic.6y,-3,no,admin.,no,divorced,jan,95,failure,0
1,23,cellular,tue,0,no,3141,basic.6y,-3,no,admin.,no,divorced,jan,95,failure,0
0,21,telephone,(null),0,unknown,3250,professional.course,0,unknown,management,unknown,single,oct,105,success,5
1,21,telephone,(null),0,unknown,3250,professional.course,0,unknown,management,unknown,single,oct,105,success,5
0,9,telephone,fri,0,unknown,3180,basic.9y,-1,unknown,technician,unknown,married,oct,122,nonexistent,4
1,9,telephone,fri,0,unknown,3180,basic.9y,-1,unknown,technician,unknown,married,oct,122,nonexistent,4
0,11,telephone,fri,0,unknown,3180,professional.course,-1,unknown,unemployed,unknown,married,apr,122,nonexistent,4
1,11,telephone,fri,0,unknown,3180,professional.course,-1,unknown,unemployed,unknown,married,apr,122,nonexistent,4
0,10,telephone,(null),1,unknown,3188,university.degree,0,unknown,technician,unknown,single,nov,116,success,5
1,10,telephone,(null),1,unknown,3188,university.degree,0,unknown,technician,unknown,single,nov,116,success,5
0,25,cellular,mon,1,no,3595,basic.4y,-3,no,admin.,no,divorced,jan,63,failure,0
1,25,cellular,mon,1,no,3595,basic.4y,-3,no,admin.,no,divorced,jan,63,failure,0
0,23,cellular,tue,0,no,3610,basic.6y,-3,no,blue-collar,no,divorced,jul,65,failure,0
1,23,cellular,tue,0,no,3610,basic.6y,-3,no,blue-collar,no,divorced,jul,65,failure,0
0,23,cellular,mon,1,no,3595,basic.4y,-3,no,admin.,no,divorced,apr,63,failure,0
1,23,cellular,mon,1,no,3595,basic.4y,-3,no,admin.,no,divorced,apr,63,failure,0
0,25,telephone,fri,0,unknown,3547,illiterate,-1,unknown,services,unknown,married,sep,83,nonexistent,4
1,25,telephone,fri,0,unknown,3547,illiterate,-1,unknown,services,unknown,married,sep,83,nonexistent,4
0,23,cellular,tue,0,no,3454,basic.6y,-3,no,blue-collar,no,divorced,jul,65,failure,0
1,23,cellular,tue,0,no,3454,basic.6y,-3,no,blue-collar,no,divorced,jul,65,failure,0
0,22,cellular,tue,1,no,3610,basic.6y,-3,no,admin.,no,divorced,oct,71,failure,0
1,22,cellular,tue,1,no,3610,basic.6y,-3,no,admin.,no,divorced,oct,71,failure,0
0,20,cellular,tue,1,no,3610,basic.6y,-3,no,blue-collar,no,divorced,oct,63,failure,0
1,20,cellular,tue,1,no,3610,basic.6y,-3,no,blue-collar,no,divorced,oct,63,failure,0
0,22,cellular,tue,1,no,3610,basic.6y,-3,no,admin.,no,divorced,jul,63,failure,0
1,22,cellular,tue,1,no,3610,basic.6y,-3,no,admin.,no,divorced,jul,63,failure,0
0,22,cellular,mon,0,no,3439,basic.4y,-3,no,admin.,no,divorced,jul,63,failure,0
1,22,cellular,mon,0,no,3439,basic.4y,-3,no,admin.,no,divorced,jul,63,failure,0
0,20,cellular,mon,0,no,3439,basic.4y,-3,no,admin.,no,divorced,oct,63,failure,0
1,20,cellular,mon,0,no,3439,basic.4y,-3,no,admin.,no,divorced,oct,63,failure,0
0,25,cellular,wed,0,no,3329,basic.9y,-2,no,housemaid,no,married,apr,71,nonexistent,2
1,25,cellular,wed,0,no,3329,basic.9y,-2,no,housemaid,no,married,apr,71,nonexistent,2
0,23,telephone,fri,0,unknown,3391,illiterate,-1,unknown,services,unknown,married,sep,83,nonexistent,4
1,23,telephone,fri,0,unknown,3391,illiterate,-1,unknown,services,unknown,married,sep,83,nonexistent,4
0,25,cellular,tue,0,no,3212,basic.6y,-3,no,blue-collar,no,divorced,jan,64,failure,0
1,25,cellular,tue,0,no,3212,basic.6y,-3,no,blue-collar,no,divorced,jan,64,failure,0
0,23,cellular,wed,0,no,3188,basic.9y,-2,no,management,no,married,may,74,nonexistent,2
1,23,cellular,wed,0,no,3188,basic.9y,-2,no,management,no,married,may,74,nonexistent,2
0,22,cellular,mon,0,no,3283,basic.4y,-3,no,admin.,no,divorced,jul,63,failure,0
1,22,cellular,mon,0,no,3283,basic.4y,-3,no,admin.,no,divorced,jul,63,failure,0
0,20,cellular,mon,1,no,3283,basic.4y,-3,no,admin.,no,divorced,oct,63,failure,0
1,20,cellular,mon,1,no,3283,basic.4y,-3,no,admin.,no,divorced,oct,63,failure,0
0,22,telephone,(null),0,unknown,3250,professional.course,0,unknown,student,unknown,single,oct,86,success,5
1,22,telephone,(null),0,unknown,3250,professional.course,0,unknown,student,unknown,single,oct,86,success,5
0,20,telephone,(null),1,unknown,3188,professional.course,0,unknown,technician,unknown,single,nov,90,success,5
1,20,telephone,(null),1,unknown,3188,professional.course,0,unknown,technician,unknown,single,nov,90,success,5
0,20,cellular,tue,1,no,3055,basic.6y,-3,no,self-employed,no,divorced,jan,118,failure,0
1,20,cellular,tue,1,no,3055,basic.6y,-3,no,self-employed,no,divorced,jan,118,failure,0
0,20,cellular,mon,1,no,2970,illiterate,-3,no,self-employed,no,divorced,jan,118,failure,0
1,20,cellular,mon,1,no,2970,illiterate,-3,no,self-employed,no,divorced,jan,118,failure,0
0,20,cellular,mon,1,no,3048,basic.4y,-3,no,self-employed,no,divorced,jul,110,failure,0
1,20,cellular,mon,1,no,3048,basic.4y,-3,no,self-employed,no,divorced,jul,110,failure,0
0,20,cellular,tue,0,no,3063,basic.6y,-3,no,services,no,divorced,feb,114,failure,1
1,20,cellular,tue,0,no,3063,basic.6y,-3,no,services,no,divorced,feb,114,failure,1
0,20,cellular,mon,0,no,2970,basic.4y,-3,no,self-employed,no,divorced,jan,114,failure,0
1,20,cellular,mon,0,no,2970,basic.4y,-3,no,self-employed,no,divorced,jan,114,failure,0
0,20,cellular,tue,0,no,2985,basic.6y,-3,no,admin.,no,divorced,feb,118,failure,0
1,20,cellular,tue,0,no,2985,basic.6y,-3,no,admin.,no,divorced,feb,118,failure,0
0,20,cellular,tue,1,no,3055,basic.6y,-3,no,housemaid,no,divorced,jul,110,failure,0
1,20,cellular,tue,1,no,3055,basic.6y,-3,no,housemaid,no,divorced,jul,110,failure,0
0,20,cellular,wed,0,no,3071,basic.9y,-2,no,blue-collar,no,married,aug,112,nonexistent,2
1,20,cellular,wed,0,no,3071,basic.9y,-2,no,blue-collar,no,married,aug,112,nonexistent,2
0,20,cellular,wed,1,no,3016,basic.9y,-2,no,blue-collar,no,married,feb,112,nonexistent,2
1,20,cellular,wed,1,no,3016,basic.9y,-2,no,blue-collar,no,married,feb,112,nonexistent,2
0,20,cellular,tue,0,no,2899,basic.6y,-3,no,admin.,no,divorced,jan,110,failure,0
1,20,cellular,tue,0,no,2899,basic.6y,-3,no,admin.,no,divorced,jan,110,failure,0
0,16,telephone,thu,0,unknown,3047,high.school,-1,unknown,student,unknown,married,jul,117,nonexistent,3
1,16,telephone,thu,0,unknown,3047,high.school,-1,unknown,student,unknown,married,jul,117,nonexistent,3
0,18,telephone,thu,1,unknown,3086,high.school,-1,unknown,management,unknown,married,oct,121,nonexistent,3
1,18,telephone,thu,1,unknown,3086,high.school,-1,unknown,management,unknown,married,oct,121,nonexistent,3
0,15,telephone,thu,0,unknown,3008,high.school,-1,unknown,housemaid,unknown,married,oct,121,nonexistent,3
1,15,telephone,thu,0,unknown,3008,high.school,-1,unknown,housemaid,unknown,married,oct,121,nonexistent,3
0,18,telephone,(null),1,unknown,3093,professional.course,0,unknown,management,unknown,single,may,122,success,5
1,18,telephone,(null),1,unknown,3093,professional.course,0,unknown,management,unknown,single,may,122,success,5
0,15,telephone,(null),0,unknown,3039,professional.course,0,unknown,entrepreneur,unknown,single,may,123,success,6
1,15,telephone,(null),0,unknown,3039,professional.course,0,unknown,entrepreneur,unknown,single,may,123,success,6
0,15,telephone,(null),1,unknown,3117,professional.course,0,unknown,retired,unknown,single,nov,116,success,6
1,15,telephone,(null),1,unknown,3117,professional.course,0,unknown,retired,unknown,single,nov,116,success,6
0,14,cellular,mon,1,no,2892,basic.4y,-3,no,self-employed,no,divorced,jul,118,failure,0
1,14,cellular,mon,1,no,2892,basic.4y,-3,no,self-employed,no,divorced,jul,118,failure,0
0,17,cellular,tue,0,no,2907,basic.6y,-3,no,services,no,divorced,feb,119,failure,1
1,17,cellular,tue,0,no,2907,basic.6y,-3,no,services,no,divorced,feb,119,failure,1
0,14,cellular,wed,1,no,2915,basic.6y,-2,no,services,no,married,feb,119,nonexistent,2
1,14,cellular,wed,1,no,2915,basic.6y,-2,no,services,no,married,feb,119,nonexistent,2
0,14,cellular,tue,1,no,2821,basic.6y,-3,no,self-employed,no,divorced,jan,118,failure,0
1,14,cellular,tue,1,no,2821,basic.6y,-3,no,self-employed,no,divorced,jan,118,failure,0
0,14,cellular,tue,0,no,2844,basic.6y,-3,no,services,no,divorced,aug,111,failure,1
1,14,cellular,tue,0,no,2844,basic.6y,-3,no,services,no,divorced,aug,111,failure,1
0,18,telephone,fri,1,unknown,2938,illiterate,-1,unknown,student,unknown,married,apr,111,nonexistent,4
1,18,telephone,fri,1,unknown,2938,illiterate,-1,unknown,student,unknown,married,apr,111,nonexistent,4
0,14,cellular,tue,1,no,2829,basic.6y,-3,no,blue-collar,no,divorced,aug,119,failure,1
1,14,cellular,tue,1,no,2829,basic.6y,-3,no,blue-collar,no,divorced,aug,119,failure,1
0,17,telephone,(null),0,unknown,2937,professional.course,0,unknown,management,unknown,single,may,115,success,5
1,17,telephone,(null),0,unknown,2937,professional.course,0,unknown,management,unknown,single,may,115,success,5
0,20,cellular,tue,0,no,2985,basic.6y,-3,no,self-employed,no,divorced,feb,102,failure,0
1,20,cellular,tue,0,no,2985,basic.6y,-3,no,self-employed,no,divorced,feb,102,failure,0
0,20,cellular,mon,1,no,2970,basic.4y,-3,no,self-employed,no,divorced,jul,94,failure,0
1,20,cellular,mon,1,no,2970,basic.4y,-3,no,self-employed,no,divorced,jul,94,failure,0
0,20,cellular,wed,0,no,3031,basic.9y,-2,no,student,no,married,mar,96,nonexistent,2
1,20,cellular,wed,0,no,3031,basic.9y,-2,no,student,no,married,mar,96,nonexistent,2
0,20,cellular,tue,1,no,3000,basic.6y,-3,no,blue-collar,no,divorced,mar,103,failure,1
1,20,cellular,tue,1,no,3000,basic.6y,-3,no,blue-collar,no,divorced,mar,103,failure,1
0,21,telephone,thu,0,unknown,3047,high.school,-1,unknown,housemaid,unknown,married,jul,97,nonexistent,3
1,21,telephone,thu,0,unknown,3047,high.school,-1,unknown,housemaid,unknown,married,jul,97,nonexistent,3
0,20,cellular,tue,0,no,2899,basic.6y,-3,no,self-employed,no,divorced,jan,94,failure,0
1,20,cellular,tue,0,no,2899,basic.6y,-3,no,self-employed,no,divorced,jan,94,failure,0
0,20,cellular,mon,0,no,2814,basic.4y,-3,no,admin.,no,divorced,jan,102,failure,0
1,20,cellular,mon,0,no,2814,basic.4y,-3,no,admin.,no,divorced,jan,102,failure,0
0,20,cellular,tue,0,no,2899,basic.6y,-3,no,admin.,no,divorced,jul,94,failure,0
1,20,cellular,tue,0,no,2899,basic.6y,-3,no,admin.,no,divorced,jul,94,failure,0
0,20,cellular,tue,1,no,2829,basic.6y,-3,no,admin.,no,divorced,jan,94,failure,0
1,20,cellular,tue,1,no,2829,basic.6y,-3,no,admin.,no,divorced,jan,94,failure,0
0,18,telephone,(null),1,unknown,3039,professional.course,0,unknown,unemployed,unknown,single,nov,100,success,6
1,18,telephone,(null),1,unknown,3039,professional.course,0,unknown,unemployed,unknown,single,nov,100,success,6
0,17,cellular,wed,0,no,2844,basic.9y,-2,no,student,no,married,sep,104,nonexistent,2
1,17,cellular,wed,0,no,2844,basic.9y,-2,no,student,no,married,sep,104,nonexistent,2
0,17,telephone,(null),1,unknown,2937,professional.course,0,unknown,technician,unknown,single,may,107,success,5
1,17,telephone,(null),1,unknown,2937,professional.course,0,unknown,technician,unknown,single,may,107,success,5
0,18,telephone,fri,1,unknown,2945,illiterate,-1,unknown,technician,unknown,married,oct,98,nonexistent,4
1,18,telephone,fri,1,unknown,2945,illiterate,-1,unknown,technician,unknown,married,oct,98,nonexistent,4
0,18,telephone,thu,1,unknown,2852,high.school,-1,unknown,student,unknown,married,oct,97,nonexistent,3
1,18,telephone,thu,1,unknown,2852,high.school,-1,unknown,student,unknown,married,oct,97,nonexistent,3
0,15,telephone,(null),0,unknown,2875,professional.course,0,unknown,technician,unknown,single,nov,99,success,5
1,15,telephone,(null),0,unknown,2875,professional.course,0,unknown,technician,unknown,single,nov,99,success,5
0,18,telephone,(null),1,unknown,2875,professional.course,0,unknown,technician,unknown,single,may,96,success,5
1,18,telephone,(null),1,unknown,2875,professional.course,0,unknown,technician,unknown,single,may,96,success,5
0,18,telephone,(null),1,unknown,2953,professional.course,0,unknown,management,unknown,single,nov,107,success,6
1,18,telephone,(null),1,unknown,2953,professional.course,0,unknown,management,unknown,single,nov,107,success,6
0,14,cellular,tue,0,no,2673,basic.6y,-3,no,self-employed,no,divorced,feb,110,failure,0
1,14,cellular,tue,0,no,2673,basic.6y,-3,no,self-employed,no,divorced,feb,110,failure,0
0,17,cellular,mon,0,no,2736,basic.4y,-3,no,admin.,no,divorced,jul,118,failure,0
1,17,cellular,mon,0,no,2736,basic.4y,-3,no,admin.,no,divorced,jul,118,failure,0
0,14,cellular,wed,0,no,2759,basic.9y,-2,no,blue-collar,no,married,feb,119,nonexistent,2
1,14,cellular,wed,0,no,2759,basic.9y,-2,no,blue-collar,no,married,feb,119,nonexistent,2
0,17,cellular,tue,1,no,2673,basic.6y,-3,no,admin.,no,divorced,jul,110,failure,0
1,17,cellular,tue,1,no,2673,basic.6y,-3,no,admin.,no,divorced,jul,110,failure,0
0,17,cellular,wed,1,no,2719,basic.9y,-2,no,entrepreneur,no,married,mar,112,nonexistent,2
1,17,cellular,wed,1,no,2719,basic.9y,-2,no,entrepreneur,no,married,mar,112,nonexistent,2
0,15,telephone,thu,1,unknown,2774,high.school,-1,unknown,management,unknown,married,apr,113,nonexistent,3
1,15,telephone,thu,1,unknown,2774,high.school,-1,unknown,management,unknown,married,apr,113,nonexistent,3
0,14,cellular,mon,1,no,2580,basic.4y,-3,no,admin.,no,divorced,jan,118,failure,0
1,14,cellular,mon,1,no,2580,basic.4y,-3,no,admin.,no,divorced,jan,118,failure,0
0,17,cellular,mon,1,no,2580,basic.4y,-3,no,housemaid,no,divorced,jan,110,failure,0
1,17,cellular,mon,1,no,2580,basic.4y,-3,no,housemaid,no,divorced,jan,110,failure,0
0,17,cellular,tue,0,no,2595,basic.6y,-3,no,admin.,no,divorced,feb,111,failure,1
1,17,cellular,tue,0,no,2595,basic.6y,-3,no,admin.,no,divorced,feb,111,failure,1
0,14,cellular,wed,1,no,2603,basic.9y,-2,no,blue-collar,no,married,feb,112,nonexistent,2
1,14,cellular,wed,1,no,2603,basic.9y,-2,no,blue-collar,no,married,feb,112,nonexistent,2
0,14,cellular,tue,0,no,2688,basic.6y,-3,no,services,no,divorced,aug,103,failure,1
1,14,cellular,tue,0,no,2688,basic.6y,-3,no,services,no,divorced,aug,103,failure,1
0,17,cellular,wed,0,no,2704,basic.9y,-2,no,services,no,married,feb,104,nonexistent,2
1,17,cellular,wed,0,no,2704,basic.9y,-2,no,services,no,married,feb,104,nonexistent,2
0,15,telephone,thu,1,unknown,2774,high.school,-1,unknown,student,unknown,married,apr,107,nonexistent,3
1,15,telephone,thu,1,unknown,2774,high.school,-1,unknown,student,unknown,married,apr,107,nonexistent,3
0,17,cellular,tue,1,no,2673,basic.6y,-3,no,self-employed,no,divorced,jul,94,failure,0
1,17,cellular,tue,1,no,2673,basic.6y,-3,no,self-employed,no,divorced,jul,94,failure,0
0,15,telephone,thu,0,unknown,2696,high.school,-1,unknown,student,unknown,married,oct,97,nonexistent,3
1,15,telephone,thu,0,unknown,2696,high.school,-1,unknown,student,unknown,married,oct,97,nonexistent,3
0,17,cellular,wed,1,no,2719,basic.9y,-2,no,student,no,married,mar,96,nonexistent,2
1,17,cellular,wed,1,no,2719,basic.9y,-2,no,student,no,married,mar,96,nonexistent,2
0,15,telephone,fri,0,unknown,2711,illiterate,-1,unknown,technician,unknown,married,apr,100,nonexistent,4
1,15,telephone,fri,0,unknown,2711,illiterate,-1,unknown,technician,unknown,married,apr,100,nonexistent,4
0,17,telephone,fri,1,unknown,2766,illiterate,-1,unknown,housemaid,unknown,married,sep,104,nonexistent,4
1,17,telephone,fri,1,unknown,2766,illiterate,-1,unknown,housemaid,unknown,married,sep,104,nonexistent,4
0,15,cellular,wed,1,no,2547,basic.9y,-2,no,services,no,married,apr,98,nonexistent,2
1,15,cellular,wed,1,no,2547,basic.9y,-2,no,services,no,married,apr,98,nonexistent,2
0,16,telephone,thu,1,unknown,2579,high.school,-1,unknown,housemaid,unknown,married,jul,101,nonexistent,3
1,16,telephone,thu,1,unknown,2579,high.school,-1,unknown,housemaid,unknown,married,jul,101,nonexistent,3
0,2,cellular,wed,1,no,2993,professional.course,-2,no,services,no,married,aug,119,nonexistent,2
1,2,cellular,wed,1,no,2993,professional.course,-2,no,services,no,married,aug,119,nonexistent,2
0,5,cellular,wed,1,no,3000,basic.6y,-2,no,student,no,married,sep,120,nonexistent,2
1,5,cellular,wed,1,no,3000,basic.6y,-2,no,student,no,married,sep,120,nonexistent,2
0,9,telephone,fri,0,unknown,3101,illiterate,-1,unknown,technician,unknown,married,apr,122,nonexistent,4
1,9,telephone,fri,0,unknown,3101,illiterate,-1,unknown,technician,unknown,married,apr,122,nonexistent,4
0,10,telephone,(null),0,unknown,3109,basic.9y,0,unknown,technician,unknown,single,nov,116,success,5
1,10,telephone,(null),0,unknown,3109,basic.9y,0,unknown,technician,unknown,single,nov,116,success,5
0,4,cellular,wed,1,no,2993,professional.course,-2,no,technician,no,married,aug,114,nonexistent,2
1,4,cellular,wed,1,no,2993,professional.course,-2,no,technician,no,married,aug,114,nonexistent,2
0,10,telephone,(null),1,unknown,3031,university.degree,0,unknown,retired,unknown,single,nov,115,success,5
1,10,telephone,(null),1,unknown,3031,university.degree,0,unknown,retired,unknown,single,nov,115,success,5
0,1,cellular,tue,0,no,2899,illiterate,-3,no,self-employed,no,divorced,jul,118,failure,0
1,1,cellular,tue,0,no,2899,illiterate,-3,no,self-employed,no,divorced,jul,118,failure,0
0,7,telephone,thu,0,unknown,2930,basic.9y,-1,unknown,student,unknown,married,apr,121,nonexistent,3
1,7,telephone,thu,0,unknown,2930,basic.9y,-1,unknown,student,unknown,married,apr,121,nonexistent,3
0,3,cellular,tue,1,no,2829,illiterate,-3,no,self-employed,no,divorced,feb,119,failure,1
1,3,cellular,tue,1,no,2829,illiterate,-3,no,self-employed,no,divorced,feb,119,failure,1
0,5,cellular,wed,1,no,2844,basic.6y,-2,no,student,no,married,sep,112,nonexistent,2
1,5,cellular,wed,1,no,2844,basic.6y,-2,no,student,no,married,sep,112,nonexistent,2
0,11,telephone,fri,0,unknown,2945,professional.course,-1,unknown,technician,unknown,married,apr,112,nonexistent,4
1,11,telephone,fri,0,unknown,2945,professional.course,-1,unknown,technician,unknown,married,apr,112,nonexistent,4
0,12,telephone,(null),0,unknown,2961,high.school,0,unknown,unemployed,unknown,single,may,112,success,6
1,12,telephone,(null),0,unknown,2961,high.school,0,unknown,unemployed,unknown,single,may,112,success,6
0,7,telephone,thu,1,unknown,2930,professional.course,-1,unknown,blue-collar,unknown,married,oct,121,nonexistent,3
1,7,telephone,thu,1,unknown,2930,professional.course,-1,unknown,blue-collar,unknown,married,oct,121,nonexistent,3
0,8,cellular,tue,0,no,2829,illiterate,-3,no,admin.,no,divorced,aug,119,failure,1
1,8,cellular,tue,0,no,2829,illiterate,-3,no,admin.,no,divorced,aug,119,failure,1
0,10,telephone,thu,1,unknown,2930,professional.course,-1,unknown,management,unknown,married,apr,121,nonexistent,3
1,10,telephone,thu,1,unknown,2930,professional.course,-1,unknown,management,unknown,married,apr,121,nonexistent,3
0,9,telephone,fri,0,unknown,2945,illiterate,-1,unknown,management,unknown,married,oct,114,nonexistent,4
1,9,telephone,fri,0,unknown,2945,illiterate,-1,unknown,management,unknown,married,oct,114,nonexistent,4
0,10,telephone,(null),0,unknown,2953,university.degree,0,unknown,entrepreneur,unknown,single,nov,116,success,5
1,10,telephone,(null),0,unknown,2953,university.degree,0,unknown,entrepreneur,unknown,single,nov,116,success,5
0,11,telephone,(null),1,unknown,2883,university.degree,0,unknown,retired,unknown,single,may,112,success,6
1,11,telephone,(null),1,unknown,2883,university.degree,0,unknown,retired,unknown,single,may,112,success,6
0,9,telephone,fri,0,unknown,2867,basic.9y,-1,unknown,technician,unknown,married,oct,106,nonexistent,4
1,9,telephone,fri,0,unknown,2867,basic.9y,-1,unknown,technician,unknown,married,oct,106,nonexistent,4
0,11,telephone,(null),1,unknown,2875,university.degree,0,unknown,technician,unknown,single,nov,100,success,5
1,11,telephone,(null),1,unknown,2875,university.degree,0,unknown,technician,unknown,single,nov,100,success,5
0,8,cellular,tue,1,no,2688,basic.6y,-3,no,services,no,divorced,mar,111,failure,1
1,8,cellular,tue,1,no,2688,basic.6y,-3,no,services,no,divorced,mar,111,failure,1
0,8,cellular,mon,0,no,2736,basic.4y,-3,no,housemaid,no,divorced,jul,118,failure,0
1,8,cellular,mon,0,no,2736,basic.4y,-3,no,housemaid,no,divorced,jul,118,failure,0
0,9,cellular,wed,1,no,2681,basic.9y,-2,no,blue-collar,no,married,feb,119,nonexistent,2
1,9,cellular,wed,1,no,2681,basic.9y,-2,no,blue-collar,no,married,feb,119,nonexistent,2
0,8,cellular,tue,1,no,2673,basic.6y,-3,no,housemaid,no,divorced,aug,111,failure,1
1,8,cellular,tue,1,no,2673,basic.6y,-3,no,housemaid,no,divorced,aug,111,failure,1
0,10,telephone,fri,0,unknown,2782,illiterate,-1,unknown,management,unknown,married,apr,114,nonexistent,4
1,10,telephone,fri,0,unknown,2782,illiterate,-1,unknown,management,unknown,married,apr,114,nonexistent,4
0,9,cellular,wed,0,no,2681,professional.course,-2,no,management,no,married,feb,112,nonexistent,2
1,9,cellular,wed,0,no,2681,professional.course,-2,no,management,no,married,feb,112,nonexistent,2
0,8,cellular,tue,1,no,2595,basic.6y,-3,no,admin.,no,divorced,aug,111,failure,1
1,8,cellular,tue,1,no,2595,basic.6y,-3,no,admin.,no,divorced,aug,111,failure,1
0,8,cellular,tue,0,no,2587,illiterate,-3,no,housemaid,no,divorced,jan,110,failure,0
1,8,cellular,tue,0,no,2587,illiterate,-3,no,housemaid,no,divorced,jan,110,failure,0
0,2,cellular,tue,0,no,2751,basic.6y,-3,no,services,no,divorced,feb,119,failure,1
1,2,cellular,tue,0,no,2751,basic.6y,-3,no,services,no,divorced,feb,119,failure,1
0,1,cellular,tue,0,no,2743,illiterate,-3,no,self-employed,no,divorced,jul,110,failure,0
1,1,cellular,tue,0,no,2743,illiterate,-3,no,self-employed,no,divorced,jul,110,failure,0
0,3,cellular,wed,0,no,2719,basic.9y,-2,no,student,no,married,mar,112,nonexistent,2
1,3,cellular,wed,0,no,2719,basic.9y,-2,no,student,no,married,mar,112,nonexistent,2
0,3,cellular,wed,1,no,2766,basic.6y,-2,no,blue-collar,no,married,sep,120,nonexistent,2
1,3,cellular,wed,1,no,2766,basic.6y,-2,no,blue-collar,no,married,sep,120,nonexistent,2
0,2,cellular,wed,0,no,2681,basic.6y,-2,no,management,no,married,feb,119,nonexistent,2
1,2,cellular,wed,0,no,2681,basic.6y,-2,no,management,no,married,feb,119,nonexistent,2
0,4,telephone,thu,0,unknown,2696,high.school,-1,unknown,blue-collar,unknown,married,oct,113,nonexistent,3
1,4,telephone,thu,0,unknown,2696,high.school,-1,unknown,blue-collar,unknown,married,oct,113,nonexistent,3
0,5,telephone,fri,0,unknown,2711,professional.course,-1,unknown,blue-collar,unknown,married,apr,114,nonexistent,4
1,5,telephone,fri,0,unknown,2711,professional.course,-1,unknown,blue-collar,unknown,married,apr,114,nonexistent,4
0,1,cellular,tue,1,no,2587,basic.4y,-3,no,housemaid,no,divorced,jan,118,failure,0
1,1,cellular,tue,1,no,2587,basic.4y,-3,no,housemaid,no,divorced,jan,118,failure,0
0,1,cellular,tue,1,no,2587,illiterate,-3,no,admin.,no,divorced,jan,118,failure,0
1,1,cellular,tue,1,no,2587,illiterate,-3,no,admin.,no,divorced,jan,118,failure,0
0,1,cellular,tue,0,no,2508,basic.6y,-3,no,admin.,no,divorced,jan,118,failure,0
1,1,cellular,tue,0,no,2508,basic.6y,-3,no,admin.,no,divorced,jan,118,failure,0
0,3,cellular,wed,0,no,2610,basic.6y,-2,no,blue-collar,no,married,sep,112,nonexistent,2
1,3,cellular,wed,0,no,2610,basic.6y,-2,no,blue-collar,no,married,sep,112,nonexistent,2
0,1,cellular,mon,0,no,2501,basic.4y,-3,no,housemaid,no,divorced,jul,110,failure,0
1,1,cellular,mon,0,no,2501,basic.4y,-3,no,housemaid,no,divorced,jul,110,failure,0
0,4,telephone,fri,1,unknown,2626,illiterate,-1,unknown,blue-collar,unknown,married,apr,114,nonexistent,4
1,4,telephone,fri,1,unknown,2626,illiterate,-1,unknown,blue-collar,unknown,married,apr,114,nonexistent,4
0,2,cellular,wed,1,no,2524,basic.6y,-2,no,management,no,married,feb,112,nonexistent,2
1,2,cellular,wed,1,no,2524,basic.6y,-2,no,management,no,married,feb,112,nonexistent,2
0,9,cellular,wed,1,no,2759,professional.course,-2,no,services,no,married,aug,104,nonexistent,2
1,9,cellular,wed,1,no,2759,professional.course,-2,no,services,no,married,aug,104,nonexistent,2
0,10,telephone,fri,1,unknown,2750,illiterate,-1,unknown,student,unknown,married,apr,106,nonexistent,4
1,10,telephone,fri,1,unknown,2750,illiterate,-1,unknown,student,unknown,married,apr,106,nonexistent,4
0,11,telephone,(null),0,unknown,2797,basic.9y,0,unknown,technician,unknown,single,nov,100,success,5
1,11,telephone,(null),0,unknown,2797,basic.9y,0,unknown,technician,unknown,single,nov,100,success,5
0,10,telephone,fri,1,unknown,2704,professional.course,-1,unknown,student,unknown,married,oct,95,nonexistent,4
1,10,telephone,fri,1,unknown,2704,professional.course,-1,unknown,student,unknown,married,oct,95,nonexistent,4
0,10,telephone,fri,1,unknown,2704,basic.9y,-1,unknown,student,unknown,married,oct,99,nonexistent,4
1,10,telephone,fri,1,unknown,2704,basic.9y,-1,unknown,student,unknown,married,oct,99,nonexistent,4
0,10,telephone,fri,0,unknown,2704,basic.9y,-1,unknown,management,unknown,married,oct,106,nonexistent,4
1,10,telephone,fri,0,unknown,2704,basic.9y,-1,unknown,management,unknown,married,oct,106,nonexistent,4
0,11,telephone,fri,0,unknown,2711,illiterate,-1,unknown,blue-collar,unknown,married,oct,106,nonexistent,4
1,11,telephone,fri,0,unknown,2711,illiterate,-1,unknown,blue-collar,unknown,married,oct,106,nonexistent,4
0,8,cellular,mon,0,no,2501,basic.4y,-3,no,self-employed,no,divorced,jul,102,failure,0
1,8,cellular,mon,0,no,2501,basic.4y,-3,no,self-employed,no,divorced,jul,102,failure,0
0,9,cellular,wed,0,no,2603,professional.course,-2,no,services,no,married,feb,102,nonexistent,2
1,9,cellular,wed,0,no,2603,professional.course,-2,no,services,no,married,feb,102,nonexistent,2
0,9,cellular,wed,1,no,2610,basic.6y,-2,no,student,no,married,sep,99,nonexistent,2
1,9,cellular,wed,1,no,2610,basic.6y,-2,no,student,no,married,sep,99,nonexistent,2
0,8,cellular,tue,1,no,2516,basic.6y,-3,no,services,no,divorced,aug,98,failure,1
1,8,cellular,tue,1,no,2516,basic.6y,-3,no,services,no,divorced,aug,98,failure,1
0,10,telephone,fri,0,unknown,2594,illiterate,-1,unknown,housemaid,unknown,married,aug,102,nonexistent,4
1,10,telephone,fri,0,unknown,2594,illiterate,-1,unknown,housemaid,unknown,married,aug,102,nonexistent,4
0,5,telephone,fri,0,unknown,2711,illiterate,-1,unknown,technician,unknown,married,oct,98,nonexistent,4
1,5,telephone,fri,0,unknown,2711,illiterate,-1,unknown,technician,unknown,married,oct,98,nonexistent,4
0,6,telephone,(null),0,unknown,2727,university.degree,0,unknown,unemployed,unknown,single,may,100,success,6
1,6,telephone,(null),0,unknown,2727,university.degree,0,unknown,unemployed,unknown,single,may,100,success,6
0,5,telephone,(null),0,unknown,2797,professional.course,0,unknown,retired,unknown,single,nov,107,success,5
1,5,telephone,(null),0,unknown,2797,professional.course,0,unknown,retired,unknown,single,nov,107,success,5
0,5,telephone,fri,0,unknown,2711,illiterate,-1,unknown,housemaid,unknown,married,oct,106,nonexistent,4
1,5,telephone,fri,0,unknown,2711,illiterate,-1,unknown,housemaid,unknown,married,oct,106,nonexistent,4
0,6,telephone,(null),1,unknown,2727,professional.course,0,unknown,retired,unknown,single,may,108,success,6
1,6,telephone,(null),1,unknown,2727,professional.course,0,unknown,retired,unknown,single,may,108,success,6
0,4,telephone,thu,0,unknown,2618,high.school,-1,unknown,student,unknown,married,apr,105,nonexistent,3
1,4,telephone,thu,0,unknown,2618,high.school,-1,unknown,student,unknown,married,apr,105,nonexistent,3
0,2,cellular,wed,0,no,2524,professional.course,-2,no,services,no,married,aug,96,nonexistent,2
1,2,cellular,wed,0,no,2524,professional.course,-2,no,services,no,married,aug,96,nonexistent,2
0,5,telephone,fri,1,unknown,2555,professional.course,-1,unknown,technician,unknown,married,apr,96,nonexistent,4
1,5,telephone,fri,1,unknown,2555,professional.course,-1,unknown,technician,unknown,married,apr,96,nonexistent,4
0,6,telephone,(null),0,unknown,2571,high.school,0,unknown,unemployed,unknown,single,may,96,success,6
1,6,telephone,(null),0,unknown,2571,high.school,0,unknown,unemployed,unknown,single,may,96,success,6
0,4,telephone,fri,0,unknown,2594,illiterate,-1,unknown,housemaid,unknown,married,aug,106,nonexistent,4
1,4,telephone,fri,0,unknown,2594,illiterate,-1,unknown,housemaid,unknown,married,aug,106,nonexistent,4
0,6,telephone,(null),0,unknown,2571,university.degree,0,unknown,retired,unknown,single,may,100,success,6
1,6,telephone,(null),0,unknown,2571,university.degree,0,unknown,retired,unknown,single,may,100,success,6
0,23,cellular,tue,0,no,3055,basic.6y,-3,no,admin.,no,divorced,jan,80,failure,0
1,23,cellular,tue,0,no,3055,basic.6y,-3,no,admin.,no,divorced,jan,80,failure,0
0,22,cellular,tue,0,no,3000,basic.6y,-3,no,entrepreneur,no,divorced,mar,81,failure,1
1,22,cellular,tue,0,no,3000,basic.6y,-3,no,entrepreneur,no,divorced,mar,81,failure,1
0,20,telephone,fri,0,unknown,3078,illiterate,-1,unknown,services,unknown,married,sep,88,nonexistent,4
1,20,telephone,fri,0,unknown,3078,illiterate,-1,unknown,services,unknown,married,sep,88,nonexistent,4
0,20,cellular,mon,0,no,2814,basic.4y,-3,no,self-employed,no,divorced,jan,87,failure,0
1,20,cellular,mon,0,no,2814,basic.4y,-3,no,self-employed,no,divorced,jan,87,failure,0
0,20,cellular,tue,0,no,2829,basic.6y,-3,no,self-employed,no,divorced,feb,79,failure,0
1,20,cellular,tue,0,no,2829,basic.6y,-3,no,self-employed,no,divorced,feb,79,failure,0
0,20,cellular,wed,0,no,2860,basic.9y,-2,no,blue-collar,no,married,apr,83,nonexistent,2
1,20,cellular,wed,0,no,2860,basic.9y,-2,no,blue-collar,no,married,apr,83,nonexistent,2
0,18,telephone,(null),1,unknown,2953,professional.course,0,unknown,unemployed,unknown,single,nov,92,success,6
1,18,telephone,(null),1,unknown,2953,professional.course,0,unknown,unemployed,unknown,single,nov,92,success,6
0,19,telephone,(null),0,unknown,2953,professional.course,0,unknown,unemployed,unknown,single,nov,85,success,6
1,19,telephone,(null),0,unknown,2953,professional.course,0,unknown,unemployed,unknown,single,nov,85,success,6
0,19,telephone,fri,1,unknown,2867,illiterate,-1,unknown,housemaid,unknown,married,oct,88,nonexistent,4
1,19,telephone,fri,1,unknown,2867,illiterate,-1,unknown,housemaid,unknown,married,oct,88,nonexistent,4
0,23,cellular,tue,0,no,2985,basic.6y,-3,no,blue-collar,no,divorced,feb,64,failure,0
1,23,cellular,tue,0,no,2985,basic.6y,-3,no,blue-collar,no,divorced,feb,64,failure,0
0,21,telephone,fri,0,unknown,3078,illiterate,-1,unknown,services,unknown,married,sep,73,nonexistent,4
1,21,telephone,fri,0,unknown,3078,illiterate,-1,unknown,services,unknown,married,sep,73,nonexistent,4
0,20,cellular,wed,1,no,2875,basic.9y,-2,no,management,no,married,may,68,nonexistent,2
1,20,cellular,wed,1,no,2875,basic.9y,-2,no,management,no,married,may,68,nonexistent,2
0,19,telephone,fri,1,unknown,2867,illiterate,-1,unknown,technician,unknown,married,oct,73,nonexistent,4
1,19,telephone,fri,1,unknown,2867,illiterate,-1,unknown,technician,unknown,married,oct,73,nonexistent,4
0,20,cellular,mon,1,no,2736,basic.4y,-3,no,admin.,no,divorced,jan,87,failure,0
1,20,cellular,mon,1,no,2736,basic.4y,-3,no,admin.,no,divorced,jan,87,failure,0
0,20,cellular,tue,0,no,2751,basic.6y,-3,no,blue-collar,no,divorced,feb,80,failure,1
1,20,cellular,tue,0,no,2751,basic.6y,-3,no,blue-collar,no,divorced,feb,80,failure,1
0,17,telephone,fri,1,unknown,2766,illiterate,-1,unknown,technician,unknown,married,sep,91,nonexistent,4
1,17,telephone,fri,1,unknown,2766,illiterate,-1,unknown,technician,unknown,married,sep,91,nonexistent,4
0,17,cellular,wed,1,no,2719,basic.9y,-2,no,student,no,married,sep,81,nonexistent,2
1,17,cellular,wed,1,no,2719,basic.9y,-2,no,student,no,married,sep,81,nonexistent,2
0,18,telephone,fri,1,unknown,2766,illiterate,-1,unknown,technician,unknown,married,apr,83,nonexistent,4
1,18,telephone,fri,1,unknown,2766,illiterate,-1,unknown,technician,unknown,married,apr,83,nonexistent,4
0,17,telephone,(null),1,unknown,2781,professional.course,0,unknown,management,unknown,single,oct,91,success,5
1,17,telephone,(null),1,unknown,2781,professional.course,0,unknown,management,unknown,single,oct,91,success,5
0,18,telephone,(null),0,unknown,2781,professional.course,0,unknown,management,unknown,single,oct,84,success,5
1,18,telephone,(null),0,unknown,2781,professional.course,0,unknown,management,unknown,single,oct,84,success,5
0,16,telephone,thu,0,unknown,2579,high.school,-1,unknown,student,unknown,married,jul,90,nonexistent,3
1,16,telephone,thu,0,unknown,2579,high.school,-1,unknown,student,unknown,married,jul,90,nonexistent,3
0,16,telephone,thu,0,unknown,2579,high.school,-1,unknown,student,unknown,married,oct,82,nonexistent,3
1,16,telephone,thu,0,unknown,2579,high.school,-1,unknown,student,unknown,married,oct,82,nonexistent,3
0,17,cellular,tue,1,no,2532,basic.6y,-3,no,services,no,divorced,feb,80,failure,1
1,17,cellular,tue,1,no,2532,basic.6y,-3,no,services,no,divorced,feb,80,failure,1
0,16,telephone,fri,1,unknown,2594,illiterate,-1,unknown,housemaid,unknown,married,aug,90,nonexistent,4
1,16,telephone,fri,1,unknown,2594,illiterate,-1,unknown,housemaid,unknown,married,aug,90,nonexistent,4
0,16,telephone,fri,1,unknown,2594,illiterate,-1,unknown,housemaid,unknown,married,oct,83,nonexistent,4
1,16,telephone,fri,1,unknown,2594,illiterate,-1,unknown,housemaid,unknown,married,oct,83,nonexistent,4
0,18,telephone,thu,0,unknown,2579,high.school,-1,unknown,housemaid,unknown,married,apr,82,nonexistent,3
1,18,telephone,thu,0,unknown,2579,high.school,-1,unknown,housemaid,unknown,married,apr,82,nonexistent,3
0,20,cellular,tue,1,no,2673,basic.6y,-3,no,blue-collar,no,divorced,feb,64,failure,0
1,20,cellular,tue,1,no,2673,basic.6y,-3,no,blue-collar,no,divorced,feb,64,failure,0
0,19,telephone,fri,0,unknown,2750,illiterate,-1,unknown,self-employed,unknown,married,aug,71,nonexistent,4
1,19,telephone,fri,0,unknown,2750,illiterate,-1,unknown,self-employed,unknown,married,aug,71,nonexistent,4
0,17,telephone,(null),1,unknown,2797,professional.course,0,unknown,unemployed,unknown,single,nov,76,success,6
1,17,telephone,(null),1,unknown,2797,professional.course,0,unknown,unemployed,unknown,single,nov,76,success,6
0,18,telephone,(null),1,unknown,2727,professional.course,0,unknown,management,unknown,single,nov,76,success,6
1,18,telephone,(null),1,unknown,2727,professional.course,0,unknown,management,unknown,single,nov,76,success,6
0,16,telephone,fri,1,unknown,2594,illiterate,-1,unknown,student,unknown,married,aug,75,nonexistent,4
1,16,telephone,fri,1,unknown,2594,illiterate,-1,unknown,student,unknown,married,aug,75,nonexistent,4
0,17,cellular,wed,0,no,2563,basic.9y,-2,no,student,no,married,may,65,nonexistent,2
1,17,cellular,wed,0,no,2563,basic.9y,-2,no,student,no,married,may,65,nonexistent,2
0,19,cellular,tue,0,no,2516,basic.6y,-3,no,admin.,no,divorced,feb,64,failure,0
1,19,cellular,tue,0,no,2516,basic.6y,-3,no,admin.,no,divorced,feb,64,failure,0
0,17,telephone,fri,1,unknown,2610,illiterate,-1,unknown,housemaid,unknown,married,sep,73,nonexistent,4
1,17,telephone,fri,1,unknown,2610,illiterate,-1,unknown,housemaid,unknown,married,sep,73,nonexistent,4
0,11,telephone,(null),1,unknown,2719,university.degree,0,unknown,unemployed,unknown,single,nov,91,success,5
1,11,telephone,(null),1,unknown,2719,university.degree,0,unknown,unemployed,unknown,single,nov,91,success,5
0,11,telephone,(null),1,unknown,2641,basic.9y,0,unknown,unemployed,unknown,single,nov,91,success,5
1,11,telephone,(null),1,unknown,2641,basic.9y,0,unknown,unemployed,unknown,single,nov,91,success,5
0,28,telephone,fri,0,unknown,3726,illiterate,-1,unknown,technician,unknown,married,apr,57,nonexistent,4
1,28,telephone,fri,0,unknown,3726,illiterate,-1,unknown,technician,unknown,married,apr,57,nonexistent,4
0,28,telephone,(null),0,unknown,3742,professional.course,0,unknown,management,unknown,single,may,60,success,6
1,28,telephone,(null),0,unknown,3742,professional.course,0,unknown,management,unknown,single,may,60,success,6
0,26,telephone,fri,1,unknown,3687,illiterate,-1,unknown,self-employed,unknown,married,apr,56,nonexistent,4
1,26,telephone,fri,1,unknown,3687,illiterate,-1,unknown,self-employed,unknown,married,apr,56,nonexistent,4
0,26,telephone,fri,0,unknown,3547,illiterate,-1,unknown,services,unknown,married,apr,52,nonexistent,4
1,26,telephone,fri,0,unknown,3547,illiterate,-1,unknown,services,unknown,married,apr,52,nonexistent,4
0,26,cellular,wed,0,no,3391,basic.9y,-2,no,student,no,married,mar,53,nonexistent,2
1,26,cellular,wed,0,no,3391,basic.9y,-2,no,student,no,married,mar,53,nonexistent,2
0,26,telephone,fri,1,unknown,3407,illiterate,-1,unknown,housemaid,unknown,married,apr,56,nonexistent,4
1,26,telephone,fri,1,unknown,3407,illiterate,-1,unknown,housemaid,unknown,married,apr,56,nonexistent,4
0,25,telephone,(null),1,unknown,3734,professional.course,0,unknown,technician,unknown,single,nov,58,success,6
1,25,telephone,(null),1,unknown,3734,professional.course,0,unknown,technician,unknown,single,nov,58,success,6
0,23,telephone,fri,0,unknown,3703,illiterate,-1,unknown,services,unknown,married,sep,52,nonexistent,4
1,23,telephone,fri,0,unknown,3703,illiterate,-1,unknown,services,unknown,married,sep,52,nonexistent,4
0,25,telephone,(null),1,unknown,3578,professional.course,0,unknown,technician,unknown,single,nov,58,success,6
1,25,telephone,(null),1,unknown,3578,professional.course,0,unknown,technician,unknown,single,nov,58,success,6
0,23,telephone,fri,0,unknown,3547,illiterate,-1,unknown,services,unknown,married,sep,52,nonexistent,4
1,23,telephone,fri,0,unknown,3547,illiterate,-1,unknown,services,unknown,married,sep,52,nonexistent,4
0,20,cellular,wed,0,no,3532,basic.9y,-2,no,housemaid,no,married,aug,52,nonexistent,2
1,20,cellular,wed,0,no,3532,basic.9y,-2,no,housemaid,no,married,aug,52,nonexistent,2
0,22,cellular,mon,0,no,3439,basic.4y,-3,no,admin.,no,divorced,apr,56,failure,0
1,22,cellular,mon,0,no,3439,basic.4y,-3,no,admin.,no,divorced,apr,56,failure,0
0,20,cellular,mon,0,no,3439,basic.4y,-3,no,admin.,no,divorced,apr,48,failure,0
1,20,cellular,mon,0,no,3439,basic.4y,-3,no,admin.,no,divorced,apr,48,failure,0
0,22,cellular,mon,1,no,3470,basic.6y,-3,no,admin.,no,divorced,jan,48,failure,0
1,22,cellular,mon,1,no,3470,basic.6y,-3,no,admin.,no,divorced,jan,48,failure,0
0,21,telephone,(null),0,unknown,3718,professional.course,0,unknown,technician,unknown,single,nov,46,success,6
1,21,telephone,(null),0,unknown,3718,professional.course,0,unknown,technician,unknown,single,nov,46,success,6
0,21,telephone,(null),0,unknown,3718,professional.course,0,unknown,unemployed,unknown,single,sep,38,success,6
1,21,telephone,(null),0,unknown,3718,professional.course,0,unknown,unemployed,unknown,single,sep,38,success,6
0,20,cellular,wed,0,no,3532,basic.9y,-2,no,housemaid,no,married,feb,36,nonexistent,2
1,20,cellular,wed,0,no,3532,basic.9y,-2,no,housemaid,no,married,feb,36,nonexistent,2
0,20,telephone,(null),1,unknown,3687,professional.course,0,unknown,technician,unknown,single,jun,29,success,5
1,20,telephone,(null),1,unknown,3687,professional.course,0,unknown,technician,unknown,single,jun,29,success,5
0,20,telephone,thu,1,unknown,3718,professional.course,0,unknown,unemployed,unknown,single,jun,30,success,6
1,20,telephone,thu,1,unknown,3718,professional.course,0,unknown,unemployed,unknown,single,jun,30,success,6
0,21,telephone,fri,1,unknown,3656,illiterate,-1,unknown,services,unknown,married,feb,28,nonexistent,4
1,21,telephone,fri,1,unknown,3656,illiterate,-1,unknown,services,unknown,married,feb,28,nonexistent,4
0,25,telephone,fri,0,unknown,3407,illiterate,-1,unknown,student,unknown,married,aug,56,nonexistent,4
1,25,telephone,fri,0,unknown,3407,illiterate,-1,unknown,student,unknown,married,aug,56,nonexistent,4
0,25,telephone,(null),1,unknown,3422,professional.course,0,unknown,management,unknown,single,sep,59,success,5
1,25,telephone,(null),1,unknown,3422,professional.course,0,unknown,management,unknown,single,sep,59,success,5
0,25,telephone,fri,1,unknown,3375,illiterate,-1,unknown,self-employed,unknown,married,apr,49,nonexistent,4
1,25,telephone,fri,1,unknown,3375,illiterate,-1,unknown,self-employed,unknown,married,apr,49,nonexistent,4
0,23,telephone,fri,1,unknown,3391,illiterate,-1,unknown,services,unknown,married,sep,52,nonexistent,4
1,23,telephone,fri,1,unknown,3391,illiterate,-1,unknown,services,unknown,married,sep,52,nonexistent,4
0,25,cellular,wed,0,no,3228,basic.9y,-2,no,housemaid,no,married,feb,52,nonexistent,2
1,25,cellular,wed,0,no,3228,basic.9y,-2,no,housemaid,no,married,feb,52,nonexistent,2
0,25,cellular,wed,0,no,3149,basic.9y,-2,no,blue-collar,no,married,feb,52,nonexistent,2
1,25,cellular,wed,0,no,3149,basic.9y,-2,no,blue-collar,no,married,feb,52,nonexistent,2
0,25,telephone,fri,0,unknown,3251,illiterate,-1,unknown,student,unknown,married,feb,40,nonexistent,4
1,25,telephone,fri,0,unknown,3251,illiterate,-1,unknown,student,unknown,married,feb,40,nonexistent,4
0,25,telephone,(null),1,unknown,3266,professional.course,0,unknown,management,unknown,single,mar,43,success,5
1,25,telephone,(null),1,unknown,3266,professional.course,0,unknown,management,unknown,single,mar,43,success,5
0,25,telephone,(null),0,unknown,3188,professional.course,0,unknown,management,unknown,single,mar,43,success,5
1,25,telephone,(null),0,unknown,3188,professional.course,0,unknown,management,unknown,single,mar,43,success,5
0,23,telephone,fri,0,unknown,3235,illiterate,-1,unknown,services,unknown,married,sep,52,nonexistent,4
1,23,telephone,fri,0,unknown,3235,illiterate,-1,unknown,services,unknown,married,sep,52,nonexistent,4
0,22,telephone,thu,1,unknown,3360,high.school,-1,unknown,retired,unknown,married,jul,47,nonexistent,3
1,22,telephone,thu,1,unknown,3360,high.school,-1,unknown,retired,unknown,married,jul,47,nonexistent,3
0,20,cellular,wed,1,no,3329,basic.9y,-2,no,housemaid,no,married,apr,40,nonexistent,2
1,20,cellular,wed,1,no,3329,basic.9y,-2,no,housemaid,no,married,apr,40,nonexistent,2
0,22,telephone,thu,1,unknown,3204,high.school,-1,unknown,retired,unknown,married,jul,47,nonexistent,3
1,22,telephone,thu,1,unknown,3204,high.school,-1,unknown,retired,unknown,married,jul,47,nonexistent,3
0,20,cellular,tue,0,no,3157,basic.6y,-3,no,entrepreneur,no,divorced,mar,37,failure,1
1,20,cellular,tue,0,no,3157,basic.6y,-3,no,entrepreneur,no,divorced,mar,37,failure,1
0,21,telephone,(null),0,unknown,3422,professional.course,0,unknown,technician,unknown,single,may,29,success,6
1,21,telephone,(null),0,unknown,3422,professional.course,0,unknown,technician,unknown,single,may,29,success,6
0,22,telephone,(null),0,unknown,3266,professional.course,0,unknown,technician,unknown,single,may,30,success,6
1,22,telephone,(null),0,unknown,3266,professional.course,0,unknown,technician,unknown,single,may,30,success,6
0,20,telephone,(null),0,unknown,3250,professional.course,0,unknown,student,unknown,single,may,27,success,5
1,20,telephone,(null),0,unknown,3250,professional.course,0,unknown,student,unknown,single,may,27,success,5
0,23,cellular,wed,0,no,3031,basic.9y,-2,no,management,no,married,mar,43,nonexistent,2
1,23,cellular,wed,0,no,3031,basic.9y,-2,no,management,no,married,mar,43,nonexistent,2
0,23,cellular,tue,0,no,2899,basic.6y,-3,no,blue-collar,no,divorced,jan,49,failure,0
1,23,cellular,tue,0,no,2899,basic.6y,-3,no,blue-collar,no,divorced,jan,49,failure,0
0,23,telephone,fri,0,unknown,2938,illiterate,-1,unknown,housemaid,unknown,married,apr,40,nonexistent,4
1,23,telephone,fri,0,unknown,2938,illiterate,-1,unknown,housemaid,unknown,married,apr,40,nonexistent,4
0,22,cellular,wed,0,no,3031,basic.9y,-2,no,management,no,married,may,43,nonexistent,2
1,22,cellular,wed,0,no,3031,basic.9y,-2,no,management,no,married,may,43,nonexistent,2
0,20,cellular,tue,0,no,3000,basic.6y,-3,no,entrepreneur,no,divorced,mar,37,failure,1
1,20,cellular,tue,0,no,3000,basic.6y,-3,no,entrepreneur,no,divorced,mar,37,failure,1
0,22,cellular,wed,0,no,2875,basic.9y,-2,no,management,no,married,may,43,nonexistent,2
1,22,cellular,wed,0,no,2875,basic.9y,-2,no,management,no,married,may,43,nonexistent,2
0,20,cellular,tue,1,no,2844,basic.6y,-3,no,entrepreneur,no,divorced,mar,37,failure,1
1,20,cellular,tue,1,no,2844,basic.6y,-3,no,entrepreneur,no,divorced,mar,37,failure,1
0,22,telephone,(null),0,unknown,3109,professional.course,0,unknown,technician,unknown,single,may,29,success,6
1,22,telephone,(null),0,unknown,3109,professional.course,0,unknown,technician,unknown,single,may,29,success,6
0,20,telephone,(null),1,unknown,3093,professional.course,0,unknown,student,unknown,single,may,27,success,5
1,20,telephone,(null),1,unknown,3093,professional.course,0,unknown,student,unknown,single,may,27,success,5
0,22,telephone,(null),0,unknown,2953,professional.course,0,unknown,technician,unknown,single,may,29,success,6
1,22,telephone,(null),0,unknown,2953,professional.course,0,unknown,technician,unknown,single,may,29,success,6
0,20,telephone,(null),1,unknown,2937,professional.course,0,unknown,student,unknown,single,may,27,success,5
1,20,telephone,(null),1,unknown,2937,professional.course,0,unknown,student,unknown,single,may,27,success,5
0,22,cellular,mon,0,no,2736,basic.4y,-3,no,admin.,no,divorced,jan,48,failure,0
1,22,cellular,mon,0,no,2736,basic.4y,-3,no,admin.,no,divorced,jan,48,failure,0
0,22,cellular,wed,0,no,2766,basic.9y,-2,no,entrepreneur,no,married,feb,37,nonexistent,2
1,22,cellular,wed,0,no,2766,basic.9y,-2,no,entrepreneur,no,married,feb,37,nonexistent,2
0,20,cellular,tue,1,no,2688,basic.6y,-3,no,entrepreneur,no,divorced,mar,37,failure,1
1,20,cellular,tue,1,no,2688,basic.6y,-3,no,entrepreneur,no,divorced,mar,37,failure,1
0,20,cellular,tue,0,no,2516,basic.6y,-3,no,blue-collar,no,divorced,jan,34,failure,0
1,20,cellular,tue,0,no,2516,basic.6y,-3,no,blue-collar,no,divorced,jan,34,failure,0
0,22,telephone,(null),0,unknown,2797,professional.course,0,unknown,management,unknown,single,mar,27,success,5
1,22,telephone,(null),0,unknown,2797,professional.course,0,unknown,management,unknown,single,mar,27,success,5
0,20,telephone,fri,0,unknown,2766,illiterate,-1,unknown,services,unknown,married,apr,26,nonexistent,4
1,20,telephone,fri,0,unknown,2766,illiterate,-1,unknown,services,unknown,married,apr,26,nonexistent,4
0,20,telephone,fri,1,unknown,2626,illiterate,-1,unknown,student,unknown,married,apr,24,nonexistent,4
1,20,telephone,fri,1,unknown,2626,illiterate,-1,unknown,student,unknown,married,apr,24,nonexistent,4
0,20,telephone,(null),1,unknown,2641,professional.course,0,unknown,management,unknown,single,may,27,success,5
1,20,telephone,(null),1,unknown,2641,professional.course,0,unknown,management,unknown,single,may,27,success,5
0,20,telephone,fri,0,unknown,2555,illiterate,-1,unknown,housemaid,unknown,married,apr,26,nonexistent,4
1,20,telephone,fri,0,unknown,2555,illiterate,-1,unknown,housemaid,unknown,married,apr,26,nonexistent,4
0,19,cellular,tue,1,no,3188,basic.6y,-3,no,admin.,no,divorced,oct,56,failure,0
1,19,cellular,tue,1,no,3188,basic.6y,-3,no,admin.,no,divorced,oct,56,failure,0
0,17,cellular,tue,1,no,3188,basic.6y,-3,no,blue-collar,no,divorced,oct,48,failure,0
1,17,cellular,tue,1,no,3188,basic.6y,-3,no,blue-collar,no,divorced,oct,48,failure,0
0,19,cellular,tue,1,no,3188,basic.6y,-3,no,admin.,no,divorced,jul,48,failure,0
1,19,cellular,tue,1,no,3188,basic.6y,-3,no,admin.,no,divorced,jul,48,failure,0
0,17,cellular,tue,0,no,3188,basic.6y,-3,no,blue-collar,no,divorced,jul,40,failure,0
1,17,cellular,tue,0,no,3188,basic.6y,-3,no,blue-collar,no,divorced,jul,40,failure,0
0,18,telephone,fri,0,unknown,3500,illiterate,-1,unknown,self-employed,unknown,married,oct,36,nonexistent,4
1,18,telephone,fri,0,unknown,3500,illiterate,-1,unknown,self-employed,unknown,married,oct,36,nonexistent,4
0,14,cellular,mon,1,no,3126,basic.4y,-3,no,admin.,no,divorced,oct,40,failure,0
1,14,cellular,mon,1,no,3126,basic.4y,-3,no,admin.,no,divorced,oct,40,failure,0
0,16,cellular,mon,1,no,3126,basic.4y,-3,no,admin.,no,divorced,jul,40,failure,0
1,16,cellular,mon,1,no,3126,basic.4y,-3,no,admin.,no,divorced,jul,40,failure,0
0,14,cellular,mon,1,no,3126,basic.4y,-3,no,admin.,no,divorced,jul,32,failure,0
1,14,cellular,mon,1,no,3126,basic.4y,-3,no,admin.,no,divorced,jul,32,failure,0
0,19,cellular,fri,1,no,3126,basic.4y,-3,no,admin.,no,divorced,apr,40,failure,0
1,19,cellular,fri,1,no,3126,basic.4y,-3,no,admin.,no,divorced,apr,40,failure,0
0,19,cellular,mon,0,no,3188,basic.6y,-3,no,admin.,no,divorced,apr,40,failure,0
1,19,cellular,mon,0,no,3188,basic.6y,-3,no,admin.,no,divorced,apr,40,failure,0
0,17,cellular,tue,0,no,3188,basic.6y,-3,no,blue-collar,no,divorced,apr,32,failure,0
1,17,cellular,tue,0,no,3188,basic.6y,-3,no,blue-collar,no,divorced,apr,32,failure,0
0,19,cellular,mon,1,no,3126,basic.4y,-3,no,self-employed,no,divorced,jan,32,failure,0
1,19,cellular,mon,1,no,3126,basic.4y,-3,no,self-employed,no,divorced,jan,32,failure,0
0,19,cellular,fri,0,no,3126,basic.4y,-3,no,admin.,no,divorced,jan,32,failure,0
1,19,cellular,fri,0,no,3126,basic.4y,-3,no,admin.,no,divorced,jan,32,failure,0
0,19,cellular,mon,0,no,3188,basic.6y,-3,no,admin.,no,divorced,jan,32,failure,0
1,19,cellular,mon,0,no,3188,basic.6y,-3,no,admin.,no,divorced,jan,32,failure,0
0,16,cellular,mon,1,no,3126,basic.4y,-3,no,admin.,no,divorced,apr,32,failure,0
1,16,cellular,mon,1,no,3126,basic.4y,-3,no,admin.,no,divorced,apr,32,failure,0
0,17,telephone,(null),0,unknown,3687,professional.course,0,unknown,unemployed,unknown,single,dec,30,success,6
1,17,telephone,(null),0,unknown,3687,professional.course,0,unknown,unemployed,unknown,single,dec,30,success,6
0,18,telephone,(null),0,unknown,3625,professional.course,0,unknown,student,unknown,single,sep,29,success,5
1,18,telephone,(null),0,unknown,3625,professional.course,0,unknown,student,unknown,single,sep,29,success,5
0,17,telephone,(null),0,unknown,3687,professional.course,0,unknown,unemployed,unknown,single,sep,22,success,6
1,17,telephone,(null),0,unknown,3687,professional.course,0,unknown,unemployed,unknown,single,sep,22,success,6
0,14,cellular,wed,0,no,3375,basic.9y,-2,no,management,no,married,sep,26,nonexistent,2
1,14,cellular,wed,0,no,3375,basic.9y,-2,no,management,no,married,sep,26,nonexistent,2
0,15,telephone,(null),0,unknown,3687,professional.course,0,unknown,technician,unknown,single,nov,22,success,6
1,15,telephone,(null),0,unknown,3687,professional.course,0,unknown,technician,unknown,single,nov,22,success,6
0,17,cellular,tue,0,no,3250,basic.6y,-3,no,entrepreneur,no,divorced,feb,25,failure,1
1,17,cellular,tue,0,no,3250,basic.6y,-3,no,entrepreneur,no,divorced,feb,25,failure,1
0,18,telephone,fri,0,unknown,3562,illiterate,-1,unknown,services,unknown,married,apr,20,nonexistent,4
1,18,telephone,fri,0,unknown,3562,illiterate,-1,unknown,services,unknown,married,apr,20,nonexistent,4
0,14,cellular,mon,1,no,3126,basic.4y,-3,no,admin.,no,divorced,apr,24,failure,0
1,14,cellular,mon,1,no,3126,basic.4y,-3,no,admin.,no,divorced,apr,24,failure,0
0,16,cellular,mon,1,no,3188,basic.6y,-3,no,admin.,no,divorced,jan,24,failure,0
1,16,cellular,mon,1,no,3188,basic.6y,-3,no,admin.,no,divorced,jan,24,failure,0
0,14,cellular,tue,1,no,3188,basic.6y,-3,no,blue-collar,no,divorced,jan,16,failure,0
1,14,cellular,tue,1,no,3188,basic.6y,-3,no,blue-collar,no,divorced,jan,16,failure,0
0,15,telephone,(null),0,unknown,3687,professional.course,0,unknown,unemployed,unknown,single,sep,14,success,6
1,15,telephone,(null),0,unknown,3687,professional.course,0,unknown,unemployed,unknown,single,sep,14,success,6
0,18,telephone,(null),0,unknown,3625,professional.course,0,unknown,student,unknown,single,mar,13,success,5
1,18,telephone,(null),0,unknown,3625,professional.course,0,unknown,student,unknown,single,mar,13,success,5
0,14,cellular,wed,0,no,3375,basic.9y,-2,no,management,no,married,mar,10,nonexistent,2
1,14,cellular,wed,0,no,3375,basic.9y,-2,no,management,no,married,mar,10,nonexistent,2
0,15,telephone,(null),0,unknown,3687,professional.course,0,unknown,unemployed,unknown,single,jun,6,success,6
1,15,telephone,(null),0,unknown,3687,professional.course,0,unknown,unemployed,unknown,single,jun,6,success,6
0,14,telephone,wed,0,unknown,3625,professional.course,0,unknown,technician,unknown,single,jun,6,success,5
1,14,telephone,wed,0,unknown,3625,professional.course,0,unknown,technician,unknown,single,jun,6,success,5
0,15,telephone,fri,1,unknown,3562,illiterate,-1,unknown,services,unknown,married,feb,4,nonexistent,4
1,15,telephone,fri,1,unknown,3562,illiterate,-1,unknown,services,unknown,married,feb,4,nonexistent,4
0,19,cellular,tue,1,no,2985,basic.6y,-3,no,blue-collar,no,divorced,feb,34,failure,0
1,19,cellular,tue,1,no,2985,basic.6y,-3,no,blue-collar,no,divorced,feb,34,failure,0
0,17,cellular,mon,0,no,2970,basic.4y,-3,no,admin.,no,divorced,oct,48,failure,0
1,17,cellular,mon,0,no,2970,basic.4y,-3,no,admin.,no,divorced,oct,48,failure,0
0,17,cellular,wed,0,no,3016,basic.9y,-2,no,housemaid,no,married,aug,36,nonexistent,2
1,17,cellular,wed,0,no,3016,basic.9y,-2,no,housemaid,no,married,aug,36,nonexistent,2
0,17,cellular,tue,1,no,2985,basic.6y,-3,no,blue-collar,no,divorced,apr,32,failure,0
1,17,cellular,tue,1,no,2985,basic.6y,-3,no,blue-collar,no,divorced,apr,32,failure,0
0,19,cellular,mon,0,no,2814,basic.4y,-3,no,admin.,no,divorced,jul,48,failure,0
1,19,cellular,mon,0,no,2814,basic.4y,-3,no,admin.,no,divorced,jul,48,failure,0
0,19,telephone,thu,0,unknown,2891,high.school,-1,unknown,retired,unknown,married,oct,39,nonexistent,3
1,19,telephone,thu,0,unknown,2891,high.school,-1,unknown,retired,unknown,married,oct,39,nonexistent,3
0,19,cellular,mon,0,no,2814,basic.4y,-3,no,admin.,no,divorced,apr,40,failure,0
1,19,cellular,mon,0,no,2814,basic.4y,-3,no,admin.,no,divorced,apr,40,failure,0
0,19,cellular,tue,1,no,2829,basic.6y,-3,no,blue-collar,no,divorced,jan,32,failure,0
1,19,cellular,tue,1,no,2829,basic.6y,-3,no,blue-collar,no,divorced,jan,32,failure,0
0,17,cellular,tue,0,no,2844,basic.6y,-3,no,entrepreneur,no,divorced,aug,37,failure,1
1,17,cellular,tue,0,no,2844,basic.6y,-3,no,entrepreneur,no,divorced,aug,37,failure,1
0,17,cellular,mon,0,no,2814,basic.4y,-3,no,admin.,no,divorced,apr,32,failure,0
1,17,cellular,mon,0,no,2814,basic.4y,-3,no,admin.,no,divorced,apr,32,failure,0
0,17,telephone,(null),1,unknown,3093,professional.course,0,unknown,unemployed,unknown,single,dec,30,success,6
1,17,telephone,(null),1,unknown,3093,professional.course,0,unknown,unemployed,unknown,single,dec,30,success,6
0,18,telephone,fri,0,unknown,3031,illiterate,-1,unknown,services,unknown,married,aug,28,nonexistent,4
1,18,telephone,fri,0,unknown,3031,illiterate,-1,unknown,services,unknown,married,aug,28,nonexistent,4
0,17,telephone,(null),0,unknown,3062,professional.course,0,unknown,technician,unknown,single,sep,22,success,5
1,17,telephone,(null),0,unknown,3062,professional.course,0,unknown,technician,unknown,single,sep,22,success,5
0,17,cellular,wed,0,no,2938,basic.9y,-2,no,management,no,married,mar,21,nonexistent,2
1,17,cellular,wed,0,no,2938,basic.9y,-2,no,management,no,married,mar,21,nonexistent,2
0,18,telephone,fri,0,unknown,3031,illiterate,-1,unknown,services,unknown,married,feb,12,nonexistent,4
1,18,telephone,fri,0,unknown,3031,illiterate,-1,unknown,services,unknown,married,feb,12,nonexistent,4
0,16,cellular,tue,1,no,2876,basic.6y,-3,no,blue-collar,no,divorced,oct,41,failure,1
1,16,cellular,tue,1,no,2876,basic.6y,-3,no,blue-collar,no,divorced,oct,41,failure,1
0,14,cellular,tue,1,no,2876,basic.6y,-3,no,entrepreneur,no,divorced,oct,33,failure,1
1,14,cellular,tue,1,no,2876,basic.6y,-3,no,entrepreneur,no,divorced,oct,33,failure,1
0,16,cellular,mon,1,no,2814,basic.4y,-3,no,self-employed,no,divorced,jul,32,failure,0
1,16,cellular,mon,1,no,2814,basic.4y,-3,no,self-employed,no,divorced,jul,32,failure,0
0,16,cellular,tue,1,no,2876,basic.6y,-3,no,blue-collar,no,divorced,jul,33,failure,1
1,16,cellular,tue,1,no,2876,basic.6y,-3,no,blue-collar,no,divorced,jul,33,failure,1
0,15,telephone,thu,0,unknown,2969,high.school,-1,unknown,retired,unknown,married,oct,23,nonexistent,3
1,15,telephone,thu,0,unknown,2969,high.school,-1,unknown,retired,unknown,married,oct,23,nonexistent,3
0,14,cellular,mon,0,no,2814,basic.4y,-3,no,admin.,no,divorced,jan,16,failure,0
1,14,cellular,mon,0,no,2814,basic.4y,-3,no,admin.,no,divorced,jan,16,failure,0
0,15,telephone,(null),0,unknown,3093,professional.course,0,unknown,technician,unknown,single,sep,14,success,6
1,15,telephone,(null),0,unknown,3093,professional.course,0,unknown,technician,unknown,single,sep,14,success,6
0,15,telephone,fri,1,unknown,3000,illiterate,-1,unknown,self-employed,unknown,married,apr,8,nonexistent,4
1,15,telephone,fri,1,unknown,3000,illiterate,-1,unknown,self-employed,unknown,married,apr,8,nonexistent,4
0,19,cellular,mon,0,no,2658,basic.4y,-3,no,admin.,no,divorced,jan,32,failure,0
1,19,cellular,mon,0,no,2658,basic.4y,-3,no,admin.,no,divorced,jan,32,failure,0
0,17,cellular,tue,1,no,2688,basic.6y,-3,no,entrepreneur,no,divorced,aug,37,failure,1
1,17,cellular,tue,1,no,2688,basic.6y,-3,no,entrepreneur,no,divorced,aug,37,failure,1
0,17,cellular,mon,0,no,2658,basic.4y,-3,no,admin.,no,divorced,apr,32,failure,0
1,17,cellular,mon,0,no,2658,basic.4y,-3,no,admin.,no,divorced,apr,32,failure,0
0,19,cellular,mon,0,no,2501,basic.4y,-3,no,admin.,no,divorced,jan,32,failure,0
1,19,cellular,mon,0,no,2501,basic.4y,-3,no,admin.,no,divorced,jan,32,failure,0
0,17,telephone,(null),1,unknown,2625,professional.course,0,unknown,student,unknown,single,oct,55,success,5
1,17,telephone,(null),1,unknown,2625,professional.course,0,unknown,student,unknown,single,oct,55,success,5
0,19,telephone,(null),1,unknown,2797,professional.course,0,unknown,technician,unknown,single,sep,27,success,5
1,19,telephone,(null),1,unknown,2797,professional.course,0,unknown,technician,unknown,single,sep,27,success,5
0,19,telephone,(null),1,unknown,2719,professional.course,0,unknown,technician,unknown,single,sep,27,success,5
1,19,telephone,(null),1,unknown,2719,professional.course,0,unknown,technician,unknown,single,sep,27,success,5
0,19,telephone,(null),0,unknown,2727,professional.course,0,unknown,management,unknown,single,sep,29,success,6
1,19,telephone,(null),0,unknown,2727,professional.course,0,unknown,management,unknown,single,sep,29,success,6
0,19,telephone,fri,1,unknown,2766,illiterate,-1,unknown,services,unknown,married,apr,21,nonexistent,4
1,19,telephone,fri,1,unknown,2766,illiterate,-1,unknown,services,unknown,married,apr,21,nonexistent,4
0,17,telephone,(null),1,unknown,2797,professional.course,0,unknown,technician,unknown,single,nov,27,success,6
1,17,telephone,(null),1,unknown,2797,professional.course,0,unknown,technician,unknown,single,nov,27,success,6
0,19,telephone,(null),1,unknown,2641,professional.course,0,unknown,technician,unknown,single,sep,27,success,5
1,19,telephone,(null),1,unknown,2641,professional.course,0,unknown,technician,unknown,single,sep,27,success,5
0,19,telephone,(null),0,unknown,2649,professional.course,0,unknown,management,unknown,single,sep,29,success,6
1,19,telephone,(null),0,unknown,2649,professional.course,0,unknown,management,unknown,single,sep,29,success,6
0,19,telephone,(null),0,unknown,2571,professional.course,0,unknown,management,unknown,single,sep,29,success,6
1,19,telephone,(null),0,unknown,2571,professional.course,0,unknown,management,unknown,single,sep,29,success,6
0,19,telephone,fri,1,unknown,2610,illiterate,-1,unknown,services,unknown,married,apr,21,nonexistent,4
1,19,telephone,fri,1,unknown,2610,illiterate,-1,unknown,services,unknown,married,apr,21,nonexistent,4
0,17,telephone,(null),1,unknown,2641,professional.course,0,unknown,technician,unknown,single,nov,27,success,6
1,17,telephone,(null),1,unknown,2641,professional.course,0,unknown,technician,unknown,single,nov,27,success,6
0,16,cellular,tue,0,no,2673,basic.6y,-3,no,admin.,no,divorced,oct,40,failure,0
1,16,cellular,tue,0,no,2673,basic.6y,-3,no,admin.,no,divorced,oct,40,failure,0
0,14,cellular,tue,1,no,2688,basic.6y,-3,no,entrepreneur,no,divorced,oct,33,failure,1
1,14,cellular,tue,1,no,2688,basic.6y,-3,no,entrepreneur,no,divorced,oct,33,failure,1
0,16,cellular,tue,1,no,2688,basic.6y,-3,no,blue-collar,no,divorced,jul,33,failure,1
1,16,cellular,tue,1,no,2688,basic.6y,-3,no,blue-collar,no,divorced,jul,33,failure,1
0,16,cellular,tue,1,no,2516,basic.6y,-3,no,blue-collar,no,divorced,jul,34,failure,0
1,16,cellular,tue,1,no,2516,basic.6y,-3,no,blue-collar,no,divorced,jul,34,failure,0
0,14,cellular,tue,0,no,2516,basic.6y,-3,no,blue-collar,no,divorced,oct,32,failure,0
1,14,cellular,tue,0,no,2516,basic.6y,-3,no,blue-collar,no,divorced,oct,32,failure,0
0,15,telephone,thu,0,unknown,2657,high.school,-1,unknown,retired,unknown,married,oct,23,nonexistent,3
1,15,telephone,thu,0,unknown,2657,high.school,-1,unknown,retired,unknown,married,oct,23,nonexistent,3
0,16,cellular,tue,1,no,2563,basic.6y,-3,no,blue-collar,no,divorced,apr,25,failure,1
1,16,cellular,tue,1,no,2563,basic.6y,-3,no,blue-collar,no,divorced,apr,25,failure,1
0,14,cellular,tue,1,no,2563,basic.6y,-3,no,entrepreneur,no,divorced,apr,17,failure,1
1,14,cellular,tue,1,no,2563,basic.6y,-3,no,entrepreneur,no,divorced,apr,17,failure,1
0,16,cellular,mon,1,no,2501,basic.4y,-3,no,self-employed,no,divorced,jan,16,failure,0
1,16,cellular,mon,1,no,2501,basic.4y,-3,no,self-employed,no,divorced,jan,16,failure,0
0,16,cellular,fri,1,no,2532,basic.6y,-3,no,admin.,no,divorced,jan,16,failure,0
1,16,cellular,fri,1,no,2532,basic.6y,-3,no,admin.,no,divorced,jan,16,failure,0
0,15,telephone,(null),0,unknown,2750,professional.course,0,unknown,student,unknown,single,sep,13,success,5
1,15,telephone,(null),0,unknown,2750,professional.course,0,unknown,student,unknown,single,sep,13,success,5
0,15,telephone,thu,0,unknown,2657,high.school,-1,unknown,retired,unknown,married,apr,7,nonexistent,3
1,15,telephone,thu,0,unknown,2657,high.school,-1,unknown,retired,unknown,married,apr,7,nonexistent,3
0,13,cellular,mon,1,no,2501,basic.4y,-3,no,admin.,no,divorced,oct,32,failure,0
1,13,cellular,mon,1,no,2501,basic.4y,-3,no,admin.,no,divorced,oct,32,failure,0
0,11,cellular,mon,1,no,2501,basic.4y,-3,no,admin.,no,divorced,oct,24,failure,0
1,11,cellular,mon,1,no,2501,basic.4y,-3,no,admin.,no,divorced,oct,24,failure,0
0,13,cellular,tue,0,no,3188,basic.6y,-3,no,admin.,no,divorced,jul,24,failure,0
1,13,cellular,tue,0,no,3188,basic.6y,-3,no,admin.,no,divorced,jul,24,failure,0
0,13,cellular,mon,1,no,2501,basic.4y,-3,no,admin.,no,divorced,jul,24,failure,0
1,13,cellular,mon,1,no,2501,basic.4y,-3,no,admin.,no,divorced,jul,24,failure,0
0,11,cellular,wed,1,no,3000,basic.9y,-2,no,management,no,married,nov,18,nonexistent,2
1,11,cellular,wed,1,no,3000,basic.9y,-2,no,management,no,married,nov,18,nonexistent,2
0,11,cellular,mon,1,no,2501,basic.4y,-3,no,admin.,no,divorced,jul,16,failure,0
1,11,cellular,mon,1,no,2501,basic.4y,-3,no,admin.,no,divorced,jul,16,failure,0
0,10,cellular,mon,1,no,3126,basic.4y,-3,no,admin.,no,divorced,oct,24,failure,0
1,10,cellular,mon,1,no,3126,basic.4y,-3,no,admin.,no,divorced,oct,24,failure,0
0,10,cellular,mon,0,no,3126,basic.4y,-3,no,self-employed,no,divorced,oct,16,failure,0
1,10,cellular,mon,0,no,3126,basic.4y,-3,no,self-employed,no,divorced,oct,16,failure,0
0,10,cellular,mon,1,no,2501,basic.4y,-3,no,admin.,no,divorced,oct,20,failure,0
1,10,cellular,mon,1,no,2501,basic.4y,-3,no,admin.,no,divorced,oct,20,failure,0
0,10,cellular,tue,1,no,2750,basic.6y,-3,no,blue-collar,no,divorced,oct,16,failure,1
1,10,cellular,tue,1,no,2750,basic.6y,-3,no,blue-collar,no,divorced,oct,16,failure,1
0,8,cellular,mon,1,no,3126,basic.4y,-3,no,admin.,no,divorced,oct,16,failure,0
1,8,cellular,mon,1,no,3126,basic.4y,-3,no,admin.,no,divorced,oct,16,failure,0
0,10,cellular,mon,1,no,3126,basic.4y,-3,no,admin.,no,divorced,jul,16,failure,0
1,10,cellular,mon,1,no,3126,basic.4y,-3,no,admin.,no,divorced,jul,16,failure,0
0,13,cellular,mon,1,no,3126,basic.4y,-3,no,self-employed,no,divorced,apr,16,failure,0
1,13,cellular,mon,1,no,3126,basic.4y,-3,no,self-employed,no,divorced,apr,16,failure,0
0,13,cellular,fri,0,no,3126,basic.4y,-3,no,admin.,no,divorced,apr,16,failure,0
1,13,cellular,fri,0,no,3126,basic.4y,-3,no,admin.,no,divorced,apr,16,failure,0
0,13,cellular,mon,0,no,3126,basic.4y,-3,no,admin.,no,divorced,apr,20,failure,0
1,13,cellular,mon,0,no,3126,basic.4y,-3,no,admin.,no,divorced,apr,20,failure,0
0,13,cellular,tue,1,no,3250,basic.6y,-3,no,blue-collar,no,divorced,apr,16,failure,1
1,13,cellular,tue,1,no,3250,basic.6y,-3,no,blue-collar,no,divorced,apr,16,failure,1
0,13,cellular,mon,0,no,2501,basic.4y,-3,no,admin.,no,divorced,apr,16,failure,0
1,13,cellular,mon,0,no,2501,basic.4y,-3,no,admin.,no,divorced,apr,16,failure,0
0,12,telephone,(null),1,unknown,3500,professional.course,0,unknown,student,unknown,single,dec,13,success,5
1,12,telephone,(null),1,unknown,3500,professional.course,0,unknown,student,unknown,single,dec,13,success,5
0,11,cellular,wed,1,no,3000,basic.9y,-2,no,management,no,married,aug,10,nonexistent,2
1,11,cellular,wed,1,no,3000,basic.9y,-2,no,management,no,married,aug,10,nonexistent,2
0,11,telephone,(null),0,unknown,3625,professional.course,0,unknown,unemployed,unknown,single,dec,6,success,6
1,11,telephone,(null),0,unknown,3625,professional.course,0,unknown,unemployed,unknown,single,dec,6,success,6
0,12,telephone,(null),1,unknown,3500,professional.course,0,unknown,student,unknown,single,sep,5,success,5
1,12,telephone,(null),1,unknown,3500,professional.course,0,unknown,student,unknown,single,sep,5,success,5
0,8,cellular,tue,1,no,2750,basic.6y,-3,no,entrepreneur,no,divorced,oct,9,failure,1
1,8,cellular,tue,1,no,2750,basic.6y,-3,no,entrepreneur,no,divorced,oct,9,failure,1
0,10,cellular,mon,1,no,3188,basic.6y,-3,no,self-employed,no,divorced,jul,8,failure,0
1,10,cellular,mon,1,no,3188,basic.6y,-3,no,self-employed,no,divorced,jul,8,failure,0
0,8,cellular,mon,0,no,3126,basic.4y,-3,no,admin.,no,divorced,jul,8,failure,0
1,8,cellular,mon,0,no,3126,basic.4y,-3,no,admin.,no,divorced,jul,8,failure,0
0,10,cellular,mon,1,no,2501,basic.4y,-3,no,admin.,no,divorced,jul,12,failure,0
1,10,cellular,mon,1,no,2501,basic.4y,-3,no,admin.,no,divorced,jul,12,failure,0
0,10,cellular,tue,0,no,2625,basic.6y,-3,no,blue-collar,no,divorced,jul,8,failure,1
1,10,cellular,tue,0,no,2625,basic.6y,-3,no,blue-collar,no,divorced,jul,8,failure,1
0,9,telephone,fri,1,unknown,3250,illiterate,-1,unknown,self-employed,unknown,married,nov,4,nonexistent,4
1,9,telephone,fri,1,unknown,3250,illiterate,-1,unknown,self-employed,unknown,married,nov,4,nonexistent,4
0,8,cellular,wed,1,no,2875,basic.9y,-2,no,housemaid,no,married,aug,2,nonexistent,2
1,8,cellular,wed,1,no,2875,basic.9y,-2,no,housemaid,no,married,aug,2,nonexistent,2
0,11,cellular,tue,1,no,2625,basic.6y,-3,no,blue-collar,no,divorced,apr,8,failure,0
1,11,cellular,tue,1,no,2625,basic.6y,-3,no,blue-collar,no,divorced,apr,8,failure,0
0,13,cellular,mon,1,no,3188,basic.6y,-3,no,self-employed,no,divorced,jan,8,failure,0
1,13,cellular,mon,1,no,3188,basic.6y,-3,no,self-employed,no,divorced,jan,8,failure,0
0,11,cellular,mon,0,no,3126,basic.4y,-3,no,admin.,no,divorced,jan,8,failure,0
1,11,cellular,mon,0,no,3126,basic.4y,-3,no,admin.,no,divorced,jan,8,failure,0
0,13,cellular,fri,1,no,2501,basic.4y,-3,no,admin.,no,divorced,jan,8,failure,0
1,13,cellular,fri,1,no,2501,basic.4y,-3,no,admin.,no,divorced,jan,8,failure,0
0,13,cellular,mon,1,no,2501,basic.4y,-3,no,admin.,no,divorced,jan,12,failure,0
1,13,cellular,mon,1,no,2501,basic.4y,-3,no,admin.,no,divorced,jan,12,failure,0
0,13,cellular,mon,0,no,2563,basic.6y,-3,no,admin.,no,divorced,jan,8,failure,0
1,13,cellular,mon,0,no,2563,basic.6y,-3,no,admin.,no,divorced,jan,8,failure,0
0,12,telephone,thu,1,unknown,3125,high.school,-1,unknown,retired,unknown,married,may,3,nonexistent,3
1,12,telephone,thu,1,unknown,3125,high.school,-1,unknown,retired,unknown,married,may,3,nonexistent,3
0,11,cellular,tue,1,no,2750,basic.6y,-3,no,entrepreneur,no,divorced,jan,1,failure,1
1,11,cellular,tue,1,no,2750,basic.6y,-3,no,entrepreneur,no,divorced,jan,1,failure,1
0,10,cellular,mon,1,no,3188,basic.6y,-3,no,admin.,no,divorced,apr,8,failure,0
1,10,cellular,mon,1,no,3188,basic.6y,-3,no,admin.,no,divorced,apr,8,failure,0
0,8,cellular,mon,0,no,2501,basic.4y,-3,no,admin.,no,divorced,apr,0,failure,0
1,8,cellular,mon,0,no,2501,basic.4y,-3,no,admin.,no,divorced,apr,0,failure,0
0,8,cellular,mon,0,no,3126,basic.4y,-3,no,admin.,no,divorced,jan,0,failure,0
1,8,cellular,mon,0,no,3126,basic.4y,-3,no,admin.,no,divorced,jan,0,failure,0
0,10,cellular,mon,1,no,2563,basic.6y,-3,no,admin.,no,divorced,jan,0,failure,0
1,10,cellular,mon,1,no,2563,basic.6y,-3,no,admin.,no,divorced,jan,0,failure,0
0,7,cellular,mon,1,no,3126,basic.4y,-3,no,admin.,no,divorced,oct,12,failure,0
1,7,cellular,mon,1,no,3126,basic.4y,-3,no,admin.,no,divorced,oct,12,failure,0
0,7,cellular,mon,0,no,2501,basic.4y,-3,no,admin.,no,divorced,oct,8,failure,0
1,7,cellular,mon,0,no,2501,basic.4y,-3,no,admin.,no,divorced,oct,8,failure,0
0,5,cellular,tue,0,no,2625,basic.6y,-3,no,blue-collar,no,divorced,oct,0,failure,0
1,5,cellular,tue,0,no,2625,basic.6y,-3,no,blue-collar,no,divorced,oct,0,failure,0
0,7,cellular,mon,0,no,3126,basic.4y,-3,no,self-employed,no,divorced,jul,0,failure,0
1,7,cellular,mon,0,no,3126,basic.4y,-3,no,self-employed,no,divorced,jul,0,failure,0
0,5,cellular,mon,0,no,3126,basic.4y,-3,no,admin.,no,divorced,jul,0,failure,0
1,5,cellular,mon,0,no,3126,basic.4y,-3,no,admin.,no,divorced,jul,0,failure,0
0,7,cellular,tue,0,no,2563,basic.6y,-3,no,admin.,no,divorced,jul,0,failure,0
1,7,cellular,tue,0,no,2563,basic.6y,-3,no,admin.,no,divorced,jul,0,failure,0
0,3,cellular,mon,1,no,3126,basic.4y,-3,no,admin.,no,divorced,oct,0,failure,0
1,3,cellular,mon,1,no,3126,basic.4y,-3,no,admin.,no,divorced,oct,0,failure,0
0,15,cellular,wed,1,no,2391,basic.9y,-2,no,blue-collar,no,married,apr,98,nonexistent,2
1,15,cellular,wed,1,no,2391,basic.9y,-2,no,blue-collar,no,married,apr,98,nonexistent,2
0,1,cellular,tue,0,no,2360,basic.6y,-3,no,admin.,no,divorced,feb,110,failure,0
1,1,cellular,tue,0,no,2360,basic.6y,-3,no,admin.,no,divorced,feb,110,failure,0
0,11,cellular,tue,1,no,2430,basic.6y,-3,no,self-employed,no,divorced,jul,94,failure,0
1,11,cellular,tue,1,no,2430,basic.6y,-3,no,self-employed,no,divorced,jul,94,failure,0
0,11,cellular,tue,1,no,2360,basic.6y,-3,no,services,no,divorced,feb,95,failure,1
1,11,cellular,tue,1,no,2360,basic.6y,-3,no,services,no,divorced,feb,95,failure,1
0,8,cellular,wed,1,no,2368,basic.6y,-2,no,services,no,married,feb,96,nonexistent,2
1,8,cellular,wed,1,no,2368,basic.6y,-2,no,services,no,married,feb,96,nonexistent,2
0,9,cellular,wed,1,no,2406,basic.9y,-2,no,entrepreneur,no,married,may,99,nonexistent,2
1,9,cellular,wed,1,no,2406,basic.9y,-2,no,entrepreneur,no,married,may,99,nonexistent,2
0,8,cellular,mon,0,no,2189,basic.4y,-3,no,admin.,no,divorced,jan,102,failure,0
1,8,cellular,mon,0,no,2189,basic.4y,-3,no,admin.,no,divorced,jan,102,failure,0
0,8,cellular,wed,0,no,2212,basic.9y,-2,no,blue-collar,no,married,feb,96,nonexistent,2
1,8,cellular,wed,0,no,2212,basic.9y,-2,no,blue-collar,no,married,feb,96,nonexistent,2
0,2,cellular,wed,0,no,2446,basic.6y,-2,no,services,no,married,feb,102,nonexistent,2
1,2,cellular,wed,0,no,2446,basic.6y,-2,no,services,no,married,feb,102,nonexistent,2
0,1,cellular,tue,1,no,2352,basic.4y,-3,no,self-employed,no,divorced,jan,102,failure,0
1,1,cellular,tue,1,no,2352,basic.4y,-3,no,self-employed,no,divorced,jan,102,failure,0
0,2,cellular,wed,0,no,2446,basic.9y,-2,no,blue-collar,no,married,aug,104,nonexistent,2
1,2,cellular,wed,0,no,2446,basic.9y,-2,no,blue-collar,no,married,aug,104,nonexistent,2
0,2,cellular,tue,0,no,2360,basic.6y,-3,no,admin.,no,divorced,aug,103,failure,1
1,2,cellular,tue,0,no,2360,basic.6y,-3,no,admin.,no,divorced,aug,103,failure,1
0,4,telephone,thu,1,unknown,2461,basic.9y,-1,unknown,management,unknown,married,apr,105,nonexistent,3
1,4,telephone,thu,1,unknown,2461,basic.9y,-1,unknown,management,unknown,married,apr,105,nonexistent,3
0,1,cellular,tue,0,no,2352,illiterate,-3,no,housemaid,no,divorced,jan,102,failure,0
1,1,cellular,tue,0,no,2352,illiterate,-3,no,housemaid,no,divorced,jan,102,failure,0
0,4,telephone,thu,1,unknown,2461,basic.9y,-1,unknown,student,unknown,married,apr,99,nonexistent,3
1,4,telephone,thu,1,unknown,2461,basic.9y,-1,unknown,student,unknown,married,apr,99,nonexistent,3
0,5,telephone,fri,1,unknown,2476,basic.9y,-1,unknown,technician,unknown,married,apr,96,nonexistent,4
1,5,telephone,fri,1,unknown,2476,basic.9y,-1,unknown,technician,unknown,married,apr,96,nonexistent,4
0,4,telephone,thu,0,unknown,2461,high.school,-1,unknown,management,unknown,married,oct,97,nonexistent,3
1,4,telephone,thu,0,unknown,2461,high.school,-1,unknown,management,unknown,married,oct,97,nonexistent,3
0,5,telephone,(null),0,unknown,2484,basic.9y,0,unknown,entrepreneur,unknown,single,nov,99,success,5
1,5,telephone,(null),0,unknown,2484,basic.9y,0,unknown,entrepreneur,unknown,single,nov,99,success,5
0,3,cellular,wed,0,no,2375,basic.6y,-2,no,management,no,married,sep,96,nonexistent,2
1,3,cellular,wed,0,no,2375,basic.6y,-2,no,management,no,married,sep,96,nonexistent,2
0,5,telephone,fri,0,unknown,2476,professional.course,-1,unknown,management,unknown,married,apr,98,nonexistent,4
1,5,telephone,fri,0,unknown,2476,professional.course,-1,unknown,management,unknown,married,apr,98,nonexistent,4
0,4,telephone,fri,1,unknown,2391,illiterate,-1,unknown,management,unknown,married,apr,98,nonexistent,4
1,4,telephone,fri,1,unknown,2391,illiterate,-1,unknown,management,unknown,married,apr,98,nonexistent,4
0,2,cellular,wed,1,no,2290,basic.9y,-2,no,blue-collar,no,married,feb,104,nonexistent,2
1,2,cellular,wed,1,no,2290,basic.9y,-2,no,blue-collar,no,married,feb,104,nonexistent,2
0,1,cellular,mon,0,no,2267,basic.4y,-3,no,self-employed,no,divorced,jul,94,failure,0
1,1,cellular,mon,0,no,2267,basic.4y,-3,no,self-employed,no,divorced,jul,94,failure,0
0,1,cellular,tue,1,no,2196,basic.4y,-3,no,self-employed,no,divorced,jan,94,failure,0
1,1,cellular,tue,1,no,2196,basic.4y,-3,no,self-employed,no,divorced,jan,94,failure,0
0,3,cellular,wed,0,no,2219,basic.9y,-2,no,entrepreneur,no,married,mar,96,nonexistent,2
1,3,cellular,wed,0,no,2219,basic.9y,-2,no,entrepreneur,no,married,mar,96,nonexistent,2
0,11,cellular,tue,0,no,2118,basic.6y,-3,no,admin.,no,divorced,jan,94,failure,0
1,11,cellular,tue,0,no,2118,basic.6y,-3,no,admin.,no,divorced,jan,94,failure,0
0,1,cellular,tue,0,no,2048,basic.6y,-3,no,blue-collar,no,divorced,feb,94,failure,0
1,1,cellular,tue,0,no,2048,basic.6y,-3,no,blue-collar,no,divorced,feb,94,failure,0
0,1,cellular,mon,0,no,1955,basic.4y,-3,no,admin.,no,divorced,jan,94,failure,0
1,1,cellular,mon,0,no,1955,basic.4y,-3,no,admin.,no,divorced,jan,94,failure,0
0,15,cellular,wed,1,no,2391,basic.9y,-2,no,services,no,married,feb,88,nonexistent,2
1,15,cellular,wed,1,no,2391,basic.9y,-2,no,services,no,married,feb,88,nonexistent,2
0,15,telephone,thu,1,unknown,2422,high.school,-1,unknown,student,unknown,married,oct,82,nonexistent,3
1,15,telephone,thu,1,unknown,2422,high.school,-1,unknown,student,unknown,married,oct,82,nonexistent,3
0,15,cellular,wed,0,no,2406,basic.9y,-2,no,student,no,married,mar,81,nonexistent,2
1,15,cellular,wed,0,no,2406,basic.9y,-2,no,student,no,married,mar,81,nonexistent,2
0,15,cellular,wed,0,no,2406,basic.9y,-2,no,entrepreneur,no,married,may,89,nonexistent,2
1,15,cellular,wed,0,no,2406,basic.9y,-2,no,entrepreneur,no,married,may,89,nonexistent,2
0,15,telephone,(null),0,unknown,2468,professional.course,0,unknown,management,unknown,single,nov,84,success,5
1,15,telephone,(null),0,unknown,2468,professional.course,0,unknown,management,unknown,single,nov,84,success,5
0,16,telephone,thu,1,unknown,2422,high.school,-1,unknown,housemaid,unknown,married,apr,82,nonexistent,3
1,16,telephone,thu,1,unknown,2422,high.school,-1,unknown,housemaid,unknown,married,apr,82,nonexistent,3
0,14,cellular,tue,1,no,2204,basic.6y,-3,no,self-employed,no,divorced,feb,80,failure,0
1,14,cellular,tue,1,no,2204,basic.6y,-3,no,self-employed,no,divorced,feb,80,failure,0
0,14,cellular,tue,0,no,2219,basic.6y,-3,no,blue-collar,no,divorced,mar,88,failure,1
1,14,cellular,tue,0,no,2219,basic.6y,-3,no,blue-collar,no,divorced,mar,88,failure,1
0,14,cellular,wed,0,no,2235,basic.9y,-2,no,blue-collar,no,married,aug,81,nonexistent,2
1,14,cellular,wed,0,no,2235,basic.9y,-2,no,blue-collar,no,married,aug,81,nonexistent,2
0,15,cellular,wed,0,no,2235,basic.9y,-2,no,blue-collar,no,married,feb,81,nonexistent,2
1,15,cellular,wed,0,no,2235,basic.9y,-2,no,blue-collar,no,married,feb,81,nonexistent,2
0,15,cellular,wed,1,no,2406,basic.9y,-2,no,student,no,married,may,73,nonexistent,2
1,15,cellular,wed,1,no,2406,basic.9y,-2,no,student,no,married,may,73,nonexistent,2
0,15,cellular,wed,0,no,2406,basic.9y,-2,no,student,no,married,sep,65,nonexistent,2
1,15,cellular,wed,0,no,2406,basic.9y,-2,no,student,no,married,sep,65,nonexistent,2
0,17,cellular,mon,0,no,2345,basic.4y,-3,no,self-employed,no,divorced,jan,63,failure,0
1,17,cellular,mon,0,no,2345,basic.4y,-3,no,self-employed,no,divorced,jan,63,failure,0
0,16,telephone,fri,1,unknown,2398,illiterate,-1,unknown,technician,unknown,married,apr,67,nonexistent,4
1,16,telephone,fri,1,unknown,2398,illiterate,-1,unknown,technician,unknown,married,apr,67,nonexistent,4
0,16,telephone,thu,1,unknown,2422,high.school,-1,unknown,housemaid,unknown,married,jul,74,nonexistent,3
1,16,telephone,thu,1,unknown,2422,high.school,-1,unknown,housemaid,unknown,married,jul,74,nonexistent,3
0,17,cellular,tue,1,no,2375,basic.6y,-3,no,blue-collar,no,divorced,mar,64,failure,1
1,17,cellular,tue,1,no,2375,basic.6y,-3,no,blue-collar,no,divorced,mar,64,failure,1
0,16,telephone,fri,1,unknown,2391,illiterate,-1,unknown,housemaid,unknown,married,oct,67,nonexistent,4
1,16,telephone,fri,1,unknown,2391,illiterate,-1,unknown,housemaid,unknown,married,oct,67,nonexistent,4
0,14,cellular,tue,0,no,2219,basic.6y,-3,no,services,no,divorced,mar,72,failure,1
1,14,cellular,tue,0,no,2219,basic.6y,-3,no,services,no,divorced,mar,72,failure,1
0,14,cellular,wed,0,no,2235,basic.9y,-2,no,services,no,married,aug,65,nonexistent,2
1,14,cellular,wed,0,no,2235,basic.9y,-2,no,services,no,married,aug,65,nonexistent,2
0,15,cellular,wed,0,no,2235,basic.9y,-2,no,services,no,married,feb,65,nonexistent,2
1,15,cellular,wed,0,no,2235,basic.9y,-2,no,services,no,married,feb,65,nonexistent,2
0,15,cellular,wed,1,no,2235,basic.9y,-2,no,blue-collar,no,married,apr,73,nonexistent,2
1,15,cellular,wed,1,no,2235,basic.9y,-2,no,blue-collar,no,married,apr,73,nonexistent,2
0,15,telephone,fri,0,unknown,2281,illiterate,-1,unknown,housemaid,unknown,married,oct,67,nonexistent,4
1,15,telephone,fri,0,unknown,2281,illiterate,-1,unknown,housemaid,unknown,married,oct,67,nonexistent,4
0,17,cellular,mon,1,no,2267,basic.4y,-3,no,admin.,no,divorced,jan,63,failure,0
1,17,cellular,mon,1,no,2267,basic.4y,-3,no,admin.,no,divorced,jan,63,failure,0
0,15,telephone,(null),0,unknown,2328,professional.course,0,unknown,management,unknown,single,may,69,success,6
1,15,telephone,(null),0,unknown,2328,professional.course,0,unknown,management,unknown,single,may,69,success,6
0,14,cellular,mon,1,no,2111,basic.4y,-3,no,self-employed,no,divorced,jan,79,failure,0
1,14,cellular,mon,1,no,2111,basic.4y,-3,no,self-employed,no,divorced,jan,79,failure,0
0,14,cellular,mon,1,no,2111,basic.4y,-3,no,housemaid,no,divorced,jan,87,failure,0
1,14,cellular,mon,1,no,2111,basic.4y,-3,no,housemaid,no,divorced,jan,87,failure,0
0,14,cellular,tue,0,no,2126,basic.6y,-3,no,admin.,no,divorced,feb,88,failure,1
1,14,cellular,tue,0,no,2126,basic.6y,-3,no,admin.,no,divorced,feb,88,failure,1
0,14,cellular,tue,0,no,2048,basic.6y,-3,no,admin.,no,divorced,jan,79,failure,0
1,14,cellular,tue,0,no,2048,basic.6y,-3,no,admin.,no,divorced,jan,79,failure,0
0,14,cellular,tue,1,no,2118,basic.6y,-3,no,self-employed,no,divorced,jan,75,failure,0
1,14,cellular,tue,1,no,2118,basic.6y,-3,no,self-employed,no,divorced,jan,75,failure,0
0,14,cellular,tue,0,no,2126,basic.6y,-3,no,services,no,divorced,feb,71,failure,1
1,14,cellular,tue,0,no,2126,basic.6y,-3,no,services,no,divorced,feb,71,failure,1
0,14,cellular,mon,1,no,2111,basic.4y,-3,no,self-employed,no,divorced,jul,63,failure,0
1,14,cellular,mon,1,no,2111,basic.4y,-3,no,self-employed,no,divorced,jul,63,failure,0
0,14,cellular,tue,0,no,2048,basic.6y,-3,no,self-employed,no,divorced,jan,63,failure,0
1,14,cellular,tue,0,no,2048,basic.6y,-3,no,self-employed,no,divorced,jan,63,failure,0
0,14,cellular,tue,1,no,2048,basic.6y,-3,no,admin.,no,divorced,feb,71,failure,0
1,14,cellular,tue,1,no,2048,basic.6y,-3,no,admin.,no,divorced,feb,71,failure,0
0,14,cellular,tue,0,no,2048,basic.6y,-3,no,admin.,no,divorced,jul,63,failure,0
1,14,cellular,tue,0,no,2048,basic.6y,-3,no,admin.,no,divorced,jul,63,failure,0
0,14,cellular,tue,0,no,2063,basic.6y,-3,no,blue-collar,no,divorced,feb,64,failure,1
1,14,cellular,tue,0,no,2063,basic.6y,-3,no,blue-collar,no,divorced,feb,64,failure,1
0,14,cellular,mon,0,no,1955,basic.4y,-3,no,admin.,no,divorced,jan,71,failure,0
1,14,cellular,mon,0,no,1955,basic.4y,-3,no,admin.,no,divorced,jan,71,failure,0
0,14,cellular,tue,1,no,1962,basic.6y,-3,no,admin.,no,divorced,jan,63,failure,0
1,14,cellular,tue,1,no,1962,basic.6y,-3,no,admin.,no,divorced,jan,63,failure,0
0,8,cellular,wed,1,no,2368,basic.9y,-2,no,services,no,married,aug,88,nonexistent,2
1,8,cellular,wed,1,no,2368,basic.9y,-2,no,services,no,married,aug,88,nonexistent,2
0,12,telephone,thu,0,unknown,2383,high.school,-1,unknown,student,unknown,married,apr,90,nonexistent,3
1,12,telephone,thu,0,unknown,2383,high.school,-1,unknown,student,unknown,married,apr,90,nonexistent,3
0,9,telephone,fri,0,unknown,2476,professional.course,-1,unknown,technician,unknown,married,oct,83,nonexistent,4
1,9,telephone,fri,0,unknown,2476,professional.course,-1,unknown,technician,unknown,married,oct,83,nonexistent,4
0,9,telephone,fri,1,unknown,2398,basic.9y,-1,unknown,technician,unknown,married,oct,83,nonexistent,4
1,9,telephone,fri,1,unknown,2398,basic.9y,-1,unknown,technician,unknown,married,oct,83,nonexistent,4
0,11,telephone,(null),0,unknown,2406,professional.course,0,unknown,retired,unknown,single,nov,85,success,5
1,11,telephone,(null),0,unknown,2406,professional.course,0,unknown,retired,unknown,single,nov,85,success,5
0,11,cellular,wed,0,no,2297,basic.6y,-2,no,student,no,married,mar,89,nonexistent,2
1,11,cellular,wed,0,no,2297,basic.6y,-2,no,student,no,married,mar,89,nonexistent,2
0,8,cellular,wed,1,no,2297,basic.9y,-2,no,student,no,married,mar,89,nonexistent,2
1,8,cellular,wed,1,no,2297,basic.9y,-2,no,student,no,married,mar,89,nonexistent,2
0,11,cellular,tue,1,no,2196,basic.6y,-3,no,self-employed,no,divorced,jul,83,failure,0
1,11,cellular,tue,1,no,2196,basic.6y,-3,no,self-employed,no,divorced,jul,83,failure,0
0,8,cellular,wed,1,no,2212,basic.9y,-2,no,services,no,married,aug,81,nonexistent,2
1,8,cellular,wed,1,no,2212,basic.9y,-2,no,services,no,married,aug,81,nonexistent,2
0,11,cellular,wed,0,no,2219,basic.9y,-2,no,student,no,married,mar,84,nonexistent,2
1,11,cellular,wed,0,no,2219,basic.9y,-2,no,student,no,married,mar,84,nonexistent,2
0,9,telephone,fri,1,unknown,2320,illiterate,-1,unknown,technician,unknown,married,apr,83,nonexistent,4
1,9,telephone,fri,1,unknown,2320,illiterate,-1,unknown,technician,unknown,married,apr,83,nonexistent,4
0,10,telephone,thu,1,unknown,2266,high.school,-1,unknown,housemaid,unknown,married,jul,90,nonexistent,3
1,10,telephone,thu,1,unknown,2266,high.school,-1,unknown,housemaid,unknown,married,jul,90,nonexistent,3
0,12,telephone,(null),1,unknown,2250,professional.course,0,unknown,management,unknown,single,may,84,success,5
1,12,telephone,(null),1,unknown,2250,professional.course,0,unknown,management,unknown,single,may,84,success,5
0,6,telephone,(null),0,unknown,2492,high.school,0,unknown,unemployed,unknown,single,may,92,success,6
1,6,telephone,(null),0,unknown,2492,high.school,0,unknown,unemployed,unknown,single,may,92,success,6
0,5,telephone,(null),0,unknown,2468,professional.course,0,unknown,technician,unknown,single,nov,84,success,5
1,5,telephone,(null),0,unknown,2468,professional.course,0,unknown,technician,unknown,single,nov,84,success,5
0,6,telephone,(null),1,unknown,2414,university.degree,0,unknown,unemployed,unknown,single,may,85,success,6
1,6,telephone,(null),1,unknown,2414,university.degree,0,unknown,unemployed,unknown,single,may,85,success,6
0,3,cellular,wed,0,no,2297,professional.course,-2,no,student,no,married,mar,89,nonexistent,2
1,3,cellular,wed,0,no,2297,professional.course,-2,no,student,no,married,mar,89,nonexistent,2
0,3,cellular,wed,1,no,2219,professional.course,-2,no,blue-collar,no,married,sep,89,nonexistent,2
1,3,cellular,wed,1,no,2219,professional.course,-2,no,blue-collar,no,married,sep,89,nonexistent,2
0,5,telephone,(null),1,unknown,2328,professional.course,0,unknown,management,unknown,single,may,91,success,5
1,5,telephone,(null),1,unknown,2328,professional.course,0,unknown,management,unknown,single,may,91,success,5
0,4,telephone,fri,0,unknown,2235,illiterate,-1,unknown,management,unknown,married,apr,90,nonexistent,4
1,4,telephone,fri,0,unknown,2235,illiterate,-1,unknown,management,unknown,married,apr,90,nonexistent,4
0,5,telephone,(null),1,unknown,2328,professional.course,0,unknown,retired,unknown,single,nov,84,success,5
1,5,telephone,(null),1,unknown,2328,professional.course,0,unknown,retired,unknown,single,nov,84,success,5
0,5,telephone,fri,1,unknown,2242,illiterate,-1,unknown,housemaid,unknown,married,oct,83,nonexistent,4
1,5,telephone,fri,1,unknown,2242,illiterate,-1,unknown,housemaid,unknown,married,oct,83,nonexistent,4
0,9,telephone,(null),1,unknown,2414,university.degree,0,unknown,unemployed,unknown,single,nov,77,success,6
1,9,telephone,(null),1,unknown,2414,university.degree,0,unknown,unemployed,unknown,single,nov,77,success,6
0,5,telephone,fri,1,unknown,2242,illiterate,-1,unknown,technician,unknown,married,oct,75,nonexistent,4
1,5,telephone,fri,1,unknown,2242,illiterate,-1,unknown,technician,unknown,married,oct,75,nonexistent,4
0,6,telephone,(null),1,unknown,2258,university.degree,0,unknown,unemployed,unknown,single,may,77,success,6
1,6,telephone,(null),1,unknown,2258,university.degree,0,unknown,unemployed,unknown,single,may,77,success,6
0,8,cellular,tue,1,no,2118,basic.4y,-3,no,self-employed,no,divorced,jan,87,failure,0
1,8,cellular,tue,1,no,2118,basic.4y,-3,no,self-employed,no,divorced,jan,87,failure,0
0,8,cellular,mon,1,no,2033,basic.4y,-3,no,self-employed,no,divorced,jul,79,failure,0
1,8,cellular,mon,1,no,2033,basic.4y,-3,no,self-employed,no,divorced,jul,79,failure,0
0,8,cellular,wed,1,no,2141,basic.9y,-2,no,student,no,married,mar,81,nonexistent,2
1,8,cellular,wed,1,no,2141,basic.9y,-2,no,student,no,married,mar,81,nonexistent,2
0,10,telephone,thu,0,unknown,2110,high.school,-1,unknown,housemaid,unknown,married,jul,82,nonexistent,3
1,10,telephone,thu,0,unknown,2110,high.school,-1,unknown,housemaid,unknown,married,jul,82,nonexistent,3
0,8,cellular,tue,0,no,1962,basic.6y,-3,no,self-employed,no,divorced,jan,79,failure,0
1,8,cellular,tue,0,no,1962,basic.6y,-3,no,self-employed,no,divorced,jan,79,failure,0
0,11,cellular,tue,0,no,1962,basic.6y,-3,no,admin.,no,divorced,jan,87,failure,0
1,11,cellular,tue,0,no,1962,basic.6y,-3,no,admin.,no,divorced,jan,87,failure,0
0,4,telephone,thu,0,unknown,2149,high.school,-1,unknown,student,unknown,married,apr,82,nonexistent,3
1,4,telephone,thu,0,unknown,2149,high.school,-1,unknown,student,unknown,married,apr,82,nonexistent,3
0,4,telephone,thu,0,unknown,2071,basic.9y,-1,unknown,student,unknown,married,apr,80,nonexistent,3
1,4,telephone,thu,0,unknown,2071,basic.9y,-1,unknown,student,unknown,married,apr,80,nonexistent,3
0,2,cellular,wed,1,no,2134,basic.9y,-2,no,blue-collar,no,married,aug,88,nonexistent,2
1,2,cellular,wed,1,no,2134,basic.9y,-2,no,blue-collar,no,married,aug,88,nonexistent,2
0,1,cellular,mon,1,no,2033,basic.4y,-3,no,housemaid,no,divorced,jul,87,failure,0
1,1,cellular,mon,1,no,2033,basic.4y,-3,no,housemaid,no,divorced,jul,87,failure,0
0,2,cellular,tue,0,no,2048,basic.6y,-3,no,admin.,no,divorced,aug,88,failure,1
1,2,cellular,tue,0,no,2048,basic.6y,-3,no,admin.,no,divorced,aug,88,failure,1
0,4,telephone,fri,1,unknown,2125,illiterate,-1,unknown,housemaid,unknown,married,aug,83,nonexistent,4
1,4,telephone,fri,1,unknown,2125,illiterate,-1,unknown,housemaid,unknown,married,aug,83,nonexistent,4
0,1,cellular,tue,1,no,1962,basic.4y,-3,no,self-employed,no,divorced,jan,83,failure,0
1,1,cellular,tue,1,no,1962,basic.4y,-3,no,self-employed,no,divorced,jan,83,failure,0
0,2,cellular,wed,1,no,1978,basic.6y,-2,no,services,no,married,feb,79,nonexistent,2
1,2,cellular,wed,1,no,1978,basic.6y,-2,no,services,no,married,feb,79,nonexistent,2
0,2,cellular,wed,1,no,1978,basic.9y,-2,no,blue-collar,no,married,feb,88,nonexistent,2
1,2,cellular,wed,1,no,1978,basic.9y,-2,no,blue-collar,no,married,feb,88,nonexistent,2
0,2,cellular,tue,0,no,1907,basic.6y,-3,no,blue-collar,no,divorced,aug,80,failure,1
1,2,cellular,tue,0,no,1907,basic.6y,-3,no,blue-collar,no,divorced,aug,80,failure,1
0,2,cellular,wed,0,no,1978,professional.course,-2,no,management,no,married,feb,81,nonexistent,2
1,2,cellular,wed,0,no,1978,professional.course,-2,no,management,no,married,feb,81,nonexistent,2
0,1,cellular,tue,1,no,1883,illiterate,-3,no,housemaid,no,divorced,jan,79,failure,0
1,1,cellular,tue,1,no,1883,illiterate,-3,no,housemaid,no,divorced,jan,79,failure,0
0,10,telephone,fri,0,unknown,2125,illiterate,-1,unknown,student,unknown,married,aug,71,nonexistent,4
1,10,telephone,fri,0,unknown,2125,illiterate,-1,unknown,student,unknown,married,aug,71,nonexistent,4
0,11,telephone,fri,0,unknown,2141,illiterate,-1,unknown,housemaid,unknown,married,oct,75,nonexistent,4
1,11,telephone,fri,0,unknown,2141,illiterate,-1,unknown,housemaid,unknown,married,oct,75,nonexistent,4
0,8,cellular,tue,0,no,1970,basic.6y,-3,no,services,no,divorced,aug,71,failure,1
1,8,cellular,tue,0,no,1970,basic.6y,-3,no,services,no,divorced,aug,71,failure,1
0,10,telephone,thu,1,unknown,1954,high.school,-1,unknown,student,unknown,married,jul,66,nonexistent,3
1,10,telephone,thu,1,unknown,1954,high.school,-1,unknown,student,unknown,married,jul,66,nonexistent,3
0,9,telephone,thu,1,unknown,1915,high.school,-1,unknown,management,unknown,married,apr,74,nonexistent,3
1,9,telephone,thu,1,unknown,1915,high.school,-1,unknown,management,unknown,married,apr,74,nonexistent,3
0,12,telephone,fri,1,unknown,2008,illiterate,-1,unknown,housemaid,unknown,married,oct,67,nonexistent,4
1,12,telephone,fri,1,unknown,2008,illiterate,-1,unknown,housemaid,unknown,married,oct,67,nonexistent,4
0,12,telephone,thu,1,unknown,1915,high.school,-1,unknown,housemaid,unknown,married,oct,66,nonexistent,3
1,12,telephone,thu,1,unknown,1915,high.school,-1,unknown,housemaid,unknown,married,oct,66,nonexistent,3
0,12,telephone,fri,1,unknown,1930,illiterate,-1,unknown,management,unknown,married,apr,67,nonexistent,4
1,12,telephone,fri,1,unknown,1930,illiterate,-1,unknown,management,unknown,married,apr,67,nonexistent,4
0,12,telephone,(null),0,unknown,1946,professional.course,0,unknown,entrepreneur,unknown,single,may,69,success,6
1,12,telephone,(null),0,unknown,1946,professional.course,0,unknown,entrepreneur,unknown,single,may,69,success,6
0,4,telephone,fri,0,unknown,2125,illiterate,-1,unknown,student,unknown,married,aug,75,nonexistent,4
1,4,telephone,fri,0,unknown,2125,illiterate,-1,unknown,student,unknown,married,aug,75,nonexistent,4
0,5,telephone,(null),0,unknown,2094,university.degree,0,unknown,technician,unknown,single,nov,65,success,5
1,5,telephone,(null),0,unknown,2094,university.degree,0,unknown,technician,unknown,single,nov,65,success,5
0,6,telephone,(null),1,unknown,2102,university.degree,0,unknown,retired,unknown,single,may,77,success,6
1,6,telephone,(null),1,unknown,2102,university.degree,0,unknown,retired,unknown,single,may,77,success,6
0,2,cellular,tue,0,no,1891,basic.6y,-3,no,services,no,divorced,aug,71,failure,1
1,2,cellular,tue,0,no,1891,basic.6y,-3,no,services,no,divorced,aug,71,failure,1
0,4,telephone,thu,1,unknown,1993,professional.course,-1,unknown,student,unknown,married,apr,72,nonexistent,3
1,4,telephone,thu,1,unknown,1993,professional.course,-1,unknown,student,unknown,married,apr,72,nonexistent,3
0,2,cellular,wed,0,no,1899,professional.course,-2,no,services,no,married,feb,71,nonexistent,2
1,2,cellular,wed,0,no,1899,professional.course,-2,no,services,no,married,feb,71,nonexistent,2
0,4,telephone,thu,0,unknown,1915,basic.9y,-1,unknown,student,unknown,married,oct,66,nonexistent,3
1,4,telephone,thu,0,unknown,1915,basic.9y,-1,unknown,student,unknown,married,oct,66,nonexistent,3
0,4,telephone,fri,0,unknown,1922,professional.course,-1,unknown,student,unknown,married,apr,67,nonexistent,4
1,4,telephone,fri,0,unknown,1922,professional.course,-1,unknown,student,unknown,married,apr,67,nonexistent,4
0,3,cellular,wed,1,no,1907,basic.6y,-2,no,management,no,married,sep,73,nonexistent,2
1,3,cellular,wed,1,no,1907,basic.6y,-2,no,management,no,married,sep,73,nonexistent,2
0,5,telephone,(null),0,unknown,2016,professional.course,0,unknown,management,unknown,single,may,76,success,5
1,5,telephone,(null),0,unknown,2016,professional.course,0,unknown,management,unknown,single,may,76,success,5
0,4,telephone,fri,0,unknown,1922,professional.course,-1,unknown,management,unknown,married,oct,67,nonexistent,4
1,4,telephone,fri,0,unknown,1922,professional.course,-1,unknown,management,unknown,married,oct,67,nonexistent,4
0,17,cellular,wed,1,no,2391,basic.9y,-2,no,housemaid,no,married,apr,52,nonexistent,2
1,17,cellular,wed,1,no,2391,basic.9y,-2,no,housemaid,no,married,apr,52,nonexistent,2
0,16,telephone,(null),1,unknown,2484,professional.course,0,unknown,technician,unknown,single,nov,60,success,6
1,16,telephone,(null),1,unknown,2484,professional.course,0,unknown,technician,unknown,single,nov,60,success,6
0,15,cellular,wed,1,no,2235,basic.9y,-2,no,services,no,married,apr,57,nonexistent,2
1,15,cellular,wed,1,no,2235,basic.9y,-2,no,services,no,married,apr,57,nonexistent,2
0,17,cellular,mon,1,no,2267,basic.4y,-3,no,self-employed,no,divorced,jan,48,failure,0
1,17,cellular,mon,1,no,2267,basic.4y,-3,no,self-employed,no,divorced,jan,48,failure,0
0,15,telephone,fri,0,unknown,2297,illiterate,-1,unknown,technician,unknown,married,sep,52,nonexistent,4
1,15,telephone,fri,0,unknown,2297,illiterate,-1,unknown,technician,unknown,married,sep,52,nonexistent,4
0,17,cellular,mon,0,no,2267,basic.4y,-3,no,admin.,no,divorced,jul,48,failure,0
1,17,cellular,mon,0,no,2267,basic.4y,-3,no,admin.,no,divorced,jul,48,failure,0
0,17,cellular,tue,0,no,2204,basic.6y,-3,no,admin.,no,divorced,jan,49,failure,0
1,17,cellular,tue,0,no,2204,basic.6y,-3,no,admin.,no,divorced,jan,49,failure,0
0,15,telephone,(null),0,unknown,2312,professional.course,0,unknown,management,unknown,single,oct,59,success,5
1,15,telephone,(null),0,unknown,2312,professional.course,0,unknown,management,unknown,single,oct,59,success,5
0,18,telephone,thu,0,unknown,2422,high.school,-1,unknown,retired,unknown,married,jul,39,nonexistent,3
1,18,telephone,thu,0,unknown,2422,high.school,-1,unknown,retired,unknown,married,jul,39,nonexistent,3
0,17,cellular,tue,0,no,2219,basic.6y,-3,no,entrepreneur,no,divorced,mar,34,failure,1
1,17,cellular,tue,0,no,2219,basic.6y,-3,no,entrepreneur,no,divorced,mar,34,failure,1
0,16,cellular,tue,0,no,2360,basic.6y,-3,no,blue-collar,no,divorced,jul,33,failure,0
1,16,cellular,tue,0,no,2360,basic.6y,-3,no,blue-collar,no,divorced,jul,33,failure,0
0,15,cellular,mon,1,no,2345,basic.4y,-3,no,admin.,no,divorced,jul,32,failure,0
1,15,cellular,mon,1,no,2345,basic.4y,-3,no,admin.,no,divorced,jul,32,failure,0
0,16,telephone,fri,1,unknown,2297,illiterate,-1,unknown,services,unknown,married,sep,42,nonexistent,4
1,16,telephone,fri,1,unknown,2297,illiterate,-1,unknown,services,unknown,married,sep,42,nonexistent,4
0,14,telephone,(null),1,unknown,2250,professional.course,0,unknown,technician,unknown,single,nov,43,success,5
1,14,telephone,(null),1,unknown,2250,professional.course,0,unknown,technician,unknown,single,nov,43,success,5
0,15,cellular,mon,1,no,2267,basic.4y,-3,no,admin.,no,divorced,jul,32,failure,0
1,15,cellular,mon,1,no,2267,basic.4y,-3,no,admin.,no,divorced,jul,32,failure,0
0,15,cellular,mon,1,no,2189,basic.4y,-3,no,admin.,no,divorced,jul,32,failure,0
1,15,cellular,mon,1,no,2189,basic.4y,-3,no,admin.,no,divorced,jul,32,failure,0
0,14,cellular,tue,0,no,2048,basic.6y,-3,no,self-employed,no,divorced,feb,56,failure,0
1,14,cellular,tue,0,no,2048,basic.6y,-3,no,self-employed,no,divorced,feb,56,failure,0
0,14,cellular,mon,1,no,2033,basic.4y,-3,no,self-employed,no,divorced,jul,48,failure,0
1,14,cellular,mon,1,no,2033,basic.4y,-3,no,self-employed,no,divorced,jul,48,failure,0
0,14,cellular,wed,0,no,2094,basic.9y,-2,no,student,no,married,mar,50,nonexistent,2
1,14,cellular,wed,0,no,2094,basic.9y,-2,no,student,no,married,mar,50,nonexistent,2
0,14,cellular,tue,1,no,2063,basic.6y,-3,no,blue-collar,no,divorced,mar,57,failure,1
1,14,cellular,tue,1,no,2063,basic.6y,-3,no,blue-collar,no,divorced,mar,57,failure,1
0,15,telephone,thu,0,unknown,2110,high.school,-1,unknown,housemaid,unknown,married,jul,51,nonexistent,3
1,15,telephone,thu,0,unknown,2110,high.school,-1,unknown,housemaid,unknown,married,jul,51,nonexistent,3
0,14,cellular,mon,0,no,1955,basic.4y,-3,no,self-employed,no,divorced,jan,56,failure,0
1,14,cellular,mon,0,no,1955,basic.4y,-3,no,self-employed,no,divorced,jan,56,failure,0
0,14,cellular,tue,0,no,1962,basic.6y,-3,no,self-employed,no,divorced,jan,48,failure,0
1,14,cellular,tue,0,no,1962,basic.6y,-3,no,self-employed,no,divorced,jan,48,failure,0
0,14,cellular,mon,1,no,1876,basic.4y,-3,no,admin.,no,divorced,jan,56,failure,0
1,14,cellular,mon,1,no,1876,basic.4y,-3,no,admin.,no,divorced,jan,56,failure,0
0,14,cellular,tue,0,no,1962,basic.6y,-3,no,admin.,no,divorced,jul,48,failure,0
1,14,cellular,tue,0,no,1962,basic.6y,-3,no,admin.,no,divorced,jul,48,failure,0
0,14,cellular,tue,1,no,1907,basic.6y,-3,no,blue-collar,no,divorced,feb,49,failure,1
1,14,cellular,tue,1,no,1907,basic.6y,-3,no,blue-collar,no,divorced,feb,49,failure,1
0,17,cellular,tue,0,no,2118,basic.6y,-3,no,admin.,no,divorced,jan,33,failure,0
1,17,cellular,tue,0,no,2118,basic.6y,-3,no,admin.,no,divorced,jan,33,failure,0
0,16,cellular,tue,0,no,2063,basic.6y,-3,no,entrepreneur,no,divorced,mar,34,failure,1
1,16,cellular,tue,0,no,2063,basic.6y,-3,no,entrepreneur,no,divorced,mar,34,failure,1
0,14,telephone,fri,0,unknown,2141,illiterate,-1,unknown,services,unknown,married,sep,42,nonexistent,4
1,14,telephone,fri,0,unknown,2141,illiterate,-1,unknown,services,unknown,married,sep,42,nonexistent,4
0,14,cellular,mon,0,no,1876,basic.4y,-3,no,self-employed,no,divorced,jan,40,failure,0
1,14,cellular,mon,0,no,1876,basic.4y,-3,no,self-employed,no,divorced,jan,40,failure,0
0,14,cellular,tue,1,no,1891,basic.6y,-3,no,self-employed,no,divorced,feb,32,failure,0
1,14,cellular,tue,1,no,1891,basic.6y,-3,no,self-employed,no,divorced,feb,32,failure,0
0,14,cellular,wed,0,no,1922,basic.9y,-2,no,blue-collar,no,married,apr,36,nonexistent,2
1,14,cellular,wed,0,no,1922,basic.9y,-2,no,blue-collar,no,married,apr,36,nonexistent,2
0,13,cellular,mon,1,no,2345,basic.4y,-3,no,admin.,no,divorced,oct,32,failure,0
1,13,cellular,mon,1,no,2345,basic.4y,-3,no,admin.,no,divorced,oct,32,failure,0
0,12,telephone,(null),1,unknown,2094,professional.course,0,unknown,technician,unknown,single,nov,60,success,5
1,12,telephone,(null),1,unknown,2094,professional.course,0,unknown,technician,unknown,single,nov,60,success,5
0,12,telephone,(null),1,unknown,2102,professional.course,0,unknown,unemployed,unknown,single,nov,54,success,6
1,12,telephone,(null),1,unknown,2102,professional.course,0,unknown,unemployed,unknown,single,nov,54,success,6
0,11,telephone,fri,0,unknown,1985,illiterate,-1,unknown,technician,unknown,married,oct,60,nonexistent,4
1,11,telephone,fri,0,unknown,1985,illiterate,-1,unknown,technician,unknown,married,oct,60,nonexistent,4
0,12,telephone,(null),1,unknown,2000,professional.course,0,unknown,technician,unknown,single,may,60,success,5
1,12,telephone,(null),1,unknown,2000,professional.course,0,unknown,technician,unknown,single,may,60,success,5
0,12,telephone,fri,0,unknown,1985,illiterate,-1,unknown,technician,unknown,married,oct,52,nonexistent,4
1,12,telephone,fri,0,unknown,1985,illiterate,-1,unknown,technician,unknown,married,oct,52,nonexistent,4
0,13,telephone,(null),1,unknown,2024,professional.course,0,unknown,unemployed,unknown,single,may,54,success,6
1,13,telephone,(null),1,unknown,2024,professional.course,0,unknown,unemployed,unknown,single,may,54,success,6
0,12,telephone,(null),0,unknown,1938,professional.course,0,unknown,technician,unknown,single,may,53,success,5
1,12,telephone,(null),0,unknown,1938,professional.course,0,unknown,technician,unknown,single,may,53,success,5
0,12,telephone,(null),1,unknown,2016,professional.course,0,unknown,management,unknown,single,nov,61,success,6
1,12,telephone,(null),1,unknown,2016,professional.course,0,unknown,management,unknown,single,nov,61,success,6
0,12,telephone,(null),1,unknown,2016,professional.course,0,unknown,management,unknown,single,nov,54,success,6
1,12,telephone,(null),1,unknown,2016,professional.course,0,unknown,management,unknown,single,nov,54,success,6
0,13,telephone,(null),1,unknown,1946,professional.course,0,unknown,management,unknown,single,may,54,success,6
1,13,telephone,(null),1,unknown,1946,professional.course,0,unknown,management,unknown,single,may,54,success,6
0,6,telephone,(null),1,unknown,2016,professional.course,0,unknown,unemployed,unknown,single,nov,60,success,6
1,6,telephone,(null),1,unknown,2016,professional.course,0,unknown,unemployed,unknown,single,nov,60,success,6
0,12,telephone,(null),1,unknown,2016,professional.course,0,unknown,unemployed,unknown,single,nov,46,success,6
1,12,telephone,(null),1,unknown,2016,professional.course,0,unknown,unemployed,unknown,single,nov,46,success,6
0,13,telephone,fri,1,unknown,1930,illiterate,-1,unknown,technician,unknown,married,apr,44,nonexistent,4
1,13,telephone,fri,1,unknown,1930,illiterate,-1,unknown,technician,unknown,married,apr,44,nonexistent,4
0,13,telephone,(null),1,unknown,2016,professional.course,0,unknown,unemployed,unknown,single,nov,38,success,6
1,13,telephone,(null),1,unknown,2016,professional.course,0,unknown,unemployed,unknown,single,nov,38,success,6
0,13,telephone,fri,1,unknown,1930,illiterate,-1,unknown,housemaid,unknown,married,oct,42,nonexistent,4
1,13,telephone,fri,1,unknown,1930,illiterate,-1,unknown,housemaid,unknown,married,oct,42,nonexistent,4
0,19,telephone,fri,0,unknown,2453,illiterate,-1,unknown,services,unknown,married,apr,21,nonexistent,4
1,19,telephone,fri,0,unknown,2453,illiterate,-1,unknown,services,unknown,married,apr,21,nonexistent,4
0,17,telephone,(null),0,unknown,2468,professional.course,0,unknown,student,unknown,single,oct,24,success,5
1,17,telephone,(null),0,unknown,2468,professional.course,0,unknown,student,unknown,single,oct,24,success,5
0,17,telephone,(null),0,unknown,2328,professional.course,0,unknown,management,unknown,single,nov,27,success,5
1,17,telephone,(null),0,unknown,2328,professional.course,0,unknown,management,unknown,single,nov,27,success,5
0,17,telephone,fri,0,unknown,2297,illiterate,-1,unknown,services,unknown,married,apr,21,nonexistent,4
1,17,telephone,fri,0,unknown,2297,illiterate,-1,unknown,services,unknown,married,apr,21,nonexistent,4
0,16,telephone,fri,0,unknown,2437,illiterate,-1,unknown,self-employed,unknown,married,aug,18,nonexistent,4
1,16,telephone,fri,0,unknown,2437,illiterate,-1,unknown,self-employed,unknown,married,aug,18,nonexistent,4
0,14,cellular,wed,0,no,2406,basic.9y,-2,no,management,no,married,may,12,nonexistent,2
1,14,cellular,wed,0,no,2406,basic.9y,-2,no,management,no,married,may,12,nonexistent,2
0,16,telephone,fri,1,unknown,2281,illiterate,-1,unknown,self-employed,unknown,married,aug,18,nonexistent,4
1,16,telephone,fri,1,unknown,2281,illiterate,-1,unknown,self-employed,unknown,married,aug,18,nonexistent,4
0,14,cellular,wed,0,no,2250,basic.9y,-2,no,management,no,married,may,12,nonexistent,2
1,14,cellular,wed,0,no,2250,basic.9y,-2,no,management,no,married,may,12,nonexistent,2
0,17,cellular,wed,0,no,2134,basic.9y,-2,no,housemaid,no,married,feb,20,nonexistent,2
1,17,cellular,wed,0,no,2134,basic.9y,-2,no,housemaid,no,married,feb,20,nonexistent,2
0,17,telephone,(null),0,unknown,2172,professional.course,0,unknown,management,unknown,single,may,11,success,5
1,17,telephone,(null),0,unknown,2172,professional.course,0,unknown,management,unknown,single,may,11,success,5
0,16,telephone,fri,0,unknown,2125,illiterate,-1,unknown,self-employed,unknown,married,aug,18,nonexistent,4
1,16,telephone,fri,0,unknown,2125,illiterate,-1,unknown,self-employed,unknown,married,aug,18,nonexistent,4
0,14,cellular,wed,1,no,2094,basic.9y,-2,no,management,no,married,may,12,nonexistent,2
1,14,cellular,wed,1,no,2094,basic.9y,-2,no,management,no,married,may,12,nonexistent,2
0,16,cellular,tue,1,no,1962,basic.6y,-3,no,blue-collar,no,divorced,jan,17,failure,0
1,16,cellular,tue,1,no,1962,basic.6y,-3,no,blue-collar,no,divorced,jan,17,failure,0
0,16,cellular,wed,0,no,1985,basic.9y,-2,no,student,no,married,feb,5,nonexistent,2
1,16,cellular,wed,0,no,1985,basic.9y,-2,no,student,no,married,feb,5,nonexistent,2
0,16,telephone,fri,0,unknown,2008,illiterate,-1,unknown,housemaid,unknown,married,apr,10,nonexistent,4
1,16,telephone,fri,0,unknown,2008,illiterate,-1,unknown,housemaid,unknown,married,apr,10,nonexistent,4
0,14,cellular,wed,1,no,1938,basic.9y,-2,no,management,no,married,may,12,nonexistent,2
1,14,cellular,wed,1,no,1938,basic.9y,-2,no,management,no,married,may,12,nonexistent,2
0,11,cellular,mon,1,no,2189,basic.4y,-3,no,admin.,no,divorced,jul,16,failure,0
1,11,cellular,mon,1,no,2189,basic.4y,-3,no,admin.,no,divorced,jul,16,failure,0
0,10,cellular,tue,1,no,2220,basic.6y,-3,no,admin.,no,divorced,oct,16,failure,0
1,10,cellular,tue,1,no,2220,basic.6y,-3,no,admin.,no,divorced,oct,16,failure,0
0,13,cellular,mon,1,no,2189,basic.4y,-3,no,admin.,no,divorced,apr,16,failure,0
1,13,cellular,mon,1,no,2189,basic.4y,-3,no,admin.,no,divorced,apr,16,failure,0
0,12,telephone,fri,0,unknown,2375,illiterate,-1,unknown,self-employed,unknown,married,oct,8,nonexistent,4
1,12,telephone,fri,0,unknown,2375,illiterate,-1,unknown,self-employed,unknown,married,oct,8,nonexistent,4
0,8,cellular,tue,1,no,2251,basic.6y,-3,no,entrepreneur,no,divorced,aug,2,failure,1
1,8,cellular,tue,1,no,2251,basic.6y,-3,no,entrepreneur,no,divorced,aug,2,failure,1
0,11,cellular,tue,0,no,2220,basic.6y,-3,no,blue-collar,no,divorced,jan,1,failure,0
1,11,cellular,tue,0,no,2220,basic.6y,-3,no,blue-collar,no,divorced,jan,1,failure,0
0,8,cellular,mon,1,no,2189,basic.4y,-3,no,admin.,no,divorced,apr,0,failure,0
1,8,cellular,mon,1,no,2189,basic.4y,-3,no,admin.,no,divorced,apr,0,failure,0
0,13,cellular,tue,0,no,2063,basic.6y,-3,no,entrepreneur,no,divorced,mar,6,failure,1
1,13,cellular,tue,0,no,2063,basic.6y,-3,no,entrepreneur,no,divorced,mar,6,failure,1
0,11,cellular,tue,0,no,2063,basic.6y,-3,no,entrepreneur,no,divorced,oct,17,failure,1
1,11,cellular,tue,0,no,2063,basic.6y,-3,no,entrepreneur,no,divorced,oct,17,failure,1
0,11,cellular,tue,0,no,2048,basic.6y,-3,no,blue-collar,no,divorced,feb,1,failure,0
1,11,cellular,tue,0,no,2048,basic.6y,-3,no,blue-collar,no,divorced,feb,1,failure,0
0,13,cellular,tue,0,no,1907,basic.6y,-3,no,entrepreneur,no,divorced,mar,6,failure,1
1,13,cellular,tue,0,no,1907,basic.6y,-3,no,entrepreneur,no,divorced,mar,6,failure,1
0,11,cellular,wed,0,no,1922,basic.9y,-2,no,housemaid,no,married,aug,9,nonexistent,2
1,11,cellular,wed,0,no,1922,basic.9y,-2,no,housemaid,no,married,aug,9,nonexistent,2
0,11,cellular,tue,1,no,1891,basic.6y,-3,no,blue-collar,no,divorced,jan,1,failure,0
1,11,cellular,tue,1,no,1891,basic.6y,-3,no,blue-collar,no,divorced,jan,1,failure,0
0,10,cellular,tue,1,no,1907,basic.6y,-3,no,admin.,no,divorced,oct,16,failure,0
1,10,cellular,tue,1,no,1907,basic.6y,-3,no,admin.,no,divorced,oct,16,failure,0
0,8,cellular,tue,1,no,1907,basic.6y,-3,no,blue-collar,no,divorced,oct,8,failure,0
1,8,cellular,tue,1,no,1907,basic.6y,-3,no,blue-collar,no,divorced,oct,8,failure,0
0,10,cellular,tue,1,no,1907,basic.6y,-3,no,admin.,no,divorced,jul,8,failure,0
1,10,cellular,tue,1,no,1907,basic.6y,-3,no,admin.,no,divorced,jul,8,failure,0
0,8,cellular,tue,0,no,1938,basic.6y,-3,no,entrepreneur,no,divorced,aug,1,failure,1
1,8,cellular,tue,0,no,1938,basic.6y,-3,no,entrepreneur,no,divorced,aug,1,failure,1
0,10,cellular,mon,0,no,1876,basic.4y,-3,no,admin.,no,divorced,apr,4,failure,0
1,10,cellular,mon,0,no,1876,basic.4y,-3,no,admin.,no,divorced,apr,4,failure,0
0,10,cellular,tue,0,no,1938,basic.6y,-3,no,blue-collar,no,divorced,apr,0,failure,1
1,10,cellular,tue,0,no,1938,basic.6y,-3,no,blue-collar,no,divorced,apr,0,failure,1
0,5,cellular,mon,0,no,1876,basic.4y,-3,no,admin.,no,divorced,oct,0,failure,0
1,5,cellular,mon,0,no,1876,basic.4y,-3,no,admin.,no,divorced,oct,0,failure,0
0,7,cellular,mon,0,no,1876,basic.4y,-3,no,admin.,no,divorced,jul,0,failure,0
1,7,cellular,mon,0,no,1876,basic.4y,-3,no,admin.,no,divorced,jul,0,failure,0
0,8,cellular,mon,1,no,1720,basic.4y,-3,no,admin.,no,divorced,jan,79,failure,0
1,8,cellular,mon,1,no,1720,basic.4y,-3,no,admin.,no,divorced,jan,79,failure,0
0,2,cellular,wed,1,no,1821,basic.9y,-2,no,blue-collar,no,married,feb,81,nonexistent,2
1,2,cellular,wed,1,no,1821,basic.9y,-2,no,blue-collar,no,married,feb,81,nonexistent,2
0,11,cellular,tue,1,no,1805,basic.6y,-3,no,self-employed,no,divorced,jul,63,failure,0
1,11,cellular,tue,1,no,1805,basic.6y,-3,no,self-employed,no,divorced,jul,63,failure,0
0,11,cellular,tue,0,no,1750,basic.6y,-3,no,services,no,divorced,feb,64,failure,1
1,11,cellular,tue,0,no,1750,basic.6y,-3,no,services,no,divorced,feb,64,failure,1
0,11,cellular,mon,1,no,1720,basic.4y,-3,no,admin.,no,divorced,jul,71,failure,0
1,11,cellular,mon,1,no,1720,basic.4y,-3,no,admin.,no,divorced,jul,71,failure,0
0,8,cellular,wed,1,no,1743,basic.9y,-2,no,blue-collar,no,married,feb,73,nonexistent,2
1,8,cellular,wed,1,no,1743,basic.9y,-2,no,blue-collar,no,married,feb,73,nonexistent,2
0,9,cellular,wed,0,no,1781,basic.9y,-2,no,entrepreneur,no,married,sep,65,nonexistent,2
1,9,cellular,wed,0,no,1781,basic.9y,-2,no,entrepreneur,no,married,sep,65,nonexistent,2
0,12,telephone,thu,0,unknown,1797,high.school,-1,unknown,housemaid,unknown,married,apr,66,nonexistent,3
1,12,telephone,thu,0,unknown,1797,high.school,-1,unknown,housemaid,unknown,married,apr,66,nonexistent,3
0,9,telephone,fri,0,unknown,1828,illiterate,-1,unknown,housemaid,unknown,married,apr,67,nonexistent,4
1,9,telephone,fri,0,unknown,1828,illiterate,-1,unknown,housemaid,unknown,married,apr,67,nonexistent,4
0,11,cellular,tue,0,no,1649,basic.6y,-3,no,admin.,no,divorced,jan,71,failure,0
1,11,cellular,tue,0,no,1649,basic.6y,-3,no,admin.,no,divorced,jan,71,failure,0
0,8,cellular,tue,0,no,1571,basic.6y,-3,no,admin.,no,divorced,jul,63,failure,0
1,8,cellular,tue,0,no,1571,basic.6y,-3,no,admin.,no,divorced,jul,63,failure,0
0,11,cellular,mon,0,no,1564,basic.4y,-3,no,admin.,no,divorced,jan,63,failure,0
1,11,cellular,mon,0,no,1564,basic.4y,-3,no,admin.,no,divorced,jan,63,failure,0
0,2,cellular,wed,0,no,1766,basic.9y,-2,no,housemaid,no,married,apr,73,nonexistent,2
1,2,cellular,wed,0,no,1766,basic.9y,-2,no,housemaid,no,married,apr,73,nonexistent,2
0,2,cellular,wed,1,no,1821,professional.course,-2,no,services,no,married,feb,67,nonexistent,2
1,2,cellular,wed,1,no,1821,professional.course,-2,no,services,no,married,feb,67,nonexistent,2
0,4,telephone,fri,1,unknown,1844,basic.9y,-1,unknown,student,unknown,married,apr,67,nonexistent,4
1,4,telephone,fri,1,unknown,1844,basic.9y,-1,unknown,student,unknown,married,apr,67,nonexistent,4
0,1,cellular,tue,1,no,1727,illiterate,-3,no,self-employed,no,divorced,jan,67,failure,0
1,1,cellular,tue,1,no,1727,illiterate,-3,no,self-employed,no,divorced,jan,67,failure,0
0,3,cellular,wed,1,no,1828,professional.course,-2,no,management,no,married,sep,65,nonexistent,2
1,3,cellular,wed,1,no,1828,professional.course,-2,no,management,no,married,sep,65,nonexistent,2
0,5,telephone,fri,1,unknown,1851,illiterate,-1,unknown,blue-collar,unknown,married,oct,67,nonexistent,4
1,5,telephone,fri,1,unknown,1851,illiterate,-1,unknown,blue-collar,unknown,married,oct,67,nonexistent,4
0,1,cellular,tue,0,no,1579,basic.6y,-3,no,self-employed,no,divorced,feb,63,failure,0
1,1,cellular,tue,0,no,1579,basic.6y,-3,no,self-employed,no,divorced,feb,63,failure,0
0,1,cellular,mon,1,no,1486,basic.4y,-3,no,admin.,no,divorced,jan,71,failure,0
1,1,cellular,mon,1,no,1486,basic.4y,-3,no,admin.,no,divorced,jan,71,failure,0
0,5,cellular,tue,1,no,1423,basic.6y,-3,no,admin.,no,divorced,jan,63,failure,0
1,5,cellular,tue,1,no,1423,basic.6y,-3,no,admin.,no,divorced,jan,63,failure,0
0,1,cellular,wed,0,no,1509,basic.9y,-2,no,blue-collar,no,married,feb,65,nonexistent,2
1,1,cellular,wed,0,no,1509,basic.9y,-2,no,blue-collar,no,married,feb,65,nonexistent,2
0,14,cellular,mon,1,no,1798,basic.4y,-3,no,admin.,no,divorced,jan,40,failure,0
1,14,cellular,mon,1,no,1798,basic.4y,-3,no,admin.,no,divorced,jan,40,failure,0
0,14,cellular,tue,0,no,1813,basic.6y,-3,no,blue-collar,no,divorced,feb,33,failure,1
1,14,cellular,tue,0,no,1813,basic.6y,-3,no,blue-collar,no,divorced,feb,33,failure,1
0,10,telephone,fri,1,unknown,1812,illiterate,-1,unknown,student,unknown,married,aug,56,nonexistent,4
1,10,telephone,fri,1,unknown,1812,illiterate,-1,unknown,student,unknown,married,aug,56,nonexistent,4
0,11,telephone,fri,1,unknown,1828,illiterate,-1,unknown,housemaid,unknown,married,sep,60,nonexistent,4
1,11,telephone,fri,1,unknown,1828,illiterate,-1,unknown,housemaid,unknown,married,sep,60,nonexistent,4
0,11,cellular,wed,1,no,1781,basic.9y,-2,no,entrepreneur,no,married,sep,50,nonexistent,2
1,11,cellular,wed,1,no,1781,basic.9y,-2,no,entrepreneur,no,married,sep,50,nonexistent,2
0,12,telephone,fri,1,unknown,1828,illiterate,-1,unknown,housemaid,unknown,married,apr,52,nonexistent,4
1,12,telephone,fri,1,unknown,1828,illiterate,-1,unknown,housemaid,unknown,married,apr,52,nonexistent,4
0,11,cellular,tue,1,no,1649,illiterate,-3,no,self-employed,no,divorced,jan,56,failure,0
1,11,cellular,tue,1,no,1649,illiterate,-3,no,self-employed,no,divorced,jan,56,failure,0
0,10,telephone,thu,1,unknown,1641,high.school,-1,unknown,student,unknown,married,apr,51,nonexistent,3
1,10,telephone,thu,1,unknown,1641,high.school,-1,unknown,student,unknown,married,apr,51,nonexistent,3
0,10,telephone,thu,0,unknown,1641,high.school,-1,unknown,housemaid,unknown,married,jul,59,nonexistent,3
1,10,telephone,thu,0,unknown,1641,high.school,-1,unknown,housemaid,unknown,married,jul,59,nonexistent,3
0,10,telephone,thu,0,unknown,1641,high.school,-1,unknown,housemaid,unknown,married,oct,51,nonexistent,3
1,10,telephone,thu,0,unknown,1641,high.school,-1,unknown,housemaid,unknown,married,oct,51,nonexistent,3
0,11,cellular,tue,1,no,1594,basic.6y,-3,no,blue-collar,no,divorced,feb,49,failure,1
1,11,cellular,tue,1,no,1594,basic.6y,-3,no,blue-collar,no,divorced,feb,49,failure,1
0,4,telephone,thu,0,unknown,1797,high.school,-1,unknown,student,unknown,married,oct,59,nonexistent,3
1,4,telephone,thu,0,unknown,1797,high.school,-1,unknown,student,unknown,married,oct,59,nonexistent,3
0,6,telephone,(null),1,unknown,1789,university.degree,0,unknown,unemployed,unknown,single,may,54,success,6
1,6,telephone,(null),1,unknown,1789,university.degree,0,unknown,unemployed,unknown,single,may,54,success,6
0,6,telephone,(null),1,unknown,1859,professional.course,0,unknown,management,unknown,single,nov,60,success,6
1,6,telephone,(null),1,unknown,1859,professional.course,0,unknown,management,unknown,single,nov,60,success,6
0,1,cellular,wed,0,no,1665,basic.9y,-2,no,services,no,married,aug,57,nonexistent,2
1,1,cellular,wed,0,no,1665,basic.9y,-2,no,services,no,married,aug,57,nonexistent,2
0,4,telephone,fri,1,unknown,1688,basic.9y,-1,unknown,student,unknown,married,apr,59,nonexistent,4
1,4,telephone,fri,1,unknown,1688,basic.9y,-1,unknown,student,unknown,married,apr,59,nonexistent,4
0,2,cellular,wed,0,no,1587,basic.6y,-2,no,technician,no,married,feb,57,nonexistent,2
1,2,cellular,wed,0,no,1587,basic.6y,-2,no,technician,no,married,feb,57,nonexistent,2
0,4,telephone,thu,1,unknown,1602,basic.9y,-1,unknown,services,unknown,married,apr,59,nonexistent,3
1,4,telephone,thu,1,unknown,1602,basic.9y,-1,unknown,services,unknown,married,apr,59,nonexistent,3
0,4,telephone,fri,1,unknown,1656,illiterate,-1,unknown,student,unknown,married,aug,52,nonexistent,4
1,4,telephone,fri,1,unknown,1656,illiterate,-1,unknown,student,unknown,married,aug,52,nonexistent,4
0,4,telephone,fri,1,unknown,1688,basic.9y,-1,unknown,management,unknown,married,oct,59,nonexistent,4
1,4,telephone,fri,1,unknown,1688,basic.9y,-1,unknown,management,unknown,married,oct,59,nonexistent,4
0,6,telephone,(null),1,unknown,1633,university.degree,0,unknown,retired,unknown,single,may,54,success,6
1,6,telephone,(null),1,unknown,1633,university.degree,0,unknown,retired,unknown,single,may,54,success,6
0,11,telephone,fri,1,unknown,1828,illiterate,-1,unknown,technician,unknown,married,sep,44,nonexistent,4
1,11,telephone,fri,1,unknown,1828,illiterate,-1,unknown,technician,unknown,married,sep,44,nonexistent,4
0,12,telephone,fri,0,unknown,1812,illiterate,-1,unknown,student,unknown,married,aug,36,nonexistent,4
1,12,telephone,fri,0,unknown,1812,illiterate,-1,unknown,student,unknown,married,aug,36,nonexistent,4
0,11,telephone,(null),1,unknown,1843,professional.course,0,unknown,management,unknown,single,oct,45,success,5
1,11,telephone,(null),1,unknown,1843,professional.course,0,unknown,management,unknown,single,oct,45,success,5
0,12,telephone,(null),0,unknown,1843,professional.course,0,unknown,management,unknown,single,oct,37,success,5
1,12,telephone,(null),0,unknown,1843,professional.course,0,unknown,management,unknown,single,oct,37,success,5
0,10,telephone,thu,1,unknown,1641,high.school,-1,unknown,student,unknown,married,jul,43,nonexistent,3
1,10,telephone,thu,1,unknown,1641,high.school,-1,unknown,student,unknown,married,jul,43,nonexistent,3
0,10,telephone,thu,0,unknown,1641,high.school,-1,unknown,student,unknown,married,oct,35,nonexistent,3
1,10,telephone,thu,0,unknown,1641,high.school,-1,unknown,student,unknown,married,oct,35,nonexistent,3
0,11,cellular,tue,1,no,1594,basic.6y,-3,no,services,no,divorced,feb,33,failure,1
1,11,cellular,tue,1,no,1594,basic.6y,-3,no,services,no,divorced,feb,33,failure,1
0,10,telephone,fri,1,unknown,1656,illiterate,-1,unknown,housemaid,unknown,married,aug,44,nonexistent,4
1,10,telephone,fri,1,unknown,1656,illiterate,-1,unknown,housemaid,unknown,married,aug,44,nonexistent,4
0,11,cellular,wed,0,no,1625,basic.9y,-2,no,entrepreneur,no,married,may,34,nonexistent,2
1,11,cellular,wed,0,no,1625,basic.9y,-2,no,entrepreneur,no,married,may,34,nonexistent,2
0,5,telephone,(null),1,unknown,1625,university.degree,0,unknown,technician,unknown,single,nov,42,success,5
1,5,telephone,(null),1,unknown,1625,university.degree,0,unknown,technician,unknown,single,nov,42,success,5
0,8,cellular,tue,1,no,1501,basic.6y,-3,no,services,no,divorced,aug,48,failure,1
1,8,cellular,tue,1,no,1501,basic.6y,-3,no,services,no,divorced,aug,48,failure,1
0,9,telephone,thu,0,unknown,1524,high.school,-1,unknown,student,unknown,married,apr,49,nonexistent,3
1,9,telephone,thu,0,unknown,1524,high.school,-1,unknown,student,unknown,married,apr,49,nonexistent,3
0,8,cellular,wed,1,no,1431,basic.9y,-2,no,blue-collar,no,married,feb,57,nonexistent,2
1,8,cellular,wed,1,no,1431,basic.9y,-2,no,blue-collar,no,married,feb,57,nonexistent,2
0,9,telephone,thu,0,unknown,1524,high.school,-1,unknown,housemaid,unknown,married,oct,51,nonexistent,3
1,9,telephone,thu,0,unknown,1524,high.school,-1,unknown,housemaid,unknown,married,oct,51,nonexistent,3
0,9,cellular,wed,0,no,1469,basic.9y,-2,no,entrepreneur,no,married,mar,50,nonexistent,2
1,9,cellular,wed,0,no,1469,basic.9y,-2,no,entrepreneur,no,married,mar,50,nonexistent,2
0,8,cellular,mon,1,no,1251,basic.4y,-3,no,admin.,no,divorced,jul,48,failure,0
1,8,cellular,mon,1,no,1251,basic.4y,-3,no,admin.,no,divorced,jul,48,failure,0
0,8,cellular,wed,1,no,1297,basic.9y,-2,no,blue-collar,no,married,feb,50,nonexistent,2
1,8,cellular,wed,1,no,1297,basic.9y,-2,no,blue-collar,no,married,feb,50,nonexistent,2
0,1,cellular,tue,1,no,1423,basic.6y,-3,no,self-employed,no,divorced,jan,56,failure,0
1,1,cellular,tue,1,no,1423,basic.6y,-3,no,self-employed,no,divorced,jan,56,failure,0
0,1,cellular,wed,1,no,1509,basic.9y,-2,no,services,no,married,aug,50,nonexistent,2
1,1,cellular,wed,1,no,1509,basic.9y,-2,no,services,no,married,aug,50,nonexistent,2
0,5,cellular,tue,1,no,1423,basic.6y,-3,no,services,no,divorced,feb,52,failure,1
1,5,cellular,tue,1,no,1423,basic.6y,-3,no,services,no,divorced,feb,52,failure,1
0,2,cellular,wed,0,no,1438,basic.9y,-2,no,student,no,married,mar,50,nonexistent,2
1,2,cellular,wed,0,no,1438,basic.9y,-2,no,student,no,married,mar,50,nonexistent,2
0,1,cellular,tue,0,no,1501,basic.6y,-3,no,housemaid,no,divorced,aug,57,failure,1
1,1,cellular,tue,0,no,1501,basic.6y,-3,no,housemaid,no,divorced,aug,57,failure,1
0,5,cellular,wed,1,no,1516,basic.9y,-2,no,management,no,married,mar,58,nonexistent,2
1,5,cellular,wed,1,no,1516,basic.9y,-2,no,management,no,married,mar,58,nonexistent,2
0,2,telephone,thu,1,unknown,1485,high.school,-1,unknown,housemaid,unknown,married,apr,59,nonexistent,3
1,2,telephone,thu,1,unknown,1485,high.school,-1,unknown,housemaid,unknown,married,apr,59,nonexistent,3
0,5,telephone,(null),1,unknown,1547,professional.course,0,unknown,management,unknown,single,may,53,success,5
1,5,telephone,(null),1,unknown,1547,professional.course,0,unknown,management,unknown,single,may,53,success,5
0,1,cellular,tue,1,no,1258,basic.6y,-3,no,self-employed,no,divorced,jan,48,failure,0
1,1,cellular,tue,1,no,1258,basic.6y,-3,no,self-employed,no,divorced,jan,48,failure,0
0,1,cellular,tue,0,no,1266,basic.6y,-3,no,blue-collar,no,divorced,aug,49,failure,1
1,1,cellular,tue,0,no,1266,basic.6y,-3,no,blue-collar,no,divorced,aug,49,failure,1
0,6,telephone,thu,1,unknown,1368,high.school,-1,unknown,housemaid,unknown,married,apr,51,nonexistent,3
1,6,telephone,thu,1,unknown,1368,high.school,-1,unknown,housemaid,unknown,married,apr,51,nonexistent,3
0,2,telephone,thu,0,unknown,1329,high.school,-1,unknown,housemaid,unknown,married,apr,51,nonexistent,3
1,2,telephone,thu,0,unknown,1329,high.school,-1,unknown,housemaid,unknown,married,apr,51,nonexistent,3
0,9,cellular,wed,0,no,1454,basic.9y,-2,no,services,no,married,apr,42,nonexistent,2
1,9,cellular,wed,0,no,1454,basic.9y,-2,no,services,no,married,apr,42,nonexistent,2
0,9,telephone,thu,1,unknown,1485,high.school,-1,unknown,student,unknown,married,oct,35,nonexistent,3
1,9,telephone,thu,1,unknown,1485,high.school,-1,unknown,student,unknown,married,oct,35,nonexistent,3
0,9,cellular,wed,1,no,1469,basic.9y,-2,no,student,no,married,mar,34,nonexistent,2
1,9,cellular,wed,1,no,1469,basic.9y,-2,no,student,no,married,mar,34,nonexistent,2
0,9,cellular,wed,1,no,1469,basic.9y,-2,no,entrepreneur,no,married,may,42,nonexistent,2
1,9,cellular,wed,1,no,1469,basic.9y,-2,no,entrepreneur,no,married,may,42,nonexistent,2
0,9,cellular,wed,0,no,1469,basic.9y,-2,no,entrepreneur,no,married,sep,34,nonexistent,2
1,9,cellular,wed,0,no,1469,basic.9y,-2,no,entrepreneur,no,married,sep,34,nonexistent,2
0,11,cellular,mon,1,no,1408,basic.4y,-3,no,admin.,no,divorced,jan,32,failure,0
1,11,cellular,mon,1,no,1408,basic.4y,-3,no,admin.,no,divorced,jan,32,failure,0
0,10,telephone,fri,1,unknown,1461,illiterate,-1,unknown,housemaid,unknown,married,apr,36,nonexistent,4
1,10,telephone,fri,1,unknown,1461,illiterate,-1,unknown,housemaid,unknown,married,apr,36,nonexistent,4
0,8,cellular,tue,1,no,1337,basic.6y,-3,no,self-employed,no,divorced,jul,40,failure,0
1,8,cellular,tue,1,no,1337,basic.6y,-3,no,self-employed,no,divorced,jul,40,failure,0
0,8,cellular,tue,0,no,1266,basic.6y,-3,no,self-employed,no,divorced,jan,40,failure,0
1,8,cellular,tue,0,no,1266,basic.6y,-3,no,self-employed,no,divorced,jan,40,failure,0
0,8,cellular,mon,1,no,1251,basic.4y,-3,no,self-employed,no,divorced,jul,32,failure,0
1,8,cellular,mon,1,no,1251,basic.4y,-3,no,self-employed,no,divorced,jul,32,failure,0
0,8,cellular,wed,1,no,1297,basic.9y,-2,no,services,no,married,feb,34,nonexistent,2
1,8,cellular,wed,1,no,1297,basic.9y,-2,no,services,no,married,feb,34,nonexistent,2
0,8,cellular,tue,1,no,1282,basic.6y,-3,no,blue-collar,no,divorced,mar,41,failure,1
1,8,cellular,tue,1,no,1282,basic.6y,-3,no,blue-collar,no,divorced,mar,41,failure,1
0,8,cellular,wed,1,no,1297,basic.9y,-2,no,blue-collar,no,married,aug,34,nonexistent,2
1,8,cellular,wed,1,no,1297,basic.9y,-2,no,blue-collar,no,married,aug,34,nonexistent,2
0,9,cellular,wed,0,no,1297,basic.9y,-2,no,blue-collar,no,married,feb,34,nonexistent,2
1,9,cellular,wed,0,no,1297,basic.9y,-2,no,blue-collar,no,married,feb,34,nonexistent,2
0,3,telephone,(null),0,unknown,1477,high.school,0,unknown,unemployed,unknown,single,nov,38,success,6
1,3,telephone,(null),0,unknown,1477,high.school,0,unknown,unemployed,unknown,single,nov,38,success,6
0,6,telephone,(null),0,unknown,1547,professional.course,0,unknown,management,unknown,single,nov,45,success,6
1,6,telephone,(null),0,unknown,1547,professional.course,0,unknown,management,unknown,single,nov,45,success,6
0,5,cellular,tue,1,no,1337,basic.6y,-3,no,self-employed,no,divorced,jul,44,failure,0
1,5,cellular,tue,1,no,1337,basic.6y,-3,no,self-employed,no,divorced,jul,44,failure,0
0,1,cellular,tue,0,no,1282,basic.6y,-3,no,services,no,divorced,aug,41,failure,1
1,1,cellular,tue,0,no,1282,basic.6y,-3,no,services,no,divorced,aug,41,failure,1
0,5,cellular,wed,1,no,1313,basic.9y,-2,no,student,no,married,mar,42,nonexistent,2
1,5,cellular,wed,1,no,1313,basic.9y,-2,no,student,no,married,mar,42,nonexistent,2
0,5,cellular,wed,0,no,1274,basic.9y,-2,no,services,no,married,aug,36,nonexistent,2
1,5,cellular,wed,0,no,1274,basic.9y,-2,no,services,no,married,aug,36,nonexistent,2
0,6,telephone,(null),1,unknown,1391,professional.course,0,unknown,management,unknown,single,may,45,success,5
1,6,telephone,(null),1,unknown,1391,professional.course,0,unknown,management,unknown,single,may,45,success,5
0,14,cellular,tue,0,no,1735,basic.6y,-3,no,blue-collar,no,divorced,feb,17,failure,0
1,14,cellular,tue,0,no,1735,basic.6y,-3,no,blue-collar,no,divorced,feb,17,failure,0
0,14,cellular,wed,1,no,1781,basic.9y,-2,no,management,no,married,mar,5,nonexistent,2
1,14,cellular,wed,1,no,1781,basic.9y,-2,no,management,no,married,mar,5,nonexistent,2
0,14,cellular,wed,0,no,1672,basic.9y,-2,no,entrepreneur,no,married,mar,5,nonexistent,2
1,14,cellular,wed,0,no,1672,basic.9y,-2,no,entrepreneur,no,married,mar,5,nonexistent,2
0,13,cellular,tue,0,no,1750,basic.6y,-3,no,entrepreneur,no,divorced,mar,6,failure,1
1,13,cellular,tue,0,no,1750,basic.6y,-3,no,entrepreneur,no,divorced,mar,6,failure,1
0,11,cellular,wed,0,no,1766,basic.9y,-2,no,housemaid,no,married,aug,9,nonexistent,2
1,11,cellular,wed,0,no,1766,basic.9y,-2,no,housemaid,no,married,aug,9,nonexistent,2
0,12,cellular,mon,0,no,1798,basic.4y,-3,no,self-employed,no,divorced,jan,0,failure,0
1,12,cellular,mon,0,no,1798,basic.4y,-3,no,self-employed,no,divorced,jan,0,failure,0
0,11,cellular,tue,1,no,1805,basic.6y,-3,no,admin.,no,divorced,jan,1,failure,0
1,11,cellular,tue,1,no,1805,basic.6y,-3,no,admin.,no,divorced,jan,1,failure,0
0,12,cellular,mon,1,no,1720,basic.4y,-3,no,self-employed,no,divorced,jan,0,failure,0
1,12,cellular,mon,1,no,1720,basic.4y,-3,no,self-employed,no,divorced,jan,0,failure,0
0,13,cellular,tue,1,no,1594,basic.6y,-3,no,entrepreneur,no,divorced,mar,6,failure,1
1,13,cellular,tue,1,no,1594,basic.6y,-3,no,entrepreneur,no,divorced,mar,6,failure,1
0,11,cellular,mon,0,no,1564,basic.4y,-3,no,admin.,no,divorced,jan,0,failure,0
1,11,cellular,mon,0,no,1564,basic.4y,-3,no,admin.,no,divorced,jan,0,failure,0
0,10,cellular,mon,1,no,1720,basic.4y,-3,no,admin.,no,divorced,jan,0,failure,0
1,10,cellular,mon,1,no,1720,basic.4y,-3,no,admin.,no,divorced,jan,0,failure,0
0,8,cellular,tue,0,no,1735,basic.6y,-3,no,blue-collar,no,divorced,jul,1,failure,0
1,8,cellular,tue,0,no,1735,basic.6y,-3,no,blue-collar,no,divorced,jul,1,failure,0
0,10,cellular,tue,1,no,1594,basic.6y,-3,no,entrepreneur,no,divorced,aug,6,failure,1
1,10,cellular,tue,1,no,1594,basic.6y,-3,no,entrepreneur,no,divorced,aug,6,failure,1
0,10,cellular,tue,0,no,1579,basic.6y,-3,no,admin.,no,divorced,apr,0,failure,0
1,10,cellular,tue,0,no,1579,basic.6y,-3,no,admin.,no,divorced,apr,0,failure,0
0,8,cellular,tue,1,no,1579,basic.6y,-3,no,blue-collar,no,divorced,jul,1,failure,0
1,8,cellular,tue,1,no,1579,basic.6y,-3,no,blue-collar,no,divorced,jul,1,failure,0
0,5,cellular,mon,1,no,1564,basic.4y,-3,no,admin.,no,divorced,oct,0,failure,0
1,5,cellular,mon,1,no,1564,basic.4y,-3,no,admin.,no,divorced,oct,0,failure,0
0,7,cellular,mon,1,no,1564,basic.4y,-3,no,admin.,no,divorced,jul,0,failure,0
1,7,cellular,mon,1,no,1564,basic.4y,-3,no,admin.,no,divorced,jul,0,failure,0
0,9,cellular,wed,1,no,1469,basic.9y,-2,no,student,no,married,may,26,nonexistent,2
1,9,cellular,wed,1,no,1469,basic.9y,-2,no,student,no,married,may,26,nonexistent,2
0,11,cellular,mon,1,no,1408,basic.4y,-3,no,self-employed,no,divorced,jan,16,failure,0
1,11,cellular,mon,1,no,1408,basic.4y,-3,no,self-employed,no,divorced,jan,16,failure,0
0,9,telephone,(null),0,unknown,1547,professional.course,0,unknown,unemployed,unknown,single,nov,22,success,6
1,9,telephone,(null),0,unknown,1547,professional.course,0,unknown,unemployed,unknown,single,nov,22,success,6
0,11,cellular,tue,0,no,1438,basic.6y,-3,no,blue-collar,no,divorced,mar,18,failure,1
1,11,cellular,tue,0,no,1438,basic.6y,-3,no,blue-collar,no,divorced,mar,18,failure,1
0,10,telephone,(null),1,unknown,1547,professional.course,0,unknown,management,unknown,single,nov,29,success,6
1,10,telephone,(null),1,unknown,1547,professional.course,0,unknown,management,unknown,single,nov,29,success,6
0,8,cellular,tue,0,no,1282,basic.6y,-3,no,services,no,divorced,mar,25,failure,1
1,8,cellular,tue,0,no,1282,basic.6y,-3,no,services,no,divorced,mar,25,failure,1
0,8,cellular,wed,0,no,1297,basic.9y,-2,no,services,no,married,aug,18,nonexistent,2
1,8,cellular,wed,0,no,1297,basic.9y,-2,no,services,no,married,aug,18,nonexistent,2
0,9,cellular,wed,0,no,1297,basic.9y,-2,no,services,no,married,feb,18,nonexistent,2
1,9,cellular,wed,0,no,1297,basic.9y,-2,no,services,no,married,feb,18,nonexistent,2
0,9,cellular,wed,1,no,1297,basic.9y,-2,no,blue-collar,no,married,apr,26,nonexistent,2
1,9,cellular,wed,1,no,1297,basic.9y,-2,no,blue-collar,no,married,apr,26,nonexistent,2
0,11,cellular,tue,0,no,1337,basic.6y,-3,no,admin.,no,divorced,jan,16,failure,0
1,11,cellular,tue,0,no,1337,basic.6y,-3,no,admin.,no,divorced,jan,16,failure,0
0,9,telephone,fri,0,unknown,1360,illiterate,-1,unknown,housemaid,unknown,married,sep,20,nonexistent,4
1,9,telephone,fri,0,unknown,1360,illiterate,-1,unknown,housemaid,unknown,married,sep,20,nonexistent,4
0,11,cellular,mon,0,no,1408,basic.4y,-3,no,admin.,no,divorced,jan,0,failure,0
1,11,cellular,mon,0,no,1408,basic.4y,-3,no,admin.,no,divorced,jan,0,failure,0
0,11,cellular,mon,1,no,1251,basic.4y,-3,no,admin.,no,divorced,jan,0,failure,0
1,11,cellular,mon,1,no,1251,basic.4y,-3,no,admin.,no,divorced,jan,0,failure,0
0,10,cellular,wed,1,no,1454,basic.9y,-2,no,housemaid,no,married,aug,4,nonexistent,2
1,10,cellular,wed,1,no,1454,basic.9y,-2,no,housemaid,no,married,aug,4,nonexistent,2
0,8,cellular,tue,1,no,1423,basic.6y,-3,no,blue-collar,no,divorced,jul,1,failure,0
1,8,cellular,tue,1,no,1423,basic.6y,-3,no,blue-collar,no,divorced,jul,1,failure,0
0,9,telephone,fri,0,unknown,1360,illiterate,-1,unknown,services,unknown,married,sep,10,nonexistent,4
1,9,telephone,fri,0,unknown,1360,illiterate,-1,unknown,services,unknown,married,sep,10,nonexistent,4
0,7,cellular,mon,1,no,1330,basic.4y,-3,no,admin.,no,divorced,jul,0,failure,0
1,7,cellular,mon,1,no,1330,basic.4y,-3,no,admin.,no,divorced,jul,0,failure,0
0,7,cellular,mon,1,no,1251,basic.4y,-3,no,self-employed,no,divorced,oct,0,failure,0
1,7,cellular,mon,1,no,1251,basic.4y,-3,no,self-employed,no,divorced,oct,0,failure,0
0,8,cellular,tue,0,no,1180,basic.6y,-3,no,admin.,no,divorced,jan,48,failure,0
1,8,cellular,tue,0,no,1180,basic.6y,-3,no,admin.,no,divorced,jan,48,failure,0
0,8,cellular,tue,0,no,1180,basic.6y,-3,no,self-employed,no,divorced,jan,32,failure,0
1,8,cellular,tue,0,no,1180,basic.6y,-3,no,self-employed,no,divorced,jan,32,failure,0
0,8,cellular,mon,0,no,1095,basic.4y,-3,no,admin.,no,divorced,jan,40,failure,0
1,8,cellular,mon,0,no,1095,basic.4y,-3,no,admin.,no,divorced,jan,40,failure,0
0,8,cellular,tue,1,no,1110,basic.6y,-3,no,admin.,no,divorced,jan,32,failure,0
1,8,cellular,tue,1,no,1110,basic.6y,-3,no,admin.,no,divorced,jan,32,failure,0
0,1,cellular,tue,1,no,1110,basic.6y,-3,no,self-employed,no,divorced,feb,40,failure,0
1,1,cellular,tue,1,no,1110,basic.6y,-3,no,self-employed,no,divorced,feb,40,failure,0
0,2,cellular,tue,1,no,1125,basic.6y,-3,no,services,no,divorced,aug,33,failure,1
1,2,cellular,tue,1,no,1125,basic.6y,-3,no,services,no,divorced,aug,33,failure,1
0,6,telephone,fri,1,unknown,1219,illiterate,-1,unknown,student,unknown,married,apr,33,nonexistent,4
1,6,telephone,fri,1,unknown,1219,illiterate,-1,unknown,student,unknown,married,apr,33,nonexistent,4
0,2,telephone,thu,0,unknown,1172,high.school,-1,unknown,student,unknown,married,apr,35,nonexistent,3
1,2,telephone,thu,0,unknown,1172,high.school,-1,unknown,student,unknown,married,apr,35,nonexistent,3
0,2,telephone,thu,0,unknown,1211,high.school,-1,unknown,management,unknown,married,apr,43,nonexistent,3
1,2,telephone,thu,0,unknown,1211,high.school,-1,unknown,management,unknown,married,apr,43,nonexistent,3
0,2,telephone,thu,1,unknown,1133,high.school,-1,unknown,housemaid,unknown,married,oct,35,nonexistent,3
1,2,telephone,thu,1,unknown,1133,high.school,-1,unknown,housemaid,unknown,married,oct,35,nonexistent,3
0,5,telephone,(null),1,unknown,1218,professional.course,0,unknown,management,unknown,single,may,37,success,5
1,5,telephone,(null),1,unknown,1218,professional.course,0,unknown,management,unknown,single,may,37,success,5
0,5,cellular,mon,0,no,1017,basic.4y,-3,no,admin.,no,divorced,jul,40,failure,0
1,5,cellular,mon,0,no,1017,basic.4y,-3,no,admin.,no,divorced,jul,40,failure,0
0,1,cellular,wed,1,no,1040,basic.9y,-2,no,blue-collar,no,married,feb,42,nonexistent,2
1,1,cellular,wed,1,no,1040,basic.9y,-2,no,blue-collar,no,married,feb,42,nonexistent,2
0,8,cellular,mon,0,no,1095,basic.4y,-3,no,self-employed,no,divorced,jan,24,failure,0
1,8,cellular,mon,0,no,1095,basic.4y,-3,no,self-employed,no,divorced,jan,24,failure,0
0,8,cellular,mon,1,no,1173,basic.4y,-3,no,self-employed,no,divorced,jul,16,failure,0
1,8,cellular,mon,1,no,1173,basic.4y,-3,no,self-employed,no,divorced,jul,16,failure,0
0,8,cellular,tue,1,no,1110,basic.6y,-3,no,self-employed,no,divorced,jan,16,failure,0
1,8,cellular,tue,1,no,1110,basic.6y,-3,no,self-employed,no,divorced,jan,16,failure,0
0,8,cellular,tue,1,no,1110,basic.6y,-3,no,admin.,no,divorced,feb,24,failure,0
1,8,cellular,tue,1,no,1110,basic.6y,-3,no,admin.,no,divorced,feb,24,failure,0
0,8,cellular,tue,0,no,1110,basic.6y,-3,no,admin.,no,divorced,jul,16,failure,0
1,8,cellular,tue,0,no,1110,basic.6y,-3,no,admin.,no,divorced,jul,16,failure,0
0,8,cellular,tue,0,no,1125,basic.6y,-3,no,blue-collar,no,divorced,feb,17,failure,1
1,8,cellular,tue,0,no,1125,basic.6y,-3,no,blue-collar,no,divorced,feb,17,failure,1
0,8,cellular,mon,1,no,1017,basic.4y,-3,no,admin.,no,divorced,jan,24,failure,0
1,8,cellular,mon,1,no,1017,basic.4y,-3,no,admin.,no,divorced,jan,24,failure,0
0,8,cellular,tue,1,no,1024,basic.6y,-3,no,admin.,no,divorced,jan,16,failure,0
1,8,cellular,tue,1,no,1024,basic.6y,-3,no,admin.,no,divorced,jan,16,failure,0
0,6,telephone,thu,0,unknown,1133,high.school,-1,unknown,student,unknown,married,oct,25,nonexistent,3
1,6,telephone,thu,0,unknown,1133,high.school,-1,unknown,student,unknown,married,oct,25,nonexistent,3
0,2,cellular,wed,0,no,1125,basic.9y,-2,no,student,no,married,sep,29,nonexistent,2
1,2,cellular,wed,0,no,1125,basic.9y,-2,no,student,no,married,sep,29,nonexistent,2
0,6,telephone,(null),0,unknown,1156,professional.course,0,unknown,technician,unknown,single,may,26,success,5
1,6,telephone,(null),0,unknown,1156,professional.course,0,unknown,technician,unknown,single,may,26,success,5
0,6,telephone,fri,1,unknown,1148,illiterate,-1,unknown,technician,unknown,married,oct,20,nonexistent,4
1,6,telephone,fri,1,unknown,1148,illiterate,-1,unknown,technician,unknown,married,oct,20,nonexistent,4
0,3,telephone,(null),1,unknown,1156,professional.course,0,unknown,technician,unknown,single,nov,21,success,5
1,3,telephone,(null),1,unknown,1156,professional.course,0,unknown,technician,unknown,single,nov,21,success,5
0,6,telephone,(null),1,unknown,1164,professional.course,0,unknown,management,unknown,single,nov,22,success,6
1,6,telephone,(null),1,unknown,1164,professional.course,0,unknown,management,unknown,single,nov,22,success,6
0,1,cellular,tue,0,no,954,basic.6y,-3,no,services,no,divorced,aug,25,failure,1
1,1,cellular,tue,0,no,954,basic.6y,-3,no,services,no,divorced,aug,25,failure,1
0,2,telephone,thu,0,unknown,1055,professional.course,-1,unknown,student,unknown,married,apr,27,nonexistent,3
1,2,telephone,thu,0,unknown,1055,professional.course,-1,unknown,student,unknown,married,apr,27,nonexistent,3
0,5,cellular,wed,1,no,1000,basic.9y,-2,no,student,no,married,sep,18,nonexistent,2
1,5,cellular,wed,1,no,1000,basic.9y,-2,no,student,no,married,sep,18,nonexistent,2
0,2,telephone,fri,0,unknown,985,illiterate,-1,unknown,student,unknown,married,oct,17,nonexistent,4
1,2,telephone,fri,0,unknown,985,illiterate,-1,unknown,student,unknown,married,oct,17,nonexistent,4
0,6,telephone,fri,1,unknown,1047,illiterate,-1,unknown,technician,unknown,married,apr,20,nonexistent,4
1,6,telephone,fri,1,unknown,1047,illiterate,-1,unknown,technician,unknown,married,apr,20,nonexistent,4
0,3,telephone,(null),0,unknown,1086,professional.course,0,unknown,unemployed,unknown,single,may,22,success,6
1,3,telephone,(null),0,unknown,1086,professional.course,0,unknown,unemployed,unknown,single,may,22,success,6
0,3,telephone,fri,1,unknown,992,illiterate,-1,unknown,technician,unknown,married,apr,22,nonexistent,4
1,3,telephone,fri,1,unknown,992,illiterate,-1,unknown,technician,unknown,married,apr,22,nonexistent,4
0,6,telephone,thu,1,unknown,1016,high.school,-1,unknown,housemaid,unknown,married,oct,27,nonexistent,3
1,6,telephone,thu,1,unknown,1016,high.school,-1,unknown,housemaid,unknown,married,oct,27,nonexistent,3
0,2,telephone,fri,0,unknown,1031,illiterate,-1,unknown,housemaid,unknown,married,oct,28,nonexistent,4
1,2,telephone,fri,0,unknown,1031,illiterate,-1,unknown,housemaid,unknown,married,oct,28,nonexistent,4
0,6,telephone,fri,1,unknown,985,illiterate,-1,unknown,management,unknown,married,apr,28,nonexistent,4
1,6,telephone,fri,1,unknown,985,illiterate,-1,unknown,management,unknown,married,apr,28,nonexistent,4
0,6,telephone,(null),0,unknown,1000,professional.course,0,unknown,entrepreneur,unknown,single,may,29,success,5
1,6,telephone,(null),0,unknown,1000,professional.course,0,unknown,entrepreneur,unknown,single,may,29,success,5
0,3,telephone,fri,0,unknown,992,illiterate,-1,unknown,management,unknown,married,apr,28,nonexistent,4
1,3,telephone,fri,0,unknown,992,illiterate,-1,unknown,management,unknown,married,apr,28,nonexistent,4
0,6,telephone,fri,0,unknown,1047,illiterate,-1,unknown,housemaid,unknown,married,oct,20,nonexistent,4
1,6,telephone,fri,0,unknown,1047,illiterate,-1,unknown,housemaid,unknown,married,oct,20,nonexistent,4
0,6,telephone,(null),0,unknown,1000,professional.course,0,unknown,management,unknown,single,may,21,success,5
1,6,telephone,(null),0,unknown,1000,professional.course,0,unknown,management,unknown,single,may,21,success,5
0,8,cellular,tue,1,no,1110,basic.6y,-3,no,self-employed,no,divorced,feb,8,failure,0
1,8,cellular,tue,1,no,1110,basic.6y,-3,no,self-employed,no,divorced,feb,8,failure,0
0,8,cellular,wed,0,no,1141,basic.9y,-2,no,services,no,married,apr,2,nonexistent,2
1,8,cellular,wed,0,no,1141,basic.9y,-2,no,services,no,married,apr,2,nonexistent,2
0,10,cellular,wed,0,no,1196,basic.9y,-2,no,blue-collar,no,married,feb,4,nonexistent,2
1,10,cellular,wed,0,no,1196,basic.9y,-2,no,blue-collar,no,married,feb,4,nonexistent,2
0,8,telephone,fri,1,unknown,1187,illiterate,-1,unknown,housemaid,unknown,married,aug,8,nonexistent,4
1,8,telephone,fri,1,unknown,1187,illiterate,-1,unknown,housemaid,unknown,married,aug,8,nonexistent,4
0,8,cellular,mon,0,no,1017,basic.4y,-3,no,self-employed,no,divorced,jan,8,failure,0
1,8,cellular,mon,0,no,1017,basic.4y,-3,no,self-employed,no,divorced,jan,8,failure,0
0,8,cellular,tue,1,no,1024,basic.6y,-3,no,self-employed,no,divorced,jan,0,failure,0
1,8,cellular,tue,1,no,1024,basic.6y,-3,no,self-employed,no,divorced,jan,0,failure,0
0,8,cellular,mon,1,no,939,basic.4y,-3,no,admin.,no,divorced,jan,8,failure,0
1,8,cellular,mon,1,no,939,basic.4y,-3,no,admin.,no,divorced,jan,8,failure,0
0,8,cellular,tue,1,no,954,basic.6y,-3,no,admin.,no,divorced,feb,0,failure,0
1,8,cellular,tue,1,no,954,basic.6y,-3,no,admin.,no,divorced,feb,0,failure,0
0,6,telephone,(null),1,unknown,1156,professional.course,0,unknown,technician,unknown,single,nov,14,success,5
1,6,telephone,(null),1,unknown,1156,professional.course,0,unknown,technician,unknown,single,nov,14,success,5
0,6,telephone,(null),0,unknown,1164,professional.course,0,unknown,unemployed,unknown,single,nov,10,success,6
1,6,telephone,(null),0,unknown,1164,professional.course,0,unknown,unemployed,unknown,single,nov,10,success,6
0,7,telephone,(null),1,unknown,1156,professional.course,0,unknown,technician,unknown,single,nov,5,success,5
1,7,telephone,(null),1,unknown,1156,professional.course,0,unknown,technician,unknown,single,nov,5,success,5
0,7,cellular,tue,0,no,1180,basic.6y,-3,no,admin.,no,divorced,oct,1,failure,0
1,7,cellular,tue,0,no,1180,basic.6y,-3,no,admin.,no,divorced,oct,1,failure,0
0,7,cellular,tue,0,no,1102,basic.6y,-3,no,admin.,no,divorced,oct,1,failure,0
1,7,cellular,tue,0,no,1102,basic.6y,-3,no,admin.,no,divorced,oct,1,failure,0
0,5,telephone,(null),1,unknown,1062,professional.course,0,unknown,technician,unknown,single,nov,13,success,5
1,5,telephone,(null),1,unknown,1062,professional.course,0,unknown,technician,unknown,single,nov,13,success,5
0,6,telephone,(null),0,unknown,1078,professional.course,0,unknown,unemployed,unknown,single,may,14,success,6
1,6,telephone,(null),0,unknown,1078,professional.course,0,unknown,unemployed,unknown,single,may,14,success,6
0,6,telephone,(null),0,unknown,1078,professional.course,0,unknown,unemployed,unknown,single,nov,6,success,6
1,6,telephone,(null),0,unknown,1078,professional.course,0,unknown,unemployed,unknown,single,nov,6,success,6
0,6,telephone,(null),1,unknown,1062,professional.course,0,unknown,management,unknown,single,nov,13,success,5
1,6,telephone,(null),1,unknown,1062,professional.course,0,unknown,management,unknown,single,nov,13,success,5
0,7,telephone,fri,1,unknown,992,illiterate,-1,unknown,housemaid,unknown,married,apr,12,nonexistent,4
1,7,telephone,fri,1,unknown,992,illiterate,-1,unknown,housemaid,unknown,married,apr,12,nonexistent,4
0,7,telephone,(null),0,unknown,1078,professional.course,0,unknown,management,unknown,single,nov,6,success,6
1,7,telephone,(null),0,unknown,1078,professional.course,0,unknown,management,unknown,single,nov,6,success,6
0,1,cellular,tue,1,no,868,basic.6y,-3,no,admin.,no,divorced,jul,32,failure,0
1,1,cellular,tue,1,no,868,basic.6y,-3,no,admin.,no,divorced,jul,32,failure,0
0,1,cellular,tue,1,no,813,basic.6y,-3,no,blue-collar,no,divorced,feb,33,failure,1
1,1,cellular,tue,1,no,813,basic.6y,-3,no,blue-collar,no,divorced,feb,33,failure,1
0,5,cellular,tue,1,no,868,basic.6y,-3,no,self-employed,no,divorced,jul,16,failure,0
1,5,cellular,tue,1,no,868,basic.6y,-3,no,self-employed,no,divorced,jul,16,failure,0
0,4,telephone,thu,0,unknown,860,high.school,-1,unknown,student,unknown,married,apr,19,nonexistent,3
1,4,telephone,thu,0,unknown,860,high.school,-1,unknown,student,unknown,married,apr,19,nonexistent,3
0,5,cellular,tue,1,no,876,basic.6y,-3,no,blue-collar,no,divorced,aug,25,failure,1
1,5,cellular,tue,1,no,876,basic.6y,-3,no,blue-collar,no,divorced,aug,25,failure,1
0,6,telephone,thu,0,unknown,899,high.school,-1,unknown,housemaid,unknown,married,apr,27,nonexistent,3
1,6,telephone,thu,0,unknown,899,high.school,-1,unknown,housemaid,unknown,married,apr,27,nonexistent,3
0,5,cellular,wed,0,no,806,basic.9y,-2,no,blue-collar,no,married,feb,26,nonexistent,2
1,5,cellular,wed,0,no,806,basic.9y,-2,no,blue-collar,no,married,feb,26,nonexistent,2
0,5,cellular,tue,0,no,813,basic.6y,-3,no,blue-collar,no,divorced,aug,17,failure,1
1,5,cellular,tue,0,no,813,basic.6y,-3,no,blue-collar,no,divorced,aug,17,failure,1
0,2,telephone,fri,1,unknown,907,illiterate,-1,unknown,management,unknown,married,oct,20,nonexistent,4
1,2,telephone,fri,1,unknown,907,illiterate,-1,unknown,management,unknown,married,oct,20,nonexistent,4
0,3,telephone,(null),1,unknown,922,professional.course,0,unknown,entrepreneur,unknown,single,nov,21,success,5
1,3,telephone,(null),1,unknown,922,professional.course,0,unknown,entrepreneur,unknown,single,nov,21,success,5
0,5,telephone,(null),0,unknown,906,professional.course,0,unknown,management,unknown,single,may,21,success,5
1,5,telephone,(null),0,unknown,906,professional.course,0,unknown,management,unknown,single,may,21,success,5
0,1,cellular,mon,0,no,705,basic.4y,-3,no,self-employed,no,divorced,jan,24,failure,0
1,1,cellular,mon,0,no,705,basic.4y,-3,no,self-employed,no,divorced,jan,24,failure,0
0,5,cellular,mon,0,no,705,basic.4y,-3,no,self-employed,no,divorced,jan,16,failure,0
1,5,cellular,mon,0,no,705,basic.4y,-3,no,self-employed,no,divorced,jan,16,failure,0
0,1,cellular,mon,1,no,626,basic.4y,-3,no,self-employed,no,divorced,jan,20,failure,0
1,1,cellular,mon,1,no,626,basic.4y,-3,no,self-employed,no,divorced,jan,20,failure,0
0,1,cellular,tue,0,no,712,basic.6y,-3,no,admin.,no,divorced,jul,24,failure,0
1,1,cellular,tue,0,no,712,basic.6y,-3,no,admin.,no,divorced,jul,24,failure,0
0,5,cellular,tue,0,no,712,basic.6y,-3,no,admin.,no,divorced,jan,24,failure,0
1,5,cellular,tue,0,no,712,basic.6y,-3,no,admin.,no,divorced,jan,24,failure,0
0,1,cellular,tue,0,no,633,basic.6y,-3,no,housemaid,no,divorced,jul,16,failure,0
1,1,cellular,tue,0,no,633,basic.6y,-3,no,housemaid,no,divorced,jul,16,failure,0
0,1,cellular,wed,0,no,649,basic.9y,-2,no,blue-collar,no,married,aug,18,nonexistent,2
1,1,cellular,wed,0,no,649,basic.9y,-2,no,blue-collar,no,married,aug,18,nonexistent,2
0,5,cellular,mon,1,no,626,basic.4y,-3,no,admin.,no,divorced,jan,16,failure,0
1,5,cellular,mon,1,no,626,basic.4y,-3,no,admin.,no,divorced,jan,16,failure,0
0,5,cellular,mon,1,no,783,basic.4y,-3,no,self-employed,no,divorced,jul,8,failure,0
1,5,cellular,mon,1,no,783,basic.4y,-3,no,self-employed,no,divorced,jul,8,failure,0
0,5,cellular,wed,0,no,844,basic.9y,-2,no,student,no,married,mar,10,nonexistent,2
1,5,cellular,wed,0,no,844,basic.9y,-2,no,student,no,married,mar,10,nonexistent,2
0,3,telephone,(null),0,unknown,922,professional.course,0,unknown,unemployed,unknown,single,may,14,success,6
1,3,telephone,(null),0,unknown,922,professional.course,0,unknown,unemployed,unknown,single,may,14,success,6
0,5,telephone,fri,1,unknown,891,illiterate,-1,unknown,technician,unknown,married,sep,4,nonexistent,4
1,5,telephone,fri,1,unknown,891,illiterate,-1,unknown,technician,unknown,married,sep,4,nonexistent,4
0,5,cellular,wed,1,no,829,basic.9y,-2,no,blue-collar,no,married,aug,10,nonexistent,2
1,5,cellular,wed,1,no,829,basic.9y,-2,no,blue-collar,no,married,aug,10,nonexistent,2
0,6,telephone,fri,1,unknown,875,illiterate,-1,unknown,housemaid,unknown,married,apr,12,nonexistent,4
1,6,telephone,fri,1,unknown,875,illiterate,-1,unknown,housemaid,unknown,married,apr,12,nonexistent,4
0,5,telephone,(null),1,unknown,906,professional.course,0,unknown,management,unknown,single,oct,5,success,5
1,5,telephone,(null),1,unknown,906,professional.course,0,unknown,management,unknown,single,oct,5,success,5
0,4,telephone,thu,1,unknown,704,high.school,-1,unknown,student,unknown,married,jul,7,nonexistent,3
1,4,telephone,thu,1,unknown,704,high.school,-1,unknown,student,unknown,married,jul,7,nonexistent,3
0,4,telephone,fri,0,unknown,719,illiterate,-1,unknown,housemaid,unknown,married,aug,8,nonexistent,4
1,4,telephone,fri,0,unknown,719,illiterate,-1,unknown,housemaid,unknown,married,aug,8,nonexistent,4
0,1,cellular,tue,1,no,485,basic.6y,-3,no,blue-collar,no,divorced,feb,17,failure,1
1,1,cellular,tue,1,no,485,basic.6y,-3,no,blue-collar,no,divorced,feb,17,failure,1
0,1,cellular,tue,1,no,500,basic.6y,-3,no,services,no,divorced,feb,9,failure,1
1,1,cellular,tue,1,no,500,basic.6y,-3,no,services,no,divorced,feb,9,failure,1
0,3,cellular,wed,0,no,531,basic.9y,-2,no,student,no,married,mar,2,nonexistent,2
1,3,cellular,wed,0,no,531,basic.9y,-2,no,student,no,married,mar,2,nonexistent,2
0,3,cellular,wed,0,no,531,basic.9y,-2,no,entrepreneur,no,married,may,10,nonexistent,2
1,3,cellular,wed,0,no,531,basic.9y,-2,no,entrepreneur,no,married,may,10,nonexistent,2
0,3,telephone,(null),0,unknown,609,professional.course,0,unknown,entrepreneur,unknown,single,nov,5,success,5
1,3,telephone,(null),0,unknown,609,professional.course,0,unknown,entrepreneur,unknown,single,nov,5,success,5
0,2,telephone,fri,1,unknown,516,illiterate,-1,unknown,blue-collar,unknown,married,oct,4,nonexistent,4
1,2,telephone,fri,1,unknown,516,illiterate,-1,unknown,blue-collar,unknown,married,oct,4,nonexistent,4
0,4,telephone,thu,1,unknown,547,high.school,-1,unknown,housemaid,unknown,married,apr,3,nonexistent,3
1,4,telephone,thu,1,unknown,547,high.school,-1,unknown,housemaid,unknown,married,apr,3,nonexistent,3
0,1,cellular,tue,1,no,399,basic.6y,-3,no,self-employed,no,divorced,jul,0,failure,0
1,1,cellular,tue,1,no,399,basic.6y,-3,no,self-employed,no,divorced,jul,0,failure,0
0,1,cellular,wed,1,no,359,basic.9y,-2,no,blue-collar,no,married,aug,2,nonexistent,2
1,1,cellular,wed,1,no,359,basic.9y,-2,no,blue-collar,no,married,aug,2,nonexistent,2
0,2,cellular,wed,0,no,359,basic.9y,-2,no,blue-collar,no,married,feb,2,nonexistent,2
1,2,cellular,wed,0,no,359,basic.9y,-2,no,blue-collar,no,married,feb,2,nonexistent,2
0,1,cellular,tue,1,no,242,basic.6y,-3,no,admin.,no,divorced,jul,0,failure,0
1,1,cellular,tue,1,no,242,basic.6y,-3,no,admin.,no,divorced,jul,0,failure,0
0,1,cellular,wed,1,no,258,basic.9y,-2,no,blue-collar,no,married,feb,2,nonexistent,2
1,1,cellular,wed,1,no,258,basic.9y,-2,no,blue-collar,no,married,feb,2,nonexistent,2
0,1,cellular,tue,1,no,199,basic.6y,-3,no,blue-collar,no,divorced,feb,1,failure,0
1,1,cellular,tue,1,no,199,basic.6y,-3,no,blue-collar,no,divorced,feb,1,failure,0
0,1,cellular,tue,1,no,160,basic.6y,-3,no,blue-collar,no,divorced,feb,0,failure,0
1,1,cellular,tue,1,no,160,basic.6y,-3,no,blue-collar,no,divorced,feb,0,failure,0
0,39,cellular,mon,0,no,0,basic.4y,-3,no,admin.,no,divorced,jan,48,failure,0
1,39,cellular,mon,0,no,0,basic.4y,-3,no,admin.,no,divorced,jan,48,failure,0
0,40,cellular,tue,1,no,7,basic.6y,-3,no,blue-collar,no,divorced,jul,33,failure,0
1,40,cellular,tue,1,no,7,basic.6y,-3,no,blue-collar,no,divorced,jul,33,failure,0
0,42,cellular,wed,0,no,23,basic.9y,-2,no,housemaid,no,married,feb,36,nonexistent,2
1,42,cellular,wed,0,no,23,basic.9y,-2,no,housemaid,no,married,feb,36,nonexistent,2
0,26,cellular,mon,0,no,0,basic.4y,-3,no,admin.,no,divorced,jan,32,failure,0
1,26,cellular,mon,0,no,0,basic.4y,-3,no,admin.,no,divorced,jan,32,failure,0
0,41,cellular,tue,1,no,86,basic.6y,-3,no,entrepreneur,no,divorced,mar,25,failure,1
1,41,cellular,tue,1,no,86,basic.6y,-3,no,entrepreneur,no,divorced,mar,25,failure,1
0,43,cellular,wed,0,no,94,basic.9y,-2,no,management,no,married,mar,18,nonexistent,2
1,43,cellular,wed,0,no,94,basic.9y,-2,no,management,no,married,mar,18,nonexistent,2
0,45,cellular,tue,1,no,139,basic.6y,-3,no,admin.,no,divorced,feb,0,failure,0
1,45,cellular,tue,1,no,139,basic.6y,-3,no,admin.,no,divorced,feb,0,failure,0
0,46,cellular,wed,1,no,123,basic.9y,-2,no,housemaid,no,married,apr,2,nonexistent,2
1,46,cellular,wed,1,no,123,basic.9y,-2,no,housemaid,no,married,apr,2,nonexistent,2
0,39,cellular,tue,1,no,119,basic.6y,-3,no,admin.,no,divorced,feb,0,failure,0
1,39,cellular,tue,1,no,119,basic.6y,-3,no,admin.,no,divorced,feb,0,failure,0
0,44,telephone,thu,0,unknown,98,high.school,-1,unknown,retired,unknown,married,jul,7,nonexistent,3
1,44,telephone,thu,0,unknown,98,high.school,-1,unknown,retired,unknown,married,jul,7,nonexistent,3
0,33,cellular,tue,1,no,82,basic.6y,-3,no,blue-collar,no,divorced,jul,8,failure,0
1,33,cellular,tue,1,no,82,basic.6y,-3,no,blue-collar,no,divorced,jul,8,failure,0
0,33,cellular,mon,0,no,79,basic.4y,-3,no,self-employed,no,divorced,jan,8,failure,0
1,33,cellular,mon,0,no,79,basic.4y,-3,no,self-employed,no,divorced,jan,8,failure,0
0,34,cellular,wed,1,no,84,basic.9y,-2,no,blue-collar,no,married,feb,10,nonexistent,2
1,34,cellular,wed,1,no,84,basic.9y,-2,no,blue-collar,no,married,feb,10,nonexistent,2
0,34,cellular,wed,0,no,84,basic.9y,-2,no,blue-collar,no,married,aug,2,nonexistent,2
1,34,cellular,wed,0,no,84,basic.9y,-2,no,blue-collar,no,married,aug,2,nonexistent,2
0,33,cellular,tue,0,no,82,basic.6y,-3,no,self-employed,no,divorced,jan,0,failure,0
1,33,cellular,tue,0,no,82,basic.6y,-3,no,self-employed,no,divorced,jan,0,failure,0
0,46,cellular,wed,0,no,65,basic.9y,-2,no,blue-collar,no,married,aug,26,nonexistent,2
1,46,cellular,wed,0,no,65,basic.9y,-2,no,blue-collar,no,married,aug,26,nonexistent,2
0,39,cellular,tue,0,no,61,basic.6y,-3,no,self-employed,no,divorced,jul,16,failure,0
1,39,cellular,tue,0,no,61,basic.6y,-3,no,self-employed,no,divorced,jul,16,failure,0
0,41,cellular,tue,1,no,43,basic.6y,-3,no,entrepreneur,no,divorced,aug,25,failure,1
1,41,cellular,tue,1,no,43,basic.6y,-3,no,entrepreneur,no,divorced,aug,25,failure,1
0,39,cellular,tue,1,no,43,basic.6y,-3,no,services,no,divorced,aug,17,failure,1
1,39,cellular,tue,1,no,43,basic.6y,-3,no,services,no,divorced,aug,17,failure,1
0,45,telephone,fri,1,unknown,70,illiterate,-1,unknown,self-employed,unknown,married,apr,20,nonexistent,4
1,45,telephone,fri,1,unknown,70,illiterate,-1,unknown,self-employed,unknown,married,apr,20,nonexistent,4
0,46,telephone,fri,0,unknown,53,illiterate,-1,unknown,services,unknown,married,apr,20,nonexistent,4
1,46,telephone,fri,0,unknown,53,illiterate,-1,unknown,services,unknown,married,apr,20,nonexistent,4
0,33,cellular,tue,1,no,61,basic.6y,-3,no,blue-collar,no,divorced,jul,16,failure,0
1,33,cellular,tue,1,no,61,basic.6y,-3,no,blue-collar,no,divorced,jul,16,failure,0
0,33,cellular,mon,0,no,40,basic.4y,-3,no,admin.,no,divorced,jul,24,failure,0
1,33,cellular,mon,0,no,40,basic.4y,-3,no,admin.,no,divorced,jul,24,failure,0
0,33,cellular,mon,0,no,40,basic.4y,-3,no,self-employed,no,divorced,jul,16,failure,0
1,33,cellular,mon,0,no,40,basic.4y,-3,no,self-employed,no,divorced,jul,16,failure,0
0,34,cellular,wed,0,no,67,basic.9y,-2,no,entrepreneur,no,married,mar,18,nonexistent,2
1,34,cellular,wed,0,no,67,basic.9y,-2,no,entrepreneur,no,married,mar,18,nonexistent,2
0,26,cellular,tue,1,no,61,basic.6y,-3,no,blue-collar,no,divorced,jan,16,failure,0
1,26,cellular,tue,1,no,61,basic.6y,-3,no,blue-collar,no,divorced,jan,16,failure,0
0,28,cellular,tue,0,no,43,basic.6y,-3,no,entrepreneur,no,divorced,feb,18,failure,1
1,28,cellular,tue,0,no,43,basic.6y,-3,no,entrepreneur,no,divorced,feb,18,failure,1
0,46,cellular,wed,1,no,15,basic.9y,-2,no,student,no,married,aug,26,nonexistent,2
1,46,cellular,wed,1,no,15,basic.9y,-2,no,student,no,married,aug,26,nonexistent,2
0,47,telephone,thu,0,unknown,19,high.school,-1,unknown,housemaid,unknown,married,nov,27,nonexistent,3
1,47,telephone,thu,0,unknown,19,high.school,-1,unknown,housemaid,unknown,married,nov,27,nonexistent,3
0,40,cellular,wed,1,no,11,basic.9y,-2,no,housemaid,no,married,aug,26,nonexistent,2
1,40,cellular,wed,1,no,11,basic.9y,-2,no,housemaid,no,married,aug,26,nonexistent,2
0,45,telephone,fri,0,unknown,23,illiterate,-1,unknown,self-employed,unknown,married,oct,20,nonexistent,4
1,45,telephone,fri,0,unknown,23,illiterate,-1,unknown,self-employed,unknown,married,oct,20,nonexistent,4
0,46,telephone,fri,0,unknown,27,illiterate,-1,unknown,services,unknown,married,apr,26,nonexistent,4
1,46,telephone,fri,0,unknown,27,illiterate,-1,unknown,services,unknown,married,apr,26,nonexistent,4
0,29,cellular,wed,0,no,11,basic.9y,-2,no,housemaid,no,married,apr,20,nonexistent,2
1,29,cellular,wed,0,no,11,basic.9y,-2,no,housemaid,no,married,apr,20,nonexistent,2
0,46,telephone,fri,0,unknown,66,illiterate,-1,unknown,services,unknown,married,oct,10,nonexistent,4
1,46,telephone,fri,0,unknown,66,illiterate,-1,unknown,services,unknown,married,oct,10,nonexistent,4
0,48,telephone,(null),0,unknown,74,professional.course,0,unknown,technician,unknown,single,may,13,success,6
1,48,telephone,(null),0,unknown,74,professional.course,0,unknown,technician,unknown,single,may,13,success,6
0,34,cellular,wed,0,no,67,basic.9y,-2,no,entrepreneur,no,married,sep,10,nonexistent,2
1,34,cellular,wed,0,no,67,basic.9y,-2,no,entrepreneur,no,married,sep,10,nonexistent,2
0,26,cellular,tue,0,no,61,basic.6y,-3,no,blue-collar,no,divorced,jul,8,failure,0
1,26,cellular,tue,0,no,61,basic.6y,-3,no,blue-collar,no,divorced,jul,8,failure,0
0,27,cellular,tue,0,no,43,basic.6y,-3,no,entrepreneur,no,divorced,aug,9,failure,1
1,27,cellular,tue,0,no,43,basic.6y,-3,no,entrepreneur,no,divorced,aug,9,failure,1
0,35,telephone,thu,1,unknown,69,high.school,-1,unknown,retired,unknown,married,oct,3,nonexistent,3
1,35,telephone,thu,1,unknown,69,high.school,-1,unknown,retired,unknown,married,oct,3,nonexistent,3
0,27,cellular,tue,1,no,63,basic.6y,-3,no,entrepreneur,no,divorced,aug,1,failure,1
1,27,cellular,tue,1,no,63,basic.6y,-3,no,entrepreneur,no,divorced,aug,1,failure,1
0,32,telephone,thu,0,unknown,49,high.school,-1,unknown,retired,unknown,married,oct,3,nonexistent,3
1,32,telephone,thu,0,unknown,49,high.school,-1,unknown,retired,unknown,married,oct,3,nonexistent,3
0,29,cellular,wed,0,no,65,basic.9y,-2,no,housemaid,no,married,feb,10,nonexistent,2
1,29,cellular,wed,0,no,65,basic.9y,-2,no,housemaid,no,married,feb,10,nonexistent,2
0,32,telephone,thu,1,unknown,49,high.school,-1,unknown,retired,unknown,married,apr,11,nonexistent,3
1,32,telephone,thu,1,unknown,49,high.school,-1,unknown,retired,unknown,married,apr,11,nonexistent,3
0,33,telephone,fri,1,unknown,62,illiterate,-1,unknown,self-employed,unknown,married,apr,4,nonexistent,4
1,33,telephone,fri,1,unknown,62,illiterate,-1,unknown,self-employed,unknown,married,apr,4,nonexistent,4
0,48,telephone,(null),0,unknown,17,professional.course,0,unknown,technician,unknown,single,nov,13,success,6
1,48,telephone,(null),0,unknown,17,professional.course,0,unknown,technician,unknown,single,nov,13,success,6
0,33,telephone,fri,0,unknown,23,illiterate,-1,unknown,self-employed,unknown,married,aug,8,nonexistent,4
1,33,telephone,fri,0,unknown,23,illiterate,-1,unknown,self-employed,unknown,married,aug,8,nonexistent,4
0,1,cellular,mon,0,no,79,basic.4y,-3,no,admin.,no,divorced,jan,0,failure,0
1,1,cellular,mon,0,no,79,basic.4y,-3,no,admin.,no,divorced,jan,0,failure,0
0,20,cellular,tue,0,no,7,basic.6y,-3,no,entrepreneur,no,divorced,feb,17,failure,1
1,20,cellular,tue,0,no,7,basic.6y,-3,no,entrepreneur,no,divorced,feb,17,failure,1
0,20,cellular,tue,1,no,43,basic.6y,-3,no,entrepreneur,no,divorced,aug,1,failure,1
1,20,cellular,tue,1,no,43,basic.6y,-3,no,entrepreneur,no,divorced,aug,1,failure,1
0,20,cellular,tue,1,no,41,basic.6y,-3,no,self-employed,no,divorced,jan,0,failure,0
1,20,cellular,tue,1,no,41,basic.6y,-3,no,self-employed,no,divorced,jan,0,failure,0
0,21,cellular,wed,1,no,47,basic.9y,-2,no,entrepreneur,no,married,mar,2,nonexistent,2
1,21,cellular,wed,1,no,47,basic.9y,-2,no,entrepreneur,no,married,mar,2,nonexistent,2
0,15,cellular,tue,1,no,3,basic.6y,-3,no,blue-collar,no,divorced,jul,1,failure,0
1,15,cellular,tue,1,no,3,basic.6y,-3,no,blue-collar,no,divorced,jul,1,failure,0
0,21,cellular,wed,1,no,25,basic.9y,-2,no,housemaid,no,married,feb,10,nonexistent,2
1,21,cellular,wed,1,no,25,basic.9y,-2,no,housemaid,no,married,feb,10,nonexistent,2
0,16,cellular,tue,0,no,23,basic.6y,-3,no,services,no,divorced,feb,1,failure,1
1,16,cellular,tue,0,no,23,basic.6y,-3,no,services,no,divorced,feb,1,failure,1
0,21,cellular,wed,1,no,7,basic.9y,-2,no,management,no,married,mar,10,nonexistent,2
1,21,cellular,wed,1,no,7,basic.9y,-2,no,management,no,married,mar,10,nonexistent,2
0,22,telephone,thu,0,unknown,9,high.school,-1,unknown,student,unknown,married,apr,3,nonexistent,3
1,22,telephone,thu,0,unknown,9,high.school,-1,unknown,student,unknown,married,apr,3,nonexistent,3
0,16,telephone,thu,1,unknown,9,high.school,-1,unknown,housemaid,unknown,married,apr,3,nonexistent,3
1,16,telephone,thu,1,unknown,9,high.school,-1,unknown,housemaid,unknown,married,apr,3,nonexistent,3
0,8,cellular,tue,0,no,7,basic.6y,-3,no,entrepreneur,no,divorced,feb,2,failure,1
1,8,cellular,tue,0,no,7,basic.6y,-3,no,entrepreneur,no,divorced,feb,2,failure,1
0,31,cellular,fri,0,yes,495,basic.4y,0,no,blue-collar,no,divorced,sep,307,failure,0
1,31,cellular,fri,0,yes,495,basic.4y,0,no,blue-collar,no,divorced,sep,307,failure,0
1,20,telephone,mon,1,yes,495,basic.4y,-1,no,unemployed,yes,divorced,oct,610,failure,0
0,20,telephone,mon,1,yes,495,basic.4y,-1,no,unemployed,yes,divorced,oct,610,failure,0
0,44,cellular,wed,0,no,741,basic.4y,1,no,technician,yes,married,may,541,failure,0
1,44,cellular,wed,0,no,741,basic.4y,1,no,technician,yes,married,may,541,failure,0
0,17,cellular,fri,0,yes,319,basic.4y,-1,no,admin.,no,divorced,nov,186,success,7
1,17,cellular,fri,0,yes,319,basic.4y,-1,no,admin.,no,divorced,nov,186,success,7
0,39,telephone,fri,0,yes,610,professional.course,-2,yes,technician,yes,single,apr,772,success,7
1,39,telephone,fri,0,yes,610,professional.course,-2,yes,technician,yes,single,apr,772,success,7
0,30,telephone,fri,0,no,699,illiterate,1,no,unemployed,yes,divorced,sep,21,failure,0
1,30,telephone,fri,0,no,699,illiterate,1,no,unemployed,yes,divorced,sep,21,failure,0
0,31,telephone,fri,0,no,645,university.degree,0,no,unemployed,no,divorced,oct,139,failure,1
1,31,telephone,fri,0,no,645,university.degree,0,no,unemployed,no,divorced,oct,139,failure,1
0,41,cellular,fri,0,yes,839,basic.4y,-3,no,unemployed,no,married,sep,77,failure,0
1,41,cellular,fri,0,yes,839,basic.4y,-3,no,unemployed,no,married,sep,77,failure,0
1,39,telephone,mon,1,no,767,basic.4y,1,yes,admin.,yes,married,jul,703,success,0
0,39,telephone,mon,1,no,767,basic.4y,1,yes,admin.,yes,married,jul,703,success,0
0,7,telephone,mon,1,no,509,basic.4y,1,no,unemployed,no,married,sep,526,nonexistent,0
1,7,telephone,mon,1,no,509,basic.4y,1,no,unemployed,no,married,sep,526,nonexistent,0
1,13,cellular,thu,0,yes,138,basic.9y,-2,no,self-employed,no,single,aug,449,failure,0
0,13,cellular,thu,0,yes,138,basic.9y,-2,no,self-employed,no,single,aug,449,failure,0
0,39,cellular,thu,0,yes,515,basic.9y,-2,yes,unemployed,no,single,apr,800,failure,1
1,39,cellular,thu,0,yes,515,basic.9y,-2,yes,unemployed,no,single,apr,800,failure,1
0,21,telephone,fri,0,no,276,basic.4y,-3,no,unemployed,no,divorced,sep,459,nonexistent,6
1,21,telephone,fri,0,no,276,basic.4y,-3,no,unemployed,no,divorced,sep,459,nonexistent,6
1,40,telephone,fri,1,no,1190,basic.4y,1,no,admin.,no,divorced,oct,989,failure,5
0,40,telephone,fri,1,no,1190,basic.4y,1,no,admin.,no,divorced,oct,989,failure,5
0,1,telephone,thu,1,no,209,basic.9y,-3,yes,technician,yes,married,aug,959,success,0
1,1,telephone,thu,1,no,209,basic.9y,-3,yes,technician,yes,married,aug,959,success,0
1,33,telephone,mon,1,yes,1070,basic.4y,1,no,unemployed,no,divorced,sep,839,failure,5
0,33,telephone,mon,1,yes,1070,basic.4y,1,no,unemployed,no,divorced,sep,839,failure,5
0,19,cellular,wed,1,no,819,basic.4y,1,yes,unemployed,yes,single,sep,853,failure,1
1,19,cellular,wed,1,no,819,basic.4y,1,yes,unemployed,yes,single,sep,853,failure,1
0,10,telephone,mon,1,yes,560,basic.4y,1,no,admin.,no,divorced,sep,168,failure,7
1,10,telephone,mon,1,yes,560,basic.4y,1,no,admin.,no,divorced,sep,168,failure,7
0,40,cellular,fri,0,yes,750,basic.9y,1,no,unemployed,yes,divorced,sep,367,success,6
1,40,cellular,fri,0,yes,750,basic.9y,1,no,unemployed,yes,divorced,sep,367,success,6
