status,month,credit_history,purpose,credit_amount,savings,employment,investment_as_income_percentage,other_debtors,residence_since,property,age,installment_plans,housing,number_of_credits,skill_level,people_liable_for,telephone,foreign_worker,sex,output,decision
A11,0,A32,A48,10666,A61,A71,1,A103,1,A121,0,A141,A151,3,A171,1,A191,A201,A91,0.499158,NEGATIVE
A11,0,A32,A48,10666,A61,A71,1,A103,1,A121,1,A141,A151,3,A171,1,A191,A201,A91,0.500325,POSITIVE
A11,11,A32,A48,10626,A61,A71,1,A103,1,A121,0,A141,A151,3,A171,1,A191,A201,A91,0.499093,NEGATIVE
A11,11,A32,A48,10626,A61,A71,1,A103,1,A121,1,A141,A151,3,A171,1,A191,A201,A91,0.500260,POSITIVE
A11,0,A32,A48,10626,A61,A71,1,A103,3,A121,0,A141,A151,3,A171,1,A191,A201,A91,0.498908,NEGATIVE
A11,0,A32,A48,10626,A61,A71,1,A103,3,A121,1,A141,A151,3,A171,1,A191,A201,A91,0.500075,POSITIVE
A11,0,A32,A48,10626,A61,A71,3,A103,1,A121,0,A141,A151,3,A171,1,A191,A201,A91,0.498981,NEGATIVE
A11,0,A32,A48,10626,A61,A71,3,A103,1,A121,1,A141,A151,3,A171,1,A191,A201,A91,0.500148,POSITIVE
A11,0,A32,A48,10626,A61,A71,1,A103,1,A121,0,A141,A151,3,A173,1,A191,A201,A91,0.499191,NEGATIVE
A11,0,A32,A48,10626,A61,A71,1,A103,1,A121,1,A141,A151,3,A173,1,A191,A201,A91,0.500358,POSITIVE
A11,0,A32,A48,10626,A61,A71,1,A101,1,A121,0,A141,A151,3,A171,1,A191,A201,A91,0.499041,NEGATIVE
A11,0,A32,A48,10626,A61,A71,1,A101,1,A121,1,A141,A151,3,A171,1,A191,A201,A91,0.500208,POSITIVE
A11,0,A32,A48,10626,A61,A71,1,A103,1,A121,0,A141,A151,1,A171,1,A191,A201,A91,0.499213,NEGATIVE
A11,0,A32,A48,10626,A61,A71,1,A103,1,A121,1,A141,A151,1,A171,1,A191,A201,A91,0.500380,POSITIVE
A11,41,A32,A48,10509,A61,A71,1,A103,1,A121,0,A141,A151,3,A171,1,A191,A201,A91,0.499129,NEGATIVE
A11,41,A32,A48,10509,A61,A71,1,A103,1,A121,1,A141,A151,3,A171,1,A191,A201,A91,0.500295,POSITIVE
A11,41,A32,A48,10470,A61,A71,1,A103,3,A121,0,A141,A151,3,A171,1,A191,A201,A91,0.498852,NEGATIVE
A11,41,A32,A48,10470,A61,A71,1,A103,3,A121,1,A141,A151,3,A171,1,A191,A201,A91,0.500019,POSITIVE
A11,51,A32,A48,10470,A61,A71,1,A103,1,A121,0,A141,A151,3,A171,1,A191,A201,A91,0.499141,NEGATIVE
A11,51,A32,A48,10470,A61,A71,1,A103,1,A121,1,A141,A151,3,A171,1,A191,A201,A91,0.500308,POSITIVE
A11,41,A32,A48,10470,A61,A71,3,A103,1,A121,0,A141,A151,3,A171,1,A191,A201,A91,0.498925,NEGATIVE
A11,41,A32,A48,10470,A61,A71,3,A103,1,A121,1,A141,A151,3,A171,1,A191,A201,A91,0.500092,POSITIVE
A11,41,A32,A48,10470,A61,A71,1,A103,1,A121,0,A141,A151,3,A173,1,A191,A201,A91,0.499136,NEGATIVE
A11,41,A32,A48,10470,A61,A71,1,A103,1,A121,1,A141,A151,3,A173,1,A191,A201,A91,0.500302,POSITIVE
A11,41,A32,A48,10470,A61,A71,1,A101,1,A121,0,A141,A151,3,A171,1,A191,A201,A91,0.498985,NEGATIVE
A11,41,A32,A48,10470,A61,A71,1,A101,1,A121,1,A141,A151,3,A171,1,A191,A201,A91,0.500152,POSITIVE
A11,41,A32,A48,10470,A61,A71,1,A103,1,A121,0,A141,A151,1,A171,1,A191,A201,A91,0.499157,NEGATIVE
A11,41,A32,A48,10470,A61,A71,1,A103,1,A121,1,A141,A151,1,A171,1,A191,A201,A91,0.500324,POSITIVE
A11,21,A32,A48,10587,A61,A71,1,A103,1,A121,0,A141,A151,3,A171,1,A191,A201,A91,0.499105,NEGATIVE
A11,21,A32,A48,10587,A61,A71,1,A103,1,A121,1,A141,A151,3,A171,1,A191,A201,A91,0.500272,POSITIVE
A11,31,A32,A48,10548,A61,A71,1,A103,1,A121,0,A141,A151,3,A171,1,A191,A201,A91,0.499117,NEGATIVE
A11,31,A32,A48,10548,A61,A71,1,A103,1,A121,1,A141,A151,3,A171,1,A191,A201,A91,0.500284,POSITIVE
A11,21,A32,A48,10548,A61,A71,3,A103,1,A121,0,A141,A151,3,A171,1,A191,A201,A91,0.498902,NEGATIVE
A11,21,A32,A48,10548,A61,A71,3,A103,1,A121,1,A141,A151,3,A171,1,A191,A201,A91,0.500069,POSITIVE
A11,21,A32,A48,10548,A61,A71,1,A103,1,A121,0,A141,A151,3,A173,1,A191,A201,A91,0.499112,NEGATIVE
A11,21,A32,A48,10548,A61,A71,1,A103,1,A121,1,A141,A151,3,A173,1,A191,A201,A91,0.500279,POSITIVE
A11,21,A32,A48,10548,A61,A71,1,A101,1,A121,0,A141,A151,3,A171,1,A191,A201,A91,0.498961,NEGATIVE
A11,21,A32,A48,10548,A61,A71,1,A101,1,A121,1,A141,A151,3,A171,1,A191,A201,A91,0.500128,POSITIVE
A11,21,A32,A48,10548,A61,A71,1,A103,1,A121,0,A141,A151,1,A171,1,A191,A201,A91,0.499134,NEGATIVE
A11,21,A32,A48,10548,A61,A71,1,A103,1,A121,1,A141,A151,1,A171,1,A191,A201,A91,0.500301,POSITIVE
A11,11,A32,A48,10587,A61,A71,3,A103,1,A121,0,A141,A151,3,A171,1,A191,A201,A91,0.498890,NEGATIVE
A11,11,A32,A48,10587,A61,A71,3,A103,1,A121,1,A141,A151,3,A171,1,A191,A201,A91,0.500057,POSITIVE
A11,11,A32,A48,10587,A61,A71,1,A103,1,A121,0,A141,A151,3,A173,1,A191,A201,A91,0.499100,NEGATIVE
A11,11,A32,A48,10587,A61,A71,1,A103,1,A121,1,A141,A151,3,A173,1,A191,A201,A91,0.500267,POSITIVE
A11,11,A32,A48,10587,A61,A71,1,A101,1,A121,0,A141,A151,3,A171,1,A191,A201,A91,0.498949,NEGATIVE
A11,11,A32,A48,10587,A61,A71,1,A101,1,A121,1,A141,A151,3,A171,1,A191,A201,A91,0.500116,POSITIVE
A11,11,A32,A48,10587,A61,A71,1,A103,1,A121,0,A141,A151,1,A171,1,A191,A201,A91,0.499122,NEGATIVE
A11,11,A32,A48,10587,A61,A71,1,A103,1,A121,1,A141,A151,1,A171,1,A191,A201,A91,0.500289,POSITIVE
A11,11,A32,A48,10548,A61,A71,1,A103,3,A121,0,A141,A151,3,A171,1,A191,A201,A91,0.499865,NEGATIVE
A11,11,A32,A48,10548,A61,A71,1,A103,3,A121,1,A141,A151,3,A171,1,A191,A201,A91,0.501032,POSITIVE
A11,11,A32,A48,10548,A61,A71,1,A103,3,A121,0,A141,A151,1,A171,1,A191,A201,A91,0.498846,NEGATIVE
A11,11,A32,A48,10548,A61,A71,1,A103,3,A121,1,A141,A151,1,A171,1,A191,A201,A91,0.500012,POSITIVE
A11,11,A32,A48,10548,A61,A71,3,A103,1,A121,0,A141,A151,3,A173,1,A191,A201,A91,0.498896,NEGATIVE
A11,11,A32,A48,10548,A61,A71,3,A103,1,A121,1,A141,A151,3,A173,1,A191,A201,A91,0.500064,POSITIVE
A11,11,A32,A48,10548,A61,A71,3,A103,1,A121,0,A141,A151,3,A171,1,A191,A201,A91,0.499938,NEGATIVE
A11,11,A32,A48,10548,A61,A71,3,A103,1,A121,1,A141,A151,3,A171,1,A191,A201,A91,0.501105,POSITIVE
A11,11,A32,A48,10548,A61,A71,3,A103,1,A121,0,A141,A151,1,A171,1,A191,A201,A91,0.498918,NEGATIVE
A11,11,A32,A48,10548,A61,A71,3,A103,1,A121,1,A141,A151,1,A171,1,A191,A201,A91,0.500086,POSITIVE
A11,11,A32,A48,10548,A61,A71,1,A101,1,A121,0,A141,A151,3,A173,1,A191,A201,A91,0.498955,NEGATIVE
A11,11,A32,A48,10548,A61,A71,1,A101,1,A121,1,A141,A151,3,A173,1,A191,A201,A91,0.500123,POSITIVE
A11,11,A32,A48,10548,A61,A71,1,A103,1,A121,0,A141,A151,1,A173,1,A191,A201,A91,0.499128,NEGATIVE
A11,11,A32,A48,10548,A61,A71,1,A103,1,A121,1,A141,A151,1,A173,1,A191,A201,A91,0.500295,POSITIVE
A11,11,A32,A48,10548,A61,A71,1,A101,1,A121,0,A141,A151,3,A171,1,A191,A201,A91,0.499998,NEGATIVE
A11,11,A32,A48,10548,A61,A71,1,A101,1,A121,1,A141,A151,3,A171,1,A191,A201,A91,0.501165,POSITIVE
A11,11,A30,A48,10548,A61,A71,1,A103,1,A121,0,A141,A151,3,A171,1,A191,A201,A91,0.499688,NEGATIVE
A11,11,A30,A48,10548,A61,A71,1,A103,1,A121,1,A141,A151,3,A171,1,A191,A201,A91,0.500855,POSITIVE
A11,11,A32,A48,10548,A61,A71,1,A101,1,A121,0,A141,A151,1,A171,1,A191,A201,A91,0.498978,NEGATIVE
A11,11,A32,A48,10548,A61,A71,1,A101,1,A121,1,A141,A151,1,A171,1,A191,A201,A91,0.500145,POSITIVE
A11,0,A32,A48,10587,A61,A71,1,A103,3,A121,0,A141,A151,3,A173,1,A191,A201,A91,0.498915,NEGATIVE
A11,0,A32,A48,10587,A61,A71,1,A103,3,A121,1,A141,A151,3,A173,1,A191,A201,A91,0.500082,POSITIVE
A11,0,A32,A48,10587,A61,A71,1,A103,3,A121,0,A141,A151,3,A171,1,A191,A201,A91,0.499957,NEGATIVE
A11,0,A32,A48,10587,A61,A71,1,A103,3,A121,1,A141,A151,3,A171,1,A191,A201,A91,0.501124,POSITIVE
A11,0,A32,A48,10587,A61,A71,1,A103,3,A121,0,A141,A151,1,A171,1,A191,A201,A91,0.498937,NEGATIVE
A11,0,A32,A48,10587,A61,A71,1,A103,3,A121,1,A141,A151,1,A171,1,A191,A201,A91,0.500104,POSITIVE
A11,0,A32,A48,10587,A61,A71,3,A103,1,A121,0,A141,A151,3,A173,1,A191,A201,A91,0.498987,NEGATIVE
A11,0,A32,A48,10587,A61,A71,3,A103,1,A121,1,A141,A151,3,A173,1,A191,A201,A91,0.500155,POSITIVE
A11,0,A32,A48,10587,A61,A71,3,A101,1,A121,0,A141,A151,3,A171,1,A191,A201,A91,0.498837,NEGATIVE
A11,0,A32,A48,10587,A61,A71,3,A101,1,A121,1,A141,A151,3,A171,1,A191,A201,A91,0.500004,POSITIVE
A11,0,A32,A48,10587,A61,A71,3,A103,1,A121,0,A141,A151,1,A171,1,A191,A201,A91,0.499009,NEGATIVE
A11,0,A32,A48,10587,A61,A71,3,A103,1,A121,1,A141,A151,1,A171,1,A191,A201,A91,0.500177,POSITIVE
A11,0,A32,A48,10587,A61,A71,1,A101,1,A121,0,A141,A151,3,A173,1,A191,A201,A91,0.499047,NEGATIVE
A11,0,A32,A48,10587,A61,A71,1,A101,1,A121,1,A141,A151,3,A173,1,A191,A201,A91,0.500214,POSITIVE
A11,0,A32,A48,10587,A61,A71,1,A103,1,A121,0,A141,A151,1,A173,1,A191,A201,A91,0.499220,NEGATIVE
A11,0,A32,A48,10587,A61,A71,1,A103,1,A121,1,A141,A151,1,A173,1,A191,A201,A91,0.500387,POSITIVE
A11,0,A32,A48,10590,A61,A71,1,A101,1,A121,0,A141,A151,3,A171,1,A191,A201,A91,0.499900,NEGATIVE
A11,0,A32,A48,10590,A61,A71,1,A101,1,A121,1,A141,A151,3,A171,1,A191,A201,A91,0.501067,POSITIVE
A11,0,A30,A48,10587,A61,A71,1,A103,1,A121,0,A141,A151,3,A171,1,A191,A201,A91,0.499779,NEGATIVE
A11,0,A30,A48,10587,A61,A71,1,A103,1,A121,1,A141,A151,3,A171,1,A191,A201,A91,0.500946,POSITIVE
A11,0,A32,A48,10587,A61,A71,1,A101,1,A121,0,A141,A151,1,A171,1,A191,A201,A91,0.499069,NEGATIVE
A11,0,A32,A48,10587,A61,A71,1,A101,1,A121,1,A141,A151,1,A171,1,A191,A201,A91,0.500236,POSITIVE
A11,0,A32,A48,10548,A61,A71,3,A103,3,A121,0,A141,A151,3,A171,1,A191,A201,A91,0.499753,NEGATIVE
A11,0,A32,A48,10548,A61,A71,3,A103,3,A121,1,A141,A151,3,A171,1,A191,A201,A91,0.500921,POSITIVE
A11,0,A32,A48,10548,A61,A71,1,A103,3,A121,0,A141,A151,3,A173,1,A191,A201,A91,0.499963,NEGATIVE
A11,0,A32,A48,10548,A61,A71,1,A103,3,A121,1,A141,A151,3,A173,1,A191,A201,A91,0.501130,POSITIVE
A11,0,A32,A48,10548,A61,A71,1,A103,3,A121,0,A141,A151,1,A173,1,A191,A201,A91,0.498943,NEGATIVE
A11,0,A32,A48,10548,A61,A71,1,A103,3,A121,1,A141,A151,1,A173,1,A191,A201,A91,0.500111,POSITIVE
A11,0,A32,A48,10548,A61,A71,1,A101,3,A121,0,A141,A151,3,A171,1,A191,A201,A91,0.499813,NEGATIVE
A11,0,A32,A48,10548,A61,A71,1,A101,3,A121,1,A141,A151,3,A171,1,A191,A201,A91,0.500980,POSITIVE
A11,0,A30,A48,10548,A61,A71,1,A103,3,A121,0,A141,A151,3,A171,1,A191,A201,A91,0.499503,NEGATIVE
A11,0,A30,A48,10548,A61,A71,1,A103,3,A121,1,A141,A151,3,A171,1,A191,A201,A91,0.500670,POSITIVE
A11,0,A32,A48,10548,A61,A71,1,A103,3,A121,0,A141,A151,1,A171,1,A191,A201,A91,0.499985,NEGATIVE
A11,0,A32,A48,10548,A61,A71,1,A103,3,A121,1,A141,A151,1,A171,1,A191,A201,A91,0.501153,POSITIVE
A11,0,A32,A48,10548,A61,A71,3,A101,1,A121,0,A141,A151,3,A173,1,A191,A201,A91,0.498844,NEGATIVE
A11,0,A32,A48,10548,A61,A71,3,A101,1,A121,1,A141,A151,3,A173,1,A191,A201,A91,0.500011,POSITIVE
A11,0,A32,A48,10548,A61,A71,3,A103,1,A121,0,A141,A151,1,A173,1,A191,A201,A91,0.499017,NEGATIVE
A11,0,A32,A48,10548,A61,A71,3,A103,1,A121,1,A141,A151,1,A173,1,A191,A201,A91,0.500184,POSITIVE
A11,0,A32,A48,10548,A61,A71,3,A101,1,A121,0,A141,A151,3,A171,1,A191,A201,A91,0.499886,NEGATIVE
A11,0,A32,A48,10548,A61,A71,3,A101,1,A121,1,A141,A151,3,A171,1,A191,A201,A91,0.501053,POSITIVE
A11,0,A30,A48,10548,A61,A71,3,A103,1,A121,0,A141,A151,3,A171,1,A191,A201,A91,0.499576,NEGATIVE
A11,0,A30,A48,10548,A61,A71,3,A103,1,A121,1,A141,A151,3,A171,1,A191,A201,A91,0.500743,POSITIVE
A11,0,A32,A48,10548,A61,A71,3,A101,1,A121,0,A141,A151,1,A171,1,A191,A201,A91,0.498866,NEGATIVE
A11,0,A32,A48,10548,A61,A71,3,A101,1,A121,1,A141,A151,1,A171,1,A191,A201,A91,0.500033,POSITIVE
A11,0,A32,A48,10551,A61,A71,1,A101,1,A121,0,A141,A151,3,A173,1,A191,A201,A91,0.499907,NEGATIVE
A11,0,A32,A48,10551,A61,A71,1,A101,1,A121,1,A141,A151,3,A173,1,A191,A201,A91,0.501074,POSITIVE
A11,0,A30,A48,10548,A61,A71,1,A103,1,A121,0,A141,A151,3,A173,1,A191,A201,A91,0.499786,NEGATIVE
A11,0,A30,A48,10548,A61,A71,1,A103,1,A121,1,A141,A151,3,A173,1,A191,A201,A91,0.500953,POSITIVE
A11,0,A32,A48,10548,A61,A71,1,A101,1,A121,0,A141,A151,1,A173,1,A191,A201,A91,0.499076,NEGATIVE
A11,0,A32,A48,10548,A61,A71,1,A101,1,A121,1,A141,A151,1,A173,1,A191,A201,A91,0.500243,POSITIVE
A12,3,A31,A48,10563,A62,A72,1,A102,1,A122,0,A142,A152,2,A171,1,A191,A201,A91,0.498867,NEGATIVE
A12,3,A31,A48,10563,A62,A72,1,A102,1,A122,1,A142,A152,2,A171,1,A191,A201,A91,0.500035,POSITIVE
A11,11,A32,A47,10548,A61,A71,1,A101,1,A121,0,A141,A151,3,A171,1,A191,A201,A91,0.499115,NEGATIVE
A11,11,A32,A47,10548,A61,A71,1,A101,1,A121,1,A141,A151,3,A171,1,A191,A201,A91,0.500282,POSITIVE
A11,0,A32,A47,10587,A61,A71,1,A101,1,A121,0,A141,A151,3,A171,1,A191,A201,A91,0.499206,NEGATIVE
A11,0,A32,A47,10587,A61,A71,1,A101,1,A121,1,A141,A151,3,A171,1,A191,A201,A91,0.500373,POSITIVE
A11,0,A32,A47,10548,A61,A71,1,A101,3,A121,0,A141,A151,3,A171,1,A191,A201,A91,0.498930,NEGATIVE
A11,0,A32,A47,10548,A61,A71,1,A101,3,A121,1,A141,A151,3,A171,1,A191,A201,A91,0.500097,POSITIVE
A11,0,A32,A47,10548,A61,A71,3,A101,1,A121,0,A141,A151,3,A171,1,A191,A201,A91,0.499003,NEGATIVE
A11,0,A32,A47,10548,A61,A71,3,A101,1,A121,1,A141,A151,3,A171,1,A191,A201,A91,0.500170,POSITIVE
A11,0,A32,A47,10548,A61,A71,1,A101,1,A121,0,A141,A151,3,A173,1,A191,A201,A91,0.499213,NEGATIVE
A11,0,A32,A47,10548,A61,A71,1,A101,1,A121,1,A141,A151,3,A173,1,A191,A201,A91,0.500380,POSITIVE
A11,0,A32,A47,10551,A61,A71,1,A101,1,A121,0,A141,A151,3,A171,1,A191,A201,A91,0.499977,NEGATIVE
A11,0,A32,A47,10551,A61,A71,1,A101,1,A121,1,A141,A151,3,A171,1,A191,A201,A91,0.501144,POSITIVE
A11,0,A32,A47,10548,A61,A71,1,A101,1,A121,0,A141,A151,1,A171,1,A191,A201,A91,0.499235,NEGATIVE
A11,0,A32,A47,10548,A61,A71,1,A101,1,A121,1,A141,A151,1,A171,1,A191,A201,A91,0.500402,POSITIVE
A11,31,A32,A48,10509,A61,A71,1,A103,3,A121,0,A141,A151,3,A171,1,A191,A201,A91,0.498841,NEGATIVE
A11,31,A32,A48,10509,A61,A71,1,A103,3,A121,1,A141,A151,3,A171,1,A191,A201,A91,0.500008,POSITIVE
A11,21,A32,A48,10509,A61,A71,1,A103,3,A121,0,A141,A151,3,A173,1,A191,A201,A91,0.498835,NEGATIVE
A11,21,A32,A48,10509,A61,A71,1,A103,3,A121,1,A141,A151,3,A173,1,A191,A201,A91,0.500002,POSITIVE
A11,21,A32,A48,10509,A61,A71,1,A103,3,A121,0,A141,A151,3,A171,1,A191,A201,A91,0.499877,NEGATIVE
A11,21,A32,A48,10509,A61,A71,1,A103,3,A121,1,A141,A151,3,A171,1,A191,A201,A91,0.501044,POSITIVE
A11,21,A32,A48,10509,A61,A71,1,A103,3,A121,0,A141,A151,1,A171,1,A191,A201,A91,0.498857,NEGATIVE
A11,21,A32,A48,10509,A61,A71,1,A103,3,A121,1,A141,A151,1,A171,1,A191,A201,A91,0.500024,POSITIVE
A11,31,A32,A48,10509,A61,A71,3,A103,1,A121,0,A141,A151,3,A171,1,A191,A201,A91,0.498913,NEGATIVE
A11,31,A32,A48,10509,A61,A71,3,A103,1,A121,1,A141,A151,3,A171,1,A191,A201,A91,0.500080,POSITIVE
A11,31,A32,A48,10509,A61,A71,1,A103,1,A121,0,A141,A151,3,A173,1,A191,A201,A91,0.499124,NEGATIVE
A11,31,A32,A48,10509,A61,A71,1,A103,1,A121,1,A141,A151,3,A173,1,A191,A201,A91,0.500290,POSITIVE
A11,31,A32,A48,10509,A61,A71,1,A101,1,A121,0,A141,A151,3,A171,1,A191,A201,A91,0.498973,NEGATIVE
A11,31,A32,A48,10509,A61,A71,1,A101,1,A121,1,A141,A151,3,A171,1,A191,A201,A91,0.500140,POSITIVE
A11,31,A32,A48,10509,A61,A71,1,A103,1,A121,0,A141,A151,1,A171,1,A191,A201,A91,0.499146,NEGATIVE
A11,31,A32,A48,10509,A61,A71,1,A103,1,A121,1,A141,A151,1,A171,1,A191,A201,A91,0.500313,POSITIVE
A11,21,A32,A48,10509,A61,A71,3,A103,1,A121,0,A141,A151,3,A173,1,A191,A201,A91,0.498908,NEGATIVE
A11,21,A32,A48,10509,A61,A71,3,A103,1,A121,1,A141,A151,3,A173,1,A191,A201,A91,0.500075,POSITIVE
A11,21,A32,A48,10509,A61,A71,3,A103,1,A121,0,A141,A151,3,A171,1,A191,A201,A91,0.499950,NEGATIVE
A11,21,A32,A48,10509,A61,A71,3,A103,1,A121,1,A141,A151,3,A171,1,A191,A201,A91,0.501118,POSITIVE
A11,21,A32,A48,10509,A61,A71,3,A103,1,A121,0,A141,A151,1,A171,1,A191,A201,A91,0.498930,NEGATIVE
A11,21,A32,A48,10509,A61,A71,3,A103,1,A121,1,A141,A151,1,A171,1,A191,A201,A91,0.500097,POSITIVE
A11,21,A32,A48,10509,A61,A71,1,A101,1,A121,0,A141,A151,3,A173,1,A191,A201,A91,0.498967,NEGATIVE
A11,21,A32,A48,10509,A61,A71,1,A101,1,A121,1,A141,A151,3,A173,1,A191,A201,A91,0.500135,POSITIVE
A11,21,A32,A48,10509,A61,A71,1,A103,1,A121,0,A141,A151,1,A173,1,A191,A201,A91,0.499140,NEGATIVE
A11,21,A32,A48,10509,A61,A71,1,A103,1,A121,1,A141,A151,1,A173,1,A191,A201,A91,0.500308,POSITIVE
A11,21,A32,A48,10512,A61,A71,1,A101,1,A121,0,A141,A151,3,A171,1,A191,A201,A91,0.499830,NEGATIVE
A11,21,A32,A48,10512,A61,A71,1,A101,1,A121,1,A141,A151,3,A171,1,A191,A201,A91,0.500997,POSITIVE
A11,21,A30,A48,10509,A61,A71,1,A103,1,A121,0,A141,A151,3,A171,1,A191,A201,A91,0.499700,NEGATIVE
A11,21,A30,A48,10509,A61,A71,1,A103,1,A121,1,A141,A151,3,A171,1,A191,A201,A91,0.500867,POSITIVE
A11,21,A32,A48,10509,A61,A71,1,A101,1,A121,0,A141,A151,1,A171,1,A191,A201,A91,0.498989,NEGATIVE
A11,21,A32,A48,10509,A61,A71,1,A101,1,A121,1,A141,A151,1,A171,1,A191,A201,A91,0.500157,POSITIVE
A11,31,A32,A48,10470,A61,A71,1,A103,3,A121,0,A141,A151,3,A173,1,A191,A201,A91,0.498847,NEGATIVE
A11,31,A32,A48,10470,A61,A71,1,A103,3,A121,1,A141,A151,3,A173,1,A191,A201,A91,0.500015,POSITIVE
A11,31,A32,A48,10470,A61,A71,1,A103,3,A121,0,A141,A151,3,A171,1,A191,A201,A91,0.499889,NEGATIVE
A11,31,A32,A48,10470,A61,A71,1,A103,3,A121,1,A141,A151,3,A171,1,A191,A201,A91,0.501056,POSITIVE
A11,31,A32,A48,10470,A61,A71,1,A103,3,A121,0,A141,A151,1,A171,1,A191,A201,A91,0.498869,NEGATIVE
A11,31,A32,A48,10470,A61,A71,1,A103,3,A121,1,A141,A151,1,A171,1,A191,A201,A91,0.500036,POSITIVE
A11,21,A32,A48,10470,A61,A71,3,A103,3,A121,0,A141,A151,3,A171,1,A191,A201,A91,0.499674,NEGATIVE
A11,21,A32,A48,10470,A61,A71,3,A103,3,A121,1,A141,A151,3,A171,1,A191,A201,A91,0.500840,POSITIVE
A11,21,A32,A48,10470,A61,A71,1,A103,3,A121,0,A141,A151,3,A173,1,A191,A201,A91,0.499884,NEGATIVE
A11,21,A32,A48,10470,A61,A71,1,A103,3,A121,1,A141,A151,3,A173,1,A191,A201,A91,0.501050,POSITIVE
A11,21,A32,A48,10470,A61,A71,1,A103,3,A121,0,A141,A151,1,A173,1,A191,A201,A91,0.498863,NEGATIVE
A11,21,A32,A48,10470,A61,A71,1,A103,3,A121,1,A141,A151,1,A173,1,A191,A201,A91,0.500031,POSITIVE
A11,21,A32,A48,10470,A61,A71,1,A101,3,A121,0,A141,A151,3,A171,1,A191,A201,A91,0.499733,NEGATIVE
A11,21,A32,A48,10470,A61,A71,1,A101,3,A121,1,A141,A151,3,A171,1,A191,A201,A91,0.500900,POSITIVE
A11,21,A30,A48,10470,A61,A71,1,A103,3,A121,0,A141,A151,3,A171,1,A191,A201,A91,0.499423,NEGATIVE
A11,21,A30,A48,10470,A61,A71,1,A103,3,A121,1,A141,A151,3,A171,1,A191,A201,A91,0.500590,POSITIVE
A11,21,A32,A48,10470,A61,A71,1,A103,3,A121,0,A141,A151,1,A171,1,A191,A201,A91,0.499906,NEGATIVE
A11,21,A32,A48,10470,A61,A71,1,A103,3,A121,1,A141,A151,1,A171,1,A191,A201,A91,0.501073,POSITIVE
A11,31,A32,A48,10470,A61,A71,3,A103,1,A121,0,A141,A151,3,A173,1,A191,A201,A91,0.498920,NEGATIVE
A11,31,A32,A48,10470,A61,A71,3,A103,1,A121,1,A141,A151,3,A173,1,A191,A201,A91,0.500087,POSITIVE
A11,31,A32,A48,10470,A61,A71,3,A103,1,A121,0,A141,A151,3,A171,1,A191,A201,A91,0.499962,NEGATIVE
A11,31,A32,A48,10470,A61,A71,3,A103,1,A121,1,A141,A151,3,A171,1,A191,A201,A91,0.501129,POSITIVE
A11,31,A32,A48,10470,A61,A71,3,A103,1,A121,0,A141,A151,1,A171,1,A191,A201,A91,0.498942,NEGATIVE
A11,31,A32,A48,10470,A61,A71,3,A103,1,A121,1,A141,A151,1,A171,1,A191,A201,A91,0.500109,POSITIVE
A11,31,A32,A48,10470,A61,A71,1,A101,1,A121,0,A141,A151,3,A173,1,A191,A201,A91,0.498980,NEGATIVE
A11,31,A32,A48,10470,A61,A71,1,A101,1,A121,1,A141,A151,3,A173,1,A191,A201,A91,0.500146,POSITIVE
A11,31,A32,A48,10470,A61,A71,1,A103,1,A121,0,A141,A151,1,A173,1,A191,A201,A91,0.499152,NEGATIVE
A11,31,A32,A48,10470,A61,A71,1,A103,1,A121,1,A141,A151,1,A173,1,A191,A201,A91,0.500319,POSITIVE
A11,31,A32,A48,10473,A61,A71,1,A101,1,A121,0,A141,A151,3,A171,1,A191,A201,A91,0.499842,NEGATIVE
A11,31,A32,A48,10473,A61,A71,1,A101,1,A121,1,A141,A151,3,A171,1,A191,A201,A91,0.501009,POSITIVE
A11,31,A30,A48,10470,A61,A71,1,A103,1,A121,0,A141,A151,3,A171,1,A191,A201,A91,0.499712,NEGATIVE
A11,31,A30,A48,10470,A61,A71,1,A103,1,A121,1,A141,A151,3,A171,1,A191,A201,A91,0.500879,POSITIVE
A11,31,A32,A48,10470,A61,A71,1,A101,1,A121,0,A141,A151,1,A171,1,A191,A201,A91,0.499001,NEGATIVE
A11,31,A32,A48,10470,A61,A71,1,A101,1,A121,1,A141,A151,1,A171,1,A191,A201,A91,0.500169,POSITIVE
A11,21,A32,A48,10470,A61,A71,3,A103,1,A121,0,A141,A151,3,A173,1,A191,A201,A91,0.499956,NEGATIVE
A11,21,A32,A48,10470,A61,A71,3,A103,1,A121,1,A141,A151,3,A173,1,A191,A201,A91,0.501124,POSITIVE
A11,21,A32,A48,10470,A61,A71,3,A103,1,A121,0,A141,A151,1,A173,1,A191,A201,A91,0.498936,NEGATIVE
A11,21,A32,A48,10470,A61,A71,3,A103,1,A121,1,A141,A151,1,A173,1,A191,A201,A91,0.500104,POSITIVE
A11,21,A32,A48,10470,A61,A71,3,A101,1,A121,0,A141,A151,3,A171,1,A191,A201,A91,0.499806,NEGATIVE
A11,21,A32,A48,10470,A61,A71,3,A101,1,A121,1,A141,A151,3,A171,1,A191,A201,A91,0.500973,POSITIVE
A11,21,A30,A48,10470,A61,A71,3,A103,1,A121,0,A141,A151,3,A171,1,A191,A201,A91,0.499496,NEGATIVE
A11,21,A30,A48,10470,A61,A71,3,A103,1,A121,1,A141,A151,3,A171,1,A191,A201,A91,0.500663,POSITIVE
A11,21,A32,A48,10470,A61,A71,3,A103,1,A121,0,A141,A151,1,A171,1,A191,A201,A91,0.499979,NEGATIVE
A11,21,A32,A48,10470,A61,A71,3,A103,1,A121,1,A141,A151,1,A171,1,A191,A201,A91,0.501146,POSITIVE
A11,21,A32,A48,10473,A61,A71,1,A101,1,A121,0,A141,A151,3,A173,1,A191,A201,A91,0.499837,NEGATIVE
A11,21,A32,A48,10473,A61,A71,1,A101,1,A121,1,A141,A151,3,A173,1,A191,A201,A91,0.501004,POSITIVE
A11,21,A30,A48,10470,A61,A71,1,A103,1,A121,0,A141,A151,3,A173,1,A191,A201,A91,0.499706,NEGATIVE
A11,21,A30,A48,10470,A61,A71,1,A103,1,A121,1,A141,A151,3,A173,1,A191,A201,A91,0.500873,POSITIVE
A11,21,A32,A48,10470,A61,A71,1,A101,1,A121,0,A141,A151,1,A173,1,A191,A201,A91,0.498996,NEGATIVE
A11,21,A32,A48,10470,A61,A71,1,A101,1,A121,1,A141,A151,1,A173,1,A191,A201,A91,0.500163,POSITIVE
A12,25,A31,A49,10489,A62,A72,1,A102,1,A122,0,A142,A152,2,A172,1,A192,A202,A92,0.498902,NEGATIVE
A12,25,A31,A49,10489,A62,A72,1,A102,1,A122,1,A142,A152,2,A172,1,A192,A202,A92,0.500070,POSITIVE
A11,21,A32,A47,10509,A61,A71,1,A101,1,A121,0,A141,A151,3,A171,1,A191,A201,A91,0.499127,NEGATIVE
A11,21,A32,A47,10509,A61,A71,1,A101,1,A121,1,A141,A151,3,A171,1,A191,A201,A91,0.500294,POSITIVE
A11,21,A32,A47,10470,A61,A71,1,A101,3,A121,0,A141,A151,3,A171,1,A191,A201,A91,0.498850,NEGATIVE
A11,21,A32,A47,10470,A61,A71,1,A101,3,A121,1,A141,A151,3,A171,1,A191,A201,A91,0.500017,POSITIVE
A11,31,A32,A47,10470,A61,A71,1,A101,1,A121,0,A141,A151,3,A171,1,A191,A201,A91,0.499139,NEGATIVE
A11,31,A32,A47,10470,A61,A71,1,A101,1,A121,1,A141,A151,3,A171,1,A191,A201,A91,0.500306,POSITIVE
A11,21,A32,A47,10470,A61,A71,3,A101,1,A121,0,A141,A151,3,A171,1,A191,A201,A91,0.498923,NEGATIVE
A11,21,A32,A47,10470,A61,A71,3,A101,1,A121,1,A141,A151,3,A171,1,A191,A201,A91,0.500090,POSITIVE
A11,21,A32,A47,10470,A61,A71,1,A101,1,A121,0,A141,A151,3,A173,1,A191,A201,A91,0.499133,NEGATIVE
A11,21,A32,A47,10470,A61,A71,1,A101,1,A121,1,A141,A151,3,A173,1,A191,A201,A91,0.500300,POSITIVE
A11,21,A32,A47,10473,A61,A71,1,A101,1,A121,0,A141,A151,3,A171,1,A191,A201,A91,0.499908,NEGATIVE
A11,21,A32,A47,10473,A61,A71,1,A101,1,A121,1,A141,A151,3,A171,1,A191,A201,A91,0.501075,POSITIVE
A11,21,A32,A47,10470,A61,A71,1,A101,1,A121,0,A141,A151,1,A171,1,A191,A201,A91,0.499155,NEGATIVE
A11,21,A32,A47,10470,A61,A71,1,A101,1,A121,1,A141,A151,1,A171,1,A191,A201,A91,0.500322,POSITIVE
A11,11,A32,A48,10509,A61,A71,3,A103,3,A121,0,A141,A151,3,A171,1,A191,A201,A91,0.499661,NEGATIVE
A11,11,A32,A48,10509,A61,A71,3,A103,3,A121,1,A141,A151,3,A171,1,A191,A201,A91,0.500829,POSITIVE
A11,11,A32,A48,10509,A61,A71,1,A103,3,A121,0,A141,A151,3,A173,1,A191,A201,A91,0.499872,NEGATIVE
A11,11,A32,A48,10509,A61,A71,1,A103,3,A121,1,A141,A151,3,A173,1,A191,A201,A91,0.501039,POSITIVE
A11,11,A32,A48,10509,A61,A71,1,A103,3,A121,0,A141,A151,1,A173,1,A191,A201,A91,0.498852,NEGATIVE
A11,11,A32,A48,10509,A61,A71,1,A103,3,A121,1,A141,A151,1,A173,1,A191,A201,A91,0.500019,POSITIVE
A11,11,A32,A48,10509,A61,A71,1,A101,3,A121,0,A141,A151,3,A171,1,A191,A201,A91,0.499721,NEGATIVE
A11,11,A32,A48,10509,A61,A71,1,A101,3,A121,1,A141,A151,3,A171,1,A191,A201,A91,0.500888,POSITIVE
A11,11,A30,A48,10509,A61,A71,1,A103,3,A121,0,A141,A151,3,A171,1,A191,A201,A91,0.499411,NEGATIVE
A11,11,A30,A48,10509,A61,A71,1,A103,3,A121,1,A141,A151,3,A171,1,A191,A201,A91,0.500578,POSITIVE
A11,11,A32,A48,10509,A61,A71,1,A103,3,A121,0,A141,A151,1,A171,1,A191,A201,A91,0.499894,NEGATIVE
A11,11,A32,A48,10509,A61,A71,1,A103,3,A121,1,A141,A151,1,A171,1,A191,A201,A91,0.501061,POSITIVE
A11,11,A32,A48,10509,A61,A71,3,A103,1,A121,0,A141,A151,3,A173,1,A191,A201,A91,0.499945,NEGATIVE
A11,11,A32,A48,10509,A61,A71,3,A103,1,A121,1,A141,A151,3,A173,1,A191,A201,A91,0.501112,POSITIVE
A11,11,A32,A48,10509,A61,A71,3,A103,1,A121,0,A141,A151,1,A173,1,A191,A201,A91,0.498925,NEGATIVE
A11,11,A32,A48,10509,A61,A71,3,A103,1,A121,1,A141,A151,1,A173,1,A191,A201,A91,0.500092,POSITIVE
A11,11,A32,A48,10509,A61,A71,3,A101,1,A121,0,A141,A151,3,A171,1,A191,A201,A91,0.499794,NEGATIVE
A11,11,A32,A48,10509,A61,A71,3,A101,1,A121,1,A141,A151,3,A171,1,A191,A201,A91,0.500961,POSITIVE
A11,11,A30,A48,10509,A61,A71,3,A103,1,A121,0,A141,A151,3,A171,1,A191,A201,A91,0.499485,NEGATIVE
A11,11,A30,A48,10509,A61,A71,3,A103,1,A121,1,A141,A151,3,A171,1,A191,A201,A91,0.500652,POSITIVE
A11,11,A32,A48,10509,A61,A71,3,A103,1,A121,0,A141,A151,1,A171,1,A191,A201,A91,0.499967,NEGATIVE
A11,11,A32,A48,10509,A61,A71,3,A103,1,A121,1,A141,A151,1,A171,1,A191,A201,A91,0.501134,POSITIVE
A11,11,A32,A48,10512,A61,A71,1,A101,1,A121,0,A141,A151,3,A173,1,A191,A201,A91,0.499825,NEGATIVE
A11,11,A32,A48,10512,A61,A71,1,A101,1,A121,1,A141,A151,3,A173,1,A191,A201,A91,0.500992,POSITIVE
A11,11,A30,A48,10509,A61,A71,1,A103,1,A121,0,A141,A151,3,A173,1,A191,A201,A91,0.499695,NEGATIVE
A11,11,A30,A48,10509,A61,A71,1,A103,1,A121,1,A141,A151,3,A173,1,A191,A201,A91,0.500862,POSITIVE
A11,11,A32,A48,10509,A61,A71,1,A101,1,A121,0,A141,A151,1,A173,1,A191,A201,A91,0.498984,NEGATIVE
A11,11,A32,A48,10509,A61,A71,1,A101,1,A121,1,A141,A151,1,A173,1,A191,A201,A91,0.500151,POSITIVE
A12,15,A31,A49,10528,A62,A72,1,A102,1,A122,0,A142,A152,2,A172,1,A192,A202,A92,0.498891,NEGATIVE
A12,15,A31,A49,10528,A62,A72,1,A102,1,A122,1,A142,A152,2,A172,1,A192,A202,A92,0.500058,POSITIVE
A11,11,A32,A48,10470,A61,A71,3,A103,3,A121,0,A141,A151,3,A173,1,A191,A201,A91,0.499668,NEGATIVE
A11,11,A32,A48,10470,A61,A71,3,A103,3,A121,1,A141,A151,3,A173,1,A191,A201,A91,0.500835,POSITIVE
A11,11,A32,A48,10470,A61,A71,3,A101,3,A121,0,A141,A151,3,A171,1,A191,A201,A91,0.499518,NEGATIVE
A11,11,A32,A48,10470,A61,A71,3,A101,3,A121,1,A141,A151,3,A171,1,A191,A201,A91,0.500685,POSITIVE
A11,11,A30,A48,10470,A61,A71,3,A103,3,A121,0,A141,A151,3,A171,1,A191,A201,A91,0.499208,NEGATIVE
A11,11,A30,A48,10470,A61,A71,3,A103,3,A121,1,A141,A151,3,A171,1,A191,A201,A91,0.500375,POSITIVE
A11,11,A32,A48,10470,A61,A71,3,A103,3,A121,0,A141,A151,1,A171,1,A191,A201,A91,0.499691,NEGATIVE
A11,11,A32,A48,10470,A61,A71,3,A103,3,A121,1,A141,A151,1,A171,1,A191,A201,A91,0.500858,POSITIVE
A11,11,A32,A48,10470,A61,A71,1,A101,3,A121,0,A141,A151,3,A173,1,A191,A201,A91,0.499727,NEGATIVE
A11,11,A32,A48,10470,A61,A71,1,A101,3,A121,1,A141,A151,3,A173,1,A191,A201,A91,0.500895,POSITIVE
A11,11,A30,A48,10470,A61,A71,1,A103,3,A121,0,A141,A151,3,A173,1,A191,A201,A91,0.499418,NEGATIVE
A11,11,A30,A48,10470,A61,A71,1,A103,3,A121,1,A141,A151,3,A173,1,A191,A201,A91,0.500585,POSITIVE
A11,11,A32,A48,10470,A61,A71,1,A103,3,A121,0,A141,A151,1,A173,1,A191,A201,A91,0.499900,NEGATIVE
A11,11,A32,A48,10470,A61,A71,1,A103,3,A121,1,A141,A151,1,A173,1,A191,A201,A91,0.501067,POSITIVE
A13,18,A32,A49,10500,A63,A73,1,A103,3,A123,0,A143,A153,3,A172,1,A192,A202,A92,0.498833,NEGATIVE
A13,18,A32,A49,10500,A63,A73,1,A103,3,A123,1,A143,A153,3,A172,1,A192,A202,A92,0.500001,POSITIVE
A11,11,A30,A48,10470,A61,A71,1,A101,1,A121,0,A141,A151,1,A171,1,A191,A201,A91,0.499572,NEGATIVE
A11,11,A30,A48,10470,A61,A71,1,A101,1,A121,1,A141,A151,1,A171,1,A191,A201,A91,0.500739,POSITIVE
A11,0,A32,A48,10509,A61,A71,3,A103,3,A121,0,A141,A151,3,A173,1,A191,A201,A91,0.499760,NEGATIVE
A11,0,A32,A48,10509,A61,A71,3,A103,3,A121,1,A141,A151,3,A173,1,A191,A201,A91,0.500927,POSITIVE
A11,0,A32,A48,10509,A61,A71,3,A101,3,A121,0,A141,A151,3,A171,1,A191,A201,A91,0.499609,NEGATIVE
A11,0,A32,A48,10509,A61,A71,3,A101,3,A121,1,A141,A151,3,A171,1,A191,A201,A91,0.500776,POSITIVE
A11,0,A30,A48,10509,A61,A71,3,A103,3,A121,0,A141,A151,3,A171,1,A191,A201,A91,0.499299,NEGATIVE
A11,0,A30,A48,10509,A61,A71,3,A103,3,A121,1,A141,A151,3,A171,1,A191,A201,A91,0.500466,POSITIVE
A11,0,A32,A48,10509,A61,A71,3,A103,3,A121,0,A141,A151,1,A171,1,A191,A201,A91,0.499782,NEGATIVE
A11,0,A32,A48,10509,A61,A71,3,A103,3,A121,1,A141,A151,1,A171,1,A191,A201,A91,0.500949,POSITIVE
A11,0,A32,A48,10509,A61,A71,1,A101,3,A121,0,A141,A151,3,A173,1,A191,A201,A91,0.499820,NEGATIVE
A11,0,A32,A48,10509,A61,A71,1,A101,3,A121,1,A141,A151,3,A173,1,A191,A201,A91,0.500986,POSITIVE
A11,0,A30,A48,10509,A61,A71,1,A103,3,A121,0,A141,A151,3,A173,1,A191,A201,A91,0.499509,NEGATIVE
A11,0,A30,A48,10509,A61,A71,1,A103,3,A121,1,A141,A151,3,A173,1,A191,A201,A91,0.500676,POSITIVE
A11,0,A32,A48,10509,A61,A71,1,A103,3,A121,0,A141,A151,1,A173,1,A191,A201,A91,0.499992,NEGATIVE
A11,0,A32,A48,10509,A61,A71,1,A103,3,A121,1,A141,A151,1,A173,1,A191,A201,A91,0.501159,POSITIVE
A13,7,A32,A49,10539,A63,A73,1,A103,3,A123,0,A143,A153,3,A172,1,A192,A202,A92,0.498842,NEGATIVE
A13,7,A32,A49,10539,A63,A73,1,A103,3,A123,1,A143,A153,3,A172,1,A192,A202,A92,0.500009,POSITIVE
A11,0,A30,A48,10509,A61,A71,1,A101,1,A121,0,A141,A151,1,A171,1,A191,A201,A91,0.499664,NEGATIVE
A11,0,A30,A48,10509,A61,A71,1,A101,1,A121,1,A141,A151,1,A171,1,A191,A201,A91,0.500831,POSITIVE
A11,0,A30,A48,10470,A61,A71,1,A101,3,A121,0,A141,A151,1,A171,1,A191,A201,A91,0.499388,NEGATIVE
A11,0,A30,A48,10470,A61,A71,1,A101,3,A121,1,A141,A151,1,A171,1,A191,A201,A91,0.500554,POSITIVE
A12,5,A31,A49,10489,A62,A72,2,A102,1,A122,0,A142,A152,2,A173,1,A192,A202,A92,0.499881,NEGATIVE
A12,5,A31,A49,10489,A62,A72,2,A102,1,A122,1,A142,A152,2,A173,1,A192,A202,A92,0.501048,POSITIVE
A11,11,A32,A47,10509,A61,A71,1,A101,3,A121,0,A141,A151,3,A171,1,A191,A201,A91,0.498838,NEGATIVE
A11,11,A32,A47,10509,A61,A71,1,A101,3,A121,1,A141,A151,3,A171,1,A191,A201,A91,0.500006,POSITIVE
A11,11,A32,A47,10509,A61,A71,3,A101,1,A121,0,A141,A151,3,A171,1,A191,A201,A91,0.498911,NEGATIVE
A11,11,A32,A47,10509,A61,A71,3,A101,1,A121,1,A141,A151,3,A171,1,A191,A201,A91,0.500079,POSITIVE
A11,11,A32,A47,10509,A61,A71,1,A101,1,A121,0,A141,A151,3,A173,1,A191,A201,A91,0.499122,NEGATIVE
A11,11,A32,A47,10509,A61,A71,1,A101,1,A121,1,A141,A151,3,A173,1,A191,A201,A91,0.500288,POSITIVE
A11,11,A32,A47,10512,A61,A71,1,A101,1,A121,0,A141,A151,3,A171,1,A191,A201,A91,0.499896,NEGATIVE
A11,11,A32,A47,10512,A61,A71,1,A101,1,A121,1,A141,A151,3,A171,1,A191,A201,A91,0.501063,POSITIVE
A11,11,A32,A47,10509,A61,A71,1,A101,1,A121,0,A141,A151,1,A171,1,A191,A201,A91,0.499143,NEGATIVE
A11,11,A32,A47,10509,A61,A71,1,A101,1,A121,1,A141,A151,1,A171,1,A191,A201,A91,0.500311,POSITIVE
A11,11,A32,A47,10470,A61,A71,1,A101,3,A121,0,A141,A151,3,A173,1,A191,A201,A91,0.498845,NEGATIVE
A11,11,A32,A47,10470,A61,A71,1,A101,3,A121,1,A141,A151,3,A173,1,A191,A201,A91,0.500012,POSITIVE
A11,11,A32,A47,10470,A61,A71,1,A101,3,A121,0,A141,A151,3,A171,1,A191,A201,A91,0.499887,NEGATIVE
A11,11,A32,A47,10470,A61,A71,1,A101,3,A121,1,A141,A151,3,A171,1,A191,A201,A91,0.501054,POSITIVE
A11,11,A32,A47,10470,A61,A71,1,A101,3,A121,0,A141,A151,1,A171,1,A191,A201,A91,0.498867,NEGATIVE
A11,11,A32,A47,10470,A61,A71,1,A101,3,A121,1,A141,A151,1,A171,1,A191,A201,A91,0.500034,POSITIVE
A11,11,A32,A47,10470,A61,A71,3,A101,1,A121,0,A141,A151,3,A173,1,A191,A201,A91,0.498918,NEGATIVE
A11,11,A32,A47,10470,A61,A71,3,A101,1,A121,1,A141,A151,3,A173,1,A191,A201,A91,0.500085,POSITIVE
A11,11,A32,A47,10470,A61,A71,3,A101,1,A121,0,A141,A151,3,A171,1,A191,A201,A91,0.499960,NEGATIVE
A11,11,A32,A47,10470,A61,A71,3,A101,1,A121,1,A141,A151,3,A171,1,A191,A201,A91,0.501127,POSITIVE
A11,11,A32,A47,10470,A61,A71,3,A101,1,A121,0,A141,A151,1,A171,1,A191,A201,A91,0.498940,NEGATIVE
A11,11,A32,A47,10470,A61,A71,3,A101,1,A121,1,A141,A151,1,A171,1,A191,A201,A91,0.500107,POSITIVE
A11,11,A32,A47,10473,A61,A71,1,A101,1,A121,0,A141,A151,3,A173,1,A191,A201,A91,0.499903,NEGATIVE
A11,11,A32,A47,10473,A61,A71,1,A101,1,A121,1,A141,A151,3,A173,1,A191,A201,A91,0.501069,POSITIVE
A11,11,A32,A47,10470,A61,A71,1,A101,1,A121,0,A141,A151,1,A173,1,A191,A201,A91,0.499150,NEGATIVE
A11,11,A32,A47,10470,A61,A71,1,A101,1,A121,1,A141,A151,1,A173,1,A191,A201,A91,0.500317,POSITIVE
A11,11,A30,A47,10470,A61,A71,1,A101,1,A121,0,A141,A151,3,A171,1,A191,A201,A91,0.499709,NEGATIVE
A11,11,A30,A47,10470,A61,A71,1,A101,1,A121,1,A141,A151,3,A171,1,A191,A201,A91,0.500877,POSITIVE
A11,11,A32,A47,10473,A61,A71,1,A101,1,A121,0,A141,A151,1,A171,1,A191,A201,A91,0.499924,NEGATIVE
A11,11,A32,A47,10473,A61,A71,1,A101,1,A121,1,A141,A151,1,A171,1,A191,A201,A91,0.501092,POSITIVE
A11,11,A32,A45,10470,A61,A71,1,A101,1,A121,0,A141,A151,3,A171,1,A191,A201,A91,0.499446,NEGATIVE
A11,11,A32,A45,10470,A61,A71,1,A101,1,A121,1,A141,A151,3,A171,1,A191,A201,A91,0.500613,POSITIVE
A11,0,A32,A47,10509,A61,A71,1,A101,3,A121,0,A141,A151,3,A173,1,A191,A201,A91,0.498936,NEGATIVE
A11,0,A32,A47,10509,A61,A71,1,A101,3,A121,1,A141,A151,3,A173,1,A191,A201,A91,0.500104,POSITIVE
A11,0,A32,A47,10509,A61,A71,1,A101,3,A121,0,A141,A151,3,A171,1,A191,A201,A91,0.499979,NEGATIVE
A11,0,A32,A47,10509,A61,A71,1,A101,3,A121,1,A141,A151,3,A171,1,A191,A201,A91,0.501146,POSITIVE
A11,0,A32,A47,10509,A61,A71,1,A101,3,A121,0,A141,A151,1,A171,1,A191,A201,A91,0.498958,NEGATIVE
A11,0,A32,A47,10509,A61,A71,1,A101,3,A121,1,A141,A151,1,A171,1,A191,A201,A91,0.500126,POSITIVE
A11,0,A32,A47,10509,A61,A71,3,A101,1,A121,0,A141,A151,3,A173,1,A191,A201,A91,0.499009,NEGATIVE
A11,0,A32,A47,10509,A61,A71,3,A101,1,A121,1,A141,A151,3,A173,1,A191,A201,A91,0.500177,POSITIVE
A11,0,A32,A47,10512,A61,A71,3,A101,1,A121,0,A141,A151,3,A171,1,A191,A201,A91,0.499774,NEGATIVE
A11,0,A32,A47,10512,A61,A71,3,A101,1,A121,1,A141,A151,3,A171,1,A191,A201,A91,0.500941,POSITIVE
A11,0,A32,A47,10509,A61,A71,3,A101,1,A121,0,A141,A151,1,A171,1,A191,A201,A91,0.499032,NEGATIVE
A11,0,A32,A47,10509,A61,A71,3,A101,1,A121,1,A141,A151,1,A171,1,A191,A201,A91,0.500199,POSITIVE
A11,0,A32,A47,10512,A61,A71,1,A101,1,A121,0,A141,A151,3,A173,1,A191,A201,A91,0.499984,NEGATIVE
A11,0,A32,A47,10512,A61,A71,1,A101,1,A121,1,A141,A151,3,A173,1,A191,A201,A91,0.501151,POSITIVE
A11,0,A32,A47,10509,A61,A71,1,A101,1,A121,0,A141,A151,1,A173,1,A191,A201,A91,0.499242,NEGATIVE
A11,0,A32,A47,10509,A61,A71,1,A101,1,A121,1,A141,A151,1,A173,1,A191,A201,A91,0.500409,POSITIVE
A11,0,A30,A47,10509,A61,A71,1,A101,1,A121,0,A141,A151,3,A171,1,A191,A201,A91,0.499801,NEGATIVE
A11,0,A30,A47,10509,A61,A71,1,A101,1,A121,1,A141,A151,3,A171,1,A191,A201,A91,0.500968,POSITIVE
A11,1,A32,A47,10516,A61,A71,1,A101,1,A121,0,A141,A151,1,A171,1,A191,A201,A91,0.499729,NEGATIVE
A11,1,A32,A47,10516,A61,A71,1,A101,1,A121,1,A141,A151,1,A171,1,A191,A201,A91,0.500896,POSITIVE
A11,0,A32,A45,10509,A61,A71,1,A101,1,A121,0,A141,A151,3,A171,1,A191,A201,A91,0.499538,NEGATIVE
A11,0,A32,A45,10509,A61,A71,1,A101,1,A121,1,A141,A151,3,A171,1,A191,A201,A91,0.500705,POSITIVE
A11,0,A32,A47,10470,A61,A71,3,A101,3,A121,0,A141,A151,3,A171,1,A191,A201,A91,0.499775,NEGATIVE
A11,0,A32,A47,10470,A61,A71,3,A101,3,A121,1,A141,A151,3,A171,1,A191,A201,A91,0.500942,POSITIVE
A11,0,A32,A47,10470,A61,A71,1,A101,3,A121,0,A141,A151,3,A173,1,A191,A201,A91,0.499985,NEGATIVE
A11,0,A32,A47,10470,A61,A71,1,A101,3,A121,1,A141,A151,3,A173,1,A191,A201,A91,0.501152,POSITIVE
A11,0,A32,A47,10470,A61,A71,1,A101,3,A121,0,A141,A151,1,A173,1,A191,A201,A91,0.498965,NEGATIVE
A11,0,A32,A47,10470,A61,A71,1,A101,3,A121,1,A141,A151,1,A173,1,A191,A201,A91,0.500132,POSITIVE
A11,0,A30,A47,10470,A61,A71,1,A101,3,A121,0,A141,A151,3,A171,1,A191,A201,A91,0.499524,NEGATIVE
A11,0,A30,A47,10470,A61,A71,1,A101,3,A121,1,A141,A151,3,A171,1,A191,A201,A91,0.500692,POSITIVE
A11,0,A32,A47,10473,A61,A71,1,A101,3,A121,0,A141,A151,1,A171,1,A191,A201,A91,0.499729,NEGATIVE
A11,0,A32,A47,10473,A61,A71,1,A101,3,A121,1,A141,A151,1,A171,1,A191,A201,A91,0.500896,POSITIVE
A11,0,A32,A45,10470,A61,A71,1,A101,3,A121,0,A141,A151,3,A171,1,A191,A201,A91,0.499262,NEGATIVE
A11,0,A32,A45,10470,A61,A71,1,A101,3,A121,1,A141,A151,3,A171,1,A191,A201,A91,0.500428,POSITIVE
A11,0,A32,A47,10473,A61,A71,3,A101,1,A121,0,A141,A151,3,A173,1,A191,A201,A91,0.499780,NEGATIVE
A11,0,A32,A47,10473,A61,A71,3,A101,1,A121,1,A141,A151,3,A173,1,A191,A201,A91,0.500948,POSITIVE
A11,0,A32,A47,10470,A61,A71,3,A101,1,A121,0,A141,A151,1,A173,1,A191,A201,A91,0.499038,NEGATIVE
A11,0,A32,A47,10470,A61,A71,3,A101,1,A121,1,A141,A151,1,A173,1,A191,A201,A91,0.500205,POSITIVE
A11,0,A30,A47,10470,A61,A71,3,A101,1,A121,0,A141,A151,3,A171,1,A191,A201,A91,0.499598,NEGATIVE
A11,0,A30,A47,10470,A61,A71,3,A101,1,A121,1,A141,A151,3,A171,1,A191,A201,A91,0.500765,POSITIVE
A11,0,A32,A47,10473,A61,A71,3,A101,1,A121,0,A141,A151,1,A171,1,A191,A201,A91,0.499803,NEGATIVE
A11,0,A32,A47,10473,A61,A71,3,A101,1,A121,1,A141,A151,1,A171,1,A191,A201,A91,0.500969,POSITIVE
A11,0,A32,A45,10470,A61,A71,3,A101,1,A121,0,A141,A151,3,A171,1,A191,A201,A91,0.499335,NEGATIVE
A11,0,A32,A45,10470,A61,A71,3,A101,1,A121,1,A141,A151,3,A171,1,A191,A201,A91,0.500502,POSITIVE
A11,0,A30,A47,10470,A61,A71,1,A101,1,A121,0,A141,A151,1,A171,1,A191,A201,A91,0.499830,NEGATIVE
A11,0,A30,A47,10470,A61,A71,1,A101,1,A121,1,A141,A151,1,A171,1,A191,A201,A91,0.500997,POSITIVE
A11,0,A32,A45,10470,A61,A71,1,A101,1,A121,0,A141,A151,3,A173,1,A191,A201,A91,0.499545,NEGATIVE
A11,0,A32,A45,10470,A61,A71,1,A101,1,A121,1,A141,A151,3,A173,1,A191,A201,A91,0.500712,POSITIVE
A11,0,A30,A45,10470,A61,A71,1,A101,1,A121,0,A141,A151,3,A171,1,A191,A201,A91,0.499084,NEGATIVE
A11,0,A30,A45,10470,A61,A71,1,A101,1,A121,1,A141,A151,3,A171,1,A191,A201,A91,0.500251,POSITIVE
A11,0,A32,A45,10470,A61,A71,1,A101,1,A121,0,A141,A151,1,A171,1,A191,A201,A91,0.499567,NEGATIVE
A11,0,A32,A45,10470,A61,A71,1,A101,1,A121,1,A141,A151,1,A171,1,A191,A201,A91,0.500734,POSITIVE
A11,11,A32,A43,10470,A61,A71,1,A103,1,A121,0,A141,A151,3,A171,1,A191,A201,A91,0.498873,NEGATIVE
A11,11,A32,A43,10470,A61,A71,1,A103,1,A121,1,A141,A151,3,A171,1,A191,A201,A91,0.500041,POSITIVE
A11,0,A32,A43,10509,A61,A71,1,A103,1,A121,0,A141,A151,3,A171,1,A191,A201,A91,0.498965,NEGATIVE
A11,0,A32,A43,10509,A61,A71,1,A103,1,A121,1,A141,A151,3,A171,1,A191,A201,A91,0.500132,POSITIVE
A11,0,A32,A43,10470,A61,A71,1,A103,1,A121,0,A141,A151,3,A173,1,A191,A201,A91,0.498972,NEGATIVE
A11,0,A32,A43,10470,A61,A71,1,A103,1,A121,1,A141,A151,3,A173,1,A191,A201,A91,0.500139,POSITIVE
A11,0,A32,A43,10473,A61,A71,1,A103,1,A121,0,A141,A151,3,A171,1,A191,A201,A91,0.499705,NEGATIVE
A11,0,A32,A43,10473,A61,A71,1,A103,1,A121,1,A141,A151,3,A171,1,A191,A201,A91,0.500872,POSITIVE
A11,0,A32,A43,10470,A61,A71,1,A103,1,A121,0,A141,A151,1,A171,1,A191,A201,A91,0.498994,NEGATIVE
A11,0,A32,A43,10470,A61,A71,1,A103,1,A121,1,A141,A151,1,A171,1,A191,A201,A91,0.500161,POSITIVE
A11,61,A32,A48,10431,A61,A71,1,A103,1,A121,0,A141,A151,3,A171,1,A191,A201,A91,0.499153,NEGATIVE
A11,61,A32,A48,10431,A61,A71,1,A103,1,A121,1,A141,A151,3,A171,1,A191,A201,A91,0.500320,POSITIVE
A11,61,A32,A48,10392,A61,A71,1,A103,3,A121,0,A141,A151,3,A171,1,A191,A201,A91,0.498876,NEGATIVE
A11,61,A32,A48,10392,A61,A71,1,A103,3,A121,1,A141,A151,3,A171,1,A191,A201,A91,0.500043,POSITIVE
A11,71,A32,A48,10392,A61,A71,1,A103,1,A121,0,A141,A151,3,A171,1,A191,A201,A91,0.499165,NEGATIVE
A11,71,A32,A48,10392,A61,A71,1,A103,1,A121,1,A141,A151,3,A171,1,A191,A201,A91,0.500332,POSITIVE
A11,61,A32,A48,10392,A61,A71,3,A103,1,A121,0,A141,A151,3,A171,1,A191,A201,A91,0.498949,NEGATIVE
A11,61,A32,A48,10392,A61,A71,3,A103,1,A121,1,A141,A151,3,A171,1,A191,A201,A91,0.500117,POSITIVE
A11,61,A32,A48,10392,A61,A71,1,A103,1,A121,0,A141,A151,3,A173,1,A191,A201,A91,0.499159,NEGATIVE
A11,61,A32,A48,10392,A61,A71,1,A103,1,A121,1,A141,A151,3,A173,1,A191,A201,A91,0.500326,POSITIVE
A11,61,A32,A48,10392,A61,A71,1,A101,1,A121,0,A141,A151,3,A171,1,A191,A201,A91,0.499009,NEGATIVE
A11,61,A32,A48,10392,A61,A71,1,A101,1,A121,1,A141,A151,3,A171,1,A191,A201,A91,0.500175,POSITIVE
A11,61,A32,A48,10392,A61,A71,1,A103,1,A121,0,A141,A151,1,A171,1,A191,A201,A91,0.499181,NEGATIVE
A11,61,A32,A48,10392,A61,A71,1,A103,1,A121,1,A141,A151,1,A171,1,A191,A201,A91,0.500349,POSITIVE
A11,51,A32,A48,10431,A61,A71,1,A103,3,A121,0,A141,A151,3,A171,1,A191,A201,A91,0.498864,NEGATIVE
A11,51,A32,A48,10431,A61,A71,1,A103,3,A121,1,A141,A151,3,A171,1,A191,A201,A91,0.500031,POSITIVE
A11,41,A32,A48,10431,A61,A71,1,A103,3,A121,0,A141,A151,3,A173,1,A191,A201,A91,0.498858,NEGATIVE
A11,41,A32,A48,10431,A61,A71,1,A103,3,A121,1,A141,A151,3,A173,1,A191,A201,A91,0.500026,POSITIVE
A11,41,A32,A48,10431,A61,A71,1,A103,3,A121,0,A141,A151,3,A171,1,A191,A201,A91,0.499901,NEGATIVE
A11,41,A32,A48,10431,A61,A71,1,A103,3,A121,1,A141,A151,3,A171,1,A191,A201,A91,0.501068,POSITIVE
A11,41,A32,A48,10431,A61,A71,1,A103,3,A121,0,A141,A151,1,A171,1,A191,A201,A91,0.498881,NEGATIVE
A11,41,A32,A48,10431,A61,A71,1,A103,3,A121,1,A141,A151,1,A171,1,A191,A201,A91,0.500048,POSITIVE
A11,51,A32,A48,10431,A61,A71,3,A103,1,A121,0,A141,A151,3,A171,1,A191,A201,A91,0.498937,NEGATIVE
A11,51,A32,A48,10431,A61,A71,3,A103,1,A121,1,A141,A151,3,A171,1,A191,A201,A91,0.500104,POSITIVE
A11,51,A32,A48,10431,A61,A71,1,A103,1,A121,0,A141,A151,3,A173,1,A191,A201,A91,0.499147,NEGATIVE
A11,51,A32,A48,10431,A61,A71,1,A103,1,A121,1,A141,A151,3,A173,1,A191,A201,A91,0.500314,POSITIVE
A11,51,A32,A48,10431,A61,A71,1,A101,1,A121,0,A141,A151,3,A171,1,A191,A201,A91,0.498996,NEGATIVE
A11,51,A32,A48,10431,A61,A71,1,A101,1,A121,1,A141,A151,3,A171,1,A191,A201,A91,0.500164,POSITIVE
A11,51,A32,A48,10431,A61,A71,1,A103,1,A121,0,A141,A151,1,A171,1,A191,A201,A91,0.499169,NEGATIVE
A11,51,A32,A48,10431,A61,A71,1,A103,1,A121,1,A141,A151,1,A171,1,A191,A201,A91,0.500336,POSITIVE
A11,41,A32,A48,10431,A61,A71,3,A103,1,A121,0,A141,A151,3,A173,1,A191,A201,A91,0.498932,NEGATIVE
A11,41,A32,A48,10431,A61,A71,3,A103,1,A121,1,A141,A151,3,A173,1,A191,A201,A91,0.500099,POSITIVE
A11,41,A32,A48,10431,A61,A71,3,A103,1,A121,0,A141,A151,3,A171,1,A191,A201,A91,0.499974,NEGATIVE
A11,41,A32,A48,10431,A61,A71,3,A103,1,A121,1,A141,A151,3,A171,1,A191,A201,A91,0.501141,POSITIVE
A11,41,A32,A48,10431,A61,A71,3,A103,1,A121,0,A141,A151,1,A171,1,A191,A201,A91,0.498954,NEGATIVE
A11,41,A32,A48,10431,A61,A71,3,A103,1,A121,1,A141,A151,1,A171,1,A191,A201,A91,0.500121,POSITIVE
A11,41,A32,A48,10431,A61,A71,1,A101,1,A121,0,A141,A151,3,A173,1,A191,A201,A91,0.498991,NEGATIVE
A11,41,A32,A48,10431,A61,A71,1,A101,1,A121,1,A141,A151,3,A173,1,A191,A201,A91,0.500158,POSITIVE
A11,41,A32,A48,10431,A61,A71,1,A103,1,A121,0,A141,A151,1,A173,1,A191,A201,A91,0.499164,NEGATIVE
A11,41,A32,A48,10431,A61,A71,1,A103,1,A121,1,A141,A151,1,A173,1,A191,A201,A91,0.500331,POSITIVE
A11,41,A32,A48,10434,A61,A71,1,A101,1,A121,0,A141,A151,3,A171,1,A191,A201,A91,0.499854,NEGATIVE
A11,41,A32,A48,10434,A61,A71,1,A101,1,A121,1,A141,A151,3,A171,1,A191,A201,A91,0.501021,POSITIVE
A11,41,A30,A48,10431,A61,A71,1,A103,1,A121,0,A141,A151,3,A171,1,A191,A201,A91,0.499724,NEGATIVE
A11,41,A30,A48,10431,A61,A71,1,A103,1,A121,1,A141,A151,3,A171,1,A191,A201,A91,0.500890,POSITIVE
A11,41,A32,A48,10431,A61,A71,1,A101,1,A121,0,A141,A151,1,A171,1,A191,A201,A91,0.499013,NEGATIVE
A11,41,A32,A48,10431,A61,A71,1,A101,1,A121,1,A141,A151,1,A171,1,A191,A201,A91,0.500181,POSITIVE
A11,51,A32,A48,10392,A61,A71,1,A103,3,A121,0,A141,A151,3,A173,1,A191,A201,A91,0.498871,NEGATIVE
A11,51,A32,A48,10392,A61,A71,1,A103,3,A121,1,A141,A151,3,A173,1,A191,A201,A91,0.500038,POSITIVE
A11,51,A32,A48,10392,A61,A71,1,A103,3,A121,0,A141,A151,3,A171,1,A191,A201,A91,0.499913,NEGATIVE
A11,51,A32,A48,10392,A61,A71,1,A103,3,A121,1,A141,A151,3,A171,1,A191,A201,A91,0.501080,POSITIVE
A11,51,A32,A48,10392,A61,A71,1,A103,3,A121,0,A141,A151,1,A171,1,A191,A201,A91,0.498893,NEGATIVE
A11,51,A32,A48,10392,A61,A71,1,A103,3,A121,1,A141,A151,1,A171,1,A191,A201,A91,0.500060,POSITIVE
A11,41,A32,A48,10392,A61,A71,3,A103,3,A121,0,A141,A151,3,A171,1,A191,A201,A91,0.499697,NEGATIVE
A11,41,A32,A48,10392,A61,A71,3,A103,3,A121,1,A141,A151,3,A171,1,A191,A201,A91,0.500865,POSITIVE
A11,41,A32,A48,10392,A61,A71,1,A103,3,A121,0,A141,A151,3,A173,1,A191,A201,A91,0.499907,NEGATIVE
A11,41,A32,A48,10392,A61,A71,1,A103,3,A121,1,A141,A151,3,A173,1,A191,A201,A91,0.501075,POSITIVE
A11,41,A32,A48,10392,A61,A71,1,A103,3,A121,0,A141,A151,1,A173,1,A191,A201,A91,0.498888,NEGATIVE
A11,41,A32,A48,10392,A61,A71,1,A103,3,A121,1,A141,A151,1,A173,1,A191,A201,A91,0.500055,POSITIVE
A11,41,A32,A48,10392,A61,A71,1,A101,3,A121,0,A141,A151,3,A171,1,A191,A201,A91,0.499757,NEGATIVE
A11,41,A32,A48,10392,A61,A71,1,A101,3,A121,1,A141,A151,3,A171,1,A191,A201,A91,0.500924,POSITIVE
A11,41,A30,A48,10392,A61,A71,1,A103,3,A121,0,A141,A151,3,A171,1,A191,A201,A91,0.499447,NEGATIVE
A11,41,A30,A48,10392,A61,A71,1,A103,3,A121,1,A141,A151,3,A171,1,A191,A201,A91,0.500614,POSITIVE
A11,41,A32,A48,10392,A61,A71,1,A103,3,A121,0,A141,A151,1,A171,1,A191,A201,A91,0.499929,NEGATIVE
A11,41,A32,A48,10392,A61,A71,1,A103,3,A121,1,A141,A151,1,A171,1,A191,A201,A91,0.501097,POSITIVE
A11,51,A32,A48,10392,A61,A71,3,A103,1,A121,0,A141,A151,3,A173,1,A191,A201,A91,0.498944,NEGATIVE
A11,51,A32,A48,10392,A61,A71,3,A103,1,A121,1,A141,A151,3,A173,1,A191,A201,A91,0.500111,POSITIVE
A11,51,A32,A48,10392,A61,A71,3,A103,1,A121,0,A141,A151,3,A171,1,A191,A201,A91,0.499986,NEGATIVE
A11,51,A32,A48,10392,A61,A71,3,A103,1,A121,1,A141,A151,3,A171,1,A191,A201,A91,0.501153,POSITIVE
A11,51,A32,A48,10392,A61,A71,3,A103,1,A121,0,A141,A151,1,A171,1,A191,A201,A91,0.498966,NEGATIVE
A11,51,A32,A48,10392,A61,A71,3,A103,1,A121,1,A141,A151,1,A171,1,A191,A201,A91,0.500133,POSITIVE
A11,51,A32,A48,10392,A61,A71,1,A101,1,A121,0,A141,A151,3,A173,1,A191,A201,A91,0.499003,NEGATIVE
A11,51,A32,A48,10392,A61,A71,1,A101,1,A121,1,A141,A151,3,A173,1,A191,A201,A91,0.500171,POSITIVE
A11,51,A32,A48,10392,A61,A71,1,A103,1,A121,0,A141,A151,1,A173,1,A191,A201,A91,0.499176,NEGATIVE
A11,51,A32,A48,10392,A61,A71,1,A103,1,A121,1,A141,A151,1,A173,1,A191,A201,A91,0.500343,POSITIVE
A11,51,A32,A48,10395,A61,A71,1,A101,1,A121,0,A141,A151,3,A171,1,A191,A201,A91,0.499866,NEGATIVE
A11,51,A32,A48,10395,A61,A71,1,A101,1,A121,1,A141,A151,3,A171,1,A191,A201,A91,0.501034,POSITIVE
A11,51,A30,A48,10392,A61,A71,1,A103,1,A121,0,A141,A151,3,A171,1,A191,A201,A91,0.499735,NEGATIVE
A11,51,A30,A48,10392,A61,A71,1,A103,1,A121,1,A141,A151,3,A171,1,A191,A201,A91,0.500903,POSITIVE
A11,51,A32,A48,10392,A61,A71,1,A101,1,A121,0,A141,A151,1,A171,1,A191,A201,A91,0.499025,NEGATIVE
A11,51,A32,A48,10392,A61,A71,1,A101,1,A121,1,A141,A151,1,A171,1,A191,A201,A91,0.500192,POSITIVE
A11,41,A32,A48,10392,A61,A71,3,A103,1,A121,0,A141,A151,3,A173,1,A191,A201,A91,0.499981,NEGATIVE
A11,41,A32,A48,10392,A61,A71,3,A103,1,A121,1,A141,A151,3,A173,1,A191,A201,A91,0.501148,POSITIVE
A11,41,A32,A48,10392,A61,A71,3,A103,1,A121,0,A141,A151,1,A173,1,A191,A201,A91,0.498960,NEGATIVE
A11,41,A32,A48,10392,A61,A71,3,A103,1,A121,1,A141,A151,1,A173,1,A191,A201,A91,0.500128,POSITIVE
A11,41,A32,A48,10392,A61,A71,3,A101,1,A121,0,A141,A151,3,A171,1,A191,A201,A91,0.499830,NEGATIVE
A11,41,A32,A48,10392,A61,A71,3,A101,1,A121,1,A141,A151,3,A171,1,A191,A201,A91,0.500997,POSITIVE
A11,41,A30,A48,10392,A61,A71,3,A103,1,A121,0,A141,A151,3,A171,1,A191,A201,A91,0.499520,NEGATIVE
A11,41,A30,A48,10392,A61,A71,3,A103,1,A121,1,A141,A151,3,A171,1,A191,A201,A91,0.500687,POSITIVE
A11,41,A32,A48,10395,A61,A71,3,A103,1,A121,0,A141,A151,1,A171,1,A191,A201,A91,0.499704,NEGATIVE
A11,41,A32,A48,10395,A61,A71,3,A103,1,A121,1,A141,A151,1,A171,1,A191,A201,A91,0.500871,POSITIVE
A11,41,A32,A48,10395,A61,A71,1,A101,1,A121,0,A141,A151,3,A173,1,A191,A201,A91,0.499861,NEGATIVE
A11,41,A32,A48,10395,A61,A71,1,A101,1,A121,1,A141,A151,3,A173,1,A191,A201,A91,0.501028,POSITIVE
A11,41,A30,A48,10392,A61,A71,1,A103,1,A121,0,A141,A151,3,A173,1,A191,A201,A91,0.499730,NEGATIVE
A11,41,A30,A48,10392,A61,A71,1,A103,1,A121,1,A141,A151,3,A173,1,A191,A201,A91,0.500897,POSITIVE
A11,41,A32,A48,10392,A61,A71,1,A101,1,A121,0,A141,A151,1,A173,1,A191,A201,A91,0.499020,NEGATIVE
A11,41,A32,A48,10392,A61,A71,1,A101,1,A121,1,A141,A151,1,A173,1,A191,A201,A91,0.500187,POSITIVE
A12,44,A31,A48,10407,A62,A72,1,A102,1,A122,0,A142,A152,2,A171,1,A191,A201,A91,0.498853,NEGATIVE
A12,44,A31,A48,10407,A62,A72,1,A102,1,A122,1,A142,A152,2,A171,1,A191,A201,A91,0.500020,POSITIVE
A11,41,A32,A47,10431,A61,A71,1,A101,1,A121,0,A141,A151,3,A171,1,A191,A201,A91,0.499150,NEGATIVE
A11,41,A32,A47,10431,A61,A71,1,A101,1,A121,1,A141,A151,3,A171,1,A191,A201,A91,0.500318,POSITIVE
A11,41,A32,A47,10392,A61,A71,1,A101,3,A121,0,A141,A151,3,A171,1,A191,A201,A91,0.498874,NEGATIVE
A11,41,A32,A47,10392,A61,A71,1,A101,3,A121,1,A141,A151,3,A171,1,A191,A201,A91,0.500042,POSITIVE
A11,51,A32,A47,10392,A61,A71,1,A101,1,A121,0,A141,A151,3,A171,1,A191,A201,A91,0.499163,NEGATIVE
A11,51,A32,A47,10392,A61,A71,1,A101,1,A121,1,A141,A151,3,A171,1,A191,A201,A91,0.500330,POSITIVE
A11,41,A32,A47,10392,A61,A71,3,A101,1,A121,0,A141,A151,3,A171,1,A191,A201,A91,0.498947,NEGATIVE
A11,41,A32,A47,10392,A61,A71,3,A101,1,A121,1,A141,A151,3,A171,1,A191,A201,A91,0.500114,POSITIVE
A11,41,A32,A47,10392,A61,A71,1,A101,1,A121,0,A141,A151,3,A173,1,A191,A201,A91,0.499157,NEGATIVE
A11,41,A32,A47,10392,A61,A71,1,A101,1,A121,1,A141,A151,3,A173,1,A191,A201,A91,0.500324,POSITIVE
A11,41,A32,A47,10395,A61,A71,1,A101,1,A121,0,A141,A151,3,A171,1,A191,A201,A91,0.499932,NEGATIVE
A11,41,A32,A47,10395,A61,A71,1,A101,1,A121,1,A141,A151,3,A171,1,A191,A201,A91,0.501099,POSITIVE
A11,41,A32,A47,10392,A61,A71,1,A101,1,A121,0,A141,A151,1,A171,1,A191,A201,A91,0.499180,NEGATIVE
A11,41,A32,A47,10392,A61,A71,1,A101,1,A121,1,A141,A151,1,A171,1,A191,A201,A91,0.500346,POSITIVE
A11,71,A32,A48,10353,A61,A71,1,A103,3,A121,0,A141,A151,3,A171,1,A191,A201,A91,0.498888,NEGATIVE
A11,71,A32,A48,10353,A61,A71,1,A103,3,A121,1,A141,A151,3,A171,1,A191,A201,A91,0.500055,POSITIVE
A11,61,A32,A48,10353,A61,A71,1,A103,3,A121,0,A141,A151,3,A173,1,A191,A201,A91,0.498883,NEGATIVE
A11,61,A32,A48,10353,A61,A71,1,A103,3,A121,1,A141,A151,3,A173,1,A191,A201,A91,0.500050,POSITIVE
A11,61,A32,A48,10353,A61,A71,1,A103,3,A121,0,A141,A151,3,A171,1,A191,A201,A91,0.499925,NEGATIVE
A11,61,A32,A48,10353,A61,A71,1,A103,3,A121,1,A141,A151,3,A171,1,A191,A201,A91,0.501092,POSITIVE
A11,61,A32,A48,10353,A61,A71,1,A103,3,A121,0,A141,A151,1,A171,1,A191,A201,A91,0.498905,NEGATIVE
A11,61,A32,A48,10353,A61,A71,1,A103,3,A121,1,A141,A151,1,A171,1,A191,A201,A91,0.500072,POSITIVE
A11,71,A32,A48,10353,A61,A71,3,A103,1,A121,0,A141,A151,3,A171,1,A191,A201,A91,0.498961,NEGATIVE
A11,71,A32,A48,10353,A61,A71,3,A103,1,A121,1,A141,A151,3,A171,1,A191,A201,A91,0.500128,POSITIVE
A11,71,A32,A48,10353,A61,A71,1,A103,1,A121,0,A141,A151,3,A173,1,A191,A201,A91,0.499171,NEGATIVE
A11,71,A32,A48,10353,A61,A71,1,A103,1,A121,1,A141,A151,3,A173,1,A191,A201,A91,0.500338,POSITIVE
A11,71,A32,A48,10353,A61,A71,1,A101,1,A121,0,A141,A151,3,A171,1,A191,A201,A91,0.499020,NEGATIVE
A11,71,A32,A48,10353,A61,A71,1,A101,1,A121,1,A141,A151,3,A171,1,A191,A201,A91,0.500188,POSITIVE
A11,71,A32,A48,10353,A61,A71,1,A103,1,A121,0,A141,A151,1,A171,1,A191,A201,A91,0.499194,NEGATIVE
A11,71,A32,A48,10353,A61,A71,1,A103,1,A121,1,A141,A151,1,A171,1,A191,A201,A91,0.500360,POSITIVE
A11,61,A32,A48,10353,A61,A71,3,A103,1,A121,0,A141,A151,3,A173,1,A191,A201,A91,0.498956,NEGATIVE
A11,61,A32,A48,10353,A61,A71,3,A103,1,A121,1,A141,A151,3,A173,1,A191,A201,A91,0.500123,POSITIVE
A11,61,A32,A48,10353,A61,A71,3,A103,1,A121,0,A141,A151,3,A171,1,A191,A201,A91,0.499998,NEGATIVE
A11,61,A32,A48,10353,A61,A71,3,A103,1,A121,1,A141,A151,3,A171,1,A191,A201,A91,0.501165,POSITIVE
A11,61,A32,A48,10353,A61,A71,3,A103,1,A121,0,A141,A151,1,A171,1,A191,A201,A91,0.498978,NEGATIVE
A11,61,A32,A48,10353,A61,A71,3,A103,1,A121,1,A141,A151,1,A171,1,A191,A201,A91,0.500145,POSITIVE
A11,61,A32,A48,10353,A61,A71,1,A101,1,A121,0,A141,A151,3,A173,1,A191,A201,A91,0.499015,NEGATIVE
A11,61,A32,A48,10353,A61,A71,1,A101,1,A121,1,A141,A151,3,A173,1,A191,A201,A91,0.500182,POSITIVE
A11,61,A32,A48,10353,A61,A71,1,A103,1,A121,0,A141,A151,1,A173,1,A191,A201,A91,0.499188,NEGATIVE
A11,61,A32,A48,10353,A61,A71,1,A103,1,A121,1,A141,A151,1,A173,1,A191,A201,A91,0.500355,POSITIVE
A11,61,A32,A48,10356,A61,A71,1,A101,1,A121,0,A141,A151,3,A171,1,A191,A201,A91,0.499878,NEGATIVE
A11,61,A32,A48,10356,A61,A71,1,A101,1,A121,1,A141,A151,3,A171,1,A191,A201,A91,0.501045,POSITIVE
A11,61,A30,A48,10353,A61,A71,1,A103,1,A121,0,A141,A151,3,A171,1,A191,A201,A91,0.499747,NEGATIVE
A11,61,A30,A48,10353,A61,A71,1,A103,1,A121,1,A141,A151,3,A171,1,A191,A201,A91,0.500914,POSITIVE
A11,61,A32,A48,10353,A61,A71,1,A101,1,A121,0,A141,A151,1,A171,1,A191,A201,A91,0.499037,NEGATIVE
A11,61,A32,A48,10353,A61,A71,1,A101,1,A121,1,A141,A151,1,A171,1,A191,A201,A91,0.500205,POSITIVE
A11,71,A32,A48,10314,A61,A71,1,A103,3,A121,0,A141,A151,3,A173,1,A191,A201,A91,0.498894,NEGATIVE
A11,71,A32,A48,10314,A61,A71,1,A103,3,A121,1,A141,A151,3,A173,1,A191,A201,A91,0.500062,POSITIVE
A11,71,A32,A48,10314,A61,A71,1,A103,3,A121,0,A141,A151,3,A171,1,A191,A201,A91,0.499937,NEGATIVE
A11,71,A32,A48,10314,A61,A71,1,A103,3,A121,1,A141,A151,3,A171,1,A191,A201,A91,0.501103,POSITIVE
A11,71,A32,A48,10314,A61,A71,1,A103,3,A121,0,A141,A151,1,A171,1,A191,A201,A91,0.498916,NEGATIVE
A11,71,A32,A48,10314,A61,A71,1,A103,3,A121,1,A141,A151,1,A171,1,A191,A201,A91,0.500083,POSITIVE
A11,61,A32,A48,10314,A61,A71,3,A103,3,A121,0,A141,A151,3,A171,1,A191,A201,A91,0.499721,NEGATIVE
A11,61,A32,A48,10314,A61,A71,3,A103,3,A121,1,A141,A151,3,A171,1,A191,A201,A91,0.500888,POSITIVE
A11,61,A32,A48,10314,A61,A71,1,A103,3,A121,0,A141,A151,3,A173,1,A191,A201,A91,0.499931,NEGATIVE
A11,61,A32,A48,10314,A61,A71,1,A103,3,A121,1,A141,A151,3,A173,1,A191,A201,A91,0.501098,POSITIVE
A11,61,A32,A48,10314,A61,A71,1,A103,3,A121,0,A141,A151,1,A173,1,A191,A201,A91,0.498911,NEGATIVE
A11,61,A32,A48,10314,A61,A71,1,A103,3,A121,1,A141,A151,1,A173,1,A191,A201,A91,0.500078,POSITIVE
A11,61,A32,A48,10314,A61,A71,1,A101,3,A121,0,A141,A151,3,A171,1,A191,A201,A91,0.499781,NEGATIVE
A11,61,A32,A48,10314,A61,A71,1,A101,3,A121,1,A141,A151,3,A171,1,A191,A201,A91,0.500948,POSITIVE
A11,61,A30,A48,10314,A61,A71,1,A103,3,A121,0,A141,A151,3,A171,1,A191,A201,A91,0.499471,NEGATIVE
A11,61,A30,A48,10314,A61,A71,1,A103,3,A121,1,A141,A151,3,A171,1,A191,A201,A91,0.500638,POSITIVE
A11,61,A32,A48,10314,A61,A71,1,A103,3,A121,0,A141,A151,1,A171,1,A191,A201,A91,0.499953,NEGATIVE
A11,61,A32,A48,10314,A61,A71,1,A103,3,A121,1,A141,A151,1,A171,1,A191,A201,A91,0.501120,POSITIVE
A11,71,A32,A48,10314,A61,A71,3,A103,1,A121,0,A141,A151,3,A173,1,A191,A201,A91,0.498968,NEGATIVE
A11,71,A32,A48,10314,A61,A71,3,A103,1,A121,1,A141,A151,3,A173,1,A191,A201,A91,0.500135,POSITIVE
A11,71,A32,A48,10317,A61,A71,3,A103,1,A121,0,A141,A151,3,A171,1,A191,A201,A91,0.499712,NEGATIVE
A11,71,A32,A48,10317,A61,A71,3,A103,1,A121,1,A141,A151,3,A171,1,A191,A201,A91,0.500878,POSITIVE
A11,71,A32,A48,10314,A61,A71,3,A103,1,A121,0,A141,A151,1,A171,1,A191,A201,A91,0.498990,NEGATIVE
A11,71,A32,A48,10314,A61,A71,3,A103,1,A121,1,A141,A151,1,A171,1,A191,A201,A91,0.500157,POSITIVE
A11,71,A32,A48,10314,A61,A71,1,A101,1,A121,0,A141,A151,3,A173,1,A191,A201,A91,0.499027,NEGATIVE
A11,71,A32,A48,10314,A61,A71,1,A101,1,A121,1,A141,A151,3,A173,1,A191,A201,A91,0.500194,POSITIVE
A11,71,A32,A48,10314,A61,A71,1,A103,1,A121,0,A141,A151,1,A173,1,A191,A201,A91,0.499200,NEGATIVE
A11,71,A32,A48,10314,A61,A71,1,A103,1,A121,1,A141,A151,1,A173,1,A191,A201,A91,0.500367,POSITIVE
A11,71,A32,A48,10317,A61,A71,1,A101,1,A121,0,A141,A151,3,A171,1,A191,A201,A91,0.499889,NEGATIVE
A11,71,A32,A48,10317,A61,A71,1,A101,1,A121,1,A141,A151,3,A171,1,A191,A201,A91,0.501057,POSITIVE
A11,71,A30,A48,10314,A61,A71,1,A103,1,A121,0,A141,A151,3,A171,1,A191,A201,A91,0.499759,NEGATIVE
A11,71,A30,A48,10314,A61,A71,1,A103,1,A121,1,A141,A151,3,A171,1,A191,A201,A91,0.500926,POSITIVE
A11,71,A32,A48,10314,A61,A71,1,A101,1,A121,0,A141,A151,1,A171,1,A191,A201,A91,0.499049,NEGATIVE
A11,71,A32,A48,10314,A61,A71,1,A101,1,A121,1,A141,A151,1,A171,1,A191,A201,A91,0.500216,POSITIVE
A11,61,A32,A48,10317,A61,A71,3,A103,1,A121,0,A141,A151,3,A173,1,A191,A201,A91,0.499706,NEGATIVE
A11,61,A32,A48,10317,A61,A71,3,A103,1,A121,1,A141,A151,3,A173,1,A191,A201,A91,0.500873,POSITIVE
A11,61,A32,A48,10314,A61,A71,3,A103,1,A121,0,A141,A151,1,A173,1,A191,A201,A91,0.498984,NEGATIVE
A11,61,A32,A48,10314,A61,A71,3,A103,1,A121,1,A141,A151,1,A173,1,A191,A201,A91,0.500152,POSITIVE
A11,61,A32,A48,10314,A61,A71,3,A101,1,A121,0,A141,A151,3,A171,1,A191,A201,A91,0.499854,NEGATIVE
A11,61,A32,A48,10314,A61,A71,3,A101,1,A121,1,A141,A151,3,A171,1,A191,A201,A91,0.501021,POSITIVE
A11,61,A30,A48,10314,A61,A71,3,A103,1,A121,0,A141,A151,3,A171,1,A191,A201,A91,0.499544,NEGATIVE
A11,61,A30,A48,10314,A61,A71,3,A103,1,A121,1,A141,A151,3,A171,1,A191,A201,A91,0.500711,POSITIVE
A11,61,A32,A48,10314,A61,A71,3,A101,1,A121,0,A141,A151,1,A171,1,A191,A201,A91,0.498834,NEGATIVE
A11,61,A32,A48,10314,A61,A71,3,A101,1,A121,1,A141,A151,1,A171,1,A191,A201,A91,0.500001,POSITIVE
A11,61,A32,A48,10317,A61,A71,1,A101,1,A121,0,A141,A151,3,A173,1,A191,A201,A91,0.499885,NEGATIVE
A11,61,A32,A48,10317,A61,A71,1,A101,1,A121,1,A141,A151,3,A173,1,A191,A201,A91,0.501052,POSITIVE
A11,61,A30,A48,10314,A61,A71,1,A103,1,A121,0,A141,A151,3,A173,1,A191,A201,A91,0.499754,NEGATIVE
A11,61,A30,A48,10314,A61,A71,1,A103,1,A121,1,A141,A151,3,A173,1,A191,A201,A91,0.500921,POSITIVE
A11,61,A32,A48,10314,A61,A71,1,A101,1,A121,0,A141,A151,1,A173,1,A191,A201,A91,0.499044,NEGATIVE
A11,61,A32,A48,10314,A61,A71,1,A101,1,A121,1,A141,A151,1,A173,1,A191,A201,A91,0.500211,POSITIVE
A12,64,A31,A48,10329,A62,A72,1,A102,1,A122,0,A142,A152,2,A171,1,A191,A201,A91,0.498877,NEGATIVE
A12,64,A31,A48,10329,A62,A72,1,A102,1,A122,1,A142,A152,2,A171,1,A191,A201,A91,0.500044,POSITIVE
A11,61,A32,A47,10353,A61,A71,1,A101,1,A121,0,A141,A151,3,A171,1,A191,A201,A91,0.499174,NEGATIVE
A11,61,A32,A47,10353,A61,A71,1,A101,1,A121,1,A141,A151,3,A171,1,A191,A201,A91,0.500342,POSITIVE
A11,61,A32,A47,10314,A61,A71,1,A101,3,A121,0,A141,A151,3,A171,1,A191,A201,A91,0.498898,NEGATIVE
A11,61,A32,A47,10314,A61,A71,1,A101,3,A121,1,A141,A151,3,A171,1,A191,A201,A91,0.500065,POSITIVE
A11,71,A32,A47,10314,A61,A71,1,A101,1,A121,0,A141,A151,3,A171,1,A191,A201,A91,0.499186,NEGATIVE
A11,71,A32,A47,10314,A61,A71,1,A101,1,A121,1,A141,A151,3,A171,1,A191,A201,A91,0.500354,POSITIVE
A11,61,A32,A47,10314,A61,A71,3,A101,1,A121,0,A141,A151,3,A171,1,A191,A201,A91,0.498971,NEGATIVE
A11,61,A32,A47,10314,A61,A71,3,A101,1,A121,1,A141,A151,3,A171,1,A191,A201,A91,0.500138,POSITIVE
A11,61,A32,A47,10314,A61,A71,1,A101,1,A121,0,A141,A151,3,A173,1,A191,A201,A91,0.499181,NEGATIVE
A11,61,A32,A47,10314,A61,A71,1,A101,1,A121,1,A141,A151,3,A173,1,A191,A201,A91,0.500348,POSITIVE
A11,61,A32,A47,10317,A61,A71,1,A101,1,A121,0,A141,A151,3,A171,1,A191,A201,A91,0.499956,NEGATIVE
A11,61,A32,A47,10317,A61,A71,1,A101,1,A121,1,A141,A151,3,A171,1,A191,A201,A91,0.501123,POSITIVE
A11,61,A32,A47,10314,A61,A71,1,A101,1,A121,0,A141,A151,1,A171,1,A191,A201,A91,0.499203,NEGATIVE
A11,61,A32,A47,10314,A61,A71,1,A101,1,A121,1,A141,A151,1,A171,1,A191,A201,A91,0.500370,POSITIVE
A11,51,A32,A48,10353,A61,A71,3,A103,3,A121,0,A141,A151,3,A171,1,A191,A201,A91,0.499709,NEGATIVE
A11,51,A32,A48,10353,A61,A71,3,A103,3,A121,1,A141,A151,3,A171,1,A191,A201,A91,0.500877,POSITIVE
A11,51,A32,A48,10353,A61,A71,1,A103,3,A121,0,A141,A151,3,A173,1,A191,A201,A91,0.499919,NEGATIVE
A11,51,A32,A48,10353,A61,A71,1,A103,3,A121,1,A141,A151,3,A173,1,A191,A201,A91,0.501087,POSITIVE
A11,51,A32,A48,10353,A61,A71,1,A103,3,A121,0,A141,A151,1,A173,1,A191,A201,A91,0.498899,NEGATIVE
A11,51,A32,A48,10353,A61,A71,1,A103,3,A121,1,A141,A151,1,A173,1,A191,A201,A91,0.500067,POSITIVE
A11,51,A32,A48,10353,A61,A71,1,A101,3,A121,0,A141,A151,3,A171,1,A191,A201,A91,0.499769,NEGATIVE
A11,51,A32,A48,10353,A61,A71,1,A101,3,A121,1,A141,A151,3,A171,1,A191,A201,A91,0.500936,POSITIVE
A11,51,A30,A48,10353,A61,A71,1,A103,3,A121,0,A141,A151,3,A171,1,A191,A201,A91,0.499459,NEGATIVE
A11,51,A30,A48,10353,A61,A71,1,A103,3,A121,1,A141,A151,3,A171,1,A191,A201,A91,0.500626,POSITIVE
A11,51,A32,A48,10353,A61,A71,1,A103,3,A121,0,A141,A151,1,A171,1,A191,A201,A91,0.499941,NEGATIVE
A11,51,A32,A48,10353,A61,A71,1,A103,3,A121,1,A141,A151,1,A171,1,A191,A201,A91,0.501109,POSITIVE
A11,41,A32,A48,10353,A61,A71,3,A103,3,A121,0,A141,A151,3,A173,1,A191,A201,A91,0.499704,NEGATIVE
A11,41,A32,A48,10353,A61,A71,3,A103,3,A121,1,A141,A151,3,A173,1,A191,A201,A91,0.500871,POSITIVE
A11,41,A32,A48,10353,A61,A71,3,A101,3,A121,0,A141,A151,3,A171,1,A191,A201,A91,0.499553,NEGATIVE
A11,41,A32,A48,10353,A61,A71,3,A101,3,A121,1,A141,A151,3,A171,1,A191,A201,A91,0.500720,POSITIVE
A11,41,A30,A48,10353,A61,A71,3,A103,3,A121,0,A141,A151,3,A171,1,A191,A201,A91,0.499243,NEGATIVE
A11,41,A30,A48,10353,A61,A71,3,A103,3,A121,1,A141,A151,3,A171,1,A191,A201,A91,0.500410,POSITIVE
A11,41,A32,A48,10353,A61,A71,3,A103,3,A121,0,A141,A151,1,A171,1,A191,A201,A91,0.499726,NEGATIVE
A11,41,A32,A48,10353,A61,A71,3,A103,3,A121,1,A141,A151,1,A171,1,A191,A201,A91,0.500893,POSITIVE
A11,41,A32,A48,10353,A61,A71,1,A101,3,A121,0,A141,A151,3,A173,1,A191,A201,A91,0.499763,NEGATIVE
A11,41,A32,A48,10353,A61,A71,1,A101,3,A121,1,A141,A151,3,A173,1,A191,A201,A91,0.500930,POSITIVE
A11,41,A30,A48,10353,A61,A71,1,A103,3,A121,0,A141,A151,3,A173,1,A191,A201,A91,0.499453,NEGATIVE
A11,41,A30,A48,10353,A61,A71,1,A103,3,A121,1,A141,A151,3,A173,1,A191,A201,A91,0.500620,POSITIVE
A11,41,A32,A48,10353,A61,A71,1,A103,3,A121,0,A141,A151,1,A173,1,A191,A201,A91,0.499936,NEGATIVE
A11,41,A32,A48,10353,A61,A71,1,A103,3,A121,1,A141,A151,1,A173,1,A191,A201,A91,0.501103,POSITIVE
A13,48,A32,A49,10383,A63,A73,1,A103,3,A123,0,A143,A153,3,A172,1,A192,A202,A92,0.498870,NEGATIVE
A13,48,A32,A49,10383,A63,A73,1,A103,3,A123,1,A143,A153,3,A172,1,A192,A202,A92,0.500036,POSITIVE
A11,51,A32,A48,10353,A61,A71,3,A103,1,A121,0,A141,A151,3,A173,1,A191,A201,A91,0.499993,NEGATIVE
A11,51,A32,A48,10353,A61,A71,3,A103,1,A121,1,A141,A151,3,A173,1,A191,A201,A91,0.501160,POSITIVE
A11,51,A32,A48,10353,A61,A71,3,A103,1,A121,0,A141,A151,1,A173,1,A191,A201,A91,0.498973,NEGATIVE
A11,51,A32,A48,10353,A61,A71,3,A103,1,A121,1,A141,A151,1,A173,1,A191,A201,A91,0.500140,POSITIVE
A11,51,A32,A48,10353,A61,A71,3,A101,1,A121,0,A141,A151,3,A171,1,A191,A201,A91,0.499842,NEGATIVE
A11,51,A32,A48,10353,A61,A71,3,A101,1,A121,1,A141,A151,3,A171,1,A191,A201,A91,0.501009,POSITIVE
A11,51,A30,A48,10353,A61,A71,3,A103,1,A121,0,A141,A151,3,A171,1,A191,A201,A91,0.499532,NEGATIVE
A11,51,A30,A48,10353,A61,A71,3,A103,1,A121,1,A141,A151,3,A171,1,A191,A201,A91,0.500699,POSITIVE
A11,51,A32,A48,10356,A61,A71,3,A103,1,A121,0,A141,A151,1,A171,1,A191,A201,A91,0.499716,NEGATIVE
A11,51,A32,A48,10356,A61,A71,3,A103,1,A121,1,A141,A151,1,A171,1,A191,A201,A91,0.500883,POSITIVE
A11,51,A32,A48,10356,A61,A71,1,A101,1,A121,0,A141,A151,3,A173,1,A191,A201,A91,0.499873,NEGATIVE
A11,51,A32,A48,10356,A61,A71,1,A101,1,A121,1,A141,A151,3,A173,1,A191,A201,A91,0.501040,POSITIVE
A11,51,A30,A48,10353,A61,A71,1,A103,1,A121,0,A141,A151,3,A173,1,A191,A201,A91,0.499742,NEGATIVE
A11,51,A30,A48,10353,A61,A71,1,A103,1,A121,1,A141,A151,3,A173,1,A191,A201,A91,0.500909,POSITIVE
A11,51,A32,A48,10353,A61,A71,1,A101,1,A121,0,A141,A151,1,A173,1,A191,A201,A91,0.499032,NEGATIVE
A11,51,A32,A48,10353,A61,A71,1,A101,1,A121,1,A141,A151,1,A173,1,A191,A201,A91,0.500199,POSITIVE
A12,54,A31,A48,10368,A62,A72,1,A102,1,A122,0,A142,A152,2,A171,1,A191,A201,A91,0.498865,NEGATIVE
A12,54,A31,A48,10368,A62,A72,1,A102,1,A122,1,A142,A152,2,A171,1,A191,A201,A91,0.500032,POSITIVE
A11,41,A30,A48,10353,A61,A71,1,A101,1,A121,0,A141,A151,1,A171,1,A191,A201,A91,0.499608,NEGATIVE
A11,41,A30,A48,10353,A61,A71,1,A101,1,A121,1,A141,A151,1,A171,1,A191,A201,A91,0.500775,POSITIVE
A11,51,A32,A48,10314,A61,A71,3,A103,3,A121,0,A141,A151,3,A173,1,A191,A201,A91,0.499716,NEGATIVE
A11,51,A32,A48,10314,A61,A71,3,A103,3,A121,1,A141,A151,3,A173,1,A191,A201,A91,0.500883,POSITIVE
A11,51,A32,A48,10314,A61,A71,3,A101,3,A121,0,A141,A151,3,A171,1,A191,A201,A91,0.499565,NEGATIVE
A11,51,A32,A48,10314,A61,A71,3,A101,3,A121,1,A141,A151,3,A171,1,A191,A201,A91,0.500732,POSITIVE
A11,51,A30,A48,10314,A61,A71,3,A103,3,A121,0,A141,A151,3,A171,1,A191,A201,A91,0.499255,NEGATIVE
A11,51,A30,A48,10314,A61,A71,3,A103,3,A121,1,A141,A151,3,A171,1,A191,A201,A91,0.500422,POSITIVE
A11,51,A32,A48,10314,A61,A71,3,A103,3,A121,0,A141,A151,1,A171,1,A191,A201,A91,0.499738,NEGATIVE
A11,51,A32,A48,10314,A61,A71,3,A103,3,A121,1,A141,A151,1,A171,1,A191,A201,A91,0.500905,POSITIVE
A11,51,A32,A48,10314,A61,A71,1,A101,3,A121,0,A141,A151,3,A173,1,A191,A201,A91,0.499775,NEGATIVE
A11,51,A32,A48,10314,A61,A71,1,A101,3,A121,1,A141,A151,3,A173,1,A191,A201,A91,0.500942,POSITIVE
A11,51,A30,A48,10314,A61,A71,1,A103,3,A121,0,A141,A151,3,A173,1,A191,A201,A91,0.499466,NEGATIVE
A11,51,A30,A48,10314,A61,A71,1,A103,3,A121,1,A141,A151,3,A173,1,A191,A201,A91,0.500632,POSITIVE
A11,51,A32,A48,10314,A61,A71,1,A103,3,A121,0,A141,A151,1,A173,1,A191,A201,A91,0.499948,NEGATIVE
A11,51,A32,A48,10314,A61,A71,1,A103,3,A121,1,A141,A151,1,A173,1,A191,A201,A91,0.501115,POSITIVE
A13,58,A32,A49,10344,A63,A73,1,A103,3,A123,0,A143,A153,3,A172,1,A192,A202,A92,0.498881,NEGATIVE
A13,58,A32,A49,10344,A63,A73,1,A103,3,A123,1,A143,A153,3,A172,1,A192,A202,A92,0.500048,POSITIVE
A11,41,A30,A48,10314,A61,A71,1,A101,3,A121,0,A141,A151,1,A171,1,A191,A201,A91,0.499332,NEGATIVE
A11,41,A30,A48,10314,A61,A71,1,A101,3,A121,1,A141,A151,1,A171,1,A191,A201,A91,0.500499,POSITIVE
A11,51,A30,A48,10314,A61,A71,1,A101,1,A121,0,A141,A151,1,A171,1,A191,A201,A91,0.499620,NEGATIVE
A11,51,A30,A48,10314,A61,A71,1,A101,1,A121,1,A141,A151,1,A171,1,A191,A201,A91,0.500787,POSITIVE
A12,45,A31,A49,10333,A62,A72,2,A102,1,A122,0,A142,A152,2,A173,1,A192,A202,A92,0.499877,NEGATIVE
A12,45,A31,A49,10333,A62,A72,2,A102,1,A122,1,A142,A152,2,A173,1,A192,A202,A92,0.501043,POSITIVE
A11,51,A32,A47,10353,A61,A71,1,A101,3,A121,0,A141,A151,3,A171,1,A191,A201,A91,0.498886,NEGATIVE
A11,51,A32,A47,10353,A61,A71,1,A101,3,A121,1,A141,A151,3,A171,1,A191,A201,A91,0.500053,POSITIVE
A11,41,A32,A47,10353,A61,A71,1,A101,3,A121,0,A141,A151,3,A173,1,A191,A201,A91,0.498881,NEGATIVE
A11,41,A32,A47,10353,A61,A71,1,A101,3,A121,1,A141,A151,3,A173,1,A191,A201,A91,0.500047,POSITIVE
A11,41,A32,A47,10353,A61,A71,1,A101,3,A121,0,A141,A151,3,A171,1,A191,A201,A91,0.499923,NEGATIVE
A11,41,A32,A47,10353,A61,A71,1,A101,3,A121,1,A141,A151,3,A171,1,A191,A201,A91,0.501090,POSITIVE
A11,41,A32,A47,10353,A61,A71,1,A101,3,A121,0,A141,A151,1,A171,1,A191,A201,A91,0.498902,NEGATIVE
A11,41,A32,A47,10353,A61,A71,1,A101,3,A121,1,A141,A151,1,A171,1,A191,A201,A91,0.500070,POSITIVE
A11,51,A32,A47,10353,A61,A71,3,A101,1,A121,0,A141,A151,3,A171,1,A191,A201,A91,0.498959,NEGATIVE
A11,51,A32,A47,10353,A61,A71,3,A101,1,A121,1,A141,A151,3,A171,1,A191,A201,A91,0.500126,POSITIVE
A11,51,A32,A47,10353,A61,A71,1,A101,1,A121,0,A141,A151,3,A173,1,A191,A201,A91,0.499169,NEGATIVE
A11,51,A32,A47,10353,A61,A71,1,A101,1,A121,1,A141,A151,3,A173,1,A191,A201,A91,0.500336,POSITIVE
A11,51,A32,A47,10356,A61,A71,1,A101,1,A121,0,A141,A151,3,A171,1,A191,A201,A91,0.499944,NEGATIVE
A11,51,A32,A47,10356,A61,A71,1,A101,1,A121,1,A141,A151,3,A171,1,A191,A201,A91,0.501111,POSITIVE
A11,51,A32,A47,10353,A61,A71,1,A101,1,A121,0,A141,A151,1,A171,1,A191,A201,A91,0.499191,NEGATIVE
A11,51,A32,A47,10353,A61,A71,1,A101,1,A121,1,A141,A151,1,A171,1,A191,A201,A91,0.500359,POSITIVE
A11,41,A32,A47,10353,A61,A71,3,A101,1,A121,0,A141,A151,3,A173,1,A191,A201,A91,0.498954,NEGATIVE
A11,41,A32,A47,10353,A61,A71,3,A101,1,A121,1,A141,A151,3,A173,1,A191,A201,A91,0.500121,POSITIVE
A11,41,A32,A47,10353,A61,A71,3,A101,1,A121,0,A141,A151,3,A171,1,A191,A201,A91,0.499995,NEGATIVE
A11,41,A32,A47,10353,A61,A71,3,A101,1,A121,1,A141,A151,3,A171,1,A191,A201,A91,0.501163,POSITIVE
A11,41,A32,A47,10353,A61,A71,3,A101,1,A121,0,A141,A151,1,A171,1,A191,A201,A91,0.498976,NEGATIVE
A11,41,A32,A47,10353,A61,A71,3,A101,1,A121,1,A141,A151,1,A171,1,A191,A201,A91,0.500143,POSITIVE
A11,41,A32,A47,10356,A61,A71,1,A101,1,A121,0,A141,A151,3,A173,1,A191,A201,A91,0.499938,NEGATIVE
A11,41,A32,A47,10356,A61,A71,1,A101,1,A121,1,A141,A151,3,A173,1,A191,A201,A91,0.501106,POSITIVE
A11,41,A32,A47,10353,A61,A71,1,A101,1,A121,0,A141,A151,1,A173,1,A191,A201,A91,0.499186,NEGATIVE
A11,41,A32,A47,10353,A61,A71,1,A101,1,A121,1,A141,A151,1,A173,1,A191,A201,A91,0.500353,POSITIVE
A11,41,A30,A47,10353,A61,A71,1,A101,1,A121,0,A141,A151,3,A171,1,A191,A201,A91,0.499745,NEGATIVE
A11,41,A30,A47,10353,A61,A71,1,A101,1,A121,1,A141,A151,3,A171,1,A191,A201,A91,0.500912,POSITIVE
A11,41,A32,A47,10356,A61,A71,1,A101,1,A121,0,A141,A151,1,A171,1,A191,A201,A91,0.499961,NEGATIVE
A11,41,A32,A47,10356,A61,A71,1,A101,1,A121,1,A141,A151,1,A171,1,A191,A201,A91,0.501127,POSITIVE
A11,41,A32,A45,10353,A61,A71,1,A101,1,A121,0,A141,A151,3,A171,1,A191,A201,A91,0.499482,NEGATIVE
A11,41,A32,A45,10353,A61,A71,1,A101,1,A121,1,A141,A151,3,A171,1,A191,A201,A91,0.500650,POSITIVE
A11,51,A32,A47,10314,A61,A71,1,A101,3,A121,0,A141,A151,3,A173,1,A191,A201,A91,0.498892,NEGATIVE
A11,51,A32,A47,10314,A61,A71,1,A101,3,A121,1,A141,A151,3,A173,1,A191,A201,A91,0.500060,POSITIVE
A11,51,A32,A47,10314,A61,A71,1,A101,3,A121,0,A141,A151,3,A171,1,A191,A201,A91,0.499935,NEGATIVE
A11,51,A32,A47,10314,A61,A71,1,A101,3,A121,1,A141,A151,3,A171,1,A191,A201,A91,0.501102,POSITIVE
A11,51,A32,A47,10314,A61,A71,1,A101,3,A121,0,A141,A151,1,A171,1,A191,A201,A91,0.498915,NEGATIVE
A11,51,A32,A47,10314,A61,A71,1,A101,3,A121,1,A141,A151,1,A171,1,A191,A201,A91,0.500082,POSITIVE
A11,41,A32,A47,10314,A61,A71,3,A101,3,A121,0,A141,A151,3,A171,1,A191,A201,A91,0.499719,NEGATIVE
A11,41,A32,A47,10314,A61,A71,3,A101,3,A121,1,A141,A151,3,A171,1,A191,A201,A91,0.500886,POSITIVE
A11,41,A32,A47,10314,A61,A71,1,A101,3,A121,0,A141,A151,3,A173,1,A191,A201,A91,0.499929,NEGATIVE
A11,41,A32,A47,10314,A61,A71,1,A101,3,A121,1,A141,A151,3,A173,1,A191,A201,A91,0.501096,POSITIVE
A11,41,A32,A47,10314,A61,A71,1,A101,3,A121,0,A141,A151,1,A173,1,A191,A201,A91,0.498909,NEGATIVE
A11,41,A32,A47,10314,A61,A71,1,A101,3,A121,1,A141,A151,1,A173,1,A191,A201,A91,0.500076,POSITIVE
A11,41,A30,A47,10314,A61,A71,1,A101,3,A121,0,A141,A151,3,A171,1,A191,A201,A91,0.499469,NEGATIVE
A11,41,A30,A47,10314,A61,A71,1,A101,3,A121,1,A141,A151,3,A171,1,A191,A201,A91,0.500636,POSITIVE
A11,41,A32,A47,10314,A61,A71,1,A101,3,A121,0,A141,A151,1,A171,1,A191,A201,A91,0.499951,NEGATIVE
A11,41,A32,A47,10314,A61,A71,1,A101,3,A121,1,A141,A151,1,A171,1,A191,A201,A91,0.501118,POSITIVE
A11,41,A32,A45,10314,A61,A71,1,A101,3,A121,0,A141,A151,3,A171,1,A191,A201,A91,0.499206,NEGATIVE
A11,41,A32,A45,10314,A61,A71,1,A101,3,A121,1,A141,A151,3,A171,1,A191,A201,A91,0.500372,POSITIVE
A11,51,A32,A47,10314,A61,A71,3,A101,1,A121,0,A141,A151,3,A173,1,A191,A201,A91,0.498966,NEGATIVE
A11,51,A32,A47,10314,A61,A71,3,A101,1,A121,1,A141,A151,3,A173,1,A191,A201,A91,0.500133,POSITIVE
A11,51,A32,A47,10317,A61,A71,3,A101,1,A121,0,A141,A151,3,A171,1,A191,A201,A91,0.499740,NEGATIVE
A11,51,A32,A47,10317,A61,A71,3,A101,1,A121,1,A141,A151,3,A171,1,A191,A201,A91,0.500907,POSITIVE
A11,51,A32,A47,10314,A61,A71,3,A101,1,A121,0,A141,A151,1,A171,1,A191,A201,A91,0.498988,NEGATIVE
A11,51,A32,A47,10314,A61,A71,3,A101,1,A121,1,A141,A151,1,A171,1,A191,A201,A91,0.500155,POSITIVE
A11,51,A32,A47,10317,A61,A71,1,A101,1,A121,0,A141,A151,3,A173,1,A191,A201,A91,0.499951,NEGATIVE
A11,51,A32,A47,10317,A61,A71,1,A101,1,A121,1,A141,A151,3,A173,1,A191,A201,A91,0.501117,POSITIVE
A11,51,A32,A47,10314,A61,A71,1,A101,1,A121,0,A141,A151,1,A173,1,A191,A201,A91,0.499198,NEGATIVE
A11,51,A32,A47,10314,A61,A71,1,A101,1,A121,1,A141,A151,1,A173,1,A191,A201,A91,0.500365,POSITIVE
A11,51,A30,A47,10314,A61,A71,1,A101,1,A121,0,A141,A151,3,A171,1,A191,A201,A91,0.499757,NEGATIVE
A11,51,A30,A47,10314,A61,A71,1,A101,1,A121,1,A141,A151,3,A171,1,A191,A201,A91,0.500925,POSITIVE
A11,51,A32,A47,10317,A61,A71,1,A101,1,A121,0,A141,A151,1,A171,1,A191,A201,A91,0.499972,NEGATIVE
A11,51,A32,A47,10317,A61,A71,1,A101,1,A121,1,A141,A151,1,A171,1,A191,A201,A91,0.501139,POSITIVE
A11,51,A32,A45,10314,A61,A71,1,A101,1,A121,0,A141,A151,3,A171,1,A191,A201,A91,0.499494,NEGATIVE
A11,51,A32,A45,10314,A61,A71,1,A101,1,A121,1,A141,A151,3,A171,1,A191,A201,A91,0.500661,POSITIVE
A11,41,A32,A47,10317,A61,A71,3,A101,1,A121,0,A141,A151,3,A173,1,A191,A201,A91,0.499734,NEGATIVE
A11,41,A32,A47,10317,A61,A71,3,A101,1,A121,1,A141,A151,3,A173,1,A191,A201,A91,0.500902,POSITIVE
A11,41,A32,A47,10314,A61,A71,3,A101,1,A121,0,A141,A151,1,A173,1,A191,A201,A91,0.498982,NEGATIVE
A11,41,A32,A47,10314,A61,A71,3,A101,1,A121,1,A141,A151,1,A173,1,A191,A201,A91,0.500149,POSITIVE
A11,41,A30,A47,10314,A61,A71,3,A101,1,A121,0,A141,A151,3,A171,1,A191,A201,A91,0.499542,NEGATIVE
A11,41,A30,A47,10314,A61,A71,3,A101,1,A121,1,A141,A151,3,A171,1,A191,A201,A91,0.500709,POSITIVE
A11,41,A32,A47,10317,A61,A71,3,A101,1,A121,0,A141,A151,1,A171,1,A191,A201,A91,0.499757,NEGATIVE
A11,41,A32,A47,10317,A61,A71,3,A101,1,A121,1,A141,A151,1,A171,1,A191,A201,A91,0.500924,POSITIVE
A11,41,A32,A45,10314,A61,A71,3,A101,1,A121,0,A141,A151,3,A171,1,A191,A201,A91,0.499278,NEGATIVE
A11,41,A32,A45,10314,A61,A71,3,A101,1,A121,1,A141,A151,3,A171,1,A191,A201,A91,0.500446,POSITIVE
A11,41,A30,A47,10314,A61,A71,1,A101,1,A121,0,A141,A151,1,A171,1,A191,A201,A91,0.499774,NEGATIVE
A11,41,A30,A47,10314,A61,A71,1,A101,1,A121,1,A141,A151,1,A171,1,A191,A201,A91,0.500941,POSITIVE
A11,41,A32,A45,10314,A61,A71,1,A101,1,A121,0,A141,A151,3,A173,1,A191,A201,A91,0.499488,NEGATIVE
A11,41,A32,A45,10314,A61,A71,1,A101,1,A121,1,A141,A151,3,A173,1,A191,A201,A91,0.500656,POSITIVE
A11,41,A30,A45,10314,A61,A71,1,A101,1,A121,0,A141,A151,3,A171,1,A191,A201,A91,0.499028,NEGATIVE
A11,41,A30,A45,10314,A61,A71,1,A101,1,A121,1,A141,A151,3,A171,1,A191,A201,A91,0.500195,POSITIVE
A11,41,A32,A45,10314,A61,A71,1,A101,1,A121,0,A141,A151,1,A171,1,A191,A201,A91,0.499511,NEGATIVE
A11,41,A32,A45,10314,A61,A71,1,A101,1,A121,1,A141,A151,1,A171,1,A191,A201,A91,0.500678,POSITIVE
A11,41,A32,A43,10353,A61,A71,1,A103,1,A121,0,A141,A151,3,A171,1,A191,A201,A91,0.498909,NEGATIVE
A11,41,A32,A43,10353,A61,A71,1,A103,1,A121,1,A141,A151,3,A171,1,A191,A201,A91,0.500077,POSITIVE
A11,51,A32,A43,10314,A61,A71,1,A103,1,A121,0,A141,A151,3,A171,1,A191,A201,A91,0.498921,NEGATIVE
A11,51,A32,A43,10314,A61,A71,1,A103,1,A121,1,A141,A151,3,A171,1,A191,A201,A91,0.500088,POSITIVE
A11,41,A32,A43,10314,A61,A71,1,A103,1,A121,0,A141,A151,3,A173,1,A191,A201,A91,0.498916,NEGATIVE
A11,41,A32,A43,10314,A61,A71,1,A103,1,A121,1,A141,A151,3,A173,1,A191,A201,A91,0.500083,POSITIVE
A11,41,A32,A43,10314,A61,A71,1,A103,1,A121,0,A141,A151,3,A171,1,A191,A201,A91,0.499958,NEGATIVE
A11,41,A32,A43,10314,A61,A71,1,A103,1,A121,1,A141,A151,3,A171,1,A191,A201,A91,0.501125,POSITIVE
A11,41,A32,A43,10314,A61,A71,1,A103,1,A121,0,A141,A151,1,A171,1,A191,A201,A91,0.498938,NEGATIVE
A11,41,A32,A43,10314,A61,A71,1,A103,1,A121,1,A141,A151,1,A171,1,A191,A201,A91,0.500105,POSITIVE
A11,31,A32,A48,10431,A61,A71,3,A103,3,A121,0,A141,A151,3,A171,1,A191,A201,A91,0.499685,NEGATIVE
A11,31,A32,A48,10431,A61,A71,3,A103,3,A121,1,A141,A151,3,A171,1,A191,A201,A91,0.500853,POSITIVE
A11,31,A32,A48,10431,A61,A71,1,A103,3,A121,0,A141,A151,3,A173,1,A191,A201,A91,0.499895,NEGATIVE
A11,31,A32,A48,10431,A61,A71,1,A103,3,A121,1,A141,A151,3,A173,1,A191,A201,A91,0.501062,POSITIVE
A11,31,A32,A48,10431,A61,A71,1,A103,3,A121,0,A141,A151,1,A173,1,A191,A201,A91,0.498875,NEGATIVE
A11,31,A32,A48,10431,A61,A71,1,A103,3,A121,1,A141,A151,1,A173,1,A191,A201,A91,0.500043,POSITIVE
A11,31,A32,A48,10431,A61,A71,1,A101,3,A121,0,A141,A151,3,A171,1,A191,A201,A91,0.499744,NEGATIVE
A11,31,A32,A48,10431,A61,A71,1,A101,3,A121,1,A141,A151,3,A171,1,A191,A201,A91,0.500912,POSITIVE
A11,31,A30,A48,10431,A61,A71,1,A103,3,A121,0,A141,A151,3,A171,1,A191,A201,A91,0.499435,NEGATIVE
A11,31,A30,A48,10431,A61,A71,1,A103,3,A121,1,A141,A151,3,A171,1,A191,A201,A91,0.500602,POSITIVE
A11,31,A32,A48,10431,A61,A71,1,A103,3,A121,0,A141,A151,1,A171,1,A191,A201,A91,0.499918,NEGATIVE
A11,31,A32,A48,10431,A61,A71,1,A103,3,A121,1,A141,A151,1,A171,1,A191,A201,A91,0.501085,POSITIVE
A11,21,A32,A48,10431,A61,A71,3,A103,3,A121,0,A141,A151,3,A173,1,A191,A201,A91,0.499680,NEGATIVE
A11,21,A32,A48,10431,A61,A71,3,A103,3,A121,1,A141,A151,3,A173,1,A191,A201,A91,0.500847,POSITIVE
A11,21,A32,A48,10431,A61,A71,3,A101,3,A121,0,A141,A151,3,A171,1,A191,A201,A91,0.499529,NEGATIVE
A11,21,A32,A48,10431,A61,A71,3,A101,3,A121,1,A141,A151,3,A171,1,A191,A201,A91,0.500696,POSITIVE
A11,21,A30,A48,10431,A61,A71,3,A103,3,A121,0,A141,A151,3,A171,1,A191,A201,A91,0.499219,NEGATIVE
A11,21,A30,A48,10431,A61,A71,3,A103,3,A121,1,A141,A151,3,A171,1,A191,A201,A91,0.500387,POSITIVE
A11,21,A32,A48,10431,A61,A71,3,A103,3,A121,0,A141,A151,1,A171,1,A191,A201,A91,0.499702,NEGATIVE
A11,21,A32,A48,10431,A61,A71,3,A103,3,A121,1,A141,A151,1,A171,1,A191,A201,A91,0.500869,POSITIVE
A11,21,A32,A48,10431,A61,A71,1,A101,3,A121,0,A141,A151,3,A173,1,A191,A201,A91,0.499739,NEGATIVE
A11,21,A32,A48,10431,A61,A71,1,A101,3,A121,1,A141,A151,3,A173,1,A191,A201,A91,0.500906,POSITIVE
A11,21,A30,A48,10431,A61,A71,1,A103,3,A121,0,A141,A151,3,A173,1,A191,A201,A91,0.499430,NEGATIVE
A11,21,A30,A48,10431,A61,A71,1,A103,3,A121,1,A141,A151,3,A173,1,A191,A201,A91,0.500597,POSITIVE
A11,21,A32,A48,10431,A61,A71,1,A103,3,A121,0,A141,A151,1,A173,1,A191,A201,A91,0.499912,NEGATIVE
A11,21,A32,A48,10431,A61,A71,1,A103,3,A121,1,A141,A151,1,A173,1,A191,A201,A91,0.501079,POSITIVE
A13,28,A32,A49,10461,A63,A73,1,A103,3,A123,0,A143,A153,3,A172,1,A192,A202,A92,0.498845,NEGATIVE
A13,28,A32,A49,10461,A63,A73,1,A103,3,A123,1,A143,A153,3,A172,1,A192,A202,A92,0.500012,POSITIVE
A11,31,A32,A48,10431,A61,A71,3,A103,1,A121,0,A141,A151,3,A173,1,A191,A201,A91,0.499969,NEGATIVE
A11,31,A32,A48,10431,A61,A71,3,A103,1,A121,1,A141,A151,3,A173,1,A191,A201,A91,0.501136,POSITIVE
A11,31,A32,A48,10431,A61,A71,3,A103,1,A121,0,A141,A151,1,A173,1,A191,A201,A91,0.498949,NEGATIVE
A11,31,A32,A48,10431,A61,A71,3,A103,1,A121,1,A141,A151,1,A173,1,A191,A201,A91,0.500116,POSITIVE
A11,31,A32,A48,10431,A61,A71,3,A101,1,A121,0,A141,A151,3,A171,1,A191,A201,A91,0.499818,NEGATIVE
A11,31,A32,A48,10431,A61,A71,3,A101,1,A121,1,A141,A151,3,A171,1,A191,A201,A91,0.500985,POSITIVE
A11,31,A30,A48,10431,A61,A71,3,A103,1,A121,0,A141,A151,3,A171,1,A191,A201,A91,0.499508,NEGATIVE
A11,31,A30,A48,10431,A61,A71,3,A103,1,A121,1,A141,A151,3,A171,1,A191,A201,A91,0.500675,POSITIVE
A11,31,A32,A48,10431,A61,A71,3,A103,1,A121,0,A141,A151,1,A171,1,A191,A201,A91,0.499991,NEGATIVE
A11,31,A32,A48,10431,A61,A71,3,A103,1,A121,1,A141,A151,1,A171,1,A191,A201,A91,0.501157,POSITIVE
A11,31,A32,A48,10434,A61,A71,1,A101,1,A121,0,A141,A151,3,A173,1,A191,A201,A91,0.499849,NEGATIVE
A11,31,A32,A48,10434,A61,A71,1,A101,1,A121,1,A141,A151,3,A173,1,A191,A201,A91,0.501016,POSITIVE
A11,31,A30,A48,10431,A61,A71,1,A103,1,A121,0,A141,A151,3,A173,1,A191,A201,A91,0.499718,NEGATIVE
A11,31,A30,A48,10431,A61,A71,1,A103,1,A121,1,A141,A151,3,A173,1,A191,A201,A91,0.500885,POSITIVE
A11,31,A32,A48,10431,A61,A71,1,A101,1,A121,0,A141,A151,1,A173,1,A191,A201,A91,0.499008,NEGATIVE
A11,31,A32,A48,10431,A61,A71,1,A101,1,A121,1,A141,A151,1,A173,1,A191,A201,A91,0.500175,POSITIVE
A12,34,A31,A48,10446,A62,A72,1,A102,1,A122,0,A142,A152,2,A171,1,A191,A201,A91,0.498841,NEGATIVE
A12,34,A31,A48,10446,A62,A72,1,A102,1,A122,1,A142,A152,2,A171,1,A191,A201,A91,0.500008,POSITIVE
A11,21,A30,A48,10431,A61,A71,1,A101,1,A121,0,A141,A151,1,A171,1,A191,A201,A91,0.499584,NEGATIVE
A11,21,A30,A48,10431,A61,A71,1,A101,1,A121,1,A141,A151,1,A171,1,A191,A201,A91,0.500751,POSITIVE
A11,31,A32,A48,10392,A61,A71,3,A103,3,A121,0,A141,A151,3,A173,1,A191,A201,A91,0.499692,NEGATIVE
A11,31,A32,A48,10392,A61,A71,3,A103,3,A121,1,A141,A151,3,A173,1,A191,A201,A91,0.500859,POSITIVE
A11,31,A32,A48,10392,A61,A71,3,A101,3,A121,0,A141,A151,3,A171,1,A191,A201,A91,0.499541,NEGATIVE
A11,31,A32,A48,10392,A61,A71,3,A101,3,A121,1,A141,A151,3,A171,1,A191,A201,A91,0.500708,POSITIVE
A11,31,A30,A48,10392,A61,A71,3,A103,3,A121,0,A141,A151,3,A171,1,A191,A201,A91,0.499231,NEGATIVE
A11,31,A30,A48,10392,A61,A71,3,A103,3,A121,1,A141,A151,3,A171,1,A191,A201,A91,0.500399,POSITIVE
A11,31,A32,A48,10392,A61,A71,3,A103,3,A121,0,A141,A151,1,A171,1,A191,A201,A91,0.499715,NEGATIVE
A11,31,A32,A48,10392,A61,A71,3,A103,3,A121,1,A141,A151,1,A171,1,A191,A201,A91,0.500881,POSITIVE
A11,31,A32,A48,10392,A61,A71,1,A101,3,A121,0,A141,A151,3,A173,1,A191,A201,A91,0.499752,NEGATIVE
A11,31,A32,A48,10392,A61,A71,1,A101,3,A121,1,A141,A151,3,A173,1,A191,A201,A91,0.500919,POSITIVE
A11,31,A30,A48,10392,A61,A71,1,A103,3,A121,0,A141,A151,3,A173,1,A191,A201,A91,0.499441,NEGATIVE
A11,31,A30,A48,10392,A61,A71,1,A103,3,A121,1,A141,A151,3,A173,1,A191,A201,A91,0.500609,POSITIVE
A11,31,A32,A48,10392,A61,A71,1,A103,3,A121,0,A141,A151,1,A173,1,A191,A201,A91,0.499924,NEGATIVE
A11,31,A32,A48,10392,A61,A71,1,A103,3,A121,1,A141,A151,1,A173,1,A191,A201,A91,0.501091,POSITIVE
A13,38,A32,A49,10422,A63,A73,1,A103,3,A123,0,A143,A153,3,A172,1,A192,A202,A92,0.498858,NEGATIVE
A13,38,A32,A49,10422,A63,A73,1,A103,3,A123,1,A143,A153,3,A172,1,A192,A202,A92,0.500025,POSITIVE
A11,21,A30,A48,10392,A61,A71,1,A101,3,A121,0,A141,A151,1,A171,1,A191,A201,A91,0.499308,NEGATIVE
A11,21,A30,A48,10392,A61,A71,1,A101,3,A121,1,A141,A151,1,A171,1,A191,A201,A91,0.500475,POSITIVE
A11,31,A30,A48,10392,A61,A71,1,A101,1,A121,0,A141,A151,1,A171,1,A191,A201,A91,0.499596,NEGATIVE
A11,31,A30,A48,10392,A61,A71,1,A101,1,A121,1,A141,A151,1,A171,1,A191,A201,A91,0.500763,POSITIVE
A12,25,A31,A49,10411,A62,A72,2,A102,1,A122,0,A142,A152,2,A173,1,A192,A202,A92,0.499853,NEGATIVE
A12,25,A31,A49,10411,A62,A72,2,A102,1,A122,1,A142,A152,2,A173,1,A192,A202,A92,0.501020,POSITIVE
A11,31,A32,A47,10431,A61,A71,1,A101,3,A121,0,A141,A151,3,A171,1,A191,A201,A91,0.498862,NEGATIVE
A11,31,A32,A47,10431,A61,A71,1,A101,3,A121,1,A141,A151,3,A171,1,A191,A201,A91,0.500029,POSITIVE
A11,21,A32,A47,10431,A61,A71,1,A101,3,A121,0,A141,A151,3,A173,1,A191,A201,A91,0.498856,NEGATIVE
A11,21,A32,A47,10431,A61,A71,1,A101,3,A121,1,A141,A151,3,A173,1,A191,A201,A91,0.500024,POSITIVE
A11,21,A32,A47,10431,A61,A71,1,A101,3,A121,0,A141,A151,3,A171,1,A191,A201,A91,0.499899,NEGATIVE
A11,21,A32,A47,10431,A61,A71,1,A101,3,A121,1,A141,A151,3,A171,1,A191,A201,A91,0.501066,POSITIVE
A11,21,A32,A47,10431,A61,A71,1,A101,3,A121,0,A141,A151,1,A171,1,A191,A201,A91,0.498879,NEGATIVE
A11,21,A32,A47,10431,A61,A71,1,A101,3,A121,1,A141,A151,1,A171,1,A191,A201,A91,0.500046,POSITIVE
A11,31,A32,A47,10431,A61,A71,3,A101,1,A121,0,A141,A151,3,A171,1,A191,A201,A91,0.498935,NEGATIVE
A11,31,A32,A47,10431,A61,A71,3,A101,1,A121,1,A141,A151,3,A171,1,A191,A201,A91,0.500102,POSITIVE
A11,31,A32,A47,10431,A61,A71,1,A101,1,A121,0,A141,A151,3,A173,1,A191,A201,A91,0.499145,NEGATIVE
A11,31,A32,A47,10431,A61,A71,1,A101,1,A121,1,A141,A151,3,A173,1,A191,A201,A91,0.500312,POSITIVE
A11,31,A32,A47,10434,A61,A71,1,A101,1,A121,0,A141,A151,3,A171,1,A191,A201,A91,0.499920,NEGATIVE
A11,31,A32,A47,10434,A61,A71,1,A101,1,A121,1,A141,A151,3,A171,1,A191,A201,A91,0.501087,POSITIVE
A11,31,A32,A47,10431,A61,A71,1,A101,1,A121,0,A141,A151,1,A171,1,A191,A201,A91,0.499167,NEGATIVE
A11,31,A32,A47,10431,A61,A71,1,A101,1,A121,1,A141,A151,1,A171,1,A191,A201,A91,0.500334,POSITIVE
A11,21,A32,A47,10431,A61,A71,3,A101,1,A121,0,A141,A151,3,A173,1,A191,A201,A91,0.498930,NEGATIVE
A11,21,A32,A47,10431,A61,A71,3,A101,1,A121,1,A141,A151,3,A173,1,A191,A201,A91,0.500097,POSITIVE
A11,21,A32,A47,10431,A61,A71,3,A101,1,A121,0,A141,A151,3,A171,1,A191,A201,A91,0.499971,NEGATIVE
A11,21,A32,A47,10431,A61,A71,3,A101,1,A121,1,A141,A151,3,A171,1,A191,A201,A91,0.501139,POSITIVE
A11,21,A32,A47,10431,A61,A71,3,A101,1,A121,0,A141,A151,1,A171,1,A191,A201,A91,0.498952,NEGATIVE
A11,21,A32,A47,10431,A61,A71,3,A101,1,A121,1,A141,A151,1,A171,1,A191,A201,A91,0.500119,POSITIVE
A11,21,A32,A47,10434,A61,A71,1,A101,1,A121,0,A141,A151,3,A173,1,A191,A201,A91,0.499915,NEGATIVE
A11,21,A32,A47,10434,A61,A71,1,A101,1,A121,1,A141,A151,3,A173,1,A191,A201,A91,0.501082,POSITIVE
A11,21,A32,A47,10431,A61,A71,1,A101,1,A121,0,A141,A151,1,A173,1,A191,A201,A91,0.499162,NEGATIVE
A11,21,A32,A47,10431,A61,A71,1,A101,1,A121,1,A141,A151,1,A173,1,A191,A201,A91,0.500329,POSITIVE
A11,21,A30,A47,10431,A61,A71,1,A101,1,A121,0,A141,A151,3,A171,1,A191,A201,A91,0.499721,NEGATIVE
A11,21,A30,A47,10431,A61,A71,1,A101,1,A121,1,A141,A151,3,A171,1,A191,A201,A91,0.500888,POSITIVE
A11,21,A32,A47,10434,A61,A71,1,A101,1,A121,0,A141,A151,1,A171,1,A191,A201,A91,0.499937,NEGATIVE
A11,21,A32,A47,10434,A61,A71,1,A101,1,A121,1,A141,A151,1,A171,1,A191,A201,A91,0.501104,POSITIVE
A11,21,A32,A45,10431,A61,A71,1,A101,1,A121,0,A141,A151,3,A171,1,A191,A201,A91,0.499458,NEGATIVE
A11,21,A32,A45,10431,A61,A71,1,A101,1,A121,1,A141,A151,3,A171,1,A191,A201,A91,0.500625,POSITIVE
A11,31,A32,A47,10392,A61,A71,1,A101,3,A121,0,A141,A151,3,A173,1,A191,A201,A91,0.498869,NEGATIVE
A11,31,A32,A47,10392,A61,A71,1,A101,3,A121,1,A141,A151,3,A173,1,A191,A201,A91,0.500036,POSITIVE
A11,31,A32,A47,10392,A61,A71,1,A101,3,A121,0,A141,A151,3,A171,1,A191,A201,A91,0.499911,NEGATIVE
A11,31,A32,A47,10392,A61,A71,1,A101,3,A121,1,A141,A151,3,A171,1,A191,A201,A91,0.501078,POSITIVE
A11,31,A32,A47,10392,A61,A71,1,A101,3,A121,0,A141,A151,1,A171,1,A191,A201,A91,0.498891,NEGATIVE
A11,31,A32,A47,10392,A61,A71,1,A101,3,A121,1,A141,A151,1,A171,1,A191,A201,A91,0.500058,POSITIVE
A11,21,A32,A47,10392,A61,A71,3,A101,3,A121,0,A141,A151,3,A171,1,A191,A201,A91,0.499695,NEGATIVE
A11,21,A32,A47,10392,A61,A71,3,A101,3,A121,1,A141,A151,3,A171,1,A191,A201,A91,0.500862,POSITIVE
A11,21,A32,A47,10392,A61,A71,1,A101,3,A121,0,A141,A151,3,A173,1,A191,A201,A91,0.499905,NEGATIVE
A11,21,A32,A47,10392,A61,A71,1,A101,3,A121,1,A141,A151,3,A173,1,A191,A201,A91,0.501072,POSITIVE
A11,21,A32,A47,10392,A61,A71,1,A101,3,A121,0,A141,A151,1,A173,1,A191,A201,A91,0.498885,NEGATIVE
A11,21,A32,A47,10392,A61,A71,1,A101,3,A121,1,A141,A151,1,A173,1,A191,A201,A91,0.500052,POSITIVE
A11,21,A30,A47,10392,A61,A71,1,A101,3,A121,0,A141,A151,3,A171,1,A191,A201,A91,0.499445,NEGATIVE
A11,21,A30,A47,10392,A61,A71,1,A101,3,A121,1,A141,A151,3,A171,1,A191,A201,A91,0.500612,POSITIVE
A11,21,A32,A47,10392,A61,A71,1,A101,3,A121,0,A141,A151,1,A171,1,A191,A201,A91,0.499927,NEGATIVE
A11,21,A32,A47,10392,A61,A71,1,A101,3,A121,1,A141,A151,1,A171,1,A191,A201,A91,0.501094,POSITIVE
A11,21,A32,A45,10392,A61,A71,1,A101,3,A121,0,A141,A151,3,A171,1,A191,A201,A91,0.499182,NEGATIVE
A11,21,A32,A45,10392,A61,A71,1,A101,3,A121,1,A141,A151,3,A171,1,A191,A201,A91,0.500348,POSITIVE
A11,31,A32,A47,10392,A61,A71,3,A101,1,A121,0,A141,A151,3,A173,1,A191,A201,A91,0.498942,NEGATIVE
A11,31,A32,A47,10392,A61,A71,3,A101,1,A121,1,A141,A151,3,A173,1,A191,A201,A91,0.500109,POSITIVE
A11,31,A32,A47,10392,A61,A71,3,A101,1,A121,0,A141,A151,3,A171,1,A191,A201,A91,0.499984,NEGATIVE
A11,31,A32,A47,10392,A61,A71,3,A101,1,A121,1,A141,A151,3,A171,1,A191,A201,A91,0.501151,POSITIVE
A11,31,A32,A47,10392,A61,A71,3,A101,1,A121,0,A141,A151,1,A171,1,A191,A201,A91,0.498964,NEGATIVE
A11,31,A32,A47,10392,A61,A71,3,A101,1,A121,1,A141,A151,1,A171,1,A191,A201,A91,0.500131,POSITIVE
A11,31,A32,A47,10395,A61,A71,1,A101,1,A121,0,A141,A151,3,A173,1,A191,A201,A91,0.499927,NEGATIVE
A11,31,A32,A47,10395,A61,A71,1,A101,1,A121,1,A141,A151,3,A173,1,A191,A201,A91,0.501094,POSITIVE
A11,31,A32,A47,10392,A61,A71,1,A101,1,A121,0,A141,A151,1,A173,1,A191,A201,A91,0.499174,NEGATIVE
A11,31,A32,A47,10392,A61,A71,1,A101,1,A121,1,A141,A151,1,A173,1,A191,A201,A91,0.500341,POSITIVE
A11,31,A30,A47,10392,A61,A71,1,A101,1,A121,0,A141,A151,3,A171,1,A191,A201,A91,0.499733,NEGATIVE
A11,31,A30,A47,10392,A61,A71,1,A101,1,A121,1,A141,A151,3,A171,1,A191,A201,A91,0.500900,POSITIVE
A11,31,A32,A47,10395,A61,A71,1,A101,1,A121,0,A141,A151,1,A171,1,A191,A201,A91,0.499948,NEGATIVE
A11,31,A32,A47,10395,A61,A71,1,A101,1,A121,1,A141,A151,1,A171,1,A191,A201,A91,0.501116,POSITIVE
A11,31,A32,A45,10392,A61,A71,1,A101,1,A121,0,A141,A151,3,A171,1,A191,A201,A91,0.499471,NEGATIVE
A11,31,A32,A45,10392,A61,A71,1,A101,1,A121,1,A141,A151,3,A171,1,A191,A201,A91,0.500637,POSITIVE
A11,21,A32,A47,10392,A61,A71,3,A101,1,A121,0,A141,A151,3,A173,1,A191,A201,A91,0.499978,NEGATIVE
A11,21,A32,A47,10392,A61,A71,3,A101,1,A121,1,A141,A151,3,A173,1,A191,A201,A91,0.501146,POSITIVE
A11,21,A32,A47,10392,A61,A71,3,A101,1,A121,0,A141,A151,1,A173,1,A191,A201,A91,0.498958,NEGATIVE
A11,21,A32,A47,10392,A61,A71,3,A101,1,A121,1,A141,A151,1,A173,1,A191,A201,A91,0.500125,POSITIVE
A11,21,A30,A47,10392,A61,A71,3,A101,1,A121,0,A141,A151,3,A171,1,A191,A201,A91,0.499518,NEGATIVE
A11,21,A30,A47,10392,A61,A71,3,A101,1,A121,1,A141,A151,3,A171,1,A191,A201,A91,0.500685,POSITIVE
A11,21,A32,A47,10395,A61,A71,3,A101,1,A121,0,A141,A151,1,A171,1,A191,A201,A91,0.499733,NEGATIVE
A11,21,A32,A47,10395,A61,A71,3,A101,1,A121,1,A141,A151,1,A171,1,A191,A201,A91,0.500900,POSITIVE
A11,21,A32,A45,10392,A61,A71,3,A101,1,A121,0,A141,A151,3,A171,1,A191,A201,A91,0.499255,NEGATIVE
A11,21,A32,A45,10392,A61,A71,3,A101,1,A121,1,A141,A151,3,A171,1,A191,A201,A91,0.500422,POSITIVE
A11,21,A30,A47,10392,A61,A71,1,A101,1,A121,0,A141,A151,1,A171,1,A191,A201,A91,0.499750,NEGATIVE
A11,21,A30,A47,10392,A61,A71,1,A101,1,A121,1,A141,A151,1,A171,1,A191,A201,A91,0.500917,POSITIVE
A11,21,A32,A45,10392,A61,A71,1,A101,1,A121,0,A141,A151,3,A173,1,A191,A201,A91,0.499465,NEGATIVE
A11,21,A32,A45,10392,A61,A71,1,A101,1,A121,1,A141,A151,3,A173,1,A191,A201,A91,0.500632,POSITIVE
A11,21,A30,A45,10392,A61,A71,1,A101,1,A121,0,A141,A151,3,A171,1,A191,A201,A91,0.499004,NEGATIVE
A11,21,A30,A45,10392,A61,A71,1,A101,1,A121,1,A141,A151,3,A171,1,A191,A201,A91,0.500172,POSITIVE
A11,21,A32,A45,10392,A61,A71,1,A101,1,A121,0,A141,A151,1,A171,1,A191,A201,A91,0.499487,NEGATIVE
A11,21,A32,A45,10392,A61,A71,1,A101,1,A121,1,A141,A151,1,A171,1,A191,A201,A91,0.500654,POSITIVE
A11,11,A30,A48,10431,A61,A71,1,A101,3,A121,0,A141,A151,1,A171,1,A191,A201,A91,0.499296,NEGATIVE
A11,11,A30,A48,10431,A61,A71,1,A101,3,A121,1,A141,A151,1,A171,1,A191,A201,A91,0.500463,POSITIVE
A12,14,A31,A48,10446,A62,A72,2,A102,1,A122,0,A142,A152,2,A172,1,A191,A201,A91,0.499997,NEGATIVE
A12,14,A31,A48,10446,A62,A72,2,A102,1,A122,1,A142,A152,2,A172,1,A191,A201,A91,0.501164,POSITIVE
A12,13,A31,A48,10403,A62,A72,1,A102,3,A122,0,A142,A152,1,A172,1,A191,A201,A91,0.499876,NEGATIVE
A12,13,A31,A48,10403,A62,A72,1,A102,3,A122,1,A142,A152,1,A172,1,A191,A201,A91,0.501043,POSITIVE
A11,11,A30,A48,10392,A61,A71,3,A101,1,A121,0,A141,A151,1,A173,1,A191,A201,A91,0.499375,NEGATIVE
A11,11,A30,A48,10392,A61,A71,3,A101,1,A121,1,A141,A151,1,A173,1,A191,A201,A91,0.500542,POSITIVE
A13,19,A31,A49,10426,A63,A73,3,A102,1,A123,0,A143,A153,3,A172,1,A192,A202,A92,0.499967,NEGATIVE
A13,19,A31,A49,10426,A63,A73,3,A102,1,A123,1,A143,A153,3,A172,1,A192,A202,A92,0.501134,POSITIVE
A13,19,A32,A49,10426,A63,A73,3,A102,1,A123,0,A143,A153,1,A172,1,A192,A202,A92,0.499773,NEGATIVE
A13,19,A32,A49,10426,A63,A73,3,A102,1,A123,1,A143,A153,1,A172,1,A192,A202,A92,0.500940,POSITIVE
A12,15,A31,A49,10411,A62,A72,3,A102,1,A122,0,A142,A152,1,A172,1,A192,A202,A92,0.499898,NEGATIVE
A12,15,A31,A49,10411,A62,A72,3,A102,1,A122,1,A142,A152,1,A172,1,A192,A202,A92,0.501065,POSITIVE
A13,19,A32,A49,10426,A63,A73,1,A102,1,A123,0,A143,A153,1,A174,1,A192,A202,A92,0.499982,NEGATIVE
A13,19,A32,A49,10426,A63,A73,1,A102,1,A123,1,A143,A153,1,A174,1,A192,A202,A92,0.501150,POSITIVE
A12,17,A31,A49,10418,A62,A72,1,A102,1,A122,0,A142,A152,1,A174,1,A192,A202,A92,0.499901,NEGATIVE
A12,17,A31,A49,10418,A62,A72,1,A102,1,A122,1,A142,A152,1,A174,1,A192,A202,A92,0.501068,POSITIVE
A12,2,A31,A48,10442,A62,A72,1,A102,3,A122,0,A142,A152,1,A172,1,A191,A201,A91,0.499936,NEGATIVE
A12,2,A31,A48,10442,A62,A72,1,A102,3,A122,1,A142,A152,1,A172,1,A191,A201,A91,0.501103,POSITIVE
A11,0,A30,A48,10431,A61,A71,3,A101,1,A121,0,A141,A151,1,A173,1,A191,A201,A91,0.499467,NEGATIVE
A11,0,A30,A48,10431,A61,A71,3,A101,1,A121,1,A141,A151,1,A173,1,A191,A201,A91,0.500635,POSITIVE
A13,8,A31,A49,10465,A63,A73,3,A102,1,A123,0,A143,A153,3,A172,1,A192,A202,A92,0.499965,NEGATIVE
A13,8,A31,A49,10465,A63,A73,3,A102,1,A123,1,A143,A153,3,A172,1,A192,A202,A92,0.501133,POSITIVE
A13,8,A32,A49,10465,A63,A73,3,A102,1,A123,0,A143,A153,1,A172,1,A192,A202,A92,0.499771,NEGATIVE
A13,8,A32,A49,10465,A63,A73,3,A102,1,A123,1,A143,A153,1,A172,1,A192,A202,A92,0.500938,POSITIVE
A12,5,A31,A49,10450,A62,A72,3,A102,1,A122,0,A142,A152,1,A172,1,A192,A202,A92,0.499938,NEGATIVE
A12,5,A31,A49,10450,A62,A72,3,A102,1,A122,1,A142,A152,1,A172,1,A192,A202,A92,0.501105,POSITIVE
A13,8,A32,A49,10465,A63,A73,1,A102,1,A123,0,A143,A153,1,A174,1,A192,A202,A92,0.499981,NEGATIVE
A13,8,A32,A49,10465,A63,A73,1,A102,1,A123,1,A143,A153,1,A174,1,A192,A202,A92,0.501148,POSITIVE
A12,6,A31,A49,10457,A62,A72,1,A102,1,A122,0,A142,A152,1,A174,1,A192,A202,A92,0.499920,NEGATIVE
A12,6,A31,A49,10457,A62,A72,1,A102,1,A122,1,A142,A152,1,A174,1,A192,A202,A92,0.501087,POSITIVE
A13,8,A32,A49,10426,A63,A73,3,A103,3,A123,0,A143,A153,3,A174,1,A192,A202,A92,0.499987,NEGATIVE
A13,8,A32,A49,10426,A63,A73,3,A103,3,A123,1,A143,A153,3,A174,1,A192,A202,A92,0.501154,POSITIVE
A13,8,A31,A49,10426,A63,A73,3,A102,1,A123,0,A143,A153,3,A174,1,A192,A202,A92,0.499972,NEGATIVE
A13,8,A31,A49,10426,A63,A73,3,A102,1,A123,1,A143,A153,3,A174,1,A192,A202,A92,0.501139,POSITIVE
A13,8,A32,A49,10426,A63,A73,3,A102,1,A123,0,A143,A153,1,A174,1,A192,A202,A92,0.499778,NEGATIVE
A13,8,A32,A49,10426,A63,A73,3,A102,1,A123,1,A143,A153,1,A174,1,A192,A202,A92,0.500945,POSITIVE
A12,5,A31,A49,10411,A62,A72,3,A102,1,A122,0,A142,A152,1,A174,1,A192,A202,A92,0.499945,NEGATIVE
A12,5,A31,A49,10411,A62,A72,3,A102,1,A122,1,A142,A152,1,A174,1,A192,A202,A92,0.501111,POSITIVE
A13,8,A31,A49,10426,A63,A73,3,A102,1,A123,0,A143,A153,1,A172,1,A192,A202,A92,0.499993,NEGATIVE
A13,8,A31,A49,10426,A63,A73,3,A102,1,A123,1,A143,A153,1,A172,1,A192,A202,A92,0.501160,POSITIVE
A11,11,A32,A47,10431,A61,A71,3,A101,3,A121,0,A141,A151,3,A171,1,A191,A201,A91,0.499684,NEGATIVE
A11,11,A32,A47,10431,A61,A71,3,A101,3,A121,1,A141,A151,3,A171,1,A191,A201,A91,0.500850,POSITIVE
A11,11,A32,A47,10431,A61,A71,1,A101,3,A121,0,A141,A151,3,A173,1,A191,A201,A91,0.499893,NEGATIVE
A11,11,A32,A47,10431,A61,A71,1,A101,3,A121,1,A141,A151,3,A173,1,A191,A201,A91,0.501060,POSITIVE
A11,11,A32,A47,10431,A61,A71,1,A101,3,A121,0,A141,A151,1,A173,1,A191,A201,A91,0.498873,NEGATIVE
A11,11,A32,A47,10431,A61,A71,1,A101,3,A121,1,A141,A151,1,A173,1,A191,A201,A91,0.500040,POSITIVE
A11,11,A30,A47,10431,A61,A71,1,A101,3,A121,0,A141,A151,3,A171,1,A191,A201,A91,0.499433,NEGATIVE
A11,11,A30,A47,10431,A61,A71,1,A101,3,A121,1,A141,A151,3,A171,1,A191,A201,A91,0.500600,POSITIVE
A11,11,A32,A47,10431,A61,A71,1,A101,3,A121,0,A141,A151,1,A171,1,A191,A201,A91,0.499915,NEGATIVE
A11,11,A32,A47,10431,A61,A71,1,A101,3,A121,1,A141,A151,1,A171,1,A191,A201,A91,0.501082,POSITIVE
A11,11,A32,A45,10431,A61,A71,1,A101,3,A121,0,A141,A151,3,A171,1,A191,A201,A91,0.499170,NEGATIVE
A11,11,A32,A45,10431,A61,A71,1,A101,3,A121,1,A141,A151,3,A171,1,A191,A201,A91,0.500336,POSITIVE
A11,11,A32,A47,10431,A61,A71,3,A101,1,A121,0,A141,A151,3,A173,1,A191,A201,A91,0.499967,NEGATIVE
A11,11,A32,A47,10431,A61,A71,3,A101,1,A121,1,A141,A151,3,A173,1,A191,A201,A91,0.501134,POSITIVE
A11,11,A32,A47,10431,A61,A71,3,A101,1,A121,0,A141,A151,1,A173,1,A191,A201,A91,0.498946,NEGATIVE
A11,11,A32,A47,10431,A61,A71,3,A101,1,A121,1,A141,A151,1,A173,1,A191,A201,A91,0.500113,POSITIVE
A11,11,A30,A47,10431,A61,A71,3,A101,1,A121,0,A141,A151,3,A171,1,A191,A201,A91,0.499506,NEGATIVE
A11,11,A30,A47,10431,A61,A71,3,A101,1,A121,1,A141,A151,3,A171,1,A191,A201,A91,0.500673,POSITIVE
A11,11,A32,A47,10431,A61,A71,3,A101,1,A121,0,A141,A151,1,A171,1,A191,A201,A91,0.499989,NEGATIVE
A11,11,A32,A47,10431,A61,A71,3,A101,1,A121,1,A141,A151,1,A171,1,A191,A201,A91,0.501156,POSITIVE
A11,11,A32,A45,10431,A61,A71,3,A101,1,A121,0,A141,A151,3,A171,1,A191,A201,A91,0.499243,NEGATIVE
A11,11,A32,A45,10431,A61,A71,3,A101,1,A121,1,A141,A151,3,A171,1,A191,A201,A91,0.500410,POSITIVE
A11,11,A30,A47,10431,A61,A71,1,A101,1,A121,0,A141,A151,1,A171,1,A191,A201,A91,0.499738,NEGATIVE
A11,11,A30,A47,10431,A61,A71,1,A101,1,A121,1,A141,A151,1,A171,1,A191,A201,A91,0.500905,POSITIVE
A11,11,A32,A45,10431,A61,A71,1,A101,1,A121,0,A141,A151,3,A173,1,A191,A201,A91,0.499453,NEGATIVE
A11,11,A32,A45,10431,A61,A71,1,A101,1,A121,1,A141,A151,3,A173,1,A191,A201,A91,0.500620,POSITIVE
A11,11,A30,A45,10431,A61,A71,1,A101,1,A121,0,A141,A151,3,A171,1,A191,A201,A91,0.498992,NEGATIVE
A11,11,A30,A45,10431,A61,A71,1,A101,1,A121,1,A141,A151,3,A171,1,A191,A201,A91,0.500159,POSITIVE
A11,11,A32,A45,10431,A61,A71,1,A101,1,A121,0,A141,A151,1,A171,1,A191,A201,A91,0.499475,NEGATIVE
A11,11,A32,A45,10431,A61,A71,1,A101,1,A121,1,A141,A151,1,A171,1,A191,A201,A91,0.500642,POSITIVE
A11,11,A32,A47,10392,A61,A71,3,A101,3,A121,0,A141,A151,3,A173,1,A191,A201,A91,0.499689,NEGATIVE
A11,11,A32,A47,10392,A61,A71,3,A101,3,A121,1,A141,A151,3,A173,1,A191,A201,A91,0.500857,POSITIVE
A11,11,A30,A47,10392,A61,A71,3,A101,3,A121,0,A141,A151,3,A171,1,A191,A201,A91,0.499229,NEGATIVE
A11,11,A30,A47,10392,A61,A71,3,A101,3,A121,1,A141,A151,3,A171,1,A191,A201,A91,0.500396,POSITIVE
A11,11,A32,A47,10392,A61,A71,3,A101,3,A121,0,A141,A151,1,A171,1,A191,A201,A91,0.499712,NEGATIVE
A11,11,A32,A47,10392,A61,A71,3,A101,3,A121,1,A141,A151,1,A171,1,A191,A201,A91,0.500879,POSITIVE
A11,11,A32,A45,10392,A61,A71,3,A101,3,A121,0,A141,A151,3,A171,1,A191,A201,A91,0.498966,NEGATIVE
A11,11,A32,A45,10392,A61,A71,3,A101,3,A121,1,A141,A151,3,A171,1,A191,A201,A91,0.500133,POSITIVE
A11,11,A30,A47,10392,A61,A71,1,A101,3,A121,0,A141,A151,1,A171,1,A191,A201,A91,0.499461,NEGATIVE
A11,11,A30,A47,10392,A61,A71,1,A101,3,A121,1,A141,A151,1,A171,1,A191,A201,A91,0.500629,POSITIVE
A11,11,A32,A45,10392,A61,A71,1,A101,3,A121,0,A141,A151,3,A173,1,A191,A201,A91,0.499176,NEGATIVE
A11,11,A32,A45,10392,A61,A71,1,A101,3,A121,1,A141,A151,3,A173,1,A191,A201,A91,0.500343,POSITIVE
A11,12,A32,A45,10399,A61,A71,1,A101,3,A121,0,A141,A151,3,A171,1,A191,A201,A91,0.499861,NEGATIVE
A11,12,A32,A45,10399,A61,A71,1,A101,3,A121,1,A141,A151,3,A171,1,A191,A201,A91,0.501028,POSITIVE
A11,11,A32,A45,10392,A61,A71,1,A101,3,A121,0,A141,A151,1,A171,1,A191,A201,A91,0.499198,NEGATIVE
A11,11,A32,A45,10392,A61,A71,1,A101,3,A121,1,A141,A151,1,A171,1,A191,A201,A91,0.500366,POSITIVE
A11,11,A30,A45,10392,A61,A71,1,A101,1,A121,0,A141,A151,1,A171,1,A191,A201,A91,0.499021,NEGATIVE
A11,11,A30,A45,10392,A61,A71,1,A101,1,A121,1,A141,A151,1,A171,1,A191,A201,A91,0.500188,POSITIVE
A11,0,A32,A47,10431,A61,A71,3,A101,3,A121,0,A141,A151,3,A173,1,A191,A201,A91,0.499781,NEGATIVE
A11,0,A32,A47,10431,A61,A71,3,A101,3,A121,1,A141,A151,3,A173,1,A191,A201,A91,0.500948,POSITIVE
A11,0,A30,A47,10431,A61,A71,3,A101,3,A121,0,A141,A151,3,A171,1,A191,A201,A91,0.499321,NEGATIVE
A11,0,A30,A47,10431,A61,A71,3,A101,3,A121,1,A141,A151,3,A171,1,A191,A201,A91,0.500488,POSITIVE
A11,0,A32,A47,10431,A61,A71,3,A101,3,A121,0,A141,A151,1,A171,1,A191,A201,A91,0.499804,NEGATIVE
A11,0,A32,A47,10431,A61,A71,3,A101,3,A121,1,A141,A151,1,A171,1,A191,A201,A91,0.500971,POSITIVE
A11,0,A32,A45,10431,A61,A71,3,A101,3,A121,0,A141,A151,3,A171,1,A191,A201,A91,0.499058,NEGATIVE
A11,0,A32,A45,10431,A61,A71,3,A101,3,A121,1,A141,A151,3,A171,1,A191,A201,A91,0.500225,POSITIVE
A11,0,A30,A47,10431,A61,A71,1,A101,3,A121,0,A141,A151,1,A171,1,A191,A201,A91,0.499553,NEGATIVE
A11,0,A30,A47,10431,A61,A71,1,A101,3,A121,1,A141,A151,1,A171,1,A191,A201,A91,0.500720,POSITIVE
A11,0,A32,A45,10431,A61,A71,1,A101,3,A121,0,A141,A151,3,A173,1,A191,A201,A91,0.499268,NEGATIVE
A11,0,A32,A45,10431,A61,A71,1,A101,3,A121,1,A141,A151,3,A173,1,A191,A201,A91,0.500435,POSITIVE
A11,1,A32,A45,10438,A61,A71,1,A101,3,A121,0,A141,A151,3,A171,1,A191,A201,A91,0.499932,NEGATIVE
A11,1,A32,A45,10438,A61,A71,1,A101,3,A121,1,A141,A151,3,A171,1,A191,A201,A91,0.501099,POSITIVE
A11,0,A32,A45,10431,A61,A71,1,A101,3,A121,0,A141,A151,1,A171,1,A191,A201,A91,0.499290,NEGATIVE
A11,0,A32,A45,10431,A61,A71,1,A101,3,A121,1,A141,A151,1,A171,1,A191,A201,A91,0.500457,POSITIVE
A11,0,A30,A45,10431,A61,A71,1,A101,1,A121,0,A141,A151,1,A171,1,A191,A201,A91,0.499113,NEGATIVE
A11,0,A30,A45,10431,A61,A71,1,A101,1,A121,1,A141,A151,1,A171,1,A191,A201,A91,0.500280,POSITIVE
A11,0,A30,A45,10392,A61,A71,1,A101,3,A121,0,A141,A151,1,A171,1,A191,A201,A91,0.498836,NEGATIVE
A11,0,A30,A45,10392,A61,A71,1,A101,3,A121,1,A141,A151,1,A171,1,A191,A201,A91,0.500003,POSITIVE
A12,2,A31,A46,10403,A62,A72,1,A102,1,A122,0,A142,A152,1,A172,1,A191,A201,A91,0.499927,NEGATIVE
A12,2,A31,A46,10403,A62,A72,1,A102,1,A122,1,A142,A152,1,A172,1,A191,A201,A91,0.501094,POSITIVE
A11,31,A30,A48,10353,A61,A71,1,A101,3,A121,0,A141,A151,1,A171,1,A191,A201,A91,0.499319,NEGATIVE
A11,31,A30,A48,10353,A61,A71,1,A101,3,A121,1,A141,A151,1,A171,1,A191,A201,A91,0.500486,POSITIVE
A12,23,A31,A48,10364,A62,A72,1,A102,3,A122,0,A142,A152,1,A172,1,A191,A201,A91,0.499888,NEGATIVE
A12,23,A31,A48,10364,A62,A72,1,A102,3,A122,1,A142,A152,1,A172,1,A191,A201,A91,0.501055,POSITIVE
A12,35,A31,A49,10372,A62,A72,2,A102,1,A122,0,A142,A152,2,A173,1,A192,A202,A92,0.499864,NEGATIVE
A12,35,A31,A49,10372,A62,A72,2,A102,1,A122,1,A142,A152,2,A173,1,A192,A202,A92,0.501032,POSITIVE
A11,21,A30,A48,10353,A61,A71,3,A101,1,A121,0,A141,A151,1,A173,1,A191,A201,A91,0.499387,NEGATIVE
A11,21,A30,A48,10353,A61,A71,3,A101,1,A121,1,A141,A151,1,A173,1,A191,A201,A91,0.500554,POSITIVE
A13,29,A31,A49,10387,A63,A73,3,A102,1,A123,0,A143,A153,3,A172,1,A192,A202,A92,0.499979,NEGATIVE
A13,29,A31,A49,10387,A63,A73,3,A102,1,A123,1,A143,A153,3,A172,1,A192,A202,A92,0.501146,POSITIVE
A13,29,A32,A49,10387,A63,A73,3,A102,1,A123,0,A143,A153,1,A172,1,A192,A202,A92,0.499784,NEGATIVE
A13,29,A32,A49,10387,A63,A73,3,A102,1,A123,1,A143,A153,1,A172,1,A192,A202,A92,0.500951,POSITIVE
A12,25,A31,A49,10372,A62,A72,3,A102,1,A122,0,A142,A152,1,A172,1,A192,A202,A92,0.499910,NEGATIVE
A12,25,A31,A49,10372,A62,A72,3,A102,1,A122,1,A142,A152,1,A172,1,A192,A202,A92,0.501077,POSITIVE
A13,29,A32,A49,10387,A63,A73,1,A102,1,A123,0,A143,A153,1,A174,1,A192,A202,A92,0.499995,NEGATIVE
A13,29,A32,A49,10387,A63,A73,1,A102,1,A123,1,A143,A153,1,A174,1,A192,A202,A92,0.501162,POSITIVE
A12,27,A31,A49,10379,A62,A72,1,A102,1,A122,0,A142,A152,1,A174,1,A192,A202,A92,0.499913,NEGATIVE
A12,27,A31,A49,10379,A62,A72,1,A102,1,A122,1,A142,A152,1,A174,1,A192,A202,A92,0.501080,POSITIVE
A12,33,A31,A48,10325,A62,A72,1,A102,3,A122,0,A142,A152,1,A172,1,A191,A201,A91,0.499900,NEGATIVE
A12,33,A31,A48,10325,A62,A72,1,A102,3,A122,1,A142,A152,1,A172,1,A191,A201,A91,0.501067,POSITIVE
A12,25,A31,A49,10333,A62,A72,3,A102,3,A122,0,A142,A152,2,A173,1,A192,A202,A92,0.499998,NEGATIVE
A12,25,A31,A49,10333,A62,A72,3,A102,3,A122,1,A142,A152,2,A173,1,A192,A202,A92,0.501165,POSITIVE
A13,29,A31,A49,10348,A63,A73,1,A102,3,A123,0,A143,A153,3,A174,1,A192,A202,A92,0.499912,NEGATIVE
A13,29,A31,A49,10348,A63,A73,1,A102,3,A123,1,A143,A153,3,A174,1,A192,A202,A92,0.501080,POSITIVE
A13,28,A32,A49,10344,A63,A73,1,A102,3,A123,0,A143,A153,1,A174,1,A192,A202,A92,0.499957,NEGATIVE
A13,28,A32,A49,10344,A63,A73,1,A102,3,A123,1,A143,A153,1,A174,1,A192,A202,A92,0.501124,POSITIVE
A12,24,A30,A48,10329,A62,A72,1,A102,3,A122,0,A142,A152,1,A173,1,A191,A201,A91,0.499948,NEGATIVE
A12,24,A30,A48,10329,A62,A72,1,A102,3,A122,1,A142,A152,1,A173,1,A191,A201,A91,0.501115,POSITIVE
A13,29,A31,A49,10348,A63,A73,1,A102,3,A123,0,A143,A153,1,A172,1,A192,A202,A92,0.499934,NEGATIVE
A13,29,A31,A49,10348,A63,A73,1,A102,3,A123,1,A143,A153,1,A172,1,A192,A202,A92,0.501101,POSITIVE
A11,31,A30,A48,10314,A61,A71,3,A101,1,A121,0,A141,A151,1,A173,1,A191,A201,A91,0.499399,NEGATIVE
A11,31,A30,A48,10314,A61,A71,3,A101,1,A121,1,A141,A151,1,A173,1,A191,A201,A91,0.500566,POSITIVE
A13,39,A31,A49,10348,A63,A73,3,A102,1,A123,0,A143,A153,3,A172,1,A192,A202,A92,0.499990,NEGATIVE
A13,39,A31,A49,10348,A63,A73,3,A102,1,A123,1,A143,A153,3,A172,1,A192,A202,A92,0.501157,POSITIVE
A13,39,A32,A49,10348,A63,A73,3,A102,1,A123,0,A143,A153,1,A172,1,A192,A202,A92,0.499796,NEGATIVE
A13,39,A32,A49,10348,A63,A73,3,A102,1,A123,1,A143,A153,1,A172,1,A192,A202,A92,0.500964,POSITIVE
A12,35,A31,A49,10333,A62,A72,3,A102,1,A122,0,A142,A152,1,A172,1,A192,A202,A92,0.499922,NEGATIVE
A12,35,A31,A49,10333,A62,A72,3,A102,1,A122,1,A142,A152,1,A172,1,A192,A202,A92,0.501088,POSITIVE
A12,37,A31,A49,10340,A62,A72,1,A102,1,A122,0,A142,A152,1,A174,1,A192,A202,A92,0.499925,NEGATIVE
A12,37,A31,A49,10340,A62,A72,1,A102,1,A122,1,A142,A152,1,A174,1,A192,A202,A92,0.501092,POSITIVE
A13,29,A31,A49,10348,A63,A73,3,A102,1,A123,0,A143,A153,3,A174,1,A192,A202,A92,0.499985,NEGATIVE
A13,29,A31,A49,10348,A63,A73,3,A102,1,A123,1,A143,A153,3,A174,1,A192,A202,A92,0.501152,POSITIVE
A13,29,A32,A49,10348,A63,A73,3,A102,1,A123,0,A143,A153,1,A174,1,A192,A202,A92,0.499791,NEGATIVE
A13,29,A32,A49,10348,A63,A73,3,A102,1,A123,1,A143,A153,1,A174,1,A192,A202,A92,0.500958,POSITIVE
A12,25,A31,A49,10333,A62,A72,3,A102,1,A122,0,A142,A152,1,A174,1,A192,A202,A92,0.499916,NEGATIVE
A12,25,A31,A49,10333,A62,A72,3,A102,1,A122,1,A142,A152,1,A174,1,A192,A202,A92,0.501084,POSITIVE
A11,31,A32,A47,10353,A61,A71,3,A101,3,A121,0,A141,A151,3,A171,1,A191,A201,A91,0.499707,NEGATIVE
A11,31,A32,A47,10353,A61,A71,3,A101,3,A121,1,A141,A151,3,A171,1,A191,A201,A91,0.500874,POSITIVE
A11,31,A32,A47,10353,A61,A71,1,A101,3,A121,0,A141,A151,3,A173,1,A191,A201,A91,0.499917,NEGATIVE
A11,31,A32,A47,10353,A61,A71,1,A101,3,A121,1,A141,A151,3,A173,1,A191,A201,A91,0.501085,POSITIVE
A11,31,A32,A47,10353,A61,A71,1,A101,3,A121,0,A141,A151,1,A173,1,A191,A201,A91,0.498897,NEGATIVE
A11,31,A32,A47,10353,A61,A71,1,A101,3,A121,1,A141,A151,1,A173,1,A191,A201,A91,0.500064,POSITIVE
A11,31,A30,A47,10353,A61,A71,1,A101,3,A121,0,A141,A151,3,A171,1,A191,A201,A91,0.499456,NEGATIVE
A11,31,A30,A47,10353,A61,A71,1,A101,3,A121,1,A141,A151,3,A171,1,A191,A201,A91,0.500624,POSITIVE
A11,31,A32,A47,10353,A61,A71,1,A101,3,A121,0,A141,A151,1,A171,1,A191,A201,A91,0.499939,NEGATIVE
A11,31,A32,A47,10353,A61,A71,1,A101,3,A121,1,A141,A151,1,A171,1,A191,A201,A91,0.501106,POSITIVE
A11,31,A32,A45,10353,A61,A71,1,A101,3,A121,0,A141,A151,3,A171,1,A191,A201,A91,0.499194,NEGATIVE
A11,31,A32,A45,10353,A61,A71,1,A101,3,A121,1,A141,A151,3,A171,1,A191,A201,A91,0.500361,POSITIVE
A11,21,A32,A47,10353,A61,A71,3,A101,3,A121,0,A141,A151,3,A173,1,A191,A201,A91,0.499702,NEGATIVE
A11,21,A32,A47,10353,A61,A71,3,A101,3,A121,1,A141,A151,3,A173,1,A191,A201,A91,0.500869,POSITIVE
A11,21,A30,A47,10353,A61,A71,3,A101,3,A121,0,A141,A151,3,A171,1,A191,A201,A91,0.499241,NEGATIVE
A11,21,A30,A47,10353,A61,A71,3,A101,3,A121,1,A141,A151,3,A171,1,A191,A201,A91,0.500408,POSITIVE
A11,21,A32,A47,10353,A61,A71,3,A101,3,A121,0,A141,A151,1,A171,1,A191,A201,A91,0.499724,NEGATIVE
A11,21,A32,A47,10353,A61,A71,3,A101,3,A121,1,A141,A151,1,A171,1,A191,A201,A91,0.500891,POSITIVE
A11,21,A32,A45,10353,A61,A71,3,A101,3,A121,0,A141,A151,3,A171,1,A191,A201,A91,0.498978,NEGATIVE
A11,21,A32,A45,10353,A61,A71,3,A101,3,A121,1,A141,A151,3,A171,1,A191,A201,A91,0.500146,POSITIVE
A11,21,A30,A47,10353,A61,A71,1,A101,3,A121,0,A141,A151,1,A171,1,A191,A201,A91,0.499473,NEGATIVE
A11,21,A30,A47,10353,A61,A71,1,A101,3,A121,1,A141,A151,1,A171,1,A191,A201,A91,0.500640,POSITIVE
A11,21,A32,A45,10353,A61,A71,1,A101,3,A121,0,A141,A151,3,A173,1,A191,A201,A91,0.499188,NEGATIVE
A11,21,A32,A45,10353,A61,A71,1,A101,3,A121,1,A141,A151,3,A173,1,A191,A201,A91,0.500355,POSITIVE
A11,22,A32,A45,10360,A61,A71,1,A101,3,A121,0,A141,A151,3,A171,1,A191,A201,A91,0.499873,NEGATIVE
A11,22,A32,A45,10360,A61,A71,1,A101,3,A121,1,A141,A151,3,A171,1,A191,A201,A91,0.501040,POSITIVE
A11,21,A32,A45,10353,A61,A71,1,A101,3,A121,0,A141,A151,1,A171,1,A191,A201,A91,0.499210,NEGATIVE
A11,21,A32,A45,10353,A61,A71,1,A101,3,A121,1,A141,A151,1,A171,1,A191,A201,A91,0.500378,POSITIVE
A11,31,A32,A47,10353,A61,A71,3,A101,1,A121,0,A141,A151,3,A173,1,A191,A201,A91,0.499990,NEGATIVE
A11,31,A32,A47,10353,A61,A71,3,A101,1,A121,1,A141,A151,3,A173,1,A191,A201,A91,0.501158,POSITIVE
A11,31,A32,A47,10353,A61,A71,3,A101,1,A121,0,A141,A151,1,A173,1,A191,A201,A91,0.498970,NEGATIVE
A11,31,A32,A47,10353,A61,A71,3,A101,1,A121,1,A141,A151,1,A173,1,A191,A201,A91,0.500138,POSITIVE
A11,31,A30,A47,10353,A61,A71,3,A101,1,A121,0,A141,A151,3,A171,1,A191,A201,A91,0.499530,NEGATIVE
A11,31,A30,A47,10353,A61,A71,3,A101,1,A121,1,A141,A151,3,A171,1,A191,A201,A91,0.500697,POSITIVE
A11,31,A32,A47,10356,A61,A71,3,A101,1,A121,0,A141,A151,1,A171,1,A191,A201,A91,0.499745,NEGATIVE
A11,31,A32,A47,10356,A61,A71,3,A101,1,A121,1,A141,A151,1,A171,1,A191,A201,A91,0.500912,POSITIVE
A11,31,A32,A45,10353,A61,A71,3,A101,1,A121,0,A141,A151,3,A171,1,A191,A201,A91,0.499267,NEGATIVE
A11,31,A32,A45,10353,A61,A71,3,A101,1,A121,1,A141,A151,3,A171,1,A191,A201,A91,0.500434,POSITIVE
A11,31,A30,A47,10353,A61,A71,1,A101,1,A121,0,A141,A151,1,A171,1,A191,A201,A91,0.499762,NEGATIVE
A11,31,A30,A47,10353,A61,A71,1,A101,1,A121,1,A141,A151,1,A171,1,A191,A201,A91,0.500929,POSITIVE
A11,31,A32,A45,10353,A61,A71,1,A101,1,A121,0,A141,A151,3,A173,1,A191,A201,A91,0.499477,NEGATIVE
A11,31,A32,A45,10353,A61,A71,1,A101,1,A121,1,A141,A151,3,A173,1,A191,A201,A91,0.500644,POSITIVE
A11,31,A30,A45,10353,A61,A71,1,A101,1,A121,0,A141,A151,3,A171,1,A191,A201,A91,0.499016,NEGATIVE
A11,31,A30,A45,10353,A61,A71,1,A101,1,A121,1,A141,A151,3,A171,1,A191,A201,A91,0.500183,POSITIVE
A11,31,A32,A45,10353,A61,A71,1,A101,1,A121,0,A141,A151,1,A171,1,A191,A201,A91,0.499499,NEGATIVE
A11,31,A32,A45,10353,A61,A71,1,A101,1,A121,1,A141,A151,1,A171,1,A191,A201,A91,0.500666,POSITIVE
A11,21,A30,A45,10353,A61,A71,1,A101,1,A121,0,A141,A151,1,A171,1,A191,A201,A91,0.499033,NEGATIVE
A11,21,A30,A45,10353,A61,A71,1,A101,1,A121,1,A141,A151,1,A171,1,A191,A201,A91,0.500200,POSITIVE
A11,31,A32,A47,10314,A61,A71,3,A101,3,A121,0,A141,A151,3,A173,1,A191,A201,A91,0.499714,NEGATIVE
A11,31,A32,A47,10314,A61,A71,3,A101,3,A121,1,A141,A151,3,A173,1,A191,A201,A91,0.500881,POSITIVE
A11,31,A30,A47,10314,A61,A71,3,A101,3,A121,0,A141,A151,3,A171,1,A191,A201,A91,0.499253,NEGATIVE
A11,31,A30,A47,10314,A61,A71,3,A101,3,A121,1,A141,A151,3,A171,1,A191,A201,A91,0.500420,POSITIVE
A11,31,A32,A47,10314,A61,A71,3,A101,3,A121,0,A141,A151,1,A171,1,A191,A201,A91,0.499736,NEGATIVE
A11,31,A32,A47,10314,A61,A71,3,A101,3,A121,1,A141,A151,1,A171,1,A191,A201,A91,0.500903,POSITIVE
A11,31,A32,A45,10314,A61,A71,3,A101,3,A121,0,A141,A151,3,A171,1,A191,A201,A91,0.498990,NEGATIVE
A11,31,A32,A45,10314,A61,A71,3,A101,3,A121,1,A141,A151,3,A171,1,A191,A201,A91,0.500158,POSITIVE
A11,31,A30,A47,10314,A61,A71,1,A101,3,A121,0,A141,A151,1,A171,1,A191,A201,A91,0.499485,NEGATIVE
A11,31,A30,A47,10314,A61,A71,1,A101,3,A121,1,A141,A151,1,A171,1,A191,A201,A91,0.500652,POSITIVE
A11,31,A32,A45,10314,A61,A71,1,A101,3,A121,0,A141,A151,3,A173,1,A191,A201,A91,0.499200,NEGATIVE
A11,31,A32,A45,10314,A61,A71,1,A101,3,A121,1,A141,A151,3,A173,1,A191,A201,A91,0.500367,POSITIVE
A11,32,A32,A45,10321,A61,A71,1,A101,3,A121,0,A141,A151,3,A171,1,A191,A201,A91,0.499885,NEGATIVE
A11,32,A32,A45,10321,A61,A71,1,A101,3,A121,1,A141,A151,3,A171,1,A191,A201,A91,0.501052,POSITIVE
A11,31,A32,A45,10314,A61,A71,1,A101,3,A121,0,A141,A151,1,A171,1,A191,A201,A91,0.499222,NEGATIVE
A11,31,A32,A45,10314,A61,A71,1,A101,3,A121,1,A141,A151,1,A171,1,A191,A201,A91,0.500389,POSITIVE
A11,21,A30,A47,10314,A61,A71,3,A101,3,A121,0,A141,A151,1,A171,1,A191,A201,A91,0.499270,NEGATIVE
A11,21,A30,A47,10314,A61,A71,3,A101,3,A121,1,A141,A151,1,A171,1,A191,A201,A91,0.500436,POSITIVE
A11,21,A32,A45,10314,A61,A71,3,A101,3,A121,0,A141,A151,3,A173,1,A191,A201,A91,0.498985,NEGATIVE
A11,21,A32,A45,10314,A61,A71,3,A101,3,A121,1,A141,A151,3,A173,1,A191,A201,A91,0.500152,POSITIVE
A11,21,A32,A45,10317,A61,A71,3,A101,3,A121,0,A141,A151,3,A171,1,A191,A201,A91,0.499848,NEGATIVE
A11,21,A32,A45,10317,A61,A71,3,A101,3,A121,1,A141,A151,3,A171,1,A191,A201,A91,0.501015,POSITIVE
A11,21,A32,A45,10314,A61,A71,3,A101,3,A121,0,A141,A151,1,A171,1,A191,A201,A91,0.499007,NEGATIVE
A11,21,A32,A45,10314,A61,A71,3,A101,3,A121,1,A141,A151,1,A171,1,A191,A201,A91,0.500174,POSITIVE
A11,22,A30,A45,10321,A61,A71,1,A101,3,A121,0,A141,A151,1,A172,1,A191,A201,A91,0.498871,NEGATIVE
A11,22,A30,A45,10321,A61,A71,1,A101,3,A121,1,A141,A151,1,A172,1,A191,A201,A91,0.500039,POSITIVE
A11,31,A30,A45,10314,A61,A71,1,A101,1,A121,0,A141,A151,1,A171,1,A191,A201,A91,0.499044,NEGATIVE
A11,31,A30,A45,10314,A61,A71,1,A101,1,A121,1,A141,A151,1,A171,1,A191,A201,A91,0.500212,POSITIVE
A11,22,A30,A45,10321,A61,A71,1,A101,1,A121,0,A141,A151,1,A172,1,A191,A201,A91,0.499946,NEGATIVE
A11,22,A30,A45,10321,A61,A71,1,A101,1,A121,1,A141,A151,1,A172,1,A191,A201,A91,0.501113,POSITIVE
A13,19,A32,A49,10387,A63,A73,3,A103,3,A123,0,A143,A153,3,A174,1,A192,A202,A92,0.499989,NEGATIVE
A13,19,A32,A49,10387,A63,A73,3,A103,3,A123,1,A143,A153,3,A174,1,A192,A202,A92,0.501156,POSITIVE
A13,19,A31,A49,10387,A63,A73,3,A102,1,A123,0,A143,A153,3,A174,1,A192,A202,A92,0.499973,NEGATIVE
A13,19,A31,A49,10387,A63,A73,3,A102,1,A123,1,A143,A153,3,A174,1,A192,A202,A92,0.501141,POSITIVE
A13,19,A32,A49,10387,A63,A73,3,A102,1,A123,0,A143,A153,1,A174,1,A192,A202,A92,0.499779,NEGATIVE
A13,19,A32,A49,10387,A63,A73,3,A102,1,A123,1,A143,A153,1,A174,1,A192,A202,A92,0.500946,POSITIVE
A12,15,A31,A49,10372,A62,A72,3,A102,1,A122,0,A142,A152,1,A174,1,A192,A202,A92,0.499904,NEGATIVE
A12,15,A31,A49,10372,A62,A72,3,A102,1,A122,1,A142,A152,1,A174,1,A192,A202,A92,0.501072,POSITIVE
A13,19,A31,A49,10387,A63,A73,3,A102,1,A123,0,A143,A153,1,A172,1,A192,A202,A92,0.499995,NEGATIVE
A13,19,A31,A49,10387,A63,A73,3,A102,1,A123,1,A143,A153,1,A172,1,A192,A202,A92,0.501162,POSITIVE
A13,18,A31,A49,10344,A63,A73,3,A102,3,A123,0,A143,A153,3,A174,1,A192,A202,A92,0.499860,NEGATIVE
A13,18,A31,A49,10344,A63,A73,3,A102,3,A123,1,A143,A153,3,A174,1,A192,A202,A92,0.501027,POSITIVE
A12,16,A31,A49,10336,A62,A72,3,A102,3,A122,0,A142,A152,1,A174,1,A192,A202,A92,0.499975,NEGATIVE
A12,16,A31,A49,10336,A62,A72,3,A102,3,A122,1,A142,A152,1,A174,1,A192,A202,A92,0.501142,POSITIVE
A13,18,A31,A49,10344,A63,A73,3,A102,3,A123,0,A143,A153,1,A172,1,A192,A202,A92,0.499882,NEGATIVE
A13,18,A31,A49,10344,A63,A73,3,A102,3,A123,1,A143,A153,1,A172,1,A192,A202,A92,0.501049,POSITIVE
A13,19,A31,A49,10348,A63,A73,1,A102,3,A123,0,A143,A153,1,A174,1,A192,A202,A92,0.499928,NEGATIVE
A13,19,A31,A49,10348,A63,A73,1,A102,3,A123,1,A143,A153,1,A174,1,A192,A202,A92,0.501095,POSITIVE
A13,7,A31,A49,10383,A63,A73,3,A102,3,A123,0,A143,A153,3,A174,1,A192,A202,A92,0.499869,NEGATIVE
A13,7,A31,A49,10383,A63,A73,3,A102,3,A123,1,A143,A153,3,A174,1,A192,A202,A92,0.501036,POSITIVE
A12,6,A31,A49,10379,A62,A72,3,A102,3,A122,0,A142,A152,1,A174,1,A192,A202,A92,0.499966,NEGATIVE
A12,6,A31,A49,10379,A62,A72,3,A102,3,A122,1,A142,A152,1,A174,1,A192,A202,A92,0.501133,POSITIVE
A13,7,A31,A49,10383,A63,A73,3,A102,3,A123,0,A143,A153,1,A172,1,A192,A202,A92,0.499891,NEGATIVE
A13,7,A31,A49,10383,A63,A73,3,A102,3,A123,1,A143,A153,1,A172,1,A192,A202,A92,0.501058,POSITIVE
A13,8,A31,A49,10387,A63,A73,1,A102,3,A123,0,A143,A153,1,A174,1,A192,A202,A92,0.499927,NEGATIVE
A13,8,A31,A49,10387,A63,A73,1,A102,3,A123,1,A143,A153,1,A174,1,A192,A202,A92,0.501094,POSITIVE
A13,7,A31,A49,10344,A63,A73,3,A102,3,A123,0,A143,A153,1,A174,1,A192,A202,A92,0.499897,NEGATIVE
A13,7,A31,A49,10344,A63,A73,3,A102,3,A123,1,A143,A153,1,A174,1,A192,A202,A92,0.501064,POSITIVE
A11,11,A30,A47,10353,A61,A71,3,A101,3,A121,0,A141,A151,1,A171,1,A191,A201,A91,0.499258,NEGATIVE
A11,11,A30,A47,10353,A61,A71,3,A101,3,A121,1,A141,A151,1,A171,1,A191,A201,A91,0.500425,POSITIVE
A11,11,A32,A45,10353,A61,A71,3,A101,3,A121,0,A141,A151,3,A173,1,A191,A201,A91,0.498973,NEGATIVE
A11,11,A32,A45,10353,A61,A71,3,A101,3,A121,1,A141,A151,3,A173,1,A191,A201,A91,0.500140,POSITIVE
A11,11,A32,A45,10356,A61,A71,3,A101,3,A121,0,A141,A151,3,A171,1,A191,A201,A91,0.499836,NEGATIVE
A11,11,A32,A45,10356,A61,A71,3,A101,3,A121,1,A141,A151,3,A171,1,A191,A201,A91,0.501003,POSITIVE
A11,11,A32,A45,10353,A61,A71,3,A101,3,A121,0,A141,A151,1,A171,1,A191,A201,A91,0.498995,NEGATIVE
A11,11,A32,A45,10353,A61,A71,3,A101,3,A121,1,A141,A151,1,A171,1,A191,A201,A91,0.500162,POSITIVE
A11,12,A30,A45,10360,A61,A71,1,A101,3,A121,0,A141,A151,1,A172,1,A191,A201,A91,0.498859,NEGATIVE
A11,12,A30,A45,10360,A61,A71,1,A101,3,A121,1,A141,A151,1,A172,1,A191,A201,A91,0.500027,POSITIVE
A11,12,A30,A45,10360,A61,A71,1,A101,1,A121,0,A141,A151,1,A172,1,A191,A201,A91,0.499934,NEGATIVE
A11,12,A30,A45,10360,A61,A71,1,A101,1,A121,1,A141,A151,1,A172,1,A191,A201,A91,0.501101,POSITIVE
A11,11,A30,A45,10314,A61,A71,1,A101,3,A121,0,A141,A151,1,A171,1,A191,A201,A91,0.499793,NEGATIVE
A11,11,A30,A45,10314,A61,A71,1,A101,3,A121,1,A141,A151,1,A171,1,A191,A201,A91,0.500960,POSITIVE
A11,11,A30,A45,10314,A61,A71,3,A101,1,A121,0,A141,A151,1,A171,1,A191,A201,A91,0.499866,NEGATIVE
A11,11,A30,A45,10314,A61,A71,3,A101,1,A121,1,A141,A151,1,A171,1,A191,A201,A91,0.501033,POSITIVE
A12,13,A31,A45,10325,A62,A72,1,A102,1,A122,0,A142,A152,1,A173,1,A191,A201,A91,0.499991,NEGATIVE
A12,13,A31,A45,10325,A62,A72,1,A102,1,A122,1,A142,A152,1,A173,1,A191,A201,A91,0.501158,POSITIVE
A11,0,A30,A45,10353,A61,A71,1,A101,3,A121,0,A141,A151,1,A171,1,A191,A201,A91,0.499885,NEGATIVE
A11,0,A30,A45,10353,A61,A71,1,A101,3,A121,1,A141,A151,1,A171,1,A191,A201,A91,0.501052,POSITIVE
A11,0,A30,A45,10353,A61,A71,3,A101,1,A121,0,A141,A151,1,A171,1,A191,A201,A91,0.499958,NEGATIVE
A11,0,A30,A45,10353,A61,A71,3,A101,1,A121,1,A141,A151,1,A171,1,A191,A201,A91,0.501125,POSITIVE
A12,5,A31,A46,10372,A62,A72,1,A102,1,A122,0,A142,A152,1,A174,1,A192,A202,A92,0.499973,NEGATIVE
A12,5,A31,A46,10372,A62,A72,1,A102,1,A122,1,A142,A152,1,A174,1,A192,A202,A92,0.501140,POSITIVE
A11,0,A30,A45,10314,A61,A71,3,A101,3,A121,0,A141,A151,1,A171,1,A191,A201,A91,0.499681,NEGATIVE
A11,0,A30,A45,10314,A61,A71,3,A101,3,A121,1,A141,A151,1,A171,1,A191,A201,A91,0.500849,POSITIVE
A13,8,A31,A47,10348,A63,A73,1,A103,3,A123,0,A143,A153,1,A174,1,A192,A202,A92,0.499835,NEGATIVE
A13,8,A31,A47,10348,A63,A73,1,A103,3,A123,1,A143,A153,1,A174,1,A192,A202,A92,0.501002,POSITIVE
A11,0,A30,A45,10314,A61,A71,1,A101,3,A121,0,A141,A151,1,A173,1,A191,A201,A91,0.499892,NEGATIVE
A11,0,A30,A45,10314,A61,A71,1,A101,3,A121,1,A141,A151,1,A173,1,A191,A201,A91,0.501058,POSITIVE
A13,8,A31,A46,10348,A63,A73,1,A103,3,A123,0,A143,A153,1,A172,1,A192,A202,A92,0.499906,NEGATIVE
A13,8,A31,A46,10348,A63,A73,1,A103,3,A123,1,A143,A153,1,A172,1,A192,A202,A92,0.501073,POSITIVE
A13,8,A31,A47,10348,A63,A73,3,A103,1,A123,0,A143,A153,1,A174,1,A192,A202,A92,0.499908,NEGATIVE
A13,8,A31,A47,10348,A63,A73,3,A103,1,A123,1,A143,A153,1,A174,1,A192,A202,A92,0.501075,POSITIVE
A11,0,A30,A45,10314,A61,A71,3,A101,1,A121,0,A141,A151,1,A173,1,A191,A201,A91,0.499964,NEGATIVE
A11,0,A30,A45,10314,A61,A71,3,A101,1,A121,1,A141,A151,1,A173,1,A191,A201,A91,0.501132,POSITIVE
A13,8,A31,A46,10348,A63,A73,3,A103,1,A123,0,A143,A153,1,A172,1,A192,A202,A92,0.499979,NEGATIVE
A13,8,A31,A46,10348,A63,A73,3,A103,1,A123,1,A143,A153,1,A172,1,A192,A202,A92,0.501146,POSITIVE
A11,21,A32,A43,10431,A61,A71,1,A103,1,A121,0,A141,A151,3,A171,1,A191,A201,A91,0.498885,NEGATIVE
A11,21,A32,A43,10431,A61,A71,1,A103,1,A121,1,A141,A151,3,A171,1,A191,A201,A91,0.500052,POSITIVE
A11,31,A32,A43,10392,A61,A71,1,A103,1,A121,0,A141,A151,3,A171,1,A191,A201,A91,0.498897,NEGATIVE
A11,31,A32,A43,10392,A61,A71,1,A103,1,A121,1,A141,A151,3,A171,1,A191,A201,A91,0.500064,POSITIVE
A11,21,A32,A43,10392,A61,A71,1,A103,1,A121,0,A141,A151,3,A173,1,A191,A201,A91,0.498892,NEGATIVE
A11,21,A32,A43,10392,A61,A71,1,A103,1,A121,1,A141,A151,3,A173,1,A191,A201,A91,0.500059,POSITIVE
A11,21,A32,A43,10392,A61,A71,1,A103,1,A121,0,A141,A151,3,A171,1,A191,A201,A91,0.499934,NEGATIVE
A11,21,A32,A43,10392,A61,A71,1,A103,1,A121,1,A141,A151,3,A171,1,A191,A201,A91,0.501101,POSITIVE
A11,21,A32,A43,10392,A61,A71,1,A103,1,A121,0,A141,A151,1,A171,1,A191,A201,A91,0.498914,NEGATIVE
A11,21,A32,A43,10392,A61,A71,1,A103,1,A121,1,A141,A151,1,A171,1,A191,A201,A91,0.500081,POSITIVE
A11,11,A32,A43,10431,A61,A71,1,A103,1,A121,0,A141,A151,3,A173,1,A191,A201,A91,0.498880,NEGATIVE
A11,11,A32,A43,10431,A61,A71,1,A103,1,A121,1,A141,A151,3,A173,1,A191,A201,A91,0.500047,POSITIVE
A11,11,A32,A43,10431,A61,A71,1,A103,1,A121,0,A141,A151,3,A171,1,A191,A201,A91,0.499922,NEGATIVE
A11,11,A32,A43,10431,A61,A71,1,A103,1,A121,1,A141,A151,3,A171,1,A191,A201,A91,0.501089,POSITIVE
A11,11,A32,A43,10431,A61,A71,1,A103,1,A121,0,A141,A151,1,A171,1,A191,A201,A91,0.498902,NEGATIVE
A11,11,A32,A43,10431,A61,A71,1,A103,1,A121,1,A141,A151,1,A171,1,A191,A201,A91,0.500069,POSITIVE
A11,11,A32,A43,10392,A61,A71,1,A103,3,A121,0,A141,A151,3,A171,1,A191,A201,A91,0.499645,NEGATIVE
A11,11,A32,A43,10392,A61,A71,1,A103,3,A121,1,A141,A151,3,A171,1,A191,A201,A91,0.500812,POSITIVE
A11,11,A32,A43,10392,A61,A71,3,A103,1,A121,0,A141,A151,3,A171,1,A191,A201,A91,0.499719,NEGATIVE
A11,11,A32,A43,10392,A61,A71,3,A103,1,A121,1,A141,A151,3,A171,1,A191,A201,A91,0.500886,POSITIVE
A11,11,A32,A43,10392,A61,A71,1,A103,1,A121,0,A141,A151,3,A173,1,A191,A201,A91,0.499929,NEGATIVE
A11,11,A32,A43,10392,A61,A71,1,A103,1,A121,1,A141,A151,3,A173,1,A191,A201,A91,0.501096,POSITIVE
A11,11,A32,A43,10392,A61,A71,1,A103,1,A121,0,A141,A151,1,A173,1,A191,A201,A91,0.498909,NEGATIVE
A11,11,A32,A43,10392,A61,A71,1,A103,1,A121,1,A141,A151,1,A173,1,A191,A201,A91,0.500075,POSITIVE
A11,11,A32,A43,10392,A61,A71,1,A101,1,A121,0,A141,A151,3,A171,1,A191,A201,A91,0.499778,NEGATIVE
A11,11,A32,A43,10392,A61,A71,1,A101,1,A121,1,A141,A151,3,A171,1,A191,A201,A91,0.500945,POSITIVE
A11,11,A30,A43,10392,A61,A71,1,A103,1,A121,0,A141,A151,3,A171,1,A191,A201,A91,0.499468,NEGATIVE
A11,11,A30,A43,10392,A61,A71,1,A103,1,A121,1,A141,A151,3,A171,1,A191,A201,A91,0.500635,POSITIVE
A11,11,A32,A43,10392,A61,A71,1,A103,1,A121,0,A141,A151,1,A171,1,A191,A201,A91,0.499951,NEGATIVE
A11,11,A32,A43,10392,A61,A71,1,A103,1,A121,1,A141,A151,1,A171,1,A191,A201,A91,0.501118,POSITIVE
A11,0,A32,A43,10431,A61,A71,1,A103,3,A121,0,A141,A151,3,A171,1,A191,A201,A91,0.499737,NEGATIVE
A11,0,A32,A43,10431,A61,A71,1,A103,3,A121,1,A141,A151,3,A171,1,A191,A201,A91,0.500905,POSITIVE
A11,0,A32,A43,10431,A61,A71,3,A103,1,A121,0,A141,A151,3,A171,1,A191,A201,A91,0.499811,NEGATIVE
A11,0,A32,A43,10431,A61,A71,3,A103,1,A121,1,A141,A151,3,A171,1,A191,A201,A91,0.500978,POSITIVE
A11,0,A32,A43,10434,A61,A71,1,A103,1,A121,0,A141,A151,3,A173,1,A191,A201,A91,0.499712,NEGATIVE
A11,0,A32,A43,10434,A61,A71,1,A103,1,A121,1,A141,A151,3,A173,1,A191,A201,A91,0.500879,POSITIVE
A11,0,A32,A43,10431,A61,A71,1,A103,1,A121,0,A141,A151,1,A173,1,A191,A201,A91,0.499000,NEGATIVE
A11,0,A32,A43,10431,A61,A71,1,A103,1,A121,1,A141,A151,1,A173,1,A191,A201,A91,0.500168,POSITIVE
A11,0,A32,A43,10431,A61,A71,1,A101,1,A121,0,A141,A151,3,A171,1,A191,A201,A91,0.499870,NEGATIVE
A11,0,A32,A43,10431,A61,A71,1,A101,1,A121,1,A141,A151,3,A171,1,A191,A201,A91,0.501037,POSITIVE
A11,0,A30,A43,10431,A61,A71,1,A103,1,A121,0,A141,A151,3,A171,1,A191,A201,A91,0.499560,NEGATIVE
A11,0,A30,A43,10431,A61,A71,1,A103,1,A121,1,A141,A151,3,A171,1,A191,A201,A91,0.500727,POSITIVE
A11,0,A32,A43,10431,A61,A71,1,A101,1,A121,0,A141,A151,1,A171,1,A191,A201,A91,0.498850,NEGATIVE
A11,0,A32,A43,10431,A61,A71,1,A101,1,A121,1,A141,A151,1,A171,1,A191,A201,A91,0.500017,POSITIVE
A11,0,A32,A43,10392,A61,A71,3,A103,3,A121,0,A141,A151,3,A171,1,A191,A201,A91,0.499534,NEGATIVE
A11,0,A32,A43,10392,A61,A71,3,A103,3,A121,1,A141,A151,3,A171,1,A191,A201,A91,0.500701,POSITIVE
A11,0,A32,A43,10392,A61,A71,1,A103,3,A121,0,A141,A151,3,A173,1,A191,A201,A91,0.499744,NEGATIVE
A11,0,A32,A43,10392,A61,A71,1,A103,3,A121,1,A141,A151,3,A173,1,A191,A201,A91,0.500911,POSITIVE
A11,0,A32,A43,10392,A61,A71,1,A101,3,A121,0,A141,A151,3,A171,1,A191,A201,A91,0.499593,NEGATIVE
A11,0,A32,A43,10392,A61,A71,1,A101,3,A121,1,A141,A151,3,A171,1,A191,A201,A91,0.500760,POSITIVE
A11,0,A30,A43,10392,A61,A71,1,A103,3,A121,0,A141,A151,3,A171,1,A191,A201,A91,0.499283,NEGATIVE
A11,0,A30,A43,10392,A61,A71,1,A103,3,A121,1,A141,A151,3,A171,1,A191,A201,A91,0.500451,POSITIVE
A11,0,A32,A43,10392,A61,A71,1,A103,3,A121,0,A141,A151,1,A171,1,A191,A201,A91,0.499766,NEGATIVE
A11,0,A32,A43,10392,A61,A71,1,A103,3,A121,1,A141,A151,1,A171,1,A191,A201,A91,0.500933,POSITIVE
A11,0,A32,A43,10392,A61,A71,3,A103,1,A121,0,A141,A151,3,A173,1,A191,A201,A91,0.499817,NEGATIVE
A11,0,A32,A43,10392,A61,A71,3,A103,1,A121,1,A141,A151,3,A173,1,A191,A201,A91,0.500984,POSITIVE
A11,0,A32,A43,10392,A61,A71,3,A101,1,A121,0,A141,A151,3,A171,1,A191,A201,A91,0.499666,NEGATIVE
A11,0,A32,A43,10392,A61,A71,3,A101,1,A121,1,A141,A151,3,A171,1,A191,A201,A91,0.500833,POSITIVE
A11,0,A30,A43,10392,A61,A71,3,A103,1,A121,0,A141,A151,3,A171,1,A191,A201,A91,0.499356,NEGATIVE
A11,0,A30,A43,10392,A61,A71,3,A103,1,A121,1,A141,A151,3,A171,1,A191,A201,A91,0.500524,POSITIVE
A11,0,A32,A43,10392,A61,A71,3,A103,1,A121,0,A141,A151,1,A171,1,A191,A201,A91,0.499839,NEGATIVE
A11,0,A32,A43,10392,A61,A71,3,A103,1,A121,1,A141,A151,1,A171,1,A191,A201,A91,0.501007,POSITIVE
A11,0,A32,A43,10392,A61,A71,1,A101,1,A121,0,A141,A151,3,A173,1,A191,A201,A91,0.499876,NEGATIVE
A11,0,A32,A43,10392,A61,A71,1,A101,1,A121,1,A141,A151,3,A173,1,A191,A201,A91,0.501043,POSITIVE
A11,0,A30,A43,10392,A61,A71,1,A103,1,A121,0,A141,A151,3,A173,1,A191,A201,A91,0.499567,NEGATIVE
A11,0,A30,A43,10392,A61,A71,1,A103,1,A121,1,A141,A151,3,A173,1,A191,A201,A91,0.500734,POSITIVE
A11,0,A32,A43,10392,A61,A71,1,A101,1,A121,0,A141,A151,1,A173,1,A191,A201,A91,0.498856,NEGATIVE
A11,0,A32,A43,10392,A61,A71,1,A101,1,A121,1,A141,A151,1,A173,1,A191,A201,A91,0.500024,POSITIVE
A12,6,A31,A44,10418,A62,A72,1,A102,1,A122,0,A142,A152,3,A172,1,A192,A202,A92,0.498837,NEGATIVE
A12,6,A31,A44,10418,A62,A72,1,A102,1,A122,1,A142,A152,3,A172,1,A192,A202,A92,0.500004,POSITIVE
A11,11,A32,A42,10392,A61,A71,1,A101,1,A121,0,A141,A151,3,A171,1,A191,A201,A91,0.498896,NEGATIVE
A11,11,A32,A42,10392,A61,A71,1,A101,1,A121,1,A141,A151,3,A171,1,A191,A201,A91,0.500062,POSITIVE
A11,0,A32,A42,10431,A61,A71,1,A101,1,A121,0,A141,A151,3,A171,1,A191,A201,A91,0.498987,NEGATIVE
A11,0,A32,A42,10431,A61,A71,1,A101,1,A121,1,A141,A151,3,A171,1,A191,A201,A91,0.500154,POSITIVE
A11,0,A32,A42,10392,A61,A71,1,A101,1,A121,0,A141,A151,3,A173,1,A191,A201,A91,0.498993,NEGATIVE
A11,0,A32,A42,10392,A61,A71,1,A101,1,A121,1,A141,A151,3,A173,1,A191,A201,A91,0.500161,POSITIVE
A11,0,A32,A42,10395,A61,A71,1,A101,1,A121,0,A141,A151,3,A171,1,A191,A201,A91,0.499758,NEGATIVE
A11,0,A32,A42,10395,A61,A71,1,A101,1,A121,1,A141,A151,3,A171,1,A191,A201,A91,0.500925,POSITIVE
A11,0,A32,A42,10392,A61,A71,1,A101,1,A121,0,A141,A151,1,A171,1,A191,A201,A91,0.499016,NEGATIVE
A11,0,A32,A42,10392,A61,A71,1,A101,1,A121,1,A141,A151,1,A171,1,A191,A201,A91,0.500183,POSITIVE
A11,21,A32,A43,10353,A61,A71,1,A103,3,A121,0,A141,A151,3,A171,1,A191,A201,A91,0.499657,NEGATIVE
A11,21,A32,A43,10353,A61,A71,1,A103,3,A121,1,A141,A151,3,A171,1,A191,A201,A91,0.500824,POSITIVE
A11,31,A32,A43,10353,A61,A71,1,A103,1,A121,0,A141,A151,3,A173,1,A191,A201,A91,0.498904,NEGATIVE
A11,31,A32,A43,10353,A61,A71,1,A103,1,A121,1,A141,A151,3,A173,1,A191,A201,A91,0.500071,POSITIVE
A11,31,A32,A43,10353,A61,A71,1,A103,1,A121,0,A141,A151,3,A171,1,A191,A201,A91,0.499946,NEGATIVE
A11,31,A32,A43,10353,A61,A71,1,A103,1,A121,1,A141,A151,3,A171,1,A191,A201,A91,0.501113,POSITIVE
A11,31,A32,A43,10353,A61,A71,1,A103,1,A121,0,A141,A151,1,A171,1,A191,A201,A91,0.498926,NEGATIVE
A11,31,A32,A43,10353,A61,A71,1,A103,1,A121,1,A141,A151,1,A171,1,A191,A201,A91,0.500093,POSITIVE
A11,21,A32,A43,10353,A61,A71,3,A103,1,A121,0,A141,A151,3,A171,1,A191,A201,A91,0.499730,NEGATIVE
A11,21,A32,A43,10353,A61,A71,3,A103,1,A121,1,A141,A151,3,A171,1,A191,A201,A91,0.500898,POSITIVE
A11,21,A32,A43,10353,A61,A71,1,A103,1,A121,0,A141,A151,3,A173,1,A191,A201,A91,0.499941,NEGATIVE
A11,21,A32,A43,10353,A61,A71,1,A103,1,A121,1,A141,A151,3,A173,1,A191,A201,A91,0.501107,POSITIVE
A11,21,A32,A43,10353,A61,A71,1,A103,1,A121,0,A141,A151,1,A173,1,A191,A201,A91,0.498920,NEGATIVE
A11,21,A32,A43,10353,A61,A71,1,A103,1,A121,1,A141,A151,1,A173,1,A191,A201,A91,0.500088,POSITIVE
A11,21,A32,A43,10353,A61,A71,1,A101,1,A121,0,A141,A151,3,A171,1,A191,A201,A91,0.499790,NEGATIVE
A11,21,A32,A43,10353,A61,A71,1,A101,1,A121,1,A141,A151,3,A171,1,A191,A201,A91,0.500957,POSITIVE
A11,21,A30,A43,10353,A61,A71,1,A103,1,A121,0,A141,A151,3,A171,1,A191,A201,A91,0.499480,NEGATIVE
A11,21,A30,A43,10353,A61,A71,1,A103,1,A121,1,A141,A151,3,A171,1,A191,A201,A91,0.500647,POSITIVE
A11,21,A32,A43,10353,A61,A71,1,A103,1,A121,0,A141,A151,1,A171,1,A191,A201,A91,0.499962,NEGATIVE
A11,21,A32,A43,10353,A61,A71,1,A103,1,A121,1,A141,A151,1,A171,1,A191,A201,A91,0.501129,POSITIVE
A11,31,A32,A43,10314,A61,A71,1,A103,3,A121,0,A141,A151,3,A171,1,A191,A201,A91,0.499669,NEGATIVE
A11,31,A32,A43,10314,A61,A71,1,A103,3,A121,1,A141,A151,3,A171,1,A191,A201,A91,0.500836,POSITIVE
A11,21,A32,A43,10314,A61,A71,3,A103,3,A121,0,A141,A151,3,A171,1,A191,A201,A91,0.499454,NEGATIVE
A11,21,A32,A43,10314,A61,A71,3,A103,3,A121,1,A141,A151,3,A171,1,A191,A201,A91,0.500621,POSITIVE
A11,21,A32,A43,10314,A61,A71,1,A103,3,A121,0,A141,A151,3,A173,1,A191,A201,A91,0.499664,NEGATIVE
A11,21,A32,A43,10314,A61,A71,1,A103,3,A121,1,A141,A151,3,A173,1,A191,A201,A91,0.500831,POSITIVE
A11,21,A32,A43,10314,A61,A71,1,A101,3,A121,0,A141,A151,3,A171,1,A191,A201,A91,0.499513,NEGATIVE
A11,21,A32,A43,10314,A61,A71,1,A101,3,A121,1,A141,A151,3,A171,1,A191,A201,A91,0.500681,POSITIVE
A11,21,A30,A43,10314,A61,A71,1,A103,3,A121,0,A141,A151,3,A171,1,A191,A201,A91,0.499203,NEGATIVE
A11,21,A30,A43,10314,A61,A71,1,A103,3,A121,1,A141,A151,3,A171,1,A191,A201,A91,0.500371,POSITIVE
A11,21,A32,A43,10314,A61,A71,1,A103,3,A121,0,A141,A151,1,A171,1,A191,A201,A91,0.499686,NEGATIVE
A11,21,A32,A43,10314,A61,A71,1,A103,3,A121,1,A141,A151,1,A171,1,A191,A201,A91,0.500853,POSITIVE
A11,31,A32,A43,10314,A61,A71,3,A103,1,A121,0,A141,A151,3,A171,1,A191,A201,A91,0.499743,NEGATIVE
A11,31,A32,A43,10314,A61,A71,3,A103,1,A121,1,A141,A151,3,A171,1,A191,A201,A91,0.500910,POSITIVE
A11,31,A32,A43,10314,A61,A71,1,A103,1,A121,0,A141,A151,3,A173,1,A191,A201,A91,0.499952,NEGATIVE
A11,31,A32,A43,10314,A61,A71,1,A103,1,A121,1,A141,A151,3,A173,1,A191,A201,A91,0.501120,POSITIVE
A11,31,A32,A43,10314,A61,A71,1,A103,1,A121,0,A141,A151,1,A173,1,A191,A201,A91,0.498932,NEGATIVE
A11,31,A32,A43,10314,A61,A71,1,A103,1,A121,1,A141,A151,1,A173,1,A191,A201,A91,0.500099,POSITIVE
A11,31,A32,A43,10314,A61,A71,1,A101,1,A121,0,A141,A151,3,A171,1,A191,A201,A91,0.499801,NEGATIVE
A11,31,A32,A43,10314,A61,A71,1,A101,1,A121,1,A141,A151,3,A171,1,A191,A201,A91,0.500969,POSITIVE
A11,31,A30,A43,10314,A61,A71,1,A103,1,A121,0,A141,A151,3,A171,1,A191,A201,A91,0.499492,NEGATIVE
A11,31,A30,A43,10314,A61,A71,1,A103,1,A121,1,A141,A151,3,A171,1,A191,A201,A91,0.500659,POSITIVE
A11,31,A32,A43,10314,A61,A71,1,A103,1,A121,0,A141,A151,1,A171,1,A191,A201,A91,0.499975,NEGATIVE
A11,31,A32,A43,10314,A61,A71,1,A103,1,A121,1,A141,A151,1,A171,1,A191,A201,A91,0.501142,POSITIVE
A11,21,A32,A43,10314,A61,A71,3,A103,1,A121,0,A141,A151,3,A173,1,A191,A201,A91,0.499737,NEGATIVE
A11,21,A32,A43,10314,A61,A71,3,A103,1,A121,1,A141,A151,3,A173,1,A191,A201,A91,0.500904,POSITIVE
A11,21,A32,A43,10314,A61,A71,3,A101,1,A121,0,A141,A151,3,A171,1,A191,A201,A91,0.499587,NEGATIVE
A11,21,A32,A43,10314,A61,A71,3,A101,1,A121,1,A141,A151,3,A171,1,A191,A201,A91,0.500754,POSITIVE
A11,21,A30,A43,10314,A61,A71,3,A103,1,A121,0,A141,A151,3,A171,1,A191,A201,A91,0.499276,NEGATIVE
A11,21,A30,A43,10314,A61,A71,3,A103,1,A121,1,A141,A151,3,A171,1,A191,A201,A91,0.500443,POSITIVE
A11,21,A32,A43,10314,A61,A71,3,A103,1,A121,0,A141,A151,1,A171,1,A191,A201,A91,0.499759,NEGATIVE
A11,21,A32,A43,10314,A61,A71,3,A103,1,A121,1,A141,A151,1,A171,1,A191,A201,A91,0.500927,POSITIVE
A11,21,A32,A43,10314,A61,A71,1,A101,1,A121,0,A141,A151,3,A173,1,A191,A201,A91,0.499797,NEGATIVE
A11,21,A32,A43,10314,A61,A71,1,A101,1,A121,1,A141,A151,3,A173,1,A191,A201,A91,0.500964,POSITIVE
A11,21,A30,A43,10314,A61,A71,1,A103,1,A121,0,A141,A151,3,A173,1,A191,A201,A91,0.499486,NEGATIVE
A11,21,A30,A43,10314,A61,A71,1,A103,1,A121,1,A141,A151,3,A173,1,A191,A201,A91,0.500653,POSITIVE
A11,21,A32,A43,10314,A61,A71,1,A103,1,A121,0,A141,A151,1,A173,1,A191,A201,A91,0.499969,NEGATIVE
A11,21,A32,A43,10314,A61,A71,1,A103,1,A121,1,A141,A151,1,A173,1,A191,A201,A91,0.501137,POSITIVE
A13,28,A32,A44,10344,A63,A73,1,A103,1,A123,0,A143,A153,3,A172,1,A192,A202,A92,0.498903,NEGATIVE
A13,28,A32,A44,10344,A63,A73,1,A103,1,A123,1,A143,A153,3,A172,1,A192,A202,A92,0.500070,POSITIVE
A11,21,A32,A42,10353,A61,A71,1,A101,1,A121,0,A141,A151,3,A171,1,A191,A201,A91,0.498907,NEGATIVE
A11,21,A32,A42,10353,A61,A71,1,A101,1,A121,1,A141,A151,3,A171,1,A191,A201,A91,0.500074,POSITIVE
A11,31,A32,A42,10314,A61,A71,1,A101,1,A121,0,A141,A151,3,A171,1,A191,A201,A91,0.498919,NEGATIVE
A11,31,A32,A42,10314,A61,A71,1,A101,1,A121,1,A141,A151,3,A171,1,A191,A201,A91,0.500086,POSITIVE
A11,21,A32,A42,10314,A61,A71,1,A101,1,A121,0,A141,A151,3,A173,1,A191,A201,A91,0.498914,NEGATIVE
A11,21,A32,A42,10314,A61,A71,1,A101,1,A121,1,A141,A151,3,A173,1,A191,A201,A91,0.500081,POSITIVE
A11,21,A32,A42,10314,A61,A71,1,A101,1,A121,0,A141,A151,3,A171,1,A191,A201,A91,0.499956,NEGATIVE
A11,21,A32,A42,10314,A61,A71,1,A101,1,A121,1,A141,A151,3,A171,1,A191,A201,A91,0.501123,POSITIVE
A11,21,A32,A42,10314,A61,A71,1,A101,1,A121,0,A141,A151,1,A171,1,A191,A201,A91,0.498936,NEGATIVE
A11,21,A32,A42,10314,A61,A71,1,A101,1,A121,1,A141,A151,1,A171,1,A191,A201,A91,0.500103,POSITIVE
A11,11,A32,A43,10353,A61,A71,3,A103,3,A121,0,A141,A151,3,A171,1,A191,A201,A91,0.499442,NEGATIVE
A11,11,A32,A43,10353,A61,A71,3,A103,3,A121,1,A141,A151,3,A171,1,A191,A201,A91,0.500609,POSITIVE
A11,11,A32,A43,10353,A61,A71,1,A103,3,A121,0,A141,A151,3,A173,1,A191,A201,A91,0.499652,NEGATIVE
A11,11,A32,A43,10353,A61,A71,1,A103,3,A121,1,A141,A151,3,A173,1,A191,A201,A91,0.500819,POSITIVE
A11,11,A32,A43,10353,A61,A71,1,A101,3,A121,0,A141,A151,3,A171,1,A191,A201,A91,0.499501,NEGATIVE
A11,11,A32,A43,10353,A61,A71,1,A101,3,A121,1,A141,A151,3,A171,1,A191,A201,A91,0.500669,POSITIVE
A11,11,A30,A43,10353,A61,A71,1,A103,3,A121,0,A141,A151,3,A171,1,A191,A201,A91,0.499191,NEGATIVE
A11,11,A30,A43,10353,A61,A71,1,A103,3,A121,1,A141,A151,3,A171,1,A191,A201,A91,0.500359,POSITIVE
A11,11,A32,A43,10353,A61,A71,1,A103,3,A121,0,A141,A151,1,A171,1,A191,A201,A91,0.499674,NEGATIVE
A11,11,A32,A43,10353,A61,A71,1,A103,3,A121,1,A141,A151,1,A171,1,A191,A201,A91,0.500841,POSITIVE
A11,11,A32,A43,10353,A61,A71,3,A103,1,A121,0,A141,A151,3,A173,1,A191,A201,A91,0.499725,NEGATIVE
A11,11,A32,A43,10353,A61,A71,3,A103,1,A121,1,A141,A151,3,A173,1,A191,A201,A91,0.500892,POSITIVE
A11,11,A32,A43,10353,A61,A71,3,A101,1,A121,0,A141,A151,3,A171,1,A191,A201,A91,0.499574,NEGATIVE
A11,11,A32,A43,10353,A61,A71,3,A101,1,A121,1,A141,A151,3,A171,1,A191,A201,A91,0.500742,POSITIVE
A11,11,A30,A43,10353,A61,A71,3,A103,1,A121,0,A141,A151,3,A171,1,A191,A201,A91,0.499265,NEGATIVE
A11,11,A30,A43,10353,A61,A71,3,A103,1,A121,1,A141,A151,3,A171,1,A191,A201,A91,0.500431,POSITIVE
A11,11,A32,A43,10353,A61,A71,3,A103,1,A121,0,A141,A151,1,A171,1,A191,A201,A91,0.499747,NEGATIVE
A11,11,A32,A43,10353,A61,A71,3,A103,1,A121,1,A141,A151,1,A171,1,A191,A201,A91,0.500914,POSITIVE
A11,11,A32,A43,10353,A61,A71,1,A101,1,A121,0,A141,A151,3,A173,1,A191,A201,A91,0.499784,NEGATIVE
A11,11,A32,A43,10353,A61,A71,1,A101,1,A121,1,A141,A151,3,A173,1,A191,A201,A91,0.500951,POSITIVE
A11,11,A30,A43,10353,A61,A71,1,A103,1,A121,0,A141,A151,3,A173,1,A191,A201,A91,0.499475,NEGATIVE
A11,11,A30,A43,10353,A61,A71,1,A103,1,A121,1,A141,A151,3,A173,1,A191,A201,A91,0.500642,POSITIVE
A11,11,A32,A43,10353,A61,A71,1,A103,1,A121,0,A141,A151,1,A173,1,A191,A201,A91,0.499957,NEGATIVE
A11,11,A32,A43,10353,A61,A71,1,A103,1,A121,1,A141,A151,1,A173,1,A191,A201,A91,0.501124,POSITIVE
A13,18,A32,A44,10383,A63,A73,1,A103,1,A123,0,A143,A153,3,A172,1,A192,A202,A92,0.498891,NEGATIVE
A13,18,A32,A44,10383,A63,A73,1,A103,1,A123,1,A143,A153,3,A172,1,A192,A202,A92,0.500058,POSITIVE
A11,11,A32,A43,10314,A61,A71,3,A103,3,A121,0,A141,A151,3,A173,1,A191,A201,A91,0.499449,NEGATIVE
A11,11,A32,A43,10314,A61,A71,3,A103,3,A121,1,A141,A151,3,A173,1,A191,A201,A91,0.500616,POSITIVE
A11,11,A32,A43,10314,A61,A71,3,A101,3,A121,0,A141,A151,3,A171,1,A191,A201,A91,0.499298,NEGATIVE
A11,11,A32,A43,10314,A61,A71,3,A101,3,A121,1,A141,A151,3,A171,1,A191,A201,A91,0.500465,POSITIVE
A11,11,A30,A43,10314,A61,A71,3,A103,3,A121,0,A141,A151,3,A171,1,A191,A201,A91,0.498988,NEGATIVE
A11,11,A30,A43,10314,A61,A71,3,A103,3,A121,1,A141,A151,3,A171,1,A191,A201,A91,0.500155,POSITIVE
A11,11,A32,A43,10314,A61,A71,3,A103,3,A121,0,A141,A151,1,A171,1,A191,A201,A91,0.499471,NEGATIVE
A11,11,A32,A43,10314,A61,A71,3,A103,3,A121,1,A141,A151,1,A171,1,A191,A201,A91,0.500638,POSITIVE
A11,11,A32,A43,10314,A61,A71,1,A101,3,A121,0,A141,A151,3,A173,1,A191,A201,A91,0.499508,NEGATIVE
A11,11,A32,A43,10314,A61,A71,1,A101,3,A121,1,A141,A151,3,A173,1,A191,A201,A91,0.500675,POSITIVE
A11,11,A30,A43,10314,A61,A71,1,A103,3,A121,0,A141,A151,3,A173,1,A191,A201,A91,0.499198,NEGATIVE
A11,11,A30,A43,10314,A61,A71,1,A103,3,A121,1,A141,A151,3,A173,1,A191,A201,A91,0.500365,POSITIVE
A11,11,A32,A43,10314,A61,A71,1,A103,3,A121,0,A141,A151,1,A173,1,A191,A201,A91,0.499681,NEGATIVE
A11,11,A32,A43,10314,A61,A71,1,A103,3,A121,1,A141,A151,1,A173,1,A191,A201,A91,0.500848,POSITIVE
A11,11,A30,A43,10314,A61,A71,1,A101,3,A121,0,A141,A151,3,A171,1,A191,A201,A91,0.499047,NEGATIVE
A11,11,A30,A43,10314,A61,A71,1,A101,3,A121,1,A141,A151,3,A171,1,A191,A201,A91,0.500214,POSITIVE
A11,11,A32,A43,10314,A61,A71,1,A101,3,A121,0,A141,A151,1,A171,1,A191,A201,A91,0.499530,NEGATIVE
A11,11,A32,A43,10314,A61,A71,1,A101,3,A121,1,A141,A151,1,A171,1,A191,A201,A91,0.500697,POSITIVE
A11,11,A30,A43,10314,A61,A71,1,A103,3,A121,0,A141,A151,1,A171,1,A191,A201,A91,0.499220,NEGATIVE
A11,11,A30,A43,10314,A61,A71,1,A103,3,A121,1,A141,A151,1,A171,1,A191,A201,A91,0.500387,POSITIVE
A11,11,A30,A43,10314,A61,A71,1,A101,1,A121,0,A141,A151,1,A171,1,A191,A201,A91,0.499352,NEGATIVE
A11,11,A30,A43,10314,A61,A71,1,A101,1,A121,1,A141,A151,1,A171,1,A191,A201,A91,0.500520,POSITIVE
A11,0,A32,A43,10353,A61,A71,3,A103,3,A121,0,A141,A151,3,A173,1,A191,A201,A91,0.499540,NEGATIVE
A11,0,A32,A43,10353,A61,A71,3,A103,3,A121,1,A141,A151,3,A173,1,A191,A201,A91,0.500707,POSITIVE
A11,0,A32,A43,10353,A61,A71,3,A101,3,A121,0,A141,A151,3,A171,1,A191,A201,A91,0.499390,NEGATIVE
A11,0,A32,A43,10353,A61,A71,3,A101,3,A121,1,A141,A151,3,A171,1,A191,A201,A91,0.500557,POSITIVE
A11,0,A30,A43,10353,A61,A71,3,A103,3,A121,0,A141,A151,3,A171,1,A191,A201,A91,0.499080,NEGATIVE
A11,0,A30,A43,10353,A61,A71,3,A103,3,A121,1,A141,A151,3,A171,1,A191,A201,A91,0.500247,POSITIVE
A11,0,A32,A43,10353,A61,A71,3,A103,3,A121,0,A141,A151,1,A171,1,A191,A201,A91,0.499563,NEGATIVE
A11,0,A32,A43,10353,A61,A71,3,A103,3,A121,1,A141,A151,1,A171,1,A191,A201,A91,0.500730,POSITIVE
A11,0,A32,A43,10353,A61,A71,1,A101,3,A121,0,A141,A151,3,A173,1,A191,A201,A91,0.499600,NEGATIVE
A11,0,A32,A43,10353,A61,A71,1,A101,3,A121,1,A141,A151,3,A173,1,A191,A201,A91,0.500767,POSITIVE
A11,0,A30,A43,10353,A61,A71,1,A103,3,A121,0,A141,A151,3,A173,1,A191,A201,A91,0.499290,NEGATIVE
A11,0,A30,A43,10353,A61,A71,1,A103,3,A121,1,A141,A151,3,A173,1,A191,A201,A91,0.500457,POSITIVE
A11,0,A32,A43,10353,A61,A71,1,A103,3,A121,0,A141,A151,1,A173,1,A191,A201,A91,0.499772,NEGATIVE
A11,0,A32,A43,10353,A61,A71,1,A103,3,A121,1,A141,A151,1,A173,1,A191,A201,A91,0.500939,POSITIVE
A11,0,A30,A43,10353,A61,A71,1,A101,3,A121,0,A141,A151,3,A171,1,A191,A201,A91,0.499139,NEGATIVE
A11,0,A30,A43,10353,A61,A71,1,A101,3,A121,1,A141,A151,3,A171,1,A191,A201,A91,0.500306,POSITIVE
A11,0,A32,A43,10353,A61,A71,1,A101,3,A121,0,A141,A151,1,A171,1,A191,A201,A91,0.499622,NEGATIVE
A11,0,A32,A43,10353,A61,A71,1,A101,3,A121,1,A141,A151,1,A171,1,A191,A201,A91,0.500789,POSITIVE
A11,0,A30,A43,10353,A61,A71,1,A103,3,A121,0,A141,A151,1,A171,1,A191,A201,A91,0.499312,NEGATIVE
A11,0,A30,A43,10353,A61,A71,1,A103,3,A121,1,A141,A151,1,A171,1,A191,A201,A91,0.500479,POSITIVE
A11,0,A30,A43,10353,A61,A71,1,A101,1,A121,0,A141,A151,1,A171,1,A191,A201,A91,0.499444,NEGATIVE
A11,0,A30,A43,10353,A61,A71,1,A101,1,A121,1,A141,A151,1,A171,1,A191,A201,A91,0.500611,POSITIVE
A11,0,A30,A43,10314,A61,A71,1,A101,3,A121,0,A141,A151,1,A171,1,A191,A201,A91,0.499168,NEGATIVE
A11,0,A30,A43,10314,A61,A71,1,A101,3,A121,1,A141,A151,1,A171,1,A191,A201,A91,0.500335,POSITIVE
A12,2,A31,A43,10325,A62,A72,1,A102,1,A122,0,A142,A152,1,A172,1,A191,A201,A91,0.499994,NEGATIVE
A12,2,A31,A43,10325,A62,A72,1,A102,1,A122,1,A142,A152,1,A172,1,A191,A201,A91,0.501161,POSITIVE
A11,11,A32,A42,10353,A61,A71,1,A101,1,A121,0,A141,A151,3,A173,1,A191,A201,A91,0.498902,NEGATIVE
A11,11,A32,A42,10353,A61,A71,1,A101,1,A121,1,A141,A151,3,A173,1,A191,A201,A91,0.500069,POSITIVE
A11,11,A32,A42,10353,A61,A71,1,A101,1,A121,0,A141,A151,3,A171,1,A191,A201,A91,0.499944,NEGATIVE
A11,11,A32,A42,10353,A61,A71,1,A101,1,A121,1,A141,A151,3,A171,1,A191,A201,A91,0.501111,POSITIVE
A11,11,A32,A42,10353,A61,A71,1,A101,1,A121,0,A141,A151,1,A171,1,A191,A201,A91,0.498924,NEGATIVE
A11,11,A32,A42,10353,A61,A71,1,A101,1,A121,1,A141,A151,1,A171,1,A191,A201,A91,0.500091,POSITIVE
A11,11,A32,A42,10314,A61,A71,1,A101,3,A121,0,A141,A151,3,A171,1,A191,A201,A91,0.499667,NEGATIVE
A11,11,A32,A42,10314,A61,A71,1,A101,3,A121,1,A141,A151,3,A171,1,A191,A201,A91,0.500834,POSITIVE
A11,11,A32,A42,10314,A61,A71,3,A101,1,A121,0,A141,A151,3,A171,1,A191,A201,A91,0.499740,NEGATIVE
A11,11,A32,A42,10314,A61,A71,3,A101,1,A121,1,A141,A151,3,A171,1,A191,A201,A91,0.500907,POSITIVE
A11,11,A32,A42,10314,A61,A71,1,A101,1,A121,0,A141,A151,3,A173,1,A191,A201,A91,0.499951,NEGATIVE
A11,11,A32,A42,10314,A61,A71,1,A101,1,A121,1,A141,A151,3,A173,1,A191,A201,A91,0.501118,POSITIVE
A11,11,A32,A42,10314,A61,A71,1,A101,1,A121,0,A141,A151,1,A173,1,A191,A201,A91,0.498930,NEGATIVE
A11,11,A32,A42,10314,A61,A71,1,A101,1,A121,1,A141,A151,1,A173,1,A191,A201,A91,0.500097,POSITIVE
A11,11,A30,A42,10314,A61,A71,1,A101,1,A121,0,A141,A151,3,A171,1,A191,A201,A91,0.499490,NEGATIVE
A11,11,A30,A42,10314,A61,A71,1,A101,1,A121,1,A141,A151,3,A171,1,A191,A201,A91,0.500657,POSITIVE
A11,11,A32,A42,10314,A61,A71,1,A101,1,A121,0,A141,A151,1,A171,1,A191,A201,A91,0.499972,NEGATIVE
A11,11,A32,A42,10314,A61,A71,1,A101,1,A121,1,A141,A151,1,A171,1,A191,A201,A91,0.501139,POSITIVE
A11,11,A32,A40,10314,A61,A71,1,A101,1,A121,0,A141,A151,3,A171,1,A191,A201,A91,0.499227,NEGATIVE
A11,11,A32,A40,10314,A61,A71,1,A101,1,A121,1,A141,A151,3,A171,1,A191,A201,A91,0.500394,POSITIVE
A11,0,A32,A42,10353,A61,A71,1,A101,3,A121,0,A141,A151,3,A171,1,A191,A201,A91,0.499759,NEGATIVE
A11,0,A32,A42,10353,A61,A71,1,A101,3,A121,1,A141,A151,3,A171,1,A191,A201,A91,0.500926,POSITIVE
A11,0,A32,A42,10353,A61,A71,3,A101,1,A121,0,A141,A151,3,A171,1,A191,A201,A91,0.499832,NEGATIVE
A11,0,A32,A42,10353,A61,A71,3,A101,1,A121,1,A141,A151,3,A171,1,A191,A201,A91,0.500999,POSITIVE
A11,0,A32,A42,10356,A61,A71,1,A101,1,A121,0,A141,A151,3,A173,1,A191,A201,A91,0.499765,NEGATIVE
A11,0,A32,A42,10356,A61,A71,1,A101,1,A121,1,A141,A151,3,A173,1,A191,A201,A91,0.500932,POSITIVE
A11,0,A32,A42,10353,A61,A71,1,A101,1,A121,0,A141,A151,1,A173,1,A191,A201,A91,0.499022,NEGATIVE
A11,0,A32,A42,10353,A61,A71,1,A101,1,A121,1,A141,A151,1,A173,1,A191,A201,A91,0.500189,POSITIVE
A11,0,A30,A42,10353,A61,A71,1,A101,1,A121,0,A141,A151,3,A171,1,A191,A201,A91,0.499582,NEGATIVE
A11,0,A30,A42,10353,A61,A71,1,A101,1,A121,1,A141,A151,3,A171,1,A191,A201,A91,0.500749,POSITIVE
A11,0,A32,A42,10356,A61,A71,1,A101,1,A121,0,A141,A151,1,A171,1,A191,A201,A91,0.499787,NEGATIVE
A11,0,A32,A42,10356,A61,A71,1,A101,1,A121,1,A141,A151,1,A171,1,A191,A201,A91,0.500954,POSITIVE
A11,0,A32,A40,10353,A61,A71,1,A101,1,A121,0,A141,A151,3,A171,1,A191,A201,A91,0.499319,NEGATIVE
A11,0,A32,A40,10353,A61,A71,1,A101,1,A121,1,A141,A151,3,A171,1,A191,A201,A91,0.500486,POSITIVE
A11,0,A32,A42,10314,A61,A71,3,A101,3,A121,0,A141,A151,3,A171,1,A191,A201,A91,0.499555,NEGATIVE
A11,0,A32,A42,10314,A61,A71,3,A101,3,A121,1,A141,A151,3,A171,1,A191,A201,A91,0.500722,POSITIVE
A11,0,A32,A42,10314,A61,A71,1,A101,3,A121,0,A141,A151,3,A173,1,A191,A201,A91,0.499765,NEGATIVE
A11,0,A32,A42,10314,A61,A71,1,A101,3,A121,1,A141,A151,3,A173,1,A191,A201,A91,0.500932,POSITIVE
A11,0,A30,A42,10314,A61,A71,1,A101,3,A121,0,A141,A151,3,A171,1,A191,A201,A91,0.499305,NEGATIVE
A11,0,A30,A42,10314,A61,A71,1,A101,3,A121,1,A141,A151,3,A171,1,A191,A201,A91,0.500472,POSITIVE
A11,0,A32,A42,10314,A61,A71,1,A101,3,A121,0,A141,A151,1,A171,1,A191,A201,A91,0.499788,NEGATIVE
A11,0,A32,A42,10314,A61,A71,1,A101,3,A121,1,A141,A151,1,A171,1,A191,A201,A91,0.500955,POSITIVE
A11,0,A32,A40,10314,A61,A71,1,A101,3,A121,0,A141,A151,3,A171,1,A191,A201,A91,0.499042,NEGATIVE
A11,0,A32,A40,10314,A61,A71,1,A101,3,A121,1,A141,A151,3,A171,1,A191,A201,A91,0.500209,POSITIVE
A11,0,A32,A42,10314,A61,A71,3,A101,1,A121,0,A141,A151,3,A173,1,A191,A201,A91,0.499838,NEGATIVE
A11,0,A32,A42,10314,A61,A71,3,A101,1,A121,1,A141,A151,3,A173,1,A191,A201,A91,0.501006,POSITIVE
A11,0,A30,A42,10314,A61,A71,3,A101,1,A121,0,A141,A151,3,A171,1,A191,A201,A91,0.499378,NEGATIVE
A11,0,A30,A42,10314,A61,A71,3,A101,1,A121,1,A141,A151,3,A171,1,A191,A201,A91,0.500546,POSITIVE
A11,0,A32,A42,10314,A61,A71,3,A101,1,A121,0,A141,A151,1,A171,1,A191,A201,A91,0.499861,NEGATIVE
A11,0,A32,A42,10314,A61,A71,3,A101,1,A121,1,A141,A151,1,A171,1,A191,A201,A91,0.501028,POSITIVE
A11,0,A32,A40,10314,A61,A71,3,A101,1,A121,0,A141,A151,3,A171,1,A191,A201,A91,0.499115,NEGATIVE
A11,0,A32,A40,10314,A61,A71,3,A101,1,A121,1,A141,A151,3,A171,1,A191,A201,A91,0.500282,POSITIVE
A11,0,A30,A42,10314,A61,A71,1,A101,1,A121,0,A141,A151,1,A171,1,A191,A201,A91,0.499610,NEGATIVE
A11,0,A30,A42,10314,A61,A71,1,A101,1,A121,1,A141,A151,1,A171,1,A191,A201,A91,0.500777,POSITIVE
A11,0,A32,A40,10314,A61,A71,1,A101,1,A121,0,A141,A151,3,A173,1,A191,A201,A91,0.499325,NEGATIVE
A11,0,A32,A40,10314,A61,A71,1,A101,1,A121,1,A141,A151,3,A173,1,A191,A201,A91,0.500492,POSITIVE
A11,0,A30,A40,10314,A61,A71,1,A101,1,A121,0,A141,A151,3,A171,1,A191,A201,A91,0.498865,NEGATIVE
A11,0,A30,A40,10314,A61,A71,1,A101,1,A121,1,A141,A151,3,A171,1,A191,A201,A91,0.500032,POSITIVE
A11,0,A32,A40,10314,A61,A71,1,A101,1,A121,0,A141,A151,1,A171,1,A191,A201,A91,0.499347,NEGATIVE
A11,0,A32,A40,10314,A61,A71,1,A101,1,A121,1,A141,A151,1,A171,1,A191,A201,A91,0.500515,POSITIVE
A11,71,A32,A48,10275,A61,A71,3,A103,3,A121,0,A141,A151,3,A171,1,A191,A201,A91,0.499733,NEGATIVE
A11,71,A32,A48,10275,A61,A71,3,A103,3,A121,1,A141,A151,3,A171,1,A191,A201,A91,0.500900,POSITIVE
A11,71,A32,A48,10275,A61,A71,1,A103,3,A121,0,A141,A151,3,A173,1,A191,A201,A91,0.499943,NEGATIVE
A11,71,A32,A48,10275,A61,A71,1,A103,3,A121,1,A141,A151,3,A173,1,A191,A201,A91,0.501110,POSITIVE
A11,71,A32,A48,10275,A61,A71,1,A103,3,A121,0,A141,A151,1,A173,1,A191,A201,A91,0.498923,NEGATIVE
A11,71,A32,A48,10275,A61,A71,1,A103,3,A121,1,A141,A151,1,A173,1,A191,A201,A91,0.500090,POSITIVE
A11,71,A32,A48,10275,A61,A71,1,A101,3,A121,0,A141,A151,3,A171,1,A191,A201,A91,0.499793,NEGATIVE
A11,71,A32,A48,10275,A61,A71,1,A101,3,A121,1,A141,A151,3,A171,1,A191,A201,A91,0.500960,POSITIVE
A11,71,A30,A48,10275,A61,A71,1,A103,3,A121,0,A141,A151,3,A171,1,A191,A201,A91,0.499483,NEGATIVE
A11,71,A30,A48,10275,A61,A71,1,A103,3,A121,1,A141,A151,3,A171,1,A191,A201,A91,0.500650,POSITIVE
A11,71,A32,A48,10275,A61,A71,1,A103,3,A121,0,A141,A151,1,A171,1,A191,A201,A91,0.499965,NEGATIVE
A11,71,A32,A48,10275,A61,A71,1,A103,3,A121,1,A141,A151,1,A171,1,A191,A201,A91,0.501132,POSITIVE
A11,61,A32,A48,10275,A61,A71,3,A103,3,A121,0,A141,A151,3,A173,1,A191,A201,A91,0.499728,NEGATIVE
A11,61,A32,A48,10275,A61,A71,3,A103,3,A121,1,A141,A151,3,A173,1,A191,A201,A91,0.500894,POSITIVE
A11,61,A32,A48,10275,A61,A71,3,A101,3,A121,0,A141,A151,3,A171,1,A191,A201,A91,0.499577,NEGATIVE
A11,61,A32,A48,10275,A61,A71,3,A101,3,A121,1,A141,A151,3,A171,1,A191,A201,A91,0.500744,POSITIVE
A11,61,A30,A48,10275,A61,A71,3,A103,3,A121,0,A141,A151,3,A171,1,A191,A201,A91,0.499267,NEGATIVE
A11,61,A30,A48,10275,A61,A71,3,A103,3,A121,1,A141,A151,3,A171,1,A191,A201,A91,0.500434,POSITIVE
A11,61,A32,A48,10275,A61,A71,3,A103,3,A121,0,A141,A151,1,A171,1,A191,A201,A91,0.499750,NEGATIVE
A11,61,A32,A48,10275,A61,A71,3,A103,3,A121,1,A141,A151,1,A171,1,A191,A201,A91,0.500917,POSITIVE
A11,61,A32,A48,10275,A61,A71,1,A101,3,A121,0,A141,A151,3,A173,1,A191,A201,A91,0.499787,NEGATIVE
A11,61,A32,A48,10275,A61,A71,1,A101,3,A121,1,A141,A151,3,A173,1,A191,A201,A91,0.500954,POSITIVE
A11,61,A30,A48,10275,A61,A71,1,A103,3,A121,0,A141,A151,3,A173,1,A191,A201,A91,0.499477,NEGATIVE
A11,61,A30,A48,10275,A61,A71,1,A103,3,A121,1,A141,A151,3,A173,1,A191,A201,A91,0.500644,POSITIVE
A11,61,A32,A48,10275,A61,A71,1,A103,3,A121,0,A141,A151,1,A173,1,A191,A201,A91,0.499960,NEGATIVE
A11,61,A32,A48,10275,A61,A71,1,A103,3,A121,1,A141,A151,1,A173,1,A191,A201,A91,0.501126,POSITIVE
A13,68,A32,A49,10305,A63,A73,1,A103,3,A123,0,A143,A153,3,A172,1,A192,A202,A92,0.498893,NEGATIVE
A13,68,A32,A49,10305,A63,A73,1,A103,3,A123,1,A143,A153,3,A172,1,A192,A202,A92,0.500060,POSITIVE
A11,71,A32,A48,10278,A61,A71,3,A103,1,A121,0,A141,A151,3,A173,1,A191,A201,A91,0.499718,NEGATIVE
A11,71,A32,A48,10278,A61,A71,3,A103,1,A121,1,A141,A151,3,A173,1,A191,A201,A91,0.500885,POSITIVE
A11,71,A32,A48,10275,A61,A71,3,A103,1,A121,0,A141,A151,1,A173,1,A191,A201,A91,0.498996,NEGATIVE
A11,71,A32,A48,10275,A61,A71,3,A103,1,A121,1,A141,A151,1,A173,1,A191,A201,A91,0.500163,POSITIVE
A11,71,A32,A48,10275,A61,A71,3,A101,1,A121,0,A141,A151,3,A171,1,A191,A201,A91,0.499866,NEGATIVE
A11,71,A32,A48,10275,A61,A71,3,A101,1,A121,1,A141,A151,3,A171,1,A191,A201,A91,0.501033,POSITIVE
A11,71,A30,A48,10275,A61,A71,3,A103,1,A121,0,A141,A151,3,A171,1,A191,A201,A91,0.499556,NEGATIVE
A11,71,A30,A48,10275,A61,A71,3,A103,1,A121,1,A141,A151,3,A171,1,A191,A201,A91,0.500723,POSITIVE
A11,71,A32,A48,10275,A61,A71,3,A101,1,A121,0,A141,A151,1,A171,1,A191,A201,A91,0.498846,NEGATIVE
A11,71,A32,A48,10275,A61,A71,3,A101,1,A121,1,A141,A151,1,A171,1,A191,A201,A91,0.500013,POSITIVE
A11,71,A32,A48,10278,A61,A71,1,A101,1,A121,0,A141,A151,3,A173,1,A191,A201,A91,0.499897,NEGATIVE
A11,71,A32,A48,10278,A61,A71,1,A101,1,A121,1,A141,A151,3,A173,1,A191,A201,A91,0.501064,POSITIVE
A11,71,A30,A48,10275,A61,A71,1,A103,1,A121,0,A141,A151,3,A173,1,A191,A201,A91,0.499766,NEGATIVE
A11,71,A30,A48,10275,A61,A71,1,A103,1,A121,1,A141,A151,3,A173,1,A191,A201,A91,0.500933,POSITIVE
A11,71,A32,A48,10275,A61,A71,1,A101,1,A121,0,A141,A151,1,A173,1,A191,A201,A91,0.499056,NEGATIVE
A11,71,A32,A48,10275,A61,A71,1,A101,1,A121,1,A141,A151,1,A173,1,A191,A201,A91,0.500223,POSITIVE
A12,74,A31,A48,10290,A62,A72,1,A102,1,A122,0,A142,A152,2,A171,1,A191,A201,A91,0.498889,NEGATIVE
A12,74,A31,A48,10290,A62,A72,1,A102,1,A122,1,A142,A152,2,A171,1,A191,A201,A91,0.500056,POSITIVE
A11,61,A30,A48,10275,A61,A71,1,A101,1,A121,0,A141,A151,1,A171,1,A191,A201,A91,0.499632,NEGATIVE
A11,61,A30,A48,10275,A61,A71,1,A101,1,A121,1,A141,A151,1,A171,1,A191,A201,A91,0.500799,POSITIVE
A11,71,A32,A48,10236,A61,A71,3,A103,3,A121,0,A141,A151,3,A173,1,A191,A201,A91,0.499740,NEGATIVE
A11,71,A32,A48,10236,A61,A71,3,A103,3,A121,1,A141,A151,3,A173,1,A191,A201,A91,0.500907,POSITIVE
A11,71,A32,A48,10236,A61,A71,3,A101,3,A121,0,A141,A151,3,A171,1,A191,A201,A91,0.499589,NEGATIVE
A11,71,A32,A48,10236,A61,A71,3,A101,3,A121,1,A141,A151,3,A171,1,A191,A201,A91,0.500756,POSITIVE
A11,71,A30,A48,10236,A61,A71,3,A103,3,A121,0,A141,A151,3,A171,1,A191,A201,A91,0.499279,NEGATIVE
A11,71,A30,A48,10236,A61,A71,3,A103,3,A121,1,A141,A151,3,A171,1,A191,A201,A91,0.500446,POSITIVE
A11,71,A32,A48,10236,A61,A71,3,A103,3,A121,0,A141,A151,1,A171,1,A191,A201,A91,0.499762,NEGATIVE
A11,71,A32,A48,10236,A61,A71,3,A103,3,A121,1,A141,A151,1,A171,1,A191,A201,A91,0.500929,POSITIVE
A11,71,A32,A48,10236,A61,A71,1,A101,3,A121,0,A141,A151,3,A173,1,A191,A201,A91,0.499799,NEGATIVE
A11,71,A32,A48,10236,A61,A71,1,A101,3,A121,1,A141,A151,3,A173,1,A191,A201,A91,0.500966,POSITIVE
A11,71,A30,A48,10236,A61,A71,1,A103,3,A121,0,A141,A151,3,A173,1,A191,A201,A91,0.499489,NEGATIVE
A11,71,A30,A48,10236,A61,A71,1,A103,3,A121,1,A141,A151,3,A173,1,A191,A201,A91,0.500657,POSITIVE
A11,71,A32,A48,10236,A61,A71,1,A103,3,A121,0,A141,A151,1,A173,1,A191,A201,A91,0.499972,NEGATIVE
A11,71,A32,A48,10236,A61,A71,1,A103,3,A121,1,A141,A151,1,A173,1,A191,A201,A91,0.501139,POSITIVE
A13,78,A32,A49,10266,A63,A73,1,A103,3,A123,0,A143,A153,3,A172,1,A192,A202,A92,0.498905,NEGATIVE
A13,78,A32,A49,10266,A63,A73,1,A103,3,A123,1,A143,A153,3,A172,1,A192,A202,A92,0.500072,POSITIVE
A11,61,A30,A48,10236,A61,A71,1,A101,3,A121,0,A141,A151,1,A171,1,A191,A201,A91,0.499355,NEGATIVE
A11,61,A30,A48,10236,A61,A71,1,A101,3,A121,1,A141,A151,1,A171,1,A191,A201,A91,0.500522,POSITIVE
A11,71,A30,A48,10236,A61,A71,1,A101,1,A121,0,A141,A151,1,A171,1,A191,A201,A91,0.499643,NEGATIVE
A11,71,A30,A48,10236,A61,A71,1,A101,1,A121,1,A141,A151,1,A171,1,A191,A201,A91,0.500811,POSITIVE
A12,65,A31,A49,10255,A62,A72,2,A102,1,A122,0,A142,A152,2,A173,1,A192,A202,A92,0.499901,NEGATIVE
A12,65,A31,A49,10255,A62,A72,2,A102,1,A122,1,A142,A152,2,A173,1,A192,A202,A92,0.501068,POSITIVE
A11,71,A32,A47,10275,A61,A71,1,A101,3,A121,0,A141,A151,3,A171,1,A191,A201,A91,0.498910,NEGATIVE
A11,71,A32,A47,10275,A61,A71,1,A101,3,A121,1,A141,A151,3,A171,1,A191,A201,A91,0.500077,POSITIVE
A11,61,A32,A47,10275,A61,A71,1,A101,3,A121,0,A141,A151,3,A173,1,A191,A201,A91,0.498904,NEGATIVE
A11,61,A32,A47,10275,A61,A71,1,A101,3,A121,1,A141,A151,3,A173,1,A191,A201,A91,0.500071,POSITIVE
A11,61,A32,A47,10275,A61,A71,1,A101,3,A121,0,A141,A151,3,A171,1,A191,A201,A91,0.499946,NEGATIVE
A11,61,A32,A47,10275,A61,A71,1,A101,3,A121,1,A141,A151,3,A171,1,A191,A201,A91,0.501113,POSITIVE
A11,61,A32,A47,10275,A61,A71,1,A101,3,A121,0,A141,A151,1,A171,1,A191,A201,A91,0.498926,NEGATIVE
A11,61,A32,A47,10275,A61,A71,1,A101,3,A121,1,A141,A151,1,A171,1,A191,A201,A91,0.500093,POSITIVE
A11,71,A32,A47,10275,A61,A71,3,A101,1,A121,0,A141,A151,3,A171,1,A191,A201,A91,0.498983,NEGATIVE
A11,71,A32,A47,10275,A61,A71,3,A101,1,A121,1,A141,A151,3,A171,1,A191,A201,A91,0.500150,POSITIVE
A11,71,A32,A47,10275,A61,A71,1,A101,1,A121,0,A141,A151,3,A173,1,A191,A201,A91,0.499193,NEGATIVE
A11,71,A32,A47,10275,A61,A71,1,A101,1,A121,1,A141,A151,3,A173,1,A191,A201,A91,0.500360,POSITIVE
A11,71,A32,A47,10278,A61,A71,1,A101,1,A121,0,A141,A151,3,A171,1,A191,A201,A91,0.499967,NEGATIVE
A11,71,A32,A47,10278,A61,A71,1,A101,1,A121,1,A141,A151,3,A171,1,A191,A201,A91,0.501134,POSITIVE
A11,71,A32,A47,10275,A61,A71,1,A101,1,A121,0,A141,A151,1,A171,1,A191,A201,A91,0.499215,NEGATIVE
A11,71,A32,A47,10275,A61,A71,1,A101,1,A121,1,A141,A151,1,A171,1,A191,A201,A91,0.500382,POSITIVE
A11,61,A32,A47,10275,A61,A71,3,A101,1,A121,0,A141,A151,3,A173,1,A191,A201,A91,0.498978,NEGATIVE
A11,61,A32,A47,10275,A61,A71,3,A101,1,A121,1,A141,A151,3,A173,1,A191,A201,A91,0.500145,POSITIVE
A11,61,A32,A47,10278,A61,A71,3,A101,1,A121,0,A141,A151,3,A171,1,A191,A201,A91,0.499752,NEGATIVE
A11,61,A32,A47,10278,A61,A71,3,A101,1,A121,1,A141,A151,3,A171,1,A191,A201,A91,0.500919,POSITIVE
A11,61,A32,A47,10275,A61,A71,3,A101,1,A121,0,A141,A151,1,A171,1,A191,A201,A91,0.498999,NEGATIVE
A11,61,A32,A47,10275,A61,A71,3,A101,1,A121,1,A141,A151,1,A171,1,A191,A201,A91,0.500166,POSITIVE
A11,61,A32,A47,10278,A61,A71,1,A101,1,A121,0,A141,A151,3,A173,1,A191,A201,A91,0.499962,NEGATIVE
A11,61,A32,A47,10278,A61,A71,1,A101,1,A121,1,A141,A151,3,A173,1,A191,A201,A91,0.501129,POSITIVE
A11,61,A32,A47,10275,A61,A71,1,A101,1,A121,0,A141,A151,1,A173,1,A191,A201,A91,0.499210,NEGATIVE
A11,61,A32,A47,10275,A61,A71,1,A101,1,A121,1,A141,A151,1,A173,1,A191,A201,A91,0.500376,POSITIVE
A11,61,A30,A47,10275,A61,A71,1,A101,1,A121,0,A141,A151,3,A171,1,A191,A201,A91,0.499769,NEGATIVE
A11,61,A30,A47,10275,A61,A71,1,A101,1,A121,1,A141,A151,3,A171,1,A191,A201,A91,0.500936,POSITIVE
A11,61,A32,A47,10278,A61,A71,1,A101,1,A121,0,A141,A151,1,A171,1,A191,A201,A91,0.499984,NEGATIVE
A11,61,A32,A47,10278,A61,A71,1,A101,1,A121,1,A141,A151,1,A171,1,A191,A201,A91,0.501152,POSITIVE
A11,61,A32,A45,10275,A61,A71,1,A101,1,A121,0,A141,A151,3,A171,1,A191,A201,A91,0.499506,NEGATIVE
A11,61,A32,A45,10275,A61,A71,1,A101,1,A121,1,A141,A151,3,A171,1,A191,A201,A91,0.500673,POSITIVE
A11,71,A32,A47,10236,A61,A71,1,A101,3,A121,0,A141,A151,3,A173,1,A191,A201,A91,0.498916,NEGATIVE
A11,71,A32,A47,10236,A61,A71,1,A101,3,A121,1,A141,A151,3,A173,1,A191,A201,A91,0.500083,POSITIVE
A11,71,A32,A47,10236,A61,A71,1,A101,3,A121,0,A141,A151,3,A171,1,A191,A201,A91,0.499958,NEGATIVE
A11,71,A32,A47,10236,A61,A71,1,A101,3,A121,1,A141,A151,3,A171,1,A191,A201,A91,0.501126,POSITIVE
A11,71,A32,A47,10236,A61,A71,1,A101,3,A121,0,A141,A151,1,A171,1,A191,A201,A91,0.498938,NEGATIVE
A11,71,A32,A47,10236,A61,A71,1,A101,3,A121,1,A141,A151,1,A171,1,A191,A201,A91,0.500105,POSITIVE
A11,61,A32,A47,10236,A61,A71,3,A101,3,A121,0,A141,A151,3,A171,1,A191,A201,A91,0.499743,NEGATIVE
A11,61,A32,A47,10236,A61,A71,3,A101,3,A121,1,A141,A151,3,A171,1,A191,A201,A91,0.500910,POSITIVE
A11,61,A32,A47,10236,A61,A71,1,A101,3,A121,0,A141,A151,3,A173,1,A191,A201,A91,0.499953,NEGATIVE
A11,61,A32,A47,10236,A61,A71,1,A101,3,A121,1,A141,A151,3,A173,1,A191,A201,A91,0.501120,POSITIVE
A11,61,A32,A47,10236,A61,A71,1,A101,3,A121,0,A141,A151,1,A173,1,A191,A201,A91,0.498933,NEGATIVE
A11,61,A32,A47,10236,A61,A71,1,A101,3,A121,1,A141,A151,1,A173,1,A191,A201,A91,0.500100,POSITIVE
A11,61,A30,A47,10236,A61,A71,1,A101,3,A121,0,A141,A151,3,A171,1,A191,A201,A91,0.499492,NEGATIVE
A11,61,A30,A47,10236,A61,A71,1,A101,3,A121,1,A141,A151,3,A171,1,A191,A201,A91,0.500660,POSITIVE
A11,61,A32,A47,10236,A61,A71,1,A101,3,A121,0,A141,A151,1,A171,1,A191,A201,A91,0.499975,NEGATIVE
A11,61,A32,A47,10236,A61,A71,1,A101,3,A121,1,A141,A151,1,A171,1,A191,A201,A91,0.501142,POSITIVE
A11,61,A32,A45,10236,A61,A71,1,A101,3,A121,0,A141,A151,3,A171,1,A191,A201,A91,0.499229,NEGATIVE
A11,61,A32,A45,10236,A61,A71,1,A101,3,A121,1,A141,A151,3,A171,1,A191,A201,A91,0.500397,POSITIVE
A11,71,A32,A47,10236,A61,A71,3,A101,1,A121,0,A141,A151,3,A173,1,A191,A201,A91,0.498989,NEGATIVE
A11,71,A32,A47,10236,A61,A71,3,A101,1,A121,1,A141,A151,3,A173,1,A191,A201,A91,0.500156,POSITIVE
A11,71,A32,A47,10239,A61,A71,3,A101,1,A121,0,A141,A151,3,A171,1,A191,A201,A91,0.499764,NEGATIVE
A11,71,A32,A47,10239,A61,A71,3,A101,1,A121,1,A141,A151,3,A171,1,A191,A201,A91,0.500931,POSITIVE
A11,71,A32,A47,10236,A61,A71,3,A101,1,A121,0,A141,A151,1,A171,1,A191,A201,A91,0.499011,NEGATIVE
A11,71,A32,A47,10236,A61,A71,3,A101,1,A121,1,A141,A151,1,A171,1,A191,A201,A91,0.500179,POSITIVE
A11,71,A32,A47,10239,A61,A71,1,A101,1,A121,0,A141,A151,3,A173,1,A191,A201,A91,0.499974,NEGATIVE
A11,71,A32,A47,10239,A61,A71,1,A101,1,A121,1,A141,A151,3,A173,1,A191,A201,A91,0.501142,POSITIVE
A11,71,A32,A47,10236,A61,A71,1,A101,1,A121,0,A141,A151,1,A173,1,A191,A201,A91,0.499221,NEGATIVE
A11,71,A32,A47,10236,A61,A71,1,A101,1,A121,1,A141,A151,1,A173,1,A191,A201,A91,0.500388,POSITIVE
A11,71,A30,A47,10236,A61,A71,1,A101,1,A121,0,A141,A151,3,A171,1,A191,A201,A91,0.499781,NEGATIVE
A11,71,A30,A47,10236,A61,A71,1,A101,1,A121,1,A141,A151,3,A171,1,A191,A201,A91,0.500948,POSITIVE
A11,71,A32,A47,10239,A61,A71,1,A101,1,A121,0,A141,A151,1,A171,1,A191,A201,A91,0.499996,NEGATIVE
A11,71,A32,A47,10239,A61,A71,1,A101,1,A121,1,A141,A151,1,A171,1,A191,A201,A91,0.501163,POSITIVE
A11,71,A32,A45,10236,A61,A71,1,A101,1,A121,0,A141,A151,3,A171,1,A191,A201,A91,0.499518,NEGATIVE
A11,71,A32,A45,10236,A61,A71,1,A101,1,A121,1,A141,A151,3,A171,1,A191,A201,A91,0.500686,POSITIVE
A11,61,A32,A47,10239,A61,A71,3,A101,1,A121,0,A141,A151,3,A173,1,A191,A201,A91,0.499759,NEGATIVE
A11,61,A32,A47,10239,A61,A71,3,A101,1,A121,1,A141,A151,3,A173,1,A191,A201,A91,0.500926,POSITIVE
A11,61,A32,A47,10236,A61,A71,3,A101,1,A121,0,A141,A151,1,A173,1,A191,A201,A91,0.499007,NEGATIVE
A11,61,A32,A47,10236,A61,A71,3,A101,1,A121,1,A141,A151,1,A173,1,A191,A201,A91,0.500173,POSITIVE
A11,61,A30,A47,10236,A61,A71,3,A101,1,A121,0,A141,A151,3,A171,1,A191,A201,A91,0.499566,NEGATIVE
A11,61,A30,A47,10236,A61,A71,3,A101,1,A121,1,A141,A151,3,A171,1,A191,A201,A91,0.500733,POSITIVE
A11,61,A32,A47,10239,A61,A71,3,A101,1,A121,0,A141,A151,1,A171,1,A191,A201,A91,0.499781,NEGATIVE
A11,61,A32,A47,10239,A61,A71,3,A101,1,A121,1,A141,A151,1,A171,1,A191,A201,A91,0.500948,POSITIVE
A11,61,A32,A45,10236,A61,A71,3,A101,1,A121,0,A141,A151,3,A171,1,A191,A201,A91,0.499302,NEGATIVE
A11,61,A32,A45,10236,A61,A71,3,A101,1,A121,1,A141,A151,3,A171,1,A191,A201,A91,0.500470,POSITIVE
A11,61,A30,A47,10236,A61,A71,1,A101,1,A121,0,A141,A151,1,A171,1,A191,A201,A91,0.499798,NEGATIVE
A11,61,A30,A47,10236,A61,A71,1,A101,1,A121,1,A141,A151,1,A171,1,A191,A201,A91,0.500965,POSITIVE
A11,61,A32,A45,10236,A61,A71,1,A101,1,A121,0,A141,A151,3,A173,1,A191,A201,A91,0.499513,NEGATIVE
A11,61,A32,A45,10236,A61,A71,1,A101,1,A121,1,A141,A151,3,A173,1,A191,A201,A91,0.500680,POSITIVE
A11,61,A30,A45,10236,A61,A71,1,A101,1,A121,0,A141,A151,3,A171,1,A191,A201,A91,0.499052,NEGATIVE
A11,61,A30,A45,10236,A61,A71,1,A101,1,A121,1,A141,A151,3,A171,1,A191,A201,A91,0.500219,POSITIVE
A11,61,A32,A45,10236,A61,A71,1,A101,1,A121,0,A141,A151,1,A171,1,A191,A201,A91,0.499535,NEGATIVE
A11,61,A32,A45,10236,A61,A71,1,A101,1,A121,1,A141,A151,1,A171,1,A191,A201,A91,0.500702,POSITIVE
A11,51,A30,A48,10275,A61,A71,1,A101,3,A121,0,A141,A151,1,A171,1,A191,A201,A91,0.499343,NEGATIVE
A11,51,A30,A48,10275,A61,A71,1,A101,3,A121,1,A141,A151,1,A171,1,A191,A201,A91,0.500510,POSITIVE
A12,43,A31,A48,10286,A62,A72,1,A102,3,A122,0,A142,A152,1,A172,1,A191,A201,A91,0.499912,NEGATIVE
A12,43,A31,A48,10286,A62,A72,1,A102,3,A122,1,A142,A152,1,A172,1,A191,A201,A91,0.501079,POSITIVE
A12,55,A31,A49,10294,A62,A72,2,A102,1,A122,0,A142,A152,2,A173,1,A192,A202,A92,0.499888,NEGATIVE
A12,55,A31,A49,10294,A62,A72,2,A102,1,A122,1,A142,A152,2,A173,1,A192,A202,A92,0.501056,POSITIVE
A11,41,A30,A48,10275,A61,A71,3,A101,1,A121,0,A141,A151,1,A173,1,A191,A201,A91,0.499411,NEGATIVE
A11,41,A30,A48,10275,A61,A71,3,A101,1,A121,1,A141,A151,1,A173,1,A191,A201,A91,0.500578,POSITIVE
A13,49,A32,A49,10309,A63,A73,3,A102,1,A123,0,A143,A153,1,A172,1,A192,A202,A92,0.499809,NEGATIVE
A13,49,A32,A49,10309,A63,A73,3,A102,1,A123,1,A143,A153,1,A172,1,A192,A202,A92,0.500976,POSITIVE
A12,45,A31,A49,10294,A62,A72,3,A102,1,A122,0,A142,A152,1,A172,1,A192,A202,A92,0.499933,NEGATIVE
A12,45,A31,A49,10294,A62,A72,3,A102,1,A122,1,A142,A152,1,A172,1,A192,A202,A92,0.501101,POSITIVE
A12,47,A31,A49,10301,A62,A72,1,A102,1,A122,0,A142,A152,1,A174,1,A192,A202,A92,0.499937,NEGATIVE
A12,47,A31,A49,10301,A62,A72,1,A102,1,A122,1,A142,A152,1,A174,1,A192,A202,A92,0.501104,POSITIVE
A12,53,A31,A48,10247,A62,A72,1,A102,3,A122,0,A142,A152,1,A172,1,A191,A201,A91,0.499924,NEGATIVE
A12,53,A31,A48,10247,A62,A72,1,A102,3,A122,1,A142,A152,1,A172,1,A191,A201,A91,0.501091,POSITIVE
A12,46,A31,A49,10258,A62,A72,3,A102,3,A122,0,A142,A152,2,A173,1,A192,A202,A92,0.499991,NEGATIVE
A12,46,A31,A49,10258,A62,A72,3,A102,3,A122,1,A142,A152,2,A173,1,A192,A202,A92,0.501158,POSITIVE
A13,49,A31,A49,10270,A63,A73,1,A102,3,A123,0,A143,A153,3,A174,1,A192,A202,A92,0.499936,NEGATIVE
A13,49,A31,A49,10270,A63,A73,1,A102,3,A123,1,A143,A153,3,A174,1,A192,A202,A92,0.501104,POSITIVE
A13,48,A32,A49,10266,A63,A73,1,A102,3,A123,0,A143,A153,1,A174,1,A192,A202,A92,0.499981,NEGATIVE
A13,48,A32,A49,10266,A63,A73,1,A102,3,A123,1,A143,A153,1,A174,1,A192,A202,A92,0.501148,POSITIVE
A12,44,A30,A48,10251,A62,A72,1,A102,3,A122,0,A142,A152,1,A173,1,A191,A201,A91,0.499971,NEGATIVE
A12,44,A30,A48,10251,A62,A72,1,A102,3,A122,1,A142,A152,1,A173,1,A191,A201,A91,0.501139,POSITIVE
A13,49,A31,A49,10270,A63,A73,1,A102,3,A123,0,A143,A153,1,A172,1,A192,A202,A92,0.499958,NEGATIVE
A13,49,A31,A49,10270,A63,A73,1,A102,3,A123,1,A143,A153,1,A172,1,A192,A202,A92,0.501125,POSITIVE
A11,51,A30,A48,10236,A61,A71,3,A101,1,A121,0,A141,A151,1,A173,1,A191,A201,A91,0.499423,NEGATIVE
A11,51,A30,A48,10236,A61,A71,3,A101,1,A121,1,A141,A151,1,A173,1,A191,A201,A91,0.500590,POSITIVE
A13,59,A32,A49,10270,A63,A73,3,A102,1,A123,0,A143,A153,1,A172,1,A192,A202,A92,0.499820,NEGATIVE
A13,59,A32,A49,10270,A63,A73,3,A102,1,A123,1,A143,A153,1,A172,1,A192,A202,A92,0.500987,POSITIVE
A12,55,A31,A49,10255,A62,A72,3,A102,1,A122,0,A142,A152,1,A172,1,A192,A202,A92,0.499945,NEGATIVE
A12,55,A31,A49,10255,A62,A72,3,A102,1,A122,1,A142,A152,1,A172,1,A192,A202,A92,0.501113,POSITIVE
A12,57,A31,A49,10262,A62,A72,1,A102,1,A122,0,A142,A152,1,A174,1,A192,A202,A92,0.499949,NEGATIVE
A12,57,A31,A49,10262,A62,A72,1,A102,1,A122,1,A142,A152,1,A174,1,A192,A202,A92,0.501116,POSITIVE
A13,49,A32,A49,10270,A63,A73,3,A102,1,A123,0,A143,A153,1,A174,1,A192,A202,A92,0.499815,NEGATIVE
A13,49,A32,A49,10270,A63,A73,3,A102,1,A123,1,A143,A153,1,A174,1,A192,A202,A92,0.500983,POSITIVE
A12,45,A31,A49,10255,A62,A72,3,A102,1,A122,0,A142,A152,1,A174,1,A192,A202,A92,0.499940,NEGATIVE
A12,45,A31,A49,10255,A62,A72,3,A102,1,A122,1,A142,A152,1,A174,1,A192,A202,A92,0.501107,POSITIVE
A11,51,A32,A47,10275,A61,A71,3,A101,3,A121,0,A141,A151,3,A171,1,A191,A201,A91,0.499731,NEGATIVE
A11,51,A32,A47,10275,A61,A71,3,A101,3,A121,1,A141,A151,3,A171,1,A191,A201,A91,0.500898,POSITIVE
A11,51,A32,A47,10275,A61,A71,1,A101,3,A121,0,A141,A151,3,A173,1,A191,A201,A91,0.499941,NEGATIVE
A11,51,A32,A47,10275,A61,A71,1,A101,3,A121,1,A141,A151,3,A173,1,A191,A201,A91,0.501108,POSITIVE
A11,51,A32,A47,10275,A61,A71,1,A101,3,A121,0,A141,A151,1,A173,1,A191,A201,A91,0.498921,NEGATIVE
A11,51,A32,A47,10275,A61,A71,1,A101,3,A121,1,A141,A151,1,A173,1,A191,A201,A91,0.500088,POSITIVE
A11,51,A30,A47,10275,A61,A71,1,A101,3,A121,0,A141,A151,3,A171,1,A191,A201,A91,0.499481,NEGATIVE
A11,51,A30,A47,10275,A61,A71,1,A101,3,A121,1,A141,A151,3,A171,1,A191,A201,A91,0.500648,POSITIVE
A11,51,A32,A47,10275,A61,A71,1,A101,3,A121,0,A141,A151,1,A171,1,A191,A201,A91,0.499963,NEGATIVE
A11,51,A32,A47,10275,A61,A71,1,A101,3,A121,1,A141,A151,1,A171,1,A191,A201,A91,0.501131,POSITIVE
A11,51,A32,A45,10275,A61,A71,1,A101,3,A121,0,A141,A151,3,A171,1,A191,A201,A91,0.499218,NEGATIVE
A11,51,A32,A45,10275,A61,A71,1,A101,3,A121,1,A141,A151,3,A171,1,A191,A201,A91,0.500385,POSITIVE
A11,41,A32,A47,10275,A61,A71,3,A101,3,A121,0,A141,A151,3,A173,1,A191,A201,A91,0.499725,NEGATIVE
A11,41,A32,A47,10275,A61,A71,3,A101,3,A121,1,A141,A151,3,A173,1,A191,A201,A91,0.500893,POSITIVE
A11,41,A30,A47,10275,A61,A71,3,A101,3,A121,0,A141,A151,3,A171,1,A191,A201,A91,0.499265,NEGATIVE
A11,41,A30,A47,10275,A61,A71,3,A101,3,A121,1,A141,A151,3,A171,1,A191,A201,A91,0.500432,POSITIVE
A11,41,A32,A47,10275,A61,A71,3,A101,3,A121,0,A141,A151,1,A171,1,A191,A201,A91,0.499748,NEGATIVE
A11,41,A32,A47,10275,A61,A71,3,A101,3,A121,1,A141,A151,1,A171,1,A191,A201,A91,0.500914,POSITIVE
A11,41,A32,A45,10275,A61,A71,3,A101,3,A121,0,A141,A151,3,A171,1,A191,A201,A91,0.499002,NEGATIVE
A11,41,A32,A45,10275,A61,A71,3,A101,3,A121,1,A141,A151,3,A171,1,A191,A201,A91,0.500169,POSITIVE
A11,41,A30,A47,10275,A61,A71,1,A101,3,A121,0,A141,A151,1,A171,1,A191,A201,A91,0.499497,NEGATIVE
A11,41,A30,A47,10275,A61,A71,1,A101,3,A121,1,A141,A151,1,A171,1,A191,A201,A91,0.500664,POSITIVE
A11,41,A32,A45,10275,A61,A71,1,A101,3,A121,0,A141,A151,3,A173,1,A191,A201,A91,0.499212,NEGATIVE
A11,41,A32,A45,10275,A61,A71,1,A101,3,A121,1,A141,A151,3,A173,1,A191,A201,A91,0.500379,POSITIVE
A11,42,A32,A45,10282,A61,A71,1,A101,3,A121,0,A141,A151,3,A171,1,A191,A201,A91,0.499897,NEGATIVE
A11,42,A32,A45,10282,A61,A71,1,A101,3,A121,1,A141,A151,3,A171,1,A191,A201,A91,0.501064,POSITIVE
A11,41,A32,A45,10275,A61,A71,1,A101,3,A121,0,A141,A151,1,A171,1,A191,A201,A91,0.499234,NEGATIVE
A11,41,A32,A45,10275,A61,A71,1,A101,3,A121,1,A141,A151,1,A171,1,A191,A201,A91,0.500401,POSITIVE
A11,51,A32,A47,10278,A61,A71,3,A101,1,A121,0,A141,A151,3,A173,1,A191,A201,A91,0.499747,NEGATIVE
A11,51,A32,A47,10278,A61,A71,3,A101,1,A121,1,A141,A151,3,A173,1,A191,A201,A91,0.500914,POSITIVE
A11,51,A32,A47,10275,A61,A71,3,A101,1,A121,0,A141,A151,1,A173,1,A191,A201,A91,0.498994,NEGATIVE
A11,51,A32,A47,10275,A61,A71,3,A101,1,A121,1,A141,A151,1,A173,1,A191,A201,A91,0.500161,POSITIVE
A11,51,A30,A47,10275,A61,A71,3,A101,1,A121,0,A141,A151,3,A171,1,A191,A201,A91,0.499554,NEGATIVE
A11,51,A30,A47,10275,A61,A71,3,A101,1,A121,1,A141,A151,3,A171,1,A191,A201,A91,0.500721,POSITIVE
A11,51,A32,A47,10278,A61,A71,3,A101,1,A121,0,A141,A151,1,A171,1,A191,A201,A91,0.499769,NEGATIVE
A11,51,A32,A47,10278,A61,A71,3,A101,1,A121,1,A141,A151,1,A171,1,A191,A201,A91,0.500936,POSITIVE
A11,51,A32,A45,10275,A61,A71,3,A101,1,A121,0,A141,A151,3,A171,1,A191,A201,A91,0.499291,NEGATIVE
A11,51,A32,A45,10275,A61,A71,3,A101,1,A121,1,A141,A151,3,A171,1,A191,A201,A91,0.500458,POSITIVE
A11,51,A30,A47,10275,A61,A71,1,A101,1,A121,0,A141,A151,1,A171,1,A191,A201,A91,0.499786,NEGATIVE
A11,51,A30,A47,10275,A61,A71,1,A101,1,A121,1,A141,A151,1,A171,1,A191,A201,A91,0.500953,POSITIVE
A11,51,A32,A45,10275,A61,A71,1,A101,1,A121,0,A141,A151,3,A173,1,A191,A201,A91,0.499501,NEGATIVE
A11,51,A32,A45,10275,A61,A71,1,A101,1,A121,1,A141,A151,3,A173,1,A191,A201,A91,0.500668,POSITIVE
A11,51,A30,A45,10275,A61,A71,1,A101,1,A121,0,A141,A151,3,A171,1,A191,A201,A91,0.499040,NEGATIVE
A11,51,A30,A45,10275,A61,A71,1,A101,1,A121,1,A141,A151,3,A171,1,A191,A201,A91,0.500208,POSITIVE
A11,51,A32,A45,10275,A61,A71,1,A101,1,A121,0,A141,A151,1,A171,1,A191,A201,A91,0.499523,NEGATIVE
A11,51,A32,A45,10275,A61,A71,1,A101,1,A121,1,A141,A151,1,A171,1,A191,A201,A91,0.500690,POSITIVE
A11,41,A30,A45,10275,A61,A71,1,A101,1,A121,0,A141,A151,1,A171,1,A191,A201,A91,0.499057,NEGATIVE
A11,41,A30,A45,10275,A61,A71,1,A101,1,A121,1,A141,A151,1,A171,1,A191,A201,A91,0.500224,POSITIVE
A11,51,A32,A47,10236,A61,A71,3,A101,3,A121,0,A141,A151,3,A173,1,A191,A201,A91,0.499738,NEGATIVE
A11,51,A32,A47,10236,A61,A71,3,A101,3,A121,1,A141,A151,3,A173,1,A191,A201,A91,0.500905,POSITIVE
A11,51,A30,A47,10236,A61,A71,3,A101,3,A121,0,A141,A151,3,A171,1,A191,A201,A91,0.499277,NEGATIVE
A11,51,A30,A47,10236,A61,A71,3,A101,3,A121,1,A141,A151,3,A171,1,A191,A201,A91,0.500444,POSITIVE
A11,51,A32,A47,10236,A61,A71,3,A101,3,A121,0,A141,A151,1,A171,1,A191,A201,A91,0.499760,NEGATIVE
A11,51,A32,A47,10236,A61,A71,3,A101,3,A121,1,A141,A151,1,A171,1,A191,A201,A91,0.500927,POSITIVE
A11,51,A32,A45,10236,A61,A71,3,A101,3,A121,0,A141,A151,3,A171,1,A191,A201,A91,0.499014,NEGATIVE
A11,51,A32,A45,10236,A61,A71,3,A101,3,A121,1,A141,A151,3,A171,1,A191,A201,A91,0.500181,POSITIVE
A11,51,A30,A47,10236,A61,A71,1,A101,3,A121,0,A141,A151,1,A171,1,A191,A201,A91,0.499509,NEGATIVE
A11,51,A30,A47,10236,A61,A71,1,A101,3,A121,1,A141,A151,1,A171,1,A191,A201,A91,0.500676,POSITIVE
A11,51,A32,A45,10236,A61,A71,1,A101,3,A121,0,A141,A151,3,A173,1,A191,A201,A91,0.499224,NEGATIVE
A11,51,A32,A45,10236,A61,A71,1,A101,3,A121,1,A141,A151,3,A173,1,A191,A201,A91,0.500391,POSITIVE
A11,52,A32,A45,10243,A61,A71,1,A101,3,A121,0,A141,A151,3,A171,1,A191,A201,A91,0.499909,NEGATIVE
A11,52,A32,A45,10243,A61,A71,1,A101,3,A121,1,A141,A151,3,A171,1,A191,A201,A91,0.501076,POSITIVE
A11,51,A32,A45,10236,A61,A71,1,A101,3,A121,0,A141,A151,1,A171,1,A191,A201,A91,0.499246,NEGATIVE
A11,51,A32,A45,10236,A61,A71,1,A101,3,A121,1,A141,A151,1,A171,1,A191,A201,A91,0.500413,POSITIVE
A11,41,A30,A47,10236,A61,A71,3,A101,3,A121,0,A141,A151,1,A171,1,A191,A201,A91,0.499294,NEGATIVE
A11,41,A30,A47,10236,A61,A71,3,A101,3,A121,1,A141,A151,1,A171,1,A191,A201,A91,0.500461,POSITIVE
A11,41,A32,A45,10236,A61,A71,3,A101,3,A121,0,A141,A151,3,A173,1,A191,A201,A91,0.499009,NEGATIVE
A11,41,A32,A45,10236,A61,A71,3,A101,3,A121,1,A141,A151,3,A173,1,A191,A201,A91,0.500176,POSITIVE
A11,41,A32,A45,10239,A61,A71,3,A101,3,A121,0,A141,A151,3,A171,1,A191,A201,A91,0.499871,NEGATIVE
A11,41,A32,A45,10239,A61,A71,3,A101,3,A121,1,A141,A151,3,A171,1,A191,A201,A91,0.501038,POSITIVE
A11,41,A32,A45,10236,A61,A71,3,A101,3,A121,0,A141,A151,1,A171,1,A191,A201,A91,0.499031,NEGATIVE
A11,41,A32,A45,10236,A61,A71,3,A101,3,A121,1,A141,A151,1,A171,1,A191,A201,A91,0.500198,POSITIVE
A11,41,A30,A45,10239,A61,A71,1,A101,3,A121,0,A141,A151,1,A171,1,A191,A201,A91,0.498837,NEGATIVE
A11,41,A30,A45,10239,A61,A71,1,A101,3,A121,1,A141,A151,1,A171,1,A191,A201,A91,0.500004,POSITIVE
A11,51,A30,A45,10236,A61,A71,1,A101,1,A121,0,A141,A151,1,A171,1,A191,A201,A91,0.499069,NEGATIVE
A11,51,A30,A45,10236,A61,A71,1,A101,1,A121,1,A141,A151,1,A171,1,A191,A201,A91,0.500236,POSITIVE
A11,42,A30,A45,10243,A61,A71,1,A101,1,A121,0,A141,A151,1,A172,1,A191,A201,A91,0.499970,NEGATIVE
A11,42,A30,A45,10243,A61,A71,1,A101,1,A121,1,A141,A151,1,A172,1,A191,A201,A91,0.501137,POSITIVE
A11,71,A30,A48,10197,A61,A71,1,A101,3,A121,0,A141,A151,1,A171,1,A191,A201,A91,0.499367,NEGATIVE
A11,71,A30,A48,10197,A61,A71,1,A101,3,A121,1,A141,A151,1,A171,1,A191,A201,A91,0.500534,POSITIVE
A12,63,A31,A48,10208,A62,A72,1,A102,3,A122,0,A142,A152,1,A172,1,A191,A201,A91,0.499935,NEGATIVE
A12,63,A31,A48,10208,A62,A72,1,A102,3,A122,1,A142,A152,1,A172,1,A191,A201,A91,0.501103,POSITIVE
A12,75,A31,A49,10216,A62,A72,2,A102,1,A122,0,A142,A152,2,A173,1,A192,A202,A92,0.499912,NEGATIVE
A12,75,A31,A49,10216,A62,A72,2,A102,1,A122,1,A142,A152,2,A173,1,A192,A202,A92,0.501079,POSITIVE
A11,61,A30,A48,10197,A61,A71,3,A101,1,A121,0,A141,A151,1,A173,1,A191,A201,A91,0.499435,NEGATIVE
A11,61,A30,A48,10197,A61,A71,3,A101,1,A121,1,A141,A151,1,A173,1,A191,A201,A91,0.500602,POSITIVE
A13,69,A32,A49,10231,A63,A73,3,A102,1,A123,0,A143,A153,1,A172,1,A192,A202,A92,0.499832,NEGATIVE
A13,69,A32,A49,10231,A63,A73,3,A102,1,A123,1,A143,A153,1,A172,1,A192,A202,A92,0.500999,POSITIVE
A12,65,A31,A49,10216,A62,A72,3,A102,1,A122,0,A142,A152,1,A172,1,A192,A202,A92,0.499957,NEGATIVE
A12,65,A31,A49,10216,A62,A72,3,A102,1,A122,1,A142,A152,1,A172,1,A192,A202,A92,0.501124,POSITIVE
A12,67,A31,A49,10223,A62,A72,1,A102,1,A122,0,A142,A152,1,A174,1,A192,A202,A92,0.499960,NEGATIVE
A12,67,A31,A49,10223,A62,A72,1,A102,1,A122,1,A142,A152,1,A174,1,A192,A202,A92,0.501127,POSITIVE
A12,73,A31,A48,10169,A62,A72,1,A102,3,A122,0,A142,A152,1,A172,1,A191,A201,A91,0.499948,NEGATIVE
A12,73,A31,A48,10169,A62,A72,1,A102,3,A122,1,A142,A152,1,A172,1,A191,A201,A91,0.501115,POSITIVE
A12,67,A31,A49,10184,A62,A72,3,A102,3,A122,0,A142,A152,3,A173,1,A192,A202,A92,0.499985,NEGATIVE
A12,67,A31,A49,10184,A62,A72,3,A102,3,A122,1,A142,A152,3,A173,1,A192,A202,A92,0.501152,POSITIVE
A13,69,A31,A49,10192,A63,A73,1,A102,3,A123,0,A143,A153,3,A174,1,A192,A202,A92,0.499960,NEGATIVE
A13,69,A31,A49,10192,A63,A73,1,A102,3,A123,1,A143,A153,3,A174,1,A192,A202,A92,0.501127,POSITIVE
A13,69,A32,A49,10192,A63,A73,1,A102,3,A123,0,A143,A153,1,A174,1,A192,A202,A92,0.499766,NEGATIVE
A13,69,A32,A49,10192,A63,A73,1,A102,3,A123,1,A143,A153,1,A174,1,A192,A202,A92,0.500933,POSITIVE
A12,64,A30,A48,10173,A62,A72,1,A102,3,A122,0,A142,A152,1,A173,1,A191,A201,A91,0.499996,NEGATIVE
A12,64,A30,A48,10173,A62,A72,1,A102,3,A122,1,A142,A152,1,A173,1,A191,A201,A91,0.501162,POSITIVE
A13,69,A31,A49,10192,A63,A73,1,A102,3,A123,0,A143,A153,1,A172,1,A192,A202,A92,0.499982,NEGATIVE
A13,69,A31,A49,10192,A63,A73,1,A102,3,A123,1,A143,A153,1,A172,1,A192,A202,A92,0.501148,POSITIVE
A11,71,A30,A48,10158,A61,A71,3,A101,1,A121,0,A141,A151,1,A173,1,A191,A201,A91,0.499447,NEGATIVE
A11,71,A30,A48,10158,A61,A71,3,A101,1,A121,1,A141,A151,1,A173,1,A191,A201,A91,0.500614,POSITIVE
A13,79,A32,A49,10192,A63,A73,3,A102,1,A123,0,A143,A153,1,A172,1,A192,A202,A92,0.499844,NEGATIVE
A13,79,A32,A49,10192,A63,A73,3,A102,1,A123,1,A143,A153,1,A172,1,A192,A202,A92,0.501011,POSITIVE
A12,75,A31,A49,10177,A62,A72,3,A102,1,A122,0,A142,A152,1,A172,1,A192,A202,A92,0.499969,NEGATIVE
A12,75,A31,A49,10177,A62,A72,3,A102,1,A122,1,A142,A152,1,A172,1,A192,A202,A92,0.501137,POSITIVE
A12,77,A31,A49,10184,A62,A72,1,A102,1,A122,0,A142,A152,1,A174,1,A192,A202,A92,0.499972,NEGATIVE
A12,77,A31,A49,10184,A62,A72,1,A102,1,A122,1,A142,A152,1,A174,1,A192,A202,A92,0.501140,POSITIVE
A13,69,A32,A49,10192,A63,A73,3,A102,1,A123,0,A143,A153,1,A174,1,A192,A202,A92,0.499839,NEGATIVE
A13,69,A32,A49,10192,A63,A73,3,A102,1,A123,1,A143,A153,1,A174,1,A192,A202,A92,0.501006,POSITIVE
A12,65,A31,A49,10177,A62,A72,3,A102,1,A122,0,A142,A152,1,A174,1,A192,A202,A92,0.499964,NEGATIVE
A12,65,A31,A49,10177,A62,A72,3,A102,1,A122,1,A142,A152,1,A174,1,A192,A202,A92,0.501131,POSITIVE
A11,71,A32,A47,10197,A61,A71,3,A101,3,A121,0,A141,A151,3,A171,1,A191,A201,A91,0.499755,NEGATIVE
A11,71,A32,A47,10197,A61,A71,3,A101,3,A121,1,A141,A151,3,A171,1,A191,A201,A91,0.500922,POSITIVE
A11,71,A32,A47,10197,A61,A71,1,A101,3,A121,0,A141,A151,3,A173,1,A191,A201,A91,0.499966,NEGATIVE
A11,71,A32,A47,10197,A61,A71,1,A101,3,A121,1,A141,A151,3,A173,1,A191,A201,A91,0.501132,POSITIVE
A11,71,A32,A47,10197,A61,A71,1,A101,3,A121,0,A141,A151,1,A173,1,A191,A201,A91,0.498945,NEGATIVE
A11,71,A32,A47,10197,A61,A71,1,A101,3,A121,1,A141,A151,1,A173,1,A191,A201,A91,0.500112,POSITIVE
A11,71,A30,A47,10197,A61,A71,1,A101,3,A121,0,A141,A151,3,A171,1,A191,A201,A91,0.499504,NEGATIVE
A11,71,A30,A47,10197,A61,A71,1,A101,3,A121,1,A141,A151,3,A171,1,A191,A201,A91,0.500672,POSITIVE
A11,71,A32,A47,10197,A61,A71,1,A101,3,A121,0,A141,A151,1,A171,1,A191,A201,A91,0.499987,NEGATIVE
A11,71,A32,A47,10197,A61,A71,1,A101,3,A121,1,A141,A151,1,A171,1,A191,A201,A91,0.501154,POSITIVE
A11,71,A32,A45,10197,A61,A71,1,A101,3,A121,0,A141,A151,3,A171,1,A191,A201,A91,0.499241,NEGATIVE
A11,71,A32,A45,10197,A61,A71,1,A101,3,A121,1,A141,A151,3,A171,1,A191,A201,A91,0.500408,POSITIVE
A11,61,A32,A47,10197,A61,A71,3,A101,3,A121,0,A141,A151,3,A173,1,A191,A201,A91,0.499750,NEGATIVE
A11,61,A32,A47,10197,A61,A71,3,A101,3,A121,1,A141,A151,3,A173,1,A191,A201,A91,0.500916,POSITIVE
A11,61,A30,A47,10197,A61,A71,3,A101,3,A121,0,A141,A151,3,A171,1,A191,A201,A91,0.499289,NEGATIVE
A11,61,A30,A47,10197,A61,A71,3,A101,3,A121,1,A141,A151,3,A171,1,A191,A201,A91,0.500456,POSITIVE
A11,61,A32,A47,10197,A61,A71,3,A101,3,A121,0,A141,A151,1,A171,1,A191,A201,A91,0.499772,NEGATIVE
A11,61,A32,A47,10197,A61,A71,3,A101,3,A121,1,A141,A151,1,A171,1,A191,A201,A91,0.500939,POSITIVE
A11,61,A32,A45,10197,A61,A71,3,A101,3,A121,0,A141,A151,3,A171,1,A191,A201,A91,0.499026,NEGATIVE
A11,61,A32,A45,10197,A61,A71,3,A101,3,A121,1,A141,A151,3,A171,1,A191,A201,A91,0.500193,POSITIVE
A11,61,A30,A47,10197,A61,A71,1,A101,3,A121,0,A141,A151,1,A171,1,A191,A201,A91,0.499521,NEGATIVE
A11,61,A30,A47,10197,A61,A71,1,A101,3,A121,1,A141,A151,1,A171,1,A191,A201,A91,0.500688,POSITIVE
A11,61,A32,A45,10197,A61,A71,1,A101,3,A121,0,A141,A151,3,A173,1,A191,A201,A91,0.499236,NEGATIVE
A11,61,A32,A45,10197,A61,A71,1,A101,3,A121,1,A141,A151,3,A173,1,A191,A201,A91,0.500403,POSITIVE
A11,62,A32,A45,10204,A61,A71,1,A101,3,A121,0,A141,A151,3,A171,1,A191,A201,A91,0.499920,NEGATIVE
A11,62,A32,A45,10204,A61,A71,1,A101,3,A121,1,A141,A151,3,A171,1,A191,A201,A91,0.501087,POSITIVE
A11,61,A32,A45,10197,A61,A71,1,A101,3,A121,0,A141,A151,1,A171,1,A191,A201,A91,0.499258,NEGATIVE
A11,61,A32,A45,10197,A61,A71,1,A101,3,A121,1,A141,A151,1,A171,1,A191,A201,A91,0.500425,POSITIVE
A11,71,A32,A47,10200,A61,A71,3,A101,1,A121,0,A141,A151,3,A173,1,A191,A201,A91,0.499771,NEGATIVE
A11,71,A32,A47,10200,A61,A71,3,A101,1,A121,1,A141,A151,3,A173,1,A191,A201,A91,0.500938,POSITIVE
A11,71,A32,A47,10197,A61,A71,3,A101,1,A121,0,A141,A151,1,A173,1,A191,A201,A91,0.499018,NEGATIVE
A11,71,A32,A47,10197,A61,A71,3,A101,1,A121,1,A141,A151,1,A173,1,A191,A201,A91,0.500185,POSITIVE
A11,71,A30,A47,10197,A61,A71,3,A101,1,A121,0,A141,A151,3,A171,1,A191,A201,A91,0.499578,NEGATIVE
A11,71,A30,A47,10197,A61,A71,3,A101,1,A121,1,A141,A151,3,A171,1,A191,A201,A91,0.500745,POSITIVE
A11,71,A32,A47,10200,A61,A71,3,A101,1,A121,0,A141,A151,1,A171,1,A191,A201,A91,0.499793,NEGATIVE
A11,71,A32,A47,10200,A61,A71,3,A101,1,A121,1,A141,A151,1,A171,1,A191,A201,A91,0.500960,POSITIVE
A11,71,A32,A45,10197,A61,A71,3,A101,1,A121,0,A141,A151,3,A171,1,A191,A201,A91,0.499314,NEGATIVE
A11,71,A32,A45,10197,A61,A71,3,A101,1,A121,1,A141,A151,3,A171,1,A191,A201,A91,0.500481,POSITIVE
A11,71,A30,A47,10197,A61,A71,1,A101,1,A121,0,A141,A151,1,A171,1,A191,A201,A91,0.499809,NEGATIVE
A11,71,A30,A47,10197,A61,A71,1,A101,1,A121,1,A141,A151,1,A171,1,A191,A201,A91,0.500977,POSITIVE
A11,71,A32,A45,10197,A61,A71,1,A101,1,A121,0,A141,A151,3,A173,1,A191,A201,A91,0.499524,NEGATIVE
A11,71,A32,A45,10197,A61,A71,1,A101,1,A121,1,A141,A151,3,A173,1,A191,A201,A91,0.500691,POSITIVE
A11,71,A30,A45,10197,A61,A71,1,A101,1,A121,0,A141,A151,3,A171,1,A191,A201,A91,0.499064,NEGATIVE
A11,71,A30,A45,10197,A61,A71,1,A101,1,A121,1,A141,A151,3,A171,1,A191,A201,A91,0.500231,POSITIVE
A11,71,A32,A45,10197,A61,A71,1,A101,1,A121,0,A141,A151,1,A171,1,A191,A201,A91,0.499546,NEGATIVE
A11,71,A32,A45,10197,A61,A71,1,A101,1,A121,1,A141,A151,1,A171,1,A191,A201,A91,0.500714,POSITIVE
A11,61,A30,A45,10197,A61,A71,1,A101,1,A121,0,A141,A151,1,A171,1,A191,A201,A91,0.499081,NEGATIVE
A11,61,A30,A45,10197,A61,A71,1,A101,1,A121,1,A141,A151,1,A171,1,A191,A201,A91,0.500248,POSITIVE
A11,71,A32,A47,10158,A61,A71,3,A101,3,A121,0,A141,A151,3,A173,1,A191,A201,A91,0.499762,NEGATIVE
A11,71,A32,A47,10158,A61,A71,3,A101,3,A121,1,A141,A151,3,A173,1,A191,A201,A91,0.500929,POSITIVE
A11,71,A30,A47,10158,A61,A71,3,A101,3,A121,0,A141,A151,3,A171,1,A191,A201,A91,0.499301,NEGATIVE
A11,71,A30,A47,10158,A61,A71,3,A101,3,A121,1,A141,A151,3,A171,1,A191,A201,A91,0.500468,POSITIVE
A11,71,A32,A47,10158,A61,A71,3,A101,3,A121,0,A141,A151,1,A171,1,A191,A201,A91,0.499784,NEGATIVE
A11,71,A32,A47,10158,A61,A71,3,A101,3,A121,1,A141,A151,1,A171,1,A191,A201,A91,0.500951,POSITIVE
A11,71,A32,A45,10158,A61,A71,3,A101,3,A121,0,A141,A151,3,A171,1,A191,A201,A91,0.499038,NEGATIVE
A11,71,A32,A45,10158,A61,A71,3,A101,3,A121,1,A141,A151,3,A171,1,A191,A201,A91,0.500205,POSITIVE
A11,71,A30,A47,10158,A61,A71,1,A101,3,A121,0,A141,A151,1,A171,1,A191,A201,A91,0.499533,NEGATIVE
A11,71,A30,A47,10158,A61,A71,1,A101,3,A121,1,A141,A151,1,A171,1,A191,A201,A91,0.500700,POSITIVE
A11,71,A32,A45,10158,A61,A71,1,A101,3,A121,0,A141,A151,3,A173,1,A191,A201,A91,0.499248,NEGATIVE
A11,71,A32,A45,10158,A61,A71,1,A101,3,A121,1,A141,A151,3,A173,1,A191,A201,A91,0.500415,POSITIVE
A11,72,A32,A45,10165,A61,A71,1,A101,3,A121,0,A141,A151,3,A171,1,A191,A201,A91,0.499932,NEGATIVE
A11,72,A32,A45,10165,A61,A71,1,A101,3,A121,1,A141,A151,3,A171,1,A191,A201,A91,0.501100,POSITIVE
A11,71,A32,A45,10158,A61,A71,1,A101,3,A121,0,A141,A151,1,A171,1,A191,A201,A91,0.499270,NEGATIVE
A11,71,A32,A45,10158,A61,A71,1,A101,3,A121,1,A141,A151,1,A171,1,A191,A201,A91,0.500437,POSITIVE
A11,61,A30,A47,10158,A61,A71,3,A101,3,A121,0,A141,A151,1,A171,1,A191,A201,A91,0.499318,NEGATIVE
A11,61,A30,A47,10158,A61,A71,3,A101,3,A121,1,A141,A151,1,A171,1,A191,A201,A91,0.500484,POSITIVE
A11,61,A32,A45,10158,A61,A71,3,A101,3,A121,0,A141,A151,3,A173,1,A191,A201,A91,0.499032,NEGATIVE
A11,61,A32,A45,10158,A61,A71,3,A101,3,A121,1,A141,A151,3,A173,1,A191,A201,A91,0.500199,POSITIVE
A11,61,A32,A45,10161,A61,A71,3,A101,3,A121,0,A141,A151,3,A171,1,A191,A201,A91,0.499896,NEGATIVE
A11,61,A32,A45,10161,A61,A71,3,A101,3,A121,1,A141,A151,3,A171,1,A191,A201,A91,0.501063,POSITIVE
A11,61,A32,A45,10158,A61,A71,3,A101,3,A121,0,A141,A151,1,A171,1,A191,A201,A91,0.499055,NEGATIVE
A11,61,A32,A45,10158,A61,A71,3,A101,3,A121,1,A141,A151,1,A171,1,A191,A201,A91,0.500222,POSITIVE
A11,61,A30,A45,10161,A61,A71,1,A101,3,A121,0,A141,A151,1,A171,1,A191,A201,A91,0.498861,NEGATIVE
A11,61,A30,A45,10161,A61,A71,1,A101,3,A121,1,A141,A151,1,A171,1,A191,A201,A91,0.500028,POSITIVE
A11,71,A30,A45,10158,A61,A71,1,A101,1,A121,0,A141,A151,1,A171,1,A191,A201,A91,0.499093,NEGATIVE
A11,71,A30,A45,10158,A61,A71,1,A101,1,A121,1,A141,A151,1,A171,1,A191,A201,A91,0.500260,POSITIVE
A11,62,A30,A45,10165,A61,A71,1,A101,1,A121,0,A141,A151,1,A172,1,A191,A201,A91,0.499994,NEGATIVE
A11,62,A30,A45,10165,A61,A71,1,A101,1,A121,1,A141,A151,1,A172,1,A191,A201,A91,0.501161,POSITIVE
A12,57,A31,A49,10223,A62,A72,3,A102,3,A122,0,A142,A152,3,A173,1,A192,A202,A92,0.499973,NEGATIVE
A12,57,A31,A49,10223,A62,A72,3,A102,3,A122,1,A142,A152,3,A173,1,A192,A202,A92,0.501140,POSITIVE
A13,59,A31,A49,10231,A63,A73,1,A102,3,A123,0,A143,A153,3,A174,1,A192,A202,A92,0.499948,NEGATIVE
A13,59,A31,A49,10231,A63,A73,1,A102,3,A123,1,A143,A153,3,A174,1,A192,A202,A92,0.501115,POSITIVE
A13,58,A32,A49,10227,A63,A73,1,A102,3,A123,0,A143,A153,1,A174,1,A192,A202,A92,0.499993,NEGATIVE
A13,58,A32,A49,10227,A63,A73,1,A102,3,A123,1,A143,A153,1,A174,1,A192,A202,A92,0.501160,POSITIVE
A12,54,A30,A48,10212,A62,A72,1,A102,3,A122,0,A142,A152,1,A173,1,A191,A201,A91,0.499984,NEGATIVE
A12,54,A30,A48,10212,A62,A72,1,A102,3,A122,1,A142,A152,1,A173,1,A191,A201,A91,0.501151,POSITIVE
A13,59,A31,A49,10231,A63,A73,1,A102,3,A123,0,A143,A153,1,A172,1,A192,A202,A92,0.499970,NEGATIVE
A13,59,A31,A49,10231,A63,A73,1,A102,3,A123,1,A143,A153,1,A172,1,A192,A202,A92,0.501137,POSITIVE
A13,48,A31,A49,10227,A63,A73,3,A102,3,A123,0,A143,A153,3,A174,1,A192,A202,A92,0.499896,NEGATIVE
A13,48,A31,A49,10227,A63,A73,3,A102,3,A123,1,A143,A153,3,A174,1,A192,A202,A92,0.501063,POSITIVE
A12,47,A31,A49,10223,A62,A72,3,A102,3,A122,0,A142,A152,1,A174,1,A192,A202,A92,0.499983,NEGATIVE
A12,47,A31,A49,10223,A62,A72,3,A102,3,A122,1,A142,A152,1,A174,1,A192,A202,A92,0.501150,POSITIVE
A13,48,A31,A49,10227,A63,A73,3,A102,3,A123,0,A143,A153,1,A172,1,A192,A202,A92,0.499918,NEGATIVE
A13,48,A31,A49,10227,A63,A73,3,A102,3,A123,1,A143,A153,1,A172,1,A192,A202,A92,0.501085,POSITIVE
A13,49,A31,A49,10231,A63,A73,1,A102,3,A123,0,A143,A153,1,A174,1,A192,A202,A92,0.499964,NEGATIVE
A13,49,A31,A49,10231,A63,A73,1,A102,3,A123,1,A143,A153,1,A174,1,A192,A202,A92,0.501132,POSITIVE
A13,59,A32,A49,10231,A63,A73,3,A102,1,A123,0,A143,A153,1,A174,1,A192,A202,A92,0.499827,NEGATIVE
A13,59,A32,A49,10231,A63,A73,3,A102,1,A123,1,A143,A153,1,A174,1,A192,A202,A92,0.500994,POSITIVE
A12,55,A31,A49,10216,A62,A72,3,A102,1,A122,0,A142,A152,1,A174,1,A192,A202,A92,0.499952,NEGATIVE
A12,55,A31,A49,10216,A62,A72,3,A102,1,A122,1,A142,A152,1,A174,1,A192,A202,A92,0.501119,POSITIVE
A13,58,A31,A49,10188,A63,A73,3,A102,3,A123,0,A143,A153,3,A174,1,A192,A202,A92,0.499908,NEGATIVE
A13,58,A31,A49,10188,A63,A73,3,A102,3,A123,1,A143,A153,3,A174,1,A192,A202,A92,0.501074,POSITIVE
A12,57,A31,A49,10184,A62,A72,3,A102,3,A122,0,A142,A152,1,A174,1,A192,A202,A92,0.499994,NEGATIVE
A12,57,A31,A49,10184,A62,A72,3,A102,3,A122,1,A142,A152,1,A174,1,A192,A202,A92,0.501162,POSITIVE
A13,58,A31,A49,10188,A63,A73,3,A102,3,A123,0,A143,A153,1,A172,1,A192,A202,A92,0.499930,NEGATIVE
A13,58,A31,A49,10188,A63,A73,3,A102,3,A123,1,A143,A153,1,A172,1,A192,A202,A92,0.501097,POSITIVE
A13,59,A31,A49,10192,A63,A73,1,A102,3,A123,0,A143,A153,1,A174,1,A192,A202,A92,0.499976,NEGATIVE
A13,59,A31,A49,10192,A63,A73,1,A102,3,A123,1,A143,A153,1,A174,1,A192,A202,A92,0.501143,POSITIVE
A13,48,A31,A49,10188,A63,A73,3,A102,3,A123,0,A143,A153,1,A174,1,A192,A202,A92,0.499924,NEGATIVE
A13,48,A31,A49,10188,A63,A73,3,A102,3,A123,1,A143,A153,1,A174,1,A192,A202,A92,0.501091,POSITIVE
A11,51,A30,A47,10197,A61,A71,3,A101,3,A121,0,A141,A151,1,A171,1,A191,A201,A91,0.499306,NEGATIVE
A11,51,A30,A47,10197,A61,A71,3,A101,3,A121,1,A141,A151,1,A171,1,A191,A201,A91,0.500473,POSITIVE
A11,51,A32,A45,10197,A61,A71,3,A101,3,A121,0,A141,A151,3,A173,1,A191,A201,A91,0.499020,NEGATIVE
A11,51,A32,A45,10197,A61,A71,3,A101,3,A121,1,A141,A151,3,A173,1,A191,A201,A91,0.500188,POSITIVE
A11,51,A32,A45,10200,A61,A71,3,A101,3,A121,0,A141,A151,3,A171,1,A191,A201,A91,0.499884,NEGATIVE
A11,51,A32,A45,10200,A61,A71,3,A101,3,A121,1,A141,A151,3,A171,1,A191,A201,A91,0.501051,POSITIVE
A11,51,A32,A45,10197,A61,A71,3,A101,3,A121,0,A141,A151,1,A171,1,A191,A201,A91,0.499043,NEGATIVE
A11,51,A32,A45,10197,A61,A71,3,A101,3,A121,1,A141,A151,1,A171,1,A191,A201,A91,0.500209,POSITIVE
A11,51,A30,A45,10200,A61,A71,1,A101,3,A121,0,A141,A151,1,A171,1,A191,A201,A91,0.498849,NEGATIVE
A11,51,A30,A45,10200,A61,A71,1,A101,3,A121,1,A141,A151,1,A171,1,A191,A201,A91,0.500016,POSITIVE
A11,41,A30,A45,10197,A61,A71,1,A101,3,A121,0,A141,A151,1,A171,1,A191,A201,A91,0.499829,NEGATIVE
A11,41,A30,A45,10197,A61,A71,1,A101,3,A121,1,A141,A151,1,A171,1,A191,A201,A91,0.500996,POSITIVE
A11,52,A30,A45,10204,A61,A71,1,A101,1,A121,0,A141,A151,1,A172,1,A191,A201,A91,0.499982,NEGATIVE
A11,52,A30,A45,10204,A61,A71,1,A101,1,A121,1,A141,A151,1,A172,1,A191,A201,A91,0.501149,POSITIVE
A11,41,A30,A45,10197,A61,A71,3,A101,1,A121,0,A141,A151,1,A171,1,A191,A201,A91,0.499902,NEGATIVE
A11,41,A30,A45,10197,A61,A71,3,A101,1,A121,1,A141,A151,1,A171,1,A191,A201,A91,0.501070,POSITIVE
A12,44,A31,A45,10212,A62,A72,1,A102,1,A122,0,A142,A152,1,A173,1,A191,A201,A91,0.499997,NEGATIVE
A12,44,A31,A45,10212,A62,A72,1,A102,1,A122,1,A142,A152,1,A173,1,A191,A201,A91,0.501165,POSITIVE
A11,51,A30,A45,10158,A61,A71,1,A101,3,A121,0,A141,A151,1,A171,1,A191,A201,A91,0.499841,NEGATIVE
A11,51,A30,A45,10158,A61,A71,1,A101,3,A121,1,A141,A151,1,A171,1,A191,A201,A91,0.501008,POSITIVE
A11,41,A30,A45,10158,A61,A71,3,A101,3,A121,0,A141,A151,1,A171,1,A191,A201,A91,0.499625,NEGATIVE
A11,41,A30,A45,10158,A61,A71,3,A101,3,A121,1,A141,A151,1,A171,1,A191,A201,A91,0.500792,POSITIVE
A13,49,A31,A47,10192,A63,A73,1,A103,3,A123,0,A143,A153,1,A174,1,A192,A202,A92,0.499872,NEGATIVE
A13,49,A31,A47,10192,A63,A73,1,A103,3,A123,1,A143,A153,1,A174,1,A192,A202,A92,0.501039,POSITIVE
A11,41,A30,A45,10158,A61,A71,1,A101,3,A121,0,A141,A151,1,A173,1,A191,A201,A91,0.499835,NEGATIVE
A11,41,A30,A45,10158,A61,A71,1,A101,3,A121,1,A141,A151,1,A173,1,A191,A201,A91,0.501002,POSITIVE
A13,49,A31,A46,10192,A63,A73,1,A103,3,A123,0,A143,A153,1,A172,1,A192,A202,A92,0.499943,NEGATIVE
A13,49,A31,A46,10192,A63,A73,1,A103,3,A123,1,A143,A153,1,A172,1,A192,A202,A92,0.501111,POSITIVE
A11,51,A30,A45,10158,A61,A71,3,A101,1,A121,0,A141,A151,1,A171,1,A191,A201,A91,0.499914,NEGATIVE
A11,51,A30,A45,10158,A61,A71,3,A101,1,A121,1,A141,A151,1,A171,1,A191,A201,A91,0.501081,POSITIVE
A12,55,A31,A46,10177,A62,A72,1,A102,1,A122,0,A142,A152,1,A174,1,A192,A202,A92,0.499980,NEGATIVE
A12,55,A31,A46,10177,A62,A72,1,A102,1,A122,1,A142,A152,1,A174,1,A192,A202,A92,0.501148,POSITIVE
A13,49,A31,A47,10192,A63,A73,3,A103,1,A123,0,A143,A153,1,A174,1,A192,A202,A92,0.499945,NEGATIVE
A13,49,A31,A47,10192,A63,A73,3,A103,1,A123,1,A143,A153,1,A174,1,A192,A202,A92,0.501112,POSITIVE
A11,41,A30,A45,10158,A61,A71,3,A101,1,A121,0,A141,A151,1,A173,1,A191,A201,A91,0.499909,NEGATIVE
A11,41,A30,A45,10158,A61,A71,3,A101,1,A121,1,A141,A151,1,A173,1,A191,A201,A91,0.501076,POSITIVE
A11,61,A32,A43,10275,A61,A71,1,A103,1,A121,0,A141,A151,3,A171,1,A191,A201,A91,0.498934,NEGATIVE
A11,61,A32,A43,10275,A61,A71,1,A103,1,A121,1,A141,A151,3,A171,1,A191,A201,A91,0.500100,POSITIVE
A11,71,A32,A43,10236,A61,A71,1,A103,1,A121,0,A141,A151,3,A171,1,A191,A201,A91,0.498945,NEGATIVE
A11,71,A32,A43,10236,A61,A71,1,A103,1,A121,1,A141,A151,3,A171,1,A191,A201,A91,0.500112,POSITIVE
A11,61,A32,A43,10236,A61,A71,1,A103,1,A121,0,A141,A151,3,A173,1,A191,A201,A91,0.498940,NEGATIVE
A11,61,A32,A43,10236,A61,A71,1,A103,1,A121,1,A141,A151,3,A173,1,A191,A201,A91,0.500107,POSITIVE
A11,61,A32,A43,10236,A61,A71,1,A103,1,A121,0,A141,A151,3,A171,1,A191,A201,A91,0.499982,NEGATIVE
A11,61,A32,A43,10236,A61,A71,1,A103,1,A121,1,A141,A151,3,A171,1,A191,A201,A91,0.501149,POSITIVE
A11,61,A32,A43,10236,A61,A71,1,A103,1,A121,0,A141,A151,1,A171,1,A191,A201,A91,0.498962,NEGATIVE
A11,61,A32,A43,10236,A61,A71,1,A103,1,A121,1,A141,A151,1,A171,1,A191,A201,A91,0.500129,POSITIVE
A11,41,A32,A43,10275,A61,A71,1,A103,3,A121,0,A141,A151,3,A171,1,A191,A201,A91,0.499681,NEGATIVE
A11,41,A32,A43,10275,A61,A71,1,A103,3,A121,1,A141,A151,3,A171,1,A191,A201,A91,0.500848,POSITIVE
A11,51,A32,A43,10275,A61,A71,1,A103,1,A121,0,A141,A151,3,A173,1,A191,A201,A91,0.498928,NEGATIVE
A11,51,A32,A43,10275,A61,A71,1,A103,1,A121,1,A141,A151,3,A173,1,A191,A201,A91,0.500095,POSITIVE
A11,51,A32,A43,10275,A61,A71,1,A103,1,A121,0,A141,A151,3,A171,1,A191,A201,A91,0.499970,NEGATIVE
A11,51,A32,A43,10275,A61,A71,1,A103,1,A121,1,A141,A151,3,A171,1,A191,A201,A91,0.501137,POSITIVE
A11,51,A32,A43,10275,A61,A71,1,A103,1,A121,0,A141,A151,1,A171,1,A191,A201,A91,0.498950,NEGATIVE
A11,51,A32,A43,10275,A61,A71,1,A103,1,A121,1,A141,A151,1,A171,1,A191,A201,A91,0.500117,POSITIVE
A11,41,A32,A43,10275,A61,A71,3,A103,1,A121,0,A141,A151,3,A171,1,A191,A201,A91,0.499755,NEGATIVE
A11,41,A32,A43,10275,A61,A71,3,A103,1,A121,1,A141,A151,3,A171,1,A191,A201,A91,0.500922,POSITIVE
A11,41,A32,A43,10275,A61,A71,1,A103,1,A121,0,A141,A151,3,A173,1,A191,A201,A91,0.499965,NEGATIVE
A11,41,A32,A43,10275,A61,A71,1,A103,1,A121,1,A141,A151,3,A173,1,A191,A201,A91,0.501132,POSITIVE
A11,41,A32,A43,10275,A61,A71,1,A103,1,A121,0,A141,A151,1,A173,1,A191,A201,A91,0.498945,NEGATIVE
A11,41,A32,A43,10275,A61,A71,1,A103,1,A121,1,A141,A151,1,A173,1,A191,A201,A91,0.500112,POSITIVE
A11,41,A32,A43,10275,A61,A71,1,A101,1,A121,0,A141,A151,3,A171,1,A191,A201,A91,0.499814,NEGATIVE
A11,41,A32,A43,10275,A61,A71,1,A101,1,A121,1,A141,A151,3,A171,1,A191,A201,A91,0.500981,POSITIVE
A11,41,A30,A43,10275,A61,A71,1,A103,1,A121,0,A141,A151,3,A171,1,A191,A201,A91,0.499504,NEGATIVE
A11,41,A30,A43,10275,A61,A71,1,A103,1,A121,1,A141,A151,3,A171,1,A191,A201,A91,0.500672,POSITIVE
A11,41,A32,A43,10275,A61,A71,1,A103,1,A121,0,A141,A151,1,A171,1,A191,A201,A91,0.499987,NEGATIVE
A11,41,A32,A43,10275,A61,A71,1,A103,1,A121,1,A141,A151,1,A171,1,A191,A201,A91,0.501154,POSITIVE
A11,51,A32,A43,10236,A61,A71,1,A103,3,A121,0,A141,A151,3,A171,1,A191,A201,A91,0.499693,NEGATIVE
A11,51,A32,A43,10236,A61,A71,1,A103,3,A121,1,A141,A151,3,A171,1,A191,A201,A91,0.500860,POSITIVE
A11,41,A32,A43,10236,A61,A71,3,A103,3,A121,0,A141,A151,3,A171,1,A191,A201,A91,0.499478,NEGATIVE
A11,41,A32,A43,10236,A61,A71,3,A103,3,A121,1,A141,A151,3,A171,1,A191,A201,A91,0.500645,POSITIVE
A11,41,A32,A43,10236,A61,A71,1,A103,3,A121,0,A141,A151,3,A173,1,A191,A201,A91,0.499688,NEGATIVE
A11,41,A32,A43,10236,A61,A71,1,A103,3,A121,1,A141,A151,3,A173,1,A191,A201,A91,0.500855,POSITIVE
A11,41,A32,A43,10236,A61,A71,1,A101,3,A121,0,A141,A151,3,A171,1,A191,A201,A91,0.499538,NEGATIVE
A11,41,A32,A43,10236,A61,A71,1,A101,3,A121,1,A141,A151,3,A171,1,A191,A201,A91,0.500705,POSITIVE
A11,41,A30,A43,10236,A61,A71,1,A103,3,A121,0,A141,A151,3,A171,1,A191,A201,A91,0.499228,NEGATIVE
A11,41,A30,A43,10236,A61,A71,1,A103,3,A121,1,A141,A151,3,A171,1,A191,A201,A91,0.500395,POSITIVE
A11,41,A32,A43,10236,A61,A71,1,A103,3,A121,0,A141,A151,1,A171,1,A191,A201,A91,0.499710,NEGATIVE
A11,41,A32,A43,10236,A61,A71,1,A103,3,A121,1,A141,A151,1,A171,1,A191,A201,A91,0.500877,POSITIVE
A11,51,A32,A43,10236,A61,A71,3,A103,1,A121,0,A141,A151,3,A171,1,A191,A201,A91,0.499766,NEGATIVE
A11,51,A32,A43,10236,A61,A71,3,A103,1,A121,1,A141,A151,3,A171,1,A191,A201,A91,0.500934,POSITIVE
A11,51,A32,A43,10236,A61,A71,1,A103,1,A121,0,A141,A151,3,A173,1,A191,A201,A91,0.499976,NEGATIVE
A11,51,A32,A43,10236,A61,A71,1,A103,1,A121,1,A141,A151,3,A173,1,A191,A201,A91,0.501144,POSITIVE
A11,51,A32,A43,10236,A61,A71,1,A103,1,A121,0,A141,A151,1,A173,1,A191,A201,A91,0.498957,NEGATIVE
A11,51,A32,A43,10236,A61,A71,1,A103,1,A121,1,A141,A151,1,A173,1,A191,A201,A91,0.500123,POSITIVE
A11,51,A32,A43,10236,A61,A71,1,A101,1,A121,0,A141,A151,3,A171,1,A191,A201,A91,0.499826,NEGATIVE
A11,51,A32,A43,10236,A61,A71,1,A101,1,A121,1,A141,A151,3,A171,1,A191,A201,A91,0.500993,POSITIVE
A11,51,A30,A43,10236,A61,A71,1,A103,1,A121,0,A141,A151,3,A171,1,A191,A201,A91,0.499516,NEGATIVE
A11,51,A30,A43,10236,A61,A71,1,A103,1,A121,1,A141,A151,3,A171,1,A191,A201,A91,0.500683,POSITIVE
A11,51,A32,A43,10236,A61,A71,1,A103,1,A121,0,A141,A151,1,A171,1,A191,A201,A91,0.499998,NEGATIVE
A11,51,A32,A43,10236,A61,A71,1,A103,1,A121,1,A141,A151,1,A171,1,A191,A201,A91,0.501165,POSITIVE
A11,41,A32,A43,10236,A61,A71,3,A103,1,A121,0,A141,A151,3,A173,1,A191,A201,A91,0.499761,NEGATIVE
A11,41,A32,A43,10236,A61,A71,3,A103,1,A121,1,A141,A151,3,A173,1,A191,A201,A91,0.500928,POSITIVE
A11,41,A32,A43,10236,A61,A71,3,A101,1,A121,0,A141,A151,3,A171,1,A191,A201,A91,0.499611,NEGATIVE
A11,41,A32,A43,10236,A61,A71,3,A101,1,A121,1,A141,A151,3,A171,1,A191,A201,A91,0.500778,POSITIVE
A11,41,A30,A43,10236,A61,A71,3,A103,1,A121,0,A141,A151,3,A171,1,A191,A201,A91,0.499300,NEGATIVE
A11,41,A30,A43,10236,A61,A71,3,A103,1,A121,1,A141,A151,3,A171,1,A191,A201,A91,0.500468,POSITIVE
A11,41,A32,A43,10236,A61,A71,3,A103,1,A121,0,A141,A151,1,A171,1,A191,A201,A91,0.499783,NEGATIVE
A11,41,A32,A43,10236,A61,A71,3,A103,1,A121,1,A141,A151,1,A171,1,A191,A201,A91,0.500951,POSITIVE
A11,41,A32,A43,10236,A61,A71,1,A101,1,A121,0,A141,A151,3,A173,1,A191,A201,A91,0.499821,NEGATIVE
A11,41,A32,A43,10236,A61,A71,1,A101,1,A121,1,A141,A151,3,A173,1,A191,A201,A91,0.500988,POSITIVE
A11,41,A30,A43,10236,A61,A71,1,A103,1,A121,0,A141,A151,3,A173,1,A191,A201,A91,0.499510,NEGATIVE
A11,41,A30,A43,10236,A61,A71,1,A103,1,A121,1,A141,A151,3,A173,1,A191,A201,A91,0.500678,POSITIVE
A11,41,A32,A43,10236,A61,A71,1,A103,1,A121,0,A141,A151,1,A173,1,A191,A201,A91,0.499993,NEGATIVE
A11,41,A32,A43,10236,A61,A71,1,A103,1,A121,1,A141,A151,1,A173,1,A191,A201,A91,0.501160,POSITIVE
A12,47,A31,A44,10262,A62,A72,1,A102,1,A122,0,A142,A152,3,A172,1,A192,A202,A92,0.498853,NEGATIVE
A12,47,A31,A44,10262,A62,A72,1,A102,1,A122,1,A142,A152,3,A172,1,A192,A202,A92,0.500021,POSITIVE
A11,41,A32,A42,10275,A61,A71,1,A101,1,A121,0,A141,A151,3,A171,1,A191,A201,A91,0.498931,NEGATIVE
A11,41,A32,A42,10275,A61,A71,1,A101,1,A121,1,A141,A151,3,A171,1,A191,A201,A91,0.500099,POSITIVE
A11,51,A32,A42,10236,A61,A71,1,A101,1,A121,0,A141,A151,3,A171,1,A191,A201,A91,0.498943,NEGATIVE
A11,51,A32,A42,10236,A61,A71,1,A101,1,A121,1,A141,A151,3,A171,1,A191,A201,A91,0.500110,POSITIVE
A11,41,A32,A42,10236,A61,A71,1,A101,1,A121,0,A141,A151,3,A173,1,A191,A201,A91,0.498938,NEGATIVE
A11,41,A32,A42,10236,A61,A71,1,A101,1,A121,1,A141,A151,3,A173,1,A191,A201,A91,0.500105,POSITIVE
A11,41,A32,A42,10236,A61,A71,1,A101,1,A121,0,A141,A151,3,A171,1,A191,A201,A91,0.499980,NEGATIVE
A11,41,A32,A42,10236,A61,A71,1,A101,1,A121,1,A141,A151,3,A171,1,A191,A201,A91,0.501147,POSITIVE
A11,41,A32,A42,10236,A61,A71,1,A101,1,A121,0,A141,A151,1,A171,1,A191,A201,A91,0.498960,NEGATIVE
A11,41,A32,A42,10236,A61,A71,1,A101,1,A121,1,A141,A151,1,A171,1,A191,A201,A91,0.500127,POSITIVE
A11,61,A32,A43,10197,A61,A71,1,A103,3,A121,0,A141,A151,3,A171,1,A191,A201,A91,0.499705,NEGATIVE
A11,61,A32,A43,10197,A61,A71,1,A103,3,A121,1,A141,A151,3,A171,1,A191,A201,A91,0.500872,POSITIVE
A11,71,A32,A43,10197,A61,A71,1,A103,1,A121,0,A141,A151,3,A173,1,A191,A201,A91,0.498952,NEGATIVE
A11,71,A32,A43,10197,A61,A71,1,A103,1,A121,1,A141,A151,3,A173,1,A191,A201,A91,0.500119,POSITIVE
A11,71,A32,A43,10197,A61,A71,1,A103,1,A121,0,A141,A151,3,A171,1,A191,A201,A91,0.499994,NEGATIVE
A11,71,A32,A43,10197,A61,A71,1,A103,1,A121,1,A141,A151,3,A171,1,A191,A201,A91,0.501161,POSITIVE
A11,71,A32,A43,10197,A61,A71,1,A103,1,A121,0,A141,A151,1,A171,1,A191,A201,A91,0.498974,NEGATIVE
A11,71,A32,A43,10197,A61,A71,1,A103,1,A121,1,A141,A151,1,A171,1,A191,A201,A91,0.500141,POSITIVE
A11,61,A32,A43,10197,A61,A71,3,A103,1,A121,0,A141,A151,3,A171,1,A191,A201,A91,0.499778,NEGATIVE
A11,61,A32,A43,10197,A61,A71,3,A103,1,A121,1,A141,A151,3,A171,1,A191,A201,A91,0.500946,POSITIVE
A11,61,A32,A43,10197,A61,A71,1,A103,1,A121,0,A141,A151,3,A173,1,A191,A201,A91,0.499989,NEGATIVE
A11,61,A32,A43,10197,A61,A71,1,A103,1,A121,1,A141,A151,3,A173,1,A191,A201,A91,0.501156,POSITIVE
A11,61,A32,A43,10197,A61,A71,1,A103,1,A121,0,A141,A151,1,A173,1,A191,A201,A91,0.498968,NEGATIVE
A11,61,A32,A43,10197,A61,A71,1,A103,1,A121,1,A141,A151,1,A173,1,A191,A201,A91,0.500135,POSITIVE
A11,61,A32,A43,10197,A61,A71,1,A101,1,A121,0,A141,A151,3,A171,1,A191,A201,A91,0.499838,NEGATIVE
A11,61,A32,A43,10197,A61,A71,1,A101,1,A121,1,A141,A151,3,A171,1,A191,A201,A91,0.501005,POSITIVE
A11,61,A30,A43,10197,A61,A71,1,A103,1,A121,0,A141,A151,3,A171,1,A191,A201,A91,0.499528,NEGATIVE
A11,61,A30,A43,10197,A61,A71,1,A103,1,A121,1,A141,A151,3,A171,1,A191,A201,A91,0.500695,POSITIVE
A11,61,A32,A43,10200,A61,A71,1,A103,1,A121,0,A141,A151,1,A171,1,A191,A201,A91,0.499712,NEGATIVE
A11,61,A32,A43,10200,A61,A71,1,A103,1,A121,1,A141,A151,1,A171,1,A191,A201,A91,0.500879,POSITIVE
A11,71,A32,A43,10158,A61,A71,1,A103,3,A121,0,A141,A151,3,A171,1,A191,A201,A91,0.499717,NEGATIVE
A11,71,A32,A43,10158,A61,A71,1,A103,3,A121,1,A141,A151,3,A171,1,A191,A201,A91,0.500885,POSITIVE
A11,61,A32,A43,10158,A61,A71,3,A103,3,A121,0,A141,A151,3,A171,1,A191,A201,A91,0.499502,NEGATIVE
A11,61,A32,A43,10158,A61,A71,3,A103,3,A121,1,A141,A151,3,A171,1,A191,A201,A91,0.500669,POSITIVE
A11,61,A32,A43,10158,A61,A71,1,A103,3,A121,0,A141,A151,3,A173,1,A191,A201,A91,0.499712,NEGATIVE
A11,61,A32,A43,10158,A61,A71,1,A103,3,A121,1,A141,A151,3,A173,1,A191,A201,A91,0.500879,POSITIVE
A11,61,A32,A43,10158,A61,A71,1,A101,3,A121,0,A141,A151,3,A171,1,A191,A201,A91,0.499561,NEGATIVE
A11,61,A32,A43,10158,A61,A71,1,A101,3,A121,1,A141,A151,3,A171,1,A191,A201,A91,0.500728,POSITIVE
A11,61,A30,A43,10158,A61,A71,1,A103,3,A121,0,A141,A151,3,A171,1,A191,A201,A91,0.499251,NEGATIVE
A11,61,A30,A43,10158,A61,A71,1,A103,3,A121,1,A141,A151,3,A171,1,A191,A201,A91,0.500418,POSITIVE
A11,61,A32,A43,10158,A61,A71,1,A103,3,A121,0,A141,A151,1,A171,1,A191,A201,A91,0.499734,NEGATIVE
A11,61,A32,A43,10158,A61,A71,1,A103,3,A121,1,A141,A151,1,A171,1,A191,A201,A91,0.500901,POSITIVE
A11,71,A32,A43,10158,A61,A71,3,A103,1,A121,0,A141,A151,3,A171,1,A191,A201,A91,0.499791,NEGATIVE
A11,71,A32,A43,10158,A61,A71,3,A103,1,A121,1,A141,A151,3,A171,1,A191,A201,A91,0.500958,POSITIVE
A11,71,A32,A43,10161,A61,A71,1,A103,1,A121,0,A141,A151,3,A173,1,A191,A201,A91,0.499702,NEGATIVE
A11,71,A32,A43,10161,A61,A71,1,A103,1,A121,1,A141,A151,3,A173,1,A191,A201,A91,0.500869,POSITIVE
A11,71,A32,A43,10158,A61,A71,1,A103,1,A121,0,A141,A151,1,A173,1,A191,A201,A91,0.498980,NEGATIVE
A11,71,A32,A43,10158,A61,A71,1,A103,1,A121,1,A141,A151,1,A173,1,A191,A201,A91,0.500147,POSITIVE
A11,71,A32,A43,10158,A61,A71,1,A101,1,A121,0,A141,A151,3,A171,1,A191,A201,A91,0.499850,NEGATIVE
A11,71,A32,A43,10158,A61,A71,1,A101,1,A121,1,A141,A151,3,A171,1,A191,A201,A91,0.501017,POSITIVE
A11,71,A30,A43,10158,A61,A71,1,A103,1,A121,0,A141,A151,3,A171,1,A191,A201,A91,0.499540,NEGATIVE
A11,71,A30,A43,10158,A61,A71,1,A103,1,A121,1,A141,A151,3,A171,1,A191,A201,A91,0.500707,POSITIVE
A11,71,A32,A43,10161,A61,A71,1,A103,1,A121,0,A141,A151,1,A171,1,A191,A201,A91,0.499724,NEGATIVE
A11,71,A32,A43,10161,A61,A71,1,A103,1,A121,1,A141,A151,1,A171,1,A191,A201,A91,0.500891,POSITIVE
A11,61,A32,A43,10158,A61,A71,3,A103,1,A121,0,A141,A151,3,A173,1,A191,A201,A91,0.499785,NEGATIVE
A11,61,A32,A43,10158,A61,A71,3,A103,1,A121,1,A141,A151,3,A173,1,A191,A201,A91,0.500952,POSITIVE
A11,61,A32,A43,10158,A61,A71,3,A101,1,A121,0,A141,A151,3,A171,1,A191,A201,A91,0.499634,NEGATIVE
A11,61,A32,A43,10158,A61,A71,3,A101,1,A121,1,A141,A151,3,A171,1,A191,A201,A91,0.500802,POSITIVE
A11,61,A30,A43,10158,A61,A71,3,A103,1,A121,0,A141,A151,3,A171,1,A191,A201,A91,0.499325,NEGATIVE
A11,61,A30,A43,10158,A61,A71,3,A103,1,A121,1,A141,A151,3,A171,1,A191,A201,A91,0.500491,POSITIVE
A11,61,A32,A43,10158,A61,A71,3,A103,1,A121,0,A141,A151,1,A171,1,A191,A201,A91,0.499807,NEGATIVE
A11,61,A32,A43,10158,A61,A71,3,A103,1,A121,1,A141,A151,1,A171,1,A191,A201,A91,0.500974,POSITIVE
A11,61,A32,A43,10158,A61,A71,1,A101,1,A121,0,A141,A151,3,A173,1,A191,A201,A91,0.499845,NEGATIVE
A11,61,A32,A43,10158,A61,A71,1,A101,1,A121,1,A141,A151,3,A173,1,A191,A201,A91,0.501011,POSITIVE
A11,61,A30,A43,10158,A61,A71,1,A103,1,A121,0,A141,A151,3,A173,1,A191,A201,A91,0.499534,NEGATIVE
A11,61,A30,A43,10158,A61,A71,1,A103,1,A121,1,A141,A151,3,A173,1,A191,A201,A91,0.500701,POSITIVE
A11,61,A32,A43,10161,A61,A71,1,A103,1,A121,0,A141,A151,1,A173,1,A191,A201,A91,0.499718,NEGATIVE
A11,61,A32,A43,10161,A61,A71,1,A103,1,A121,1,A141,A151,1,A173,1,A191,A201,A91,0.500886,POSITIVE
A12,67,A31,A44,10184,A62,A72,1,A102,1,A122,0,A142,A152,3,A172,1,A192,A202,A92,0.498877,NEGATIVE
A12,67,A31,A44,10184,A62,A72,1,A102,1,A122,1,A142,A152,3,A172,1,A192,A202,A92,0.500044,POSITIVE
A11,61,A32,A42,10197,A61,A71,1,A101,1,A121,0,A141,A151,3,A171,1,A191,A201,A91,0.498955,NEGATIVE
A11,61,A32,A42,10197,A61,A71,1,A101,1,A121,1,A141,A151,3,A171,1,A191,A201,A91,0.500122,POSITIVE
A11,71,A32,A42,10158,A61,A71,1,A101,1,A121,0,A141,A151,3,A171,1,A191,A201,A91,0.498967,NEGATIVE
A11,71,A32,A42,10158,A61,A71,1,A101,1,A121,1,A141,A151,3,A171,1,A191,A201,A91,0.500134,POSITIVE
A11,61,A32,A42,10158,A61,A71,1,A101,1,A121,0,A141,A151,3,A173,1,A191,A201,A91,0.498961,NEGATIVE
A11,61,A32,A42,10158,A61,A71,1,A101,1,A121,1,A141,A151,3,A173,1,A191,A201,A91,0.500128,POSITIVE
A11,61,A32,A42,10161,A61,A71,1,A101,1,A121,0,A141,A151,3,A171,1,A191,A201,A91,0.499736,NEGATIVE
A11,61,A32,A42,10161,A61,A71,1,A101,1,A121,1,A141,A151,3,A171,1,A191,A201,A91,0.500903,POSITIVE
A11,61,A32,A42,10158,A61,A71,1,A101,1,A121,0,A141,A151,1,A171,1,A191,A201,A91,0.498983,NEGATIVE
A11,61,A32,A42,10158,A61,A71,1,A101,1,A121,1,A141,A151,1,A171,1,A191,A201,A91,0.500151,POSITIVE
A11,51,A32,A43,10197,A61,A71,3,A103,3,A121,0,A141,A151,3,A171,1,A191,A201,A91,0.499490,NEGATIVE
A11,51,A32,A43,10197,A61,A71,3,A103,3,A121,1,A141,A151,3,A171,1,A191,A201,A91,0.500657,POSITIVE
A11,51,A32,A43,10197,A61,A71,1,A103,3,A121,0,A141,A151,3,A173,1,A191,A201,A91,0.499700,NEGATIVE
A11,51,A32,A43,10197,A61,A71,1,A103,3,A121,1,A141,A151,3,A173,1,A191,A201,A91,0.500867,POSITIVE
A11,51,A32,A43,10197,A61,A71,1,A101,3,A121,0,A141,A151,3,A171,1,A191,A201,A91,0.499549,NEGATIVE
A11,51,A32,A43,10197,A61,A71,1,A101,3,A121,1,A141,A151,3,A171,1,A191,A201,A91,0.500716,POSITIVE
A11,51,A30,A43,10197,A61,A71,1,A103,3,A121,0,A141,A151,3,A171,1,A191,A201,A91,0.499239,NEGATIVE
A11,51,A30,A43,10197,A61,A71,1,A103,3,A121,1,A141,A151,3,A171,1,A191,A201,A91,0.500406,POSITIVE
A11,51,A32,A43,10197,A61,A71,1,A103,3,A121,0,A141,A151,1,A171,1,A191,A201,A91,0.499722,NEGATIVE
A11,51,A32,A43,10197,A61,A71,1,A103,3,A121,1,A141,A151,1,A171,1,A191,A201,A91,0.500889,POSITIVE
A11,41,A32,A43,10197,A61,A71,3,A103,3,A121,0,A141,A151,3,A173,1,A191,A201,A91,0.499485,NEGATIVE
A11,41,A32,A43,10197,A61,A71,3,A103,3,A121,1,A141,A151,3,A173,1,A191,A201,A91,0.500652,POSITIVE
A11,41,A32,A43,10197,A61,A71,3,A101,3,A121,0,A141,A151,3,A171,1,A191,A201,A91,0.499334,NEGATIVE
A11,41,A32,A43,10197,A61,A71,3,A101,3,A121,1,A141,A151,3,A171,1,A191,A201,A91,0.500501,POSITIVE
A11,41,A30,A43,10197,A61,A71,3,A103,3,A121,0,A141,A151,3,A171,1,A191,A201,A91,0.499024,NEGATIVE
A11,41,A30,A43,10197,A61,A71,3,A103,3,A121,1,A141,A151,3,A171,1,A191,A201,A91,0.500191,POSITIVE
A11,41,A32,A43,10197,A61,A71,3,A103,3,A121,0,A141,A151,1,A171,1,A191,A201,A91,0.499506,NEGATIVE
A11,41,A32,A43,10197,A61,A71,3,A103,3,A121,1,A141,A151,1,A171,1,A191,A201,A91,0.500674,POSITIVE
A11,41,A32,A43,10197,A61,A71,1,A101,3,A121,0,A141,A151,3,A173,1,A191,A201,A91,0.499544,NEGATIVE
A11,41,A32,A43,10197,A61,A71,1,A101,3,A121,1,A141,A151,3,A173,1,A191,A201,A91,0.500711,POSITIVE
A11,41,A30,A43,10197,A61,A71,1,A103,3,A121,0,A141,A151,3,A173,1,A191,A201,A91,0.499234,NEGATIVE
A11,41,A30,A43,10197,A61,A71,1,A103,3,A121,1,A141,A151,3,A173,1,A191,A201,A91,0.500401,POSITIVE
A11,41,A32,A43,10197,A61,A71,1,A103,3,A121,0,A141,A151,1,A173,1,A191,A201,A91,0.499716,NEGATIVE
A11,41,A32,A43,10197,A61,A71,1,A103,3,A121,1,A141,A151,1,A173,1,A191,A201,A91,0.500884,POSITIVE
A11,41,A30,A43,10197,A61,A71,1,A101,3,A121,0,A141,A151,3,A171,1,A191,A201,A91,0.499083,NEGATIVE
A11,41,A30,A43,10197,A61,A71,1,A101,3,A121,1,A141,A151,3,A171,1,A191,A201,A91,0.500250,POSITIVE
A11,41,A32,A43,10197,A61,A71,1,A101,3,A121,0,A141,A151,1,A171,1,A191,A201,A91,0.499566,NEGATIVE
A11,41,A32,A43,10197,A61,A71,1,A101,3,A121,1,A141,A151,1,A171,1,A191,A201,A91,0.500733,POSITIVE
A11,41,A30,A43,10197,A61,A71,1,A103,3,A121,0,A141,A151,1,A171,1,A191,A201,A91,0.499256,NEGATIVE
A11,41,A30,A43,10197,A61,A71,1,A103,3,A121,1,A141,A151,1,A171,1,A191,A201,A91,0.500423,POSITIVE
A11,51,A32,A43,10197,A61,A71,3,A103,1,A121,0,A141,A151,3,A173,1,A191,A201,A91,0.499773,NEGATIVE
A11,51,A32,A43,10197,A61,A71,3,A103,1,A121,1,A141,A151,3,A173,1,A191,A201,A91,0.500940,POSITIVE
A11,51,A32,A43,10197,A61,A71,3,A101,1,A121,0,A141,A151,3,A171,1,A191,A201,A91,0.499622,NEGATIVE
A11,51,A32,A43,10197,A61,A71,3,A101,1,A121,1,A141,A151,3,A171,1,A191,A201,A91,0.500789,POSITIVE
A11,51,A30,A43,10197,A61,A71,3,A103,1,A121,0,A141,A151,3,A171,1,A191,A201,A91,0.499312,NEGATIVE
A11,51,A30,A43,10197,A61,A71,3,A103,1,A121,1,A141,A151,3,A171,1,A191,A201,A91,0.500480,POSITIVE
A11,51,A32,A43,10197,A61,A71,3,A103,1,A121,0,A141,A151,1,A171,1,A191,A201,A91,0.499795,NEGATIVE
A11,51,A32,A43,10197,A61,A71,3,A103,1,A121,1,A141,A151,1,A171,1,A191,A201,A91,0.500962,POSITIVE
A11,51,A32,A43,10197,A61,A71,1,A101,1,A121,0,A141,A151,3,A173,1,A191,A201,A91,0.499832,NEGATIVE
A11,51,A32,A43,10197,A61,A71,1,A101,1,A121,1,A141,A151,3,A173,1,A191,A201,A91,0.501000,POSITIVE
A11,51,A30,A43,10197,A61,A71,1,A103,1,A121,0,A141,A151,3,A173,1,A191,A201,A91,0.499523,NEGATIVE
A11,51,A30,A43,10197,A61,A71,1,A103,1,A121,1,A141,A151,3,A173,1,A191,A201,A91,0.500690,POSITIVE
A11,51,A32,A43,10200,A61,A71,1,A103,1,A121,0,A141,A151,1,A173,1,A191,A201,A91,0.499707,NEGATIVE
A11,51,A32,A43,10200,A61,A71,1,A103,1,A121,1,A141,A151,1,A173,1,A191,A201,A91,0.500874,POSITIVE
A12,57,A31,A44,10223,A62,A72,1,A102,1,A122,0,A142,A152,3,A172,1,A192,A202,A92,0.498865,NEGATIVE
A12,57,A31,A44,10223,A62,A72,1,A102,1,A122,1,A142,A152,3,A172,1,A192,A202,A92,0.500032,POSITIVE
A11,41,A30,A43,10197,A61,A71,1,A101,1,A121,0,A141,A151,1,A171,1,A191,A201,A91,0.499388,NEGATIVE
A11,41,A30,A43,10197,A61,A71,1,A101,1,A121,1,A141,A151,1,A171,1,A191,A201,A91,0.500555,POSITIVE
A11,51,A32,A43,10158,A61,A71,3,A103,3,A121,0,A141,A151,3,A173,1,A191,A201,A91,0.499496,NEGATIVE
A11,51,A32,A43,10158,A61,A71,3,A103,3,A121,1,A141,A151,3,A173,1,A191,A201,A91,0.500664,POSITIVE
A11,51,A32,A43,10158,A61,A71,3,A101,3,A121,0,A141,A151,3,A171,1,A191,A201,A91,0.499346,NEGATIVE
A11,51,A32,A43,10158,A61,A71,3,A101,3,A121,1,A141,A151,3,A171,1,A191,A201,A91,0.500513,POSITIVE
A11,51,A30,A43,10158,A61,A71,3,A103,3,A121,0,A141,A151,3,A171,1,A191,A201,A91,0.499036,NEGATIVE
A11,51,A30,A43,10158,A61,A71,3,A103,3,A121,1,A141,A151,3,A171,1,A191,A201,A91,0.500203,POSITIVE
A11,51,A32,A43,10158,A61,A71,3,A103,3,A121,0,A141,A151,1,A171,1,A191,A201,A91,0.499519,NEGATIVE
A11,51,A32,A43,10158,A61,A71,3,A103,3,A121,1,A141,A151,1,A171,1,A191,A201,A91,0.500686,POSITIVE
A11,51,A32,A43,10158,A61,A71,1,A101,3,A121,0,A141,A151,3,A173,1,A191,A201,A91,0.499556,NEGATIVE
A11,51,A32,A43,10158,A61,A71,1,A101,3,A121,1,A141,A151,3,A173,1,A191,A201,A91,0.500723,POSITIVE
A11,51,A30,A43,10158,A61,A71,1,A103,3,A121,0,A141,A151,3,A173,1,A191,A201,A91,0.499246,NEGATIVE
A11,51,A30,A43,10158,A61,A71,1,A103,3,A121,1,A141,A151,3,A173,1,A191,A201,A91,0.500413,POSITIVE
A11,51,A32,A43,10158,A61,A71,1,A103,3,A121,0,A141,A151,1,A173,1,A191,A201,A91,0.499729,NEGATIVE
A11,51,A32,A43,10158,A61,A71,1,A103,3,A121,1,A141,A151,1,A173,1,A191,A201,A91,0.500896,POSITIVE
A11,51,A30,A43,10158,A61,A71,1,A101,3,A121,0,A141,A151,3,A171,1,A191,A201,A91,0.499095,NEGATIVE
A11,51,A30,A43,10158,A61,A71,1,A101,3,A121,1,A141,A151,3,A171,1,A191,A201,A91,0.500262,POSITIVE
A11,51,A32,A43,10158,A61,A71,1,A101,3,A121,0,A141,A151,1,A171,1,A191,A201,A91,0.499578,NEGATIVE
A11,51,A32,A43,10158,A61,A71,1,A101,3,A121,1,A141,A151,1,A171,1,A191,A201,A91,0.500745,POSITIVE
A11,51,A30,A43,10158,A61,A71,1,A103,3,A121,0,A141,A151,1,A171,1,A191,A201,A91,0.499268,NEGATIVE
A11,51,A30,A43,10158,A61,A71,1,A103,3,A121,1,A141,A151,1,A171,1,A191,A201,A91,0.500435,POSITIVE
A11,41,A30,A43,10158,A61,A71,1,A101,3,A121,0,A141,A151,1,A171,1,A191,A201,A91,0.499112,NEGATIVE
A11,41,A30,A43,10158,A61,A71,1,A101,3,A121,1,A141,A151,1,A171,1,A191,A201,A91,0.500279,POSITIVE
A11,51,A30,A43,10158,A61,A71,1,A101,1,A121,0,A141,A151,1,A171,1,A191,A201,A91,0.499400,NEGATIVE
A11,51,A30,A43,10158,A61,A71,1,A101,1,A121,1,A141,A151,1,A171,1,A191,A201,A91,0.500568,POSITIVE
A12,43,A31,A43,10169,A62,A72,1,A102,1,A122,0,A142,A152,1,A172,1,A191,A201,A91,0.499969,NEGATIVE
A12,43,A31,A43,10169,A62,A72,1,A102,1,A122,1,A142,A152,1,A172,1,A191,A201,A91,0.501136,POSITIVE
A11,41,A32,A42,10197,A61,A71,1,A101,3,A121,0,A141,A151,3,A171,1,A191,A201,A91,0.499703,NEGATIVE
A11,41,A32,A42,10197,A61,A71,1,A101,3,A121,1,A141,A151,3,A171,1,A191,A201,A91,0.500870,POSITIVE
A11,51,A32,A42,10197,A61,A71,1,A101,1,A121,0,A141,A151,3,A173,1,A191,A201,A91,0.498950,NEGATIVE
A11,51,A32,A42,10197,A61,A71,1,A101,1,A121,1,A141,A151,3,A173,1,A191,A201,A91,0.500117,POSITIVE
A11,51,A32,A42,10197,A61,A71,1,A101,1,A121,0,A141,A151,3,A171,1,A191,A201,A91,0.499992,NEGATIVE
A11,51,A32,A42,10197,A61,A71,1,A101,1,A121,1,A141,A151,3,A171,1,A191,A201,A91,0.501159,POSITIVE
A11,51,A32,A42,10197,A61,A71,1,A101,1,A121,0,A141,A151,1,A171,1,A191,A201,A91,0.498971,NEGATIVE
A11,51,A32,A42,10197,A61,A71,1,A101,1,A121,1,A141,A151,1,A171,1,A191,A201,A91,0.500139,POSITIVE
A11,41,A32,A42,10197,A61,A71,3,A101,1,A121,0,A141,A151,3,A171,1,A191,A201,A91,0.499776,NEGATIVE
A11,41,A32,A42,10197,A61,A71,3,A101,1,A121,1,A141,A151,3,A171,1,A191,A201,A91,0.500943,POSITIVE
A11,41,A32,A42,10197,A61,A71,1,A101,1,A121,0,A141,A151,3,A173,1,A191,A201,A91,0.499987,NEGATIVE
A11,41,A32,A42,10197,A61,A71,1,A101,1,A121,1,A141,A151,3,A173,1,A191,A201,A91,0.501153,POSITIVE
A11,41,A32,A42,10197,A61,A71,1,A101,1,A121,0,A141,A151,1,A173,1,A191,A201,A91,0.498966,NEGATIVE
A11,41,A32,A42,10197,A61,A71,1,A101,1,A121,1,A141,A151,1,A173,1,A191,A201,A91,0.500133,POSITIVE
A11,41,A30,A42,10197,A61,A71,1,A101,1,A121,0,A141,A151,3,A171,1,A191,A201,A91,0.499526,NEGATIVE
A11,41,A30,A42,10197,A61,A71,1,A101,1,A121,1,A141,A151,3,A171,1,A191,A201,A91,0.500693,POSITIVE
A11,41,A32,A42,10200,A61,A71,1,A101,1,A121,0,A141,A151,1,A171,1,A191,A201,A91,0.499741,NEGATIVE
A11,41,A32,A42,10200,A61,A71,1,A101,1,A121,1,A141,A151,1,A171,1,A191,A201,A91,0.500908,POSITIVE
A11,41,A32,A40,10197,A61,A71,1,A101,1,A121,0,A141,A151,3,A171,1,A191,A201,A91,0.499263,NEGATIVE
A11,41,A32,A40,10197,A61,A71,1,A101,1,A121,1,A141,A151,3,A171,1,A191,A201,A91,0.500430,POSITIVE
A11,51,A32,A42,10158,A61,A71,1,A101,3,A121,0,A141,A151,3,A171,1,A191,A201,A91,0.499715,NEGATIVE
A11,51,A32,A42,10158,A61,A71,1,A101,3,A121,1,A141,A151,3,A171,1,A191,A201,A91,0.500882,POSITIVE
A11,41,A32,A42,10158,A61,A71,3,A101,3,A121,0,A141,A151,3,A171,1,A191,A201,A91,0.499499,NEGATIVE
A11,41,A32,A42,10158,A61,A71,3,A101,3,A121,1,A141,A151,3,A171,1,A191,A201,A91,0.500667,POSITIVE
A11,41,A32,A42,10158,A61,A71,1,A101,3,A121,0,A141,A151,3,A173,1,A191,A201,A91,0.499710,NEGATIVE
A11,41,A32,A42,10158,A61,A71,1,A101,3,A121,1,A141,A151,3,A173,1,A191,A201,A91,0.500877,POSITIVE
A11,41,A30,A42,10158,A61,A71,1,A101,3,A121,0,A141,A151,3,A171,1,A191,A201,A91,0.499249,NEGATIVE
A11,41,A30,A42,10158,A61,A71,1,A101,3,A121,1,A141,A151,3,A171,1,A191,A201,A91,0.500416,POSITIVE
A11,41,A32,A42,10158,A61,A71,1,A101,3,A121,0,A141,A151,1,A171,1,A191,A201,A91,0.499732,NEGATIVE
A11,41,A32,A42,10158,A61,A71,1,A101,3,A121,1,A141,A151,1,A171,1,A191,A201,A91,0.500899,POSITIVE
A11,41,A32,A40,10158,A61,A71,1,A101,3,A121,0,A141,A151,3,A171,1,A191,A201,A91,0.498986,NEGATIVE
A11,41,A32,A40,10158,A61,A71,1,A101,3,A121,1,A141,A151,3,A171,1,A191,A201,A91,0.500153,POSITIVE
A11,51,A32,A42,10158,A61,A71,3,A101,1,A121,0,A141,A151,3,A171,1,A191,A201,A91,0.499788,NEGATIVE
A11,51,A32,A42,10158,A61,A71,3,A101,1,A121,1,A141,A151,3,A171,1,A191,A201,A91,0.500955,POSITIVE
A11,51,A32,A42,10158,A61,A71,1,A101,1,A121,0,A141,A151,3,A173,1,A191,A201,A91,0.499998,NEGATIVE
A11,51,A32,A42,10158,A61,A71,1,A101,1,A121,1,A141,A151,3,A173,1,A191,A201,A91,0.501165,POSITIVE
A11,51,A32,A42,10158,A61,A71,1,A101,1,A121,0,A141,A151,1,A173,1,A191,A201,A91,0.498978,NEGATIVE
A11,51,A32,A42,10158,A61,A71,1,A101,1,A121,1,A141,A151,1,A173,1,A191,A201,A91,0.500145,POSITIVE
A11,51,A30,A42,10158,A61,A71,1,A101,1,A121,0,A141,A151,3,A171,1,A191,A201,A91,0.499538,NEGATIVE
A11,51,A30,A42,10158,A61,A71,1,A101,1,A121,1,A141,A151,3,A171,1,A191,A201,A91,0.500705,POSITIVE
A11,51,A32,A42,10161,A61,A71,1,A101,1,A121,0,A141,A151,1,A171,1,A191,A201,A91,0.499753,NEGATIVE
A11,51,A32,A42,10161,A61,A71,1,A101,1,A121,1,A141,A151,1,A171,1,A191,A201,A91,0.500920,POSITIVE
A11,51,A32,A40,10158,A61,A71,1,A101,1,A121,0,A141,A151,3,A171,1,A191,A201,A91,0.499274,NEGATIVE
A11,51,A32,A40,10158,A61,A71,1,A101,1,A121,1,A141,A151,3,A171,1,A191,A201,A91,0.500442,POSITIVE
A11,41,A32,A42,10158,A61,A71,3,A101,1,A121,0,A141,A151,3,A173,1,A191,A201,A91,0.499783,NEGATIVE
A11,41,A32,A42,10158,A61,A71,3,A101,1,A121,1,A141,A151,3,A173,1,A191,A201,A91,0.500950,POSITIVE
A11,41,A30,A42,10158,A61,A71,3,A101,1,A121,0,A141,A151,3,A171,1,A191,A201,A91,0.499322,NEGATIVE
A11,41,A30,A42,10158,A61,A71,3,A101,1,A121,1,A141,A151,3,A171,1,A191,A201,A91,0.500489,POSITIVE
A11,41,A32,A42,10158,A61,A71,3,A101,1,A121,0,A141,A151,1,A171,1,A191,A201,A91,0.499805,NEGATIVE
A11,41,A32,A42,10158,A61,A71,3,A101,1,A121,1,A141,A151,1,A171,1,A191,A201,A91,0.500972,POSITIVE
A11,41,A32,A40,10158,A61,A71,3,A101,1,A121,0,A141,A151,3,A171,1,A191,A201,A91,0.499059,NEGATIVE
A11,41,A32,A40,10158,A61,A71,3,A101,1,A121,1,A141,A151,3,A171,1,A191,A201,A91,0.500226,POSITIVE
A11,41,A30,A42,10158,A61,A71,1,A101,1,A121,0,A141,A151,1,A171,1,A191,A201,A91,0.499554,NEGATIVE
A11,41,A30,A42,10158,A61,A71,1,A101,1,A121,1,A141,A151,1,A171,1,A191,A201,A91,0.500721,POSITIVE
A11,41,A32,A40,10158,A61,A71,1,A101,1,A121,0,A141,A151,3,A173,1,A191,A201,A91,0.499269,NEGATIVE
A11,41,A32,A40,10158,A61,A71,1,A101,1,A121,1,A141,A151,3,A173,1,A191,A201,A91,0.500436,POSITIVE
A11,42,A32,A40,10165,A61,A71,1,A101,1,A121,0,A141,A151,3,A171,1,A191,A201,A91,0.499954,NEGATIVE
A11,42,A32,A40,10165,A61,A71,1,A101,1,A121,1,A141,A151,3,A171,1,A191,A201,A91,0.501121,POSITIVE
A11,41,A32,A40,10158,A61,A71,1,A101,1,A121,0,A141,A151,1,A171,1,A191,A201,A91,0.499292,NEGATIVE
A11,41,A32,A40,10158,A61,A71,1,A101,1,A121,1,A141,A151,1,A171,1,A191,A201,A91,0.500459,POSITIVE
A12,36,A31,A49,10297,A62,A72,3,A102,3,A122,0,A142,A152,2,A173,1,A192,A202,A92,0.499980,NEGATIVE
A12,36,A31,A49,10297,A62,A72,3,A102,3,A122,1,A142,A152,2,A173,1,A192,A202,A92,0.501147,POSITIVE
A13,39,A31,A49,10309,A63,A73,1,A102,3,A123,0,A143,A153,3,A174,1,A192,A202,A92,0.499924,NEGATIVE
A13,39,A31,A49,10309,A63,A73,1,A102,3,A123,1,A143,A153,3,A174,1,A192,A202,A92,0.501091,POSITIVE
A13,38,A32,A49,10305,A63,A73,1,A102,3,A123,0,A143,A153,1,A174,1,A192,A202,A92,0.499969,NEGATIVE
A13,38,A32,A49,10305,A63,A73,1,A102,3,A123,1,A143,A153,1,A174,1,A192,A202,A92,0.501136,POSITIVE
A12,34,A30,A48,10290,A62,A72,1,A102,3,A122,0,A142,A152,1,A173,1,A191,A201,A91,0.499960,NEGATIVE
A12,34,A30,A48,10290,A62,A72,1,A102,3,A122,1,A142,A152,1,A173,1,A191,A201,A91,0.501127,POSITIVE
A13,39,A31,A49,10309,A63,A73,1,A102,3,A123,0,A143,A153,1,A172,1,A192,A202,A92,0.499945,NEGATIVE
A13,39,A31,A49,10309,A63,A73,1,A102,3,A123,1,A143,A153,1,A172,1,A192,A202,A92,0.501113,POSITIVE
A13,28,A31,A49,10305,A63,A73,3,A102,3,A123,0,A143,A153,3,A174,1,A192,A202,A92,0.499872,NEGATIVE
A13,28,A31,A49,10305,A63,A73,3,A102,3,A123,1,A143,A153,3,A174,1,A192,A202,A92,0.501039,POSITIVE
A12,26,A31,A49,10297,A62,A72,3,A102,3,A122,0,A142,A152,1,A174,1,A192,A202,A92,0.499987,NEGATIVE
A12,26,A31,A49,10297,A62,A72,3,A102,3,A122,1,A142,A152,1,A174,1,A192,A202,A92,0.501154,POSITIVE
A13,28,A31,A49,10305,A63,A73,3,A102,3,A123,0,A143,A153,1,A172,1,A192,A202,A92,0.499894,NEGATIVE
A13,28,A31,A49,10305,A63,A73,3,A102,3,A123,1,A143,A153,1,A172,1,A192,A202,A92,0.501062,POSITIVE
A13,29,A31,A49,10309,A63,A73,1,A102,3,A123,0,A143,A153,1,A174,1,A192,A202,A92,0.499940,NEGATIVE
A13,29,A31,A49,10309,A63,A73,1,A102,3,A123,1,A143,A153,1,A174,1,A192,A202,A92,0.501108,POSITIVE
A13,39,A31,A49,10309,A63,A73,3,A102,1,A123,0,A143,A153,3,A174,1,A192,A202,A92,0.499997,NEGATIVE
A13,39,A31,A49,10309,A63,A73,3,A102,1,A123,1,A143,A153,3,A174,1,A192,A202,A92,0.501164,POSITIVE
A13,39,A32,A49,10309,A63,A73,3,A102,1,A123,0,A143,A153,1,A174,1,A192,A202,A92,0.499803,NEGATIVE
A13,39,A32,A49,10309,A63,A73,3,A102,1,A123,1,A143,A153,1,A174,1,A192,A202,A92,0.500971,POSITIVE
A12,35,A31,A49,10294,A62,A72,3,A102,1,A122,0,A142,A152,1,A174,1,A192,A202,A92,0.499928,NEGATIVE
A12,35,A31,A49,10294,A62,A72,3,A102,1,A122,1,A142,A152,1,A174,1,A192,A202,A92,0.501096,POSITIVE
A13,38,A31,A49,10266,A63,A73,3,A102,3,A123,0,A143,A153,3,A174,1,A192,A202,A92,0.499884,NEGATIVE
A13,38,A31,A49,10266,A63,A73,3,A102,3,A123,1,A143,A153,3,A174,1,A192,A202,A92,0.501051,POSITIVE
A12,36,A31,A49,10258,A62,A72,3,A102,3,A122,0,A142,A152,1,A174,1,A192,A202,A92,0.499999,NEGATIVE
A12,36,A31,A49,10258,A62,A72,3,A102,3,A122,1,A142,A152,1,A174,1,A192,A202,A92,0.501166,POSITIVE
A13,38,A31,A49,10266,A63,A73,3,A102,3,A123,0,A143,A153,1,A172,1,A192,A202,A92,0.499906,NEGATIVE
A13,38,A31,A49,10266,A63,A73,3,A102,3,A123,1,A143,A153,1,A172,1,A192,A202,A92,0.501073,POSITIVE
A13,39,A31,A49,10270,A63,A73,1,A102,3,A123,0,A143,A153,1,A174,1,A192,A202,A92,0.499953,NEGATIVE
A13,39,A31,A49,10270,A63,A73,1,A102,3,A123,1,A143,A153,1,A174,1,A192,A202,A92,0.501120,POSITIVE
A13,28,A31,A49,10266,A63,A73,3,A102,3,A123,0,A143,A153,1,A174,1,A192,A202,A92,0.499900,NEGATIVE
A13,28,A31,A49,10266,A63,A73,3,A102,3,A123,1,A143,A153,1,A174,1,A192,A202,A92,0.501068,POSITIVE
A11,31,A30,A47,10275,A61,A71,3,A101,3,A121,0,A141,A151,1,A171,1,A191,A201,A91,0.499282,NEGATIVE
A11,31,A30,A47,10275,A61,A71,3,A101,3,A121,1,A141,A151,1,A171,1,A191,A201,A91,0.500449,POSITIVE
A11,31,A32,A45,10275,A61,A71,3,A101,3,A121,0,A141,A151,3,A173,1,A191,A201,A91,0.498996,NEGATIVE
A11,31,A32,A45,10275,A61,A71,3,A101,3,A121,1,A141,A151,3,A173,1,A191,A201,A91,0.500164,POSITIVE
A11,31,A32,A45,10278,A61,A71,3,A101,3,A121,0,A141,A151,3,A171,1,A191,A201,A91,0.499860,NEGATIVE
A11,31,A32,A45,10278,A61,A71,3,A101,3,A121,1,A141,A151,3,A171,1,A191,A201,A91,0.501027,POSITIVE
A11,31,A32,A45,10275,A61,A71,3,A101,3,A121,0,A141,A151,1,A171,1,A191,A201,A91,0.499018,NEGATIVE
A11,31,A32,A45,10275,A61,A71,3,A101,3,A121,1,A141,A151,1,A171,1,A191,A201,A91,0.500186,POSITIVE
A11,32,A30,A45,10282,A61,A71,1,A101,3,A121,0,A141,A151,1,A172,1,A191,A201,A91,0.498883,NEGATIVE
A11,32,A30,A45,10282,A61,A71,1,A101,3,A121,1,A141,A151,1,A172,1,A191,A201,A91,0.500050,POSITIVE
A11,21,A30,A45,10275,A61,A71,1,A101,3,A121,0,A141,A151,1,A171,1,A191,A201,A91,0.499805,NEGATIVE
A11,21,A30,A45,10275,A61,A71,1,A101,3,A121,1,A141,A151,1,A171,1,A191,A201,A91,0.500972,POSITIVE
A11,32,A30,A45,10282,A61,A71,1,A101,1,A121,0,A141,A151,1,A172,1,A191,A201,A91,0.499958,NEGATIVE
A11,32,A30,A45,10282,A61,A71,1,A101,1,A121,1,A141,A151,1,A172,1,A191,A201,A91,0.501125,POSITIVE
A11,21,A30,A45,10275,A61,A71,3,A101,1,A121,0,A141,A151,1,A171,1,A191,A201,A91,0.499878,NEGATIVE
A11,21,A30,A45,10275,A61,A71,3,A101,1,A121,1,A141,A151,1,A171,1,A191,A201,A91,0.501045,POSITIVE
A12,24,A31,A45,10290,A62,A72,1,A102,1,A122,0,A142,A152,1,A173,1,A191,A201,A91,0.499974,NEGATIVE
A12,24,A31,A45,10290,A62,A72,1,A102,1,A122,1,A142,A152,1,A173,1,A191,A201,A91,0.501141,POSITIVE
A11,31,A30,A45,10236,A61,A71,1,A101,3,A121,0,A141,A151,1,A171,1,A191,A201,A91,0.499817,NEGATIVE
A11,31,A30,A45,10236,A61,A71,1,A101,3,A121,1,A141,A151,1,A171,1,A191,A201,A91,0.500984,POSITIVE
A11,21,A30,A45,10236,A61,A71,3,A101,3,A121,0,A141,A151,1,A171,1,A191,A201,A91,0.499602,NEGATIVE
A11,21,A30,A45,10236,A61,A71,3,A101,3,A121,1,A141,A151,1,A171,1,A191,A201,A91,0.500769,POSITIVE
A13,29,A31,A47,10270,A63,A73,1,A103,3,A123,0,A143,A153,1,A174,1,A192,A202,A92,0.499848,NEGATIVE
A13,29,A31,A47,10270,A63,A73,1,A103,3,A123,1,A143,A153,1,A174,1,A192,A202,A92,0.501015,POSITIVE
A11,21,A30,A45,10236,A61,A71,1,A101,3,A121,0,A141,A151,1,A173,1,A191,A201,A91,0.499812,NEGATIVE
A11,21,A30,A45,10236,A61,A71,1,A101,3,A121,1,A141,A151,1,A173,1,A191,A201,A91,0.500979,POSITIVE
A13,29,A31,A46,10270,A63,A73,1,A103,3,A123,0,A143,A153,1,A172,1,A192,A202,A92,0.499919,NEGATIVE
A13,29,A31,A46,10270,A63,A73,1,A103,3,A123,1,A143,A153,1,A172,1,A192,A202,A92,0.501086,POSITIVE
A11,31,A30,A45,10236,A61,A71,3,A101,1,A121,0,A141,A151,1,A171,1,A191,A201,A91,0.499890,NEGATIVE
A11,31,A30,A45,10236,A61,A71,3,A101,1,A121,1,A141,A151,1,A171,1,A191,A201,A91,0.501057,POSITIVE
A12,34,A31,A45,10251,A62,A72,1,A102,1,A122,0,A142,A152,1,A173,1,A191,A201,A91,0.499985,NEGATIVE
A12,34,A31,A45,10251,A62,A72,1,A102,1,A122,1,A142,A152,1,A173,1,A191,A201,A91,0.501152,POSITIVE
A13,29,A31,A47,10270,A63,A73,3,A103,1,A123,0,A143,A153,1,A174,1,A192,A202,A92,0.499921,NEGATIVE
A13,29,A31,A47,10270,A63,A73,3,A103,1,A123,1,A143,A153,1,A174,1,A192,A202,A92,0.501088,POSITIVE
A11,21,A30,A45,10236,A61,A71,3,A101,1,A121,0,A141,A151,1,A173,1,A191,A201,A91,0.499885,NEGATIVE
A11,21,A30,A45,10236,A61,A71,3,A101,1,A121,1,A141,A151,1,A173,1,A191,A201,A91,0.501052,POSITIVE
A13,29,A31,A46,10270,A63,A73,3,A103,1,A123,0,A143,A153,1,A172,1,A192,A202,A92,0.499992,NEGATIVE
A13,29,A31,A46,10270,A63,A73,3,A103,1,A123,1,A143,A153,1,A172,1,A192,A202,A92,0.501160,POSITIVE
A13,18,A31,A49,10305,A63,A73,3,A102,3,A123,0,A143,A153,1,A174,1,A192,A202,A92,0.499888,NEGATIVE
A13,18,A31,A49,10305,A63,A73,3,A102,3,A123,1,A143,A153,1,A174,1,A192,A202,A92,0.501056,POSITIVE
A11,11,A30,A45,10275,A61,A71,3,A101,3,A121,0,A141,A151,1,A171,1,A191,A201,A91,0.499589,NEGATIVE
A11,11,A30,A45,10275,A61,A71,3,A101,3,A121,1,A141,A151,1,A171,1,A191,A201,A91,0.500757,POSITIVE
A13,19,A31,A47,10309,A63,A73,1,A103,3,A123,0,A143,A153,1,A174,1,A192,A202,A92,0.499836,NEGATIVE
A13,19,A31,A47,10309,A63,A73,1,A103,3,A123,1,A143,A153,1,A174,1,A192,A202,A92,0.501004,POSITIVE
A11,11,A30,A45,10275,A61,A71,1,A101,3,A121,0,A141,A151,1,A173,1,A191,A201,A91,0.499800,NEGATIVE
A11,11,A30,A45,10275,A61,A71,1,A101,3,A121,1,A141,A151,1,A173,1,A191,A201,A91,0.500967,POSITIVE
A13,19,A31,A46,10309,A63,A73,1,A103,3,A123,0,A143,A153,1,A172,1,A192,A202,A92,0.499908,NEGATIVE
A13,19,A31,A46,10309,A63,A73,1,A103,3,A123,1,A143,A153,1,A172,1,A192,A202,A92,0.501074,POSITIVE
A13,19,A31,A47,10309,A63,A73,3,A103,1,A123,0,A143,A153,1,A174,1,A192,A202,A92,0.499909,NEGATIVE
A13,19,A31,A47,10309,A63,A73,3,A103,1,A123,1,A143,A153,1,A174,1,A192,A202,A92,0.501076,POSITIVE
A11,11,A30,A45,10275,A61,A71,3,A101,1,A121,0,A141,A151,1,A173,1,A191,A201,A91,0.499873,NEGATIVE
A11,11,A30,A45,10275,A61,A71,3,A101,1,A121,1,A141,A151,1,A173,1,A191,A201,A91,0.501040,POSITIVE
A13,19,A31,A46,10309,A63,A73,3,A103,1,A123,0,A143,A153,1,A172,1,A192,A202,A92,0.499980,NEGATIVE
A13,19,A31,A46,10309,A63,A73,3,A103,1,A123,1,A143,A153,1,A172,1,A192,A202,A92,0.501148,POSITIVE
A13,18,A31,A47,10266,A63,A73,3,A103,3,A123,0,A143,A153,1,A174,1,A192,A202,A92,0.499825,NEGATIVE
A13,18,A31,A47,10266,A63,A73,3,A103,3,A123,1,A143,A153,1,A174,1,A192,A202,A92,0.500992,POSITIVE
A11,11,A30,A45,10236,A61,A71,3,A101,3,A121,0,A141,A151,1,A173,1,A191,A201,A91,0.499596,NEGATIVE
A11,11,A30,A45,10236,A61,A71,3,A101,3,A121,1,A141,A151,1,A173,1,A191,A201,A91,0.500764,POSITIVE
A12,17,A31,A46,10262,A62,A72,3,A102,3,A122,0,A142,A152,1,A172,1,A192,A202,A92,0.499912,NEGATIVE
A12,17,A31,A46,10262,A62,A72,3,A102,3,A122,1,A142,A152,1,A172,1,A192,A202,A92,0.501079,POSITIVE
A13,19,A31,A46,10270,A63,A73,1,A103,3,A123,0,A143,A153,1,A174,1,A192,A202,A92,0.499914,NEGATIVE
A13,19,A31,A46,10270,A63,A73,1,A103,3,A123,1,A143,A153,1,A174,1,A192,A202,A92,0.501081,POSITIVE
A13,19,A31,A46,10270,A63,A73,3,A103,1,A123,0,A143,A153,1,A174,1,A192,A202,A92,0.499987,NEGATIVE
A13,19,A31,A46,10270,A63,A73,3,A103,1,A123,1,A143,A153,1,A174,1,A192,A202,A92,0.501154,POSITIVE
A13,7,A31,A47,10305,A63,A73,3,A103,3,A123,0,A143,A153,1,A174,1,A192,A202,A92,0.499834,NEGATIVE
A13,7,A31,A47,10305,A63,A73,3,A103,3,A123,1,A143,A153,1,A174,1,A192,A202,A92,0.501001,POSITIVE
A11,0,A30,A45,10275,A61,A71,3,A101,3,A121,0,A141,A151,1,A173,1,A191,A201,A91,0.499688,NEGATIVE
A11,0,A30,A45,10275,A61,A71,3,A101,3,A121,1,A141,A151,1,A173,1,A191,A201,A91,0.500855,POSITIVE
A12,6,A31,A46,10301,A62,A72,3,A102,3,A122,0,A142,A152,1,A172,1,A192,A202,A92,0.499930,NEGATIVE
A12,6,A31,A46,10301,A62,A72,3,A102,3,A122,1,A142,A152,1,A172,1,A192,A202,A92,0.501098,POSITIVE
A13,8,A31,A46,10309,A63,A73,1,A103,3,A123,0,A143,A153,1,A174,1,A192,A202,A92,0.499912,NEGATIVE
A13,8,A31,A46,10309,A63,A73,1,A103,3,A123,1,A143,A153,1,A174,1,A192,A202,A92,0.501079,POSITIVE
A13,8,A31,A46,10309,A63,A73,3,A103,1,A123,0,A143,A153,1,A174,1,A192,A202,A92,0.499985,NEGATIVE
A13,8,A31,A46,10309,A63,A73,3,A103,1,A123,1,A143,A153,1,A174,1,A192,A202,A92,0.501153,POSITIVE
A12,6,A31,A46,10262,A62,A72,3,A102,3,A122,0,A142,A152,1,A174,1,A192,A202,A92,0.499938,NEGATIVE
A12,6,A31,A46,10262,A62,A72,3,A102,3,A122,1,A142,A152,1,A174,1,A192,A202,A92,0.501105,POSITIVE
A13,38,A31,A49,10227,A63,A73,3,A102,3,A123,0,A143,A153,1,A174,1,A192,A202,A92,0.499912,NEGATIVE
A13,38,A31,A49,10227,A63,A73,3,A102,3,A123,1,A143,A153,1,A174,1,A192,A202,A92,0.501080,POSITIVE
A11,31,A30,A45,10197,A61,A71,3,A101,3,A121,0,A141,A151,1,A171,1,A191,A201,A91,0.499613,NEGATIVE
A11,31,A30,A45,10197,A61,A71,3,A101,3,A121,1,A141,A151,1,A171,1,A191,A201,A91,0.500781,POSITIVE
A13,39,A31,A47,10231,A63,A73,1,A103,3,A123,0,A143,A153,1,A174,1,A192,A202,A92,0.499860,NEGATIVE
A13,39,A31,A47,10231,A63,A73,1,A103,3,A123,1,A143,A153,1,A174,1,A192,A202,A92,0.501027,POSITIVE
A11,31,A30,A45,10197,A61,A71,1,A101,3,A121,0,A141,A151,1,A173,1,A191,A201,A91,0.499824,NEGATIVE
A11,31,A30,A45,10197,A61,A71,1,A101,3,A121,1,A141,A151,1,A173,1,A191,A201,A91,0.500990,POSITIVE
A13,39,A31,A46,10231,A63,A73,1,A103,3,A123,0,A143,A153,1,A172,1,A192,A202,A92,0.499931,NEGATIVE
A13,39,A31,A46,10231,A63,A73,1,A103,3,A123,1,A143,A153,1,A172,1,A192,A202,A92,0.501099,POSITIVE
A13,28,A31,A47,10227,A63,A73,3,A103,3,A123,0,A143,A153,1,A174,1,A192,A202,A92,0.499837,NEGATIVE
A13,28,A31,A47,10227,A63,A73,3,A103,3,A123,1,A143,A153,1,A174,1,A192,A202,A92,0.501004,POSITIVE
A11,21,A30,A45,10197,A61,A71,3,A101,3,A121,0,A141,A151,1,A173,1,A191,A201,A91,0.499608,NEGATIVE
A11,21,A30,A45,10197,A61,A71,3,A101,3,A121,1,A141,A151,1,A173,1,A191,A201,A91,0.500775,POSITIVE
A12,27,A31,A46,10223,A62,A72,3,A102,3,A122,0,A142,A152,1,A172,1,A192,A202,A92,0.499924,NEGATIVE
A12,27,A31,A46,10223,A62,A72,3,A102,3,A122,1,A142,A152,1,A172,1,A192,A202,A92,0.501091,POSITIVE
A13,29,A31,A46,10231,A63,A73,1,A103,3,A123,0,A143,A153,1,A174,1,A192,A202,A92,0.499926,NEGATIVE
A13,29,A31,A46,10231,A63,A73,1,A103,3,A123,1,A143,A153,1,A174,1,A192,A202,A92,0.501094,POSITIVE
A13,39,A31,A47,10231,A63,A73,3,A103,1,A123,0,A143,A153,1,A174,1,A192,A202,A92,0.499934,NEGATIVE
A13,39,A31,A47,10231,A63,A73,3,A103,1,A123,1,A143,A153,1,A174,1,A192,A202,A92,0.501101,POSITIVE
A11,31,A30,A45,10197,A61,A71,3,A101,1,A121,0,A141,A151,1,A173,1,A191,A201,A91,0.499896,NEGATIVE
A11,31,A30,A45,10197,A61,A71,3,A101,1,A121,1,A141,A151,1,A173,1,A191,A201,A91,0.501064,POSITIVE
A13,29,A31,A46,10231,A63,A73,3,A103,1,A123,0,A143,A153,1,A174,1,A192,A202,A92,0.499999,NEGATIVE
A13,29,A31,A46,10231,A63,A73,3,A103,1,A123,1,A143,A153,1,A174,1,A192,A202,A92,0.501166,POSITIVE
A13,38,A31,A47,10188,A63,A73,3,A103,3,A123,0,A143,A153,1,A174,1,A192,A202,A92,0.499849,NEGATIVE
A13,38,A31,A47,10188,A63,A73,3,A103,3,A123,1,A143,A153,1,A174,1,A192,A202,A92,0.501016,POSITIVE
A11,31,A30,A45,10158,A61,A71,3,A101,3,A121,0,A141,A151,1,A173,1,A191,A201,A91,0.499620,NEGATIVE
A11,31,A30,A45,10158,A61,A71,3,A101,3,A121,1,A141,A151,1,A173,1,A191,A201,A91,0.500787,POSITIVE
A12,37,A31,A46,10184,A62,A72,3,A102,3,A122,0,A142,A152,1,A172,1,A192,A202,A92,0.499936,NEGATIVE
A12,37,A31,A46,10184,A62,A72,3,A102,3,A122,1,A142,A152,1,A172,1,A192,A202,A92,0.501102,POSITIVE
A13,39,A31,A46,10192,A63,A73,1,A103,3,A123,0,A143,A153,1,A174,1,A192,A202,A92,0.499938,NEGATIVE
A13,39,A31,A46,10192,A63,A73,1,A103,3,A123,1,A143,A153,1,A174,1,A192,A202,A92,0.501105,POSITIVE
A12,27,A31,A46,10184,A62,A72,3,A102,3,A122,0,A142,A152,1,A174,1,A192,A202,A92,0.499930,NEGATIVE
A12,27,A31,A46,10184,A62,A72,3,A102,3,A122,1,A142,A152,1,A174,1,A192,A202,A92,0.501097,POSITIVE
A12,17,A31,A46,10223,A62,A72,3,A102,3,A122,0,A142,A152,1,A174,1,A192,A202,A92,0.499919,NEGATIVE
A12,17,A31,A46,10223,A62,A72,3,A102,3,A122,1,A142,A152,1,A174,1,A192,A202,A92,0.501086,POSITIVE
A11,31,A32,A43,10275,A61,A71,3,A103,3,A121,0,A141,A151,3,A171,1,A191,A201,A91,0.499466,NEGATIVE
A11,31,A32,A43,10275,A61,A71,3,A103,3,A121,1,A141,A151,3,A171,1,A191,A201,A91,0.500633,POSITIVE
A11,31,A32,A43,10275,A61,A71,1,A103,3,A121,0,A141,A151,3,A173,1,A191,A201,A91,0.499676,NEGATIVE
A11,31,A32,A43,10275,A61,A71,1,A103,3,A121,1,A141,A151,3,A173,1,A191,A201,A91,0.500844,POSITIVE
A11,31,A32,A43,10275,A61,A71,1,A101,3,A121,0,A141,A151,3,A171,1,A191,A201,A91,0.499526,NEGATIVE
A11,31,A32,A43,10275,A61,A71,1,A101,3,A121,1,A141,A151,3,A171,1,A191,A201,A91,0.500693,POSITIVE
A11,31,A30,A43,10275,A61,A71,1,A103,3,A121,0,A141,A151,3,A171,1,A191,A201,A91,0.499215,NEGATIVE
A11,31,A30,A43,10275,A61,A71,1,A103,3,A121,1,A141,A151,3,A171,1,A191,A201,A91,0.500383,POSITIVE
A11,31,A32,A43,10275,A61,A71,1,A103,3,A121,0,A141,A151,1,A171,1,A191,A201,A91,0.499698,NEGATIVE
A11,31,A32,A43,10275,A61,A71,1,A103,3,A121,1,A141,A151,1,A171,1,A191,A201,A91,0.500865,POSITIVE
A11,21,A32,A43,10275,A61,A71,3,A103,3,A121,0,A141,A151,3,A173,1,A191,A201,A91,0.499460,NEGATIVE
A11,21,A32,A43,10275,A61,A71,3,A103,3,A121,1,A141,A151,3,A173,1,A191,A201,A91,0.500628,POSITIVE
A11,21,A32,A43,10275,A61,A71,3,A101,3,A121,0,A141,A151,3,A171,1,A191,A201,A91,0.499310,NEGATIVE
A11,21,A32,A43,10275,A61,A71,3,A101,3,A121,1,A141,A151,3,A171,1,A191,A201,A91,0.500476,POSITIVE
A11,21,A30,A43,10275,A61,A71,3,A103,3,A121,0,A141,A151,3,A171,1,A191,A201,A91,0.499000,NEGATIVE
A11,21,A30,A43,10275,A61,A71,3,A103,3,A121,1,A141,A151,3,A171,1,A191,A201,A91,0.500167,POSITIVE
A11,21,A32,A43,10275,A61,A71,3,A103,3,A121,0,A141,A151,1,A171,1,A191,A201,A91,0.499482,NEGATIVE
A11,21,A32,A43,10275,A61,A71,3,A103,3,A121,1,A141,A151,1,A171,1,A191,A201,A91,0.500650,POSITIVE
A11,21,A32,A43,10275,A61,A71,1,A101,3,A121,0,A141,A151,3,A173,1,A191,A201,A91,0.499520,NEGATIVE
A11,21,A32,A43,10275,A61,A71,1,A101,3,A121,1,A141,A151,3,A173,1,A191,A201,A91,0.500687,POSITIVE
A11,21,A30,A43,10275,A61,A71,1,A103,3,A121,0,A141,A151,3,A173,1,A191,A201,A91,0.499210,NEGATIVE
A11,21,A30,A43,10275,A61,A71,1,A103,3,A121,1,A141,A151,3,A173,1,A191,A201,A91,0.500377,POSITIVE
A11,21,A32,A43,10275,A61,A71,1,A103,3,A121,0,A141,A151,1,A173,1,A191,A201,A91,0.499693,NEGATIVE
A11,21,A32,A43,10275,A61,A71,1,A103,3,A121,1,A141,A151,1,A173,1,A191,A201,A91,0.500859,POSITIVE
A11,21,A30,A43,10275,A61,A71,1,A101,3,A121,0,A141,A151,3,A171,1,A191,A201,A91,0.499059,NEGATIVE
A11,21,A30,A43,10275,A61,A71,1,A101,3,A121,1,A141,A151,3,A171,1,A191,A201,A91,0.500226,POSITIVE
A11,21,A32,A43,10275,A61,A71,1,A101,3,A121,0,A141,A151,1,A171,1,A191,A201,A91,0.499542,NEGATIVE
A11,21,A32,A43,10275,A61,A71,1,A101,3,A121,1,A141,A151,1,A171,1,A191,A201,A91,0.500709,POSITIVE
A11,21,A30,A43,10275,A61,A71,1,A103,3,A121,0,A141,A151,1,A171,1,A191,A201,A91,0.499232,NEGATIVE
A11,21,A30,A43,10275,A61,A71,1,A103,3,A121,1,A141,A151,1,A171,1,A191,A201,A91,0.500399,POSITIVE
A11,31,A32,A43,10275,A61,A71,3,A103,1,A121,0,A141,A151,3,A173,1,A191,A201,A91,0.499750,NEGATIVE
A11,31,A32,A43,10275,A61,A71,3,A103,1,A121,1,A141,A151,3,A173,1,A191,A201,A91,0.500917,POSITIVE
A11,31,A32,A43,10275,A61,A71,3,A101,1,A121,0,A141,A151,3,A171,1,A191,A201,A91,0.499599,NEGATIVE
A11,31,A32,A43,10275,A61,A71,3,A101,1,A121,1,A141,A151,3,A171,1,A191,A201,A91,0.500766,POSITIVE
A11,31,A30,A43,10275,A61,A71,3,A103,1,A121,0,A141,A151,3,A171,1,A191,A201,A91,0.499288,NEGATIVE
A11,31,A30,A43,10275,A61,A71,3,A103,1,A121,1,A141,A151,3,A171,1,A191,A201,A91,0.500456,POSITIVE
A11,31,A32,A43,10275,A61,A71,3,A103,1,A121,0,A141,A151,1,A171,1,A191,A201,A91,0.499771,NEGATIVE
A11,31,A32,A43,10275,A61,A71,3,A103,1,A121,1,A141,A151,1,A171,1,A191,A201,A91,0.500938,POSITIVE
A11,31,A32,A43,10275,A61,A71,1,A101,1,A121,0,A141,A151,3,A173,1,A191,A201,A91,0.499809,NEGATIVE
A11,31,A32,A43,10275,A61,A71,1,A101,1,A121,1,A141,A151,3,A173,1,A191,A201,A91,0.500976,POSITIVE
A11,31,A30,A43,10275,A61,A71,1,A103,1,A121,0,A141,A151,3,A173,1,A191,A201,A91,0.499499,NEGATIVE
A11,31,A30,A43,10275,A61,A71,1,A103,1,A121,1,A141,A151,3,A173,1,A191,A201,A91,0.500666,POSITIVE
A11,31,A32,A43,10275,A61,A71,1,A103,1,A121,0,A141,A151,1,A173,1,A191,A201,A91,0.499981,NEGATIVE
A11,31,A32,A43,10275,A61,A71,1,A103,1,A121,1,A141,A151,1,A173,1,A191,A201,A91,0.501149,POSITIVE
A12,37,A31,A44,10301,A62,A72,1,A102,1,A122,0,A142,A152,3,A172,1,A192,A202,A92,0.498841,NEGATIVE
A12,37,A31,A44,10301,A62,A72,1,A102,1,A122,1,A142,A152,3,A172,1,A192,A202,A92,0.500009,POSITIVE
A11,21,A30,A43,10275,A61,A71,1,A101,1,A121,0,A141,A151,1,A171,1,A191,A201,A91,0.499365,NEGATIVE
A11,21,A30,A43,10275,A61,A71,1,A101,1,A121,1,A141,A151,1,A171,1,A191,A201,A91,0.500532,POSITIVE
A11,31,A32,A43,10236,A61,A71,3,A103,3,A121,0,A141,A151,3,A173,1,A191,A201,A91,0.499473,NEGATIVE
A11,31,A32,A43,10236,A61,A71,3,A103,3,A121,1,A141,A151,3,A173,1,A191,A201,A91,0.500640,POSITIVE
A11,31,A32,A43,10236,A61,A71,3,A101,3,A121,0,A141,A151,3,A171,1,A191,A201,A91,0.499322,NEGATIVE
A11,31,A32,A43,10236,A61,A71,3,A101,3,A121,1,A141,A151,3,A171,1,A191,A201,A91,0.500489,POSITIVE
A11,31,A30,A43,10236,A61,A71,3,A103,3,A121,0,A141,A151,3,A171,1,A191,A201,A91,0.499012,NEGATIVE
A11,31,A30,A43,10236,A61,A71,3,A103,3,A121,1,A141,A151,3,A171,1,A191,A201,A91,0.500179,POSITIVE
A11,31,A32,A43,10236,A61,A71,3,A103,3,A121,0,A141,A151,1,A171,1,A191,A201,A91,0.499495,NEGATIVE
A11,31,A32,A43,10236,A61,A71,3,A103,3,A121,1,A141,A151,1,A171,1,A191,A201,A91,0.500661,POSITIVE
A11,31,A32,A43,10236,A61,A71,1,A101,3,A121,0,A141,A151,3,A173,1,A191,A201,A91,0.499532,NEGATIVE
A11,31,A32,A43,10236,A61,A71,1,A101,3,A121,1,A141,A151,3,A173,1,A191,A201,A91,0.500699,POSITIVE
A11,31,A30,A43,10236,A61,A71,1,A103,3,A121,0,A141,A151,3,A173,1,A191,A201,A91,0.499222,NEGATIVE
A11,31,A30,A43,10236,A61,A71,1,A103,3,A121,1,A141,A151,3,A173,1,A191,A201,A91,0.500389,POSITIVE
A11,31,A32,A43,10236,A61,A71,1,A103,3,A121,0,A141,A151,1,A173,1,A191,A201,A91,0.499705,NEGATIVE
A11,31,A32,A43,10236,A61,A71,1,A103,3,A121,1,A141,A151,1,A173,1,A191,A201,A91,0.500872,POSITIVE
A11,31,A30,A43,10236,A61,A71,1,A101,3,A121,0,A141,A151,3,A171,1,A191,A201,A91,0.499071,NEGATIVE
A11,31,A30,A43,10236,A61,A71,1,A101,3,A121,1,A141,A151,3,A171,1,A191,A201,A91,0.500239,POSITIVE
A11,31,A32,A43,10236,A61,A71,1,A101,3,A121,0,A141,A151,1,A171,1,A191,A201,A91,0.499554,NEGATIVE
A11,31,A32,A43,10236,A61,A71,1,A101,3,A121,1,A141,A151,1,A171,1,A191,A201,A91,0.500721,POSITIVE
A11,31,A30,A43,10236,A61,A71,1,A103,3,A121,0,A141,A151,1,A171,1,A191,A201,A91,0.499244,NEGATIVE
A11,31,A30,A43,10236,A61,A71,1,A103,3,A121,1,A141,A151,1,A171,1,A191,A201,A91,0.500411,POSITIVE
A11,21,A30,A43,10236,A61,A71,1,A101,3,A121,0,A141,A151,1,A171,1,A191,A201,A91,0.499088,NEGATIVE
A11,21,A30,A43,10236,A61,A71,1,A101,3,A121,1,A141,A151,1,A171,1,A191,A201,A91,0.500255,POSITIVE
A11,31,A30,A43,10236,A61,A71,1,A101,1,A121,0,A141,A151,1,A171,1,A191,A201,A91,0.499376,NEGATIVE
A11,31,A30,A43,10236,A61,A71,1,A101,1,A121,1,A141,A151,1,A171,1,A191,A201,A91,0.500544,POSITIVE
A12,23,A31,A43,10247,A62,A72,1,A102,1,A122,0,A142,A152,1,A172,1,A191,A201,A91,0.499945,NEGATIVE
A12,23,A31,A43,10247,A62,A72,1,A102,1,A122,1,A142,A152,1,A172,1,A191,A201,A91,0.501112,POSITIVE
A11,21,A32,A42,10275,A61,A71,1,A101,3,A121,0,A141,A151,3,A171,1,A191,A201,A91,0.499679,NEGATIVE
A11,21,A32,A42,10275,A61,A71,1,A101,3,A121,1,A141,A151,3,A171,1,A191,A201,A91,0.500846,POSITIVE
A11,31,A32,A42,10275,A61,A71,1,A101,1,A121,0,A141,A151,3,A173,1,A191,A201,A91,0.498926,NEGATIVE
A11,31,A32,A42,10275,A61,A71,1,A101,1,A121,1,A141,A151,3,A173,1,A191,A201,A91,0.500093,POSITIVE
A11,31,A32,A42,10275,A61,A71,1,A101,1,A121,0,A141,A151,3,A171,1,A191,A201,A91,0.499968,NEGATIVE
A11,31,A32,A42,10275,A61,A71,1,A101,1,A121,1,A141,A151,3,A171,1,A191,A201,A91,0.501135,POSITIVE
A11,31,A32,A42,10275,A61,A71,1,A101,1,A121,0,A141,A151,1,A171,1,A191,A201,A91,0.498948,NEGATIVE
A11,31,A32,A42,10275,A61,A71,1,A101,1,A121,1,A141,A151,1,A171,1,A191,A201,A91,0.500115,POSITIVE
A11,21,A32,A42,10275,A61,A71,3,A101,1,A121,0,A141,A151,3,A171,1,A191,A201,A91,0.499752,NEGATIVE
A11,21,A32,A42,10275,A61,A71,3,A101,1,A121,1,A141,A151,3,A171,1,A191,A201,A91,0.500920,POSITIVE
A11,21,A32,A42,10275,A61,A71,1,A101,1,A121,0,A141,A151,3,A173,1,A191,A201,A91,0.499962,NEGATIVE
A11,21,A32,A42,10275,A61,A71,1,A101,1,A121,1,A141,A151,3,A173,1,A191,A201,A91,0.501130,POSITIVE
A11,21,A32,A42,10275,A61,A71,1,A101,1,A121,0,A141,A151,1,A173,1,A191,A201,A91,0.498942,NEGATIVE
A11,21,A32,A42,10275,A61,A71,1,A101,1,A121,1,A141,A151,1,A173,1,A191,A201,A91,0.500110,POSITIVE
A11,21,A30,A42,10275,A61,A71,1,A101,1,A121,0,A141,A151,3,A171,1,A191,A201,A91,0.499502,NEGATIVE
A11,21,A30,A42,10275,A61,A71,1,A101,1,A121,1,A141,A151,3,A171,1,A191,A201,A91,0.500669,POSITIVE
A11,21,A32,A42,10275,A61,A71,1,A101,1,A121,0,A141,A151,1,A171,1,A191,A201,A91,0.499985,NEGATIVE
A11,21,A32,A42,10275,A61,A71,1,A101,1,A121,1,A141,A151,1,A171,1,A191,A201,A91,0.501151,POSITIVE
A11,21,A32,A40,10275,A61,A71,1,A101,1,A121,0,A141,A151,3,A171,1,A191,A201,A91,0.499239,NEGATIVE
A11,21,A32,A40,10275,A61,A71,1,A101,1,A121,1,A141,A151,3,A171,1,A191,A201,A91,0.500406,POSITIVE
A11,31,A32,A42,10236,A61,A71,1,A101,3,A121,0,A141,A151,3,A171,1,A191,A201,A91,0.499691,NEGATIVE
A11,31,A32,A42,10236,A61,A71,1,A101,3,A121,1,A141,A151,3,A171,1,A191,A201,A91,0.500858,POSITIVE
A11,21,A32,A42,10236,A61,A71,3,A101,3,A121,0,A141,A151,3,A171,1,A191,A201,A91,0.499476,NEGATIVE
A11,21,A32,A42,10236,A61,A71,3,A101,3,A121,1,A141,A151,3,A171,1,A191,A201,A91,0.500643,POSITIVE
A11,21,A32,A42,10236,A61,A71,1,A101,3,A121,0,A141,A151,3,A173,1,A191,A201,A91,0.499686,NEGATIVE
A11,21,A32,A42,10236,A61,A71,1,A101,3,A121,1,A141,A151,3,A173,1,A191,A201,A91,0.500853,POSITIVE
A11,21,A30,A42,10236,A61,A71,1,A101,3,A121,0,A141,A151,3,A171,1,A191,A201,A91,0.499226,NEGATIVE
A11,21,A30,A42,10236,A61,A71,1,A101,3,A121,1,A141,A151,3,A171,1,A191,A201,A91,0.500393,POSITIVE
A11,21,A32,A42,10236,A61,A71,1,A101,3,A121,0,A141,A151,1,A171,1,A191,A201,A91,0.499708,NEGATIVE
A11,21,A32,A42,10236,A61,A71,1,A101,3,A121,1,A141,A151,1,A171,1,A191,A201,A91,0.500875,POSITIVE
A11,21,A32,A40,10236,A61,A71,1,A101,3,A121,0,A141,A151,3,A171,1,A191,A201,A91,0.498962,NEGATIVE
A11,21,A32,A40,10236,A61,A71,1,A101,3,A121,1,A141,A151,3,A171,1,A191,A201,A91,0.500129,POSITIVE
A11,31,A32,A42,10236,A61,A71,3,A101,1,A121,0,A141,A151,3,A171,1,A191,A201,A91,0.499764,NEGATIVE
A11,31,A32,A42,10236,A61,A71,3,A101,1,A121,1,A141,A151,3,A171,1,A191,A201,A91,0.500931,POSITIVE
A11,31,A32,A42,10236,A61,A71,1,A101,1,A121,0,A141,A151,3,A173,1,A191,A201,A91,0.499974,NEGATIVE
A11,31,A32,A42,10236,A61,A71,1,A101,1,A121,1,A141,A151,3,A173,1,A191,A201,A91,0.501141,POSITIVE
A11,31,A32,A42,10236,A61,A71,1,A101,1,A121,0,A141,A151,1,A173,1,A191,A201,A91,0.498954,NEGATIVE
A11,31,A32,A42,10236,A61,A71,1,A101,1,A121,1,A141,A151,1,A173,1,A191,A201,A91,0.500122,POSITIVE
A11,31,A30,A42,10236,A61,A71,1,A101,1,A121,0,A141,A151,3,A171,1,A191,A201,A91,0.499514,NEGATIVE
A11,31,A30,A42,10236,A61,A71,1,A101,1,A121,1,A141,A151,3,A171,1,A191,A201,A91,0.500681,POSITIVE
A11,31,A32,A42,10236,A61,A71,1,A101,1,A121,0,A141,A151,1,A171,1,A191,A201,A91,0.499996,NEGATIVE
A11,31,A32,A42,10236,A61,A71,1,A101,1,A121,1,A141,A151,1,A171,1,A191,A201,A91,0.501164,POSITIVE
A11,31,A32,A40,10236,A61,A71,1,A101,1,A121,0,A141,A151,3,A171,1,A191,A201,A91,0.499251,NEGATIVE
A11,31,A32,A40,10236,A61,A71,1,A101,1,A121,1,A141,A151,3,A171,1,A191,A201,A91,0.500418,POSITIVE
A11,21,A32,A42,10236,A61,A71,3,A101,1,A121,0,A141,A151,3,A173,1,A191,A201,A91,0.499759,NEGATIVE
A11,21,A32,A42,10236,A61,A71,3,A101,1,A121,1,A141,A151,3,A173,1,A191,A201,A91,0.500926,POSITIVE
A11,21,A30,A42,10236,A61,A71,3,A101,1,A121,0,A141,A151,3,A171,1,A191,A201,A91,0.499299,NEGATIVE
A11,21,A30,A42,10236,A61,A71,3,A101,1,A121,1,A141,A151,3,A171,1,A191,A201,A91,0.500466,POSITIVE
A11,21,A32,A42,10236,A61,A71,3,A101,1,A121,0,A141,A151,1,A171,1,A191,A201,A91,0.499781,NEGATIVE
A11,21,A32,A42,10236,A61,A71,3,A101,1,A121,1,A141,A151,1,A171,1,A191,A201,A91,0.500948,POSITIVE
A11,21,A32,A40,10236,A61,A71,3,A101,1,A121,0,A141,A151,3,A171,1,A191,A201,A91,0.499035,NEGATIVE
A11,21,A32,A40,10236,A61,A71,3,A101,1,A121,1,A141,A151,3,A171,1,A191,A201,A91,0.500202,POSITIVE
A11,21,A30,A42,10236,A61,A71,1,A101,1,A121,0,A141,A151,1,A171,1,A191,A201,A91,0.499530,NEGATIVE
A11,21,A30,A42,10236,A61,A71,1,A101,1,A121,1,A141,A151,1,A171,1,A191,A201,A91,0.500698,POSITIVE
A11,21,A32,A40,10236,A61,A71,1,A101,1,A121,0,A141,A151,3,A173,1,A191,A201,A91,0.499245,NEGATIVE
A11,21,A32,A40,10236,A61,A71,1,A101,1,A121,1,A141,A151,3,A173,1,A191,A201,A91,0.500413,POSITIVE
A11,22,A32,A40,10243,A61,A71,1,A101,1,A121,0,A141,A151,3,A171,1,A191,A201,A91,0.499930,NEGATIVE
A11,22,A32,A40,10243,A61,A71,1,A101,1,A121,1,A141,A151,3,A171,1,A191,A201,A91,0.501097,POSITIVE
A11,21,A32,A40,10236,A61,A71,1,A101,1,A121,0,A141,A151,1,A171,1,A191,A201,A91,0.499267,NEGATIVE
A11,21,A32,A40,10236,A61,A71,1,A101,1,A121,1,A141,A151,1,A171,1,A191,A201,A91,0.500434,POSITIVE
A11,11,A30,A43,10275,A61,A71,1,A101,3,A121,0,A141,A151,1,A171,1,A191,A201,A91,0.499076,NEGATIVE
A11,11,A30,A43,10275,A61,A71,1,A101,3,A121,1,A141,A151,1,A171,1,A191,A201,A91,0.500243,POSITIVE
A12,13,A31,A43,10286,A62,A72,1,A102,1,A122,0,A142,A152,1,A172,1,A191,A201,A91,0.499933,NEGATIVE
A12,13,A31,A43,10286,A62,A72,1,A102,1,A122,1,A142,A152,1,A172,1,A191,A201,A91,0.501100,POSITIVE
A11,11,A30,A43,10239,A61,A71,1,A101,3,A121,0,A141,A151,1,A171,1,A191,A201,A91,0.499969,NEGATIVE
A11,11,A30,A43,10239,A61,A71,1,A101,3,A121,1,A141,A151,1,A171,1,A191,A201,A91,0.501135,POSITIVE
A12,17,A31,A44,10262,A62,A72,3,A102,1,A122,0,A142,A152,3,A173,1,A192,A202,A92,0.499982,NEGATIVE
A12,17,A31,A44,10262,A62,A72,3,A102,1,A122,1,A142,A152,3,A173,1,A192,A202,A92,0.501149,POSITIVE
A13,19,A31,A44,10270,A63,A73,1,A102,1,A123,0,A143,A153,3,A174,1,A192,A202,A92,0.499957,NEGATIVE
A13,19,A31,A44,10270,A63,A73,1,A102,1,A123,1,A143,A153,3,A174,1,A192,A202,A92,0.501125,POSITIVE
A13,19,A32,A44,10270,A63,A73,1,A102,1,A123,0,A143,A153,1,A174,1,A192,A202,A92,0.499763,NEGATIVE
A13,19,A32,A44,10270,A63,A73,1,A102,1,A123,1,A143,A153,1,A174,1,A192,A202,A92,0.500931,POSITIVE
A12,14,A30,A43,10251,A62,A72,1,A102,1,A122,0,A142,A152,1,A173,1,A191,A201,A91,0.499993,NEGATIVE
A12,14,A30,A43,10251,A62,A72,1,A102,1,A122,1,A142,A152,1,A173,1,A191,A201,A91,0.501160,POSITIVE
A13,19,A31,A44,10270,A63,A73,1,A102,1,A123,0,A143,A153,1,A172,1,A192,A202,A92,0.499979,NEGATIVE
A13,19,A31,A44,10270,A63,A73,1,A102,1,A123,1,A143,A153,1,A172,1,A192,A202,A92,0.501146,POSITIVE
A11,1,A30,A43,10282,A61,A71,1,A101,3,A121,0,A141,A151,1,A172,1,A191,A201,A91,0.499884,NEGATIVE
A11,1,A30,A43,10282,A61,A71,1,A101,3,A121,1,A141,A151,1,A172,1,A191,A201,A91,0.501050,POSITIVE
A13,7,A32,A44,10305,A63,A73,3,A103,1,A123,0,A143,A153,3,A173,1,A192,A202,A92,0.499960,NEGATIVE
A13,7,A32,A44,10305,A63,A73,3,A103,1,A123,1,A143,A153,3,A173,1,A192,A202,A92,0.501127,POSITIVE
A13,8,A31,A44,10309,A63,A73,1,A102,1,A123,0,A143,A153,3,A174,1,A192,A202,A92,0.499956,NEGATIVE
A13,8,A31,A44,10309,A63,A73,1,A102,1,A123,1,A143,A153,3,A174,1,A192,A202,A92,0.501123,POSITIVE
A13,8,A32,A44,10309,A63,A73,1,A102,1,A123,0,A143,A153,1,A174,1,A192,A202,A92,0.499762,NEGATIVE
A13,8,A32,A44,10309,A63,A73,1,A102,1,A123,1,A143,A153,1,A174,1,A192,A202,A92,0.500929,POSITIVE
A12,5,A31,A44,10294,A62,A72,1,A102,1,A122,0,A142,A152,1,A174,1,A192,A202,A92,0.499929,NEGATIVE
A12,5,A31,A44,10294,A62,A72,1,A102,1,A122,1,A142,A152,1,A174,1,A192,A202,A92,0.501096,POSITIVE
A13,8,A31,A44,10309,A63,A73,1,A102,1,A123,0,A143,A153,1,A172,1,A192,A202,A92,0.499977,NEGATIVE
A13,8,A31,A44,10309,A63,A73,1,A102,1,A123,1,A143,A153,1,A172,1,A192,A202,A92,0.501145,POSITIVE
A13,7,A32,A44,10266,A63,A73,3,A103,3,A123,0,A143,A153,3,A173,1,A192,A202,A92,0.499934,NEGATIVE
A13,7,A32,A44,10266,A63,A73,3,A103,3,A123,1,A143,A153,3,A173,1,A192,A202,A92,0.501101,POSITIVE
A13,7,A31,A44,10266,A63,A73,3,A102,1,A123,0,A143,A153,3,A174,1,A192,A202,A92,0.499926,NEGATIVE
A13,7,A31,A44,10266,A63,A73,3,A102,1,A123,1,A143,A153,3,A174,1,A192,A202,A92,0.501093,POSITIVE
A13,7,A32,A44,10266,A63,A73,3,A103,1,A123,0,A143,A153,1,A174,1,A192,A202,A92,0.499984,NEGATIVE
A13,7,A32,A44,10266,A63,A73,3,A103,1,A123,1,A143,A153,1,A174,1,A192,A202,A92,0.501151,POSITIVE
A13,7,A31,A44,10266,A63,A73,3,A102,1,A123,0,A143,A153,1,A172,1,A192,A202,A92,0.499948,NEGATIVE
A13,7,A31,A44,10266,A63,A73,3,A102,1,A123,1,A143,A153,1,A172,1,A192,A202,A92,0.501115,POSITIVE
A13,8,A31,A44,10270,A63,A73,1,A102,1,A123,0,A143,A153,1,A174,1,A192,A202,A92,0.499984,NEGATIVE
A13,8,A31,A44,10270,A63,A73,1,A102,1,A123,1,A143,A153,1,A174,1,A192,A202,A92,0.501151,POSITIVE
A11,11,A32,A42,10275,A61,A71,3,A101,3,A121,0,A141,A151,3,A171,1,A191,A201,A91,0.499464,NEGATIVE
A11,11,A32,A42,10275,A61,A71,3,A101,3,A121,1,A141,A151,3,A171,1,A191,A201,A91,0.500631,POSITIVE
A11,11,A32,A42,10275,A61,A71,1,A101,3,A121,0,A141,A151,3,A173,1,A191,A201,A91,0.499674,NEGATIVE
A11,11,A32,A42,10275,A61,A71,1,A101,3,A121,1,A141,A151,3,A173,1,A191,A201,A91,0.500841,POSITIVE
A11,11,A30,A42,10275,A61,A71,1,A101,3,A121,0,A141,A151,3,A171,1,A191,A201,A91,0.499213,NEGATIVE
A11,11,A30,A42,10275,A61,A71,1,A101,3,A121,1,A141,A151,3,A171,1,A191,A201,A91,0.500380,POSITIVE
A11,11,A32,A42,10275,A61,A71,1,A101,3,A121,0,A141,A151,1,A171,1,A191,A201,A91,0.499696,NEGATIVE
A11,11,A32,A42,10275,A61,A71,1,A101,3,A121,1,A141,A151,1,A171,1,A191,A201,A91,0.500863,POSITIVE
A11,11,A32,A40,10275,A61,A71,1,A101,3,A121,0,A141,A151,3,A171,1,A191,A201,A91,0.498950,NEGATIVE
A11,11,A32,A40,10275,A61,A71,1,A101,3,A121,1,A141,A151,3,A171,1,A191,A201,A91,0.500118,POSITIVE
A11,11,A32,A42,10275,A61,A71,3,A101,1,A121,0,A141,A151,3,A173,1,A191,A201,A91,0.499747,NEGATIVE
A11,11,A32,A42,10275,A61,A71,3,A101,1,A121,1,A141,A151,3,A173,1,A191,A201,A91,0.500914,POSITIVE
A11,11,A30,A42,10275,A61,A71,3,A101,1,A121,0,A141,A151,3,A171,1,A191,A201,A91,0.499287,NEGATIVE
A11,11,A30,A42,10275,A61,A71,3,A101,1,A121,1,A141,A151,3,A171,1,A191,A201,A91,0.500454,POSITIVE
A11,11,A32,A42,10275,A61,A71,3,A101,1,A121,0,A141,A151,1,A171,1,A191,A201,A91,0.499769,NEGATIVE
A11,11,A32,A42,10275,A61,A71,3,A101,1,A121,1,A141,A151,1,A171,1,A191,A201,A91,0.500936,POSITIVE
A11,11,A32,A40,10275,A61,A71,3,A101,1,A121,0,A141,A151,3,A171,1,A191,A201,A91,0.499024,NEGATIVE
A11,11,A32,A40,10275,A61,A71,3,A101,1,A121,1,A141,A151,3,A171,1,A191,A201,A91,0.500191,POSITIVE
A11,11,A30,A42,10275,A61,A71,1,A101,1,A121,0,A141,A151,1,A171,1,A191,A201,A91,0.499518,NEGATIVE
A11,11,A30,A42,10275,A61,A71,1,A101,1,A121,1,A141,A151,1,A171,1,A191,A201,A91,0.500686,POSITIVE
A11,11,A32,A40,10275,A61,A71,1,A101,1,A121,0,A141,A151,3,A173,1,A191,A201,A91,0.499233,NEGATIVE
A11,11,A32,A40,10275,A61,A71,1,A101,1,A121,1,A141,A151,3,A173,1,A191,A201,A91,0.500401,POSITIVE
A11,12,A32,A40,10282,A61,A71,1,A101,1,A121,0,A141,A151,3,A171,1,A191,A201,A91,0.499918,NEGATIVE
A11,12,A32,A40,10282,A61,A71,1,A101,1,A121,1,A141,A151,3,A171,1,A191,A201,A91,0.501085,POSITIVE
A11,11,A32,A40,10275,A61,A71,1,A101,1,A121,0,A141,A151,1,A171,1,A191,A201,A91,0.499256,NEGATIVE
A11,11,A32,A40,10275,A61,A71,1,A101,1,A121,1,A141,A151,1,A171,1,A191,A201,A91,0.500423,POSITIVE
A11,11,A32,A42,10236,A61,A71,3,A101,3,A121,0,A141,A151,3,A173,1,A191,A201,A91,0.499470,NEGATIVE
A11,11,A32,A42,10236,A61,A71,3,A101,3,A121,1,A141,A151,3,A173,1,A191,A201,A91,0.500638,POSITIVE
A11,11,A30,A42,10236,A61,A71,3,A101,3,A121,0,A141,A151,3,A171,1,A191,A201,A91,0.499010,NEGATIVE
A11,11,A30,A42,10236,A61,A71,3,A101,3,A121,1,A141,A151,3,A171,1,A191,A201,A91,0.500177,POSITIVE
A11,11,A32,A42,10236,A61,A71,3,A101,3,A121,0,A141,A151,1,A171,1,A191,A201,A91,0.499492,NEGATIVE
A11,11,A32,A42,10236,A61,A71,3,A101,3,A121,1,A141,A151,1,A171,1,A191,A201,A91,0.500660,POSITIVE
A11,11,A30,A42,10236,A61,A71,1,A101,3,A121,0,A141,A151,1,A171,1,A191,A201,A91,0.499242,NEGATIVE
A11,11,A30,A42,10236,A61,A71,1,A101,3,A121,1,A141,A151,1,A171,1,A191,A201,A91,0.500409,POSITIVE
A11,11,A32,A40,10236,A61,A71,1,A101,3,A121,0,A141,A151,3,A173,1,A191,A201,A91,0.498957,NEGATIVE
A11,11,A32,A40,10236,A61,A71,1,A101,3,A121,1,A141,A151,3,A173,1,A191,A201,A91,0.500124,POSITIVE
A11,11,A32,A40,10236,A61,A71,1,A101,3,A121,0,A141,A151,3,A171,1,A191,A201,A91,0.499999,NEGATIVE
A11,11,A32,A40,10236,A61,A71,1,A101,3,A121,1,A141,A151,3,A171,1,A191,A201,A91,0.501166,POSITIVE
A11,11,A32,A40,10236,A61,A71,1,A101,3,A121,0,A141,A151,1,A171,1,A191,A201,A91,0.498979,NEGATIVE
A11,11,A32,A40,10236,A61,A71,1,A101,3,A121,1,A141,A151,1,A171,1,A191,A201,A91,0.500146,POSITIVE
A11,11,A30,A42,10236,A61,A71,3,A101,1,A121,0,A141,A151,1,A171,1,A191,A201,A91,0.499315,NEGATIVE
A11,11,A30,A42,10236,A61,A71,3,A101,1,A121,1,A141,A151,1,A171,1,A191,A201,A91,0.500482,POSITIVE
A11,11,A32,A40,10236,A61,A71,3,A101,1,A121,0,A141,A151,3,A173,1,A191,A201,A91,0.499030,NEGATIVE
A11,11,A32,A40,10236,A61,A71,3,A101,1,A121,1,A141,A151,3,A173,1,A191,A201,A91,0.500198,POSITIVE
A11,11,A32,A40,10239,A61,A71,3,A101,1,A121,0,A141,A151,3,A171,1,A191,A201,A91,0.499893,NEGATIVE
A11,11,A32,A40,10239,A61,A71,3,A101,1,A121,1,A141,A151,3,A171,1,A191,A201,A91,0.501060,POSITIVE
A11,11,A32,A40,10236,A61,A71,3,A101,1,A121,0,A141,A151,1,A171,1,A191,A201,A91,0.499052,NEGATIVE
A11,11,A32,A40,10236,A61,A71,3,A101,1,A121,1,A141,A151,1,A171,1,A191,A201,A91,0.500219,POSITIVE
A11,11,A30,A40,10239,A61,A71,1,A101,1,A121,0,A141,A151,1,A171,1,A191,A201,A91,0.498859,NEGATIVE
A11,11,A30,A40,10239,A61,A71,1,A101,1,A121,1,A141,A151,1,A171,1,A191,A201,A91,0.500026,POSITIVE
A11,0,A32,A42,10275,A61,A71,3,A101,3,A121,0,A141,A151,3,A173,1,A191,A201,A91,0.499562,NEGATIVE
A11,0,A32,A42,10275,A61,A71,3,A101,3,A121,1,A141,A151,3,A173,1,A191,A201,A91,0.500729,POSITIVE
A11,0,A30,A42,10275,A61,A71,3,A101,3,A121,0,A141,A151,3,A171,1,A191,A201,A91,0.499101,NEGATIVE
A11,0,A30,A42,10275,A61,A71,3,A101,3,A121,1,A141,A151,3,A171,1,A191,A201,A91,0.500268,POSITIVE
A11,0,A32,A42,10275,A61,A71,3,A101,3,A121,0,A141,A151,1,A171,1,A191,A201,A91,0.499585,NEGATIVE
A11,0,A32,A42,10275,A61,A71,3,A101,3,A121,1,A141,A151,1,A171,1,A191,A201,A91,0.500751,POSITIVE
A11,0,A32,A40,10275,A61,A71,3,A101,3,A121,0,A141,A151,3,A171,1,A191,A201,A91,0.498838,NEGATIVE
A11,0,A32,A40,10275,A61,A71,3,A101,3,A121,1,A141,A151,3,A171,1,A191,A201,A91,0.500006,POSITIVE
A11,0,A30,A42,10275,A61,A71,1,A101,3,A121,0,A141,A151,1,A171,1,A191,A201,A91,0.499334,NEGATIVE
A11,0,A30,A42,10275,A61,A71,1,A101,3,A121,1,A141,A151,1,A171,1,A191,A201,A91,0.500501,POSITIVE
A11,0,A32,A40,10275,A61,A71,1,A101,3,A121,0,A141,A151,3,A173,1,A191,A201,A91,0.499049,NEGATIVE
A11,0,A32,A40,10275,A61,A71,1,A101,3,A121,1,A141,A151,3,A173,1,A191,A201,A91,0.500216,POSITIVE
A11,0,A32,A40,10278,A61,A71,1,A101,3,A121,0,A141,A151,3,A171,1,A191,A201,A91,0.499901,NEGATIVE
A11,0,A32,A40,10278,A61,A71,1,A101,3,A121,1,A141,A151,3,A171,1,A191,A201,A91,0.501068,POSITIVE
A11,0,A32,A40,10275,A61,A71,1,A101,3,A121,0,A141,A151,1,A171,1,A191,A201,A91,0.499071,NEGATIVE
A11,0,A32,A40,10275,A61,A71,1,A101,3,A121,1,A141,A151,1,A171,1,A191,A201,A91,0.500238,POSITIVE
A11,0,A30,A40,10275,A61,A71,1,A101,1,A121,0,A141,A151,1,A171,1,A191,A201,A91,0.498893,NEGATIVE
A11,0,A30,A40,10275,A61,A71,1,A101,1,A121,1,A141,A151,1,A171,1,A191,A201,A91,0.500060,POSITIVE
A11,0,A30,A42,10236,A61,A71,3,A101,3,A121,0,A141,A151,1,A171,1,A191,A201,A91,0.499130,NEGATIVE
A11,0,A30,A42,10236,A61,A71,3,A101,3,A121,1,A141,A151,1,A171,1,A191,A201,A91,0.500297,POSITIVE
A11,0,A32,A40,10236,A61,A71,3,A101,3,A121,0,A141,A151,3,A173,1,A191,A201,A91,0.498845,NEGATIVE
A11,0,A32,A40,10236,A61,A71,3,A101,3,A121,1,A141,A151,3,A173,1,A191,A201,A91,0.500012,POSITIVE
A11,0,A32,A40,10236,A61,A71,3,A101,3,A121,0,A141,A151,3,A171,1,A191,A201,A91,0.499887,NEGATIVE
A11,0,A32,A40,10236,A61,A71,3,A101,3,A121,1,A141,A151,3,A171,1,A191,A201,A91,0.501054,POSITIVE
A11,0,A32,A40,10236,A61,A71,3,A101,3,A121,0,A141,A151,1,A171,1,A191,A201,A91,0.498868,NEGATIVE
A11,0,A32,A40,10236,A61,A71,3,A101,3,A121,1,A141,A151,1,A171,1,A191,A201,A91,0.500034,POSITIVE
A12,5,A31,A41,10255,A62,A72,1,A102,3,A122,0,A142,A152,2,A173,1,A192,A202,A92,0.498852,NEGATIVE
A12,5,A31,A41,10255,A62,A72,1,A102,3,A122,1,A142,A152,2,A173,1,A192,A202,A92,0.500020,POSITIVE
A11,0,A30,A40,10236,A61,A71,1,A101,1,A121,0,A141,A151,1,A171,1,A191,A201,A91,0.499942,NEGATIVE
A11,0,A30,A40,10236,A61,A71,1,A101,1,A121,1,A141,A151,1,A171,1,A191,A201,A91,0.501109,POSITIVE
A11,31,A30,A43,10197,A61,A71,1,A101,3,A121,0,A141,A151,1,A171,1,A191,A201,A91,0.499100,NEGATIVE
A11,31,A30,A43,10197,A61,A71,1,A101,3,A121,1,A141,A151,1,A171,1,A191,A201,A91,0.500267,POSITIVE
A11,21,A30,A43,10200,A61,A71,1,A101,3,A121,0,A141,A151,1,A171,1,A191,A201,A91,0.499980,NEGATIVE
A11,21,A30,A43,10200,A61,A71,1,A101,3,A121,1,A141,A151,1,A171,1,A191,A201,A91,0.501148,POSITIVE
A12,33,A31,A43,10208,A62,A72,1,A102,1,A122,0,A142,A152,1,A172,1,A191,A201,A91,0.499957,NEGATIVE
A12,33,A31,A43,10208,A62,A72,1,A102,1,A122,1,A142,A152,1,A172,1,A191,A201,A91,0.501124,POSITIVE
A12,27,A31,A44,10223,A62,A72,3,A102,1,A122,0,A142,A152,3,A173,1,A192,A202,A92,0.499994,NEGATIVE
A12,27,A31,A44,10223,A62,A72,3,A102,1,A122,1,A142,A152,3,A173,1,A192,A202,A92,0.501161,POSITIVE
A13,29,A31,A44,10231,A63,A73,1,A102,1,A123,0,A143,A153,3,A174,1,A192,A202,A92,0.499969,NEGATIVE
A13,29,A31,A44,10231,A63,A73,1,A102,1,A123,1,A143,A153,3,A174,1,A192,A202,A92,0.501136,POSITIVE
A13,29,A32,A44,10231,A63,A73,1,A102,1,A123,0,A143,A153,1,A174,1,A192,A202,A92,0.499775,NEGATIVE
A13,29,A32,A44,10231,A63,A73,1,A102,1,A123,1,A143,A153,1,A174,1,A192,A202,A92,0.500943,POSITIVE
A12,25,A31,A44,10216,A62,A72,1,A102,1,A122,0,A142,A152,1,A174,1,A192,A202,A92,0.499901,NEGATIVE
A12,25,A31,A44,10216,A62,A72,1,A102,1,A122,1,A142,A152,1,A174,1,A192,A202,A92,0.501068,POSITIVE
A13,29,A31,A44,10231,A63,A73,1,A102,1,A123,0,A143,A153,1,A172,1,A192,A202,A92,0.499991,NEGATIVE
A13,29,A31,A44,10231,A63,A73,1,A102,1,A123,1,A143,A153,1,A172,1,A192,A202,A92,0.501158,POSITIVE
A11,31,A30,A43,10161,A61,A71,1,A101,3,A121,0,A141,A151,1,A171,1,A191,A201,A91,0.499992,NEGATIVE
A11,31,A30,A43,10161,A61,A71,1,A101,3,A121,1,A141,A151,1,A171,1,A191,A201,A91,0.501160,POSITIVE
A13,28,A32,A44,10188,A63,A73,3,A103,3,A123,0,A143,A153,3,A173,1,A192,A202,A92,0.499936,NEGATIVE
A13,28,A32,A44,10188,A63,A73,3,A103,3,A123,1,A143,A153,3,A173,1,A192,A202,A92,0.501104,POSITIVE
A13,38,A32,A44,10188,A63,A73,3,A103,1,A123,0,A143,A153,3,A173,1,A192,A202,A92,0.499975,NEGATIVE
A13,38,A32,A44,10188,A63,A73,3,A103,1,A123,1,A143,A153,3,A173,1,A192,A202,A92,0.501142,POSITIVE
A13,39,A31,A44,10192,A63,A73,1,A102,1,A123,0,A143,A153,3,A174,1,A192,A202,A92,0.499982,NEGATIVE
A13,39,A31,A44,10192,A63,A73,1,A102,1,A123,1,A143,A153,3,A174,1,A192,A202,A92,0.501149,POSITIVE
A13,39,A32,A44,10192,A63,A73,1,A102,1,A123,0,A143,A153,1,A174,1,A192,A202,A92,0.499787,NEGATIVE
A13,39,A32,A44,10192,A63,A73,1,A102,1,A123,1,A143,A153,1,A174,1,A192,A202,A92,0.500954,POSITIVE
A12,35,A31,A44,10177,A62,A72,1,A102,1,A122,0,A142,A152,1,A174,1,A192,A202,A92,0.499913,NEGATIVE
A12,35,A31,A44,10177,A62,A72,1,A102,1,A122,1,A142,A152,1,A174,1,A192,A202,A92,0.501080,POSITIVE
A13,28,A31,A44,10188,A63,A73,3,A102,1,A123,0,A143,A153,3,A174,1,A192,A202,A92,0.499929,NEGATIVE
A13,28,A31,A44,10188,A63,A73,3,A102,1,A123,1,A143,A153,3,A174,1,A192,A202,A92,0.501096,POSITIVE
A13,28,A32,A44,10188,A63,A73,3,A103,1,A123,0,A143,A153,1,A174,1,A192,A202,A92,0.499987,NEGATIVE
A13,28,A32,A44,10188,A63,A73,3,A103,1,A123,1,A143,A153,1,A174,1,A192,A202,A92,0.501154,POSITIVE
A13,28,A31,A44,10188,A63,A73,3,A102,1,A123,0,A143,A153,1,A172,1,A192,A202,A92,0.499951,NEGATIVE
A13,28,A31,A44,10188,A63,A73,3,A102,1,A123,1,A143,A153,1,A172,1,A192,A202,A92,0.501118,POSITIVE
A13,29,A31,A44,10192,A63,A73,1,A102,1,A123,0,A143,A153,1,A174,1,A192,A202,A92,0.499998,NEGATIVE
A13,29,A31,A44,10192,A63,A73,1,A102,1,A123,1,A143,A153,1,A174,1,A192,A202,A92,0.501165,POSITIVE
A11,31,A32,A42,10197,A61,A71,3,A101,3,A121,0,A141,A151,3,A171,1,A191,A201,A91,0.499487,NEGATIVE
A11,31,A32,A42,10197,A61,A71,3,A101,3,A121,1,A141,A151,3,A171,1,A191,A201,A91,0.500655,POSITIVE
A11,31,A32,A42,10197,A61,A71,1,A101,3,A121,0,A141,A151,3,A173,1,A191,A201,A91,0.499698,NEGATIVE
A11,31,A32,A42,10197,A61,A71,1,A101,3,A121,1,A141,A151,3,A173,1,A191,A201,A91,0.500865,POSITIVE
A11,31,A30,A42,10197,A61,A71,1,A101,3,A121,0,A141,A151,3,A171,1,A191,A201,A91,0.499237,NEGATIVE
A11,31,A30,A42,10197,A61,A71,1,A101,3,A121,1,A141,A151,3,A171,1,A191,A201,A91,0.500405,POSITIVE
A11,31,A32,A42,10197,A61,A71,1,A101,3,A121,0,A141,A151,1,A171,1,A191,A201,A91,0.499720,NEGATIVE
A11,31,A32,A42,10197,A61,A71,1,A101,3,A121,1,A141,A151,1,A171,1,A191,A201,A91,0.500887,POSITIVE
A11,31,A32,A40,10197,A61,A71,1,A101,3,A121,0,A141,A151,3,A171,1,A191,A201,A91,0.498974,NEGATIVE
A11,31,A32,A40,10197,A61,A71,1,A101,3,A121,1,A141,A151,3,A171,1,A191,A201,A91,0.500142,POSITIVE
A11,21,A32,A42,10197,A61,A71,3,A101,3,A121,0,A141,A151,3,A173,1,A191,A201,A91,0.499482,NEGATIVE
A11,21,A32,A42,10197,A61,A71,3,A101,3,A121,1,A141,A151,3,A173,1,A191,A201,A91,0.500649,POSITIVE
A11,21,A30,A42,10197,A61,A71,3,A101,3,A121,0,A141,A151,3,A171,1,A191,A201,A91,0.499022,NEGATIVE
A11,21,A30,A42,10197,A61,A71,3,A101,3,A121,1,A141,A151,3,A171,1,A191,A201,A91,0.500189,POSITIVE
A11,21,A32,A42,10197,A61,A71,3,A101,3,A121,0,A141,A151,1,A171,1,A191,A201,A91,0.499505,NEGATIVE
A11,21,A32,A42,10197,A61,A71,3,A101,3,A121,1,A141,A151,1,A171,1,A191,A201,A91,0.500672,POSITIVE
A11,21,A30,A42,10197,A61,A71,1,A101,3,A121,0,A141,A151,1,A171,1,A191,A201,A91,0.499254,NEGATIVE
A11,21,A30,A42,10197,A61,A71,1,A101,3,A121,1,A141,A151,1,A171,1,A191,A201,A91,0.500421,POSITIVE
A11,21,A32,A40,10197,A61,A71,1,A101,3,A121,0,A141,A151,3,A173,1,A191,A201,A91,0.498969,NEGATIVE
A11,21,A32,A40,10197,A61,A71,1,A101,3,A121,1,A141,A151,3,A173,1,A191,A201,A91,0.500136,POSITIVE
A11,21,A32,A40,10200,A61,A71,1,A101,3,A121,0,A141,A151,3,A171,1,A191,A201,A91,0.499831,NEGATIVE
A11,21,A32,A40,10200,A61,A71,1,A101,3,A121,1,A141,A151,3,A171,1,A191,A201,A91,0.500999,POSITIVE
A11,21,A32,A40,10197,A61,A71,1,A101,3,A121,0,A141,A151,1,A171,1,A191,A201,A91,0.498991,NEGATIVE
A11,21,A32,A40,10197,A61,A71,1,A101,3,A121,1,A141,A151,1,A171,1,A191,A201,A91,0.500158,POSITIVE
A11,31,A32,A42,10197,A61,A71,3,A101,1,A121,0,A141,A151,3,A173,1,A191,A201,A91,0.499771,NEGATIVE
A11,31,A32,A42,10197,A61,A71,3,A101,1,A121,1,A141,A151,3,A173,1,A191,A201,A91,0.500938,POSITIVE
A11,31,A30,A42,10197,A61,A71,3,A101,1,A121,0,A141,A151,3,A171,1,A191,A201,A91,0.499310,NEGATIVE
A11,31,A30,A42,10197,A61,A71,3,A101,1,A121,1,A141,A151,3,A171,1,A191,A201,A91,0.500477,POSITIVE
A11,31,A32,A42,10197,A61,A71,3,A101,1,A121,0,A141,A151,1,A171,1,A191,A201,A91,0.499793,NEGATIVE
A11,31,A32,A42,10197,A61,A71,3,A101,1,A121,1,A141,A151,1,A171,1,A191,A201,A91,0.500960,POSITIVE
A11,31,A32,A40,10197,A61,A71,3,A101,1,A121,0,A141,A151,3,A171,1,A191,A201,A91,0.499047,NEGATIVE
A11,31,A32,A40,10197,A61,A71,3,A101,1,A121,1,A141,A151,3,A171,1,A191,A201,A91,0.500214,POSITIVE
A11,31,A30,A42,10197,A61,A71,1,A101,1,A121,0,A141,A151,1,A171,1,A191,A201,A91,0.499542,NEGATIVE
A11,31,A30,A42,10197,A61,A71,1,A101,1,A121,1,A141,A151,1,A171,1,A191,A201,A91,0.500709,POSITIVE
A11,31,A32,A40,10197,A61,A71,1,A101,1,A121,0,A141,A151,3,A173,1,A191,A201,A91,0.499258,NEGATIVE
A11,31,A32,A40,10197,A61,A71,1,A101,1,A121,1,A141,A151,3,A173,1,A191,A201,A91,0.500424,POSITIVE
A11,32,A32,A40,10204,A61,A71,1,A101,1,A121,0,A141,A151,3,A171,1,A191,A201,A91,0.499942,NEGATIVE
A11,32,A32,A40,10204,A61,A71,1,A101,1,A121,1,A141,A151,3,A171,1,A191,A201,A91,0.501109,POSITIVE
A11,31,A32,A40,10197,A61,A71,1,A101,1,A121,0,A141,A151,1,A171,1,A191,A201,A91,0.499279,NEGATIVE
A11,31,A32,A40,10197,A61,A71,1,A101,1,A121,1,A141,A151,1,A171,1,A191,A201,A91,0.500446,POSITIVE
A11,21,A30,A42,10197,A61,A71,3,A101,1,A121,0,A141,A151,1,A171,1,A191,A201,A91,0.499327,NEGATIVE
A11,21,A30,A42,10197,A61,A71,3,A101,1,A121,1,A141,A151,1,A171,1,A191,A201,A91,0.500494,POSITIVE
A11,21,A32,A40,10197,A61,A71,3,A101,1,A121,0,A141,A151,3,A173,1,A191,A201,A91,0.499042,NEGATIVE
A11,21,A32,A40,10197,A61,A71,3,A101,1,A121,1,A141,A151,3,A173,1,A191,A201,A91,0.500209,POSITIVE
A11,21,A32,A40,10200,A61,A71,3,A101,1,A121,0,A141,A151,3,A171,1,A191,A201,A91,0.499904,NEGATIVE
A11,21,A32,A40,10200,A61,A71,3,A101,1,A121,1,A141,A151,3,A171,1,A191,A201,A91,0.501071,POSITIVE
A11,21,A32,A40,10197,A61,A71,3,A101,1,A121,0,A141,A151,1,A171,1,A191,A201,A91,0.499064,NEGATIVE
A11,21,A32,A40,10197,A61,A71,3,A101,1,A121,1,A141,A151,1,A171,1,A191,A201,A91,0.500231,POSITIVE
A11,21,A30,A40,10200,A61,A71,1,A101,1,A121,0,A141,A151,1,A171,1,A191,A201,A91,0.498870,NEGATIVE
A11,21,A30,A40,10200,A61,A71,1,A101,1,A121,1,A141,A151,1,A171,1,A191,A201,A91,0.500037,POSITIVE
A11,31,A32,A42,10158,A61,A71,3,A101,3,A121,0,A141,A151,3,A173,1,A191,A201,A91,0.499494,NEGATIVE
A11,31,A32,A42,10158,A61,A71,3,A101,3,A121,1,A141,A151,3,A173,1,A191,A201,A91,0.500661,POSITIVE
A11,31,A30,A42,10158,A61,A71,3,A101,3,A121,0,A141,A151,3,A171,1,A191,A201,A91,0.499034,NEGATIVE
A11,31,A30,A42,10158,A61,A71,3,A101,3,A121,1,A141,A151,3,A171,1,A191,A201,A91,0.500201,POSITIVE
A11,31,A32,A42,10158,A61,A71,3,A101,3,A121,0,A141,A151,1,A171,1,A191,A201,A91,0.499516,NEGATIVE
A11,31,A32,A42,10158,A61,A71,3,A101,3,A121,1,A141,A151,1,A171,1,A191,A201,A91,0.500683,POSITIVE
A11,31,A30,A42,10158,A61,A71,1,A101,3,A121,0,A141,A151,1,A171,1,A191,A201,A91,0.499266,NEGATIVE
A11,31,A30,A42,10158,A61,A71,1,A101,3,A121,1,A141,A151,1,A171,1,A191,A201,A91,0.500433,POSITIVE
A11,31,A32,A40,10158,A61,A71,1,A101,3,A121,0,A141,A151,3,A173,1,A191,A201,A91,0.498980,NEGATIVE
A11,31,A32,A40,10158,A61,A71,1,A101,3,A121,1,A141,A151,3,A173,1,A191,A201,A91,0.500148,POSITIVE
A11,31,A32,A40,10161,A61,A71,1,A101,3,A121,0,A141,A151,3,A171,1,A191,A201,A91,0.499844,NEGATIVE
A11,31,A32,A40,10161,A61,A71,1,A101,3,A121,1,A141,A151,3,A171,1,A191,A201,A91,0.501011,POSITIVE
A11,31,A32,A40,10158,A61,A71,1,A101,3,A121,0,A141,A151,1,A171,1,A191,A201,A91,0.499002,NEGATIVE
A11,31,A32,A40,10158,A61,A71,1,A101,3,A121,1,A141,A151,1,A171,1,A191,A201,A91,0.500170,POSITIVE
A11,21,A30,A42,10158,A61,A71,3,A101,3,A121,0,A141,A151,1,A171,1,A191,A201,A91,0.499050,NEGATIVE
A11,21,A30,A42,10158,A61,A71,3,A101,3,A121,1,A141,A151,1,A171,1,A191,A201,A91,0.500218,POSITIVE
A11,21,A32,A40,10158,A61,A71,3,A101,3,A121,0,A141,A151,3,A171,1,A191,A201,A91,0.499808,NEGATIVE
A11,21,A32,A40,10158,A61,A71,3,A101,3,A121,1,A141,A151,3,A171,1,A191,A201,A91,0.500974,POSITIVE
A12,26,A31,A41,10180,A62,A72,1,A102,3,A122,0,A142,A152,2,A173,1,A192,A202,A92,0.498881,NEGATIVE
A12,26,A31,A41,10180,A62,A72,1,A102,3,A122,1,A142,A152,2,A173,1,A192,A202,A92,0.500049,POSITIVE
A11,31,A30,A42,10158,A61,A71,3,A101,1,A121,0,A141,A151,1,A171,1,A191,A201,A91,0.499339,NEGATIVE
A11,31,A30,A42,10158,A61,A71,3,A101,1,A121,1,A141,A151,1,A171,1,A191,A201,A91,0.500506,POSITIVE
A11,31,A32,A40,10158,A61,A71,3,A101,1,A121,0,A141,A151,3,A173,1,A191,A201,A91,0.499054,NEGATIVE
A11,31,A32,A40,10158,A61,A71,3,A101,1,A121,1,A141,A151,3,A173,1,A191,A201,A91,0.500221,POSITIVE
A11,31,A32,A40,10161,A61,A71,3,A101,1,A121,0,A141,A151,3,A171,1,A191,A201,A91,0.499917,NEGATIVE
A11,31,A32,A40,10161,A61,A71,3,A101,1,A121,1,A141,A151,3,A171,1,A191,A201,A91,0.501084,POSITIVE
A11,31,A32,A40,10158,A61,A71,3,A101,1,A121,0,A141,A151,1,A171,1,A191,A201,A91,0.499075,NEGATIVE
A11,31,A32,A40,10158,A61,A71,3,A101,1,A121,1,A141,A151,1,A171,1,A191,A201,A91,0.500243,POSITIVE
A11,31,A30,A40,10161,A61,A71,1,A101,1,A121,0,A141,A151,1,A171,1,A191,A201,A91,0.498882,NEGATIVE
A11,31,A30,A40,10161,A61,A71,1,A101,1,A121,1,A141,A151,1,A171,1,A191,A201,A91,0.500050,POSITIVE
A11,21,A30,A40,10158,A61,A71,1,A101,1,A121,0,A141,A151,1,A171,1,A191,A201,A91,0.499862,NEGATIVE
A11,21,A30,A40,10158,A61,A71,1,A101,1,A121,1,A141,A151,1,A171,1,A191,A201,A91,0.501030,POSITIVE
A13,18,A32,A44,10227,A63,A73,3,A103,3,A123,0,A143,A153,3,A173,1,A192,A202,A92,0.499924,NEGATIVE
A13,18,A32,A44,10227,A63,A73,3,A103,3,A123,1,A143,A153,3,A173,1,A192,A202,A92,0.501092,POSITIVE
A13,18,A31,A44,10227,A63,A73,3,A102,1,A123,0,A143,A153,3,A174,1,A192,A202,A92,0.499917,NEGATIVE
A13,18,A31,A44,10227,A63,A73,3,A102,1,A123,1,A143,A153,3,A174,1,A192,A202,A92,0.501084,POSITIVE
A13,18,A32,A44,10227,A63,A73,3,A103,1,A123,0,A143,A153,1,A174,1,A192,A202,A92,0.499975,NEGATIVE
A13,18,A32,A44,10227,A63,A73,3,A103,1,A123,1,A143,A153,1,A174,1,A192,A202,A92,0.501142,POSITIVE
A13,18,A31,A44,10227,A63,A73,3,A102,1,A123,0,A143,A153,1,A172,1,A192,A202,A92,0.499939,NEGATIVE
A13,18,A31,A44,10227,A63,A73,3,A102,1,A123,1,A143,A153,1,A172,1,A192,A202,A92,0.501106,POSITIVE
A13,19,A31,A44,10231,A63,A73,1,A102,1,A123,0,A143,A153,1,A174,1,A192,A202,A92,0.499985,NEGATIVE
A13,19,A31,A44,10231,A63,A73,1,A102,1,A123,1,A143,A153,1,A174,1,A192,A202,A92,0.501153,POSITIVE
A11,11,A30,A43,10158,A61,A71,3,A101,3,A121,0,A141,A151,1,A173,1,A191,A201,A91,0.499928,NEGATIVE
A11,11,A30,A43,10158,A61,A71,3,A101,3,A121,1,A141,A151,1,A173,1,A191,A201,A91,0.501095,POSITIVE
A12,16,A31,A44,10180,A62,A72,3,A102,3,A122,0,A142,A152,1,A172,1,A192,A202,A92,0.499989,NEGATIVE
A12,16,A31,A44,10180,A62,A72,3,A102,3,A122,1,A142,A152,1,A172,1,A192,A202,A92,0.501156,POSITIVE
A13,18,A31,A44,10188,A63,A73,1,A102,3,A123,0,A143,A153,1,A174,1,A192,A202,A92,0.499873,NEGATIVE
A13,18,A31,A44,10188,A63,A73,1,A102,3,A123,1,A143,A153,1,A174,1,A192,A202,A92,0.501040,POSITIVE
A13,18,A31,A44,10188,A63,A73,3,A102,1,A123,0,A143,A153,1,A174,1,A192,A202,A92,0.499945,NEGATIVE
A13,18,A31,A44,10188,A63,A73,3,A102,1,A123,1,A143,A153,1,A174,1,A192,A202,A92,0.501113,POSITIVE
A12,5,A31,A44,10219,A62,A72,3,A102,3,A122,0,A142,A152,3,A174,1,A192,A202,A92,0.499997,NEGATIVE
A12,5,A31,A44,10219,A62,A72,3,A102,3,A122,1,A142,A152,3,A174,1,A192,A202,A92,0.501164,POSITIVE
A11,0,A30,A43,10200,A61,A71,3,A101,3,A121,0,A141,A151,1,A173,1,A191,A201,A91,0.499980,NEGATIVE
A11,0,A30,A43,10200,A61,A71,3,A101,3,A121,1,A141,A151,1,A173,1,A191,A201,A91,0.501147,POSITIVE
A12,6,A31,A44,10223,A62,A72,3,A102,3,A122,0,A142,A152,1,A172,1,A192,A202,A92,0.499845,NEGATIVE
A12,6,A31,A44,10223,A62,A72,3,A102,3,A122,1,A142,A152,1,A172,1,A192,A202,A92,0.501012,POSITIVE
A13,7,A31,A44,10227,A63,A73,1,A102,3,A123,0,A143,A153,1,A174,1,A192,A202,A92,0.499882,NEGATIVE
A13,7,A31,A44,10227,A63,A73,1,A102,3,A123,1,A143,A153,1,A174,1,A192,A202,A92,0.501049,POSITIVE
A13,7,A31,A44,10227,A63,A73,3,A102,1,A123,0,A143,A153,1,A174,1,A192,A202,A92,0.499954,NEGATIVE
A13,7,A31,A44,10227,A63,A73,3,A102,1,A123,1,A143,A153,1,A174,1,A192,A202,A92,0.501122,POSITIVE
A12,6,A31,A44,10184,A62,A72,3,A102,3,A122,0,A142,A152,1,A174,1,A192,A202,A92,0.499852,NEGATIVE
A12,6,A31,A44,10184,A62,A72,3,A102,3,A122,1,A142,A152,1,A174,1,A192,A202,A92,0.501019,POSITIVE
A11,11,A30,A42,10197,A61,A71,3,A101,3,A121,0,A141,A151,1,A171,1,A191,A201,A91,0.499039,NEGATIVE
A11,11,A30,A42,10197,A61,A71,3,A101,3,A121,1,A141,A151,1,A171,1,A191,A201,A91,0.500206,POSITIVE
A11,11,A32,A40,10197,A61,A71,3,A101,3,A121,0,A141,A151,3,A171,1,A191,A201,A91,0.499796,NEGATIVE
A11,11,A32,A40,10197,A61,A71,3,A101,3,A121,1,A141,A151,3,A171,1,A191,A201,A91,0.500963,POSITIVE
A12,16,A31,A41,10219,A62,A72,1,A102,3,A122,0,A142,A152,2,A173,1,A192,A202,A92,0.498869,NEGATIVE
A12,16,A31,A41,10219,A62,A72,1,A102,3,A122,1,A142,A152,2,A173,1,A192,A202,A92,0.500037,POSITIVE
A11,11,A30,A40,10197,A61,A71,1,A101,1,A121,0,A141,A151,1,A171,1,A191,A201,A91,0.499850,NEGATIVE
A11,11,A30,A40,10197,A61,A71,1,A101,1,A121,1,A141,A151,1,A171,1,A191,A201,A91,0.501017,POSITIVE
A11,11,A30,A40,10158,A61,A71,1,A101,3,A121,0,A141,A151,1,A171,1,A191,A201,A91,0.499574,NEGATIVE
A11,11,A30,A40,10158,A61,A71,1,A101,3,A121,1,A141,A151,1,A171,1,A191,A201,A91,0.500741,POSITIVE
A11,11,A30,A40,10158,A61,A71,3,A101,1,A121,0,A141,A151,1,A171,1,A191,A201,A91,0.499647,NEGATIVE
A11,11,A30,A40,10158,A61,A71,3,A101,1,A121,1,A141,A151,1,A171,1,A191,A201,A91,0.500814,POSITIVE
A13,19,A31,A42,10192,A63,A73,1,A103,1,A123,0,A143,A153,1,A174,1,A192,A202,A92,0.499894,NEGATIVE
A13,19,A31,A42,10192,A63,A73,1,A103,1,A123,1,A143,A153,1,A174,1,A192,A202,A92,0.501061,POSITIVE
A11,11,A30,A40,10158,A61,A71,1,A101,1,A121,0,A141,A151,1,A173,1,A191,A201,A91,0.499857,NEGATIVE
A11,11,A30,A40,10158,A61,A71,1,A101,1,A121,1,A141,A151,1,A173,1,A191,A201,A91,0.501024,POSITIVE
A13,19,A31,A41,10192,A63,A73,1,A103,1,A123,0,A143,A153,1,A172,1,A192,A202,A92,0.499965,NEGATIVE
A13,19,A31,A41,10192,A63,A73,1,A103,1,A123,1,A143,A153,1,A172,1,A192,A202,A92,0.501132,POSITIVE
A11,0,A30,A40,10197,A61,A71,1,A101,3,A121,0,A141,A151,1,A171,1,A191,A201,A91,0.499666,NEGATIVE
A11,0,A30,A40,10197,A61,A71,1,A101,3,A121,1,A141,A151,1,A171,1,A191,A201,A91,0.500832,POSITIVE
A11,0,A30,A40,10197,A61,A71,3,A101,1,A121,0,A141,A151,1,A171,1,A191,A201,A91,0.499738,NEGATIVE
A11,0,A30,A40,10197,A61,A71,3,A101,1,A121,1,A141,A151,1,A171,1,A191,A201,A91,0.500906,POSITIVE
A13,8,A31,A42,10231,A63,A73,1,A103,1,A123,0,A143,A153,1,A174,1,A192,A202,A92,0.499892,NEGATIVE
A13,8,A31,A42,10231,A63,A73,1,A103,1,A123,1,A143,A153,1,A174,1,A192,A202,A92,0.501059,POSITIVE
A11,0,A30,A40,10197,A61,A71,1,A101,1,A121,0,A141,A151,1,A173,1,A191,A201,A91,0.499948,NEGATIVE
A11,0,A30,A40,10197,A61,A71,1,A101,1,A121,1,A141,A151,1,A173,1,A191,A201,A91,0.501116,POSITIVE
A13,8,A31,A41,10231,A63,A73,1,A103,1,A123,0,A143,A153,1,A172,1,A192,A202,A92,0.499963,NEGATIVE
A13,8,A31,A41,10231,A63,A73,1,A103,1,A123,1,A143,A153,1,A172,1,A192,A202,A92,0.501130,POSITIVE
A11,0,A30,A40,10158,A61,A71,3,A101,3,A121,0,A141,A151,1,A171,1,A191,A201,A91,0.499462,NEGATIVE
A11,0,A30,A40,10158,A61,A71,3,A101,3,A121,1,A141,A151,1,A171,1,A191,A201,A91,0.500629,POSITIVE
A13,7,A31,A42,10188,A63,A73,1,A103,3,A123,0,A143,A153,1,A174,1,A192,A202,A92,0.499818,NEGATIVE
A13,7,A31,A42,10188,A63,A73,1,A103,3,A123,1,A143,A153,1,A174,1,A192,A202,A92,0.500985,POSITIVE
A11,0,A30,A40,10158,A61,A71,1,A101,3,A121,0,A141,A151,1,A173,1,A191,A201,A91,0.499671,NEGATIVE
A11,0,A30,A40,10158,A61,A71,1,A101,3,A121,1,A141,A151,1,A173,1,A191,A201,A91,0.500839,POSITIVE
A12,6,A31,A41,10184,A62,A72,1,A102,3,A122,0,A142,A152,1,A172,1,A192,A202,A92,0.499915,NEGATIVE
A12,6,A31,A41,10184,A62,A72,1,A102,3,A122,1,A142,A152,1,A172,1,A192,A202,A92,0.501082,POSITIVE
A13,7,A31,A42,10188,A63,A73,3,A103,1,A123,0,A143,A153,1,A174,1,A192,A202,A92,0.499891,NEGATIVE
A13,7,A31,A42,10188,A63,A73,3,A103,1,A123,1,A143,A153,1,A174,1,A192,A202,A92,0.501058,POSITIVE
A11,0,A30,A40,10158,A61,A71,3,A101,1,A121,0,A141,A151,1,A173,1,A191,A201,A91,0.499745,NEGATIVE
A11,0,A30,A40,10158,A61,A71,3,A101,1,A121,1,A141,A151,1,A173,1,A191,A201,A91,0.500912,POSITIVE
A12,6,A31,A41,10184,A62,A72,3,A102,1,A122,0,A142,A152,1,A172,1,A192,A202,A92,0.499988,NEGATIVE
A12,6,A31,A41,10184,A62,A72,3,A102,1,A122,1,A142,A152,1,A172,1,A192,A202,A92,0.501155,POSITIVE
A13,8,A31,A41,10192,A63,A73,1,A103,1,A123,0,A143,A153,1,A174,1,A192,A202,A92,0.499969,NEGATIVE
A13,8,A31,A41,10192,A63,A73,1,A103,1,A123,1,A143,A153,1,A174,1,A192,A202,A92,0.501137,POSITIVE
A12,77,A31,A49,10145,A62,A72,3,A102,3,A122,0,A142,A152,3,A173,1,A192,A202,A92,0.499997,NEGATIVE
A12,77,A31,A49,10145,A62,A72,3,A102,3,A122,1,A142,A152,3,A173,1,A192,A202,A92,0.501164,POSITIVE
A13,79,A31,A49,10153,A63,A73,1,A102,3,A123,0,A143,A153,3,A174,1,A192,A202,A92,0.499972,NEGATIVE
A13,79,A31,A49,10153,A63,A73,1,A102,3,A123,1,A143,A153,3,A174,1,A192,A202,A92,0.501139,POSITIVE
A13,79,A32,A49,10153,A63,A73,1,A102,3,A123,0,A143,A153,1,A174,1,A192,A202,A92,0.499778,NEGATIVE
A13,79,A32,A49,10153,A63,A73,1,A102,3,A123,1,A143,A153,1,A174,1,A192,A202,A92,0.500945,POSITIVE
A12,75,A31,A49,10138,A62,A72,1,A102,3,A122,0,A142,A152,1,A174,1,A192,A202,A92,0.499904,NEGATIVE
A12,75,A31,A49,10138,A62,A72,1,A102,3,A122,1,A142,A152,1,A174,1,A192,A202,A92,0.501071,POSITIVE
A13,79,A31,A49,10153,A63,A73,1,A102,3,A123,0,A143,A153,1,A172,1,A192,A202,A92,0.499993,NEGATIVE
A13,79,A31,A49,10153,A63,A73,1,A102,3,A123,1,A143,A153,1,A172,1,A192,A202,A92,0.501160,POSITIVE
A13,68,A31,A49,10149,A63,A73,3,A102,3,A123,0,A143,A153,3,A174,1,A192,A202,A92,0.499919,NEGATIVE
A13,68,A31,A49,10149,A63,A73,3,A102,3,A123,1,A143,A153,3,A174,1,A192,A202,A92,0.501086,POSITIVE
A13,68,A32,A49,10149,A63,A73,3,A103,3,A123,0,A143,A153,1,A174,1,A192,A202,A92,0.499977,NEGATIVE
A13,68,A32,A49,10149,A63,A73,3,A103,3,A123,1,A143,A153,1,A174,1,A192,A202,A92,0.501144,POSITIVE
A13,68,A31,A49,10149,A63,A73,3,A102,3,A123,0,A143,A153,1,A172,1,A192,A202,A92,0.499941,NEGATIVE
A13,68,A31,A49,10149,A63,A73,3,A102,3,A123,1,A143,A153,1,A172,1,A192,A202,A92,0.501109,POSITIVE
A13,69,A31,A49,10153,A63,A73,1,A102,3,A123,0,A143,A153,1,A174,1,A192,A202,A92,0.499988,NEGATIVE
A13,69,A31,A49,10153,A63,A73,1,A102,3,A123,1,A143,A153,1,A174,1,A192,A202,A92,0.501155,POSITIVE
A13,79,A32,A49,10153,A63,A73,3,A102,1,A123,0,A143,A153,1,A174,1,A192,A202,A92,0.499851,NEGATIVE
A13,79,A32,A49,10153,A63,A73,3,A102,1,A123,1,A143,A153,1,A174,1,A192,A202,A92,0.501018,POSITIVE
A12,75,A31,A49,10138,A62,A72,3,A102,1,A122,0,A142,A152,1,A174,1,A192,A202,A92,0.499976,NEGATIVE
A12,75,A31,A49,10138,A62,A72,3,A102,1,A122,1,A142,A152,1,A174,1,A192,A202,A92,0.501143,POSITIVE
A13,78,A31,A49,10110,A63,A73,3,A102,3,A123,0,A143,A153,3,A174,1,A192,A202,A92,0.499932,NEGATIVE
A13,78,A31,A49,10110,A63,A73,3,A102,3,A123,1,A143,A153,3,A174,1,A192,A202,A92,0.501099,POSITIVE
A13,78,A32,A49,10110,A63,A73,3,A103,3,A123,0,A143,A153,1,A174,1,A192,A202,A92,0.499989,NEGATIVE
A13,78,A32,A49,10110,A63,A73,3,A103,3,A123,1,A143,A153,1,A174,1,A192,A202,A92,0.501156,POSITIVE
A13,78,A31,A49,10110,A63,A73,3,A102,3,A123,0,A143,A153,1,A172,1,A192,A202,A92,0.499954,NEGATIVE
A13,78,A31,A49,10110,A63,A73,3,A102,3,A123,1,A143,A153,1,A172,1,A192,A202,A92,0.501121,POSITIVE
A13,68,A31,A49,10110,A63,A73,3,A102,3,A123,0,A143,A153,1,A174,1,A192,A202,A92,0.499948,NEGATIVE
A13,68,A31,A49,10110,A63,A73,3,A102,3,A123,1,A143,A153,1,A174,1,A192,A202,A92,0.501115,POSITIVE
A11,71,A30,A47,10119,A61,A71,3,A101,3,A121,0,A141,A151,1,A171,1,A191,A201,A91,0.499330,NEGATIVE
A11,71,A30,A47,10119,A61,A71,3,A101,3,A121,1,A141,A151,1,A171,1,A191,A201,A91,0.500497,POSITIVE
A11,71,A32,A45,10119,A61,A71,3,A101,3,A121,0,A141,A151,3,A173,1,A191,A201,A91,0.499044,NEGATIVE
A11,71,A32,A45,10119,A61,A71,3,A101,3,A121,1,A141,A151,3,A173,1,A191,A201,A91,0.500212,POSITIVE
A11,71,A32,A45,10122,A61,A71,3,A101,3,A121,0,A141,A151,3,A171,1,A191,A201,A91,0.499907,NEGATIVE
A11,71,A32,A45,10122,A61,A71,3,A101,3,A121,1,A141,A151,3,A171,1,A191,A201,A91,0.501075,POSITIVE
A11,71,A32,A45,10119,A61,A71,3,A101,3,A121,0,A141,A151,1,A171,1,A191,A201,A91,0.499067,NEGATIVE
A11,71,A32,A45,10119,A61,A71,3,A101,3,A121,1,A141,A151,1,A171,1,A191,A201,A91,0.500234,POSITIVE
A11,71,A30,A45,10122,A61,A71,1,A101,3,A121,0,A141,A151,1,A171,1,A191,A201,A91,0.498873,NEGATIVE
A11,71,A30,A45,10122,A61,A71,1,A101,3,A121,1,A141,A151,1,A171,1,A191,A201,A91,0.500040,POSITIVE
A11,61,A30,A45,10119,A61,A71,1,A101,3,A121,0,A141,A151,1,A171,1,A191,A201,A91,0.499852,NEGATIVE
A11,61,A30,A45,10119,A61,A71,1,A101,3,A121,1,A141,A151,1,A171,1,A191,A201,A91,0.501020,POSITIVE
A12,73,A31,A46,10130,A62,A72,1,A102,1,A122,0,A142,A152,1,A172,1,A191,A201,A91,0.499938,NEGATIVE
A12,73,A31,A46,10130,A62,A72,1,A102,1,A122,1,A142,A152,1,A172,1,A191,A201,A91,0.501105,POSITIVE
A11,61,A30,A45,10119,A61,A71,3,A101,1,A121,0,A141,A151,1,A171,1,A191,A201,A91,0.499926,NEGATIVE
A11,61,A30,A45,10119,A61,A71,3,A101,1,A121,1,A141,A151,1,A171,1,A191,A201,A91,0.501093,POSITIVE
A12,65,A31,A46,10138,A62,A72,1,A102,1,A122,0,A142,A152,1,A174,1,A192,A202,A92,0.499993,NEGATIVE
A12,65,A31,A46,10138,A62,A72,1,A102,1,A122,1,A142,A152,1,A174,1,A192,A202,A92,0.501160,POSITIVE
A11,71,A30,A45,10080,A61,A71,1,A101,3,A121,0,A141,A151,1,A171,1,A191,A201,A91,0.499865,NEGATIVE
A11,71,A30,A45,10080,A61,A71,1,A101,3,A121,1,A141,A151,1,A171,1,A191,A201,A91,0.501032,POSITIVE
A11,61,A30,A45,10080,A61,A71,3,A101,3,A121,0,A141,A151,1,A171,1,A191,A201,A91,0.499649,NEGATIVE
A11,61,A30,A45,10080,A61,A71,3,A101,3,A121,1,A141,A151,1,A171,1,A191,A201,A91,0.500816,POSITIVE
A13,69,A31,A47,10114,A63,A73,1,A103,3,A123,0,A143,A153,1,A174,1,A192,A202,A92,0.499896,NEGATIVE
A13,69,A31,A47,10114,A63,A73,1,A103,3,A123,1,A143,A153,1,A174,1,A192,A202,A92,0.501063,POSITIVE
A11,61,A30,A45,10080,A61,A71,1,A101,3,A121,0,A141,A151,1,A173,1,A191,A201,A91,0.499859,NEGATIVE
A11,61,A30,A45,10080,A61,A71,1,A101,3,A121,1,A141,A151,1,A173,1,A191,A201,A91,0.501027,POSITIVE
A13,69,A31,A46,10114,A63,A73,1,A103,3,A123,0,A143,A153,1,A172,1,A192,A202,A92,0.499967,NEGATIVE
A13,69,A31,A46,10114,A63,A73,1,A103,3,A123,1,A143,A153,1,A172,1,A192,A202,A92,0.501134,POSITIVE
A11,71,A30,A45,10080,A61,A71,3,A101,1,A121,0,A141,A151,1,A171,1,A191,A201,A91,0.499938,NEGATIVE
A11,71,A30,A45,10080,A61,A71,3,A101,1,A121,1,A141,A151,1,A171,1,A191,A201,A91,0.501105,POSITIVE
A12,76,A31,A46,10102,A62,A72,1,A102,1,A122,0,A142,A152,1,A174,1,A192,A202,A92,0.499976,NEGATIVE
A12,76,A31,A46,10102,A62,A72,1,A102,1,A122,1,A142,A152,1,A174,1,A192,A202,A92,0.501143,POSITIVE
A13,69,A31,A47,10114,A63,A73,3,A103,1,A123,0,A143,A153,1,A174,1,A192,A202,A92,0.499969,NEGATIVE
A13,69,A31,A47,10114,A63,A73,3,A103,1,A123,1,A143,A153,1,A174,1,A192,A202,A92,0.501136,POSITIVE
A11,61,A30,A45,10080,A61,A71,3,A101,1,A121,0,A141,A151,1,A173,1,A191,A201,A91,0.499933,NEGATIVE
A11,61,A30,A45,10080,A61,A71,3,A101,1,A121,1,A141,A151,1,A173,1,A191,A201,A91,0.501100,POSITIVE
A13,58,A31,A49,10149,A63,A73,3,A102,3,A123,0,A143,A153,1,A174,1,A192,A202,A92,0.499936,NEGATIVE
A13,58,A31,A49,10149,A63,A73,3,A102,3,A123,1,A143,A153,1,A174,1,A192,A202,A92,0.501103,POSITIVE
A11,51,A30,A45,10119,A61,A71,3,A101,3,A121,0,A141,A151,1,A171,1,A191,A201,A91,0.499637,NEGATIVE
A11,51,A30,A45,10119,A61,A71,3,A101,3,A121,1,A141,A151,1,A171,1,A191,A201,A91,0.500804,POSITIVE
A13,59,A31,A47,10153,A63,A73,1,A103,3,A123,0,A143,A153,1,A174,1,A192,A202,A92,0.499884,NEGATIVE
A13,59,A31,A47,10153,A63,A73,1,A103,3,A123,1,A143,A153,1,A174,1,A192,A202,A92,0.501051,POSITIVE
A11,51,A30,A45,10119,A61,A71,1,A101,3,A121,0,A141,A151,1,A173,1,A191,A201,A91,0.499847,NEGATIVE
A11,51,A30,A45,10119,A61,A71,1,A101,3,A121,1,A141,A151,1,A173,1,A191,A201,A91,0.501014,POSITIVE
A13,59,A31,A46,10153,A63,A73,1,A103,3,A123,0,A143,A153,1,A172,1,A192,A202,A92,0.499955,NEGATIVE
A13,59,A31,A46,10153,A63,A73,1,A103,3,A123,1,A143,A153,1,A172,1,A192,A202,A92,0.501122,POSITIVE
A13,48,A31,A47,10149,A63,A73,3,A103,3,A123,0,A143,A153,1,A174,1,A192,A202,A92,0.499861,NEGATIVE
A13,48,A31,A47,10149,A63,A73,3,A103,3,A123,1,A143,A153,1,A174,1,A192,A202,A92,0.501028,POSITIVE
A11,41,A30,A45,10119,A61,A71,3,A101,3,A121,0,A141,A151,1,A173,1,A191,A201,A91,0.499632,NEGATIVE
A11,41,A30,A45,10119,A61,A71,3,A101,3,A121,1,A141,A151,1,A173,1,A191,A201,A91,0.500799,POSITIVE
A12,47,A31,A46,10145,A62,A72,3,A102,3,A122,0,A142,A152,1,A172,1,A192,A202,A92,0.499948,NEGATIVE
A12,47,A31,A46,10145,A62,A72,3,A102,3,A122,1,A142,A152,1,A172,1,A192,A202,A92,0.501114,POSITIVE
A13,49,A31,A46,10153,A63,A73,1,A103,3,A123,0,A143,A153,1,A174,1,A192,A202,A92,0.499950,NEGATIVE
A13,49,A31,A46,10153,A63,A73,1,A103,3,A123,1,A143,A153,1,A174,1,A192,A202,A92,0.501117,POSITIVE
A13,59,A31,A47,10153,A63,A73,3,A103,1,A123,0,A143,A153,1,A174,1,A192,A202,A92,0.499957,NEGATIVE
A13,59,A31,A47,10153,A63,A73,3,A103,1,A123,1,A143,A153,1,A174,1,A192,A202,A92,0.501125,POSITIVE
A11,51,A30,A45,10119,A61,A71,3,A101,1,A121,0,A141,A151,1,A173,1,A191,A201,A91,0.499921,NEGATIVE
A11,51,A30,A45,10119,A61,A71,3,A101,1,A121,1,A141,A151,1,A173,1,A191,A201,A91,0.501087,POSITIVE
A13,58,A31,A47,10110,A63,A73,3,A103,3,A123,0,A143,A153,1,A174,1,A192,A202,A92,0.499873,NEGATIVE
A13,58,A31,A47,10110,A63,A73,3,A103,3,A123,1,A143,A153,1,A174,1,A192,A202,A92,0.501040,POSITIVE
A11,51,A30,A45,10080,A61,A71,3,A101,3,A121,0,A141,A151,1,A173,1,A191,A201,A91,0.499644,NEGATIVE
A11,51,A30,A45,10080,A61,A71,3,A101,3,A121,1,A141,A151,1,A173,1,A191,A201,A91,0.500811,POSITIVE
A12,57,A31,A46,10106,A62,A72,3,A102,3,A122,0,A142,A152,1,A172,1,A192,A202,A92,0.499960,NEGATIVE
A12,57,A31,A46,10106,A62,A72,3,A102,3,A122,1,A142,A152,1,A172,1,A192,A202,A92,0.501127,POSITIVE
A13,59,A31,A46,10114,A63,A73,1,A103,3,A123,0,A143,A153,1,A174,1,A192,A202,A92,0.499962,NEGATIVE
A13,59,A31,A46,10114,A63,A73,1,A103,3,A123,1,A143,A153,1,A174,1,A192,A202,A92,0.501129,POSITIVE
A12,47,A31,A46,10106,A62,A72,3,A102,3,A122,0,A142,A152,1,A174,1,A192,A202,A92,0.499954,NEGATIVE
A12,47,A31,A46,10106,A62,A72,3,A102,3,A122,1,A142,A152,1,A174,1,A192,A202,A92,0.501122,POSITIVE
A13,78,A31,A49,10071,A63,A73,3,A102,3,A123,0,A143,A153,1,A174,1,A192,A202,A92,0.499960,NEGATIVE
A13,78,A31,A49,10071,A63,A73,3,A102,3,A123,1,A143,A153,1,A174,1,A192,A202,A92,0.501127,POSITIVE
A11,71,A30,A45,10041,A61,A71,3,A101,3,A121,0,A141,A151,1,A171,1,A191,A201,A91,0.499661,NEGATIVE
A11,71,A30,A45,10041,A61,A71,3,A101,3,A121,1,A141,A151,1,A171,1,A191,A201,A91,0.500829,POSITIVE
A13,79,A31,A47,10075,A63,A73,1,A103,3,A123,0,A143,A153,1,A174,1,A192,A202,A92,0.499908,NEGATIVE
A13,79,A31,A47,10075,A63,A73,1,A103,3,A123,1,A143,A153,1,A174,1,A192,A202,A92,0.501075,POSITIVE
A11,71,A30,A45,10041,A61,A71,1,A101,3,A121,0,A141,A151,1,A173,1,A191,A201,A91,0.499871,NEGATIVE
A11,71,A30,A45,10041,A61,A71,1,A101,3,A121,1,A141,A151,1,A173,1,A191,A201,A91,0.501038,POSITIVE
A13,79,A31,A46,10075,A63,A73,1,A103,3,A123,0,A143,A153,1,A172,1,A192,A202,A92,0.499979,NEGATIVE
A13,79,A31,A46,10075,A63,A73,1,A103,3,A123,1,A143,A153,1,A172,1,A192,A202,A92,0.501146,POSITIVE
A13,68,A31,A47,10071,A63,A73,3,A103,3,A123,0,A143,A153,1,A174,1,A192,A202,A92,0.499885,NEGATIVE
A13,68,A31,A47,10071,A63,A73,3,A103,3,A123,1,A143,A153,1,A174,1,A192,A202,A92,0.501052,POSITIVE
A11,61,A30,A45,10041,A61,A71,3,A101,3,A121,0,A141,A151,1,A173,1,A191,A201,A91,0.499656,NEGATIVE
A11,61,A30,A45,10041,A61,A71,3,A101,3,A121,1,A141,A151,1,A173,1,A191,A201,A91,0.500823,POSITIVE
A12,67,A31,A46,10067,A62,A72,3,A102,3,A122,0,A142,A152,1,A172,1,A192,A202,A92,0.499972,NEGATIVE
A12,67,A31,A46,10067,A62,A72,3,A102,3,A122,1,A142,A152,1,A172,1,A192,A202,A92,0.501138,POSITIVE
A13,69,A31,A46,10075,A63,A73,1,A103,3,A123,0,A143,A153,1,A174,1,A192,A202,A92,0.499973,NEGATIVE
A13,69,A31,A46,10075,A63,A73,1,A103,3,A123,1,A143,A153,1,A174,1,A192,A202,A92,0.501140,POSITIVE
A13,79,A31,A47,10075,A63,A73,3,A103,1,A123,0,A143,A153,1,A174,1,A192,A202,A92,0.499981,NEGATIVE
A13,79,A31,A47,10075,A63,A73,3,A103,1,A123,1,A143,A153,1,A174,1,A192,A202,A92,0.501148,POSITIVE
A11,71,A30,A45,10041,A61,A71,3,A101,1,A121,0,A141,A151,1,A173,1,A191,A201,A91,0.499944,NEGATIVE
A11,71,A30,A45,10041,A61,A71,3,A101,1,A121,1,A141,A151,1,A173,1,A191,A201,A91,0.501112,POSITIVE
A13,78,A31,A47,10032,A63,A73,3,A103,3,A123,0,A143,A153,1,A174,1,A192,A202,A92,0.499902,NEGATIVE
A13,78,A31,A47,10032,A63,A73,3,A103,3,A123,1,A143,A153,1,A174,1,A192,A202,A92,0.501069,POSITIVE
A11,71,A30,A45,10001,A61,A71,3,A101,3,A121,0,A141,A151,1,A173,1,A191,A201,A91,0.499695,NEGATIVE
A11,71,A30,A45,10001,A61,A71,3,A101,3,A121,1,A141,A151,1,A173,1,A191,A201,A91,0.500862,POSITIVE
A12,77,A31,A46,10028,A62,A72,3,A102,3,A122,0,A142,A152,1,A172,1,A192,A202,A92,0.499991,NEGATIVE
A12,77,A31,A46,10028,A62,A72,3,A102,3,A122,1,A142,A152,1,A172,1,A192,A202,A92,0.501158,POSITIVE
A13,79,A31,A46,10036,A63,A73,1,A103,3,A123,0,A143,A153,1,A174,1,A192,A202,A92,0.499988,NEGATIVE
A13,79,A31,A46,10036,A63,A73,1,A103,3,A123,1,A143,A153,1,A174,1,A192,A202,A92,0.501155,POSITIVE
A12,67,A31,A46,10028,A62,A72,3,A102,3,A122,0,A142,A152,1,A174,1,A192,A202,A92,0.499986,NEGATIVE
A12,67,A31,A46,10028,A62,A72,3,A102,3,A122,1,A142,A152,1,A174,1,A192,A202,A92,0.501153,POSITIVE
A12,57,A31,A46,10067,A62,A72,3,A102,3,A122,0,A142,A152,1,A174,1,A192,A202,A92,0.499966,NEGATIVE
A12,57,A31,A46,10067,A62,A72,3,A102,3,A122,1,A142,A152,1,A174,1,A192,A202,A92,0.501133,POSITIVE
A11,71,A32,A43,10119,A61,A71,3,A103,3,A121,0,A141,A151,3,A171,1,A191,A201,A91,0.499514,NEGATIVE
A11,71,A32,A43,10119,A61,A71,3,A103,3,A121,1,A141,A151,3,A171,1,A191,A201,A91,0.500681,POSITIVE
A11,71,A32,A43,10119,A61,A71,1,A103,3,A121,0,A141,A151,3,A173,1,A191,A201,A91,0.499724,NEGATIVE
A11,71,A32,A43,10119,A61,A71,1,A103,3,A121,1,A141,A151,3,A173,1,A191,A201,A91,0.500891,POSITIVE
A11,71,A32,A43,10119,A61,A71,1,A101,3,A121,0,A141,A151,3,A171,1,A191,A201,A91,0.499573,NEGATIVE
A11,71,A32,A43,10119,A61,A71,1,A101,3,A121,1,A141,A151,3,A171,1,A191,A201,A91,0.500740,POSITIVE
A11,71,A30,A43,10119,A61,A71,1,A103,3,A121,0,A141,A151,3,A171,1,A191,A201,A91,0.499263,NEGATIVE
A11,71,A30,A43,10119,A61,A71,1,A103,3,A121,1,A141,A151,3,A171,1,A191,A201,A91,0.500430,POSITIVE
A11,71,A32,A43,10119,A61,A71,1,A103,3,A121,0,A141,A151,1,A171,1,A191,A201,A91,0.499745,NEGATIVE
A11,71,A32,A43,10119,A61,A71,1,A103,3,A121,1,A141,A151,1,A171,1,A191,A201,A91,0.500913,POSITIVE
A11,61,A32,A43,10119,A61,A71,3,A103,3,A121,0,A141,A151,3,A173,1,A191,A201,A91,0.499508,NEGATIVE
A11,61,A32,A43,10119,A61,A71,3,A103,3,A121,1,A141,A151,3,A173,1,A191,A201,A91,0.500676,POSITIVE
A11,61,A32,A43,10119,A61,A71,3,A101,3,A121,0,A141,A151,3,A171,1,A191,A201,A91,0.499358,NEGATIVE
A11,61,A32,A43,10119,A61,A71,3,A101,3,A121,1,A141,A151,3,A171,1,A191,A201,A91,0.500525,POSITIVE
A11,61,A30,A43,10119,A61,A71,3,A103,3,A121,0,A141,A151,3,A171,1,A191,A201,A91,0.499048,NEGATIVE
A11,61,A30,A43,10119,A61,A71,3,A103,3,A121,1,A141,A151,3,A171,1,A191,A201,A91,0.500215,POSITIVE
A11,61,A32,A43,10119,A61,A71,3,A103,3,A121,0,A141,A151,1,A171,1,A191,A201,A91,0.499530,NEGATIVE
A11,61,A32,A43,10119,A61,A71,3,A103,3,A121,1,A141,A151,1,A171,1,A191,A201,A91,0.500698,POSITIVE
A11,61,A32,A43,10119,A61,A71,1,A101,3,A121,0,A141,A151,3,A173,1,A191,A201,A91,0.499568,NEGATIVE
A11,61,A32,A43,10119,A61,A71,1,A101,3,A121,1,A141,A151,3,A173,1,A191,A201,A91,0.500735,POSITIVE
A11,61,A30,A43,10119,A61,A71,1,A103,3,A121,0,A141,A151,3,A173,1,A191,A201,A91,0.499258,NEGATIVE
A11,61,A30,A43,10119,A61,A71,1,A103,3,A121,1,A141,A151,3,A173,1,A191,A201,A91,0.500425,POSITIVE
A11,61,A32,A43,10119,A61,A71,1,A103,3,A121,0,A141,A151,1,A173,1,A191,A201,A91,0.499741,NEGATIVE
A11,61,A32,A43,10119,A61,A71,1,A103,3,A121,1,A141,A151,1,A173,1,A191,A201,A91,0.500907,POSITIVE
A11,61,A30,A43,10119,A61,A71,1,A101,3,A121,0,A141,A151,3,A171,1,A191,A201,A91,0.499107,NEGATIVE
A11,61,A30,A43,10119,A61,A71,1,A101,3,A121,1,A141,A151,3,A171,1,A191,A201,A91,0.500274,POSITIVE
A11,61,A32,A43,10119,A61,A71,1,A101,3,A121,0,A141,A151,1,A171,1,A191,A201,A91,0.499589,NEGATIVE
A11,61,A32,A43,10119,A61,A71,1,A101,3,A121,1,A141,A151,1,A171,1,A191,A201,A91,0.500757,POSITIVE
A11,61,A30,A43,10119,A61,A71,1,A103,3,A121,0,A141,A151,1,A171,1,A191,A201,A91,0.499279,NEGATIVE
A11,61,A30,A43,10119,A61,A71,1,A103,3,A121,1,A141,A151,1,A171,1,A191,A201,A91,0.500447,POSITIVE
A11,71,A32,A43,10119,A61,A71,3,A103,1,A121,0,A141,A151,3,A173,1,A191,A201,A91,0.499797,NEGATIVE
A11,71,A32,A43,10119,A61,A71,3,A103,1,A121,1,A141,A151,3,A173,1,A191,A201,A91,0.500964,POSITIVE
A11,71,A32,A43,10119,A61,A71,3,A101,1,A121,0,A141,A151,3,A171,1,A191,A201,A91,0.499646,NEGATIVE
A11,71,A32,A43,10119,A61,A71,3,A101,1,A121,1,A141,A151,3,A171,1,A191,A201,A91,0.500813,POSITIVE
A11,71,A30,A43,10119,A61,A71,3,A103,1,A121,0,A141,A151,3,A171,1,A191,A201,A91,0.499336,NEGATIVE
A11,71,A30,A43,10119,A61,A71,3,A103,1,A121,1,A141,A151,3,A171,1,A191,A201,A91,0.500503,POSITIVE
A11,71,A32,A43,10119,A61,A71,3,A103,1,A121,0,A141,A151,1,A171,1,A191,A201,A91,0.499819,NEGATIVE
A11,71,A32,A43,10119,A61,A71,3,A103,1,A121,1,A141,A151,1,A171,1,A191,A201,A91,0.500986,POSITIVE
A11,71,A32,A43,10119,A61,A71,1,A101,1,A121,0,A141,A151,3,A173,1,A191,A201,A91,0.499856,NEGATIVE
A11,71,A32,A43,10119,A61,A71,1,A101,1,A121,1,A141,A151,3,A173,1,A191,A201,A91,0.501023,POSITIVE
A11,71,A30,A43,10119,A61,A71,1,A103,1,A121,0,A141,A151,3,A173,1,A191,A201,A91,0.499546,NEGATIVE
A11,71,A30,A43,10119,A61,A71,1,A103,1,A121,1,A141,A151,3,A173,1,A191,A201,A91,0.500713,POSITIVE
A11,71,A32,A43,10119,A61,A71,1,A101,1,A121,0,A141,A151,1,A173,1,A191,A201,A91,0.498836,NEGATIVE
A11,71,A32,A43,10119,A61,A71,1,A101,1,A121,1,A141,A151,1,A173,1,A191,A201,A91,0.500003,POSITIVE
A12,77,A31,A44,10145,A62,A72,1,A102,1,A122,0,A142,A152,3,A172,1,A192,A202,A92,0.498889,NEGATIVE
A12,77,A31,A44,10145,A62,A72,1,A102,1,A122,1,A142,A152,3,A172,1,A192,A202,A92,0.500056,POSITIVE
A11,61,A30,A43,10119,A61,A71,1,A101,1,A121,0,A141,A151,1,A171,1,A191,A201,A91,0.499412,NEGATIVE
A11,61,A30,A43,10119,A61,A71,1,A101,1,A121,1,A141,A151,1,A171,1,A191,A201,A91,0.500579,POSITIVE
A11,71,A32,A43,10080,A61,A71,3,A103,3,A121,0,A141,A151,3,A173,1,A191,A201,A91,0.499520,NEGATIVE
A11,71,A32,A43,10080,A61,A71,3,A103,3,A121,1,A141,A151,3,A173,1,A191,A201,A91,0.500687,POSITIVE
A11,71,A32,A43,10080,A61,A71,3,A101,3,A121,0,A141,A151,3,A171,1,A191,A201,A91,0.499370,NEGATIVE
A11,71,A32,A43,10080,A61,A71,3,A101,3,A121,1,A141,A151,3,A171,1,A191,A201,A91,0.500537,POSITIVE
A11,71,A30,A43,10080,A61,A71,3,A103,3,A121,0,A141,A151,3,A171,1,A191,A201,A91,0.499060,NEGATIVE
A11,71,A30,A43,10080,A61,A71,3,A103,3,A121,1,A141,A151,3,A171,1,A191,A201,A91,0.500227,POSITIVE
A11,71,A32,A43,10080,A61,A71,3,A103,3,A121,0,A141,A151,1,A171,1,A191,A201,A91,0.499542,NEGATIVE
A11,71,A32,A43,10080,A61,A71,3,A103,3,A121,1,A141,A151,1,A171,1,A191,A201,A91,0.500710,POSITIVE
A11,71,A32,A43,10080,A61,A71,1,A101,3,A121,0,A141,A151,3,A173,1,A191,A201,A91,0.499580,NEGATIVE
A11,71,A32,A43,10080,A61,A71,1,A101,3,A121,1,A141,A151,3,A173,1,A191,A201,A91,0.500747,POSITIVE
A11,71,A30,A43,10080,A61,A71,1,A103,3,A121,0,A141,A151,3,A173,1,A191,A201,A91,0.499270,NEGATIVE
A11,71,A30,A43,10080,A61,A71,1,A103,3,A121,1,A141,A151,3,A173,1,A191,A201,A91,0.500437,POSITIVE
A11,71,A32,A43,10080,A61,A71,1,A103,3,A121,0,A141,A151,1,A173,1,A191,A201,A91,0.499752,NEGATIVE
A11,71,A32,A43,10080,A61,A71,1,A103,3,A121,1,A141,A151,1,A173,1,A191,A201,A91,0.500920,POSITIVE
A11,71,A30,A43,10080,A61,A71,1,A101,3,A121,0,A141,A151,3,A171,1,A191,A201,A91,0.499119,NEGATIVE
A11,71,A30,A43,10080,A61,A71,1,A101,3,A121,1,A141,A151,3,A171,1,A191,A201,A91,0.500286,POSITIVE
A11,71,A32,A43,10080,A61,A71,1,A101,3,A121,0,A141,A151,1,A171,1,A191,A201,A91,0.499602,NEGATIVE
A11,71,A32,A43,10080,A61,A71,1,A101,3,A121,1,A141,A151,1,A171,1,A191,A201,A91,0.500769,POSITIVE
A11,71,A30,A43,10080,A61,A71,1,A103,3,A121,0,A141,A151,1,A171,1,A191,A201,A91,0.499292,NEGATIVE
A11,71,A30,A43,10080,A61,A71,1,A103,3,A121,1,A141,A151,1,A171,1,A191,A201,A91,0.500459,POSITIVE
A11,61,A30,A43,10080,A61,A71,1,A101,3,A121,0,A141,A151,1,A171,1,A191,A201,A91,0.499136,NEGATIVE
A11,61,A30,A43,10080,A61,A71,1,A101,3,A121,1,A141,A151,1,A171,1,A191,A201,A91,0.500303,POSITIVE
A11,71,A30,A43,10080,A61,A71,1,A101,1,A121,0,A141,A151,1,A171,1,A191,A201,A91,0.499424,NEGATIVE
A11,71,A30,A43,10080,A61,A71,1,A101,1,A121,1,A141,A151,1,A171,1,A191,A201,A91,0.500592,POSITIVE
A12,63,A31,A43,10091,A62,A72,1,A102,1,A122,0,A142,A152,1,A172,1,A191,A201,A91,0.499992,NEGATIVE
A12,63,A31,A43,10091,A62,A72,1,A102,1,A122,1,A142,A152,1,A172,1,A191,A201,A91,0.501160,POSITIVE
A11,61,A32,A42,10119,A61,A71,1,A101,3,A121,0,A141,A151,3,A171,1,A191,A201,A91,0.499727,NEGATIVE
A11,61,A32,A42,10119,A61,A71,1,A101,3,A121,1,A141,A151,3,A171,1,A191,A201,A91,0.500894,POSITIVE
A11,71,A32,A42,10119,A61,A71,1,A101,1,A121,0,A141,A151,3,A173,1,A191,A201,A91,0.498973,NEGATIVE
A11,71,A32,A42,10119,A61,A71,1,A101,1,A121,1,A141,A151,3,A173,1,A191,A201,A91,0.500141,POSITIVE
A11,71,A32,A42,10122,A61,A71,1,A101,1,A121,0,A141,A151,3,A171,1,A191,A201,A91,0.499748,NEGATIVE
A11,71,A32,A42,10122,A61,A71,1,A101,1,A121,1,A141,A151,3,A171,1,A191,A201,A91,0.500915,POSITIVE
A11,71,A32,A42,10119,A61,A71,1,A101,1,A121,0,A141,A151,1,A171,1,A191,A201,A91,0.498995,NEGATIVE
A11,71,A32,A42,10119,A61,A71,1,A101,1,A121,1,A141,A151,1,A171,1,A191,A201,A91,0.500163,POSITIVE
A11,61,A32,A42,10119,A61,A71,3,A101,1,A121,0,A141,A151,3,A171,1,A191,A201,A91,0.499801,NEGATIVE
A11,61,A32,A42,10119,A61,A71,3,A101,1,A121,1,A141,A151,3,A171,1,A191,A201,A91,0.500967,POSITIVE
A11,61,A32,A42,10122,A61,A71,1,A101,1,A121,0,A141,A151,3,A173,1,A191,A201,A91,0.499743,NEGATIVE
A11,61,A32,A42,10122,A61,A71,1,A101,1,A121,1,A141,A151,3,A173,1,A191,A201,A91,0.500910,POSITIVE
A11,61,A32,A42,10119,A61,A71,1,A101,1,A121,0,A141,A151,1,A173,1,A191,A201,A91,0.498990,NEGATIVE
A11,61,A32,A42,10119,A61,A71,1,A101,1,A121,1,A141,A151,1,A173,1,A191,A201,A91,0.500157,POSITIVE
A11,61,A30,A42,10119,A61,A71,1,A101,1,A121,0,A141,A151,3,A171,1,A191,A201,A91,0.499549,NEGATIVE
A11,61,A30,A42,10119,A61,A71,1,A101,1,A121,1,A141,A151,3,A171,1,A191,A201,A91,0.500717,POSITIVE
A11,61,A32,A42,10122,A61,A71,1,A101,1,A121,0,A141,A151,1,A171,1,A191,A201,A91,0.499765,NEGATIVE
A11,61,A32,A42,10122,A61,A71,1,A101,1,A121,1,A141,A151,1,A171,1,A191,A201,A91,0.500932,POSITIVE
A11,61,A32,A40,10119,A61,A71,1,A101,1,A121,0,A141,A151,3,A171,1,A191,A201,A91,0.499287,NEGATIVE
A11,61,A32,A40,10119,A61,A71,1,A101,1,A121,1,A141,A151,3,A171,1,A191,A201,A91,0.500454,POSITIVE
A11,71,A32,A42,10080,A61,A71,1,A101,3,A121,0,A141,A151,3,A171,1,A191,A201,A91,0.499739,NEGATIVE
A11,71,A32,A42,10080,A61,A71,1,A101,3,A121,1,A141,A151,3,A171,1,A191,A201,A91,0.500906,POSITIVE
A11,61,A32,A42,10080,A61,A71,3,A101,3,A121,0,A141,A151,3,A171,1,A191,A201,A91,0.499524,NEGATIVE
A11,61,A32,A42,10080,A61,A71,3,A101,3,A121,1,A141,A151,3,A171,1,A191,A201,A91,0.500690,POSITIVE
A11,61,A32,A42,10080,A61,A71,1,A101,3,A121,0,A141,A151,3,A173,1,A191,A201,A91,0.499733,NEGATIVE
A11,61,A32,A42,10080,A61,A71,1,A101,3,A121,1,A141,A151,3,A173,1,A191,A201,A91,0.500901,POSITIVE
A11,61,A30,A42,10080,A61,A71,1,A101,3,A121,0,A141,A151,3,A171,1,A191,A201,A91,0.499273,NEGATIVE
A11,61,A30,A42,10080,A61,A71,1,A101,3,A121,1,A141,A151,3,A171,1,A191,A201,A91,0.500440,POSITIVE
A11,61,A32,A42,10080,A61,A71,1,A101,3,A121,0,A141,A151,1,A171,1,A191,A201,A91,0.499755,NEGATIVE
A11,61,A32,A42,10080,A61,A71,1,A101,3,A121,1,A141,A151,1,A171,1,A191,A201,A91,0.500922,POSITIVE
A11,61,A32,A40,10080,A61,A71,1,A101,3,A121,0,A141,A151,3,A171,1,A191,A201,A91,0.499010,NEGATIVE
A11,61,A32,A40,10080,A61,A71,1,A101,3,A121,1,A141,A151,3,A171,1,A191,A201,A91,0.500177,POSITIVE
A11,71,A32,A42,10080,A61,A71,3,A101,1,A121,0,A141,A151,3,A171,1,A191,A201,A91,0.499812,NEGATIVE
A11,71,A32,A42,10080,A61,A71,3,A101,1,A121,1,A141,A151,3,A171,1,A191,A201,A91,0.500979,POSITIVE
A11,71,A32,A42,10083,A61,A71,1,A101,1,A121,0,A141,A151,3,A173,1,A191,A201,A91,0.499755,NEGATIVE
A11,71,A32,A42,10083,A61,A71,1,A101,1,A121,1,A141,A151,3,A173,1,A191,A201,A91,0.500922,POSITIVE
A11,71,A32,A42,10080,A61,A71,1,A101,1,A121,0,A141,A151,1,A173,1,A191,A201,A91,0.499002,NEGATIVE
A11,71,A32,A42,10080,A61,A71,1,A101,1,A121,1,A141,A151,1,A173,1,A191,A201,A91,0.500169,POSITIVE
A11,71,A30,A42,10080,A61,A71,1,A101,1,A121,0,A141,A151,3,A171,1,A191,A201,A91,0.499562,NEGATIVE
A11,71,A30,A42,10080,A61,A71,1,A101,1,A121,1,A141,A151,3,A171,1,A191,A201,A91,0.500728,POSITIVE
A11,71,A32,A42,10083,A61,A71,1,A101,1,A121,0,A141,A151,1,A171,1,A191,A201,A91,0.499777,NEGATIVE
A11,71,A32,A42,10083,A61,A71,1,A101,1,A121,1,A141,A151,1,A171,1,A191,A201,A91,0.500944,POSITIVE
A11,71,A32,A40,10080,A61,A71,1,A101,1,A121,0,A141,A151,3,A171,1,A191,A201,A91,0.499299,NEGATIVE
A11,71,A32,A40,10080,A61,A71,1,A101,1,A121,1,A141,A151,3,A171,1,A191,A201,A91,0.500466,POSITIVE
A11,61,A32,A42,10080,A61,A71,3,A101,1,A121,0,A141,A151,3,A173,1,A191,A201,A91,0.499807,NEGATIVE
A11,61,A32,A42,10080,A61,A71,3,A101,1,A121,1,A141,A151,3,A173,1,A191,A201,A91,0.500974,POSITIVE
A11,61,A30,A42,10080,A61,A71,3,A101,1,A121,0,A141,A151,3,A171,1,A191,A201,A91,0.499346,NEGATIVE
A11,61,A30,A42,10080,A61,A71,3,A101,1,A121,1,A141,A151,3,A171,1,A191,A201,A91,0.500513,POSITIVE
A11,61,A32,A42,10080,A61,A71,3,A101,1,A121,0,A141,A151,1,A171,1,A191,A201,A91,0.499829,NEGATIVE
A11,61,A32,A42,10080,A61,A71,3,A101,1,A121,1,A141,A151,1,A171,1,A191,A201,A91,0.500996,POSITIVE
A11,61,A32,A40,10080,A61,A71,3,A101,1,A121,0,A141,A151,3,A171,1,A191,A201,A91,0.499083,NEGATIVE
A11,61,A32,A40,10080,A61,A71,3,A101,1,A121,1,A141,A151,3,A171,1,A191,A201,A91,0.500250,POSITIVE
A11,61,A30,A42,10080,A61,A71,1,A101,1,A121,0,A141,A151,1,A171,1,A191,A201,A91,0.499578,NEGATIVE
A11,61,A30,A42,10080,A61,A71,1,A101,1,A121,1,A141,A151,1,A171,1,A191,A201,A91,0.500745,POSITIVE
A11,61,A32,A40,10080,A61,A71,1,A101,1,A121,0,A141,A151,3,A173,1,A191,A201,A91,0.499293,NEGATIVE
A11,61,A32,A40,10080,A61,A71,1,A101,1,A121,1,A141,A151,3,A173,1,A191,A201,A91,0.500460,POSITIVE
A11,61,A30,A40,10080,A61,A71,1,A101,1,A121,0,A141,A151,3,A171,1,A191,A201,A91,0.498832,NEGATIVE
A11,61,A30,A40,10080,A61,A71,1,A101,1,A121,1,A141,A151,3,A171,1,A191,A201,A91,0.500000,POSITIVE
A11,61,A32,A40,10080,A61,A71,1,A101,1,A121,0,A141,A151,1,A171,1,A191,A201,A91,0.499315,NEGATIVE
A11,61,A32,A40,10080,A61,A71,1,A101,1,A121,1,A141,A151,1,A171,1,A191,A201,A91,0.500482,POSITIVE
A11,51,A30,A43,10119,A61,A71,1,A101,3,A121,0,A141,A151,1,A171,1,A191,A201,A91,0.499124,NEGATIVE
A11,51,A30,A43,10119,A61,A71,1,A101,3,A121,1,A141,A151,1,A171,1,A191,A201,A91,0.500290,POSITIVE
A11,42,A30,A43,10126,A61,A71,1,A101,3,A121,0,A141,A151,1,A172,1,A191,A201,A91,0.499848,NEGATIVE
A11,42,A30,A43,10126,A61,A71,1,A101,3,A121,1,A141,A151,1,A172,1,A191,A201,A91,0.501015,POSITIVE
A12,53,A31,A43,10130,A62,A72,1,A102,1,A122,0,A142,A152,1,A172,1,A191,A201,A91,0.499981,NEGATIVE
A12,53,A31,A43,10130,A62,A72,1,A102,1,A122,1,A142,A152,1,A172,1,A191,A201,A91,0.501148,POSITIVE
A13,48,A32,A44,10149,A63,A73,3,A103,1,A123,0,A143,A153,3,A173,1,A192,A202,A92,0.499987,NEGATIVE
A13,48,A32,A44,10149,A63,A73,3,A103,1,A123,1,A143,A153,3,A173,1,A192,A202,A92,0.501154,POSITIVE
A13,49,A31,A44,10153,A63,A73,1,A102,1,A123,0,A143,A153,3,A174,1,A192,A202,A92,0.499993,NEGATIVE
A13,49,A31,A44,10153,A63,A73,1,A102,1,A123,1,A143,A153,3,A174,1,A192,A202,A92,0.501160,POSITIVE
A13,49,A32,A44,10153,A63,A73,1,A102,1,A123,0,A143,A153,1,A174,1,A192,A202,A92,0.499799,NEGATIVE
A13,49,A32,A44,10153,A63,A73,1,A102,1,A123,1,A143,A153,1,A174,1,A192,A202,A92,0.500966,POSITIVE
A12,45,A31,A44,10138,A62,A72,1,A102,1,A122,0,A142,A152,1,A174,1,A192,A202,A92,0.499925,NEGATIVE
A12,45,A31,A44,10138,A62,A72,1,A102,1,A122,1,A142,A152,1,A174,1,A192,A202,A92,0.501092,POSITIVE
A11,52,A30,A43,10087,A61,A71,1,A101,3,A121,0,A141,A151,1,A172,1,A191,A201,A91,0.499860,NEGATIVE
A11,52,A30,A43,10087,A61,A71,1,A101,3,A121,1,A141,A151,1,A172,1,A191,A201,A91,0.501027,POSITIVE
A13,48,A32,A44,10110,A63,A73,3,A103,3,A123,0,A143,A153,3,A173,1,A192,A202,A92,0.499960,NEGATIVE
A13,48,A32,A44,10110,A63,A73,3,A103,3,A123,1,A143,A153,3,A173,1,A192,A202,A92,0.501128,POSITIVE
A13,58,A32,A44,10110,A63,A73,3,A103,1,A123,0,A143,A153,3,A173,1,A192,A202,A92,0.499999,NEGATIVE
A13,58,A32,A44,10110,A63,A73,3,A103,1,A123,1,A143,A153,3,A173,1,A192,A202,A92,0.501165,POSITIVE
A13,59,A32,A44,10114,A63,A73,1,A102,1,A123,0,A143,A153,1,A174,1,A192,A202,A92,0.499811,NEGATIVE
A13,59,A32,A44,10114,A63,A73,1,A102,1,A123,1,A143,A153,1,A174,1,A192,A202,A92,0.500978,POSITIVE
A12,55,A31,A44,10099,A62,A72,1,A102,1,A122,0,A142,A152,1,A174,1,A192,A202,A92,0.499937,NEGATIVE
A12,55,A31,A44,10099,A62,A72,1,A102,1,A122,1,A142,A152,1,A174,1,A192,A202,A92,0.501104,POSITIVE
A13,48,A31,A44,10110,A63,A73,3,A102,1,A123,0,A143,A153,3,A174,1,A192,A202,A92,0.499953,NEGATIVE
A13,48,A31,A44,10110,A63,A73,3,A102,1,A123,1,A143,A153,3,A174,1,A192,A202,A92,0.501120,POSITIVE
A13,49,A32,A44,10114,A63,A73,3,A103,1,A123,0,A143,A153,1,A174,1,A192,A202,A92,0.499982,NEGATIVE
A13,49,A32,A44,10114,A63,A73,3,A103,1,A123,1,A143,A153,1,A174,1,A192,A202,A92,0.501149,POSITIVE
A13,48,A31,A44,10110,A63,A73,3,A102,1,A123,0,A143,A153,1,A172,1,A192,A202,A92,0.499975,NEGATIVE
A13,48,A31,A44,10110,A63,A73,3,A102,1,A123,1,A143,A153,1,A172,1,A192,A202,A92,0.501142,POSITIVE
A11,51,A32,A42,10119,A61,A71,3,A101,3,A121,0,A141,A151,3,A171,1,A191,A201,A91,0.499512,NEGATIVE
A11,51,A32,A42,10119,A61,A71,3,A101,3,A121,1,A141,A151,3,A171,1,A191,A201,A91,0.500679,POSITIVE
A11,51,A32,A42,10119,A61,A71,1,A101,3,A121,0,A141,A151,3,A173,1,A191,A201,A91,0.499722,NEGATIVE
A11,51,A32,A42,10119,A61,A71,1,A101,3,A121,1,A141,A151,3,A173,1,A191,A201,A91,0.500889,POSITIVE
A11,51,A30,A42,10119,A61,A71,1,A101,3,A121,0,A141,A151,3,A171,1,A191,A201,A91,0.499261,NEGATIVE
A11,51,A30,A42,10119,A61,A71,1,A101,3,A121,1,A141,A151,3,A171,1,A191,A201,A91,0.500428,POSITIVE
A11,51,A32,A42,10119,A61,A71,1,A101,3,A121,0,A141,A151,1,A171,1,A191,A201,A91,0.499744,NEGATIVE
A11,51,A32,A42,10119,A61,A71,1,A101,3,A121,1,A141,A151,1,A171,1,A191,A201,A91,0.500911,POSITIVE
A11,51,A32,A40,10119,A61,A71,1,A101,3,A121,0,A141,A151,3,A171,1,A191,A201,A91,0.498998,NEGATIVE
A11,51,A32,A40,10119,A61,A71,1,A101,3,A121,1,A141,A151,3,A171,1,A191,A201,A91,0.500165,POSITIVE
A11,41,A32,A42,10119,A61,A71,3,A101,3,A121,0,A141,A151,3,A173,1,A191,A201,A91,0.499506,NEGATIVE
A11,41,A32,A42,10119,A61,A71,3,A101,3,A121,1,A141,A151,3,A173,1,A191,A201,A91,0.500673,POSITIVE
A11,41,A30,A42,10119,A61,A71,3,A101,3,A121,0,A141,A151,3,A171,1,A191,A201,A91,0.499045,NEGATIVE
A11,41,A30,A42,10119,A61,A71,3,A101,3,A121,1,A141,A151,3,A171,1,A191,A201,A91,0.500212,POSITIVE
A11,41,A32,A42,10119,A61,A71,3,A101,3,A121,0,A141,A151,1,A171,1,A191,A201,A91,0.499528,NEGATIVE
A11,41,A32,A42,10119,A61,A71,3,A101,3,A121,1,A141,A151,1,A171,1,A191,A201,A91,0.500695,POSITIVE
A11,41,A30,A42,10119,A61,A71,1,A101,3,A121,0,A141,A151,1,A171,1,A191,A201,A91,0.499278,NEGATIVE
A11,41,A30,A42,10119,A61,A71,1,A101,3,A121,1,A141,A151,1,A171,1,A191,A201,A91,0.500445,POSITIVE
A11,41,A32,A40,10119,A61,A71,1,A101,3,A121,0,A141,A151,3,A173,1,A191,A201,A91,0.498993,NEGATIVE
A11,41,A32,A40,10119,A61,A71,1,A101,3,A121,1,A141,A151,3,A173,1,A191,A201,A91,0.500160,POSITIVE
A11,41,A32,A40,10122,A61,A71,1,A101,3,A121,0,A141,A151,3,A171,1,A191,A201,A91,0.499855,NEGATIVE
A11,41,A32,A40,10122,A61,A71,1,A101,3,A121,1,A141,A151,3,A171,1,A191,A201,A91,0.501023,POSITIVE
A11,41,A32,A40,10119,A61,A71,1,A101,3,A121,0,A141,A151,1,A171,1,A191,A201,A91,0.499015,NEGATIVE
A11,41,A32,A40,10119,A61,A71,1,A101,3,A121,1,A141,A151,1,A171,1,A191,A201,A91,0.500182,POSITIVE
A11,51,A32,A42,10119,A61,A71,3,A101,1,A121,0,A141,A151,3,A173,1,A191,A201,A91,0.499795,NEGATIVE
A11,51,A32,A42,10119,A61,A71,3,A101,1,A121,1,A141,A151,3,A173,1,A191,A201,A91,0.500962,POSITIVE
A11,51,A30,A42,10119,A61,A71,3,A101,1,A121,0,A141,A151,3,A171,1,A191,A201,A91,0.499334,NEGATIVE
A11,51,A30,A42,10119,A61,A71,3,A101,1,A121,1,A141,A151,3,A171,1,A191,A201,A91,0.500501,POSITIVE
A11,51,A32,A42,10119,A61,A71,3,A101,1,A121,0,A141,A151,1,A171,1,A191,A201,A91,0.499817,NEGATIVE
A11,51,A32,A42,10119,A61,A71,3,A101,1,A121,1,A141,A151,1,A171,1,A191,A201,A91,0.500984,POSITIVE
A11,51,A32,A40,10119,A61,A71,3,A101,1,A121,0,A141,A151,3,A171,1,A191,A201,A91,0.499071,NEGATIVE
A11,51,A32,A40,10119,A61,A71,3,A101,1,A121,1,A141,A151,3,A171,1,A191,A201,A91,0.500239,POSITIVE
A11,51,A30,A42,10119,A61,A71,1,A101,1,A121,0,A141,A151,1,A171,1,A191,A201,A91,0.499566,NEGATIVE
A11,51,A30,A42,10119,A61,A71,1,A101,1,A121,1,A141,A151,1,A171,1,A191,A201,A91,0.500733,POSITIVE
A11,51,A32,A40,10119,A61,A71,1,A101,1,A121,0,A141,A151,3,A173,1,A191,A201,A91,0.499282,NEGATIVE
A11,51,A32,A40,10119,A61,A71,1,A101,1,A121,1,A141,A151,3,A173,1,A191,A201,A91,0.500448,POSITIVE
A11,52,A32,A40,10126,A61,A71,1,A101,1,A121,0,A141,A151,3,A171,1,A191,A201,A91,0.499966,NEGATIVE
A11,52,A32,A40,10126,A61,A71,1,A101,1,A121,1,A141,A151,3,A171,1,A191,A201,A91,0.501133,POSITIVE
A11,51,A32,A40,10119,A61,A71,1,A101,1,A121,0,A141,A151,1,A171,1,A191,A201,A91,0.499303,NEGATIVE
A11,51,A32,A40,10119,A61,A71,1,A101,1,A121,1,A141,A151,1,A171,1,A191,A201,A91,0.500471,POSITIVE
A11,41,A30,A40,10119,A61,A71,1,A101,1,A121,0,A141,A151,1,A171,1,A191,A201,A91,0.498837,NEGATIVE
A11,41,A30,A40,10119,A61,A71,1,A101,1,A121,1,A141,A151,1,A171,1,A191,A201,A91,0.500004,POSITIVE
A11,51,A32,A42,10080,A61,A71,3,A101,3,A121,0,A141,A151,3,A173,1,A191,A201,A91,0.499518,NEGATIVE
A11,51,A32,A42,10080,A61,A71,3,A101,3,A121,1,A141,A151,3,A173,1,A191,A201,A91,0.500685,POSITIVE
A11,51,A30,A42,10080,A61,A71,3,A101,3,A121,0,A141,A151,3,A171,1,A191,A201,A91,0.499057,NEGATIVE
A11,51,A30,A42,10080,A61,A71,3,A101,3,A121,1,A141,A151,3,A171,1,A191,A201,A91,0.500225,POSITIVE
A11,51,A32,A42,10080,A61,A71,3,A101,3,A121,0,A141,A151,1,A171,1,A191,A201,A91,0.499540,NEGATIVE
A11,51,A32,A42,10080,A61,A71,3,A101,3,A121,1,A141,A151,1,A171,1,A191,A201,A91,0.500707,POSITIVE
A11,51,A30,A42,10080,A61,A71,1,A101,3,A121,0,A141,A151,1,A171,1,A191,A201,A91,0.499289,NEGATIVE
A11,51,A30,A42,10080,A61,A71,1,A101,3,A121,1,A141,A151,1,A171,1,A191,A201,A91,0.500457,POSITIVE
A11,51,A32,A40,10080,A61,A71,1,A101,3,A121,0,A141,A151,3,A173,1,A191,A201,A91,0.499004,NEGATIVE
A11,51,A32,A40,10080,A61,A71,1,A101,3,A121,1,A141,A151,3,A173,1,A191,A201,A91,0.500171,POSITIVE
A11,51,A32,A40,10083,A61,A71,1,A101,3,A121,0,A141,A151,3,A171,1,A191,A201,A91,0.499868,NEGATIVE
A11,51,A32,A40,10083,A61,A71,1,A101,3,A121,1,A141,A151,3,A171,1,A191,A201,A91,0.501034,POSITIVE
A11,51,A32,A40,10080,A61,A71,1,A101,3,A121,0,A141,A151,1,A171,1,A191,A201,A91,0.499026,NEGATIVE
A11,51,A32,A40,10080,A61,A71,1,A101,3,A121,1,A141,A151,1,A171,1,A191,A201,A91,0.500193,POSITIVE
A11,41,A30,A42,10080,A61,A71,3,A101,3,A121,0,A141,A151,1,A171,1,A191,A201,A91,0.499074,NEGATIVE
A11,41,A30,A42,10080,A61,A71,3,A101,3,A121,1,A141,A151,1,A171,1,A191,A201,A91,0.500241,POSITIVE
A11,41,A32,A40,10080,A61,A71,3,A101,3,A121,0,A141,A151,3,A171,1,A191,A201,A91,0.499832,NEGATIVE
A11,41,A32,A40,10080,A61,A71,3,A101,3,A121,1,A141,A151,3,A171,1,A191,A201,A91,0.500998,POSITIVE
A12,45,A31,A41,10099,A62,A72,1,A102,3,A122,0,A142,A152,2,A173,1,A192,A202,A92,0.498848,NEGATIVE
A12,45,A31,A41,10099,A62,A72,1,A102,3,A122,1,A142,A152,2,A173,1,A192,A202,A92,0.500015,POSITIVE
A11,51,A30,A40,10080,A61,A71,1,A101,1,A121,0,A141,A151,1,A171,1,A191,A201,A91,0.498849,NEGATIVE
A11,51,A30,A40,10080,A61,A71,1,A101,1,A121,1,A141,A151,1,A171,1,A191,A201,A91,0.500016,POSITIVE
A11,41,A30,A40,10080,A61,A71,1,A101,1,A121,0,A141,A151,1,A171,1,A191,A201,A91,0.499886,NEGATIVE
A11,41,A30,A40,10080,A61,A71,1,A101,1,A121,1,A141,A151,1,A171,1,A191,A201,A91,0.501053,POSITIVE
A11,71,A30,A43,10041,A61,A71,1,A101,3,A121,0,A141,A151,1,A171,1,A191,A201,A91,0.499148,NEGATIVE
A11,71,A30,A43,10041,A61,A71,1,A101,3,A121,1,A141,A151,1,A171,1,A191,A201,A91,0.500315,POSITIVE
A11,62,A30,A43,10048,A61,A71,1,A101,3,A121,0,A141,A151,1,A172,1,A191,A201,A91,0.499872,NEGATIVE
A11,62,A30,A43,10048,A61,A71,1,A101,3,A121,1,A141,A151,1,A172,1,A191,A201,A91,0.501040,POSITIVE
A12,74,A31,A43,10056,A62,A72,2,A102,1,A122,0,A142,A152,2,A172,1,A191,A201,A91,0.499849,NEGATIVE
A12,74,A31,A43,10056,A62,A72,2,A102,1,A122,1,A142,A152,2,A172,1,A191,A201,A91,0.501016,POSITIVE
A13,69,A32,A44,10075,A63,A73,3,A103,1,A123,0,A143,A153,3,A174,1,A192,A202,A92,0.499980,NEGATIVE
A13,69,A32,A44,10075,A63,A73,3,A103,1,A123,1,A143,A153,3,A174,1,A192,A202,A92,0.501147,POSITIVE
A13,69,A32,A44,10075,A63,A73,1,A102,1,A123,0,A143,A153,1,A174,1,A192,A202,A92,0.499823,NEGATIVE
A13,69,A32,A44,10075,A63,A73,1,A102,1,A123,1,A143,A153,1,A174,1,A192,A202,A92,0.500991,POSITIVE
A12,65,A31,A44,10060,A62,A72,1,A102,1,A122,0,A142,A152,1,A174,1,A192,A202,A92,0.499948,NEGATIVE
A12,65,A31,A44,10060,A62,A72,1,A102,1,A122,1,A142,A152,1,A174,1,A192,A202,A92,0.501115,POSITIVE
A11,72,A30,A43,10008,A61,A71,1,A101,3,A121,0,A141,A151,1,A172,1,A191,A201,A91,0.499905,NEGATIVE
A11,72,A30,A43,10008,A61,A71,1,A101,3,A121,1,A141,A151,1,A172,1,A191,A201,A91,0.501073,POSITIVE
A13,68,A32,A44,10032,A63,A73,3,A103,3,A123,0,A143,A153,3,A173,1,A192,A202,A92,0.499990,NEGATIVE
A13,68,A32,A44,10032,A63,A73,3,A103,3,A123,1,A143,A153,3,A173,1,A192,A202,A92,0.501157,POSITIVE
A13,79,A32,A44,10036,A63,A73,3,A103,1,A123,0,A143,A153,3,A174,1,A192,A202,A92,0.499995,NEGATIVE
A13,79,A32,A44,10036,A63,A73,3,A103,1,A123,1,A143,A153,3,A174,1,A192,A202,A92,0.501162,POSITIVE
A13,79,A32,A44,10036,A63,A73,1,A102,1,A123,0,A143,A153,1,A174,1,A192,A202,A92,0.499837,NEGATIVE
A13,79,A32,A44,10036,A63,A73,1,A102,1,A123,1,A143,A153,1,A174,1,A192,A202,A92,0.501005,POSITIVE
A12,75,A31,A44,10020,A62,A72,1,A102,1,A122,0,A142,A152,1,A174,1,A192,A202,A92,0.499974,NEGATIVE
A12,75,A31,A44,10020,A62,A72,1,A102,1,A122,1,A142,A152,1,A174,1,A192,A202,A92,0.501141,POSITIVE
A13,68,A31,A44,10032,A63,A73,3,A102,1,A123,0,A143,A153,3,A174,1,A192,A202,A92,0.499982,NEGATIVE
A13,68,A31,A44,10032,A63,A73,3,A102,1,A123,1,A143,A153,3,A174,1,A192,A202,A92,0.501149,POSITIVE
A13,68,A32,A44,10032,A63,A73,3,A102,1,A123,0,A143,A153,1,A174,1,A192,A202,A92,0.499863,NEGATIVE
A13,68,A32,A44,10032,A63,A73,3,A102,1,A123,1,A143,A153,1,A174,1,A192,A202,A92,0.501031,POSITIVE
A12,63,A30,A43,10012,A62,A72,3,A102,1,A122,0,A142,A152,1,A173,1,A191,A201,A91,0.499971,NEGATIVE
A12,63,A30,A43,10012,A62,A72,3,A102,1,A122,1,A142,A152,1,A173,1,A191,A201,A91,0.501139,POSITIVE
A13,69,A31,A44,10036,A63,A73,3,A102,1,A123,0,A143,A153,1,A172,1,A192,A202,A92,0.499837,NEGATIVE
A13,69,A31,A44,10036,A63,A73,3,A102,1,A123,1,A143,A153,1,A172,1,A192,A202,A92,0.501005,POSITIVE
A11,71,A32,A42,10041,A61,A71,3,A101,3,A121,0,A141,A151,3,A171,1,A191,A201,A91,0.499535,NEGATIVE
A11,71,A32,A42,10041,A61,A71,3,A101,3,A121,1,A141,A151,3,A171,1,A191,A201,A91,0.500702,POSITIVE
A11,71,A32,A42,10041,A61,A71,1,A101,3,A121,0,A141,A151,3,A173,1,A191,A201,A91,0.499745,NEGATIVE
A11,71,A32,A42,10041,A61,A71,1,A101,3,A121,1,A141,A151,3,A173,1,A191,A201,A91,0.500912,POSITIVE
A11,71,A30,A42,10041,A61,A71,1,A101,3,A121,0,A141,A151,3,A171,1,A191,A201,A91,0.499285,NEGATIVE
A11,71,A30,A42,10041,A61,A71,1,A101,3,A121,1,A141,A151,3,A171,1,A191,A201,A91,0.500452,POSITIVE
A11,71,A32,A42,10041,A61,A71,1,A101,3,A121,0,A141,A151,1,A171,1,A191,A201,A91,0.499767,NEGATIVE
A11,71,A32,A42,10041,A61,A71,1,A101,3,A121,1,A141,A151,1,A171,1,A191,A201,A91,0.500935,POSITIVE
A11,71,A32,A40,10041,A61,A71,1,A101,3,A121,0,A141,A151,3,A171,1,A191,A201,A91,0.499022,NEGATIVE
A11,71,A32,A40,10041,A61,A71,1,A101,3,A121,1,A141,A151,3,A171,1,A191,A201,A91,0.500189,POSITIVE
A11,61,A32,A42,10041,A61,A71,3,A101,3,A121,0,A141,A151,3,A173,1,A191,A201,A91,0.499530,NEGATIVE
A11,61,A32,A42,10041,A61,A71,3,A101,3,A121,1,A141,A151,3,A173,1,A191,A201,A91,0.500697,POSITIVE
A11,61,A30,A42,10041,A61,A71,3,A101,3,A121,0,A141,A151,3,A171,1,A191,A201,A91,0.499069,NEGATIVE
A11,61,A30,A42,10041,A61,A71,3,A101,3,A121,1,A141,A151,3,A171,1,A191,A201,A91,0.500237,POSITIVE
A11,61,A32,A42,10041,A61,A71,3,A101,3,A121,0,A141,A151,1,A171,1,A191,A201,A91,0.499552,NEGATIVE
A11,61,A32,A42,10041,A61,A71,3,A101,3,A121,1,A141,A151,1,A171,1,A191,A201,A91,0.500719,POSITIVE
A11,61,A30,A42,10041,A61,A71,1,A101,3,A121,0,A141,A151,1,A171,1,A191,A201,A91,0.499301,NEGATIVE
A11,61,A30,A42,10041,A61,A71,1,A101,3,A121,1,A141,A151,1,A171,1,A191,A201,A91,0.500469,POSITIVE
A11,61,A32,A40,10041,A61,A71,1,A101,3,A121,0,A141,A151,3,A173,1,A191,A201,A91,0.499016,NEGATIVE
A11,61,A32,A40,10041,A61,A71,1,A101,3,A121,1,A141,A151,3,A173,1,A191,A201,A91,0.500184,POSITIVE
A11,61,A32,A40,10044,A61,A71,1,A101,3,A121,0,A141,A151,3,A171,1,A191,A201,A91,0.499879,NEGATIVE
A11,61,A32,A40,10044,A61,A71,1,A101,3,A121,1,A141,A151,3,A171,1,A191,A201,A91,0.501046,POSITIVE
A11,61,A32,A40,10041,A61,A71,1,A101,3,A121,0,A141,A151,1,A171,1,A191,A201,A91,0.499038,NEGATIVE
A11,61,A32,A40,10041,A61,A71,1,A101,3,A121,1,A141,A151,1,A171,1,A191,A201,A91,0.500206,POSITIVE
A11,71,A32,A42,10041,A61,A71,3,A101,1,A121,0,A141,A151,3,A173,1,A191,A201,A91,0.499819,NEGATIVE
A11,71,A32,A42,10041,A61,A71,3,A101,1,A121,1,A141,A151,3,A173,1,A191,A201,A91,0.500985,POSITIVE
A11,71,A30,A42,10041,A61,A71,3,A101,1,A121,0,A141,A151,3,A171,1,A191,A201,A91,0.499358,NEGATIVE
A11,71,A30,A42,10041,A61,A71,3,A101,1,A121,1,A141,A151,3,A171,1,A191,A201,A91,0.500525,POSITIVE
A11,71,A32,A42,10041,A61,A71,3,A101,1,A121,0,A141,A151,1,A171,1,A191,A201,A91,0.499840,NEGATIVE
A11,71,A32,A42,10041,A61,A71,3,A101,1,A121,1,A141,A151,1,A171,1,A191,A201,A91,0.501008,POSITIVE
A11,71,A32,A40,10041,A61,A71,3,A101,1,A121,0,A141,A151,3,A171,1,A191,A201,A91,0.499095,NEGATIVE
A11,71,A32,A40,10041,A61,A71,3,A101,1,A121,1,A141,A151,3,A171,1,A191,A201,A91,0.500262,POSITIVE
A11,71,A30,A42,10041,A61,A71,1,A101,1,A121,0,A141,A151,1,A171,1,A191,A201,A91,0.499590,NEGATIVE
A11,71,A30,A42,10041,A61,A71,1,A101,1,A121,1,A141,A151,1,A171,1,A191,A201,A91,0.500757,POSITIVE
A11,71,A32,A40,10041,A61,A71,1,A101,1,A121,0,A141,A151,3,A173,1,A191,A201,A91,0.499305,NEGATIVE
A11,71,A32,A40,10041,A61,A71,1,A101,1,A121,1,A141,A151,3,A173,1,A191,A201,A91,0.500472,POSITIVE
A11,71,A30,A40,10041,A61,A71,1,A101,1,A121,0,A141,A151,3,A171,1,A191,A201,A91,0.498844,NEGATIVE
A11,71,A30,A40,10041,A61,A71,1,A101,1,A121,1,A141,A151,3,A171,1,A191,A201,A91,0.500011,POSITIVE
A11,71,A32,A40,10041,A61,A71,1,A101,1,A121,0,A141,A151,1,A171,1,A191,A201,A91,0.499327,NEGATIVE
A11,71,A32,A40,10041,A61,A71,1,A101,1,A121,1,A141,A151,1,A171,1,A191,A201,A91,0.500494,POSITIVE
A11,61,A30,A40,10041,A61,A71,1,A101,1,A121,0,A141,A151,1,A171,1,A191,A201,A91,0.498862,NEGATIVE
A11,61,A30,A40,10041,A61,A71,1,A101,1,A121,1,A141,A151,1,A171,1,A191,A201,A91,0.500028,POSITIVE
A11,71,A32,A42,10001,A61,A71,3,A101,3,A121,0,A141,A151,3,A173,1,A191,A201,A91,0.499569,NEGATIVE
A11,71,A32,A42,10001,A61,A71,3,A101,3,A121,1,A141,A151,3,A173,1,A191,A201,A91,0.500736,POSITIVE
A11,71,A30,A42,10001,A61,A71,3,A101,3,A121,0,A141,A151,3,A171,1,A191,A201,A91,0.499108,NEGATIVE
A11,71,A30,A42,10001,A61,A71,3,A101,3,A121,1,A141,A151,3,A171,1,A191,A201,A91,0.500276,POSITIVE
A11,71,A32,A42,10001,A61,A71,3,A101,3,A121,0,A141,A151,1,A171,1,A191,A201,A91,0.499591,NEGATIVE
A11,71,A32,A42,10001,A61,A71,3,A101,3,A121,1,A141,A151,1,A171,1,A191,A201,A91,0.500758,POSITIVE
A11,71,A32,A40,10001,A61,A71,3,A101,3,A121,0,A141,A151,3,A171,1,A191,A201,A91,0.498845,NEGATIVE
A11,71,A32,A40,10001,A61,A71,3,A101,3,A121,1,A141,A151,3,A171,1,A191,A201,A91,0.500012,POSITIVE
A11,71,A30,A42,10001,A61,A71,1,A101,3,A121,0,A141,A151,1,A171,1,A191,A201,A91,0.499340,NEGATIVE
A11,71,A30,A42,10001,A61,A71,1,A101,3,A121,1,A141,A151,1,A171,1,A191,A201,A91,0.500508,POSITIVE
A11,71,A32,A40,10001,A61,A71,1,A101,3,A121,0,A141,A151,3,A173,1,A191,A201,A91,0.499055,NEGATIVE
A11,71,A32,A40,10001,A61,A71,1,A101,3,A121,1,A141,A151,3,A173,1,A191,A201,A91,0.500223,POSITIVE
A11,71,A32,A40,10004,A61,A71,1,A101,3,A121,0,A141,A151,3,A171,1,A191,A201,A91,0.499916,NEGATIVE
A11,71,A32,A40,10004,A61,A71,1,A101,3,A121,1,A141,A151,3,A171,1,A191,A201,A91,0.501083,POSITIVE
A11,71,A32,A40,10001,A61,A71,1,A101,3,A121,0,A141,A151,1,A171,1,A191,A201,A91,0.499077,NEGATIVE
A11,71,A32,A40,10001,A61,A71,1,A101,3,A121,1,A141,A151,1,A171,1,A191,A201,A91,0.500245,POSITIVE
A11,61,A30,A42,10001,A61,A71,3,A101,3,A121,0,A141,A151,1,A171,1,A191,A201,A91,0.499125,NEGATIVE
A11,61,A30,A42,10001,A61,A71,3,A101,3,A121,1,A141,A151,1,A171,1,A191,A201,A91,0.500292,POSITIVE
A11,61,A32,A40,10001,A61,A71,3,A101,3,A121,0,A141,A151,3,A173,1,A191,A201,A91,0.498840,NEGATIVE
A11,61,A32,A40,10001,A61,A71,3,A101,3,A121,1,A141,A151,3,A173,1,A191,A201,A91,0.500007,POSITIVE
A11,61,A32,A40,10001,A61,A71,3,A101,3,A121,0,A141,A151,3,A171,1,A191,A201,A91,0.499882,NEGATIVE
A11,61,A32,A40,10001,A61,A71,3,A101,3,A121,1,A141,A151,3,A171,1,A191,A201,A91,0.501049,POSITIVE
A11,61,A32,A40,10001,A61,A71,3,A101,3,A121,0,A141,A151,1,A171,1,A191,A201,A91,0.498862,NEGATIVE
A11,61,A32,A40,10001,A61,A71,3,A101,3,A121,1,A141,A151,1,A171,1,A191,A201,A91,0.500029,POSITIVE
A12,65,A31,A41,10020,A62,A72,1,A102,3,A122,0,A142,A152,2,A173,1,A192,A202,A92,0.498885,NEGATIVE
A12,65,A31,A41,10020,A62,A72,1,A102,3,A122,1,A142,A152,2,A173,1,A192,A202,A92,0.500053,POSITIVE
A11,71,A30,A40,10001,A61,A71,1,A101,1,A121,0,A141,A151,1,A171,1,A191,A201,A91,0.498900,NEGATIVE
A11,71,A30,A40,10001,A61,A71,1,A101,1,A121,1,A141,A151,1,A171,1,A191,A201,A91,0.500067,POSITIVE
A11,61,A30,A40,10001,A61,A71,1,A101,1,A121,0,A141,A151,1,A171,1,A191,A201,A91,0.499936,NEGATIVE
A11,61,A30,A40,10001,A61,A71,1,A101,1,A121,1,A141,A151,1,A171,1,A191,A201,A91,0.501103,POSITIVE
A13,58,A32,A44,10071,A63,A73,3,A103,3,A123,0,A143,A153,3,A173,1,A192,A202,A92,0.499972,NEGATIVE
A13,58,A32,A44,10071,A63,A73,3,A103,3,A123,1,A143,A153,3,A173,1,A192,A202,A92,0.501139,POSITIVE
A11,41,A30,A43,10041,A61,A71,3,A101,3,A121,0,A141,A151,1,A173,1,A191,A201,A91,0.499964,NEGATIVE
A11,41,A30,A43,10041,A61,A71,3,A101,3,A121,1,A141,A151,1,A173,1,A191,A201,A91,0.501131,POSITIVE
A12,47,A31,A44,10067,A62,A72,3,A102,3,A122,0,A142,A152,1,A172,1,A192,A202,A92,0.499862,NEGATIVE
A12,47,A31,A44,10067,A62,A72,3,A102,3,A122,1,A142,A152,1,A172,1,A192,A202,A92,0.501029,POSITIVE
A13,48,A31,A44,10071,A63,A73,1,A102,3,A123,0,A143,A153,1,A174,1,A192,A202,A92,0.499908,NEGATIVE
A13,48,A31,A44,10071,A63,A73,1,A102,3,A123,1,A143,A153,1,A174,1,A192,A202,A92,0.501075,POSITIVE
A13,58,A31,A44,10071,A63,A73,3,A102,1,A123,0,A143,A153,3,A174,1,A192,A202,A92,0.499965,NEGATIVE
A13,58,A31,A44,10071,A63,A73,3,A102,1,A123,1,A143,A153,3,A174,1,A192,A202,A92,0.501132,POSITIVE
A13,59,A32,A44,10075,A63,A73,3,A103,1,A123,0,A143,A153,1,A174,1,A192,A202,A92,0.499994,NEGATIVE
A13,59,A32,A44,10075,A63,A73,3,A103,1,A123,1,A143,A153,1,A174,1,A192,A202,A92,0.501161,POSITIVE
A13,58,A31,A44,10071,A63,A73,3,A102,1,A123,0,A143,A153,1,A172,1,A192,A202,A92,0.499986,NEGATIVE
A13,58,A31,A44,10071,A63,A73,3,A102,1,A123,1,A143,A153,1,A172,1,A192,A202,A92,0.501154,POSITIVE
A13,48,A31,A44,10071,A63,A73,3,A102,1,A123,0,A143,A153,1,A174,1,A192,A202,A92,0.499981,NEGATIVE
A13,48,A31,A44,10071,A63,A73,3,A102,1,A123,1,A143,A153,1,A174,1,A192,A202,A92,0.501148,POSITIVE
A12,57,A31,A44,10028,A62,A72,3,A102,3,A122,0,A142,A152,3,A174,1,A192,A202,A92,0.499860,NEGATIVE
A12,57,A31,A44,10028,A62,A72,3,A102,3,A122,1,A142,A152,3,A174,1,A192,A202,A92,0.501027,POSITIVE
A11,51,A30,A43,10004,A61,A71,3,A101,3,A121,0,A141,A151,1,A173,1,A191,A201,A91,0.499971,NEGATIVE
A11,51,A30,A43,10004,A61,A71,3,A101,3,A121,1,A141,A151,1,A173,1,A191,A201,A91,0.501138,POSITIVE
A12,57,A31,A44,10028,A62,A72,3,A102,3,A122,0,A142,A152,1,A172,1,A192,A202,A92,0.499882,NEGATIVE
A12,57,A31,A44,10028,A62,A72,3,A102,3,A122,1,A142,A152,1,A172,1,A192,A202,A92,0.501049,POSITIVE
A13,58,A31,A44,10032,A63,A73,1,A102,3,A123,0,A143,A153,1,A174,1,A192,A202,A92,0.499926,NEGATIVE
A13,58,A31,A44,10032,A63,A73,1,A102,3,A123,1,A143,A153,1,A174,1,A192,A202,A92,0.501093,POSITIVE
A12,47,A31,A44,10028,A62,A72,3,A102,3,A122,0,A142,A152,1,A174,1,A192,A202,A92,0.499876,NEGATIVE
A12,47,A31,A44,10028,A62,A72,3,A102,3,A122,1,A142,A152,1,A174,1,A192,A202,A92,0.501043,POSITIVE
A13,58,A31,A44,10032,A63,A73,3,A102,1,A123,0,A143,A153,1,A174,1,A192,A202,A92,0.499999,NEGATIVE
A13,58,A31,A44,10032,A63,A73,3,A102,1,A123,1,A143,A153,1,A174,1,A192,A202,A92,0.501166,POSITIVE
A11,51,A30,A42,10041,A61,A71,3,A101,3,A121,0,A141,A151,1,A171,1,A191,A201,A91,0.499086,NEGATIVE
A11,51,A30,A42,10041,A61,A71,3,A101,3,A121,1,A141,A151,1,A171,1,A191,A201,A91,0.500254,POSITIVE
A11,51,A32,A40,10041,A61,A71,3,A101,3,A121,0,A141,A151,3,A171,1,A191,A201,A91,0.499843,NEGATIVE
A11,51,A32,A40,10041,A61,A71,3,A101,3,A121,1,A141,A151,3,A171,1,A191,A201,A91,0.501010,POSITIVE
A12,55,A31,A41,10060,A62,A72,1,A102,3,A122,0,A142,A152,2,A173,1,A192,A202,A92,0.498860,NEGATIVE
A12,55,A31,A41,10060,A62,A72,1,A102,3,A122,1,A142,A152,2,A173,1,A192,A202,A92,0.500027,POSITIVE
A11,41,A30,A40,10041,A61,A71,1,A101,3,A121,0,A141,A151,1,A171,1,A191,A201,A91,0.499609,NEGATIVE
A11,41,A30,A40,10041,A61,A71,1,A101,3,A121,1,A141,A151,1,A171,1,A191,A201,A91,0.500776,POSITIVE
A11,51,A30,A40,10041,A61,A71,1,A101,1,A121,0,A141,A151,1,A171,1,A191,A201,A91,0.499898,NEGATIVE
A11,51,A30,A40,10041,A61,A71,1,A101,1,A121,1,A141,A151,1,A171,1,A191,A201,A91,0.501065,POSITIVE
A11,41,A30,A40,10041,A61,A71,3,A101,1,A121,0,A141,A151,1,A171,1,A191,A201,A91,0.499683,NEGATIVE
A11,41,A30,A40,10041,A61,A71,3,A101,1,A121,1,A141,A151,1,A171,1,A191,A201,A91,0.500849,POSITIVE
A13,49,A31,A42,10075,A63,A73,1,A103,1,A123,0,A143,A153,1,A174,1,A192,A202,A92,0.499929,NEGATIVE
A13,49,A31,A42,10075,A63,A73,1,A103,1,A123,1,A143,A153,1,A174,1,A192,A202,A92,0.501097,POSITIVE
A11,41,A30,A40,10041,A61,A71,1,A101,1,A121,0,A141,A151,1,A173,1,A191,A201,A91,0.499892,NEGATIVE
A11,41,A30,A40,10041,A61,A71,1,A101,1,A121,1,A141,A151,1,A173,1,A191,A201,A91,0.501059,POSITIVE
A11,51,A30,A40,10001,A61,A71,1,A101,3,A121,0,A141,A151,1,A171,1,A191,A201,A91,0.499648,NEGATIVE
A11,51,A30,A40,10001,A61,A71,1,A101,3,A121,1,A141,A151,1,A171,1,A191,A201,A91,0.500815,POSITIVE
A11,41,A30,A40,10001,A61,A71,3,A101,3,A121,0,A141,A151,1,A171,1,A191,A201,A91,0.499432,NEGATIVE
A11,41,A30,A40,10001,A61,A71,3,A101,3,A121,1,A141,A151,1,A171,1,A191,A201,A91,0.500599,POSITIVE
A13,48,A31,A42,10032,A63,A73,1,A103,3,A123,0,A143,A153,1,A174,1,A192,A202,A92,0.499850,NEGATIVE
A13,48,A31,A42,10032,A63,A73,1,A103,3,A123,1,A143,A153,1,A174,1,A192,A202,A92,0.501017,POSITIVE
A11,41,A30,A40,10001,A61,A71,1,A101,3,A121,0,A141,A151,1,A173,1,A191,A201,A91,0.499643,NEGATIVE
A11,41,A30,A40,10001,A61,A71,1,A101,3,A121,1,A141,A151,1,A173,1,A191,A201,A91,0.500810,POSITIVE
A12,47,A31,A41,10028,A62,A72,1,A102,3,A122,0,A142,A152,1,A172,1,A192,A202,A92,0.499939,NEGATIVE
A12,47,A31,A41,10028,A62,A72,1,A102,3,A122,1,A142,A152,1,A172,1,A192,A202,A92,0.501107,POSITIVE
A11,51,A30,A40,10001,A61,A71,3,A101,1,A121,0,A141,A151,1,A171,1,A191,A201,A91,0.499721,NEGATIVE
A11,51,A30,A40,10001,A61,A71,3,A101,1,A121,1,A141,A151,1,A171,1,A191,A201,A91,0.500888,POSITIVE
A13,59,A31,A42,10036,A63,A73,1,A103,1,A123,0,A143,A153,1,A174,1,A192,A202,A92,0.499944,NEGATIVE
A13,59,A31,A42,10036,A63,A73,1,A103,1,A123,1,A143,A153,1,A174,1,A192,A202,A92,0.501111,POSITIVE
A11,51,A30,A40,10001,A61,A71,1,A101,1,A121,0,A141,A151,1,A173,1,A191,A201,A91,0.499931,NEGATIVE
A11,51,A30,A40,10001,A61,A71,1,A101,1,A121,1,A141,A151,1,A173,1,A191,A201,A91,0.501098,POSITIVE
A13,48,A31,A42,10032,A63,A73,3,A103,1,A123,0,A143,A153,1,A174,1,A192,A202,A92,0.499923,NEGATIVE
A13,48,A31,A42,10032,A63,A73,3,A103,1,A123,1,A143,A153,1,A174,1,A192,A202,A92,0.501090,POSITIVE
A11,41,A30,A40,10001,A61,A71,3,A101,1,A121,0,A141,A151,1,A173,1,A191,A201,A91,0.499716,NEGATIVE
A11,41,A30,A40,10001,A61,A71,3,A101,1,A121,1,A141,A151,1,A173,1,A191,A201,A91,0.500883,POSITIVE
A13,48,A31,A41,10032,A63,A73,3,A103,1,A123,0,A143,A153,1,A172,1,A192,A202,A92,0.499906,NEGATIVE
A13,48,A31,A41,10032,A63,A73,3,A103,1,A123,1,A143,A153,1,A172,1,A192,A202,A92,0.501073,POSITIVE
A12,37,A31,A46,10145,A62,A72,3,A102,3,A122,0,A142,A152,1,A174,1,A192,A202,A92,0.499942,NEGATIVE
A12,37,A31,A46,10145,A62,A72,3,A102,3,A122,1,A142,A152,1,A174,1,A192,A202,A92,0.501109,POSITIVE
A13,38,A32,A44,10149,A63,A73,3,A103,3,A123,0,A143,A153,3,A173,1,A192,A202,A92,0.499949,NEGATIVE
A13,38,A32,A44,10149,A63,A73,3,A103,3,A123,1,A143,A153,3,A173,1,A192,A202,A92,0.501116,POSITIVE
A11,21,A30,A43,10119,A61,A71,3,A101,3,A121,0,A141,A151,1,A173,1,A191,A201,A91,0.499940,NEGATIVE
A11,21,A30,A43,10119,A61,A71,3,A101,3,A121,1,A141,A151,1,A173,1,A191,A201,A91,0.501107,POSITIVE
A12,27,A31,A44,10145,A62,A72,3,A102,3,A122,0,A142,A152,1,A172,1,A192,A202,A92,0.499838,NEGATIVE
A12,27,A31,A44,10145,A62,A72,3,A102,3,A122,1,A142,A152,1,A172,1,A192,A202,A92,0.501005,POSITIVE
A13,28,A31,A44,10149,A63,A73,1,A102,3,A123,0,A143,A153,1,A174,1,A192,A202,A92,0.499884,NEGATIVE
A13,28,A31,A44,10149,A63,A73,1,A102,3,A123,1,A143,A153,1,A174,1,A192,A202,A92,0.501052,POSITIVE
A13,38,A31,A44,10149,A63,A73,3,A102,1,A123,0,A143,A153,3,A174,1,A192,A202,A92,0.499941,NEGATIVE
A13,38,A31,A44,10149,A63,A73,3,A102,1,A123,1,A143,A153,3,A174,1,A192,A202,A92,0.501108,POSITIVE
A13,38,A32,A44,10149,A63,A73,3,A103,1,A123,0,A143,A153,1,A174,1,A192,A202,A92,0.499999,NEGATIVE
A13,38,A32,A44,10149,A63,A73,3,A103,1,A123,1,A143,A153,1,A174,1,A192,A202,A92,0.501166,POSITIVE
A13,38,A31,A44,10149,A63,A73,3,A102,1,A123,0,A143,A153,1,A172,1,A192,A202,A92,0.499963,NEGATIVE
A13,38,A31,A44,10149,A63,A73,3,A102,1,A123,1,A143,A153,1,A172,1,A192,A202,A92,0.501130,POSITIVE
A13,28,A31,A44,10149,A63,A73,3,A102,1,A123,0,A143,A153,1,A174,1,A192,A202,A92,0.499958,NEGATIVE
A13,28,A31,A44,10149,A63,A73,3,A102,1,A123,1,A143,A153,1,A174,1,A192,A202,A92,0.501125,POSITIVE
A11,31,A30,A43,10080,A61,A71,3,A101,3,A121,0,A141,A151,1,A173,1,A191,A201,A91,0.499952,NEGATIVE
A11,31,A30,A43,10080,A61,A71,3,A101,3,A121,1,A141,A151,1,A173,1,A191,A201,A91,0.501119,POSITIVE
A12,37,A31,A44,10106,A62,A72,3,A102,3,A122,0,A142,A152,1,A172,1,A192,A202,A92,0.499849,NEGATIVE
A12,37,A31,A44,10106,A62,A72,3,A102,3,A122,1,A142,A152,1,A172,1,A192,A202,A92,0.501017,POSITIVE
A13,38,A31,A44,10110,A63,A73,1,A102,3,A123,0,A143,A153,1,A174,1,A192,A202,A92,0.499896,NEGATIVE
A13,38,A31,A44,10110,A63,A73,1,A102,3,A123,1,A143,A153,1,A174,1,A192,A202,A92,0.501064,POSITIVE
A12,27,A31,A44,10106,A62,A72,3,A102,3,A122,0,A142,A152,1,A174,1,A192,A202,A92,0.499844,NEGATIVE
A12,27,A31,A44,10106,A62,A72,3,A102,3,A122,1,A142,A152,1,A174,1,A192,A202,A92,0.501012,POSITIVE
A13,38,A31,A44,10110,A63,A73,3,A102,1,A123,0,A143,A153,1,A174,1,A192,A202,A92,0.499969,NEGATIVE
A13,38,A31,A44,10110,A63,A73,3,A102,1,A123,1,A143,A153,1,A174,1,A192,A202,A92,0.501136,POSITIVE
A11,31,A30,A42,10119,A61,A71,3,A101,3,A121,0,A141,A151,1,A171,1,A191,A201,A91,0.499062,NEGATIVE
A11,31,A30,A42,10119,A61,A71,3,A101,3,A121,1,A141,A151,1,A171,1,A191,A201,A91,0.500229,POSITIVE
A11,31,A32,A40,10119,A61,A71,3,A101,3,A121,0,A141,A151,3,A171,1,A191,A201,A91,0.499819,NEGATIVE
A11,31,A32,A40,10119,A61,A71,3,A101,3,A121,1,A141,A151,3,A171,1,A191,A201,A91,0.500986,POSITIVE
A12,35,A31,A41,10138,A62,A72,1,A102,3,A122,0,A142,A152,2,A173,1,A192,A202,A92,0.498836,NEGATIVE
A12,35,A31,A41,10138,A62,A72,1,A102,3,A122,1,A142,A152,2,A173,1,A192,A202,A92,0.500003,POSITIVE
A11,21,A30,A40,10119,A61,A71,1,A101,3,A121,0,A141,A151,1,A171,1,A191,A201,A91,0.499585,NEGATIVE
A11,21,A30,A40,10119,A61,A71,1,A101,3,A121,1,A141,A151,1,A171,1,A191,A201,A91,0.500752,POSITIVE
A11,31,A30,A40,10119,A61,A71,1,A101,1,A121,0,A141,A151,1,A171,1,A191,A201,A91,0.499874,NEGATIVE
A11,31,A30,A40,10119,A61,A71,1,A101,1,A121,1,A141,A151,1,A171,1,A191,A201,A91,0.501041,POSITIVE
A11,21,A30,A40,10119,A61,A71,3,A101,1,A121,0,A141,A151,1,A171,1,A191,A201,A91,0.499659,NEGATIVE
A11,21,A30,A40,10119,A61,A71,3,A101,1,A121,1,A141,A151,1,A171,1,A191,A201,A91,0.500826,POSITIVE
A13,29,A31,A42,10153,A63,A73,1,A103,1,A123,0,A143,A153,1,A174,1,A192,A202,A92,0.499905,NEGATIVE
A13,29,A31,A42,10153,A63,A73,1,A103,1,A123,1,A143,A153,1,A174,1,A192,A202,A92,0.501073,POSITIVE
A11,21,A30,A40,10119,A61,A71,1,A101,1,A121,0,A141,A151,1,A173,1,A191,A201,A91,0.499869,NEGATIVE
A11,21,A30,A40,10119,A61,A71,1,A101,1,A121,1,A141,A151,1,A173,1,A191,A201,A91,0.501036,POSITIVE
A13,29,A31,A41,10153,A63,A73,1,A103,1,A123,0,A143,A153,1,A172,1,A192,A202,A92,0.499977,NEGATIVE
A13,29,A31,A41,10153,A63,A73,1,A103,1,A123,1,A143,A153,1,A172,1,A192,A202,A92,0.501144,POSITIVE
A11,31,A30,A40,10080,A61,A71,1,A101,3,A121,0,A141,A151,1,A171,1,A191,A201,A91,0.499597,NEGATIVE
A11,31,A30,A40,10080,A61,A71,1,A101,3,A121,1,A141,A151,1,A171,1,A191,A201,A91,0.500764,POSITIVE
A11,21,A30,A40,10080,A61,A71,3,A101,3,A121,0,A141,A151,1,A171,1,A191,A201,A91,0.499382,NEGATIVE
A11,21,A30,A40,10080,A61,A71,3,A101,3,A121,1,A141,A151,1,A171,1,A191,A201,A91,0.500549,POSITIVE
A13,28,A31,A42,10110,A63,A73,1,A103,3,A123,0,A143,A153,1,A174,1,A192,A202,A92,0.499821,NEGATIVE
A13,28,A31,A42,10110,A63,A73,1,A103,3,A123,1,A143,A153,1,A174,1,A192,A202,A92,0.500988,POSITIVE
A11,21,A30,A40,10080,A61,A71,1,A101,3,A121,0,A141,A151,1,A173,1,A191,A201,A91,0.499592,NEGATIVE
A11,21,A30,A40,10080,A61,A71,1,A101,3,A121,1,A141,A151,1,A173,1,A191,A201,A91,0.500759,POSITIVE
A12,27,A31,A41,10106,A62,A72,1,A102,3,A122,0,A142,A152,1,A172,1,A192,A202,A92,0.499907,NEGATIVE
A12,27,A31,A41,10106,A62,A72,1,A102,3,A122,1,A142,A152,1,A172,1,A192,A202,A92,0.501075,POSITIVE
A11,31,A30,A40,10080,A61,A71,3,A101,1,A121,0,A141,A151,1,A171,1,A191,A201,A91,0.499671,NEGATIVE
A11,31,A30,A40,10080,A61,A71,3,A101,1,A121,1,A141,A151,1,A171,1,A191,A201,A91,0.500837,POSITIVE
A13,39,A31,A42,10114,A63,A73,1,A103,1,A123,0,A143,A153,1,A174,1,A192,A202,A92,0.499917,NEGATIVE
A13,39,A31,A42,10114,A63,A73,1,A103,1,A123,1,A143,A153,1,A174,1,A192,A202,A92,0.501085,POSITIVE
A11,31,A30,A40,10080,A61,A71,1,A101,1,A121,0,A141,A151,1,A173,1,A191,A201,A91,0.499880,NEGATIVE
A11,31,A30,A40,10080,A61,A71,1,A101,1,A121,1,A141,A151,1,A173,1,A191,A201,A91,0.501047,POSITIVE
A13,39,A31,A41,10114,A63,A73,1,A103,1,A123,0,A143,A153,1,A172,1,A192,A202,A92,0.499988,NEGATIVE
A13,39,A31,A41,10114,A63,A73,1,A103,1,A123,1,A143,A153,1,A172,1,A192,A202,A92,0.501155,POSITIVE
A13,28,A31,A42,10110,A63,A73,3,A103,1,A123,0,A143,A153,1,A174,1,A192,A202,A92,0.499894,NEGATIVE
A13,28,A31,A42,10110,A63,A73,3,A103,1,A123,1,A143,A153,1,A174,1,A192,A202,A92,0.501061,POSITIVE
A11,21,A30,A40,10080,A61,A71,3,A101,1,A121,0,A141,A151,1,A173,1,A191,A201,A91,0.499665,NEGATIVE
A11,21,A30,A40,10080,A61,A71,3,A101,1,A121,1,A141,A151,1,A173,1,A191,A201,A91,0.500832,POSITIVE
A12,27,A31,A41,10106,A62,A72,3,A102,1,A122,0,A142,A152,1,A172,1,A192,A202,A92,0.499981,NEGATIVE
A12,27,A31,A41,10106,A62,A72,3,A102,1,A122,1,A142,A152,1,A172,1,A192,A202,A92,0.501148,POSITIVE
A13,29,A31,A41,10114,A63,A73,1,A103,1,A123,0,A143,A153,1,A174,1,A192,A202,A92,0.499983,NEGATIVE
A13,29,A31,A41,10114,A63,A73,1,A103,1,A123,1,A143,A153,1,A174,1,A192,A202,A92,0.501150,POSITIVE
A12,16,A31,A44,10141,A62,A72,3,A102,3,A122,0,A142,A152,1,A174,1,A192,A202,A92,0.499996,NEGATIVE
A12,16,A31,A44,10141,A62,A72,3,A102,3,A122,1,A142,A152,1,A174,1,A192,A202,A92,0.501163,POSITIVE
A11,11,A30,A40,10119,A61,A71,3,A101,3,A121,0,A141,A151,1,A171,1,A191,A201,A91,0.499370,NEGATIVE
A11,11,A30,A40,10119,A61,A71,3,A101,3,A121,1,A141,A151,1,A171,1,A191,A201,A91,0.500537,POSITIVE
A13,18,A31,A42,10149,A63,A73,1,A103,3,A123,0,A143,A153,1,A174,1,A192,A202,A92,0.499809,NEGATIVE
A13,18,A31,A42,10149,A63,A73,1,A103,3,A123,1,A143,A153,1,A174,1,A192,A202,A92,0.500976,POSITIVE
A11,11,A30,A40,10119,A61,A71,1,A101,3,A121,0,A141,A151,1,A173,1,A191,A201,A91,0.499580,NEGATIVE
A11,11,A30,A40,10119,A61,A71,1,A101,3,A121,1,A141,A151,1,A173,1,A191,A201,A91,0.500747,POSITIVE
A12,16,A31,A41,10141,A62,A72,1,A102,3,A122,0,A142,A152,1,A172,1,A192,A202,A92,0.499999,NEGATIVE
A12,16,A31,A41,10141,A62,A72,1,A102,3,A122,1,A142,A152,1,A172,1,A192,A202,A92,0.501166,POSITIVE
A13,18,A31,A42,10149,A63,A73,3,A103,1,A123,0,A143,A153,1,A174,1,A192,A202,A92,0.499882,NEGATIVE
A13,18,A31,A42,10149,A63,A73,3,A103,1,A123,1,A143,A153,1,A174,1,A192,A202,A92,0.501050,POSITIVE
A11,11,A30,A40,10119,A61,A71,3,A101,1,A121,0,A141,A151,1,A173,1,A191,A201,A91,0.499654,NEGATIVE
A11,11,A30,A40,10119,A61,A71,3,A101,1,A121,1,A141,A151,1,A173,1,A191,A201,A91,0.500820,POSITIVE
A12,17,A31,A41,10145,A62,A72,3,A102,1,A122,0,A142,A152,1,A172,1,A192,A202,A92,0.499969,NEGATIVE
A12,17,A31,A41,10145,A62,A72,3,A102,1,A122,1,A142,A152,1,A172,1,A192,A202,A92,0.501136,POSITIVE
A13,19,A31,A41,10153,A63,A73,1,A103,1,A123,0,A143,A153,1,A174,1,A192,A202,A92,0.499971,NEGATIVE
A13,19,A31,A41,10153,A63,A73,1,A103,1,A123,1,A143,A153,1,A174,1,A192,A202,A92,0.501138,POSITIVE
A12,16,A31,A42,10102,A62,A72,3,A102,3,A122,0,A142,A152,1,A174,1,A192,A202,A92,0.499990,NEGATIVE
A12,16,A31,A42,10102,A62,A72,3,A102,3,A122,1,A142,A152,1,A174,1,A192,A202,A92,0.501157,POSITIVE
A11,11,A30,A40,10080,A61,A71,3,A101,3,A121,0,A141,A151,1,A173,1,A191,A201,A91,0.499376,NEGATIVE
A11,11,A30,A40,10080,A61,A71,3,A101,3,A121,1,A141,A151,1,A173,1,A191,A201,A91,0.500544,POSITIVE
A12,15,A31,A41,10099,A62,A72,3,A102,3,A122,0,A142,A152,1,A172,1,A192,A202,A92,0.499899,NEGATIVE
A12,15,A31,A41,10099,A62,A72,3,A102,3,A122,1,A142,A152,1,A172,1,A192,A202,A92,0.501067,POSITIVE
A12,17,A31,A41,10106,A62,A72,1,A102,3,A122,0,A142,A152,1,A174,1,A192,A202,A92,0.499902,NEGATIVE
A12,17,A31,A41,10106,A62,A72,1,A102,3,A122,1,A142,A152,1,A174,1,A192,A202,A92,0.501069,POSITIVE
A12,17,A31,A41,10106,A62,A72,3,A102,1,A122,0,A142,A152,1,A174,1,A192,A202,A92,0.499975,NEGATIVE
A12,17,A31,A41,10106,A62,A72,3,A102,1,A122,1,A142,A152,1,A174,1,A192,A202,A92,0.501142,POSITIVE
A12,6,A31,A42,10145,A62,A72,3,A102,3,A122,0,A142,A152,1,A174,1,A192,A202,A92,0.499817,NEGATIVE
A12,6,A31,A42,10145,A62,A72,3,A102,3,A122,1,A142,A152,1,A174,1,A192,A202,A92,0.500984,POSITIVE
A11,0,A30,A40,10119,A61,A71,3,A101,3,A121,0,A141,A151,1,A173,1,A191,A201,A91,0.499468,NEGATIVE
A11,0,A30,A40,10119,A61,A71,3,A101,3,A121,1,A141,A151,1,A173,1,A191,A201,A91,0.500636,POSITIVE
A12,5,A31,A41,10138,A62,A72,3,A102,3,A122,0,A142,A152,1,A172,1,A192,A202,A92,0.499939,NEGATIVE
A12,5,A31,A41,10138,A62,A72,3,A102,3,A122,1,A142,A152,1,A172,1,A192,A202,A92,0.501106,POSITIVE
A12,6,A31,A41,10145,A62,A72,1,A102,3,A122,0,A142,A152,1,A174,1,A192,A202,A92,0.499921,NEGATIVE
A12,6,A31,A41,10145,A62,A72,1,A102,3,A122,1,A142,A152,1,A174,1,A192,A202,A92,0.501088,POSITIVE
A12,6,A31,A41,10145,A62,A72,3,A102,1,A122,0,A142,A152,1,A174,1,A192,A202,A92,0.499995,NEGATIVE
A12,6,A31,A41,10145,A62,A72,3,A102,1,A122,1,A142,A152,1,A174,1,A192,A202,A92,0.501162,POSITIVE
A12,5,A31,A41,10099,A62,A72,3,A102,3,A122,0,A142,A152,1,A174,1,A192,A202,A92,0.499946,NEGATIVE
A12,5,A31,A41,10099,A62,A72,3,A102,3,A122,1,A142,A152,1,A174,1,A192,A202,A92,0.501112,POSITIVE
A12,37,A31,A44,10067,A62,A72,3,A102,3,A122,0,A142,A152,1,A174,1,A192,A202,A92,0.499857,NEGATIVE
A12,37,A31,A44,10067,A62,A72,3,A102,3,A122,1,A142,A152,1,A174,1,A192,A202,A92,0.501024,POSITIVE
A11,31,A30,A40,10041,A61,A71,3,A101,3,A121,0,A141,A151,1,A171,1,A191,A201,A91,0.499393,NEGATIVE
A11,31,A30,A40,10041,A61,A71,3,A101,3,A121,1,A141,A151,1,A171,1,A191,A201,A91,0.500561,POSITIVE
A13,38,A31,A42,10071,A63,A73,1,A103,3,A123,0,A143,A153,1,A174,1,A192,A202,A92,0.499833,NEGATIVE
A13,38,A31,A42,10071,A63,A73,1,A103,3,A123,1,A143,A153,1,A174,1,A192,A202,A92,0.501000,POSITIVE
A11,31,A30,A40,10041,A61,A71,1,A101,3,A121,0,A141,A151,1,A173,1,A191,A201,A91,0.499604,NEGATIVE
A11,31,A30,A40,10041,A61,A71,1,A101,3,A121,1,A141,A151,1,A173,1,A191,A201,A91,0.500771,POSITIVE
A12,37,A31,A41,10067,A62,A72,1,A102,3,A122,0,A142,A152,1,A172,1,A192,A202,A92,0.499919,NEGATIVE
A12,37,A31,A41,10067,A62,A72,1,A102,3,A122,1,A142,A152,1,A172,1,A192,A202,A92,0.501086,POSITIVE
A12,27,A31,A42,10067,A62,A72,3,A102,3,A122,0,A142,A152,1,A174,1,A192,A202,A92,0.499810,NEGATIVE
A12,27,A31,A42,10067,A62,A72,3,A102,3,A122,1,A142,A152,1,A174,1,A192,A202,A92,0.500977,POSITIVE
A11,21,A30,A40,10041,A61,A71,3,A101,3,A121,0,A141,A151,1,A173,1,A191,A201,A91,0.499389,NEGATIVE
A11,21,A30,A40,10041,A61,A71,3,A101,3,A121,1,A141,A151,1,A173,1,A191,A201,A91,0.500556,POSITIVE
A12,25,A31,A41,10060,A62,A72,3,A102,3,A122,0,A142,A152,1,A172,1,A192,A202,A92,0.499911,NEGATIVE
A12,25,A31,A41,10060,A62,A72,3,A102,3,A122,1,A142,A152,1,A172,1,A192,A202,A92,0.501078,POSITIVE
A12,27,A31,A41,10067,A62,A72,1,A102,3,A122,0,A142,A152,1,A174,1,A192,A202,A92,0.499914,NEGATIVE
A12,27,A31,A41,10067,A62,A72,1,A102,3,A122,1,A142,A152,1,A174,1,A192,A202,A92,0.501081,POSITIVE
A13,38,A31,A42,10071,A63,A73,3,A103,1,A123,0,A143,A153,1,A174,1,A192,A202,A92,0.499906,NEGATIVE
A13,38,A31,A42,10071,A63,A73,3,A103,1,A123,1,A143,A153,1,A174,1,A192,A202,A92,0.501073,POSITIVE
A11,31,A30,A40,10041,A61,A71,3,A101,1,A121,0,A141,A151,1,A173,1,A191,A201,A91,0.499677,NEGATIVE
A11,31,A30,A40,10041,A61,A71,3,A101,1,A121,1,A141,A151,1,A173,1,A191,A201,A91,0.500844,POSITIVE
A12,37,A31,A41,10067,A62,A72,3,A102,1,A122,0,A142,A152,1,A172,1,A192,A202,A92,0.499993,NEGATIVE
A12,37,A31,A41,10067,A62,A72,3,A102,1,A122,1,A142,A152,1,A172,1,A192,A202,A92,0.501160,POSITIVE
A13,39,A31,A41,10075,A63,A73,1,A103,1,A123,0,A143,A153,1,A174,1,A192,A202,A92,0.499995,NEGATIVE
A13,39,A31,A41,10075,A63,A73,1,A103,1,A123,1,A143,A153,1,A174,1,A192,A202,A92,0.501162,POSITIVE
A12,27,A31,A41,10067,A62,A72,3,A102,1,A122,0,A142,A152,1,A174,1,A192,A202,A92,0.499987,NEGATIVE
A12,27,A31,A41,10067,A62,A72,3,A102,1,A122,1,A142,A152,1,A174,1,A192,A202,A92,0.501154,POSITIVE
A12,37,A31,A42,10028,A62,A72,3,A102,3,A122,0,A142,A152,1,A174,1,A192,A202,A92,0.499830,NEGATIVE
A12,37,A31,A42,10028,A62,A72,3,A102,3,A122,1,A142,A152,1,A174,1,A192,A202,A92,0.500997,POSITIVE
A11,31,A30,A40,10001,A61,A71,3,A101,3,A121,0,A141,A151,1,A173,1,A191,A201,A91,0.499427,NEGATIVE
A11,31,A30,A40,10001,A61,A71,3,A101,3,A121,1,A141,A151,1,A173,1,A191,A201,A91,0.500594,POSITIVE
A12,35,A31,A41,10020,A62,A72,3,A102,3,A122,0,A142,A152,1,A172,1,A192,A202,A92,0.499936,NEGATIVE
A12,35,A31,A41,10020,A62,A72,3,A102,3,A122,1,A142,A152,1,A172,1,A192,A202,A92,0.501104,POSITIVE
A12,37,A31,A41,10028,A62,A72,1,A102,3,A122,0,A142,A152,1,A174,1,A192,A202,A92,0.499934,NEGATIVE
A12,37,A31,A41,10028,A62,A72,1,A102,3,A122,1,A142,A152,1,A174,1,A192,A202,A92,0.501101,POSITIVE
A12,25,A31,A41,10020,A62,A72,3,A102,3,A122,0,A142,A152,1,A174,1,A192,A202,A92,0.499931,NEGATIVE
A12,25,A31,A41,10020,A62,A72,3,A102,3,A122,1,A142,A152,1,A174,1,A192,A202,A92,0.501098,POSITIVE
A13,38,A31,A41,10032,A63,A73,3,A103,1,A123,0,A143,A153,1,A174,1,A192,A202,A92,0.499900,NEGATIVE
A13,38,A31,A41,10032,A63,A73,3,A103,1,A123,1,A143,A153,1,A174,1,A192,A202,A92,0.501068,POSITIVE
A12,15,A31,A41,10060,A62,A72,3,A102,3,A122,0,A142,A152,1,A174,1,A192,A202,A92,0.499906,NEGATIVE
A12,15,A31,A41,10060,A62,A72,3,A102,3,A122,1,A142,A152,1,A174,1,A192,A202,A92,0.501073,POSITIVE
A13,78,A31,A46,9992,A63,A73,3,A103,3,A123,0,A143,A153,1,A174,1,A192,A202,A92,0.499913,NEGATIVE
A13,78,A31,A46,9992,A63,A73,3,A103,3,A123,1,A143,A153,1,A174,1,A192,A202,A92,0.501080,POSITIVE
A13,79,A32,A44,9996,A63,A73,3,A103,3,A123,0,A143,A153,3,A174,1,A192,A202,A92,0.499868,NEGATIVE
A13,79,A32,A44,9996,A63,A73,3,A103,3,A123,1,A143,A153,3,A174,1,A192,A202,A92,0.501035,POSITIVE
A12,67,A31,A44,9988,A62,A72,3,A102,3,A122,0,A142,A152,3,A174,1,A192,A202,A92,0.499891,NEGATIVE
A12,67,A31,A44,9988,A62,A72,3,A102,3,A122,1,A142,A152,3,A174,1,A192,A202,A92,0.501058,POSITIVE
A11,61,A30,A43,9965,A61,A71,3,A101,3,A121,0,A141,A151,1,A173,1,A191,A201,A91,0.499985,NEGATIVE
A11,61,A30,A43,9965,A61,A71,3,A101,3,A121,1,A141,A151,1,A173,1,A191,A201,A91,0.501152,POSITIVE
A12,67,A31,A44,9988,A62,A72,3,A102,3,A122,0,A142,A152,1,A172,1,A192,A202,A92,0.499912,NEGATIVE
A12,67,A31,A44,9988,A62,A72,3,A102,3,A122,1,A142,A152,1,A172,1,A192,A202,A92,0.501080,POSITIVE
A13,68,A31,A44,9992,A63,A73,1,A102,3,A123,0,A143,A153,1,A174,1,A192,A202,A92,0.499959,NEGATIVE
A13,68,A31,A44,9992,A63,A73,1,A102,3,A123,1,A143,A153,1,A174,1,A192,A202,A92,0.501126,POSITIVE
A13,79,A31,A44,9996,A63,A73,3,A102,1,A123,0,A143,A153,3,A174,1,A192,A202,A92,0.499852,NEGATIVE
A13,79,A31,A44,9996,A63,A73,3,A102,1,A123,1,A143,A153,3,A174,1,A192,A202,A92,0.501019,POSITIVE
A13,78,A32,A44,9992,A63,A73,3,A102,1,A123,0,A143,A153,1,A174,1,A192,A202,A92,0.499897,NEGATIVE
A13,78,A32,A44,9992,A63,A73,3,A102,1,A123,1,A143,A153,1,A174,1,A192,A202,A92,0.501064,POSITIVE
A12,73,A30,A43,9973,A62,A72,3,A102,1,A122,0,A142,A152,1,A173,1,A191,A201,A91,0.499991,NEGATIVE
A12,73,A30,A43,9973,A62,A72,3,A102,1,A122,1,A142,A152,1,A173,1,A191,A201,A91,0.501158,POSITIVE
A13,79,A31,A44,9996,A63,A73,3,A102,1,A123,0,A143,A153,1,A172,1,A192,A202,A92,0.499874,NEGATIVE
A13,79,A31,A44,9996,A63,A73,3,A102,1,A123,1,A143,A153,1,A172,1,A192,A202,A92,0.501040,POSITIVE
A13,69,A31,A44,9996,A63,A73,3,A102,1,A123,0,A143,A153,1,A174,1,A192,A202,A92,0.499869,NEGATIVE
A13,69,A31,A44,9996,A63,A73,3,A102,1,A123,1,A143,A153,1,A174,1,A192,A202,A92,0.501036,POSITIVE
A12,77,A31,A44,9949,A62,A72,3,A102,3,A122,0,A142,A152,3,A174,1,A192,A202,A92,0.499903,NEGATIVE
A12,77,A31,A44,9949,A62,A72,3,A102,3,A122,1,A142,A152,3,A174,1,A192,A202,A92,0.501070,POSITIVE
A11,71,A30,A43,9926,A61,A71,3,A101,3,A121,0,A141,A151,1,A173,1,A191,A201,A91,0.499997,NEGATIVE
A11,71,A30,A43,9926,A61,A71,3,A101,3,A121,1,A141,A151,1,A173,1,A191,A201,A91,0.501164,POSITIVE
A12,77,A31,A44,9949,A62,A72,3,A102,3,A122,0,A142,A152,1,A172,1,A192,A202,A92,0.499924,NEGATIVE
A12,77,A31,A44,9949,A62,A72,3,A102,3,A122,1,A142,A152,1,A172,1,A192,A202,A92,0.501092,POSITIVE
A13,78,A31,A44,9953,A63,A73,1,A102,3,A123,0,A143,A153,1,A174,1,A192,A202,A92,0.499971,NEGATIVE
A13,78,A31,A44,9953,A63,A73,1,A102,3,A123,1,A143,A153,1,A174,1,A192,A202,A92,0.501138,POSITIVE
A12,67,A31,A44,9949,A62,A72,3,A102,3,A122,0,A142,A152,1,A174,1,A192,A202,A92,0.499919,NEGATIVE
A12,67,A31,A44,9949,A62,A72,3,A102,3,A122,1,A142,A152,1,A174,1,A192,A202,A92,0.501086,POSITIVE
A13,79,A31,A44,9957,A63,A73,3,A102,1,A123,0,A143,A153,1,A174,1,A192,A202,A92,0.499880,NEGATIVE
A13,79,A31,A44,9957,A63,A73,3,A102,1,A123,1,A143,A153,1,A174,1,A192,A202,A92,0.501048,POSITIVE
A11,71,A30,A42,9962,A61,A71,3,A101,3,A121,0,A141,A151,1,A171,1,A191,A201,A91,0.499137,NEGATIVE
A11,71,A30,A42,9962,A61,A71,3,A101,3,A121,1,A141,A151,1,A171,1,A191,A201,A91,0.500304,POSITIVE
A11,71,A32,A40,9962,A61,A71,3,A101,3,A121,0,A141,A151,3,A173,1,A191,A201,A91,0.498852,NEGATIVE
A11,71,A32,A40,9962,A61,A71,3,A101,3,A121,1,A141,A151,3,A173,1,A191,A201,A91,0.500019,POSITIVE
A11,71,A32,A40,9962,A61,A71,3,A101,3,A121,0,A141,A151,3,A171,1,A191,A201,A91,0.499894,NEGATIVE
A11,71,A32,A40,9962,A61,A71,3,A101,3,A121,1,A141,A151,3,A171,1,A191,A201,A91,0.501061,POSITIVE
A11,71,A32,A40,9962,A61,A71,3,A101,3,A121,0,A141,A151,1,A171,1,A191,A201,A91,0.498873,NEGATIVE
A11,71,A32,A40,9962,A61,A71,3,A101,3,A121,1,A141,A151,1,A171,1,A191,A201,A91,0.500041,POSITIVE
A12,74,A31,A41,9977,A62,A72,1,A102,3,A122,0,A142,A152,2,A172,1,A191,A201,A91,0.498853,NEGATIVE
A12,74,A31,A41,9977,A62,A72,1,A102,3,A122,1,A142,A152,2,A172,1,A191,A201,A91,0.500021,POSITIVE
A11,61,A30,A40,9962,A61,A71,1,A101,3,A121,0,A141,A151,1,A171,1,A191,A201,A91,0.499660,NEGATIVE
A11,61,A30,A40,9962,A61,A71,1,A101,3,A121,1,A141,A151,1,A171,1,A191,A201,A91,0.500827,POSITIVE
A11,71,A30,A40,9962,A61,A71,1,A101,1,A121,0,A141,A151,1,A171,1,A191,A201,A91,0.499949,NEGATIVE
A11,71,A30,A40,9962,A61,A71,1,A101,1,A121,1,A141,A151,1,A171,1,A191,A201,A91,0.501116,POSITIVE
A11,61,A30,A40,9962,A61,A71,3,A101,1,A121,0,A141,A151,1,A171,1,A191,A201,A91,0.499733,NEGATIVE
A11,61,A30,A40,9962,A61,A71,3,A101,1,A121,1,A141,A151,1,A171,1,A191,A201,A91,0.500901,POSITIVE
A13,69,A31,A42,9996,A63,A73,1,A103,1,A123,0,A143,A153,1,A174,1,A192,A202,A92,0.499980,NEGATIVE
A13,69,A31,A42,9996,A63,A73,1,A103,1,A123,1,A143,A153,1,A174,1,A192,A202,A92,0.501147,POSITIVE
A11,61,A30,A40,9962,A61,A71,1,A101,1,A121,0,A141,A151,1,A173,1,A191,A201,A91,0.499943,NEGATIVE
A11,61,A30,A40,9962,A61,A71,1,A101,1,A121,1,A141,A151,1,A173,1,A191,A201,A91,0.501110,POSITIVE
A11,71,A30,A40,9923,A61,A71,1,A101,3,A121,0,A141,A151,1,A171,1,A191,A201,A91,0.499672,NEGATIVE
A11,71,A30,A40,9923,A61,A71,1,A101,3,A121,1,A141,A151,1,A171,1,A191,A201,A91,0.500839,POSITIVE
A11,61,A30,A40,9923,A61,A71,3,A101,3,A121,0,A141,A151,1,A171,1,A191,A201,A91,0.499456,NEGATIVE
A11,61,A30,A40,9923,A61,A71,3,A101,3,A121,1,A141,A151,1,A171,1,A191,A201,A91,0.500623,POSITIVE
A13,68,A31,A42,9953,A63,A73,1,A103,3,A123,0,A143,A153,1,A174,1,A192,A202,A92,0.499896,NEGATIVE
A13,68,A31,A42,9953,A63,A73,1,A103,3,A123,1,A143,A153,1,A174,1,A192,A202,A92,0.501063,POSITIVE
A11,61,A30,A40,9923,A61,A71,1,A101,3,A121,0,A141,A151,1,A173,1,A191,A201,A91,0.499667,NEGATIVE
A11,61,A30,A40,9923,A61,A71,1,A101,3,A121,1,A141,A151,1,A173,1,A191,A201,A91,0.500834,POSITIVE
A12,67,A31,A41,9949,A62,A72,1,A102,3,A122,0,A142,A152,1,A172,1,A192,A202,A92,0.499982,NEGATIVE
A12,67,A31,A41,9949,A62,A72,1,A102,3,A122,1,A142,A152,1,A172,1,A192,A202,A92,0.501149,POSITIVE
A11,71,A30,A40,9923,A61,A71,3,A101,1,A121,0,A141,A151,1,A171,1,A191,A201,A91,0.499745,NEGATIVE
A11,71,A30,A40,9923,A61,A71,3,A101,1,A121,1,A141,A151,1,A171,1,A191,A201,A91,0.500912,POSITIVE
A13,79,A31,A42,9957,A63,A73,1,A103,1,A123,0,A143,A153,1,A174,1,A192,A202,A92,0.499992,NEGATIVE
A13,79,A31,A42,9957,A63,A73,1,A103,1,A123,1,A143,A153,1,A174,1,A192,A202,A92,0.501160,POSITIVE
A11,71,A30,A40,9923,A61,A71,1,A101,1,A121,0,A141,A151,1,A173,1,A191,A201,A91,0.499955,NEGATIVE
A11,71,A30,A40,9923,A61,A71,1,A101,1,A121,1,A141,A151,1,A173,1,A191,A201,A91,0.501122,POSITIVE
A13,68,A31,A42,9953,A63,A73,3,A103,1,A123,0,A143,A153,1,A174,1,A192,A202,A92,0.499969,NEGATIVE
A13,68,A31,A42,9953,A63,A73,3,A103,1,A123,1,A143,A153,1,A174,1,A192,A202,A92,0.501136,POSITIVE
A11,61,A30,A40,9923,A61,A71,3,A101,1,A121,0,A141,A151,1,A173,1,A191,A201,A91,0.499740,NEGATIVE
A11,61,A30,A40,9923,A61,A71,3,A101,1,A121,1,A141,A151,1,A173,1,A191,A201,A91,0.500907,POSITIVE
A13,68,A31,A41,9953,A63,A73,3,A103,1,A123,0,A143,A153,1,A172,1,A192,A202,A92,0.499951,NEGATIVE
A13,68,A31,A41,9953,A63,A73,3,A103,1,A123,1,A143,A153,1,A172,1,A192,A202,A92,0.501118,POSITIVE
A12,57,A31,A44,9988,A62,A72,3,A102,3,A122,0,A142,A152,1,A174,1,A192,A202,A92,0.499907,NEGATIVE
A12,57,A31,A44,9988,A62,A72,3,A102,3,A122,1,A142,A152,1,A174,1,A192,A202,A92,0.501075,POSITIVE
A11,51,A30,A40,9962,A61,A71,3,A101,3,A121,0,A141,A151,1,A171,1,A191,A201,A91,0.499445,NEGATIVE
A11,51,A30,A40,9962,A61,A71,3,A101,3,A121,1,A141,A151,1,A171,1,A191,A201,A91,0.500612,POSITIVE
A13,58,A31,A42,9992,A63,A73,1,A103,3,A123,0,A143,A153,1,A174,1,A192,A202,A92,0.499884,NEGATIVE
A13,58,A31,A42,9992,A63,A73,1,A103,3,A123,1,A143,A153,1,A174,1,A192,A202,A92,0.501051,POSITIVE
A11,51,A30,A40,9962,A61,A71,1,A101,3,A121,0,A141,A151,1,A173,1,A191,A201,A91,0.499655,NEGATIVE
A11,51,A30,A40,9962,A61,A71,1,A101,3,A121,1,A141,A151,1,A173,1,A191,A201,A91,0.500822,POSITIVE
A12,57,A31,A41,9988,A62,A72,1,A102,3,A122,0,A142,A152,1,A172,1,A192,A202,A92,0.499970,NEGATIVE
A12,57,A31,A41,9988,A62,A72,1,A102,3,A122,1,A142,A152,1,A172,1,A192,A202,A92,0.501137,POSITIVE
A12,47,A31,A42,9988,A62,A72,3,A102,3,A122,0,A142,A152,1,A174,1,A192,A202,A92,0.499860,NEGATIVE
A12,47,A31,A42,9988,A62,A72,3,A102,3,A122,1,A142,A152,1,A174,1,A192,A202,A92,0.501028,POSITIVE
A11,41,A30,A40,9962,A61,A71,3,A101,3,A121,0,A141,A151,1,A173,1,A191,A201,A91,0.499439,NEGATIVE
A11,41,A30,A40,9962,A61,A71,3,A101,3,A121,1,A141,A151,1,A173,1,A191,A201,A91,0.500607,POSITIVE
A12,45,A31,A41,9981,A62,A72,3,A102,3,A122,0,A142,A152,1,A172,1,A192,A202,A92,0.499962,NEGATIVE
A12,45,A31,A41,9981,A62,A72,3,A102,3,A122,1,A142,A152,1,A172,1,A192,A202,A92,0.501129,POSITIVE
A12,47,A31,A41,9988,A62,A72,1,A102,3,A122,0,A142,A152,1,A174,1,A192,A202,A92,0.499965,NEGATIVE
A12,47,A31,A41,9988,A62,A72,1,A102,3,A122,1,A142,A152,1,A174,1,A192,A202,A92,0.501131,POSITIVE
A13,58,A31,A42,9992,A63,A73,3,A103,1,A123,0,A143,A153,1,A174,1,A192,A202,A92,0.499957,NEGATIVE
A13,58,A31,A42,9992,A63,A73,3,A103,1,A123,1,A143,A153,1,A174,1,A192,A202,A92,0.501124,POSITIVE
A11,51,A30,A40,9962,A61,A71,3,A101,1,A121,0,A141,A151,1,A173,1,A191,A201,A91,0.499728,NEGATIVE
A11,51,A30,A40,9962,A61,A71,3,A101,1,A121,1,A141,A151,1,A173,1,A191,A201,A91,0.500895,POSITIVE
A13,58,A31,A41,9992,A63,A73,3,A103,1,A123,0,A143,A153,1,A172,1,A192,A202,A92,0.499939,NEGATIVE
A13,58,A31,A41,9992,A63,A73,3,A103,1,A123,1,A143,A153,1,A172,1,A192,A202,A92,0.501106,POSITIVE
A13,48,A31,A41,9992,A63,A73,3,A103,1,A123,0,A143,A153,1,A174,1,A192,A202,A92,0.499934,NEGATIVE
A13,48,A31,A41,9992,A63,A73,3,A103,1,A123,1,A143,A153,1,A174,1,A192,A202,A92,0.501101,POSITIVE
A12,57,A31,A42,9949,A62,A72,3,A102,3,A122,0,A142,A152,1,A174,1,A192,A202,A92,0.499873,NEGATIVE
A12,57,A31,A42,9949,A62,A72,3,A102,3,A122,1,A142,A152,1,A174,1,A192,A202,A92,0.501040,POSITIVE
A11,51,A30,A40,9923,A61,A71,3,A101,3,A121,0,A141,A151,1,A173,1,A191,A201,A91,0.499451,NEGATIVE
A11,51,A30,A40,9923,A61,A71,3,A101,3,A121,1,A141,A151,1,A173,1,A191,A201,A91,0.500618,POSITIVE
A12,55,A31,A41,9942,A62,A72,3,A102,3,A122,0,A142,A152,1,A172,1,A192,A202,A92,0.499974,NEGATIVE
A12,55,A31,A41,9942,A62,A72,3,A102,3,A122,1,A142,A152,1,A172,1,A192,A202,A92,0.501141,POSITIVE
A12,57,A31,A41,9949,A62,A72,1,A102,3,A122,0,A142,A152,1,A174,1,A192,A202,A92,0.499977,NEGATIVE
A12,57,A31,A41,9949,A62,A72,1,A102,3,A122,1,A142,A152,1,A174,1,A192,A202,A92,0.501144,POSITIVE
A12,45,A31,A41,9942,A62,A72,3,A102,3,A122,0,A142,A152,1,A174,1,A192,A202,A92,0.499969,NEGATIVE
A12,45,A31,A41,9942,A62,A72,3,A102,3,A122,1,A142,A152,1,A174,1,A192,A202,A92,0.501135,POSITIVE
A13,58,A31,A41,9953,A63,A73,3,A103,1,A123,0,A143,A153,1,A174,1,A192,A202,A92,0.499946,NEGATIVE
A13,58,A31,A41,9953,A63,A73,3,A103,1,A123,1,A143,A153,1,A174,1,A192,A202,A92,0.501113,POSITIVE
A12,77,A31,A44,9910,A62,A72,3,A102,3,A122,0,A142,A152,1,A174,1,A192,A202,A92,0.499931,NEGATIVE
A12,77,A31,A44,9910,A62,A72,3,A102,3,A122,1,A142,A152,1,A174,1,A192,A202,A92,0.501098,POSITIVE
A11,71,A30,A40,9884,A61,A71,3,A101,3,A121,0,A141,A151,1,A171,1,A191,A201,A91,0.499469,NEGATIVE
A11,71,A30,A40,9884,A61,A71,3,A101,3,A121,1,A141,A151,1,A171,1,A191,A201,A91,0.500636,POSITIVE
A13,78,A31,A42,9914,A63,A73,1,A103,3,A123,0,A143,A153,1,A174,1,A192,A202,A92,0.499908,NEGATIVE
A13,78,A31,A42,9914,A63,A73,1,A103,3,A123,1,A143,A153,1,A174,1,A192,A202,A92,0.501075,POSITIVE
A11,71,A30,A40,9884,A61,A71,1,A101,3,A121,0,A141,A151,1,A173,1,A191,A201,A91,0.499679,NEGATIVE
A11,71,A30,A40,9884,A61,A71,1,A101,3,A121,1,A141,A151,1,A173,1,A191,A201,A91,0.500846,POSITIVE
A12,77,A31,A41,9910,A62,A72,1,A102,3,A122,0,A142,A152,1,A172,1,A192,A202,A92,0.499994,NEGATIVE
A12,77,A31,A41,9910,A62,A72,1,A102,3,A122,1,A142,A152,1,A172,1,A192,A202,A92,0.501161,POSITIVE
A12,67,A31,A42,9910,A62,A72,3,A102,3,A122,0,A142,A152,1,A174,1,A192,A202,A92,0.499884,NEGATIVE
A12,67,A31,A42,9910,A62,A72,3,A102,3,A122,1,A142,A152,1,A174,1,A192,A202,A92,0.501052,POSITIVE
A11,61,A30,A40,9884,A61,A71,3,A101,3,A121,0,A141,A151,1,A173,1,A191,A201,A91,0.499463,NEGATIVE
A11,61,A30,A40,9884,A61,A71,3,A101,3,A121,1,A141,A151,1,A173,1,A191,A201,A91,0.500630,POSITIVE
A12,65,A31,A41,9903,A62,A72,3,A102,3,A122,0,A142,A152,1,A172,1,A192,A202,A92,0.499986,NEGATIVE
A12,65,A31,A41,9903,A62,A72,3,A102,3,A122,1,A142,A152,1,A172,1,A192,A202,A92,0.501153,POSITIVE
A12,67,A31,A41,9910,A62,A72,1,A102,3,A122,0,A142,A152,1,A174,1,A192,A202,A92,0.499989,NEGATIVE
A12,67,A31,A41,9910,A62,A72,1,A102,3,A122,1,A142,A152,1,A174,1,A192,A202,A92,0.501156,POSITIVE
A13,78,A31,A42,9914,A63,A73,3,A103,1,A123,0,A143,A153,1,A174,1,A192,A202,A92,0.499981,NEGATIVE
A13,78,A31,A42,9914,A63,A73,3,A103,1,A123,1,A143,A153,1,A174,1,A192,A202,A92,0.501148,POSITIVE
A11,71,A30,A40,9884,A61,A71,3,A101,1,A121,0,A141,A151,1,A173,1,A191,A201,A91,0.499752,NEGATIVE
A11,71,A30,A40,9884,A61,A71,3,A101,1,A121,1,A141,A151,1,A173,1,A191,A201,A91,0.500919,POSITIVE
A13,78,A31,A41,9914,A63,A73,3,A103,1,A123,0,A143,A153,1,A172,1,A192,A202,A92,0.499963,NEGATIVE
A13,78,A31,A41,9914,A63,A73,3,A103,1,A123,1,A143,A153,1,A172,1,A192,A202,A92,0.501130,POSITIVE
A13,68,A31,A41,9914,A63,A73,3,A103,1,A123,0,A143,A153,1,A174,1,A192,A202,A92,0.499958,NEGATIVE
A13,68,A31,A41,9914,A63,A73,3,A103,1,A123,1,A143,A153,1,A174,1,A192,A202,A92,0.501125,POSITIVE
A12,77,A31,A42,9871,A62,A72,3,A102,3,A122,0,A142,A152,1,A174,1,A192,A202,A92,0.499896,NEGATIVE
A12,77,A31,A42,9871,A62,A72,3,A102,3,A122,1,A142,A152,1,A174,1,A192,A202,A92,0.501064,POSITIVE
A11,71,A30,A40,9845,A61,A71,3,A101,3,A121,0,A141,A151,1,A173,1,A191,A201,A91,0.499475,NEGATIVE
A11,71,A30,A40,9845,A61,A71,3,A101,3,A121,1,A141,A151,1,A173,1,A191,A201,A91,0.500643,POSITIVE
A12,75,A31,A41,9864,A62,A72,3,A102,3,A122,0,A142,A152,1,A172,1,A192,A202,A92,0.499998,NEGATIVE
A12,75,A31,A41,9864,A62,A72,3,A102,3,A122,1,A142,A152,1,A172,1,A192,A202,A92,0.501164,POSITIVE
A13,78,A31,A41,9875,A63,A73,1,A103,3,A123,0,A143,A153,1,A174,1,A192,A202,A92,0.499897,NEGATIVE
A13,78,A31,A41,9875,A63,A73,1,A103,3,A123,1,A143,A153,1,A174,1,A192,A202,A92,0.501064,POSITIVE
A12,65,A31,A41,9864,A62,A72,3,A102,3,A122,0,A142,A152,1,A174,1,A192,A202,A92,0.499993,NEGATIVE
A12,65,A31,A41,9864,A62,A72,3,A102,3,A122,1,A142,A152,1,A174,1,A192,A202,A92,0.501159,POSITIVE
A13,78,A31,A41,9875,A63,A73,3,A103,1,A123,0,A143,A153,1,A174,1,A192,A202,A92,0.499970,NEGATIVE
A13,78,A31,A41,9875,A63,A73,3,A103,1,A123,1,A143,A153,1,A174,1,A192,A202,A92,0.501137,POSITIVE
A12,55,A31,A41,9903,A62,A72,3,A102,3,A122,0,A142,A152,1,A174,1,A192,A202,A92,0.499980,NEGATIVE
A12,55,A31,A41,9903,A62,A72,3,A102,3,A122,1,A142,A152,1,A174,1,A192,A202,A92,0.501148,POSITIVE
A12,35,A31,A41,9981,A62,A72,3,A102,3,A122,0,A142,A152,1,A174,1,A192,A202,A92,0.499957,NEGATIVE
A12,35,A31,A41,9981,A62,A72,3,A102,3,A122,1,A142,A152,1,A174,1,A192,A202,A92,0.501124,POSITIVE
A12,76,A31,A41,9828,A62,A72,3,A102,3,A122,0,A142,A152,1,A174,1,A192,A202,A92,0.499901,NEGATIVE
A12,76,A31,A41,9828,A62,A72,3,A102,3,A122,1,A142,A152,1,A174,1,A192,A202,A92,0.501068,POSITIVE
