age,capital-gain,capital-loss,decision,education,education-num,hours-per-week,marital-status,native-country,occupation,race,relationship,sex,workclass
79,52500,3375,0,7th-8th,1,89,Married-civ-spouse,Guatemala,Tech-support,White,Not-in-family,Female,Local-gov
79,52500,3375,0,7th-8th,1,89,Married-civ-spouse,Guatemala,Tech-support,White,Not-in-family,Male,Local-gov
81,52500,2286,0,12th,1,90,Married-civ-spouse,Nicaragua,Craft-repair,White,Not-in-family,Female,Local-gov
81,52500,2286,0,12th,1,90,Married-civ-spouse,Nicaragua,Craft-repair,White,Not-in-family,Male,Local-gov
58,52500,2286,0,12th,1,90,Widowed,Nicaragua,Craft-repair,White,Not-in-family,Female,Local-gov
58,52500,2286,0,12th,1,90,Widowed,Nicaragua,Craft-repair,White,Not-in-family,Male,Local-gov
69,52500,3593,0,12th,2,91,Divorced,Scotland,Craft-repair,Asian-Pac-Islander,Not-in-family,Female,Local-gov
69,52500,3593,0,12th,2,91,Divorced,Scotland,Craft-repair,Asian-Pac-Islander,Not-in-family,Male,Local-gov
59,52500,3593,1,Masters,3,92,Divorced,Thailand,Other-service,Asian-Pac-Islander,Other-relative,Female,State-gov
59,52500,3593,1,Masters,3,92,Divorced,Thailand,Other-service,Asian-Pac-Islander,Other-relative,Male,State-gov
64,62500,2722,1,1st-4th,3,93,Divorced,Yugoslavia,Other-service,Amer-Indian-Eskimo,Other-relative,Female,State-gov
64,62500,2722,1,1st-4th,3,93,Divorced,Yugoslavia,Other-service,Amer-Indian-Eskimo,Other-relative,Male,State-gov
62,52500,2504,1,Masters,3,92,Divorced,Thailand,Other-service,Asian-Pac-Islander,Own-child,Female,State-gov
62,52500,2504,1,Masters,3,92,Divorced,Thailand,Other-service,Asian-Pac-Islander,Own-child,Male,State-gov
69,52500,2504,1,Some-college,2,91,Divorced,Scotland,Craft-repair,Asian-Pac-Islander,Not-in-family,Female,Local-gov
69,52500,2504,1,Some-college,2,91,Divorced,Scotland,Craft-repair,Asian-Pac-Islander,Not-in-family,Male,Local-gov
56,52500,3375,0,7th-8th,1,76,Married-civ-spouse,Guatemala,Tech-support,White,Not-in-family,Female,Local-gov
56,52500,3375,0,7th-8th,1,76,Married-civ-spouse,Guatemala,Tech-support,White,Not-in-family,Male,Local-gov
71,52500,2722,0,1st-4th,3,80,Divorced,Yugoslavia,Other-service,Amer-Indian-Eskimo,Other-relative,Female,State-gov
71,52500,2722,0,1st-4th,3,80,Divorced,Yugoslavia,Other-service,Amer-Indian-Eskimo,Other-relative,Male,State-gov
56,52500,2286,0,7th-8th,1,76,Married-civ-spouse,Guatemala,Tech-support,White,Wife,Female,Local-gov
56,52500,2286,0,7th-8th,1,76,Married-civ-spouse,Guatemala,Tech-support,White,Wife,Male,Local-gov
60,52500,2504,0,Some-college,2,78,Divorced,Scotland,Craft-repair,Asian-Pac-Islander,Not-in-family,Female,Local-gov
60,52500,2504,0,Some-college,2,78,Divorced,Scotland,Craft-repair,Asian-Pac-Islander,Not-in-family,Male,Local-gov
58,67500,1415,1,12th,1,91,Divorced,Scotland,Craft-repair,Asian-Pac-Islander,Not-in-family,Female,Local-gov
58,67500,1415,1,12th,1,91,Divorced,Scotland,Craft-repair,Asian-Pac-Islander,Not-in-family,Male,Local-gov
60,52500,1415,0,12th,2,91,Divorced,Scotland,Craft-repair,Asian-Pac-Islander,Not-in-family,Female,Self-emp-not-inc
60,52500,1415,0,12th,2,91,Divorced,Scotland,Craft-repair,Asian-Pac-Islander,Not-in-family,Male,Self-emp-not-inc
62,62500,326,0,Masters,3,92,Divorced,Thailand,Other-service,Asian-Pac-Islander,Other-relative,Female,State-gov
62,62500,326,0,Masters,3,92,Divorced,Thailand,Other-service,Asian-Pac-Islander,Other-relative,Male,State-gov
67,57500,544,1,10th,2,94,Never-married,El-Salvador,Sales,Amer-Indian-Eskimo,Other-relative,Female,State-gov
67,57500,544,1,10th,2,94,Never-married,El-Salvador,Sales,Amer-Indian-Eskimo,Other-relative,Male,State-gov
60,62500,1415,0,12th,1,78,Divorced,Scotland,Craft-repair,Asian-Pac-Islander,Not-in-family,Female,Local-gov
60,62500,1415,0,12th,1,78,Divorced,Scotland,Craft-repair,Asian-Pac-Islander,Not-in-family,Male,Local-gov
70,52500,1415,0,Masters,3,79,Divorced,Thailand,Other-service,Asian-Pac-Islander,Other-relative,Female,State-gov
70,52500,1415,0,Masters,3,79,Divorced,Thailand,Other-service,Asian-Pac-Islander,Other-relative,Male,State-gov
60,52500,544,0,1st-4th,3,80,Divorced,Yugoslavia,Other-service,Amer-Indian-Eskimo,Other-relative,Female,State-gov
60,52500,544,0,1st-4th,3,80,Divorced,Yugoslavia,Other-service,Amer-Indian-Eskimo,Other-relative,Male,State-gov
58,52500,108,1,12th,1,77,Married-civ-spouse,Nicaragua,Craft-repair,White,Wife,Female,Local-gov
58,52500,108,1,12th,1,77,Married-civ-spouse,Nicaragua,Craft-repair,White,Wife,Male,Local-gov
67,57500,1633,1,Prof-school,4,94,Never-married,El-Salvador,Sales,Amer-Indian-Eskimo,Other-relative,Female,State-gov
67,57500,1633,1,Prof-school,4,94,Never-married,El-Salvador,Sales,Amer-Indian-Eskimo,Other-relative,Male,State-gov
56,52500,1197,1,Bachelors,1,89,Married-civ-spouse,Guatemala,Tech-support,White,Wife,Female,Local-gov
56,52500,1197,1,Bachelors,1,89,Married-civ-spouse,Guatemala,Tech-support,White,Wife,Male,Local-gov
56,52500,108,0,Bachelors,1,89,Married-civ-spouse,Guatemala,Tech-support,White,Not-in-family,Female,Local-gov
56,52500,108,0,Bachelors,1,89,Married-civ-spouse,Guatemala,Tech-support,White,Not-in-family,Male,Local-gov
64,52500,1633,0,HS-grad,3,80,Divorced,Yugoslavia,Other-service,Amer-Indian-Eskimo,Other-relative,Female,State-gov
64,52500,1633,0,HS-grad,3,80,Divorced,Yugoslavia,Other-service,Amer-Indian-Eskimo,Other-relative,Male,State-gov
56,52500,108,1,Bachelors,1,76,Married-civ-spouse,Guatemala,Tech-support,White,Not-in-family,Female,Local-gov
56,52500,108,1,Bachelors,1,76,Married-civ-spouse,Guatemala,Tech-support,White,Not-in-family,Male,Local-gov
12,92500,3593,1,12th,2,91,Widowed,Scotland,Craft-repair,Asian-Pac-Islander,Not-in-family,Female,Local-gov
12,92500,3593,1,12th,2,91,Widowed,Scotland,Craft-repair,Asian-Pac-Islander,Not-in-family,Male,Local-gov
13,92500,2504,1,11th,1,92,Married-spouse-absent,Thailand,Other-service,Asian-Pac-Islander,Other-relative,Female,State-gov
13,92500,2504,1,11th,1,92,Married-spouse-absent,Thailand,Other-service,Asian-Pac-Islander,Other-relative,Male,State-gov
15,87500,3811,0,10th,4,94,Married-spouse-absent,El-Salvador,Sales,Amer-Indian-Eskimo,Other-relative,Female,State-gov
15,87500,3811,0,10th,4,94,Married-spouse-absent,El-Salvador,Sales,Amer-Indian-Eskimo,Other-relative,Male,State-gov
13,77500,3593,1,Masters,3,92,Married-spouse-absent,Thailand,Other-service,Asian-Pac-Islander,Own-child,Female,State-gov
13,77500,3593,1,Masters,3,92,Married-spouse-absent,Thailand,Other-service,Asian-Pac-Islander,Own-child,Male,State-gov
15,82500,2722,0,10th,4,94,Married-spouse-absent,El-Salvador,Sales,Amer-Indian-Eskimo,Other-relative,Female,Federal-gov
15,82500,2722,0,10th,4,94,Married-spouse-absent,El-Salvador,Sales,Amer-Indian-Eskimo,Other-relative,Male,Federal-gov
13,87500,3593,1,Masters,3,92,Married-spouse-absent,Dominican-Republic,Other-service,Asian-Pac-Islander,Other-relative,Female,State-gov
13,87500,3593,1,Masters,3,92,Married-spouse-absent,Dominican-Republic,Other-service,Asian-Pac-Islander,Other-relative,Male,State-gov
16,82500,2722,1,10th,5,95,Married-spouse-absent,Ecuador,Exec-managerial,Amer-Indian-Eskimo,Other-relative,Female,State-gov
16,82500,2722,1,10th,5,95,Married-spouse-absent,Ecuador,Exec-managerial,Amer-Indian-Eskimo,Other-relative,Male,State-gov
12,77500,3593,1,12th,2,78,Widowed,France,Craft-repair,Asian-Pac-Islander,Not-in-family,Female,Local-gov
12,77500,3593,1,12th,2,78,Widowed,France,Craft-repair,Asian-Pac-Islander,Not-in-family,Male,Local-gov
13,82500,2504,0,Masters,3,79,Married-spouse-absent,Dominican-Republic,Other-service,Asian-Pac-Islander,Other-relative,Female,State-gov
13,82500,2504,0,Masters,3,79,Married-spouse-absent,Dominican-Republic,Other-service,Asian-Pac-Islander,Other-relative,Male,State-gov
23,77500,3593,1,Some-college,2,91,Widowed,Scotland,Craft-repair,Asian-Pac-Islander,Not-in-family,Female,Local-gov
23,77500,3593,1,Some-college,2,91,Widowed,Scotland,Craft-repair,Asian-Pac-Islander,Not-in-family,Male,Local-gov
10,87500,2286,1,Bachelors,1,89,Widowed,Portugal,Tech-support,White,Not-in-family,Female,Local-gov
10,87500,2286,1,Bachelors,1,89,Widowed,Portugal,Tech-support,White,Not-in-family,Male,Local-gov
11,77500,2286,1,Some-college,1,77,Widowed,Ireland,Craft-repair,White,Not-in-family,Female,Local-gov
11,77500,2286,1,Some-college,1,77,Widowed,Ireland,Craft-repair,White,Not-in-family,Male,Local-gov
12,77500,3593,1,12th,2,91,Divorced,Scotland,Craft-repair,Asian-Pac-Islander,Not-in-family,Female,Local-gov
12,77500,3593,1,12th,2,91,Divorced,Scotland,Craft-repair,Asian-Pac-Islander,Not-in-family,Male,Local-gov
12,77500,2504,1,Some-college,2,91,Divorced,France,Craft-repair,Asian-Pac-Islander,Not-in-family,Female,Local-gov
12,77500,2504,1,Some-college,2,91,Divorced,France,Craft-repair,Asian-Pac-Islander,Not-in-family,Male,Local-gov
14,92500,1633,0,HS-grad,2,93,Married-spouse-absent,Yugoslavia,Other-service,Amer-Indian-Eskimo,Other-relative,Female,State-gov
14,92500,1633,0,HS-grad,2,93,Married-spouse-absent,Yugoslavia,Other-service,Amer-Indian-Eskimo,Other-relative,Male,State-gov
10,77500,108,1,7th-8th,1,76,Widowed,Guatemala,Tech-support,White,Wife,Female,Local-gov
10,77500,108,1,7th-8th,1,76,Widowed,Guatemala,Tech-support,White,Wife,Male,Local-gov
16,82500,1633,1,10th,5,95,Married-spouse-absent,Ecuador,Exec-managerial,Amer-Indian-Eskimo,Other-relative,Female,State-gov
16,82500,1633,1,10th,5,95,Married-spouse-absent,Ecuador,Exec-managerial,Amer-Indian-Eskimo,Other-relative,Male,State-gov
12,77500,1415,1,12th,2,91,Widowed,France,Craft-repair,Asian-Pac-Islander,Wife,Female,Local-gov
12,77500,1415,1,12th,2,91,Widowed,France,Craft-repair,Asian-Pac-Islander,Wife,Male,Local-gov
14,82500,544,0,1st-4th,3,93,Married-spouse-absent,Laos,Other-service,Amer-Indian-Eskimo,Other-relative,Female,State-gov
14,82500,544,0,1st-4th,3,93,Married-spouse-absent,Laos,Other-service,Amer-Indian-Eskimo,Other-relative,Male,State-gov
23,77500,1415,0,Some-college,2,91,Widowed,Scotland,Craft-repair,Asian-Pac-Islander,Not-in-family,Female,Local-gov
23,77500,1415,0,Some-college,2,91,Widowed,Scotland,Craft-repair,Asian-Pac-Islander,Not-in-family,Male,Local-gov
17,82500,762,1,Assoc-acdm,5,96,Married-spouse-absent,Trinadad&Tobago,Exec-managerial,Other,Other-relative,Female,State-gov
17,82500,762,1,Assoc-acdm,5,96,Married-spouse-absent,Trinadad&Tobago,Exec-managerial,Other,Other-relative,Male,State-gov
10,77500,1197,1,Bachelors,1,89,Widowed,Portugal,Tech-support,White,Wife,Female,Local-gov
10,77500,1197,1,Bachelors,1,89,Widowed,Portugal,Tech-support,White,Wife,Male,Local-gov
24,77500,326,1,Masters,3,92,Divorced,Thailand,Other-service,Asian-Pac-Islander,Other-relative,Female,State-gov
24,77500,326,1,Masters,3,92,Divorced,Thailand,Other-service,Asian-Pac-Islander,Other-relative,Male,State-gov
12,77500,1415,0,12th,2,78,Divorced,Scotland,Craft-repair,Asian-Pac-Islander,Not-in-family,Female,Local-gov
12,77500,1415,0,12th,2,78,Divorced,Scotland,Craft-repair,Asian-Pac-Islander,Not-in-family,Male,Local-gov
14,82500,544,0,1st-4th,3,93,Divorced,Laos,Other-service,Amer-Indian-Eskimo,Other-relative,Female,State-gov
14,82500,544,0,1st-4th,3,93,Divorced,Laos,Other-service,Amer-Indian-Eskimo,Other-relative,Male,State-gov
10,77500,1197,1,7th-8th,1,76,Married-civ-spouse,Portugal,Tech-support,White,Not-in-family,Female,Local-gov
10,77500,1197,1,7th-8th,1,76,Married-civ-spouse,Portugal,Tech-support,White,Not-in-family,Male,Local-gov
10,77500,108,0,7th-8th,1,76,Married-civ-spouse,Portugal,Tech-support,White,Not-in-family,Female,Local-gov
10,77500,108,0,7th-8th,1,76,Married-civ-spouse,Portugal,Tech-support,White,Not-in-family,Male,Local-gov
10,87500,108,1,Bachelors,1,89,Married-civ-spouse,Guatemala,Tech-support,White,Not-in-family,Female,Local-gov
10,87500,108,1,Bachelors,1,89,Married-civ-spouse,Guatemala,Tech-support,White,Not-in-family,Male,Local-gov
13,82500,1415,0,11th,3,92,Divorced,Dominican-Republic,Other-service,Asian-Pac-Islander,Other-relative,Female,State-gov
13,82500,1415,0,11th,3,92,Divorced,Dominican-Republic,Other-service,Asian-Pac-Islander,Other-relative,Male,State-gov
15,82500,544,0,Prof-school,2,94,Never-married,Ecuador,Sales,Amer-Indian-Eskimo,Other-relative,Female,State-gov
15,82500,544,0,Prof-school,2,94,Never-married,Ecuador,Sales,Amer-Indian-Eskimo,Other-relative,Male,State-gov
12,77500,2504,1,12th,2,66,Widowed,Scotland,Craft-repair,Asian-Pac-Islander,Not-in-family,Female,Local-gov
12,77500,2504,1,12th,2,66,Widowed,Scotland,Craft-repair,Asian-Pac-Islander,Not-in-family,Male,Local-gov
11,77500,108,1,12th,1,65,Widowed,Nicaragua,Craft-repair,White,Not-in-family,Female,Local-gov
11,77500,108,1,12th,1,65,Widowed,Nicaragua,Craft-repair,White,Not-in-family,Male,Local-gov
11,77500,2286,1,Some-college,1,90,Widowed,Cuba,Craft-repair,White,Not-in-family,Female,Local-gov
11,77500,2286,1,Some-college,1,90,Widowed,Cuba,Craft-repair,White,Not-in-family,Male,Local-gov
11,77500,1197,1,12th,1,90,Widowed,Cuba,Craft-repair,White,Not-in-family,Female,Local-gov
11,77500,1197,1,12th,1,90,Widowed,Cuba,Craft-repair,White,Not-in-family,Male,Local-gov
35,67500,2504,1,Some-college,2,91,Widowed,Scotland,Craft-repair,Asian-Pac-Islander,Not-in-family,Female,Local-gov
35,67500,2504,1,Some-college,2,91,Widowed,Scotland,Craft-repair,Asian-Pac-Islander,Not-in-family,Male,Local-gov
38,62500,2722,0,10th,4,94,Married-spouse-absent,El-Salvador,Sales,Amer-Indian-Eskimo,Other-relative,Female,State-gov
38,62500,2722,0,10th,4,94,Married-spouse-absent,El-Salvador,Sales,Amer-Indian-Eskimo,Other-relative,Male,State-gov
33,52500,3375,1,7th-8th,1,76,Widowed,Guatemala,Tech-support,White,Wife,Female,Local-gov
33,52500,3375,1,7th-8th,1,76,Widowed,Guatemala,Tech-support,White,Wife,Male,Local-gov
45,52500,2286,1,12th,1,77,Widowed,Nicaragua,Craft-repair,White,Not-in-family,Female,Local-gov
45,52500,2286,1,12th,1,77,Widowed,Nicaragua,Craft-repair,White,Not-in-family,Male,Local-gov
37,52500,3811,0,1st-4th,3,93,Married-spouse-absent,Laos,Other-service,Amer-Indian-Eskimo,Other-relative,Female,State-gov
37,52500,3811,0,1st-4th,3,93,Married-spouse-absent,Laos,Other-service,Amer-Indian-Eskimo,Other-relative,Male,State-gov
37,52500,2722,1,1st-4th,3,93,Married-spouse-absent,Laos,Other-service,Amer-Indian-Eskimo,Other-relative,Female,State-gov
37,52500,2722,1,1st-4th,3,93,Married-spouse-absent,Laos,Other-service,Amer-Indian-Eskimo,Other-relative,Male,State-gov
40,57500,4029,1,Assoc-acdm,5,96,Married-spouse-absent,Trinadad&Tobago,Exec-managerial,Other,Other-relative,Female,State-gov
40,57500,4029,1,Assoc-acdm,5,96,Married-spouse-absent,Trinadad&Tobago,Exec-managerial,Other,Other-relative,Male,State-gov
45,52500,2286,0,Some-college,1,90,Widowed,Nicaragua,Craft-repair,White,Not-in-family,Female,Local-gov
45,52500,2286,0,Some-college,1,90,Widowed,Nicaragua,Craft-repair,White,Not-in-family,Male,Local-gov
35,52500,2504,1,Some-college,2,91,Widowed,Scotland,Craft-repair,Asian-Pac-Islander,Not-in-family,Female,Self-emp-not-inc
35,52500,2504,1,Some-college,2,91,Widowed,Scotland,Craft-repair,Asian-Pac-Islander,Not-in-family,Male,Self-emp-not-inc
45,52500,3375,1,Bachelors,1,76,Widowed,Guatemala,Tech-support,White,Not-in-family,Female,Local-gov
45,52500,3375,1,Bachelors,1,76,Widowed,Guatemala,Tech-support,White,Not-in-family,Male,Local-gov
45,52500,2286,0,Bachelors,1,76,Widowed,Guatemala,Tech-support,White,Not-in-family,Female,Local-gov
45,52500,2286,0,Bachelors,1,76,Widowed,Guatemala,Tech-support,White,Not-in-family,Male,Local-gov
35,62500,2504,1,Some-college,2,78,Widowed,Scotland,Craft-repair,Asian-Pac-Islander,Not-in-family,Female,Local-gov
35,62500,2504,1,Some-college,2,78,Widowed,Scotland,Craft-repair,Asian-Pac-Islander,Not-in-family,Male,Local-gov
34,52500,3375,1,Some-college,1,77,Widowed,Ireland,Craft-repair,White,Not-in-family,Female,Local-gov
34,52500,3375,1,Some-college,1,77,Widowed,Ireland,Craft-repair,White,Not-in-family,Male,Local-gov
34,52500,2286,1,Some-college,1,77,Widowed,Ireland,Craft-repair,White,Not-in-family,Female,Local-gov
34,52500,2286,1,Some-college,1,77,Widowed,Ireland,Craft-repair,White,Not-in-family,Male,Local-gov
45,67500,2286,1,7th-8th,1,89,Married-civ-spouse,Guatemala,Tech-support,White,Not-in-family,Female,Local-gov
45,67500,2286,1,7th-8th,1,89,Married-civ-spouse,Guatemala,Tech-support,White,Not-in-family,Male,Local-gov
34,67500,2286,1,12th,1,90,Married-civ-spouse,Nicaragua,Craft-repair,White,Not-in-family,Female,Local-gov
34,67500,2286,1,12th,1,90,Married-civ-spouse,Nicaragua,Craft-repair,White,Not-in-family,Male,Local-gov
47,52500,3593,1,Masters,3,92,Divorced,Thailand,Other-service,Asian-Pac-Islander,Other-relative,Female,State-gov
47,52500,3593,1,Masters,3,92,Divorced,Thailand,Other-service,Asian-Pac-Islander,Other-relative,Male,State-gov
35,52500,3593,0,12th,2,91,Divorced,Scotland,Craft-repair,Asian-Pac-Islander,Not-in-family,Female,Local-gov
35,52500,3593,0,12th,2,91,Divorced,Scotland,Craft-repair,Asian-Pac-Islander,Not-in-family,Male,Local-gov
45,62500,2286,1,7th-8th,1,76,Married-civ-spouse,Guatemala,Tech-support,White,Not-in-family,Female,Local-gov
45,62500,2286,1,7th-8th,1,76,Married-civ-spouse,Guatemala,Tech-support,White,Not-in-family,Male,Local-gov
35,52500,3593,1,12th,2,91,Divorced,France,Craft-repair,Asian-Pac-Islander,Not-in-family,Female,Local-gov
35,52500,3593,1,12th,2,91,Divorced,France,Craft-repair,Asian-Pac-Islander,Not-in-family,Male,Local-gov
48,52500,2722,0,1st-4th,3,93,Divorced,Laos,Other-service,Amer-Indian-Eskimo,Other-relative,Female,State-gov
48,52500,2722,0,1st-4th,3,93,Divorced,Laos,Other-service,Amer-Indian-Eskimo,Other-relative,Male,State-gov
35,52500,2504,0,12th,2,91,Divorced,France,Craft-repair,Asian-Pac-Islander,Wife,Female,Local-gov
35,52500,2504,0,12th,2,91,Divorced,France,Craft-repair,Asian-Pac-Islander,Wife,Male,Local-gov
47,52500,2504,1,Masters,3,79,Divorced,Dominican-Republic,Other-service,Asian-Pac-Islander,Other-relative,Female,State-gov
47,52500,2504,1,Masters,3,79,Divorced,Dominican-Republic,Other-service,Asian-Pac-Islander,Other-relative,Male,State-gov
45,52500,3375,0,Bachelors,1,89,Married-civ-spouse,Guatemala,Tech-support,White,Not-in-family,Female,Local-gov
45,52500,3375,0,Bachelors,1,89,Married-civ-spouse,Guatemala,Tech-support,White,Not-in-family,Male,Local-gov
50,57500,2722,0,Prof-school,5,95,Never-married,El-Salvador,Exec-managerial,Amer-Indian-Eskimo,Other-relative,Female,State-gov
50,57500,2722,0,Prof-school,5,95,Never-married,El-Salvador,Exec-managerial,Amer-Indian-Eskimo,Other-relative,Male,State-gov
51,72500,762,1,Doctorate,5,96,Never-married,Trinadad&Tobago,Exec-managerial,Other,Other-relative,Female,State-gov
51,72500,762,1,Doctorate,5,96,Never-married,Trinadad&Tobago,Exec-managerial,Other,Other-relative,Male,State-gov
42,72500,980,1,5th-6th,7,98,Separated,Hong,Prof-specialty,Black,Unmarried,Female,Without-pay
42,72500,980,1,5th-6th,7,98,Separated,Hong,Prof-specialty,Black,Unmarried,Male,Without-pay
47,67500,1415,0,Masters,1,79,Divorced,Thailand,Other-service,Asian-Pac-Islander,Other-relative,Female,State-gov
47,67500,1415,0,Masters,1,79,Divorced,Thailand,Other-service,Asian-Pac-Islander,Other-relative,Male,State-gov
46,67500,326,0,12th,1,78,Divorced,Scotland,Craft-repair,Asian-Pac-Islander,Not-in-family,Female,Local-gov
46,67500,326,0,12th,1,78,Divorced,Scotland,Craft-repair,Asian-Pac-Islander,Not-in-family,Male,Local-gov
48,67500,1633,1,HS-grad,2,93,Divorced,Yugoslavia,Other-service,Amer-Indian-Eskimo,Other-relative,Female,State-gov
48,67500,1633,1,HS-grad,2,93,Divorced,Yugoslavia,Other-service,Amer-Indian-Eskimo,Other-relative,Male,State-gov
34,67500,1197,0,Some-college,1,90,Married-civ-spouse,Nicaragua,Craft-repair,White,Not-in-family,Female,Local-gov
34,67500,1197,0,Some-college,1,90,Married-civ-spouse,Nicaragua,Craft-repair,White,Not-in-family,Male,Local-gov
33,67500,108,0,Bachelors,1,89,Married-civ-spouse,Guatemala,Tech-support,White,Not-in-family,Female,Local-gov
33,67500,108,0,Bachelors,1,89,Married-civ-spouse,Guatemala,Tech-support,White,Not-in-family,Male,Local-gov
48,57500,1633,0,1st-4th,3,93,Married-spouse-absent,Yugoslavia,Other-service,Amer-Indian-Eskimo,Other-relative,Female,State-gov
48,57500,1633,0,1st-4th,3,93,Married-spouse-absent,Yugoslavia,Other-service,Amer-Indian-Eskimo,Other-relative,Male,State-gov
34,52500,1197,1,12th,1,90,Widowed,Nicaragua,Craft-repair,White,Not-in-family,Female,Private
34,52500,1197,1,12th,1,90,Widowed,Nicaragua,Craft-repair,White,Not-in-family,Male,Private
33,52500,108,0,7th-8th,1,89,Widowed,Guatemala,Tech-support,White,Not-in-family,Female,Private
33,52500,108,0,7th-8th,1,89,Widowed,Guatemala,Tech-support,White,Not-in-family,Male,Private
45,52500,108,0,7th-8th,1,89,Widowed,Guatemala,Tech-support,White,Wife,Female,Local-gov
45,52500,108,0,7th-8th,1,89,Widowed,Guatemala,Tech-support,White,Wife,Male,Local-gov
37,52500,544,1,1st-4th,3,93,Married-spouse-absent,Yugoslavia,Other-service,Amer-Indian-Eskimo,Own-child,Female,State-gov
37,52500,544,1,1st-4th,3,93,Married-spouse-absent,Yugoslavia,Other-service,Amer-Indian-Eskimo,Own-child,Male,State-gov
34,62500,1197,1,12th,1,77,Widowed,Nicaragua,Craft-repair,White,Not-in-family,Female,Local-gov
34,62500,1197,1,12th,1,77,Widowed,Nicaragua,Craft-repair,White,Not-in-family,Male,Local-gov
46,52500,1415,1,12th,2,78,Widowed,Scotland,Craft-repair,Asian-Pac-Islander,Not-in-family,Female,Local-gov
46,52500,1415,1,12th,2,78,Widowed,Scotland,Craft-repair,Asian-Pac-Islander,Not-in-family,Male,Local-gov
36,52500,1415,0,Masters,3,92,Married-spouse-absent,Dominican-Republic,Other-service,Asian-Pac-Islander,Other-relative,Female,State-gov
36,52500,1415,0,Masters,3,92,Married-spouse-absent,Dominican-Republic,Other-service,Asian-Pac-Islander,Other-relative,Male,State-gov
33,52500,1197,0,7th-8th,1,76,Widowed,Portugal,Tech-support,White,Not-in-family,Female,Local-gov
33,52500,1197,0,7th-8th,1,76,Widowed,Portugal,Tech-support,White,Not-in-family,Male,Local-gov
39,57500,1633,1,Prof-school,5,95,Married-spouse-absent,El-Salvador,Exec-managerial,Amer-Indian-Eskimo,Other-relative,Female,State-gov
39,57500,1633,1,Prof-school,5,95,Married-spouse-absent,El-Salvador,Exec-managerial,Amer-Indian-Eskimo,Other-relative,Male,State-gov
36,52500,1415,1,11th,3,92,Married-spouse-absent,Thailand,Other-service,Asian-Pac-Islander,Own-child,Female,State-gov
36,52500,1415,1,11th,3,92,Married-spouse-absent,Thailand,Other-service,Asian-Pac-Islander,Own-child,Male,State-gov
36,57500,326,0,11th,3,92,Married-spouse-absent,Thailand,Other-service,Asian-Pac-Islander,Other-relative,Female,State-gov
36,57500,326,0,11th,3,92,Married-spouse-absent,Thailand,Other-service,Asian-Pac-Islander,Other-relative,Male,State-gov
34,52500,108,1,Some-college,1,90,Widowed,Nicaragua,Craft-repair,White,Wife,Female,Local-gov
34,52500,108,1,Some-college,1,90,Widowed,Nicaragua,Craft-repair,White,Wife,Male,Local-gov
35,52500,326,1,Some-college,2,78,Widowed,Scotland,Craft-repair,Asian-Pac-Islander,Not-in-family,Female,Local-gov
35,52500,326,1,Some-college,2,78,Widowed,Scotland,Craft-repair,Asian-Pac-Islander,Not-in-family,Male,Local-gov
34,52500,1197,0,Some-college,1,90,Widowed,Ireland,Craft-repair,White,Not-in-family,Female,Local-gov
34,52500,1197,0,Some-college,1,90,Widowed,Ireland,Craft-repair,White,Not-in-family,Male,Local-gov
45,52500,1197,0,7th-8th,9,89,Married-civ-spouse,Guatemala,Tech-support,White,Not-in-family,Female,Local-gov
45,52500,1197,0,7th-8th,9,89,Married-civ-spouse,Guatemala,Tech-support,White,Not-in-family,Male,Local-gov
36,52500,326,0,Masters,11,92,Divorced,Thailand,Other-service,Asian-Pac-Islander,Other-relative,Female,State-gov
36,52500,326,0,Masters,11,92,Divorced,Thailand,Other-service,Asian-Pac-Islander,Other-relative,Male,State-gov
37,52500,326,0,12th,10,78,Divorced,Scotland,Craft-repair,Asian-Pac-Islander,Not-in-family,Female,Local-gov
37,52500,326,0,12th,10,78,Divorced,Scotland,Craft-repair,Asian-Pac-Islander,Not-in-family,Male,Local-gov
47,52500,1415,1,Masters,3,92,Divorced,Thailand,Farming-fishing,Asian-Pac-Islander,Other-relative,Female,State-gov
47,52500,1415,1,Masters,3,92,Divorced,Thailand,Farming-fishing,Asian-Pac-Islander,Other-relative,Male,State-gov
45,52500,108,0,12th,1,90,Married-civ-spouse,Nicaragua,Adm-clerical,White,Not-in-family,Female,Local-gov
45,52500,108,0,12th,1,90,Married-civ-spouse,Nicaragua,Adm-clerical,White,Not-in-family,Male,Local-gov
35,62500,326,0,12th,2,91,Divorced,Scotland,Adm-clerical,Asian-Pac-Islander,Not-in-family,Female,Local-gov
35,62500,326,0,12th,2,91,Divorced,Scotland,Adm-clerical,Asian-Pac-Islander,Not-in-family,Male,Local-gov
37,52500,544,0,1st-4th,3,93,Divorced,Yugoslavia,Farming-fishing,Amer-Indian-Eskimo,Other-relative,Female,State-gov
37,52500,544,0,1st-4th,3,93,Divorced,Yugoslavia,Farming-fishing,Amer-Indian-Eskimo,Other-relative,Male,State-gov
45,52500,108,0,7th-8th,1,76,Married-civ-spouse,Guatemala,Machine-op-inspct,White,Not-in-family,Female,Local-gov
45,52500,108,0,7th-8th,1,76,Married-civ-spouse,Guatemala,Machine-op-inspct,White,Not-in-family,Male,Local-gov
36,52500,326,1,Masters,3,79,Divorced,Thailand,Farming-fishing,Asian-Pac-Islander,Other-relative,Female,State-gov
36,52500,326,1,Masters,3,79,Divorced,Thailand,Farming-fishing,Asian-Pac-Islander,Other-relative,Male,State-gov
36,52500,326,1,11th,3,92,Divorced,Thailand,Farming-fishing,Asian-Pac-Islander,Other-relative,Female,State-gov
36,52500,326,1,11th,3,92,Divorced,Thailand,Farming-fishing,Asian-Pac-Islander,Other-relative,Male,State-gov
34,52500,108,0,Some-college,1,77,Married-civ-spouse,Nicaragua,Adm-clerical,White,Not-in-family,Female,Local-gov
34,52500,108,0,Some-college,1,77,Married-civ-spouse,Nicaragua,Adm-clerical,White,Not-in-family,Male,Local-gov
45,62500,1197,0,12th,1,90,Married-civ-spouse,Nicaragua,Craft-repair,White,Wife,Female,Local-gov
45,62500,1197,0,12th,1,90,Married-civ-spouse,Nicaragua,Craft-repair,White,Wife,Male,Local-gov
52,62500,980,1,5th-6th,7,98,Separated,Hong,Prof-specialty,Black,Other-relative,Female,State-gov
52,62500,980,1,5th-6th,7,98,Separated,Hong,Prof-specialty,Black,Other-relative,Male,State-gov
45,52500,1197,0,12th,1,77,Married-civ-spouse,Nicaragua,Craft-repair,White,Not-in-family,Female,Self-emp-not-inc
45,52500,1197,0,12th,1,77,Married-civ-spouse,Nicaragua,Craft-repair,White,Not-in-family,Male,Self-emp-not-inc
48,57500,762,1,Doctorate,5,84,Never-married,Trinadad&Tobago,Exec-managerial,Other,Other-relative,Female,Local-gov
48,57500,762,1,Doctorate,5,84,Never-married,Trinadad&Tobago,Exec-managerial,Other,Other-relative,Male,Local-gov
50,57500,544,0,10th,4,82,Never-married,El-Salvador,Sales,Amer-Indian-Eskimo,Own-child,Female,State-gov
50,57500,544,0,10th,4,82,Never-married,El-Salvador,Sales,Amer-Indian-Eskimo,Own-child,Male,State-gov
40,57500,762,1,Doctorate,5,84,Never-married,Trinadad&Tobago,Exec-managerial,Other,Own-child,Female,State-gov
40,57500,762,1,Doctorate,5,84,Never-married,Trinadad&Tobago,Exec-managerial,Other,Own-child,Male,State-gov
44,57500,1197,1,Prof-school,4,94,Never-married,El-Salvador,Sales,Amer-Indian-Eskimo,Not-in-family,Female,Federal-gov
44,57500,1197,1,Prof-school,4,94,Never-married,El-Salvador,Sales,Amer-Indian-Eskimo,Not-in-family,Male,Federal-gov
47,62500,1415,1,11th,3,79,Divorced,Thailand,Other-service,Asian-Pac-Islander,Other-relative,Female,State-gov
47,62500,1415,1,11th,3,79,Divorced,Thailand,Other-service,Asian-Pac-Islander,Other-relative,Male,State-gov
45,52500,1197,0,Bachelors,1,76,Married-civ-spouse,Guatemala,Tech-support,White,Wife,Female,Local-gov
45,52500,1197,0,Bachelors,1,76,Married-civ-spouse,Guatemala,Tech-support,White,Wife,Male,Local-gov
41,57500,544,0,HS-grad,3,80,Divorced,Yugoslavia,Other-service,Amer-Indian-Eskimo,Other-relative,Female,Self-emp-inc
41,57500,544,0,HS-grad,3,80,Divorced,Yugoslavia,Other-service,Amer-Indian-Eskimo,Other-relative,Male,Self-emp-inc
45,52500,108,0,Bachelors,1,76,Married-civ-spouse,Guatemala,Tech-support,White,Wife,Female,Local-gov
45,52500,108,0,Bachelors,1,76,Married-civ-spouse,Guatemala,Tech-support,White,Wife,Male,Local-gov
39,62500,1633,1,10th,5,95,Never-married,Ecuador,Exec-managerial,Amer-Indian-Eskimo,Other-relative,Female,State-gov
39,62500,1633,1,10th,5,95,Never-married,Ecuador,Exec-managerial,Amer-Indian-Eskimo,Other-relative,Male,State-gov
35,52500,1415,1,12th,2,91,Divorced,France,Craft-repair,Asian-Pac-Islander,Not-in-family,Female,Self-emp-not-inc
35,52500,1415,1,12th,2,91,Divorced,France,Craft-repair,Asian-Pac-Islander,Not-in-family,Male,Self-emp-not-inc
45,52500,1197,0,7th-8th,1,89,Married-civ-spouse,Portugal,Tech-support,White,Wife,Female,Local-gov
45,52500,1197,0,7th-8th,1,89,Married-civ-spouse,Portugal,Tech-support,White,Wife,Male,Local-gov
50,57500,544,0,10th,4,94,Never-married,Ecuador,Sales,Amer-Indian-Eskimo,Other-relative,Female,State-gov
50,57500,544,0,10th,4,94,Never-married,Ecuador,Sales,Amer-Indian-Eskimo,Other-relative,Male,State-gov
33,62500,108,0,7th-8th,1,89,Married-civ-spouse,Portugal,Tech-support,White,Not-in-family,Female,Local-gov
33,62500,108,0,7th-8th,1,89,Married-civ-spouse,Portugal,Tech-support,White,Not-in-family,Male,Local-gov
34,52500,108,1,12th,1,90,Married-civ-spouse,Ireland,Craft-repair,White,Not-in-family,Female,Self-emp-not-inc
34,52500,108,1,12th,1,90,Married-civ-spouse,Ireland,Craft-repair,White,Not-in-family,Male,Self-emp-not-inc
45,52500,108,0,12th,1,90,Married-civ-spouse,Ireland,Craft-repair,White,Wife,Female,Local-gov
45,52500,108,0,12th,1,90,Married-civ-spouse,Ireland,Craft-repair,White,Wife,Male,Local-gov
40,57500,762,1,Doctorate,5,96,Never-married,Taiwan,Exec-managerial,Other,Own-child,Female,State-gov
40,57500,762,1,Doctorate,5,96,Never-married,Taiwan,Exec-managerial,Other,Own-child,Male,State-gov
50,57500,1633,1,10th,4,82,Never-married,Ecuador,Sales,Amer-Indian-Eskimo,Other-relative,Female,State-gov
50,57500,1633,1,10th,4,82,Never-married,Ecuador,Sales,Amer-Indian-Eskimo,Other-relative,Male,State-gov
35,62500,1415,0,12th,2,78,Divorced,France,Craft-repair,Asian-Pac-Islander,Not-in-family,Female,Local-gov
35,62500,1415,0,12th,2,78,Divorced,France,Craft-repair,Asian-Pac-Islander,Not-in-family,Male,Local-gov
47,52500,326,0,Masters,3,79,Divorced,Dominican-Republic,Other-service,Asian-Pac-Islander,Other-relative,Female,State-gov
47,52500,326,0,Masters,3,79,Divorced,Dominican-Republic,Other-service,Asian-Pac-Islander,Other-relative,Male,State-gov
42,57500,980,0,5th-6th,7,86,Separated,Columbia,Prof-specialty,Black,Unmarried,Female,Without-pay
42,57500,980,0,5th-6th,7,86,Separated,Columbia,Prof-specialty,Black,Unmarried,Male,Without-pay
37,52500,544,1,1st-4th,3,80,Divorced,Laos,Other-service,Amer-Indian-Eskimo,Own-child,Female,State-gov
37,52500,544,1,1st-4th,3,80,Divorced,Laos,Other-service,Amer-Indian-Eskimo,Own-child,Male,State-gov
40,57500,762,1,Assoc-acdm,5,96,Never-married,Taiwan,Exec-managerial,Other,Other-relative,Female,State-gov
40,57500,762,1,Assoc-acdm,5,96,Never-married,Taiwan,Exec-managerial,Other,Other-relative,Male,State-gov
36,52500,1415,0,11th,3,79,Divorced,Dominican-Republic,Other-service,Asian-Pac-Islander,Other-relative,Female,State-gov
36,52500,1415,0,11th,3,79,Divorced,Dominican-Republic,Other-service,Asian-Pac-Islander,Other-relative,Male,State-gov
34,52500,108,1,Some-college,1,77,Married-civ-spouse,Ireland,Craft-repair,White,Not-in-family,Female,Local-gov
34,52500,108,1,Some-college,1,77,Married-civ-spouse,Ireland,Craft-repair,White,Not-in-family,Male,Local-gov
33,52500,2286,1,7th-8th,1,64,Widowed,Portugal,Tech-support,White,Not-in-family,Female,Local-gov
33,52500,2286,1,7th-8th,1,64,Widowed,Portugal,Tech-support,White,Not-in-family,Male,Local-gov
45,52500,2286,1,7th-8th,1,64,Married-civ-spouse,Portugal,Tech-support,White,Not-in-family,Female,Local-gov
45,52500,2286,1,7th-8th,1,64,Married-civ-spouse,Portugal,Tech-support,White,Not-in-family,Male,Local-gov
34,52500,108,1,12th,1,65,Widowed,Nicaragua,Craft-repair,White,Not-in-family,Female,Local-gov
34,52500,108,1,12th,1,65,Widowed,Nicaragua,Craft-repair,White,Not-in-family,Male,Local-gov
33,52500,108,0,7th-8th,1,51,Widowed,Guatemala,Tech-support,White,Not-in-family,Female,Local-gov
33,52500,108,0,7th-8th,1,51,Widowed,Guatemala,Tech-support,White,Not-in-family,Male,Local-gov
37,52500,1633,0,HS-grad,3,68,Married-spouse-absent,Yugoslavia,Other-service,Amer-Indian-Eskimo,Other-relative,Female,State-gov
37,52500,1633,0,HS-grad,3,68,Married-spouse-absent,Yugoslavia,Other-service,Amer-Indian-Eskimo,Other-relative,Male,State-gov
33,52500,108,0,Bachelors,1,64,Widowed,Guatemala,Tech-support,White,Not-in-family,Female,Local-gov
33,52500,108,0,Bachelors,1,64,Widowed,Guatemala,Tech-support,White,Not-in-family,Male,Local-gov
36,62500,1415,0,Masters,3,67,Divorced,Thailand,Other-service,Asian-Pac-Islander,Other-relative,Female,State-gov
36,62500,1415,0,Masters,3,67,Divorced,Thailand,Other-service,Asian-Pac-Islander,Other-relative,Male,State-gov
37,52500,326,1,12th,2,66,Divorced,Scotland,Craft-repair,Asian-Pac-Islander,Not-in-family,Female,Self-emp-not-inc
37,52500,326,1,12th,2,66,Divorced,Scotland,Craft-repair,Asian-Pac-Islander,Not-in-family,Male,Self-emp-not-inc
46,52500,1415,1,12th,2,66,Divorced,France,Craft-repair,Asian-Pac-Islander,Not-in-family,Female,Local-gov
46,52500,1415,1,12th,2,66,Divorced,France,Craft-repair,Asian-Pac-Islander,Not-in-family,Male,Local-gov
50,57500,1633,1,Prof-school,4,69,Never-married,El-Salvador,Sales,Amer-Indian-Eskimo,Other-relative,Female,State-gov
50,57500,1633,1,Prof-school,4,69,Never-married,El-Salvador,Sales,Amer-Indian-Eskimo,Other-relative,Male,State-gov
50,57500,544,0,Prof-school,4,69,Never-married,El-Salvador,Sales,Amer-Indian-Eskimo,Other-relative,Female,State-gov
50,57500,544,0,Prof-school,4,69,Never-married,El-Salvador,Sales,Amer-Indian-Eskimo,Other-relative,Male,State-gov
39,57500,544,1,Prof-school,5,70,Never-married,El-Salvador,Exec-managerial,Amer-Indian-Eskimo,Other-relative,Female,Local-gov
39,57500,544,1,Prof-school,5,70,Never-married,El-Salvador,Exec-managerial,Amer-Indian-Eskimo,Other-relative,Male,Local-gov
13,67500,2504,1,11th,9,92,Married-spouse-absent,Thailand,Other-service,Asian-Pac-Islander,Other-relative,Female,State-gov
13,67500,2504,1,11th,9,92,Married-spouse-absent,Thailand,Other-service,Asian-Pac-Islander,Other-relative,Male,State-gov
10,67500,2286,1,7th-8th,1,76,Widowed,Guatemala,Machine-op-inspct,White,Not-in-family,Female,Local-gov
10,67500,2286,1,7th-8th,1,76,Widowed,Guatemala,Machine-op-inspct,White,Not-in-family,Male,Local-gov
22,67500,3375,0,12th,1,90,Widowed,Nicaragua,Craft-repair,White,Not-in-family,Female,Private
22,67500,3375,0,12th,1,90,Widowed,Nicaragua,Craft-repair,White,Not-in-family,Male,Private
15,72500,3811,1,10th,4,94,Married-spouse-absent,El-Salvador,Sales,Amer-Indian-Eskimo,Not-in-family,Female,Federal-gov
15,72500,3811,1,10th,4,94,Married-spouse-absent,El-Salvador,Sales,Amer-Indian-Eskimo,Not-in-family,Male,Federal-gov
22,67500,2286,0,7th-8th,1,76,Widowed,Guatemala,Tech-support,White,Wife,Female,Local-gov
22,67500,2286,0,7th-8th,1,76,Widowed,Guatemala,Tech-support,White,Wife,Male,Local-gov
16,72500,3811,0,10th,2,83,Married-spouse-absent,El-Salvador,Exec-managerial,Amer-Indian-Eskimo,Other-relative,Female,Self-emp-inc
16,72500,3811,0,10th,2,83,Married-spouse-absent,El-Salvador,Exec-managerial,Amer-Indian-Eskimo,Other-relative,Male,Self-emp-inc
16,72500,3811,0,10th,2,83,Married-spouse-absent,El-Salvador,Exec-managerial,Amer-Indian-Eskimo,Own-child,Female,State-gov
16,72500,3811,0,10th,2,83,Married-spouse-absent,El-Salvador,Exec-managerial,Amer-Indian-Eskimo,Own-child,Male,State-gov
29,72500,2940,0,5th-6th,3,97,Married-AF-spouse,Haiti,Prof-specialty,Other,Unmarried,Female,Without-pay
29,72500,2940,0,5th-6th,3,97,Married-AF-spouse,Haiti,Prof-specialty,Other,Unmarried,Male,Without-pay
22,67500,2286,0,7th-8th,1,89,Widowed,Portugal,Tech-support,White,Wife,Female,Local-gov
22,67500,2286,0,7th-8th,1,89,Widowed,Portugal,Tech-support,White,Wife,Male,Local-gov
13,67500,2940,0,Masters,3,92,Married-spouse-absent,Dominican-Republic,Other-service,Asian-Pac-Islander,Own-child,Female,Self-emp-inc
13,67500,2940,0,Masters,3,92,Married-spouse-absent,Dominican-Republic,Other-service,Asian-Pac-Islander,Own-child,Male,Self-emp-inc
23,67500,2504,1,12th,2,78,Widowed,France,Craft-repair,Asian-Pac-Islander,Not-in-family,Female,Local-gov
23,67500,2504,1,12th,2,78,Widowed,France,Craft-repair,Asian-Pac-Islander,Not-in-family,Male,Local-gov
13,67500,3593,1,Masters,1,79,Married-spouse-absent,Dominican-Republic,Other-service,Asian-Pac-Islander,Other-relative,Female,Self-emp-not-inc
13,67500,3593,1,Masters,1,79,Married-spouse-absent,Dominican-Republic,Other-service,Asian-Pac-Islander,Other-relative,Male,Self-emp-not-inc
14,67500,2722,0,1st-4th,6,80,Married-spouse-absent,Laos,Other-service,Amer-Indian-Eskimo,Other-relative,Female,State-gov
14,67500,2722,0,1st-4th,6,80,Married-spouse-absent,Laos,Other-service,Amer-Indian-Eskimo,Other-relative,Male,State-gov
22,67500,3375,1,Some-college,1,90,Widowed,Nicaragua,Craft-repair,White,Not-in-family,Female,Self-emp-not-inc
22,67500,3375,1,Some-college,1,90,Widowed,Nicaragua,Craft-repair,White,Not-in-family,Male,Self-emp-not-inc
22,67500,2286,0,Some-college,1,90,Widowed,Nicaragua,Craft-repair,White,Not-in-family,Female,Self-emp-not-inc
22,67500,2286,0,Some-college,1,90,Widowed,Nicaragua,Craft-repair,White,Not-in-family,Male,Self-emp-not-inc
19,72500,4029,0,Assoc-voc,7,98,Married-AF-spouse,Hong,Prof-specialty,Black,Other-relative,Female,State-gov
19,72500,4029,0,Assoc-voc,7,98,Married-AF-spouse,Hong,Prof-specialty,Black,Other-relative,Male,State-gov
28,72500,4029,1,Assoc-acdm,3,96,Married-spouse-absent,Taiwan,Exec-managerial,Other,Other-relative,Female,State-gov
28,72500,4029,1,Assoc-acdm,3,96,Married-spouse-absent,Taiwan,Exec-managerial,Other,Other-relative,Male,State-gov
28,72500,2940,1,Assoc-acdm,3,96,Married-spouse-absent,Taiwan,Exec-managerial,Other,Other-relative,Female,State-gov
28,72500,2940,1,Assoc-acdm,3,96,Married-spouse-absent,Taiwan,Exec-managerial,Other,Other-relative,Male,State-gov
16,72500,3811,0,Prof-school,5,95,Married-spouse-absent,Ecuador,Exec-managerial,Amer-Indian-Eskimo,Other-relative,Female,Local-gov
16,72500,3811,0,Prof-school,5,95,Married-spouse-absent,Ecuador,Exec-managerial,Amer-Indian-Eskimo,Other-relative,Male,Local-gov
14,67500,3811,0,HS-grad,3,93,Married-spouse-absent,Laos,Other-service,Amer-Indian-Eskimo,Own-child,Female,State-gov
14,67500,3811,0,HS-grad,3,93,Married-spouse-absent,Laos,Other-service,Amer-Indian-Eskimo,Own-child,Male,State-gov
18,72500,2940,0,Assoc-voc,6,97,Married-AF-spouse,Haiti,Prof-specialty,Other,Unmarried,Female,Without-pay
18,72500,2940,0,Assoc-voc,6,97,Married-AF-spouse,Haiti,Prof-specialty,Other,Unmarried,Male,Without-pay
15,72500,3811,0,Prof-school,4,82,Married-spouse-absent,Ecuador,Sales,Amer-Indian-Eskimo,Other-relative,Female,State-gov
15,72500,3811,0,Prof-school,4,82,Married-spouse-absent,Ecuador,Sales,Amer-Indian-Eskimo,Other-relative,Male,State-gov
16,72500,2722,0,Prof-school,5,83,Married-spouse-absent,Ecuador,Exec-managerial,Amer-Indian-Eskimo,Other-relative,Female,State-gov
16,72500,2722,0,Prof-school,5,83,Married-spouse-absent,Ecuador,Exec-managerial,Amer-Indian-Eskimo,Other-relative,Male,State-gov
12,67500,2504,1,Some-college,2,78,Widowed,France,Craft-repair,Asian-Pac-Islander,Wife,Female,Local-gov
12,67500,2504,1,Some-college,2,78,Widowed,France,Craft-repair,Asian-Pac-Islander,Wife,Male,Local-gov
24,67500,2504,0,Masters,3,92,Divorced,Thailand,Other-service,Asian-Pac-Islander,Other-relative,Female,State-gov
24,67500,2504,0,Masters,3,92,Divorced,Thailand,Other-service,Asian-Pac-Islander,Other-relative,Male,State-gov
12,67500,2504,0,12th,2,78,Never-married,Scotland,Craft-repair,Asian-Pac-Islander,Wife,Female,Local-gov
12,67500,2504,0,12th,2,78,Never-married,Scotland,Craft-repair,Asian-Pac-Islander,Wife,Male,Local-gov
23,67500,3593,1,12th,1,91,Divorced,France,Craft-repair,Asian-Pac-Islander,Not-in-family,Female,Local-gov
23,67500,3593,1,12th,1,91,Divorced,France,Craft-repair,Asian-Pac-Islander,Not-in-family,Male,Local-gov
14,67500,2722,0,1st-4th,2,93,Divorced,Laos,Other-service,Amer-Indian-Eskimo,Own-child,Female,State-gov
14,67500,2722,0,1st-4th,2,93,Divorced,Laos,Other-service,Amer-Indian-Eskimo,Own-child,Male,State-gov
22,67500,3375,1,12th,1,77,Never-married,Ireland,Craft-repair,White,Not-in-family,Female,Local-gov
22,67500,3375,1,12th,1,77,Never-married,Ireland,Craft-repair,White,Not-in-family,Male,Local-gov
15,72500,2722,1,Prof-school,4,82,Never-married,El-Salvador,Sales,Amer-Indian-Eskimo,Other-relative,Female,State-gov
15,72500,2722,1,Prof-school,4,82,Never-married,El-Salvador,Sales,Amer-Indian-Eskimo,Other-relative,Male,State-gov
27,72500,3811,0,Prof-school,2,94,Never-married,Ecuador,Sales,Amer-Indian-Eskimo,Other-relative,Female,State-gov
27,72500,3811,0,Prof-school,2,94,Never-married,Ecuador,Sales,Amer-Indian-Eskimo,Other-relative,Male,State-gov
28,72500,2940,1,Assoc-acdm,3,96,Never-married,Taiwan,Exec-managerial,Other,Other-relative,Female,State-gov
28,72500,2940,1,Assoc-acdm,3,96,Never-married,Taiwan,Exec-managerial,Other,Other-relative,Male,State-gov
11,62500,2286,0,12th,9,90,Widowed,Ireland,Craft-repair,White,Not-in-family,Female,Local-gov
11,62500,2286,0,12th,9,90,Widowed,Ireland,Craft-repair,White,Not-in-family,Male,Local-gov
13,52500,2504,1,Masters,11,92,Married-spouse-absent,Dominican-Republic,Other-service,Asian-Pac-Islander,Other-relative,Female,State-gov
13,52500,2504,1,Masters,11,92,Married-spouse-absent,Dominican-Republic,Other-service,Asian-Pac-Islander,Other-relative,Male,State-gov
11,62500,3375,0,Some-college,9,90,Widowed,Nicaragua,Craft-repair,White,Not-in-family,Female,Local-gov
11,62500,3375,0,Some-college,9,90,Widowed,Nicaragua,Craft-repair,White,Not-in-family,Male,Local-gov
14,57500,2722,1,HS-grad,11,93,Married-spouse-absent,Yugoslavia,Other-service,Amer-Indian-Eskimo,Other-relative,Female,State-gov
14,57500,2722,1,HS-grad,11,93,Married-spouse-absent,Yugoslavia,Other-service,Amer-Indian-Eskimo,Other-relative,Male,State-gov
13,52500,2504,1,11th,11,92,Married-spouse-absent,Dominican-Republic,Other-service,Asian-Pac-Islander,Other-relative,Female,State-gov
13,52500,2504,1,11th,11,92,Married-spouse-absent,Dominican-Republic,Other-service,Asian-Pac-Islander,Other-relative,Male,State-gov
10,52500,2286,1,Bachelors,9,89,Widowed,Portugal,Tech-support,White,Wife,Female,Local-gov
10,52500,2286,1,Bachelors,9,89,Widowed,Portugal,Tech-support,White,Wife,Male,Local-gov
10,52500,3375,1,Bachelors,9,76,Widowed,Portugal,Tech-support,White,Not-in-family,Female,Local-gov
10,52500,3375,1,Bachelors,9,76,Widowed,Portugal,Tech-support,White,Not-in-family,Male,Local-gov
24,62500,3593,0,Masters,3,92,Married-spouse-absent,Thailand,Other-service,Asian-Pac-Islander,Other-relative,Female,Self-emp-not-inc
24,62500,3593,0,Masters,3,92,Married-spouse-absent,Thailand,Other-service,Asian-Pac-Islander,Other-relative,Male,Self-emp-not-inc
25,62500,3811,0,1st-4th,3,93,Married-spouse-absent,Yugoslavia,Other-service,Amer-Indian-Eskimo,Own-child,Female,State-gov
25,62500,3811,0,1st-4th,3,93,Married-spouse-absent,Yugoslavia,Other-service,Amer-Indian-Eskimo,Own-child,Male,State-gov
22,52500,3375,0,12th,1,90,Widowed,Nicaragua,Craft-repair,White,Wife,Female,Self-emp-not-inc
22,52500,3375,0,12th,1,90,Widowed,Nicaragua,Craft-repair,White,Wife,Male,Self-emp-not-inc
29,62500,2940,0,5th-6th,6,97,Married-AF-spouse,Peru,Prof-specialty,Other,Unmarried,Female,State-gov
29,62500,2940,0,5th-6th,6,97,Married-AF-spouse,Peru,Prof-specialty,Other,Unmarried,Male,State-gov
24,57500,2504,0,Masters,3,92,Married-spouse-absent,Thailand,Other-service,Asian-Pac-Islander,Own-child,Female,Self-emp-inc
24,57500,2504,0,Masters,3,92,Married-spouse-absent,Thailand,Other-service,Asian-Pac-Islander,Own-child,Male,Self-emp-inc
27,57500,3811,1,10th,4,94,Married-spouse-absent,Ecuador,Sales,Amer-Indian-Eskimo,Other-relative,Female,Federal-gov
27,57500,3811,1,10th,4,94,Married-spouse-absent,Ecuador,Sales,Amer-Indian-Eskimo,Other-relative,Male,Federal-gov
29,57500,2940,1,5th-6th,6,97,Married-AF-spouse,Haiti,Prof-specialty,Other,Unmarried,Female,Without-pay
29,57500,2940,1,5th-6th,6,97,Married-AF-spouse,Haiti,Prof-specialty,Other,Unmarried,Male,Without-pay
24,57500,2504,1,Masters,3,92,Married-spouse-absent,Dominican-Republic,Other-service,Asian-Pac-Islander,Other-relative,Female,Self-emp-not-inc
24,57500,2504,1,Masters,3,92,Married-spouse-absent,Dominican-Republic,Other-service,Asian-Pac-Islander,Other-relative,Male,Self-emp-not-inc
23,52500,3593,1,12th,2,78,Widowed,France,Craft-repair,Asian-Pac-Islander,Not-in-family,Female,Self-emp-not-inc
23,52500,3593,1,12th,2,78,Widowed,France,Craft-repair,Asian-Pac-Islander,Not-in-family,Male,Self-emp-not-inc
23,52500,3593,0,12th,2,78,Widowed,France,Craft-repair,Asian-Pac-Islander,Wife,Female,Local-gov
23,52500,3593,0,12th,2,78,Widowed,France,Craft-repair,Asian-Pac-Islander,Wife,Male,Local-gov
23,52500,2504,0,12th,2,78,Widowed,France,Craft-repair,Asian-Pac-Islander,Not-in-family,Female,Self-emp-not-inc
23,52500,2504,0,12th,2,78,Widowed,France,Craft-repair,Asian-Pac-Islander,Not-in-family,Male,Self-emp-not-inc
24,52500,2504,1,Masters,3,79,Married-spouse-absent,Dominican-Republic,Other-service,Asian-Pac-Islander,Own-child,Female,State-gov
24,52500,2504,1,Masters,3,79,Married-spouse-absent,Dominican-Republic,Other-service,Asian-Pac-Islander,Own-child,Male,State-gov
11,52500,2286,1,12th,1,90,Widowed,Nicaragua,Adm-clerical,White,Not-in-family,Female,Private
11,52500,2286,1,12th,1,90,Widowed,Nicaragua,Adm-clerical,White,Not-in-family,Male,Private
10,52500,2286,1,7th-8th,1,76,Widowed,Guatemala,Machine-op-inspct,White,Wife,Female,Local-gov
10,52500,2286,1,7th-8th,1,76,Widowed,Guatemala,Machine-op-inspct,White,Wife,Male,Local-gov
11,62500,2286,1,12th,1,90,Widowed,Ireland,Adm-clerical,White,Not-in-family,Female,Local-gov
11,62500,2286,1,12th,1,90,Widowed,Ireland,Adm-clerical,White,Not-in-family,Male,Local-gov
11,52500,2286,1,12th,1,77,Widowed,Ireland,Adm-clerical,White,Not-in-family,Female,Local-gov
11,52500,2286,1,12th,1,77,Widowed,Ireland,Adm-clerical,White,Not-in-family,Male,Local-gov
18,62500,2940,0,5th-6th,6,97,Married-AF-spouse,Peru,Prof-specialty,Other,Husband,Female,Without-pay
18,62500,2940,0,5th-6th,6,97,Married-AF-spouse,Peru,Prof-specialty,Other,Husband,Male,Without-pay
14,62500,3811,0,1st-4th,3,80,Married-spouse-absent,Yugoslavia,Other-service,Amer-Indian-Eskimo,Other-relative,Female,Self-emp-not-inc
14,62500,3811,0,1st-4th,3,80,Married-spouse-absent,Yugoslavia,Other-service,Amer-Indian-Eskimo,Other-relative,Male,Self-emp-not-inc
13,57500,2504,0,Masters,3,79,Married-spouse-absent,Thailand,Other-service,Asian-Pac-Islander,Own-child,Female,Self-emp-not-inc
13,57500,2504,0,Masters,3,79,Married-spouse-absent,Thailand,Other-service,Asian-Pac-Islander,Own-child,Male,Self-emp-not-inc
19,62500,4029,0,5th-6th,7,98,Married-AF-spouse,Columbia,Prof-specialty,Black,Other-relative,Female,State-gov
19,62500,4029,0,5th-6th,7,98,Married-AF-spouse,Columbia,Prof-specialty,Black,Other-relative,Male,State-gov
15,57500,3811,0,10th,4,82,Married-spouse-absent,Ecuador,Sales,Amer-Indian-Eskimo,Other-relative,Female,Self-emp-inc
15,57500,3811,0,10th,4,82,Married-spouse-absent,Ecuador,Sales,Amer-Indian-Eskimo,Other-relative,Male,Self-emp-inc
17,62500,2940,1,Doctorate,5,84,Married-spouse-absent,Taiwan,Exec-managerial,Other,Other-relative,Female,Local-gov
17,62500,2940,1,Doctorate,5,84,Married-spouse-absent,Taiwan,Exec-managerial,Other,Other-relative,Male,Local-gov
16,57500,2722,1,10th,5,83,Married-spouse-absent,Ecuador,Exec-managerial,Amer-Indian-Eskimo,Other-relative,Female,Self-emp-inc
16,57500,2722,1,10th,5,83,Married-spouse-absent,Ecuador,Exec-managerial,Amer-Indian-Eskimo,Other-relative,Male,Self-emp-inc
15,62500,2722,1,10th,4,82,Married-spouse-absent,Ecuador,Sales,Amer-Indian-Eskimo,Own-child,Female,State-gov
15,62500,2722,1,10th,4,82,Married-spouse-absent,Ecuador,Sales,Amer-Indian-Eskimo,Own-child,Male,State-gov
13,62500,3593,0,11th,3,92,Married-spouse-absent,Thailand,Farming-fishing,Asian-Pac-Islander,Other-relative,Female,State-gov
13,62500,3593,0,11th,3,92,Married-spouse-absent,Thailand,Farming-fishing,Asian-Pac-Islander,Other-relative,Male,State-gov
15,57500,3811,0,Prof-school,4,94,Married-spouse-absent,El-Salvador,Transport-moving,Amer-Indian-Eskimo,Other-relative,Female,State-gov
15,57500,3811,0,Prof-school,4,94,Married-spouse-absent,El-Salvador,Transport-moving,Amer-Indian-Eskimo,Other-relative,Male,State-gov
12,52500,2504,1,Some-college,2,91,Widowed,Scotland,Adm-clerical,Asian-Pac-Islander,Not-in-family,Female,Self-emp-not-inc
12,52500,2504,1,Some-college,2,91,Widowed,Scotland,Adm-clerical,Asian-Pac-Islander,Not-in-family,Male,Self-emp-not-inc
12,52500,3593,0,Some-college,2,91,Widowed,France,Adm-clerical,Asian-Pac-Islander,Not-in-family,Female,Local-gov
12,52500,3593,0,Some-college,2,91,Widowed,France,Adm-clerical,Asian-Pac-Islander,Not-in-family,Male,Local-gov
10,52500,2286,0,Bachelors,1,89,Widowed,Portugal,Machine-op-inspct,White,Wife,Female,Local-gov
10,52500,2286,0,Bachelors,1,89,Widowed,Portugal,Machine-op-inspct,White,Wife,Male,Local-gov
13,52500,3593,0,11th,3,79,Married-spouse-absent,Thailand,Farming-fishing,Asian-Pac-Islander,Other-relative,Female,State-gov
13,52500,3593,0,11th,3,79,Married-spouse-absent,Thailand,Farming-fishing,Asian-Pac-Islander,Other-relative,Male,State-gov
10,52500,3375,0,Bachelors,1,76,Widowed,Portugal,Machine-op-inspct,White,Not-in-family,Female,Local-gov
10,52500,3375,0,Bachelors,1,76,Widowed,Portugal,Machine-op-inspct,White,Not-in-family,Male,Local-gov
30,62500,4247,1,Assoc-voc,7,98,Married-AF-spouse,Hong,Prof-specialty,Black,Unmarried,Female,Without-pay
30,62500,4247,1,Assoc-voc,7,98,Married-AF-spouse,Hong,Prof-specialty,Black,Unmarried,Male,Without-pay
25,62500,3811,0,HS-grad,3,93,Married-spouse-absent,Yugoslavia,Other-service,Amer-Indian-Eskimo,Other-relative,Female,Self-emp-not-inc
25,62500,3811,0,HS-grad,3,93,Married-spouse-absent,Yugoslavia,Other-service,Amer-Indian-Eskimo,Other-relative,Male,Self-emp-not-inc
29,62500,2940,0,Assoc-voc,6,97,Married-AF-spouse,Peru,Prof-specialty,Other,Other-relative,Female,State-gov
29,62500,2940,0,Assoc-voc,6,97,Married-AF-spouse,Peru,Prof-specialty,Other,Other-relative,Male,State-gov
28,57500,4029,0,Assoc-acdm,5,84,Married-spouse-absent,Trinadad&Tobago,Exec-managerial,Other,Other-relative,Female,Local-gov
28,57500,4029,0,Assoc-acdm,5,84,Married-spouse-absent,Trinadad&Tobago,Exec-managerial,Other,Other-relative,Male,Local-gov
27,57500,2722,1,Prof-school,4,82,Married-spouse-absent,El-Salvador,Sales,Amer-Indian-Eskimo,Own-child,Female,State-gov
27,57500,2722,1,Prof-school,4,82,Married-spouse-absent,El-Salvador,Sales,Amer-Indian-Eskimo,Own-child,Male,State-gov
27,62500,3811,1,Prof-school,5,95,Married-spouse-absent,Ecuador,Exec-managerial,Amer-Indian-Eskimo,Other-relative,Female,State-gov
27,62500,3811,1,Prof-school,5,95,Married-spouse-absent,Ecuador,Exec-managerial,Amer-Indian-Eskimo,Other-relative,Male,State-gov
22,62500,3375,0,Bachelors,1,89,Widowed,Portugal,Tech-support,White,Wife,Female,Local-gov
22,62500,3375,0,Bachelors,1,89,Widowed,Portugal,Tech-support,White,Wife,Male,Local-gov
28,57500,2940,1,Assoc-acdm,5,96,Married-spouse-absent,Taiwan,Exec-managerial,Other,Other-relative,Female,State-gov
28,57500,2940,1,Assoc-acdm,5,96,Married-spouse-absent,Taiwan,Exec-managerial,Other,Other-relative,Male,State-gov
24,52500,2504,1,11th,3,92,Married-spouse-absent,Dominican-Republic,Other-service,Asian-Pac-Islander,Other-relative,Female,Self-emp-not-inc
24,52500,2504,1,11th,3,92,Married-spouse-absent,Dominican-Republic,Other-service,Asian-Pac-Islander,Other-relative,Male,Self-emp-not-inc
23,62500,2504,0,Some-college,2,91,Widowed,France,Craft-repair,Asian-Pac-Islander,Wife,Female,Local-gov
23,62500,2504,0,Some-college,2,91,Widowed,France,Craft-repair,Asian-Pac-Islander,Wife,Male,Local-gov
27,57500,2722,1,Prof-school,4,94,Married-spouse-absent,Ecuador,Sales,Amer-Indian-Eskimo,Own-child,Female,State-gov
27,57500,2722,1,Prof-school,4,94,Married-spouse-absent,Ecuador,Sales,Amer-Indian-Eskimo,Own-child,Male,State-gov
27,57500,2722,0,Prof-school,5,83,Married-spouse-absent,Ecuador,Exec-managerial,Amer-Indian-Eskimo,Other-relative,Female,State-gov
27,57500,2722,0,Prof-school,5,83,Married-spouse-absent,Ecuador,Exec-managerial,Amer-Indian-Eskimo,Other-relative,Male,State-gov
15,57500,3811,1,Prof-school,4,94,Married-spouse-absent,El-Salvador,Sales,Amer-Indian-Eskimo,Own-child,Female,Self-emp-inc
15,57500,3811,1,Prof-school,4,94,Married-spouse-absent,El-Salvador,Sales,Amer-Indian-Eskimo,Own-child,Male,Self-emp-inc
15,62500,2722,0,Prof-school,4,94,Married-spouse-absent,El-Salvador,Sales,Amer-Indian-Eskimo,Own-child,Female,Self-emp-inc
15,62500,2722,0,Prof-school,4,94,Married-spouse-absent,El-Salvador,Sales,Amer-Indian-Eskimo,Own-child,Male,Self-emp-inc
16,57500,3811,1,Prof-school,5,95,Married-spouse-absent,Ecuador,Exec-managerial,Amer-Indian-Eskimo,Own-child,Female,Local-gov
16,57500,3811,1,Prof-school,5,95,Married-spouse-absent,Ecuador,Exec-managerial,Amer-Indian-Eskimo,Own-child,Male,Local-gov
17,57500,2940,1,Assoc-acdm,5,96,Married-spouse-absent,Taiwan,Exec-managerial,Other,Other-relative,Female,Self-emp-inc
17,57500,2940,1,Assoc-acdm,5,96,Married-spouse-absent,Taiwan,Exec-managerial,Other,Other-relative,Male,Self-emp-inc
14,57500,2722,0,HS-grad,3,93,Married-spouse-absent,Laos,Other-service,Amer-Indian-Eskimo,Own-child,Female,Self-emp-not-inc
14,57500,2722,0,HS-grad,3,93,Married-spouse-absent,Laos,Other-service,Amer-Indian-Eskimo,Own-child,Male,Self-emp-not-inc
16,57500,3375,1,Prof-school,5,83,Married-spouse-absent,Ecuador,Exec-managerial,Amer-Indian-Eskimo,Not-in-family,Female,Local-gov
16,57500,3375,1,Prof-school,5,83,Married-spouse-absent,Ecuador,Exec-managerial,Amer-Indian-Eskimo,Not-in-family,Male,Local-gov
22,52500,2286,0,7th-8th,1,76,Married-civ-spouse,Guatemala,Tech-support,White,Wife,Female,Local-gov
22,52500,2286,0,7th-8th,1,76,Married-civ-spouse,Guatemala,Tech-support,White,Wife,Male,Local-gov
13,57500,2504,1,Masters,3,79,Divorced,Thailand,Other-service,Asian-Pac-Islander,Other-relative,Female,Self-emp-inc
13,57500,2504,1,Masters,3,79,Divorced,Thailand,Other-service,Asian-Pac-Islander,Other-relative,Male,Self-emp-inc
24,62500,3593,0,Masters,3,92,Divorced,Dominican-Republic,Other-service,Asian-Pac-Islander,Other-relative,Female,State-gov
24,62500,3593,0,Masters,3,92,Divorced,Dominican-Republic,Other-service,Asian-Pac-Islander,Other-relative,Male,State-gov
22,62500,2286,0,12th,1,77,Married-civ-spouse,Ireland,Craft-repair,White,Not-in-family,Female,Local-gov
22,62500,2286,0,12th,1,77,Married-civ-spouse,Ireland,Craft-repair,White,Not-in-family,Male,Local-gov
22,52500,2286,1,7th-8th,1,76,Married-civ-spouse,Portugal,Tech-support,White,Wife,Female,Local-gov
22,52500,2286,1,7th-8th,1,76,Married-civ-spouse,Portugal,Tech-support,White,Wife,Male,Local-gov
12,52500,3593,1,12th,2,91,Divorced,France,Craft-repair,Asian-Pac-Islander,Not-in-family,Female,Self-emp-not-inc
12,52500,3593,1,12th,2,91,Divorced,France,Craft-repair,Asian-Pac-Islander,Not-in-family,Male,Self-emp-not-inc
11,62500,3375,0,12th,1,90,Married-civ-spouse,Ireland,Craft-repair,White,Wife,Female,Local-gov
11,62500,3375,0,12th,1,90,Married-civ-spouse,Ireland,Craft-repair,White,Wife,Male,Local-gov
19,62500,3158,1,Assoc-voc,7,98,Separated,Hong,Prof-specialty,Black,Other-relative,Female,State-gov
19,62500,3158,1,Assoc-voc,7,98,Separated,Hong,Prof-specialty,Black,Other-relative,Male,State-gov
15,62500,3811,0,Prof-school,4,82,Never-married,El-Salvador,Sales,Amer-Indian-Eskimo,Other-relative,Female,State-gov
15,62500,3811,0,Prof-school,4,82,Never-married,El-Salvador,Sales,Amer-Indian-Eskimo,Other-relative,Male,State-gov
17,57500,2940,1,Assoc-acdm,5,84,Never-married,Trinadad&Tobago,Exec-managerial,Other,Other-relative,Female,Local-gov
17,57500,2940,1,Assoc-acdm,5,84,Never-married,Trinadad&Tobago,Exec-managerial,Other,Other-relative,Male,Local-gov
18,62500,4029,0,Assoc-voc,6,97,Never-married,Haiti,Prof-specialty,Other,Unmarried,Female,State-gov
18,62500,4029,0,Assoc-voc,6,97,Never-married,Haiti,Prof-specialty,Other,Unmarried,Male,State-gov
13,57500,2504,0,11th,3,92,Divorced,Dominican-Republic,Other-service,Asian-Pac-Islander,Own-child,Female,Self-emp-inc
13,57500,2504,0,11th,3,92,Divorced,Dominican-Republic,Other-service,Asian-Pac-Islander,Own-child,Male,Self-emp-inc
25,52500,3811,1,HS-grad,3,80,Divorced,Laos,Other-service,Amer-Indian-Eskimo,Other-relative,Female,State-gov
25,52500,3811,1,HS-grad,3,80,Divorced,Laos,Other-service,Amer-Indian-Eskimo,Other-relative,Male,State-gov
18,57500,4029,1,Assoc-voc,6,85,Never-married,Haiti,Prof-specialty,Other,Unmarried,Female,Without-pay
18,57500,4029,1,Assoc-voc,6,85,Never-married,Haiti,Prof-specialty,Other,Unmarried,Male,Without-pay
16,57500,2722,1,Prof-school,5,83,Never-married,Ecuador,Exec-managerial,Amer-Indian-Eskimo,Other-relative,Female,Local-gov
16,57500,2722,1,Prof-school,5,83,Never-married,Ecuador,Exec-managerial,Amer-Indian-Eskimo,Other-relative,Male,Local-gov
15,72500,544,1,10th,10,94,Married-spouse-absent,El-Salvador,Sales,Amer-Indian-Eskimo,Other-relative,Female,State-gov
15,72500,544,1,10th,10,94,Married-spouse-absent,El-Salvador,Sales,Amer-Indian-Eskimo,Other-relative,Male,State-gov
10,67500,1197,1,7th-8th,9,76,Widowed,Guatemala,Tech-support,White,Not-in-family,Female,Local-gov
10,67500,1197,1,7th-8th,9,76,Widowed,Guatemala,Tech-support,White,Not-in-family,Male,Local-gov
10,67500,1197,0,7th-8th,9,89,Widowed,Portugal,Tech-support,White,Not-in-family,Female,Local-gov
10,67500,1197,0,7th-8th,9,89,Widowed,Portugal,Tech-support,White,Not-in-family,Male,Local-gov
13,67500,326,1,11th,11,92,Married-spouse-absent,Thailand,Other-service,Asian-Pac-Islander,Other-relative,Female,State-gov
13,67500,326,1,11th,11,92,Married-spouse-absent,Thailand,Other-service,Asian-Pac-Islander,Other-relative,Male,State-gov
13,67500,326,0,Masters,3,92,Married-spouse-absent,Thailand,Farming-fishing,Asian-Pac-Islander,Other-relative,Female,State-gov
13,67500,326,0,Masters,3,92,Married-spouse-absent,Thailand,Farming-fishing,Asian-Pac-Islander,Other-relative,Male,State-gov
10,67500,1197,0,7th-8th,1,89,Widowed,Portugal,Machine-op-inspct,White,Not-in-family,Female,Local-gov
10,67500,1197,0,7th-8th,1,89,Widowed,Portugal,Machine-op-inspct,White,Not-in-family,Male,Local-gov
14,67500,1633,0,HS-grad,2,93,Married-spouse-absent,Yugoslavia,Farming-fishing,Amer-Indian-Eskimo,Other-relative,Female,State-gov
14,67500,1633,0,HS-grad,2,93,Married-spouse-absent,Yugoslavia,Farming-fishing,Amer-Indian-Eskimo,Other-relative,Male,State-gov
10,67500,1197,1,Bachelors,1,89,Widowed,Guatemala,Machine-op-inspct,White,Wife,Female,Local-gov
10,67500,1197,1,Bachelors,1,89,Widowed,Guatemala,Machine-op-inspct,White,Wife,Male,Local-gov
10,67500,1197,0,Bachelors,1,76,Widowed,Guatemala,Machine-op-inspct,White,Not-in-family,Female,Local-gov
10,67500,1197,0,Bachelors,1,76,Widowed,Guatemala,Machine-op-inspct,White,Not-in-family,Male,Local-gov
25,67500,544,0,1st-4th,6,93,Married-spouse-absent,Yugoslavia,Other-service,Amer-Indian-Eskimo,Other-relative,Female,State-gov
25,67500,544,0,1st-4th,6,93,Married-spouse-absent,Yugoslavia,Other-service,Amer-Indian-Eskimo,Other-relative,Male,State-gov
22,67500,108,0,12th,1,90,Widowed,Nicaragua,Craft-repair,White,Wife,Female,Local-gov
22,67500,108,0,12th,1,90,Widowed,Nicaragua,Craft-repair,White,Wife,Male,Local-gov
14,67500,544,0,1st-4th,6,93,Married-spouse-absent,Yugoslavia,Other-service,Amer-Indian-Eskimo,Other-relative,Female,Self-emp-not-inc
14,67500,544,0,1st-4th,6,93,Married-spouse-absent,Yugoslavia,Other-service,Amer-Indian-Eskimo,Other-relative,Male,Self-emp-not-inc
27,72500,1633,1,10th,4,82,Married-spouse-absent,El-Salvador,Sales,Amer-Indian-Eskimo,Other-relative,Female,State-gov
27,72500,1633,1,10th,4,82,Married-spouse-absent,El-Salvador,Sales,Amer-Indian-Eskimo,Other-relative,Male,State-gov
13,67500,1415,1,Masters,3,79,Married-spouse-absent,Thailand,Other-service,Asian-Pac-Islander,Own-child,Female,Self-emp-inc
13,67500,1415,1,Masters,3,79,Married-spouse-absent,Thailand,Other-service,Asian-Pac-Islander,Own-child,Male,Self-emp-inc
17,72500,762,1,Doctorate,3,84,Married-spouse-absent,Trinadad&Tobago,Exec-managerial,Other,Other-relative,Female,Self-emp-inc
17,72500,762,1,Doctorate,3,84,Married-spouse-absent,Trinadad&Tobago,Exec-managerial,Other,Other-relative,Male,Self-emp-inc
10,67500,108,0,7th-8th,5,76,Widowed,Guatemala,Tech-support,White,Wife,Female,Local-gov
10,67500,108,0,7th-8th,5,76,Widowed,Guatemala,Tech-support,White,Wife,Male,Local-gov
25,67500,1633,1,1st-4th,3,93,Married-spouse-absent,Laos,Other-service,Amer-Indian-Eskimo,Other-relative,Female,State-gov
25,67500,1633,1,1st-4th,3,93,Married-spouse-absent,Laos,Other-service,Amer-Indian-Eskimo,Other-relative,Male,State-gov
22,67500,1197,1,7th-8th,1,76,Widowed,Portugal,Tech-support,White,Not-in-family,Female,Local-gov
22,67500,1197,1,7th-8th,1,76,Widowed,Portugal,Tech-support,White,Not-in-family,Male,Local-gov
15,72500,1633,1,10th,4,94,Married-spouse-absent,Ecuador,Sales,Amer-Indian-Eskimo,Not-in-family,Female,Federal-gov
15,72500,1633,1,10th,4,94,Married-spouse-absent,Ecuador,Sales,Amer-Indian-Eskimo,Not-in-family,Male,Federal-gov
17,72500,762,0,Doctorate,5,96,Married-spouse-absent,Taiwan,Exec-managerial,Other,Other-relative,Female,Local-gov
17,72500,762,0,Doctorate,5,96,Married-spouse-absent,Taiwan,Exec-managerial,Other,Other-relative,Male,Local-gov
15,72500,544,0,10th,4,94,Married-spouse-absent,Ecuador,Sales,Amer-Indian-Eskimo,Own-child,Female,State-gov
15,72500,544,0,10th,4,94,Married-spouse-absent,Ecuador,Sales,Amer-Indian-Eskimo,Own-child,Male,State-gov
11,67500,1197,1,12th,1,77,Widowed,Ireland,Craft-repair,White,Not-in-family,Female,Self-emp-not-inc
11,67500,1197,1,12th,1,77,Widowed,Ireland,Craft-repair,White,Not-in-family,Male,Self-emp-not-inc
13,67500,326,1,Masters,5,79,Married-spouse-absent,Dominican-Republic,Other-service,Asian-Pac-Islander,Other-relative,Female,State-gov
13,67500,326,1,Masters,5,79,Married-spouse-absent,Dominican-Republic,Other-service,Asian-Pac-Islander,Other-relative,Male,State-gov
10,67500,108,0,Bachelors,1,89,Widowed,Guatemala,Tech-support,White,Wife,Female,Private
10,67500,108,0,Bachelors,1,89,Widowed,Guatemala,Tech-support,White,Wife,Male,Private
23,67500,326,1,Some-college,2,78,Widowed,Scotland,Craft-repair,Asian-Pac-Islander,Not-in-family,Female,Local-gov
23,67500,326,1,Some-college,2,78,Widowed,Scotland,Craft-repair,Asian-Pac-Islander,Not-in-family,Male,Local-gov
23,67500,1415,0,Some-college,2,91,Widowed,France,Craft-repair,Asian-Pac-Islander,Not-in-family,Female,Local-gov
23,67500,1415,0,Some-college,2,91,Widowed,France,Craft-repair,Asian-Pac-Islander,Not-in-family,Male,Local-gov
17,72500,1851,1,Assoc-acdm,7,96,Married-spouse-absent,Taiwan,Exec-managerial,Other,Other-relative,Female,State-gov
17,72500,1851,1,Assoc-acdm,7,96,Married-spouse-absent,Taiwan,Exec-managerial,Other,Other-relative,Male,State-gov
14,67500,544,1,HS-grad,3,93,Married-spouse-absent,Laos,Other-service,Amer-Indian-Eskimo,Other-relative,Female,Self-emp-inc
14,67500,544,1,HS-grad,3,93,Married-spouse-absent,Laos,Other-service,Amer-Indian-Eskimo,Other-relative,Male,Self-emp-inc
14,67500,544,0,HS-grad,3,93,Married-spouse-absent,Laos,Other-service,Amer-Indian-Eskimo,Own-child,Female,State-gov
14,67500,544,0,HS-grad,3,93,Married-spouse-absent,Laos,Other-service,Amer-Indian-Eskimo,Own-child,Male,State-gov
13,67500,1415,1,11th,5,79,Married-spouse-absent,Dominican-Republic,Other-service,Asian-Pac-Islander,Other-relative,Female,State-gov
13,67500,1415,1,11th,5,79,Married-spouse-absent,Dominican-Republic,Other-service,Asian-Pac-Islander,Other-relative,Male,State-gov
16,72500,1633,0,Prof-school,2,83,Married-spouse-absent,Ecuador,Exec-managerial,Amer-Indian-Eskimo,Own-child,Female,State-gov
16,72500,1633,0,Prof-school,2,83,Married-spouse-absent,Ecuador,Exec-managerial,Amer-Indian-Eskimo,Own-child,Male,State-gov
16,72500,544,1,Prof-school,5,83,Married-spouse-absent,Ecuador,Exec-managerial,Amer-Indian-Eskimo,Other-relative,Female,State-gov
16,72500,544,1,Prof-school,5,83,Married-spouse-absent,Ecuador,Exec-managerial,Amer-Indian-Eskimo,Other-relative,Male,State-gov
23,67500,1415,1,12th,2,91,Never-married,Scotland,Craft-repair,Asian-Pac-Islander,Wife,Female,Local-gov
23,67500,1415,1,12th,2,91,Never-married,Scotland,Craft-repair,Asian-Pac-Islander,Wife,Male,Local-gov
14,67500,1633,1,1st-4th,3,93,Divorced,Yugoslavia,Other-service,Amer-Indian-Eskimo,Own-child,Female,State-gov
14,67500,1633,1,1st-4th,3,93,Divorced,Yugoslavia,Other-service,Amer-Indian-Eskimo,Own-child,Male,State-gov
14,67500,544,1,1st-4th,3,93,Divorced,Yugoslavia,Other-service,Amer-Indian-Eskimo,Husband,Female,Self-emp-inc
14,67500,544,1,1st-4th,3,93,Divorced,Yugoslavia,Other-service,Amer-Indian-Eskimo,Husband,Male,Self-emp-inc
16,72500,1633,1,10th,5,83,Never-married,El-Salvador,Exec-managerial,Amer-Indian-Eskimo,Other-relative,Female,State-gov
16,72500,1633,1,10th,5,83,Never-married,El-Salvador,Exec-managerial,Amer-Indian-Eskimo,Other-relative,Male,State-gov
12,67500,1415,0,12th,2,78,Never-married,Scotland,Craft-repair,Asian-Pac-Islander,Not-in-family,Female,Self-emp-not-inc
12,67500,1415,0,12th,2,78,Never-married,Scotland,Craft-repair,Asian-Pac-Islander,Not-in-family,Male,Self-emp-not-inc
11,67500,1197,1,12th,1,77,Married-civ-spouse,Nicaragua,Craft-repair,White,Wife,Female,Local-gov
11,67500,1197,1,12th,1,77,Married-civ-spouse,Nicaragua,Craft-repair,White,Wife,Male,Local-gov
27,72500,1633,0,10th,4,94,Never-married,Ecuador,Sales,Amer-Indian-Eskimo,Other-relative,Female,State-gov
27,72500,1633,0,10th,4,94,Never-married,Ecuador,Sales,Amer-Indian-Eskimo,Other-relative,Male,State-gov
27,72500,544,0,10th,5,95,Never-married,Ecuador,Exec-managerial,Amer-Indian-Eskimo,Other-relative,Female,State-gov
27,72500,544,0,10th,5,95,Never-married,Ecuador,Exec-managerial,Amer-Indian-Eskimo,Other-relative,Male,State-gov
11,67500,1197,0,12th,1,90,Married-civ-spouse,Ireland,Craft-repair,White,Not-in-family,Female,Self-emp-not-inc
11,67500,1197,0,12th,1,90,Married-civ-spouse,Ireland,Craft-repair,White,Not-in-family,Male,Self-emp-not-inc
18,72500,762,1,5th-6th,6,97,Never-married,Haiti,Prof-specialty,Other,Other-relative,Female,State-gov
18,72500,762,1,5th-6th,6,97,Never-married,Haiti,Prof-specialty,Other,Other-relative,Male,State-gov
28,72500,762,0,Doctorate,3,84,Never-married,Taiwan,Exec-managerial,Other,Other-relative,Female,State-gov
28,72500,762,0,Doctorate,3,84,Never-married,Taiwan,Exec-managerial,Other,Other-relative,Male,State-gov
13,67500,326,0,Masters,5,79,Divorced,Dominican-Republic,Other-service,Asian-Pac-Islander,Other-relative,Female,State-gov
13,67500,326,0,Masters,5,79,Divorced,Dominican-Republic,Other-service,Asian-Pac-Islander,Other-relative,Male,State-gov
29,72500,762,1,Assoc-voc,6,97,Separated,Peru,Prof-specialty,Other,Unmarried,Female,Without-pay
29,72500,762,1,Assoc-voc,6,97,Separated,Peru,Prof-specialty,Other,Unmarried,Male,Without-pay
15,72500,544,1,Prof-school,4,94,Never-married,El-Salvador,Sales,Amer-Indian-Eskimo,Other-relative,Female,Self-emp-inc
15,72500,544,1,Prof-school,4,94,Never-married,El-Salvador,Sales,Amer-Indian-Eskimo,Other-relative,Male,Self-emp-inc
25,67500,1633,1,HS-grad,3,80,Never-married,Yugoslavia,Other-service,Amer-Indian-Eskimo,Other-relative,Female,State-gov
25,67500,1633,1,HS-grad,3,80,Never-married,Yugoslavia,Other-service,Amer-Indian-Eskimo,Other-relative,Male,State-gov
11,67500,1197,0,Some-college,1,77,Never-married,Nicaragua,Craft-repair,White,Not-in-family,Female,Private
11,67500,1197,0,Some-college,1,77,Never-married,Nicaragua,Craft-repair,White,Not-in-family,Male,Private
11,67500,1197,1,Some-college,1,77,Married-civ-spouse,Nicaragua,Craft-repair,White,Wife,Female,Local-gov
11,67500,1197,1,Some-college,1,77,Married-civ-spouse,Nicaragua,Craft-repair,White,Wife,Male,Local-gov
25,67500,544,0,HS-grad,3,80,Never-married,Yugoslavia,Other-service,Amer-Indian-Eskimo,Other-relative,Female,State-gov
25,67500,544,0,HS-grad,3,80,Never-married,Yugoslavia,Other-service,Amer-Indian-Eskimo,Other-relative,Male,State-gov
27,72500,544,1,Prof-school,5,83,Divorced,El-Salvador,Exec-managerial,Amer-Indian-Eskimo,Other-relative,Female,State-gov
27,72500,544,1,Prof-school,5,83,Divorced,El-Salvador,Exec-managerial,Amer-Indian-Eskimo,Other-relative,Male,State-gov
10,67500,108,0,Bachelors,1,76,Married-civ-spouse,Guatemala,Tech-support,White,Wife,Female,Local-gov
10,67500,108,0,Bachelors,1,76,Married-civ-spouse,Guatemala,Tech-support,White,Wife,Male,Local-gov
22,67500,1197,1,Bachelors,1,89,Married-civ-spouse,Portugal,Tech-support,White,Not-in-family,Female,Local-gov
22,67500,1197,1,Bachelors,1,89,Married-civ-spouse,Portugal,Tech-support,White,Not-in-family,Male,Local-gov
16,72500,1633,1,Prof-school,2,95,Never-married,Ecuador,Exec-managerial,Amer-Indian-Eskimo,Other-relative,Female,Self-emp-inc
16,72500,1633,1,Prof-school,2,95,Never-married,Ecuador,Exec-managerial,Amer-Indian-Eskimo,Other-relative,Male,Self-emp-inc
19,72500,980,1,Assoc-voc,7,98,Separated,Columbia,Prof-specialty,Black,Unmarried,Female,Without-pay
19,72500,980,1,Assoc-voc,7,98,Separated,Columbia,Prof-specialty,Black,Unmarried,Male,Without-pay
11,67500,108,0,Some-college,1,90,Married-civ-spouse,Ireland,Craft-repair,White,Wife,Female,Local-gov
11,67500,108,0,Some-college,1,90,Married-civ-spouse,Ireland,Craft-repair,White,Wife,Male,Local-gov
16,72500,1633,0,Prof-school,5,83,Never-married,Ecuador,Exec-managerial,Amer-Indian-Eskimo,Other-relative,Female,State-gov
16,72500,1633,0,Prof-school,5,83,Never-married,Ecuador,Exec-managerial,Amer-Indian-Eskimo,Other-relative,Male,State-gov
23,52500,1415,1,12th,10,91,Widowed,Scotland,Craft-repair,Asian-Pac-Islander,Not-in-family,Female,Local-gov
23,52500,1415,1,12th,10,91,Widowed,Scotland,Craft-repair,Asian-Pac-Islander,Not-in-family,Male,Local-gov
12,52500,326,1,12th,10,91,Widowed,Scotland,Craft-repair,Asian-Pac-Islander,Not-in-family,Female,Self-emp-not-inc
12,52500,326,1,12th,10,91,Widowed,Scotland,Craft-repair,Asian-Pac-Islander,Not-in-family,Male,Self-emp-not-inc
11,62500,108,1,12th,9,90,Widowed,Nicaragua,Craft-repair,White,Wife,Female,Local-gov
11,62500,108,1,12th,9,90,Widowed,Nicaragua,Craft-repair,White,Wife,Male,Local-gov
11,62500,108,1,12th,9,90,Widowed,Ireland,Craft-repair,White,Not-in-family,Female,Local-gov
11,62500,108,1,12th,9,90,Widowed,Ireland,Craft-repair,White,Not-in-family,Male,Local-gov
12,52500,326,1,12th,10,78,Widowed,France,Craft-repair,Asian-Pac-Islander,Not-in-family,Female,Local-gov
12,52500,326,1,12th,10,78,Widowed,France,Craft-repair,Asian-Pac-Islander,Not-in-family,Male,Local-gov
22,52500,108,0,Some-college,9,90,Widowed,Nicaragua,Craft-repair,White,Not-in-family,Female,Local-gov
22,52500,108,0,Some-college,9,90,Widowed,Nicaragua,Craft-repair,White,Not-in-family,Male,Local-gov
22,52500,1197,1,Bachelors,9,76,Widowed,Guatemala,Tech-support,White,Not-in-family,Female,Local-gov
22,52500,1197,1,Bachelors,9,76,Widowed,Guatemala,Tech-support,White,Not-in-family,Male,Local-gov
11,52500,1197,0,Some-college,9,90,Widowed,Nicaragua,Craft-repair,White,Not-in-family,Female,Self-emp-not-inc
11,52500,1197,0,Some-college,9,90,Widowed,Nicaragua,Craft-repair,White,Not-in-family,Male,Self-emp-not-inc
12,52500,326,0,Some-college,10,91,Widowed,Scotland,Craft-repair,Asian-Pac-Islander,Not-in-family,Female,Self-emp-not-inc
12,52500,326,0,Some-college,10,91,Widowed,Scotland,Craft-repair,Asian-Pac-Islander,Not-in-family,Male,Self-emp-not-inc
13,57500,326,0,11th,11,92,Married-spouse-absent,Thailand,Other-service,Asian-Pac-Islander,Own-child,Female,State-gov
13,57500,326,0,11th,11,92,Married-spouse-absent,Thailand,Other-service,Asian-Pac-Islander,Own-child,Male,State-gov
12,62500,326,0,Some-college,10,78,Widowed,Scotland,Craft-repair,Asian-Pac-Islander,Not-in-family,Female,Local-gov
12,62500,326,0,Some-college,10,78,Widowed,Scotland,Craft-repair,Asian-Pac-Islander,Not-in-family,Male,Local-gov
13,57500,1415,0,11th,11,92,Married-spouse-absent,Dominican-Republic,Other-service,Asian-Pac-Islander,Other-relative,Female,State-gov
13,57500,1415,0,11th,11,92,Married-spouse-absent,Dominican-Republic,Other-service,Asian-Pac-Islander,Other-relative,Male,State-gov
12,52500,326,1,12th,2,91,Widowed,Scotland,Adm-clerical,Asian-Pac-Islander,Not-in-family,Female,Self-emp-not-inc
12,52500,326,1,12th,2,91,Widowed,Scotland,Adm-clerical,Asian-Pac-Islander,Not-in-family,Male,Self-emp-not-inc
13,52500,1415,0,Masters,3,92,Married-spouse-absent,Dominican-Republic,Farming-fishing,Asian-Pac-Islander,Other-relative,Female,State-gov
13,52500,1415,0,Masters,3,92,Married-spouse-absent,Dominican-Republic,Farming-fishing,Asian-Pac-Islander,Other-relative,Male,State-gov
27,57500,1197,1,10th,5,90,Married-spouse-absent,El-Salvador,Exec-managerial,Amer-Indian-Eskimo,Not-in-family,Female,Local-gov
27,57500,1197,1,10th,5,90,Married-spouse-absent,El-Salvador,Exec-managerial,Amer-Indian-Eskimo,Not-in-family,Male,Local-gov
27,57500,1633,1,10th,4,94,Married-spouse-absent,Ecuador,Sales,Amer-Indian-Eskimo,Other-relative,Female,Federal-gov
27,57500,1633,1,10th,4,94,Married-spouse-absent,Ecuador,Sales,Amer-Indian-Eskimo,Other-relative,Male,Federal-gov
27,57500,1633,1,10th,4,94,Married-spouse-absent,Ecuador,Sales,Amer-Indian-Eskimo,Own-child,Female,State-gov
27,57500,1633,1,10th,4,94,Married-spouse-absent,Ecuador,Sales,Amer-Indian-Eskimo,Own-child,Male,State-gov
23,52500,326,0,12th,2,91,Widowed,France,Craft-repair,Asian-Pac-Islander,Not-in-family,Female,Self-emp-not-inc
23,52500,326,0,12th,2,91,Widowed,France,Craft-repair,Asian-Pac-Islander,Not-in-family,Male,Self-emp-not-inc
28,57500,1851,1,Doctorate,5,84,Married-spouse-absent,Taiwan,Exec-managerial,Other,Other-relative,Female,State-gov
28,57500,1851,1,Doctorate,5,84,Married-spouse-absent,Taiwan,Exec-managerial,Other,Other-relative,Male,State-gov
22,62500,108,1,7th-8th,1,76,Widowed,Portugal,Tech-support,White,Not-in-family,Female,Local-gov
22,62500,108,1,7th-8th,1,76,Widowed,Portugal,Tech-support,White,Not-in-family,Male,Local-gov
27,57500,544,0,10th,5,83,Married-spouse-absent,Ecuador,Exec-managerial,Amer-Indian-Eskimo,Other-relative,Female,State-gov
27,57500,544,0,10th,5,83,Married-spouse-absent,Ecuador,Exec-managerial,Amer-Indian-Eskimo,Other-relative,Male,State-gov
22,52500,108,1,12th,1,77,Widowed,Ireland,Craft-repair,White,Wife,Female,Local-gov
22,52500,108,1,12th,1,77,Widowed,Ireland,Craft-repair,White,Wife,Male,Local-gov
19,62500,980,1,5th-6th,7,98,Married-AF-spouse,Hong,Prof-specialty,Black,Husband,Female,State-gov
19,62500,980,1,5th-6th,7,98,Married-AF-spouse,Hong,Prof-specialty,Black,Husband,Male,State-gov
19,57500,980,1,5th-6th,7,98,Married-AF-spouse,Hong,Prof-specialty,Black,Husband,Female,Without-pay
19,57500,980,1,5th-6th,7,98,Married-AF-spouse,Hong,Prof-specialty,Black,Husband,Male,Without-pay
15,62500,1633,0,10th,4,82,Married-spouse-absent,El-Salvador,Sales,Amer-Indian-Eskimo,Own-child,Female,Federal-gov
15,62500,1633,0,10th,4,82,Married-spouse-absent,El-Salvador,Sales,Amer-Indian-Eskimo,Own-child,Male,Federal-gov
18,57500,1851,1,5th-6th,6,85,Married-AF-spouse,Peru,Prof-specialty,Other,Husband,Female,Without-pay
18,57500,1851,1,5th-6th,6,85,Married-AF-spouse,Peru,Prof-specialty,Other,Husband,Male,Without-pay
19,57500,980,1,5th-6th,7,86,Married-AF-spouse,Hong,Prof-specialty,Black,Unmarried,Female,State-gov
19,57500,980,1,5th-6th,7,86,Married-AF-spouse,Hong,Prof-specialty,Black,Unmarried,Male,State-gov
16,57500,544,1,10th,5,83,Married-spouse-absent,El-Salvador,Exec-managerial,Amer-Indian-Eskimo,Own-child,Female,Local-gov
16,57500,544,1,10th,5,83,Married-spouse-absent,El-Salvador,Exec-managerial,Amer-Indian-Eskimo,Own-child,Male,Local-gov
17,62500,1851,1,Doctorate,5,96,Married-spouse-absent,Taiwan,Exec-managerial,Other,Other-relative,Female,Self-emp-inc
17,62500,1851,1,Doctorate,5,96,Married-spouse-absent,Taiwan,Exec-managerial,Other,Other-relative,Male,Self-emp-inc
18,57500,1851,1,5th-6th,6,97,Married-AF-spouse,Haiti,Prof-specialty,Other,Unmarried,Female,Self-emp-inc
18,57500,1851,1,5th-6th,6,97,Married-AF-spouse,Haiti,Prof-specialty,Other,Unmarried,Male,Self-emp-inc
17,57500,1851,0,Doctorate,5,96,Married-spouse-absent,Taiwan,Exec-managerial,Other,Own-child,Female,Local-gov
17,57500,1851,0,Doctorate,5,96,Married-spouse-absent,Taiwan,Exec-managerial,Other,Own-child,Male,Local-gov
18,57500,762,0,5th-6th,6,97,Married-AF-spouse,Haiti,Prof-specialty,Other,Unmarried,Female,Self-emp-inc
18,57500,762,0,5th-6th,6,97,Married-AF-spouse,Haiti,Prof-specialty,Other,Unmarried,Male,Self-emp-inc
17,57500,762,1,Doctorate,5,96,Married-spouse-absent,Taiwan,Exec-managerial,Other,Own-child,Female,Local-gov
17,57500,762,1,Doctorate,5,96,Married-spouse-absent,Taiwan,Exec-managerial,Other,Own-child,Male,Local-gov
18,62500,1851,0,5th-6th,6,85,Married-AF-spouse,Haiti,Prof-specialty,Other,Unmarried,Female,State-gov
18,62500,1851,0,5th-6th,6,85,Married-AF-spouse,Haiti,Prof-specialty,Other,Unmarried,Male,State-gov
18,62500,762,1,5th-6th,6,85,Married-AF-spouse,Haiti,Prof-specialty,Other,Other-relative,Female,State-gov
18,62500,762,1,5th-6th,6,85,Married-AF-spouse,Haiti,Prof-specialty,Other,Other-relative,Male,State-gov
22,52500,108,0,Bachelors,1,89,Widowed,Guatemala,Machine-op-inspct,White,Not-in-family,Female,Local-gov
22,52500,108,0,Bachelors,1,89,Widowed,Guatemala,Machine-op-inspct,White,Not-in-family,Male,Local-gov
12,52500,1415,0,Some-college,2,91,Widowed,Scotland,Adm-clerical,Asian-Pac-Islander,Not-in-family,Female,Self-emp-not-inc
12,52500,1415,0,Some-college,2,91,Widowed,Scotland,Adm-clerical,Asian-Pac-Islander,Not-in-family,Male,Self-emp-not-inc
13,52500,1415,1,11th,3,92,Married-spouse-absent,Thailand,Farming-fishing,Asian-Pac-Islander,Own-child,Female,State-gov
13,52500,1415,1,11th,3,92,Married-spouse-absent,Thailand,Farming-fishing,Asian-Pac-Islander,Own-child,Male,State-gov
10,52500,108,1,Bachelors,1,89,Widowed,Guatemala,Machine-op-inspct,White,Not-in-family,Female,Private
10,52500,108,1,Bachelors,1,89,Widowed,Guatemala,Machine-op-inspct,White,Not-in-family,Male,Private
13,52500,326,1,11th,3,92,Married-spouse-absent,Thailand,Farming-fishing,Asian-Pac-Islander,Own-child,Female,State-gov
13,52500,326,1,11th,3,92,Married-spouse-absent,Thailand,Farming-fishing,Asian-Pac-Islander,Own-child,Male,State-gov
11,52500,108,1,Some-college,1,77,Widowed,Nicaragua,Adm-clerical,White,Wife,Female,Local-gov
11,52500,108,1,Some-college,1,77,Widowed,Nicaragua,Adm-clerical,White,Wife,Male,Local-gov
13,52500,1415,1,11th,3,92,Married-spouse-absent,Dominican-Republic,Farming-fishing,Asian-Pac-Islander,Other-relative,Female,State-gov
13,52500,1415,1,11th,3,92,Married-spouse-absent,Dominican-Republic,Farming-fishing,Asian-Pac-Islander,Other-relative,Male,State-gov
13,52500,326,0,11th,3,92,Married-spouse-absent,Dominican-Republic,Farming-fishing,Asian-Pac-Islander,Other-relative,Female,State-gov
13,52500,326,0,11th,3,92,Married-spouse-absent,Dominican-Republic,Farming-fishing,Asian-Pac-Islander,Other-relative,Male,State-gov
11,52500,108,0,Some-college,1,77,Widowed,Ireland,Adm-clerical,White,Not-in-family,Female,Local-gov
11,52500,108,0,Some-college,1,77,Widowed,Ireland,Adm-clerical,White,Not-in-family,Male,Local-gov
29,62500,1633,1,Assoc-voc,6,95,Married-AF-spouse,Peru,Prof-specialty,Other,Other-relative,Female,State-gov
29,62500,1633,1,Assoc-voc,6,95,Married-AF-spouse,Peru,Prof-specialty,Other,Other-relative,Male,State-gov
16,62500,544,0,Prof-school,5,95,Married-spouse-absent,El-Salvador,Exec-managerial,Amer-Indian-Eskimo,Own-child,Female,Self-emp-inc
16,62500,544,0,Prof-school,5,95,Married-spouse-absent,El-Salvador,Exec-managerial,Amer-Indian-Eskimo,Own-child,Male,Self-emp-inc
18,57500,762,0,Assoc-voc,6,97,Married-AF-spouse,Peru,Prof-specialty,Other,Husband,Female,Self-emp-inc
18,57500,762,0,Assoc-voc,6,97,Married-AF-spouse,Peru,Prof-specialty,Other,Husband,Male,Self-emp-inc
18,57500,1851,0,Assoc-voc,6,85,Married-AF-spouse,Peru,Prof-specialty,Other,Husband,Female,State-gov
18,57500,1851,0,Assoc-voc,6,85,Married-AF-spouse,Peru,Prof-specialty,Other,Husband,Male,State-gov
19,57500,980,1,Assoc-voc,7,86,Married-AF-spouse,Hong,Prof-specialty,Black,Unmarried,Female,Federal-gov
19,57500,980,1,Assoc-voc,7,86,Married-AF-spouse,Hong,Prof-specialty,Black,Unmarried,Male,Federal-gov
22,52500,1197,1,Bachelors,1,89,Widowed,Portugal,Tech-support,White,Not-in-family,Female,Private
22,52500,1197,1,Bachelors,1,89,Widowed,Portugal,Tech-support,White,Not-in-family,Male,Private
25,57500,1633,1,HS-grad,3,93,Married-spouse-absent,Laos,Other-service,Amer-Indian-Eskimo,Own-child,Female,State-gov
25,57500,1633,1,HS-grad,3,93,Married-spouse-absent,Laos,Other-service,Amer-Indian-Eskimo,Own-child,Male,State-gov
27,57500,544,1,Prof-school,5,95,Married-spouse-absent,Ecuador,Exec-managerial,Amer-Indian-Eskimo,Other-relative,Female,State-gov
27,57500,544,1,Prof-school,5,95,Married-spouse-absent,Ecuador,Exec-managerial,Amer-Indian-Eskimo,Other-relative,Male,State-gov
23,52500,326,0,Some-college,2,91,Widowed,France,Craft-repair,Asian-Pac-Islander,Wife,Female,Local-gov
23,52500,326,0,Some-college,2,91,Widowed,France,Craft-repair,Asian-Pac-Islander,Wife,Male,Local-gov
27,57500,1633,0,Prof-school,4,82,Married-spouse-absent,Ecuador,Sales,Amer-Indian-Eskimo,Other-relative,Female,State-gov
27,57500,1633,0,Prof-school,4,82,Married-spouse-absent,Ecuador,Sales,Amer-Indian-Eskimo,Other-relative,Male,State-gov
23,52500,1415,1,Some-college,2,78,Widowed,France,Craft-repair,Asian-Pac-Islander,Wife,Female,Local-gov
23,52500,1415,1,Some-college,2,78,Widowed,France,Craft-repair,Asian-Pac-Islander,Wife,Male,Local-gov
27,57500,544,1,Prof-school,4,82,Married-spouse-absent,Ecuador,Sales,Amer-Indian-Eskimo,Other-relative,Female,State-gov
27,57500,544,1,Prof-school,4,82,Married-spouse-absent,Ecuador,Sales,Amer-Indian-Eskimo,Other-relative,Male,State-gov
10,52500,108,0,Bachelors,1,76,Widowed,Portugal,Tech-support,White,Wife,Female,Private
10,52500,108,0,Bachelors,1,76,Widowed,Portugal,Tech-support,White,Wife,Male,Private
23,52500,326,1,12th,10,78,Divorced,Scotland,Craft-repair,Asian-Pac-Islander,Not-in-family,Female,Local-gov
23,52500,326,1,12th,10,78,Divorced,Scotland,Craft-repair,Asian-Pac-Islander,Not-in-family,Male,Local-gov
13,52500,326,0,Masters,11,92,Divorced,Thailand,Other-service,Asian-Pac-Islander,Other-relative,Female,State-gov
13,52500,326,0,Masters,11,92,Divorced,Thailand,Other-service,Asian-Pac-Islander,Other-relative,Male,State-gov
11,52500,108,1,12th,9,77,Married-civ-spouse,Nicaragua,Craft-repair,White,Not-in-family,Female,Local-gov
11,52500,108,1,12th,9,77,Married-civ-spouse,Nicaragua,Craft-repair,White,Not-in-family,Male,Local-gov
10,52500,1197,0,7th-8th,9,89,Married-civ-spouse,Portugal,Tech-support,White,Not-in-family,Female,Local-gov
10,52500,1197,0,7th-8th,9,89,Married-civ-spouse,Portugal,Tech-support,White,Not-in-family,Male,Local-gov
11,52500,108,1,12th,9,90,Married-civ-spouse,Ireland,Craft-repair,White,Wife,Female,Local-gov
11,52500,108,1,12th,9,90,Married-civ-spouse,Ireland,Craft-repair,White,Wife,Male,Local-gov
10,52500,108,1,Bachelors,9,89,Married-civ-spouse,Portugal,Tech-support,White,Not-in-family,Female,Local-gov
10,52500,108,1,Bachelors,9,89,Married-civ-spouse,Portugal,Tech-support,White,Not-in-family,Male,Local-gov
22,52500,108,0,7th-8th,1,89,Married-civ-spouse,Guatemala,Machine-op-inspct,White,Not-in-family,Female,Private
22,52500,108,0,7th-8th,1,89,Married-civ-spouse,Guatemala,Machine-op-inspct,White,Not-in-family,Male,Private
22,62500,108,0,7th-8th,1,76,Married-civ-spouse,Guatemala,Machine-op-inspct,White,Not-in-family,Female,Local-gov
22,62500,108,0,7th-8th,1,76,Married-civ-spouse,Guatemala,Machine-op-inspct,White,Not-in-family,Male,Local-gov
13,52500,326,0,Masters,3,92,Divorced,Thailand,Farming-fishing,Asian-Pac-Islander,Other-relative,Female,Self-emp-inc
13,52500,326,0,Masters,3,92,Divorced,Thailand,Farming-fishing,Asian-Pac-Islander,Other-relative,Male,Self-emp-inc
14,52500,544,0,1st-4th,3,80,Divorced,Yugoslavia,Farming-fishing,Amer-Indian-Eskimo,Other-relative,Female,State-gov
14,52500,544,0,1st-4th,3,80,Divorced,Yugoslavia,Farming-fishing,Amer-Indian-Eskimo,Other-relative,Male,State-gov
11,52500,108,1,12th,1,77,Married-civ-spouse,Nicaragua,Adm-clerical,White,Wife,Female,Local-gov
11,52500,108,1,12th,1,77,Married-civ-spouse,Nicaragua,Adm-clerical,White,Wife,Male,Local-gov
24,57500,326,1,Masters,3,92,Divorced,Dominican-Republic,Farming-fishing,Asian-Pac-Islander,Other-relative,Female,State-gov
24,57500,326,1,Masters,3,92,Divorced,Dominican-Republic,Farming-fishing,Asian-Pac-Islander,Other-relative,Male,State-gov
22,52500,108,1,7th-8th,1,89,Married-civ-spouse,Portugal,Machine-op-inspct,White,Wife,Female,Local-gov
22,52500,108,1,7th-8th,1,89,Married-civ-spouse,Portugal,Machine-op-inspct,White,Wife,Male,Local-gov
22,52500,1197,1,7th-8th,1,76,Married-civ-spouse,Portugal,Machine-op-inspct,White,Not-in-family,Female,Local-gov
22,52500,1197,1,7th-8th,1,76,Married-civ-spouse,Portugal,Machine-op-inspct,White,Not-in-family,Male,Local-gov
22,52500,108,1,12th,1,77,Married-civ-spouse,Ireland,Adm-clerical,White,Not-in-family,Female,Local-gov
22,52500,108,1,12th,1,77,Married-civ-spouse,Ireland,Adm-clerical,White,Not-in-family,Male,Local-gov
14,52500,544,0,1st-4th,3,93,Divorced,Laos,Farming-fishing,Amer-Indian-Eskimo,Own-child,Female,State-gov
14,52500,544,0,1st-4th,3,93,Divorced,Laos,Farming-fishing,Amer-Indian-Eskimo,Own-child,Male,State-gov
10,62500,108,1,7th-8th,1,76,Married-civ-spouse,Portugal,Machine-op-inspct,White,Not-in-family,Female,Local-gov
10,62500,108,1,7th-8th,1,76,Married-civ-spouse,Portugal,Machine-op-inspct,White,Not-in-family,Male,Local-gov
27,62500,1633,0,10th,5,95,Never-married,El-Salvador,Exec-managerial,Amer-Indian-Eskimo,Other-relative,Female,Local-gov
27,62500,1633,0,10th,5,95,Never-married,El-Salvador,Exec-managerial,Amer-Indian-Eskimo,Other-relative,Male,Local-gov
27,57500,1633,0,10th,4,94,Never-married,El-Salvador,Sales,Amer-Indian-Eskimo,Other-relative,Female,Self-emp-inc
27,57500,1633,0,10th,4,94,Never-married,El-Salvador,Sales,Amer-Indian-Eskimo,Other-relative,Male,Self-emp-inc
22,52500,1197,1,12th,1,90,Married-civ-spouse,Nicaragua,Craft-repair,White,Wife,Female,Self-emp-not-inc
22,52500,1197,1,12th,1,90,Married-civ-spouse,Nicaragua,Craft-repair,White,Wife,Male,Self-emp-not-inc
23,52500,1415,0,12th,2,78,Divorced,Scotland,Craft-repair,Asian-Pac-Islander,Not-in-family,Female,Self-emp-not-inc
23,52500,1415,0,12th,2,78,Divorced,Scotland,Craft-repair,Asian-Pac-Islander,Not-in-family,Male,Self-emp-not-inc
30,62500,980,1,5th-6th,7,86,Separated,Hong,Prof-specialty,Black,Other-relative,Female,State-gov
30,62500,980,1,5th-6th,7,86,Separated,Hong,Prof-specialty,Black,Other-relative,Male,State-gov
18,57500,762,1,5th-6th,6,97,Never-married,Peru,Prof-specialty,Other,Unmarried,Female,Self-emp-inc
18,57500,762,1,5th-6th,6,97,Never-married,Peru,Prof-specialty,Other,Unmarried,Male,Self-emp-inc
14,62500,1633,1,1st-4th,3,80,Divorced,Yugoslavia,Other-service,Amer-Indian-Eskimo,Other-relative,Female,Self-emp-inc
14,62500,1633,1,1st-4th,3,80,Divorced,Yugoslavia,Other-service,Amer-Indian-Eskimo,Other-relative,Male,Self-emp-inc
13,62500,1415,0,Masters,3,79,Divorced,Thailand,Other-service,Asian-Pac-Islander,Own-child,Female,State-gov
13,62500,1415,0,Masters,3,79,Divorced,Thailand,Other-service,Asian-Pac-Islander,Own-child,Male,State-gov
19,62500,980,1,5th-6th,7,86,Separated,Hong,Prof-specialty,Black,Unmarried,Female,State-gov
19,62500,980,1,5th-6th,7,86,Separated,Hong,Prof-specialty,Black,Unmarried,Male,State-gov
18,57500,762,0,5th-6th,6,85,Never-married,Peru,Prof-specialty,Other,Husband,Female,Without-pay
18,57500,762,0,5th-6th,6,85,Never-married,Peru,Prof-specialty,Other,Husband,Male,Without-pay
29,62500,1633,1,5th-6th,6,95,Never-married,Haiti,Prof-specialty,Other,Other-relative,Female,State-gov
29,62500,1633,1,5th-6th,6,95,Never-married,Haiti,Prof-specialty,Other,Other-relative,Male,State-gov
13,57500,1415,0,Masters,3,92,Divorced,Dominican-Republic,Other-service,Asian-Pac-Islander,Own-child,Female,Self-emp-inc
13,57500,1415,0,Masters,3,92,Divorced,Dominican-Republic,Other-service,Asian-Pac-Islander,Own-child,Male,Self-emp-inc
17,62500,762,1,Doctorate,5,96,Never-married,Taiwan,Exec-managerial,Other,Other-relative,Female,Self-emp-inc
17,62500,762,1,Doctorate,5,96,Never-married,Taiwan,Exec-managerial,Other,Other-relative,Male,Self-emp-inc
19,57500,980,0,5th-6th,7,98,Separated,Columbia,Prof-specialty,Black,Unmarried,Female,Federal-gov
19,57500,980,0,5th-6th,7,98,Separated,Columbia,Prof-specialty,Black,Unmarried,Male,Federal-gov
15,57500,1197,0,10th,4,82,Never-married,Ecuador,Sales,Amer-Indian-Eskimo,Not-in-family,Female,Federal-gov
15,57500,1197,0,10th,4,82,Never-married,Ecuador,Sales,Amer-Indian-Eskimo,Not-in-family,Male,Federal-gov
27,57500,544,1,Prof-school,4,94,Never-married,El-Salvador,Transport-moving,Amer-Indian-Eskimo,Other-relative,Female,State-gov
27,57500,544,1,Prof-school,4,94,Never-married,El-Salvador,Transport-moving,Amer-Indian-Eskimo,Other-relative,Male,State-gov
22,52500,108,0,Some-college,1,90,Married-civ-spouse,Nicaragua,Adm-clerical,White,Wife,Female,Local-gov
22,52500,108,0,Some-college,1,90,Married-civ-spouse,Nicaragua,Adm-clerical,White,Wife,Male,Local-gov
12,62500,1415,1,Some-college,2,91,Divorced,Scotland,Adm-clerical,Asian-Pac-Islander,Not-in-family,Female,Local-gov
12,62500,1415,1,Some-college,2,91,Divorced,Scotland,Adm-clerical,Asian-Pac-Islander,Not-in-family,Male,Local-gov
14,62500,544,1,HS-grad,3,93,Divorced,Yugoslavia,Farming-fishing,Amer-Indian-Eskimo,Other-relative,Female,State-gov
14,62500,544,1,HS-grad,3,93,Divorced,Yugoslavia,Farming-fishing,Amer-Indian-Eskimo,Other-relative,Male,State-gov
14,52500,544,1,HS-grad,3,80,Divorced,Yugoslavia,Farming-fishing,Amer-Indian-Eskimo,Other-relative,Female,State-gov
14,52500,544,1,HS-grad,3,80,Divorced,Yugoslavia,Farming-fishing,Amer-Indian-Eskimo,Other-relative,Male,State-gov
11,52500,108,0,Some-college,1,77,Married-civ-spouse,Ireland,Adm-clerical,White,Not-in-family,Female,Local-gov
11,52500,108,0,Some-college,1,77,Married-civ-spouse,Ireland,Adm-clerical,White,Not-in-family,Male,Local-gov
28,57500,762,0,Assoc-acdm,5,96,Never-married,Trinadad&Tobago,Exec-managerial,Other,Other-relative,Female,Self-emp-inc
28,57500,762,0,Assoc-acdm,5,96,Never-married,Trinadad&Tobago,Exec-managerial,Other,Other-relative,Male,Self-emp-inc
30,62500,980,1,Assoc-voc,7,98,Separated,Hong,Prof-specialty,Black,Husband,Female,Without-pay
30,62500,980,1,Assoc-voc,7,98,Separated,Hong,Prof-specialty,Black,Husband,Male,Without-pay
23,52500,326,0,Some-college,2,91,Divorced,Scotland,Craft-repair,Asian-Pac-Islander,Wife,Female,Self-emp-not-inc
23,52500,326,0,Some-college,2,91,Divorced,Scotland,Craft-repair,Asian-Pac-Islander,Wife,Male,Self-emp-not-inc
30,57500,980,0,Assoc-voc,7,86,Separated,Hong,Prof-specialty,Black,Unmarried,Female,State-gov
30,57500,980,0,Assoc-voc,7,86,Separated,Hong,Prof-specialty,Black,Unmarried,Male,State-gov
14,62500,1633,0,HS-grad,3,80,Divorced,Yugoslavia,Other-service,Amer-Indian-Eskimo,Own-child,Female,State-gov
14,62500,1633,0,HS-grad,3,80,Divorced,Yugoslavia,Other-service,Amer-Indian-Eskimo,Own-child,Male,State-gov
15,62500,544,1,Prof-school,4,82,Never-married,El-Salvador,Sales,Amer-Indian-Eskimo,Other-relative,Female,Self-emp-inc
15,62500,544,1,Prof-school,4,82,Never-married,El-Salvador,Sales,Amer-Indian-Eskimo,Other-relative,Male,Self-emp-inc
11,52500,108,1,Some-college,1,77,Married-civ-spouse,Nicaragua,Craft-repair,White,Wife,Female,Self-emp-not-inc
11,52500,108,1,Some-college,1,77,Married-civ-spouse,Nicaragua,Craft-repair,White,Wife,Male,Self-emp-not-inc
16,57500,762,1,11th,3,92,Divorced,Dominican-Republic,Other-service,Asian-Pac-Islander,Own-child,Female,Self-emp-inc
16,57500,762,1,11th,3,92,Divorced,Dominican-Republic,Other-service,Asian-Pac-Islander,Own-child,Male,Self-emp-inc
24,52500,1415,1,11th,3,79,Divorced,Dominican-Republic,Other-service,Asian-Pac-Islander,Own-child,Female,State-gov
24,52500,1415,1,11th,3,79,Divorced,Dominican-Republic,Other-service,Asian-Pac-Islander,Own-child,Male,State-gov
29,57500,762,1,Assoc-voc,6,85,Never-married,Haiti,Prof-specialty,Other,Unmarried,Female,Without-pay
29,57500,762,1,Assoc-voc,6,85,Never-married,Haiti,Prof-specialty,Other,Unmarried,Male,Without-pay
22,52500,108,0,Bachelors,1,76,Married-civ-spouse,Portugal,Tech-support,White,Wife,Female,Local-gov
22,52500,108,0,Bachelors,1,76,Married-civ-spouse,Portugal,Tech-support,White,Wife,Male,Local-gov
16,57500,1197,0,Prof-school,5,83,Never-married,Ecuador,Exec-managerial,Amer-Indian-Eskimo,Not-in-family,Female,Local-gov
16,57500,1197,0,Prof-school,5,83,Never-married,Ecuador,Exec-managerial,Amer-Indian-Eskimo,Not-in-family,Male,Local-gov
11,67500,2286,0,12th,5,65,Widowed,Nicaragua,Craft-repair,White,Not-in-family,Female,Local-gov
11,67500,2286,0,12th,5,65,Widowed,Nicaragua,Craft-repair,White,Not-in-family,Male,Local-gov
17,72500,4029,0,Doctorate,3,71,Married-spouse-absent,Taiwan,Exec-managerial,Other,Other-relative,Female,State-gov
17,72500,4029,0,Doctorate,3,71,Married-spouse-absent,Taiwan,Exec-managerial,Other,Other-relative,Male,State-gov
13,67500,3593,0,Masters,1,54,Married-spouse-absent,Thailand,Other-service,Asian-Pac-Islander,Other-relative,Female,State-gov
13,67500,3593,0,Masters,1,54,Married-spouse-absent,Thailand,Other-service,Asian-Pac-Islander,Other-relative,Male,State-gov
13,67500,2504,0,Masters,3,54,Married-spouse-absent,Thailand,Other-service,Asian-Pac-Islander,Other-relative,Female,State-gov
13,67500,2504,0,Masters,3,54,Married-spouse-absent,Thailand,Other-service,Asian-Pac-Islander,Other-relative,Male,State-gov
10,67500,2286,1,7th-8th,1,51,Widowed,Portugal,Tech-support,White,Not-in-family,Female,Local-gov
10,67500,2286,1,7th-8th,1,51,Widowed,Portugal,Tech-support,White,Not-in-family,Male,Local-gov
12,67500,2504,0,Some-college,2,66,Widowed,France,Craft-repair,Asian-Pac-Islander,Not-in-family,Female,Local-gov
12,67500,2504,0,Some-college,2,66,Widowed,France,Craft-repair,Asian-Pac-Islander,Not-in-family,Male,Local-gov
13,67500,2504,1,Masters,3,67,Never-married,Dominican-Republic,Other-service,Asian-Pac-Islander,Other-relative,Female,State-gov
13,67500,2504,1,Masters,3,67,Never-married,Dominican-Republic,Other-service,Asian-Pac-Islander,Other-relative,Male,State-gov
12,67500,2504,1,Some-college,2,66,Never-married,Scotland,Craft-repair,Asian-Pac-Islander,Not-in-family,Female,Local-gov
12,67500,2504,1,Some-college,2,66,Never-married,Scotland,Craft-repair,Asian-Pac-Islander,Not-in-family,Male,Local-gov
24,62500,3593,1,Masters,3,67,Married-spouse-absent,Thailand,Other-service,Asian-Pac-Islander,Other-relative,Female,State-gov
24,62500,3593,1,Masters,3,67,Married-spouse-absent,Thailand,Other-service,Asian-Pac-Islander,Other-relative,Male,State-gov
23,52500,2504,1,12th,2,66,Widowed,Scotland,Craft-repair,Asian-Pac-Islander,Wife,Female,Local-gov
23,52500,2504,1,12th,2,66,Widowed,Scotland,Craft-repair,Asian-Pac-Islander,Wife,Male,Local-gov
17,57500,4029,1,Doctorate,5,71,Married-spouse-absent,Trinadad&Tobago,Exec-managerial,Other,Other-relative,Female,Local-gov
17,57500,4029,1,Doctorate,5,71,Married-spouse-absent,Trinadad&Tobago,Exec-managerial,Other,Other-relative,Male,Local-gov
12,62500,3593,1,12th,2,66,Widowed,Scotland,Craft-repair,Asian-Pac-Islander,Wife,Female,Local-gov
12,62500,3593,1,12th,2,66,Widowed,Scotland,Craft-repair,Asian-Pac-Islander,Wife,Male,Local-gov
13,57500,2504,1,Masters,3,67,Married-spouse-absent,Thailand,Other-service,Asian-Pac-Islander,Own-child,Female,Self-emp-inc
13,57500,2504,1,Masters,3,67,Married-spouse-absent,Thailand,Other-service,Asian-Pac-Islander,Own-child,Male,Self-emp-inc
11,52500,2504,1,12th,1,65,Widowed,Ireland,Craft-repair,White,Wife,Female,Self-emp-not-inc
11,52500,2504,1,12th,1,65,Widowed,Ireland,Craft-repair,White,Wife,Male,Self-emp-not-inc
17,57500,4029,1,Doctorate,5,59,Married-spouse-absent,Trinadad&Tobago,Exec-managerial,Other,Other-relative,Female,State-gov
17,57500,4029,1,Doctorate,5,59,Married-spouse-absent,Trinadad&Tobago,Exec-managerial,Other,Other-relative,Male,State-gov
12,52500,3593,0,12th,2,53,Widowed,Scotland,Craft-repair,Asian-Pac-Islander,Wife,Female,Local-gov
12,52500,3593,0,12th,2,53,Widowed,Scotland,Craft-repair,Asian-Pac-Islander,Wife,Male,Local-gov
13,52500,2504,1,Masters,3,54,Married-spouse-absent,Thailand,Other-service,Asian-Pac-Islander,Other-relative,Female,Self-emp-not-inc
13,52500,2504,1,Masters,3,54,Married-spouse-absent,Thailand,Other-service,Asian-Pac-Islander,Other-relative,Male,Self-emp-not-inc
10,62500,2286,1,7th-8th,1,51,Widowed,Guatemala,Tech-support,White,Wife,Female,Local-gov
10,62500,2286,1,7th-8th,1,51,Widowed,Guatemala,Tech-support,White,Wife,Male,Local-gov
12,52500,3593,0,12th,2,53,Widowed,France,Craft-repair,Asian-Pac-Islander,Not-in-family,Female,Self-emp-not-inc
12,52500,3593,0,12th,2,53,Widowed,France,Craft-repair,Asian-Pac-Islander,Not-in-family,Male,Self-emp-not-inc
12,52500,2504,1,12th,2,53,Widowed,France,Craft-repair,Asian-Pac-Islander,Not-in-family,Female,Self-emp-not-inc
12,52500,2504,1,12th,2,53,Widowed,France,Craft-repair,Asian-Pac-Islander,Not-in-family,Male,Self-emp-not-inc
24,52500,3593,0,11th,3,67,Married-spouse-absent,Dominican-Republic,Other-service,Asian-Pac-Islander,Other-relative,Female,State-gov
24,52500,3593,0,11th,3,67,Married-spouse-absent,Dominican-Republic,Other-service,Asian-Pac-Islander,Other-relative,Male,State-gov
11,52500,2504,0,Some-college,1,65,Widowed,Nicaragua,Craft-repair,White,Wife,Female,Self-emp-not-inc
11,52500,2504,0,Some-college,1,65,Widowed,Nicaragua,Craft-repair,White,Wife,Male,Self-emp-not-inc
14,57500,3811,1,HS-grad,3,68,Married-spouse-absent,Laos,Other-service,Amer-Indian-Eskimo,Other-relative,Female,Self-emp-inc
14,57500,3811,1,HS-grad,3,68,Married-spouse-absent,Laos,Other-service,Amer-Indian-Eskimo,Other-relative,Male,Self-emp-inc
18,57500,2940,1,Assoc-voc,6,72,Married-AF-spouse,Haiti,Prof-specialty,Other,Unmarried,Female,Without-pay
18,57500,2940,1,Assoc-voc,6,72,Married-AF-spouse,Haiti,Prof-specialty,Other,Unmarried,Male,Without-pay
25,52500,2722,1,HS-grad,3,55,Married-spouse-absent,Yugoslavia,Other-service,Amer-Indian-Eskimo,Other-relative,Female,State-gov
25,52500,2722,1,HS-grad,3,55,Married-spouse-absent,Yugoslavia,Other-service,Amer-Indian-Eskimo,Other-relative,Male,State-gov
12,52500,3593,1,Some-college,2,53,Widowed,Scotland,Craft-repair,Asian-Pac-Islander,Not-in-family,Female,Self-emp-not-inc
12,52500,3593,1,Some-college,2,53,Widowed,Scotland,Craft-repair,Asian-Pac-Islander,Not-in-family,Male,Self-emp-not-inc
15,62500,2722,1,Prof-school,4,57,Married-spouse-absent,El-Salvador,Sales,Amer-Indian-Eskimo,Other-relative,Female,State-gov
15,62500,2722,1,Prof-school,4,57,Married-spouse-absent,El-Salvador,Sales,Amer-Indian-Eskimo,Other-relative,Male,State-gov
15,57500,2722,0,Prof-school,4,57,Married-spouse-absent,El-Salvador,Sales,Amer-Indian-Eskimo,Other-relative,Female,Federal-gov
15,57500,2722,0,Prof-school,4,57,Married-spouse-absent,El-Salvador,Sales,Amer-Indian-Eskimo,Other-relative,Male,Federal-gov
13,62500,2504,0,Masters,3,67,Divorced,Thailand,Other-service,Asian-Pac-Islander,Other-relative,Female,State-gov
13,62500,2504,0,Masters,3,67,Divorced,Thailand,Other-service,Asian-Pac-Islander,Other-relative,Male,State-gov
23,52500,2504,1,Some-college,2,66,Divorced,France,Craft-repair,Asian-Pac-Islander,Not-in-family,Female,Local-gov
23,52500,2504,1,Some-college,2,66,Divorced,France,Craft-repair,Asian-Pac-Islander,Not-in-family,Male,Local-gov
15,57500,2722,1,Prof-school,4,69,Separated,Ecuador,Sales,Amer-Indian-Eskimo,Other-relative,Female,Federal-gov
15,57500,2722,1,Prof-school,4,69,Separated,Ecuador,Sales,Amer-Indian-Eskimo,Other-relative,Male,Federal-gov
13,67500,1415,0,Masters,5,67,Married-spouse-absent,Thailand,Other-service,Asian-Pac-Islander,Other-relative,Female,State-gov
13,67500,1415,0,Masters,5,67,Married-spouse-absent,Thailand,Other-service,Asian-Pac-Islander,Other-relative,Male,State-gov
11,67500,1197,1,12th,1,65,Widowed,Nicaragua,Craft-repair,White,Not-in-family,Female,Private
11,67500,1197,1,12th,1,65,Widowed,Nicaragua,Craft-repair,White,Not-in-family,Male,Private
12,67500,326,0,12th,5,66,Widowed,Scotland,Craft-repair,Asian-Pac-Islander,Not-in-family,Female,Local-gov
12,67500,326,0,12th,5,66,Widowed,Scotland,Craft-repair,Asian-Pac-Islander,Not-in-family,Male,Local-gov
19,72500,980,0,5th-6th,3,73,Married-AF-spouse,Hong,Prof-specialty,Black,Unmarried,Female,Without-pay
19,72500,980,0,5th-6th,3,73,Married-AF-spouse,Hong,Prof-specialty,Black,Unmarried,Male,Without-pay
13,67500,326,1,Masters,1,67,Married-spouse-absent,Thailand,Other-service,Asian-Pac-Islander,Own-child,Female,State-gov
13,67500,326,1,Masters,1,67,Married-spouse-absent,Thailand,Other-service,Asian-Pac-Islander,Own-child,Male,State-gov
17,72500,762,1,Doctorate,3,71,Married-spouse-absent,Taiwan,Exec-managerial,Other,Other-relative,Female,State-gov
17,72500,762,1,Doctorate,3,71,Married-spouse-absent,Taiwan,Exec-managerial,Other,Other-relative,Male,State-gov
12,67500,1415,0,Some-college,1,66,Widowed,Scotland,Craft-repair,Asian-Pac-Islander,Wife,Female,Local-gov
12,67500,1415,0,Some-college,1,66,Widowed,Scotland,Craft-repair,Asian-Pac-Islander,Wife,Male,Local-gov
11,67500,108,0,Some-college,5,65,Widowed,Nicaragua,Craft-repair,White,Not-in-family,Female,Local-gov
11,67500,108,0,Some-college,5,65,Widowed,Nicaragua,Craft-repair,White,Not-in-family,Male,Local-gov
12,67500,326,1,Some-college,1,66,Widowed,Scotland,Craft-repair,Asian-Pac-Islander,Wife,Female,Local-gov
12,67500,326,1,Some-college,1,66,Widowed,Scotland,Craft-repair,Asian-Pac-Islander,Wife,Male,Local-gov
17,72500,1851,0,Assoc-acdm,3,71,Married-spouse-absent,Taiwan,Exec-managerial,Other,Other-relative,Female,State-gov
17,72500,1851,0,Assoc-acdm,3,71,Married-spouse-absent,Taiwan,Exec-managerial,Other,Other-relative,Male,State-gov
12,67500,326,1,Some-college,2,66,Widowed,France,Craft-repair,Asian-Pac-Islander,Not-in-family,Female,Local-gov
12,67500,326,1,Some-college,2,66,Widowed,France,Craft-repair,Asian-Pac-Islander,Not-in-family,Male,Local-gov
12,67500,1415,0,12th,2,53,Never-married,Scotland,Craft-repair,Asian-Pac-Islander,Not-in-family,Female,Local-gov
12,67500,1415,0,12th,2,53,Never-married,Scotland,Craft-repair,Asian-Pac-Islander,Not-in-family,Male,Local-gov
12,67500,326,1,Some-college,2,66,Never-married,France,Craft-repair,Asian-Pac-Islander,Not-in-family,Female,Local-gov
12,67500,326,1,Some-college,2,66,Never-married,France,Craft-repair,Asian-Pac-Islander,Not-in-family,Male,Local-gov
10,52500,1197,0,7th-8th,9,64,Widowed,Portugal,Tech-support,White,Not-in-family,Female,Local-gov
10,52500,1197,0,7th-8th,9,64,Widowed,Portugal,Tech-support,White,Not-in-family,Male,Local-gov
12,52500,326,1,Some-college,10,66,Widowed,Scotland,Craft-repair,Asian-Pac-Islander,Not-in-family,Female,Local-gov
12,52500,326,1,Some-college,10,66,Widowed,Scotland,Craft-repair,Asian-Pac-Islander,Not-in-family,Male,Local-gov
24,52500,1415,1,Masters,3,67,Married-spouse-absent,Thailand,Other-service,Asian-Pac-Islander,Other-relative,Female,Self-emp-inc
24,52500,1415,1,Masters,3,67,Married-spouse-absent,Thailand,Other-service,Asian-Pac-Islander,Other-relative,Male,Self-emp-inc
27,57500,544,1,10th,4,69,Married-spouse-absent,El-Salvador,Sales,Amer-Indian-Eskimo,Other-relative,Female,State-gov
27,57500,544,1,10th,4,69,Married-spouse-absent,El-Salvador,Sales,Amer-Indian-Eskimo,Other-relative,Male,State-gov
22,62500,1197,1,12th,1,52,Widowed,Nicaragua,Craft-repair,White,Not-in-family,Female,Local-gov
22,62500,1197,1,12th,1,52,Widowed,Nicaragua,Craft-repair,White,Not-in-family,Male,Local-gov
12,62500,326,0,12th,2,66,Widowed,Scotland,Craft-repair,Asian-Pac-Islander,Not-in-family,Female,Self-emp-not-inc
12,62500,326,0,12th,2,66,Widowed,Scotland,Craft-repair,Asian-Pac-Islander,Not-in-family,Male,Self-emp-not-inc
15,57500,544,1,10th,4,69,Married-spouse-absent,Ecuador,Sales,Amer-Indian-Eskimo,Other-relative,Female,Federal-gov
15,57500,544,1,10th,4,69,Married-spouse-absent,Ecuador,Sales,Amer-Indian-Eskimo,Other-relative,Male,Federal-gov
11,62500,108,1,12th,1,65,Widowed,Ireland,Craft-repair,White,Wife,Female,Local-gov
11,62500,108,1,12th,1,65,Widowed,Ireland,Craft-repair,White,Wife,Male,Local-gov
14,57500,1633,1,1st-4th,3,55,Married-spouse-absent,Yugoslavia,Other-service,Amer-Indian-Eskimo,Other-relative,Female,Self-emp-inc
14,57500,1633,1,1st-4th,3,55,Married-spouse-absent,Yugoslavia,Other-service,Amer-Indian-Eskimo,Other-relative,Male,Self-emp-inc
13,57500,326,0,Masters,3,54,Married-spouse-absent,Thailand,Other-service,Asian-Pac-Islander,Other-relative,Female,Self-emp-inc
13,57500,326,0,Masters,3,54,Married-spouse-absent,Thailand,Other-service,Asian-Pac-Islander,Other-relative,Male,Self-emp-inc
10,62500,108,1,7th-8th,1,51,Widowed,Guatemala,Tech-support,White,Wife,Female,Local-gov
10,62500,108,1,7th-8th,1,51,Widowed,Guatemala,Tech-support,White,Wife,Male,Local-gov
11,52500,1197,1,12th,1,52,Widowed,Ireland,Craft-repair,White,Not-in-family,Female,Private
11,52500,1197,1,12th,1,52,Widowed,Ireland,Craft-repair,White,Not-in-family,Male,Private
13,62500,326,0,Masters,3,54,Married-spouse-absent,Dominican-Republic,Other-service,Asian-Pac-Islander,Other-relative,Female,State-gov
13,62500,326,0,Masters,3,54,Married-spouse-absent,Dominican-Republic,Other-service,Asian-Pac-Islander,Other-relative,Male,State-gov
22,52500,1197,0,Some-college,1,65,Widowed,Nicaragua,Craft-repair,White,Not-in-family,Female,Private
22,52500,1197,0,Some-college,1,65,Widowed,Nicaragua,Craft-repair,White,Not-in-family,Male,Private
27,62500,544,1,Prof-school,4,69,Married-spouse-absent,El-Salvador,Sales,Amer-Indian-Eskimo,Other-relative,Female,State-gov
27,62500,544,1,Prof-school,4,69,Married-spouse-absent,El-Salvador,Sales,Amer-Indian-Eskimo,Other-relative,Male,State-gov
28,57500,762,1,Assoc-acdm,5,71,Married-spouse-absent,Trinadad&Tobago,Exec-managerial,Other,Other-relative,Female,State-gov
28,57500,762,1,Assoc-acdm,5,71,Married-spouse-absent,Trinadad&Tobago,Exec-managerial,Other,Other-relative,Male,State-gov
22,52500,108,1,Some-college,1,65,Widowed,Ireland,Craft-repair,White,Not-in-family,Female,Local-gov
22,52500,108,1,Some-college,1,65,Widowed,Ireland,Craft-repair,White,Not-in-family,Male,Local-gov
27,57500,1633,1,Prof-school,4,57,Married-spouse-absent,El-Salvador,Sales,Amer-Indian-Eskimo,Other-relative,Female,State-gov
27,57500,1633,1,Prof-school,4,57,Married-spouse-absent,El-Salvador,Sales,Amer-Indian-Eskimo,Other-relative,Male,State-gov
27,57500,544,0,Prof-school,4,57,Married-spouse-absent,El-Salvador,Sales,Amer-Indian-Eskimo,Other-relative,Female,State-gov
27,57500,544,0,Prof-school,4,57,Married-spouse-absent,El-Salvador,Sales,Amer-Indian-Eskimo,Other-relative,Male,State-gov
15,57500,1197,1,Prof-school,4,63,Married-spouse-absent,El-Salvador,Sales,Amer-Indian-Eskimo,Not-in-family,Female,Federal-gov
15,57500,1197,1,Prof-school,4,63,Married-spouse-absent,El-Salvador,Sales,Amer-Indian-Eskimo,Not-in-family,Male,Federal-gov
15,57500,1633,1,Prof-school,4,69,Married-spouse-absent,Ecuador,Sales,Amer-Indian-Eskimo,Other-relative,Female,Federal-gov
15,57500,1633,1,Prof-school,4,69,Married-spouse-absent,Ecuador,Sales,Amer-Indian-Eskimo,Other-relative,Male,Federal-gov
14,57500,544,0,HS-grad,3,68,Married-spouse-absent,Laos,Other-service,Amer-Indian-Eskimo,Other-relative,Female,Self-emp-inc
14,57500,544,0,HS-grad,3,68,Married-spouse-absent,Laos,Other-service,Amer-Indian-Eskimo,Other-relative,Male,Self-emp-inc
15,57500,544,0,Prof-school,4,69,Married-spouse-absent,Ecuador,Sales,Amer-Indian-Eskimo,Own-child,Female,State-gov
15,57500,544,0,Prof-school,4,69,Married-spouse-absent,Ecuador,Sales,Amer-Indian-Eskimo,Own-child,Male,State-gov
12,62500,1415,1,Some-college,2,53,Widowed,France,Craft-repair,Asian-Pac-Islander,Not-in-family,Female,Local-gov
12,62500,1415,1,Some-college,2,53,Widowed,France,Craft-repair,Asian-Pac-Islander,Not-in-family,Male,Local-gov
11,62500,108,1,Some-college,1,52,Widowed,Ireland,Craft-repair,White,Not-in-family,Female,Local-gov
11,62500,108,1,Some-college,1,52,Widowed,Ireland,Craft-repair,White,Not-in-family,Male,Local-gov
16,57500,544,0,Prof-school,5,58,Married-spouse-absent,Ecuador,Exec-managerial,Amer-Indian-Eskimo,Other-relative,Female,State-gov
16,57500,544,0,Prof-school,5,58,Married-spouse-absent,Ecuador,Exec-managerial,Amer-Indian-Eskimo,Other-relative,Male,State-gov
22,52500,108,0,Bachelors,1,64,Married-civ-spouse,Guatemala,Machine-op-inspct,White,Not-in-family,Female,Local-gov
22,52500,108,0,Bachelors,1,64,Married-civ-spouse,Guatemala,Machine-op-inspct,White,Not-in-family,Male,Local-gov
10,52500,108,0,Bachelors,1,64,Married-civ-spouse,Guatemala,Machine-op-inspct,White,Not-in-family,Female,Local-gov
10,52500,108,0,Bachelors,1,64,Married-civ-spouse,Guatemala,Machine-op-inspct,White,Not-in-family,Male,Local-gov
24,62500,1415,0,Masters,3,67,Divorced,Thailand,Other-service,Asian-Pac-Islander,Other-relative,Female,State-gov
24,62500,1415,0,Masters,3,67,Divorced,Thailand,Other-service,Asian-Pac-Islander,Other-relative,Male,State-gov
27,57500,544,0,10th,5,70,Never-married,El-Salvador,Exec-managerial,Amer-Indian-Eskimo,Other-relative,Female,Local-gov
27,57500,544,0,10th,5,70,Never-married,El-Salvador,Exec-managerial,Amer-Indian-Eskimo,Other-relative,Male,Local-gov
27,57500,544,0,10th,5,70,Never-married,El-Salvador,Exec-managerial,Amer-Indian-Eskimo,Own-child,Female,State-gov
27,57500,544,0,10th,5,70,Never-married,El-Salvador,Exec-managerial,Amer-Indian-Eskimo,Own-child,Male,State-gov
23,62500,1415,1,12th,2,66,Divorced,France,Craft-repair,Asian-Pac-Islander,Not-in-family,Female,Local-gov
23,62500,1415,1,12th,2,66,Divorced,France,Craft-repair,Asian-Pac-Islander,Not-in-family,Male,Local-gov
22,62500,108,1,7th-8th,1,64,Married-civ-spouse,Portugal,Tech-support,White,Not-in-family,Female,Local-gov
22,62500,108,1,7th-8th,1,64,Married-civ-spouse,Portugal,Tech-support,White,Not-in-family,Male,Local-gov
27,57500,544,0,10th,5,70,Never-married,Ecuador,Exec-managerial,Amer-Indian-Eskimo,Other-relative,Female,Local-gov
27,57500,544,0,10th,5,70,Never-married,Ecuador,Exec-managerial,Amer-Indian-Eskimo,Other-relative,Male,Local-gov
10,52500,1197,0,7th-8th,1,64,Married-civ-spouse,Portugal,Tech-support,White,Not-in-family,Female,Private
10,52500,1197,0,7th-8th,1,64,Married-civ-spouse,Portugal,Tech-support,White,Not-in-family,Male,Private
14,57500,1633,0,1st-4th,3,68,Never-married,Laos,Other-service,Amer-Indian-Eskimo,Own-child,Female,State-gov
14,57500,1633,0,1st-4th,3,68,Never-married,Laos,Other-service,Amer-Indian-Eskimo,Own-child,Male,State-gov
12,52500,1415,0,12th,2,66,Married-civ-spouse,France,Craft-repair,Asian-Pac-Islander,Wife,Female,Local-gov
12,52500,1415,0,12th,2,66,Married-civ-spouse,France,Craft-repair,Asian-Pac-Islander,Wife,Male,Local-gov
11,52500,108,1,12th,1,65,Married-civ-spouse,Ireland,Craft-repair,White,Not-in-family,Female,Private
11,52500,108,1,12th,1,65,Married-civ-spouse,Ireland,Craft-repair,White,Not-in-family,Male,Private
12,52500,1415,1,12th,2,53,Never-married,France,Craft-repair,Asian-Pac-Islander,Wife,Female,Local-gov
12,52500,1415,1,12th,2,53,Never-married,France,Craft-repair,Asian-Pac-Islander,Wife,Male,Local-gov
12,52500,326,0,12th,2,53,Married-civ-spouse,France,Craft-repair,Asian-Pac-Islander,Wife,Female,Local-gov
12,52500,326,0,12th,2,53,Married-civ-spouse,France,Craft-repair,Asian-Pac-Islander,Wife,Male,Local-gov
28,57500,762,0,Assoc-acdm,5,71,Never-married,Trinadad&Tobago,Exec-managerial,Other,Other-relative,Female,Local-gov
28,57500,762,0,Assoc-acdm,5,71,Never-married,Trinadad&Tobago,Exec-managerial,Other,Other-relative,Male,Local-gov
27,57500,544,0,Prof-school,5,70,Never-married,Ecuador,Exec-managerial,Amer-Indian-Eskimo,Other-relative,Female,State-gov
27,57500,544,0,Prof-school,5,70,Never-married,Ecuador,Exec-managerial,Amer-Indian-Eskimo,Other-relative,Male,State-gov
13,52500,1415,0,11th,3,67,Divorced,Dominican-Republic,Other-service,Asian-Pac-Islander,Other-relative,Female,Self-emp-inc
13,52500,1415,0,11th,3,67,Divorced,Dominican-Republic,Other-service,Asian-Pac-Islander,Other-relative,Male,Self-emp-inc
16,57500,544,0,Prof-school,5,70,Never-married,Ecuador,Exec-managerial,Amer-Indian-Eskimo,Other-relative,Female,Local-gov
16,57500,544,0,Prof-school,5,70,Never-married,Ecuador,Exec-managerial,Amer-Indian-Eskimo,Other-relative,Male,Local-gov
10,52500,108,0,Bachelors,1,51,Married-civ-spouse,Guatemala,Tech-support,White,Wife,Female,Local-gov
10,52500,108,0,Bachelors,1,51,Married-civ-spouse,Guatemala,Tech-support,White,Wife,Male,Local-gov
22,52500,108,1,Bachelors,1,51,Married-civ-spouse,Portugal,Tech-support,White,Not-in-family,Female,Local-gov
22,52500,108,1,Bachelors,1,51,Married-civ-spouse,Portugal,Tech-support,White,Not-in-family,Male,Local-gov
10,62500,108,1,Bachelors,1,51,Married-civ-spouse,Portugal,Tech-support,White,Not-in-family,Female,Local-gov
10,62500,108,1,Bachelors,1,51,Married-civ-spouse,Portugal,Tech-support,White,Not-in-family,Male,Local-gov
11,67500,3375,0,12th,5,90,Widowed,Cuba,Craft-repair,White,Not-in-family,Female,Local-gov
11,67500,3375,0,12th,5,90,Widowed,Cuba,Craft-repair,White,Not-in-family,Male,Local-gov
19,72500,4247,1,5th-6th,3,98,Married-AF-spouse,Vietnam,Prof-specialty,Black,Unmarried,Female,Without-pay
19,72500,4247,1,5th-6th,3,98,Married-AF-spouse,Vietnam,Prof-specialty,Black,Unmarried,Male,Without-pay
19,72500,3158,1,Assoc-voc,3,98,Married-AF-spouse,Vietnam,Prof-specialty,Black,Unmarried,Female,Without-pay
19,72500,3158,1,Assoc-voc,3,98,Married-AF-spouse,Vietnam,Prof-specialty,Black,Unmarried,Male,Without-pay
11,67500,3375,1,Some-college,1,77,Widowed,Cuba,Craft-repair,White,Not-in-family,Female,Local-gov
11,67500,3375,1,Some-college,1,77,Widowed,Cuba,Craft-repair,White,Not-in-family,Male,Local-gov
11,67500,3375,0,Some-college,1,90,Widowed,Cambodia,Craft-repair,White,Not-in-family,Female,Local-gov
11,67500,3375,0,Some-college,1,90,Widowed,Cambodia,Craft-repair,White,Not-in-family,Male,Local-gov
14,67500,3811,1,1st-4th,3,93,Divorced,Philippines,Other-service,Amer-Indian-Eskimo,Other-relative,Female,State-gov
14,67500,3811,1,1st-4th,3,93,Divorced,Philippines,Other-service,Amer-Indian-Eskimo,Other-relative,Male,State-gov
13,67500,2504,1,Masters,3,79,Never-married,Honduras,Other-service,Asian-Pac-Islander,Other-relative,Female,State-gov
13,67500,2504,1,Masters,3,79,Never-married,Honduras,Other-service,Asian-Pac-Islander,Other-relative,Male,State-gov
19,72500,3158,1,Assoc-voc,3,98,Separated,Vietnam,Prof-specialty,Black,Unmarried,Female,Without-pay
19,72500,3158,1,Assoc-voc,3,98,Separated,Vietnam,Prof-specialty,Black,Unmarried,Male,Without-pay
10,67500,2286,0,Bachelors,1,76,Married-civ-spouse,China,Tech-support,White,Not-in-family,Female,Local-gov
10,67500,2286,0,Bachelors,1,76,Married-civ-spouse,China,Tech-support,White,Not-in-family,Male,Local-gov
10,52500,3375,1,7th-8th,9,89,Widowed,China,Tech-support,White,Not-in-family,Female,Local-gov
10,52500,3375,1,7th-8th,9,89,Widowed,China,Tech-support,White,Not-in-family,Male,Local-gov
10,52500,2286,0,Bachelors,9,89,Widowed,China,Tech-support,White,Not-in-family,Female,Local-gov
10,52500,2286,0,Bachelors,9,89,Widowed,China,Tech-support,White,Not-in-family,Male,Local-gov
10,52500,2286,0,7th-8th,1,89,Widowed,China,Machine-op-inspct,White,Not-in-family,Female,Local-gov
10,52500,2286,0,7th-8th,1,89,Widowed,China,Machine-op-inspct,White,Not-in-family,Male,Local-gov
23,62500,3593,0,12th,2,91,Widowed,Iran,Craft-repair,Asian-Pac-Islander,Not-in-family,Female,Local-gov
23,62500,3593,0,12th,2,91,Widowed,Iran,Craft-repair,Asian-Pac-Islander,Not-in-family,Male,Local-gov
27,57500,3811,1,10th,4,94,Married-spouse-absent,Italy,Sales,Amer-Indian-Eskimo,Other-relative,Female,State-gov
27,57500,3811,1,10th,4,94,Married-spouse-absent,Italy,Sales,Amer-Indian-Eskimo,Other-relative,Male,State-gov
22,52500,3375,1,12th,1,90,Widowed,Cuba,Craft-repair,White,Wife,Female,Local-gov
22,52500,3375,1,12th,1,90,Widowed,Cuba,Craft-repair,White,Wife,Male,Local-gov
27,57500,2722,1,10th,4,94,Married-spouse-absent,Italy,Sales,Amer-Indian-Eskimo,Other-relative,Female,State-gov
27,57500,2722,1,10th,4,94,Married-spouse-absent,Italy,Sales,Amer-Indian-Eskimo,Other-relative,Male,State-gov
22,52500,2286,0,7th-8th,1,89,Widowed,China,Tech-support,White,Wife,Female,Local-gov
22,52500,2286,0,7th-8th,1,89,Widowed,China,Tech-support,White,Wife,Male,Local-gov
24,52500,2504,0,Masters,3,79,Married-spouse-absent,Honduras,Other-service,Asian-Pac-Islander,Other-relative,Female,State-gov
24,52500,2504,0,Masters,3,79,Married-spouse-absent,Honduras,Other-service,Asian-Pac-Islander,Other-relative,Male,State-gov
13,57500,2940,0,Masters,3,92,Married-spouse-absent,Honduras,Other-service,Asian-Pac-Islander,Own-child,Female,Self-emp-inc
13,57500,2940,0,Masters,3,92,Married-spouse-absent,Honduras,Other-service,Asian-Pac-Islander,Own-child,Male,Self-emp-inc
14,52500,3811,0,1st-4th,3,80,Married-spouse-absent,Philippines,Other-service,Amer-Indian-Eskimo,Other-relative,Female,Self-emp-inc
14,52500,3811,0,1st-4th,3,80,Married-spouse-absent,Philippines,Other-service,Amer-Indian-Eskimo,Other-relative,Male,Self-emp-inc
14,57500,2722,1,1st-4th,3,80,Married-spouse-absent,Philippines,Other-service,Amer-Indian-Eskimo,Other-relative,Female,Self-emp-inc
14,57500,2722,1,1st-4th,3,80,Married-spouse-absent,Philippines,Other-service,Amer-Indian-Eskimo,Other-relative,Male,Self-emp-inc
11,62500,3375,1,12th,1,77,Widowed,Cambodia,Craft-repair,White,Not-in-family,Female,Local-gov
11,62500,3375,1,12th,1,77,Widowed,Cambodia,Craft-repair,White,Not-in-family,Male,Local-gov
14,52500,3811,1,1st-4th,3,80,Married-spouse-absent,Canada,Other-service,Amer-Indian-Eskimo,Other-relative,Female,State-gov
14,52500,3811,1,1st-4th,3,80,Married-spouse-absent,Canada,Other-service,Amer-Indian-Eskimo,Other-relative,Male,State-gov
14,52500,2722,0,1st-4th,3,80,Married-spouse-absent,Canada,Other-service,Amer-Indian-Eskimo,Other-relative,Female,State-gov
14,52500,2722,0,1st-4th,3,80,Married-spouse-absent,Canada,Other-service,Amer-Indian-Eskimo,Other-relative,Male,State-gov
22,62500,3375,0,Bachelors,1,89,Widowed,China,Tech-support,White,Not-in-family,Female,Local-gov
22,62500,3375,0,Bachelors,1,89,Widowed,China,Tech-support,White,Not-in-family,Male,Local-gov
25,52500,2722,1,HS-grad,3,93,Married-spouse-absent,Philippines,Other-service,Amer-Indian-Eskimo,Other-relative,Female,State-gov
25,52500,2722,1,HS-grad,3,93,Married-spouse-absent,Philippines,Other-service,Amer-Indian-Eskimo,Other-relative,Male,State-gov
23,52500,2504,1,Some-college,2,78,Widowed,Iran,Craft-repair,Asian-Pac-Islander,Not-in-family,Female,Local-gov
23,52500,2504,1,Some-college,2,78,Widowed,Iran,Craft-repair,Asian-Pac-Islander,Not-in-family,Male,Local-gov
16,57500,3811,1,Prof-school,5,95,Married-spouse-absent,Italy,Exec-managerial,Amer-Indian-Eskimo,Other-relative,Female,Local-gov
16,57500,3811,1,Prof-school,5,95,Married-spouse-absent,Italy,Exec-managerial,Amer-Indian-Eskimo,Other-relative,Male,Local-gov
16,57500,2722,0,Prof-school,5,95,Married-spouse-absent,Italy,Exec-managerial,Amer-Indian-Eskimo,Other-relative,Female,Local-gov
16,57500,2722,0,Prof-school,5,95,Married-spouse-absent,Italy,Exec-managerial,Amer-Indian-Eskimo,Other-relative,Male,Local-gov
14,62500,2722,1,HS-grad,3,93,Married-spouse-absent,Philippines,Other-service,Amer-Indian-Eskimo,Own-child,Female,State-gov
14,62500,2722,1,HS-grad,3,93,Married-spouse-absent,Philippines,Other-service,Amer-Indian-Eskimo,Own-child,Male,State-gov
16,57500,2722,0,Prof-school,5,95,Married-spouse-absent,Italy,Exec-managerial,Amer-Indian-Eskimo,Own-child,Female,State-gov
16,57500,2722,0,Prof-school,5,95,Married-spouse-absent,Italy,Exec-managerial,Amer-Indian-Eskimo,Own-child,Male,State-gov
12,52500,3593,0,Some-college,2,78,Widowed,Iran,Craft-repair,Asian-Pac-Islander,Not-in-family,Female,Self-emp-not-inc
12,52500,3593,0,Some-college,2,78,Widowed,Iran,Craft-repair,Asian-Pac-Islander,Not-in-family,Male,Self-emp-not-inc
13,52500,3593,1,11th,3,79,Married-spouse-absent,Honduras,Other-service,Asian-Pac-Islander,Own-child,Female,State-gov
13,52500,3593,1,11th,3,79,Married-spouse-absent,Honduras,Other-service,Asian-Pac-Islander,Own-child,Male,State-gov
15,62500,2722,0,Prof-school,4,82,Married-spouse-absent,Italy,Sales,Amer-Indian-Eskimo,Other-relative,Female,State-gov
15,62500,2722,0,Prof-school,4,82,Married-spouse-absent,Italy,Sales,Amer-Indian-Eskimo,Other-relative,Male,State-gov
14,52500,2722,0,HS-grad,3,80,Married-spouse-absent,Philippines,Other-service,Amer-Indian-Eskimo,Other-relative,Female,Self-emp-inc
14,52500,2722,0,HS-grad,3,80,Married-spouse-absent,Philippines,Other-service,Amer-Indian-Eskimo,Other-relative,Male,Self-emp-inc
10,62500,2286,1,Bachelors,1,76,Widowed,China,Tech-support,White,Wife,Female,Local-gov
10,62500,2286,1,Bachelors,1,76,Widowed,China,Tech-support,White,Wife,Male,Local-gov
11,52500,3375,0,Some-college,1,90,Widowed,Cambodia,Craft-repair,White,Wife,Female,Local-gov
11,52500,3375,0,Some-college,1,90,Widowed,Cambodia,Craft-repair,White,Wife,Male,Local-gov
13,62500,2504,0,11th,3,92,Married-spouse-absent,Puerto-Rico,Other-service,Asian-Pac-Islander,Other-relative,Female,State-gov
13,62500,2504,0,11th,3,92,Married-spouse-absent,Puerto-Rico,Other-service,Asian-Pac-Islander,Other-relative,Male,State-gov
15,57500,2722,0,Prof-school,4,94,Married-spouse-absent,Germany,Sales,Amer-Indian-Eskimo,Other-relative,Female,State-gov
15,57500,2722,0,Prof-school,4,94,Married-spouse-absent,Germany,Sales,Amer-Indian-Eskimo,Other-relative,Male,State-gov
12,52500,2504,1,Some-college,2,91,Widowed,England,Craft-repair,Asian-Pac-Islander,Wife,Female,Local-gov
12,52500,2504,1,Some-college,2,91,Widowed,England,Craft-repair,Asian-Pac-Islander,Wife,Male,Local-gov
18,57500,4029,1,5th-6th,6,97,Never-married,Jamaica,Prof-specialty,Other,Unmarried,Female,Without-pay
18,57500,4029,1,5th-6th,6,97,Never-married,Jamaica,Prof-specialty,Other,Unmarried,Male,Without-pay
11,52500,3375,0,12th,1,90,Married-civ-spouse,Cuba,Craft-repair,White,Not-in-family,Female,Private
11,52500,3375,0,12th,1,90,Married-civ-spouse,Cuba,Craft-repair,White,Not-in-family,Male,Private
10,62500,3375,1,7th-8th,1,89,Married-civ-spouse,China,Tech-support,White,Wife,Female,Local-gov
10,62500,3375,1,7th-8th,1,89,Married-civ-spouse,China,Tech-support,White,Wife,Male,Local-gov
17,57500,2940,1,Doctorate,5,96,Never-married,Poland,Exec-managerial,Other,Other-relative,Female,Local-gov
17,57500,2940,1,Doctorate,5,96,Never-married,Poland,Exec-managerial,Other,Other-relative,Male,Local-gov
14,62500,3811,1,1st-4th,3,80,Divorced,Philippines,Other-service,Amer-Indian-Eskimo,Other-relative,Female,State-gov
14,62500,3811,1,1st-4th,3,80,Divorced,Philippines,Other-service,Amer-Indian-Eskimo,Other-relative,Male,State-gov
12,52500,3593,1,Some-college,2,91,Divorced,Iran,Craft-repair,Asian-Pac-Islander,Not-in-family,Female,Self-emp-not-inc
12,52500,3593,1,Some-college,2,91,Divorced,Iran,Craft-repair,Asian-Pac-Islander,Not-in-family,Male,Self-emp-not-inc
17,62500,2940,0,Assoc-acdm,5,96,Never-married,Poland,Exec-managerial,Other,Other-relative,Female,State-gov
17,62500,2940,0,Assoc-acdm,5,96,Never-married,Poland,Exec-managerial,Other,Other-relative,Male,State-gov
17,57500,2940,0,Assoc-acdm,5,96,Never-married,Poland,Exec-managerial,Other,Other-relative,Female,Local-gov
17,57500,2940,0,Assoc-acdm,5,96,Never-married,Poland,Exec-managerial,Other,Other-relative,Male,Local-gov
10,62500,2286,0,Bachelors,1,89,Married-civ-spouse,China,Tech-support,White,Wife,Female,Local-gov
10,62500,2286,0,Bachelors,1,89,Married-civ-spouse,China,Tech-support,White,Wife,Male,Local-gov
17,57500,4029,1,Assoc-acdm,5,84,Never-married,Poland,Exec-managerial,Other,Other-relative,Female,State-gov
17,57500,4029,1,Assoc-acdm,5,84,Never-married,Poland,Exec-managerial,Other,Other-relative,Male,State-gov
17,57500,2940,0,Assoc-acdm,5,84,Never-married,Poland,Exec-managerial,Other,Other-relative,Female,State-gov
17,57500,2940,0,Assoc-acdm,5,84,Never-married,Poland,Exec-managerial,Other,Other-relative,Male,State-gov
11,67500,1197,0,12th,5,90,Widowed,Cuba,Craft-repair,White,Not-in-family,Female,Local-gov
11,67500,1197,0,12th,5,90,Widowed,Cuba,Craft-repair,White,Not-in-family,Male,Local-gov
11,67500,1197,0,12th,1,90,Widowed,Cuba,Craft-repair,White,Wife,Female,Local-gov
11,67500,1197,0,12th,1,90,Widowed,Cuba,Craft-repair,White,Wife,Male,Local-gov
17,72500,1851,1,Doctorate,3,84,Married-spouse-absent,Poland,Exec-managerial,Other,Other-relative,Female,State-gov
17,72500,1851,1,Doctorate,3,84,Married-spouse-absent,Poland,Exec-managerial,Other,Other-relative,Male,State-gov
11,67500,108,1,12th,1,77,Widowed,Cuba,Craft-repair,White,Not-in-family,Female,Local-gov
11,67500,108,1,12th,1,77,Widowed,Cuba,Craft-repair,White,Not-in-family,Male,Local-gov
12,67500,326,0,Some-college,2,91,Widowed,Iran,Craft-repair,Asian-Pac-Islander,Not-in-family,Female,Local-gov
12,67500,326,0,Some-college,2,91,Widowed,Iran,Craft-repair,Asian-Pac-Islander,Not-in-family,Male,Local-gov
12,67500,1415,0,Some-college,2,78,Widowed,Iran,Craft-repair,Asian-Pac-Islander,Not-in-family,Female,Local-gov
12,67500,1415,0,Some-college,2,78,Widowed,Iran,Craft-repair,Asian-Pac-Islander,Not-in-family,Male,Local-gov
16,72500,1633,0,10th,2,83,Never-married,Italy,Exec-managerial,Amer-Indian-Eskimo,Other-relative,Female,State-gov
16,72500,1633,0,10th,2,83,Never-married,Italy,Exec-managerial,Amer-Indian-Eskimo,Other-relative,Male,State-gov
19,72500,2069,1,Assoc-voc,3,98,Separated,Vietnam,Prof-specialty,Black,Unmarried,Female,Without-pay
19,72500,2069,1,Assoc-voc,3,98,Separated,Vietnam,Prof-specialty,Black,Unmarried,Male,Without-pay
16,72500,544,1,Prof-school,2,95,Never-married,Italy,Exec-managerial,Amer-Indian-Eskimo,Other-relative,Female,State-gov
16,72500,544,1,Prof-school,2,95,Never-married,Italy,Exec-managerial,Amer-Indian-Eskimo,Other-relative,Male,State-gov
10,52500,1197,0,7th-8th,1,89,Widowed,China,Machine-op-inspct,White,Not-in-family,Female,Local-gov
10,52500,1197,0,7th-8th,1,89,Widowed,China,Machine-op-inspct,White,Not-in-family,Male,Local-gov
25,52500,1633,1,1st-4th,3,93,Married-spouse-absent,Philippines,Other-service,Amer-Indian-Eskimo,Other-relative,Female,State-gov
25,52500,1633,1,1st-4th,3,93,Married-spouse-absent,Philippines,Other-service,Amer-Indian-Eskimo,Other-relative,Male,State-gov
23,52500,326,0,12th,2,91,Widowed,Iran,Craft-repair,Asian-Pac-Islander,Not-in-family,Female,Local-gov
23,52500,326,0,12th,2,91,Widowed,Iran,Craft-repair,Asian-Pac-Islander,Not-in-family,Male,Local-gov
13,57500,762,1,Masters,3,92,Married-spouse-absent,Honduras,Other-service,Asian-Pac-Islander,Own-child,Female,Self-emp-inc
13,57500,762,1,Masters,3,92,Married-spouse-absent,Honduras,Other-service,Asian-Pac-Islander,Own-child,Male,Self-emp-inc
16,62500,1633,1,10th,5,83,Married-spouse-absent,Italy,Exec-managerial,Amer-Indian-Eskimo,Other-relative,Female,State-gov
16,62500,1633,1,10th,5,83,Married-spouse-absent,Italy,Exec-managerial,Amer-Indian-Eskimo,Other-relative,Male,State-gov
13,52500,1415,1,Masters,3,79,Married-spouse-absent,Honduras,Other-service,Asian-Pac-Islander,Other-relative,Female,Self-emp-not-inc
13,52500,1415,1,Masters,3,79,Married-spouse-absent,Honduras,Other-service,Asian-Pac-Islander,Other-relative,Male,Self-emp-not-inc
11,62500,1197,0,12th,1,77,Widowed,Cuba,Craft-repair,White,Wife,Female,Local-gov
11,62500,1197,0,12th,1,77,Widowed,Cuba,Craft-repair,White,Wife,Male,Local-gov
15,57500,1633,1,10th,4,82,Married-spouse-absent,Italy,Sales,Amer-Indian-Eskimo,Own-child,Female,State-gov
15,57500,1633,1,10th,4,82,Married-spouse-absent,Italy,Sales,Amer-Indian-Eskimo,Own-child,Male,State-gov
12,52500,326,1,12th,2,78,Widowed,Iran,Craft-repair,Asian-Pac-Islander,Not-in-family,Female,Self-emp-not-inc
12,52500,326,1,12th,2,78,Widowed,Iran,Craft-repair,Asian-Pac-Islander,Not-in-family,Male,Self-emp-not-inc
24,52500,1415,0,11th,3,92,Married-spouse-absent,Honduras,Other-service,Asian-Pac-Islander,Other-relative,Female,State-gov
24,52500,1415,0,11th,3,92,Married-spouse-absent,Honduras,Other-service,Asian-Pac-Islander,Other-relative,Male,State-gov
18,62500,1851,0,Assoc-voc,6,97,Married-AF-spouse,Jamaica,Prof-specialty,Other,Unmarried,Female,Without-pay
18,62500,1851,0,Assoc-voc,6,97,Married-AF-spouse,Jamaica,Prof-specialty,Other,Unmarried,Male,Without-pay
13,62500,1415,1,11th,3,92,Married-spouse-absent,Honduras,Other-service,Asian-Pac-Islander,Own-child,Female,State-gov
13,62500,1415,1,11th,3,92,Married-spouse-absent,Honduras,Other-service,Asian-Pac-Islander,Own-child,Male,State-gov
14,57500,544,0,HS-grad,3,93,Married-spouse-absent,Philippines,Other-service,Amer-Indian-Eskimo,Other-relative,Female,Self-emp-inc
14,57500,544,0,HS-grad,3,93,Married-spouse-absent,Philippines,Other-service,Amer-Indian-Eskimo,Other-relative,Male,Self-emp-inc
13,57500,1415,0,11th,3,79,Married-spouse-absent,Honduras,Other-service,Asian-Pac-Islander,Other-relative,Female,Self-emp-inc
13,57500,1415,0,11th,3,79,Married-spouse-absent,Honduras,Other-service,Asian-Pac-Islander,Other-relative,Male,Self-emp-inc
16,57500,544,1,Prof-school,5,83,Married-spouse-absent,Italy,Exec-managerial,Amer-Indian-Eskimo,Other-relative,Female,State-gov
16,57500,544,1,Prof-school,5,83,Married-spouse-absent,Italy,Exec-managerial,Amer-Indian-Eskimo,Other-relative,Male,State-gov
12,52500,326,1,Some-college,2,78,Widowed,Iran,Craft-repair,Asian-Pac-Islander,Wife,Female,Local-gov
12,52500,326,1,Some-college,2,78,Widowed,Iran,Craft-repair,Asian-Pac-Islander,Wife,Male,Local-gov
15,57500,1633,0,Prof-school,4,94,Married-spouse-absent,Germany,Sales,Amer-Indian-Eskimo,Other-relative,Female,State-gov
15,57500,1633,0,Prof-school,4,94,Married-spouse-absent,Germany,Sales,Amer-Indian-Eskimo,Other-relative,Male,State-gov
13,52500,1415,0,11th,3,79,Married-spouse-absent,Puerto-Rico,Other-service,Asian-Pac-Islander,Other-relative,Female,State-gov
13,52500,1415,0,11th,3,79,Married-spouse-absent,Puerto-Rico,Other-service,Asian-Pac-Islander,Other-relative,Male,State-gov
10,52500,108,1,Bachelors,1,76,Widowed,United-States,Tech-support,White,Not-in-family,Female,Local-gov
10,52500,108,1,Bachelors,1,76,Widowed,United-States,Tech-support,White,Not-in-family,Male,Local-gov
22,52500,108,0,12th,1,77,Married-civ-spouse,Cuba,Craft-repair,White,Not-in-family,Female,Local-gov
22,52500,108,0,12th,1,77,Married-civ-spouse,Cuba,Craft-repair,White,Not-in-family,Male,Local-gov
15,57500,1633,0,10th,4,94,Never-married,Italy,Sales,Amer-Indian-Eskimo,Own-child,Female,State-gov
15,57500,1633,0,10th,4,94,Never-married,Italy,Sales,Amer-Indian-Eskimo,Own-child,Male,State-gov
15,57500,544,0,10th,4,94,Never-married,Italy,Sales,Amer-Indian-Eskimo,Other-relative,Female,Federal-gov
15,57500,544,0,10th,4,94,Never-married,Italy,Sales,Amer-Indian-Eskimo,Other-relative,Male,Federal-gov
16,57500,544,0,10th,5,95,Never-married,Italy,Exec-managerial,Amer-Indian-Eskimo,Own-child,Female,State-gov
16,57500,544,0,10th,5,95,Never-married,Italy,Exec-managerial,Amer-Indian-Eskimo,Own-child,Male,State-gov
10,52500,1197,0,7th-8th,1,76,Married-civ-spouse,China,Tech-support,White,Not-in-family,Female,Private
10,52500,1197,0,7th-8th,1,76,Married-civ-spouse,China,Tech-support,White,Not-in-family,Male,Private
18,57500,762,1,5th-6th,6,85,Never-married,Jamaica,Prof-specialty,Other,Unmarried,Female,Without-pay
18,57500,762,1,5th-6th,6,85,Never-married,Jamaica,Prof-specialty,Other,Unmarried,Male,Without-pay
14,57500,544,0,1st-4th,3,80,Divorced,Philippines,Other-service,Amer-Indian-Eskimo,Own-child,Female,State-gov
14,57500,544,0,1st-4th,3,80,Divorced,Philippines,Other-service,Amer-Indian-Eskimo,Own-child,Male,State-gov
18,62500,1851,1,Assoc-voc,6,97,Never-married,Jamaica,Prof-specialty,Other,Unmarried,Female,Without-pay
18,62500,1851,1,Assoc-voc,6,97,Never-married,Jamaica,Prof-specialty,Other,Unmarried,Male,Without-pay
15,57500,1633,0,Prof-school,4,94,Never-married,Italy,Sales,Amer-Indian-Eskimo,Own-child,Female,State-gov
15,57500,1633,0,Prof-school,4,94,Never-married,Italy,Sales,Amer-Indian-Eskimo,Own-child,Male,State-gov
11,52500,108,1,Some-college,1,90,Married-civ-spouse,Cuba,Craft-repair,White,Not-in-family,Female,Self-emp-not-inc
11,52500,108,1,Some-college,1,90,Married-civ-spouse,Cuba,Craft-repair,White,Not-in-family,Male,Self-emp-not-inc
13,57500,326,0,11th,3,92,Divorced,Honduras,Other-service,Asian-Pac-Islander,Own-child,Female,State-gov
13,57500,326,0,11th,3,92,Divorced,Honduras,Other-service,Asian-Pac-Islander,Own-child,Male,State-gov
13,52500,1415,1,11th,3,79,Divorced,Honduras,Other-service,Asian-Pac-Islander,Own-child,Female,State-gov
13,52500,1415,1,11th,3,79,Divorced,Honduras,Other-service,Asian-Pac-Islander,Own-child,Male,State-gov
10,52500,108,0,Bachelors,1,76,Married-civ-spouse,China,Tech-support,White,Wife,Female,Local-gov
10,52500,108,0,Bachelors,1,76,Married-civ-spouse,China,Tech-support,White,Wife,Male,Local-gov
12,52500,1415,0,Some-college,2,91,Divorced,England,Craft-repair,Asian-Pac-Islander,Not-in-family,Female,Local-gov
12,52500,1415,0,Some-college,2,91,Divorced,England,Craft-repair,Asian-Pac-Islander,Not-in-family,Male,Local-gov
22,52500,2286,1,12th,1,65,Widowed,Cuba,Craft-repair,White,Not-in-family,Female,Local-gov
22,52500,2286,1,12th,1,65,Widowed,Cuba,Craft-repair,White,Not-in-family,Male,Local-gov
12,52500,3593,1,12th,2,66,Widowed,Iran,Craft-repair,Asian-Pac-Islander,Not-in-family,Female,Self-emp-not-inc
12,52500,3593,1,12th,2,66,Widowed,Iran,Craft-repair,Asian-Pac-Islander,Not-in-family,Male,Self-emp-not-inc
14,52500,3811,0,1st-4th,3,55,Married-spouse-absent,Philippines,Other-service,Amer-Indian-Eskimo,Other-relative,Female,State-gov
14,52500,3811,0,1st-4th,3,55,Married-spouse-absent,Philippines,Other-service,Amer-Indian-Eskimo,Other-relative,Male,State-gov
10,52500,2286,0,7th-8th,1,51,Widowed,China,Tech-support,White,Wife,Female,Local-gov
10,52500,2286,0,7th-8th,1,51,Widowed,China,Tech-support,White,Wife,Male,Local-gov
12,52500,3593,1,12th,2,66,Widowed,England,Craft-repair,Asian-Pac-Islander,Not-in-family,Female,Local-gov
12,52500,3593,1,12th,2,66,Widowed,England,Craft-repair,Asian-Pac-Islander,Not-in-family,Male,Local-gov
10,52500,2286,1,7th-8th,1,51,Widowed,United-States,Tech-support,White,Not-in-family,Female,Local-gov
10,52500,2286,1,7th-8th,1,51,Widowed,United-States,Tech-support,White,Not-in-family,Male,Local-gov
13,57500,3593,0,11th,3,67,Married-spouse-absent,Honduras,Other-service,Asian-Pac-Islander,Other-relative,Female,State-gov
13,57500,3593,0,11th,3,67,Married-spouse-absent,Honduras,Other-service,Asian-Pac-Islander,Other-relative,Male,State-gov
11,52500,2286,0,Some-college,1,65,Widowed,Cuba,Craft-repair,White,Wife,Female,Local-gov
11,52500,2286,0,Some-college,1,65,Widowed,Cuba,Craft-repair,White,Wife,Male,Local-gov
11,52500,2286,1,12th,1,52,Married-civ-spouse,Cuba,Craft-repair,White,Not-in-family,Female,Local-gov
11,52500,2286,1,12th,1,52,Married-civ-spouse,Cuba,Craft-repair,White,Not-in-family,Male,Local-gov
10,67500,1197,0,7th-8th,1,64,Widowed,China,Tech-support,White,Not-in-family,Female,Local-gov
10,67500,1197,0,7th-8th,1,64,Widowed,China,Tech-support,White,Not-in-family,Male,Local-gov
16,57500,1633,0,10th,5,70,Married-spouse-absent,Italy,Exec-managerial,Amer-Indian-Eskimo,Other-relative,Female,State-gov
16,57500,1633,0,10th,5,70,Married-spouse-absent,Italy,Exec-managerial,Amer-Indian-Eskimo,Other-relative,Male,State-gov
13,52500,1415,1,Masters,3,67,Married-spouse-absent,Honduras,Other-service,Asian-Pac-Islander,Own-child,Female,State-gov
13,52500,1415,1,Masters,3,67,Married-spouse-absent,Honduras,Other-service,Asian-Pac-Islander,Own-child,Male,State-gov
16,57500,544,1,10th,5,70,Married-spouse-absent,Italy,Exec-managerial,Amer-Indian-Eskimo,Other-relative,Female,State-gov
16,57500,544,1,10th,5,70,Married-spouse-absent,Italy,Exec-managerial,Amer-Indian-Eskimo,Other-relative,Male,State-gov
10,52500,1197,1,7th-8th,1,51,Widowed,China,Tech-support,White,Wife,Female,Local-gov
10,52500,1197,1,7th-8th,1,51,Widowed,China,Tech-support,White,Wife,Male,Local-gov
13,62500,1415,1,11th,3,67,Married-spouse-absent,Honduras,Other-service,Asian-Pac-Islander,Other-relative,Female,State-gov
13,62500,1415,1,11th,3,67,Married-spouse-absent,Honduras,Other-service,Asian-Pac-Islander,Other-relative,Male,State-gov
12,52500,1415,0,Some-college,2,66,Widowed,Iran,Craft-repair,Asian-Pac-Islander,Wife,Female,Local-gov
12,52500,1415,0,Some-college,2,66,Widowed,Iran,Craft-repair,Asian-Pac-Islander,Wife,Male,Local-gov
11,52500,108,1,Some-college,1,52,Widowed,Cuba,Craft-repair,White,Not-in-family,Female,Local-gov
11,52500,108,1,Some-college,1,52,Widowed,Cuba,Craft-repair,White,Not-in-family,Male,Local-gov
10,52500,1197,1,Bachelors,1,64,Widowed,United-States,Tech-support,White,Not-in-family,Female,Local-gov
10,52500,1197,1,Bachelors,1,64,Widowed,United-States,Tech-support,White,Not-in-family,Male,Local-gov
12,52500,1415,0,12th,2,66,Divorced,Iran,Craft-repair,Asian-Pac-Islander,Wife,Female,Local-gov
12,52500,1415,0,12th,2,66,Divorced,Iran,Craft-repair,Asian-Pac-Islander,Wife,Male,Local-gov
14,52500,1633,0,1st-4th,3,55,Divorced,Philippines,Other-service,Amer-Indian-Eskimo,Other-relative,Female,State-gov
14,52500,1633,0,1st-4th,3,55,Divorced,Philippines,Other-service,Amer-Indian-Eskimo,Other-relative,Male,State-gov
10,52500,1197,1,Bachelors,1,64,Married-civ-spouse,China,Tech-support,White,Wife,Female,Local-gov
10,52500,1197,1,Bachelors,1,64,Married-civ-spouse,China,Tech-support,White,Wife,Male,Local-gov
12,52500,1415,1,Some-college,2,53,Divorced,Iran,Craft-repair,Asian-Pac-Islander,Not-in-family,Female,Local-gov
12,52500,1415,1,Some-college,2,53,Divorced,Iran,Craft-repair,Asian-Pac-Islander,Not-in-family,Male,Local-gov
10,52500,108,0,Bachelors,1,51,Married-civ-spouse,China,Tech-support,White,Not-in-family,Female,Local-gov
10,52500,108,0,Bachelors,1,51,Married-civ-spouse,China,Tech-support,White,Not-in-family,Male,Local-gov
33,52500,108,1,7th-8th,1,39,Married-civ-spouse,Guatemala,Tech-support,White,Not-in-family,Female,Local-gov
33,52500,108,1,7th-8th,1,39,Married-civ-spouse,Guatemala,Tech-support,White,Not-in-family,Male,Local-gov
14,52500,3811,1,1st-4th,3,43,Married-spouse-absent,Yugoslavia,Other-service,Amer-Indian-Eskimo,Other-relative,Female,State-gov
14,52500,3811,1,1st-4th,3,43,Married-spouse-absent,Yugoslavia,Other-service,Amer-Indian-Eskimo,Other-relative,Male,State-gov
12,52500,2504,0,12th,2,41,Widowed,Scotland,Craft-repair,Asian-Pac-Islander,Not-in-family,Female,Self-emp-not-inc
12,52500,2504,0,12th,2,41,Widowed,Scotland,Craft-repair,Asian-Pac-Islander,Not-in-family,Male,Self-emp-not-inc
11,52500,2286,0,12th,1,40,Widowed,Nicaragua,Craft-repair,White,Wife,Female,Local-gov
11,52500,2286,0,12th,1,40,Widowed,Nicaragua,Craft-repair,White,Wife,Male,Local-gov
13,52500,3593,1,Masters,3,42,Married-spouse-absent,Dominican-Republic,Other-service,Asian-Pac-Islander,Other-relative,Female,State-gov
13,52500,3593,1,Masters,3,42,Married-spouse-absent,Dominican-Republic,Other-service,Asian-Pac-Islander,Other-relative,Male,State-gov
14,52500,2722,0,1st-4th,3,43,Married-spouse-absent,Laos,Other-service,Amer-Indian-Eskimo,Other-relative,Female,State-gov
14,52500,2722,0,1st-4th,3,43,Married-spouse-absent,Laos,Other-service,Amer-Indian-Eskimo,Other-relative,Male,State-gov
15,57500,2722,0,Prof-school,4,44,Married-spouse-absent,El-Salvador,Sales,Amer-Indian-Eskimo,Other-relative,Female,State-gov
15,57500,2722,0,Prof-school,4,44,Married-spouse-absent,El-Salvador,Sales,Amer-Indian-Eskimo,Other-relative,Male,State-gov
12,52500,2504,0,Some-college,2,41,Widowed,France,Craft-repair,Asian-Pac-Islander,Not-in-family,Female,Local-gov
12,52500,2504,0,Some-college,2,41,Widowed,France,Craft-repair,Asian-Pac-Islander,Not-in-family,Male,Local-gov
10,52500,2286,0,7th-8th,1,26,Widowed,Guatemala,Tech-support,White,Wife,Female,Local-gov
10,52500,2286,0,7th-8th,1,26,Widowed,Guatemala,Tech-support,White,Wife,Male,Local-gov
10,52500,3375,1,7th-8th,1,26,Widowed,Portugal,Tech-support,White,Not-in-family,Female,Local-gov
10,52500,3375,1,7th-8th,1,26,Widowed,Portugal,Tech-support,White,Not-in-family,Male,Local-gov
12,52500,2504,1,12th,2,28,Widowed,France,Craft-repair,Asian-Pac-Islander,Not-in-family,Female,Local-gov
12,52500,2504,1,12th,2,28,Widowed,France,Craft-repair,Asian-Pac-Islander,Not-in-family,Male,Local-gov
10,52500,2286,0,Bachelors,1,26,Widowed,Guatemala,Tech-support,White,Not-in-family,Female,Local-gov
10,52500,2286,0,Bachelors,1,26,Widowed,Guatemala,Tech-support,White,Not-in-family,Male,Local-gov
12,67500,1415,1,12th,1,41,Widowed,Scotland,Craft-repair,Asian-Pac-Islander,Not-in-family,Female,Local-gov
12,67500,1415,1,12th,1,41,Widowed,Scotland,Craft-repair,Asian-Pac-Islander,Not-in-family,Male,Local-gov
10,67500,108,0,7th-8th,1,39,Widowed,Guatemala,Tech-support,White,Not-in-family,Female,Local-gov
10,67500,108,0,7th-8th,1,39,Widowed,Guatemala,Tech-support,White,Not-in-family,Male,Local-gov
16,72500,544,1,10th,2,33,Married-spouse-absent,El-Salvador,Priv-house-serv,Amer-Indian-Eskimo,Other-relative,Female,State-gov
16,72500,544,1,10th,2,33,Married-spouse-absent,El-Salvador,Priv-house-serv,Amer-Indian-Eskimo,Other-relative,Male,State-gov
13,67500,326,1,Masters,1,29,Married-spouse-absent,Thailand,Other-service,Asian-Pac-Islander,Other-relative,Female,State-gov
13,67500,326,1,Masters,1,29,Married-spouse-absent,Thailand,Other-service,Asian-Pac-Islander,Other-relative,Male,State-gov
29,57500,762,1,5th-6th,6,35,Married-AF-spouse,Peru,Prof-specialty,Other,Unmarried,Female,State-gov
29,57500,762,1,5th-6th,6,35,Married-AF-spouse,Peru,Prof-specialty,Other,Unmarried,Male,State-gov
12,52500,1415,0,12th,2,41,Widowed,Scotland,Craft-repair,Asian-Pac-Islander,Not-in-family,Female,Self-emp-not-inc
12,52500,1415,0,12th,2,41,Widowed,Scotland,Craft-repair,Asian-Pac-Islander,Not-in-family,Male,Self-emp-not-inc
12,52500,1415,1,12th,2,41,Widowed,Scotland,Craft-repair,Asian-Pac-Islander,Wife,Female,Local-gov
12,52500,1415,1,12th,2,41,Widowed,Scotland,Craft-repair,Asian-Pac-Islander,Wife,Male,Local-gov
13,62500,326,0,Masters,3,42,Married-spouse-absent,Thailand,Other-service,Asian-Pac-Islander,Other-relative,Female,State-gov
13,62500,326,0,Masters,3,42,Married-spouse-absent,Thailand,Other-service,Asian-Pac-Islander,Other-relative,Male,State-gov
15,57500,1633,1,10th,4,44,Married-spouse-absent,Ecuador,Sales,Amer-Indian-Eskimo,Other-relative,Female,State-gov
15,57500,1633,1,10th,4,44,Married-spouse-absent,Ecuador,Sales,Amer-Indian-Eskimo,Other-relative,Male,State-gov
16,57500,1633,1,Prof-school,5,45,Married-spouse-absent,El-Salvador,Exec-managerial,Amer-Indian-Eskimo,Other-relative,Female,State-gov
16,57500,1633,1,Prof-school,5,45,Married-spouse-absent,El-Salvador,Exec-managerial,Amer-Indian-Eskimo,Other-relative,Male,State-gov
11,52500,108,0,Some-college,1,40,Widowed,Nicaragua,Craft-repair,White,Wife,Female,Local-gov
11,52500,108,0,Some-college,1,40,Widowed,Nicaragua,Craft-repair,White,Wife,Male,Local-gov
19,57500,2069,1,5th-6th,7,36,Married-AF-spouse,Hong,Protective-serv,Black,Unmarried,Female,State-gov
19,57500,2069,1,5th-6th,7,36,Married-AF-spouse,Hong,Protective-serv,Black,Unmarried,Male,State-gov
16,57500,544,1,10th,5,33,Married-spouse-absent,El-Salvador,Priv-house-serv,Amer-Indian-Eskimo,Not-in-family,Female,Local-gov
16,57500,544,1,10th,5,33,Married-spouse-absent,El-Salvador,Priv-house-serv,Amer-Indian-Eskimo,Not-in-family,Male,Local-gov
18,57500,762,1,5th-6th,6,35,Married-AF-spouse,Haiti,Protective-serv,Other,Unmarried,Female,State-gov
18,57500,762,1,5th-6th,6,35,Married-AF-spouse,Haiti,Protective-serv,Other,Unmarried,Male,State-gov
19,62500,1851,1,5th-6th,7,36,Married-AF-spouse,Peru,Prof-specialty,Black,Other-relative,Female,State-gov
19,62500,1851,1,5th-6th,7,36,Married-AF-spouse,Peru,Prof-specialty,Black,Other-relative,Male,State-gov
22,52500,108,0,7th-8th,1,39,Married-civ-spouse,Portugal,Tech-support,White,Not-in-family,Female,Local-gov
22,52500,108,0,7th-8th,1,39,Married-civ-spouse,Portugal,Tech-support,White,Not-in-family,Male,Local-gov
13,57500,326,1,11th,3,42,Divorced,Dominican-Republic,Other-service,Asian-Pac-Islander,Other-relative,Female,State-gov
13,57500,326,1,11th,3,42,Divorced,Dominican-Republic,Other-service,Asian-Pac-Islander,Other-relative,Male,State-gov
10,52500,3375,1,7th-8th,1,39,Widowed,China,Tech-support,White,Not-in-family,Female,Local-gov
10,52500,3375,1,7th-8th,1,39,Widowed,China,Tech-support,White,Not-in-family,Male,Local-gov
11,52500,2286,1,12th,1,40,Widowed,Cuba,Craft-repair,White,Not-in-family,Female,Local-gov
11,52500,2286,1,12th,1,40,Widowed,Cuba,Craft-repair,White,Not-in-family,Male,Local-gov
12,52500,2504,1,12th,2,16,Widowed,Scotland,Craft-repair,Asian-Pac-Islander,Not-in-family,Female,Local-gov
12,52500,2504,1,12th,2,16,Widowed,Scotland,Craft-repair,Asian-Pac-Islander,Not-in-family,Male,Local-gov
19,57500,3158,1,5th-6th,7,12,Married-AF-spouse,Hong,Prof-specialty,Black,Unmarried,Female,State-gov
19,57500,3158,1,5th-6th,7,12,Married-AF-spouse,Hong,Prof-specialty,Black,Unmarried,Male,State-gov
19,62500,3158,1,5th-6th,7,6,Married-AF-spouse,Hong,Prof-specialty,Black,Other-relative,Female,State-gov
19,62500,3158,1,5th-6th,7,6,Married-AF-spouse,Hong,Prof-specialty,Black,Other-relative,Male,State-gov
17,57500,762,1,Doctorate,13,21,Married-spouse-absent,Trinadad&Tobago,Exec-managerial,Other,Other-relative,Female,State-gov
17,57500,762,1,Doctorate,13,21,Married-spouse-absent,Trinadad&Tobago,Exec-managerial,Other,Other-relative,Male,State-gov
19,72500,980,1,5th-6th,7,23,Married-AF-spouse,Hong,Protective-serv,Black,Unmarried,Female,State-gov
19,72500,980,1,5th-6th,7,23,Married-AF-spouse,Hong,Protective-serv,Black,Unmarried,Male,State-gov
19,72500,980,0,5th-6th,3,23,Married-AF-spouse,Hong,Protective-serv,Black,Husband,Female,Without-pay
19,72500,980,0,5th-6th,3,23,Married-AF-spouse,Hong,Protective-serv,Black,Husband,Male,Without-pay
19,72500,980,1,5th-6th,3,23,Married-AF-spouse,Columbia,Protective-serv,Black,Unmarried,Female,Without-pay
19,72500,980,1,5th-6th,3,23,Married-AF-spouse,Columbia,Protective-serv,Black,Unmarried,Male,Without-pay
18,72500,762,1,5th-6th,6,22,Married-AF-spouse,Peru,Prof-specialty,Other,Unmarried,Female,State-gov
18,72500,762,1,5th-6th,6,22,Married-AF-spouse,Peru,Prof-specialty,Other,Unmarried,Male,State-gov
18,72500,762,1,5th-6th,3,22,Married-AF-spouse,Haiti,Prof-specialty,Other,Unmarried,Female,Without-pay
18,72500,762,1,5th-6th,3,22,Married-AF-spouse,Haiti,Prof-specialty,Other,Unmarried,Male,Without-pay
30,62500,980,1,5th-6th,7,23,Married-AF-spouse,Hong,Protective-serv,Black,Unmarried,Female,State-gov
30,62500,980,1,5th-6th,7,23,Married-AF-spouse,Hong,Protective-serv,Black,Unmarried,Male,State-gov
29,62500,762,1,5th-6th,6,22,Married-AF-spouse,Peru,Prof-specialty,Other,Other-relative,Female,State-gov
29,62500,762,1,5th-6th,6,22,Married-AF-spouse,Peru,Prof-specialty,Other,Other-relative,Male,State-gov
30,57500,980,1,5th-6th,7,23,Married-AF-spouse,Columbia,Prof-specialty,Black,Unmarried,Female,Without-pay
30,57500,980,1,5th-6th,7,23,Married-AF-spouse,Columbia,Prof-specialty,Black,Unmarried,Male,Without-pay
19,62500,1851,1,5th-6th,7,23,Married-AF-spouse,Peru,Protective-serv,Black,Other-relative,Female,State-gov
19,62500,1851,1,5th-6th,7,23,Married-AF-spouse,Peru,Protective-serv,Black,Other-relative,Male,State-gov
17,57500,1415,1,Doctorate,5,21,Married-spouse-absent,Thailand,Exec-managerial,Other,Not-in-family,Female,Local-gov
17,57500,1415,1,Doctorate,5,21,Married-spouse-absent,Thailand,Exec-managerial,Other,Not-in-family,Male,Local-gov
17,57500,762,1,Assoc-acdm,5,21,Married-spouse-absent,Trinadad&Tobago,Exec-managerial,Other,Other-relative,Female,State-gov
17,57500,762,1,Assoc-acdm,5,21,Married-spouse-absent,Trinadad&Tobago,Exec-managerial,Other,Other-relative,Male,State-gov
17,57500,762,1,Doctorate,5,21,Never-married,Trinadad&Tobago,Exec-managerial,Other,Other-relative,Female,Local-gov
17,57500,762,1,Doctorate,5,21,Never-married,Trinadad&Tobago,Exec-managerial,Other,Other-relative,Male,Local-gov
17,57500,762,1,Doctorate,13,5,Married-spouse-absent,Trinadad&Tobago,Priv-house-serv,Other,Other-relative,Female,Local-gov
17,57500,762,1,Doctorate,13,5,Married-spouse-absent,Trinadad&Tobago,Priv-house-serv,Other,Other-relative,Male,Local-gov
17,57500,762,1,Doctorate,13,11,Married-spouse-absent,Trinadad&Tobago,Exec-managerial,Other,Other-relative,Female,Local-gov
17,57500,762,1,Doctorate,13,11,Married-spouse-absent,Trinadad&Tobago,Exec-managerial,Other,Other-relative,Male,Local-gov
18,62500,762,1,5th-6th,14,5,Married-AF-spouse,Peru,Prof-specialty,Other,Unmarried,Female,State-gov
18,62500,762,1,5th-6th,14,5,Married-AF-spouse,Peru,Prof-specialty,Other,Unmarried,Male,State-gov
19,57500,980,1,5th-6th,15,6,Married-AF-spouse,Columbia,Prof-specialty,Black,Unmarried,Female,State-gov
19,57500,980,1,5th-6th,15,6,Married-AF-spouse,Columbia,Prof-specialty,Black,Unmarried,Male,State-gov
17,72500,762,1,Doctorate,5,9,Married-spouse-absent,Trinadad&Tobago,Priv-house-serv,Other,Not-in-family,Female,Local-gov
17,72500,762,1,Doctorate,5,9,Married-spouse-absent,Trinadad&Tobago,Priv-house-serv,Other,Not-in-family,Male,Local-gov
19,72500,2069,1,5th-6th,7,6,Married-AF-spouse,Hong,Prof-specialty,Black,Unmarried,Female,Without-pay
19,72500,2069,1,5th-6th,7,6,Married-AF-spouse,Hong,Prof-specialty,Black,Unmarried,Male,Without-pay
18,72500,762,0,5th-6th,6,10,Married-AF-spouse,Peru,Prof-specialty,Other,Other-relative,Female,State-gov
18,72500,762,0,5th-6th,6,10,Married-AF-spouse,Peru,Prof-specialty,Other,Other-relative,Male,State-gov
29,62500,762,0,5th-6th,6,10,Married-AF-spouse,Peru,Protective-serv,Other,Other-relative,Female,State-gov
29,62500,762,0,5th-6th,6,10,Married-AF-spouse,Peru,Protective-serv,Other,Other-relative,Male,State-gov
30,57500,980,1,5th-6th,7,12,Married-AF-spouse,Columbia,Protective-serv,Black,Unmarried,Female,State-gov
30,57500,980,1,5th-6th,7,12,Married-AF-spouse,Columbia,Protective-serv,Black,Unmarried,Male,State-gov
30,57500,980,1,5th-6th,7,6,Married-AF-spouse,Columbia,Protective-serv,Black,Unmarried,Female,State-gov
30,57500,980,1,5th-6th,7,6,Married-AF-spouse,Columbia,Protective-serv,Black,Unmarried,Male,State-gov
15,57500,1197,1,10th,4,7,Married-spouse-absent,Guatemala,Transport-moving,Amer-Indian-Eskimo,Not-in-family,Female,Federal-gov
15,57500,1197,1,10th,4,7,Married-spouse-absent,Guatemala,Transport-moving,Amer-Indian-Eskimo,Not-in-family,Male,Federal-gov
18,57500,762,1,Assoc-voc,6,5,Married-AF-spouse,Peru,Protective-serv,Other,Unmarried,Female,State-gov
18,57500,762,1,Assoc-voc,6,5,Married-AF-spouse,Peru,Protective-serv,Other,Unmarried,Male,State-gov
18,57500,762,1,5th-6th,6,11,Never-married,Peru,Protective-serv,Other,Unmarried,Female,State-gov
18,57500,762,1,5th-6th,6,11,Never-married,Peru,Protective-serv,Other,Unmarried,Male,State-gov
18,57500,762,0,5th-6th,6,5,Never-married,Peru,Protective-serv,Other,Unmarried,Female,State-gov
18,57500,762,0,5th-6th,6,5,Never-married,Peru,Protective-serv,Other,Unmarried,Male,State-gov
28,57500,762,1,Doctorate,5,9,Married-spouse-absent,Trinadad&Tobago,Exec-managerial,Other,Not-in-family,Female,Local-gov
28,57500,762,1,Doctorate,5,9,Married-spouse-absent,Trinadad&Tobago,Exec-managerial,Other,Not-in-family,Male,Local-gov
30,57500,980,0,5th-6th,7,12,Married-AF-spouse,Columbia,Prof-specialty,Black,Unmarried,Female,State-gov
30,57500,980,0,5th-6th,7,12,Married-AF-spouse,Columbia,Prof-specialty,Black,Unmarried,Male,State-gov
29,57500,762,1,5th-6th,6,5,Married-AF-spouse,Haiti,Prof-specialty,Other,Unmarried,Female,State-gov
29,57500,762,1,5th-6th,6,5,Married-AF-spouse,Haiti,Prof-specialty,Other,Unmarried,Male,State-gov
14,57500,980,1,1st-4th,3,5,Married-spouse-absent,Columbia,Other-service,Amer-Indian-Eskimo,Husband,Female,Self-emp-inc
14,57500,980,1,1st-4th,3,5,Married-spouse-absent,Columbia,Other-service,Amer-Indian-Eskimo,Husband,Male,Self-emp-inc
18,57500,762,1,Assoc-voc,6,11,Married-AF-spouse,Peru,Prof-specialty,Other,Unmarried,Female,State-gov
18,57500,762,1,Assoc-voc,6,11,Married-AF-spouse,Peru,Prof-specialty,Other,Unmarried,Male,State-gov
17,57500,762,1,Assoc-acdm,5,5,Married-spouse-absent,Trinadad&Tobago,Exec-managerial,Other,Other-relative,Female,Local-gov
17,57500,762,1,Assoc-acdm,5,5,Married-spouse-absent,Trinadad&Tobago,Exec-managerial,Other,Other-relative,Male,Local-gov
19,62500,980,1,5th-6th,7,12,Separated,Hong,Prof-specialty,Black,Unmarried,Female,State-gov
19,62500,980,1,5th-6th,7,12,Separated,Hong,Prof-specialty,Black,Unmarried,Male,State-gov
19,62500,980,1,5th-6th,7,6,Separated,Hong,Prof-specialty,Black,Other-relative,Female,State-gov
19,62500,980,1,5th-6th,7,6,Separated,Hong,Prof-specialty,Black,Other-relative,Male,State-gov
16,57500,544,1,10th,5,20,Married-spouse-absent,Italy,Exec-managerial,Amer-Indian-Eskimo,Other-relative,Female,State-gov
16,57500,544,1,10th,5,20,Married-spouse-absent,Italy,Exec-managerial,Amer-Indian-Eskimo,Other-relative,Male,State-gov
18,57500,762,1,5th-6th,6,11,Married-AF-spouse,Jamaica,Protective-serv,Other,Unmarried,Female,State-gov
18,57500,762,1,5th-6th,6,11,Married-AF-spouse,Jamaica,Protective-serv,Other,Unmarried,Male,State-gov
19,62500,980,1,5th-6th,7,6,Married-AF-spouse,Vietnam,Protective-serv,Black,Unmarried,Female,Without-pay
19,62500,980,1,5th-6th,7,6,Married-AF-spouse,Vietnam,Protective-serv,Black,Unmarried,Male,Without-pay
19,62500,980,1,5th-6th,7,12,Married-AF-spouse,Vietnam,Prof-specialty,Black,Unmarried,Female,State-gov
19,62500,980,1,5th-6th,7,12,Married-AF-spouse,Vietnam,Prof-specialty,Black,Unmarried,Male,State-gov
19,62500,980,0,5th-6th,7,6,Married-AF-spouse,Vietnam,Prof-specialty,Black,Other-relative,Female,State-gov
19,62500,980,0,5th-6th,7,6,Married-AF-spouse,Vietnam,Prof-specialty,Black,Other-relative,Male,State-gov
83,42500,2504,1,12th,2,91,Divorced,Scotland,Craft-repair,Asian-Pac-Islander,Not-in-family,Female,Local-gov
83,42500,2504,1,12th,2,91,Divorced,Scotland,Craft-repair,Asian-Pac-Islander,Not-in-family,Male,Local-gov
79,42500,3375,0,Some-college,1,90,Married-civ-spouse,Nicaragua,Craft-repair,White,Not-in-family,Female,Local-gov
79,42500,3375,0,Some-college,1,90,Married-civ-spouse,Nicaragua,Craft-repair,White,Not-in-family,Male,Local-gov
79,42500,2286,0,Bachelors,1,89,Married-civ-spouse,Guatemala,Tech-support,White,Not-in-family,Female,Local-gov
79,42500,2286,0,Bachelors,1,89,Married-civ-spouse,Guatemala,Tech-support,White,Not-in-family,Male,Local-gov
79,42500,3375,0,12th,1,77,Married-civ-spouse,Nicaragua,Craft-repair,White,Not-in-family,Female,Local-gov
79,42500,3375,0,12th,1,77,Married-civ-spouse,Nicaragua,Craft-repair,White,Not-in-family,Male,Local-gov
68,42500,3375,0,12th,1,90,Widowed,Nicaragua,Craft-repair,White,Not-in-family,Female,Local-gov
68,42500,3375,0,12th,1,90,Widowed,Nicaragua,Craft-repair,White,Not-in-family,Male,Local-gov
59,42500,3593,0,Masters,3,92,Married-spouse-absent,Thailand,Other-service,Asian-Pac-Islander,Other-relative,Female,State-gov
59,42500,3593,0,Masters,3,92,Married-spouse-absent,Thailand,Other-service,Asian-Pac-Islander,Other-relative,Male,State-gov
60,42500,2504,0,12th,2,91,Widowed,Scotland,Craft-repair,Asian-Pac-Islander,Not-in-family,Female,Local-gov
60,42500,2504,0,12th,2,91,Widowed,Scotland,Craft-repair,Asian-Pac-Islander,Not-in-family,Male,Local-gov
57,42500,2286,1,12th,1,90,Widowed,Nicaragua,Craft-repair,White,Wife,Female,Local-gov
57,42500,2286,1,12th,1,90,Widowed,Nicaragua,Craft-repair,White,Wife,Male,Local-gov
57,42500,3375,1,Some-college,1,90,Widowed,Nicaragua,Craft-repair,White,Not-in-family,Female,Local-gov
57,42500,3375,1,Some-college,1,90,Widowed,Nicaragua,Craft-repair,White,Not-in-family,Male,Local-gov
56,42500,2286,0,Bachelors,1,89,Widowed,Guatemala,Tech-support,White,Not-in-family,Female,Local-gov
56,42500,2286,0,Bachelors,1,89,Widowed,Guatemala,Tech-support,White,Not-in-family,Male,Local-gov
58,42500,2504,0,12th,1,78,Widowed,Scotland,Craft-repair,Asian-Pac-Islander,Not-in-family,Female,Local-gov
58,42500,2504,0,12th,1,78,Widowed,Scotland,Craft-repair,Asian-Pac-Islander,Not-in-family,Male,Local-gov
56,42500,3375,1,Bachelors,1,76,Widowed,Guatemala,Tech-support,White,Not-in-family,Female,Local-gov
56,42500,3375,1,Bachelors,1,76,Widowed,Guatemala,Tech-support,White,Not-in-family,Male,Local-gov
60,42500,3811,0,1st-4th,3,93,Divorced,Yugoslavia,Other-service,Amer-Indian-Eskimo,Other-relative,Female,State-gov
60,42500,3811,0,1st-4th,3,93,Divorced,Yugoslavia,Other-service,Amer-Indian-Eskimo,Other-relative,Male,State-gov
68,42500,2286,1,7th-8th,1,89,Married-civ-spouse,Guatemala,Tech-support,White,Not-in-family,Female,Private
68,42500,2286,1,7th-8th,1,89,Married-civ-spouse,Guatemala,Tech-support,White,Not-in-family,Male,Private
65,47500,3158,0,5th-6th,3,98,Separated,Hong,Prof-specialty,Black,Unmarried,Female,Without-pay
65,47500,3158,0,5th-6th,3,98,Separated,Hong,Prof-specialty,Black,Unmarried,Male,Without-pay
58,42500,2504,0,12th,2,91,Divorced,Scotland,Craft-repair,Asian-Pac-Islander,Not-in-family,Female,Self-emp-not-inc
58,42500,2504,0,12th,2,91,Divorced,Scotland,Craft-repair,Asian-Pac-Islander,Not-in-family,Male,Self-emp-not-inc
59,42500,3593,1,Masters,3,79,Divorced,Thailand,Other-service,Asian-Pac-Islander,Other-relative,Female,State-gov
59,42500,3593,1,Masters,3,79,Divorced,Thailand,Other-service,Asian-Pac-Islander,Other-relative,Male,State-gov
56,42500,2286,0,7th-8th,1,76,Married-civ-spouse,Guatemala,Tech-support,White,Not-in-family,Female,Private
56,42500,2286,0,7th-8th,1,76,Married-civ-spouse,Guatemala,Tech-support,White,Not-in-family,Male,Private
73,47500,2722,1,10th,2,82,Never-married,El-Salvador,Sales,Amer-Indian-Eskimo,Own-child,Female,State-gov
73,47500,2722,1,10th,2,82,Never-married,El-Salvador,Sales,Amer-Indian-Eskimo,Own-child,Male,State-gov
60,42500,2722,0,1st-4th,3,80,Divorced,Yugoslavia,Other-service,Amer-Indian-Eskimo,Own-child,Female,State-gov
60,42500,2722,0,1st-4th,3,80,Divorced,Yugoslavia,Other-service,Amer-Indian-Eskimo,Own-child,Male,State-gov
68,42500,2286,1,7th-8th,1,89,Married-civ-spouse,Portugal,Tech-support,White,Not-in-family,Female,Local-gov
68,42500,2286,1,7th-8th,1,89,Married-civ-spouse,Portugal,Tech-support,White,Not-in-family,Male,Local-gov
64,47500,2940,1,5th-6th,3,97,Never-married,Haiti,Prof-specialty,Other,Unmarried,Female,Without-pay
64,47500,2940,1,5th-6th,3,97,Never-married,Haiti,Prof-specialty,Other,Unmarried,Male,Without-pay
57,42500,2286,1,12th,1,90,Married-civ-spouse,Ireland,Craft-repair,White,Wife,Female,Local-gov
57,42500,2286,1,12th,1,90,Married-civ-spouse,Ireland,Craft-repair,White,Wife,Male,Local-gov
59,42500,3593,0,Masters,1,79,Divorced,Dominican-Republic,Other-service,Asian-Pac-Islander,Other-relative,Female,State-gov
59,42500,3593,0,Masters,1,79,Divorced,Dominican-Republic,Other-service,Asian-Pac-Islander,Other-relative,Male,State-gov
60,42500,2722,0,1st-4th,3,80,Divorced,Laos,Other-service,Amer-Indian-Eskimo,Other-relative,Female,State-gov
60,42500,2722,0,1st-4th,3,80,Divorced,Laos,Other-service,Amer-Indian-Eskimo,Other-relative,Male,State-gov
69,42500,3593,0,Some-college,2,91,Never-married,Scotland,Craft-repair,Asian-Pac-Islander,Not-in-family,Female,Local-gov
69,42500,3593,0,Some-college,2,91,Never-married,Scotland,Craft-repair,Asian-Pac-Islander,Not-in-family,Male,Local-gov
65,47500,4247,1,Assoc-voc,3,98,Separated,Hong,Prof-specialty,Black,Unmarried,Female,Without-pay
65,47500,4247,1,Assoc-voc,3,98,Separated,Hong,Prof-specialty,Black,Unmarried,Male,Without-pay
62,42500,2504,1,11th,3,92,Divorced,Thailand,Other-service,Asian-Pac-Islander,Other-relative,Female,Self-emp-inc
62,42500,2504,1,11th,3,92,Divorced,Thailand,Other-service,Asian-Pac-Islander,Other-relative,Male,Self-emp-inc
70,42500,2504,0,11th,3,92,Divorced,Thailand,Other-service,Asian-Pac-Islander,Own-child,Female,State-gov
70,42500,2504,0,11th,3,92,Divorced,Thailand,Other-service,Asian-Pac-Islander,Own-child,Male,State-gov
56,42500,2286,0,Bachelors,1,89,Married-civ-spouse,Portugal,Tech-support,White,Not-in-family,Female,Local-gov
56,42500,2286,0,Bachelors,1,89,Married-civ-spouse,Portugal,Tech-support,White,Not-in-family,Male,Local-gov
71,42500,2722,1,HS-grad,3,80,Divorced,Yugoslavia,Other-service,Amer-Indian-Eskimo,Other-relative,Female,State-gov
71,42500,2722,1,HS-grad,3,80,Divorced,Yugoslavia,Other-service,Amer-Indian-Eskimo,Other-relative,Male,State-gov
56,42500,2286,0,Bachelors,5,76,Married-civ-spouse,Guatemala,Tech-support,White,Not-in-family,Female,Local-gov
56,42500,2286,0,Bachelors,5,76,Married-civ-spouse,Guatemala,Tech-support,White,Not-in-family,Male,Local-gov
64,47500,2940,1,Assoc-voc,3,85,Never-married,Peru,Prof-specialty,Other,Unmarried,Female,Without-pay
64,47500,2940,1,Assoc-voc,3,85,Never-married,Peru,Prof-specialty,Other,Unmarried,Male,Without-pay
68,42500,2286,0,Bachelors,1,76,Married-civ-spouse,Guatemala,Tech-support,White,Wife,Female,Local-gov
68,42500,2286,0,Bachelors,1,76,Married-civ-spouse,Guatemala,Tech-support,White,Wife,Male,Local-gov
62,47500,2722,0,Prof-school,2,83,Never-married,El-Salvador,Exec-managerial,Amer-Indian-Eskimo,Own-child,Female,State-gov
62,47500,2722,0,Prof-school,2,83,Never-married,El-Salvador,Exec-managerial,Amer-Indian-Eskimo,Own-child,Male,State-gov
68,37500,3375,1,12th,1,90,Widowed,Nicaragua,Craft-repair,White,Not-in-family,Female,Local-gov
68,37500,3375,1,12th,1,90,Widowed,Nicaragua,Craft-repair,White,Not-in-family,Male,Local-gov
58,37500,2504,1,12th,2,91,Widowed,Scotland,Craft-repair,Asian-Pac-Islander,Not-in-family,Female,Local-gov
58,37500,2504,1,12th,2,91,Widowed,Scotland,Craft-repair,Asian-Pac-Islander,Not-in-family,Male,Local-gov
57,37500,2286,1,12th,1,90,Widowed,Nicaragua,Craft-repair,White,Wife,Female,Local-gov
57,37500,2286,1,12th,1,90,Widowed,Nicaragua,Craft-repair,White,Wife,Male,Local-gov
56,27500,3375,1,7th-8th,1,89,Widowed,Guatemala,Tech-support,White,Wife,Female,Local-gov
56,27500,3375,1,7th-8th,1,89,Widowed,Guatemala,Tech-support,White,Wife,Male,Local-gov
57,37500,2286,0,12th,1,77,Widowed,Nicaragua,Craft-repair,White,Not-in-family,Female,Local-gov
57,37500,2286,0,12th,1,77,Widowed,Nicaragua,Craft-repair,White,Not-in-family,Male,Local-gov
57,27500,3375,1,12th,1,77,Widowed,Nicaragua,Craft-repair,White,Not-in-family,Female,Local-gov
57,27500,3375,1,12th,1,77,Widowed,Nicaragua,Craft-repair,White,Not-in-family,Male,Local-gov
56,27500,2286,0,7th-8th,1,76,Widowed,Guatemala,Tech-support,White,Not-in-family,Female,Local-gov
56,27500,2286,0,7th-8th,1,76,Widowed,Guatemala,Tech-support,White,Not-in-family,Male,Local-gov
56,37500,2286,1,Bachelors,1,89,Widowed,Guatemala,Tech-support,White,Not-in-family,Female,Local-gov
56,37500,2286,1,Bachelors,1,89,Widowed,Guatemala,Tech-support,White,Not-in-family,Male,Local-gov
58,27500,3593,0,Some-college,2,91,Widowed,Scotland,Craft-repair,Asian-Pac-Islander,Not-in-family,Female,Local-gov
58,27500,3593,0,Some-college,2,91,Widowed,Scotland,Craft-repair,Asian-Pac-Islander,Not-in-family,Male,Local-gov
58,37500,3593,1,Some-college,2,78,Widowed,Scotland,Craft-repair,Asian-Pac-Islander,Not-in-family,Female,Local-gov
58,37500,3593,1,Some-college,2,78,Widowed,Scotland,Craft-repair,Asian-Pac-Islander,Not-in-family,Male,Local-gov
59,27500,3593,1,11th,3,79,Married-spouse-absent,Thailand,Other-service,Asian-Pac-Islander,Other-relative,Female,State-gov
59,27500,3593,1,11th,3,79,Married-spouse-absent,Thailand,Other-service,Asian-Pac-Islander,Other-relative,Male,State-gov
56,37500,3375,1,7th-8th,1,89,Widowed,Portugal,Tech-support,White,Not-in-family,Female,Local-gov
56,37500,3375,1,7th-8th,1,89,Widowed,Portugal,Tech-support,White,Not-in-family,Male,Local-gov
56,37500,2286,0,7th-8th,1,89,Widowed,Portugal,Tech-support,White,Not-in-family,Female,Local-gov
56,37500,2286,0,7th-8th,1,89,Widowed,Portugal,Tech-support,White,Not-in-family,Male,Local-gov
56,27500,3375,1,7th-8th,1,89,Widowed,Portugal,Tech-support,White,Wife,Female,Local-gov
56,27500,3375,1,7th-8th,1,89,Widowed,Portugal,Tech-support,White,Wife,Male,Local-gov
56,27500,2286,0,7th-8th,1,89,Widowed,Portugal,Tech-support,White,Not-in-family,Female,Local-gov
56,27500,2286,0,7th-8th,1,89,Widowed,Portugal,Tech-support,White,Not-in-family,Male,Local-gov
56,27500,2286,0,7th-8th,1,89,Widowed,Portugal,Tech-support,White,Wife,Female,Local-gov
56,27500,2286,0,7th-8th,1,89,Widowed,Portugal,Tech-support,White,Wife,Male,Local-gov
57,27500,3375,1,12th,1,77,Widowed,Ireland,Craft-repair,White,Not-in-family,Female,Local-gov
57,27500,3375,1,12th,1,77,Widowed,Ireland,Craft-repair,White,Not-in-family,Male,Local-gov
56,27500,3375,1,Bachelors,1,76,Widowed,Portugal,Tech-support,White,Not-in-family,Female,Local-gov
56,27500,3375,1,Bachelors,1,76,Widowed,Portugal,Tech-support,White,Not-in-family,Male,Local-gov
81,37500,3375,1,12th,1,90,Married-civ-spouse,Nicaragua,Craft-repair,White,Not-in-family,Female,Local-gov
81,37500,3375,1,12th,1,90,Married-civ-spouse,Nicaragua,Craft-repair,White,Not-in-family,Male,Local-gov
81,37500,2286,0,12th,1,90,Married-civ-spouse,Nicaragua,Craft-repair,White,Not-in-family,Female,Local-gov
81,37500,2286,0,12th,1,90,Married-civ-spouse,Nicaragua,Craft-repair,White,Not-in-family,Male,Local-gov
79,37500,2286,1,7th-8th,1,76,Married-civ-spouse,Guatemala,Tech-support,White,Not-in-family,Female,Local-gov
79,37500,2286,1,7th-8th,1,76,Married-civ-spouse,Guatemala,Tech-support,White,Not-in-family,Male,Local-gov
81,37500,3375,1,Some-college,1,90,Married-civ-spouse,Nicaragua,Craft-repair,White,Not-in-family,Female,Local-gov
81,37500,3375,1,Some-college,1,90,Married-civ-spouse,Nicaragua,Craft-repair,White,Not-in-family,Male,Local-gov
79,37500,2286,1,Bachelors,1,89,Married-civ-spouse,Guatemala,Tech-support,White,Not-in-family,Female,Local-gov
79,37500,2286,1,Bachelors,1,89,Married-civ-spouse,Guatemala,Tech-support,White,Not-in-family,Male,Local-gov
69,37500,3593,1,12th,2,91,Divorced,Scotland,Craft-repair,Asian-Pac-Islander,Not-in-family,Female,Local-gov
69,37500,3593,1,12th,2,91,Divorced,Scotland,Craft-repair,Asian-Pac-Islander,Not-in-family,Male,Local-gov
56,27500,2286,1,7th-8th,1,89,Never-married,Guatemala,Tech-support,White,Not-in-family,Female,Private
56,27500,2286,1,7th-8th,1,89,Never-married,Guatemala,Tech-support,White,Not-in-family,Male,Private
56,27500,3375,1,7th-8th,1,76,Married-civ-spouse,Guatemala,Tech-support,White,Not-in-family,Female,Local-gov
56,27500,3375,1,7th-8th,1,76,Married-civ-spouse,Guatemala,Tech-support,White,Not-in-family,Male,Local-gov
59,37500,3593,1,Masters,3,92,Divorced,Dominican-Republic,Other-service,Asian-Pac-Islander,Other-relative,Female,State-gov
59,37500,3593,1,Masters,3,92,Divorced,Dominican-Republic,Other-service,Asian-Pac-Islander,Other-relative,Male,State-gov
60,37500,2722,0,1st-4th,3,93,Divorced,Laos,Other-service,Amer-Indian-Eskimo,Other-relative,Female,State-gov
60,37500,2722,0,1st-4th,3,93,Divorced,Laos,Other-service,Amer-Indian-Eskimo,Other-relative,Male,State-gov
56,27500,3375,1,7th-8th,1,89,Married-civ-spouse,Portugal,Tech-support,White,Wife,Female,Local-gov
56,27500,3375,1,7th-8th,1,89,Married-civ-spouse,Portugal,Tech-support,White,Wife,Male,Local-gov
59,37500,3593,0,Masters,3,79,Divorced,Dominican-Republic,Other-service,Asian-Pac-Islander,Other-relative,Female,State-gov
59,37500,3593,0,Masters,3,79,Divorced,Dominican-Republic,Other-service,Asian-Pac-Islander,Other-relative,Male,State-gov
59,37500,2504,0,Masters,3,79,Divorced,Dominican-Republic,Other-service,Asian-Pac-Islander,Own-child,Female,State-gov
59,37500,2504,0,Masters,3,79,Divorced,Dominican-Republic,Other-service,Asian-Pac-Islander,Own-child,Male,State-gov
58,27500,2504,1,12th,2,78,Divorced,France,Craft-repair,Asian-Pac-Islander,Wife,Female,Local-gov
58,27500,2504,1,12th,2,78,Divorced,France,Craft-repair,Asian-Pac-Islander,Wife,Male,Local-gov
60,37500,3811,1,HS-grad,3,93,Divorced,Yugoslavia,Other-service,Amer-Indian-Eskimo,Other-relative,Female,State-gov
60,37500,3811,1,HS-grad,3,93,Divorced,Yugoslavia,Other-service,Amer-Indian-Eskimo,Other-relative,Male,State-gov
70,37500,2504,0,11th,3,92,Divorced,Thailand,Other-service,Asian-Pac-Islander,Other-relative,Female,State-gov
70,37500,2504,0,11th,3,92,Divorced,Thailand,Other-service,Asian-Pac-Islander,Other-relative,Male,State-gov
69,37500,2504,1,Some-college,2,91,Divorced,Scotland,Craft-repair,Asian-Pac-Islander,Wife,Female,Local-gov
69,37500,2504,1,Some-college,2,91,Divorced,Scotland,Craft-repair,Asian-Pac-Islander,Wife,Male,Local-gov
61,37500,2722,0,Prof-school,4,94,Never-married,El-Salvador,Sales,Amer-Indian-Eskimo,Other-relative,Female,State-gov
61,37500,2722,0,Prof-school,4,94,Never-married,El-Salvador,Sales,Amer-Indian-Eskimo,Other-relative,Male,State-gov
68,27500,2286,1,Some-college,1,90,Married-civ-spouse,Nicaragua,Craft-repair,White,Not-in-family,Female,Local-gov
68,27500,2286,1,Some-college,1,90,Married-civ-spouse,Nicaragua,Craft-repair,White,Not-in-family,Male,Local-gov
59,27500,2504,0,11th,3,92,Divorced,Thailand,Other-service,Asian-Pac-Islander,Other-relative,Female,State-gov
59,27500,2504,0,11th,3,92,Divorced,Thailand,Other-service,Asian-Pac-Islander,Other-relative,Male,State-gov
61,37500,2722,1,Prof-school,4,82,Never-married,El-Salvador,Sales,Amer-Indian-Eskimo,Other-relative,Female,State-gov
61,37500,2722,1,Prof-school,4,82,Never-married,El-Salvador,Sales,Amer-Indian-Eskimo,Other-relative,Male,State-gov
57,27500,3375,1,Some-college,1,90,Married-civ-spouse,Ireland,Craft-repair,White,Not-in-family,Female,Local-gov
57,27500,3375,1,Some-college,1,90,Married-civ-spouse,Ireland,Craft-repair,White,Not-in-family,Male,Local-gov
59,37500,2504,0,11th,3,79,Divorced,Dominican-Republic,Other-service,Asian-Pac-Islander,Other-relative,Female,State-gov
59,37500,2504,0,11th,3,79,Divorced,Dominican-Republic,Other-service,Asian-Pac-Islander,Other-relative,Male,State-gov
58,27500,2504,0,Some-college,2,78,Divorced,France,Craft-repair,Asian-Pac-Islander,Not-in-family,Female,Local-gov
58,27500,2504,0,Some-college,2,78,Divorced,France,Craft-repair,Asian-Pac-Islander,Not-in-family,Male,Local-gov
57,27500,2286,1,Some-college,1,77,Married-civ-spouse,Ireland,Craft-repair,White,Wife,Female,Local-gov
57,27500,2286,1,Some-college,1,77,Married-civ-spouse,Ireland,Craft-repair,White,Wife,Male,Local-gov
56,42500,1197,0,7th-8th,1,89,Widowed,Guatemala,Tech-support,White,Not-in-family,Female,Local-gov
56,42500,1197,0,7th-8th,1,89,Widowed,Guatemala,Tech-support,White,Not-in-family,Male,Local-gov
60,42500,1415,1,12th,2,91,Divorced,Scotland,Craft-repair,Asian-Pac-Islander,Own-child,Female,Self-emp-not-inc
60,42500,1415,1,12th,2,91,Divorced,Scotland,Craft-repair,Asian-Pac-Islander,Own-child,Male,Self-emp-not-inc
60,42500,326,0,12th,2,91,Divorced,Scotland,Craft-repair,Asian-Pac-Islander,Not-in-family,Female,Self-emp-not-inc
60,42500,326,0,12th,2,91,Divorced,Scotland,Craft-repair,Asian-Pac-Islander,Not-in-family,Male,Self-emp-not-inc
68,42500,108,1,12th,1,90,Married-civ-spouse,Nicaragua,Craft-repair,White,Wife,Female,Local-gov
68,42500,108,1,12th,1,90,Married-civ-spouse,Nicaragua,Craft-repair,White,Wife,Male,Local-gov
58,42500,326,0,12th,2,91,Never-married,Scotland,Craft-repair,Asian-Pac-Islander,Wife,Female,Local-gov
58,42500,326,0,12th,2,91,Never-married,Scotland,Craft-repair,Asian-Pac-Islander,Wife,Male,Local-gov
68,42500,1197,1,7th-8th,5,76,Married-civ-spouse,Guatemala,Tech-support,White,Not-in-family,Female,Local-gov
68,42500,1197,1,7th-8th,5,76,Married-civ-spouse,Guatemala,Tech-support,White,Not-in-family,Male,Local-gov
73,47500,1633,1,10th,2,82,Never-married,El-Salvador,Sales,Amer-Indian-Eskimo,Other-relative,Female,State-gov
73,47500,1633,1,10th,2,82,Never-married,El-Salvador,Sales,Amer-Indian-Eskimo,Other-relative,Male,State-gov
65,47500,2069,1,5th-6th,3,86,Separated,Hong,Prof-specialty,Black,Unmarried,Female,Without-pay
65,47500,2069,1,5th-6th,3,86,Separated,Hong,Prof-specialty,Black,Unmarried,Male,Without-pay
58,42500,1415,0,12th,2,78,Divorced,Scotland,Craft-repair,Asian-Pac-Islander,Not-in-family,Female,Self-emp-not-inc
58,42500,1415,0,12th,2,78,Divorced,Scotland,Craft-repair,Asian-Pac-Islander,Not-in-family,Male,Self-emp-not-inc
68,42500,1197,0,7th-8th,1,76,Married-civ-spouse,Guatemala,Tech-support,White,Wife,Female,Local-gov
68,42500,1197,0,7th-8th,1,76,Married-civ-spouse,Guatemala,Tech-support,White,Wife,Male,Local-gov
60,42500,1633,0,1st-4th,3,80,Divorced,Yugoslavia,Other-service,Amer-Indian-Eskimo,Own-child,Female,State-gov
60,42500,1633,0,1st-4th,3,80,Divorced,Yugoslavia,Other-service,Amer-Indian-Eskimo,Own-child,Male,State-gov
62,42500,326,0,Masters,3,79,Divorced,Thailand,Other-service,Asian-Pac-Islander,Other-relative,Female,State-gov
62,42500,326,0,Masters,3,79,Divorced,Thailand,Other-service,Asian-Pac-Islander,Other-relative,Male,State-gov
60,42500,326,0,12th,2,78,Divorced,Scotland,Craft-repair,Asian-Pac-Islander,Wife,Female,Local-gov
60,42500,326,0,12th,2,78,Divorced,Scotland,Craft-repair,Asian-Pac-Islander,Wife,Male,Local-gov
60,42500,1415,1,Some-college,2,91,Divorced,Scotland,Craft-repair,Asian-Pac-Islander,Not-in-family,Female,Self-emp-not-inc
60,42500,1415,1,Some-college,2,91,Divorced,Scotland,Craft-repair,Asian-Pac-Islander,Not-in-family,Male,Self-emp-not-inc
61,47500,1633,1,Prof-school,4,94,Never-married,El-Salvador,Sales,Amer-Indian-Eskimo,Own-child,Female,State-gov
61,47500,1633,1,Prof-school,4,94,Never-married,El-Salvador,Sales,Amer-Indian-Eskimo,Own-child,Male,State-gov
59,42500,326,1,11th,3,92,Divorced,Thailand,Other-service,Asian-Pac-Islander,Other-relative,Female,State-gov
59,42500,326,1,11th,3,92,Divorced,Thailand,Other-service,Asian-Pac-Islander,Other-relative,Male,State-gov
58,42500,326,0,Some-college,2,91,Divorced,Scotland,Craft-repair,Asian-Pac-Islander,Wife,Female,Local-gov
58,42500,326,0,Some-college,2,91,Divorced,Scotland,Craft-repair,Asian-Pac-Islander,Wife,Male,Local-gov
68,42500,1197,0,Bachelors,1,76,Married-civ-spouse,Guatemala,Tech-support,White,Not-in-family,Female,Local-gov
68,42500,1197,0,Bachelors,1,76,Married-civ-spouse,Guatemala,Tech-support,White,Not-in-family,Male,Local-gov
59,42500,1415,1,11th,3,79,Divorced,Thailand,Other-service,Asian-Pac-Islander,Other-relative,Female,Self-emp-inc
59,42500,1415,1,11th,3,79,Divorced,Thailand,Other-service,Asian-Pac-Islander,Other-relative,Male,Self-emp-inc
60,42500,1633,0,HS-grad,3,80,Divorced,Yugoslavia,Other-service,Amer-Indian-Eskimo,Own-child,Female,State-gov
60,42500,1633,0,HS-grad,3,80,Divorced,Yugoslavia,Other-service,Amer-Indian-Eskimo,Own-child,Male,State-gov
57,42500,108,0,Some-college,1,77,Married-civ-spouse,Nicaragua,Craft-repair,White,Not-in-family,Female,Local-gov
57,42500,108,0,Some-college,1,77,Married-civ-spouse,Nicaragua,Craft-repair,White,Not-in-family,Male,Local-gov
56,42500,108,1,Bachelors,1,76,Married-civ-spouse,Guatemala,Tech-support,White,Wife,Female,Local-gov
56,42500,108,1,Bachelors,1,76,Married-civ-spouse,Guatemala,Tech-support,White,Wife,Male,Local-gov
60,42500,1633,0,1st-4th,3,93,Divorced,Laos,Other-service,Amer-Indian-Eskimo,Other-relative,Female,State-gov
60,42500,1633,0,1st-4th,3,93,Divorced,Laos,Other-service,Amer-Indian-Eskimo,Other-relative,Male,State-gov
59,42500,1415,0,Masters,3,92,Divorced,Dominican-Republic,Other-service,Asian-Pac-Islander,Own-child,Female,State-gov
59,42500,1415,0,Masters,3,92,Divorced,Dominican-Republic,Other-service,Asian-Pac-Islander,Own-child,Male,State-gov
58,42500,326,1,12th,2,91,Divorced,France,Craft-repair,Asian-Pac-Islander,Not-in-family,Female,Local-gov
58,42500,326,1,12th,2,91,Divorced,France,Craft-repair,Asian-Pac-Islander,Not-in-family,Male,Local-gov
58,42500,108,1,12th,1,90,Married-civ-spouse,Ireland,Craft-repair,White,Wife,Female,Local-gov
58,42500,108,1,12th,1,90,Married-civ-spouse,Ireland,Craft-repair,White,Wife,Male,Local-gov
60,42500,1633,1,1st-4th,3,80,Divorced,Laos,Other-service,Amer-Indian-Eskimo,Other-relative,Female,State-gov
60,42500,1633,1,1st-4th,3,80,Divorced,Laos,Other-service,Amer-Indian-Eskimo,Other-relative,Male,State-gov
56,42500,1197,0,7th-8th,1,76,Married-civ-spouse,Portugal,Tech-support,White,Wife,Female,Local-gov
56,42500,1197,0,7th-8th,1,76,Married-civ-spouse,Portugal,Tech-support,White,Wife,Male,Local-gov
56,42500,108,0,7th-8th,1,76,Married-civ-spouse,Portugal,Tech-support,White,Not-in-family,Female,Local-gov
56,42500,108,0,7th-8th,1,76,Married-civ-spouse,Portugal,Tech-support,White,Not-in-family,Male,Local-gov
56,42500,108,1,7th-8th,1,76,Married-civ-spouse,Portugal,Tech-support,White,Wife,Female,Local-gov
56,42500,108,1,7th-8th,1,76,Married-civ-spouse,Portugal,Tech-support,White,Wife,Male,Local-gov
57,42500,1197,1,Some-college,1,90,Married-civ-spouse,Ireland,Craft-repair,White,Not-in-family,Female,Local-gov
57,42500,1197,1,Some-college,1,90,Married-civ-spouse,Ireland,Craft-repair,White,Not-in-family,Male,Local-gov
57,37500,1197,1,12th,1,90,Widowed,Nicaragua,Craft-repair,White,Not-in-family,Female,Local-gov
57,37500,1197,1,12th,1,90,Widowed,Nicaragua,Craft-repair,White,Not-in-family,Male,Local-gov
56,37500,1197,0,7th-8th,1,89,Widowed,Guatemala,Tech-support,White,Wife,Female,Local-gov
56,37500,1197,0,7th-8th,1,89,Widowed,Guatemala,Tech-support,White,Wife,Male,Local-gov
56,37500,1197,0,7th-8th,1,89,Married-civ-spouse,Guatemala,Tech-support,White,Wife,Female,Private
56,37500,1197,0,7th-8th,1,89,Married-civ-spouse,Guatemala,Tech-support,White,Wife,Male,Private
60,37500,544,0,1st-4th,3,93,Divorced,Yugoslavia,Other-service,Amer-Indian-Eskimo,Other-relative,Female,Self-emp-inc
60,37500,544,0,1st-4th,3,93,Divorced,Yugoslavia,Other-service,Amer-Indian-Eskimo,Other-relative,Male,Self-emp-inc
60,37500,1415,1,12th,2,78,Divorced,Scotland,Craft-repair,Asian-Pac-Islander,Not-in-family,Female,Self-emp-not-inc
60,37500,1415,1,12th,2,78,Divorced,Scotland,Craft-repair,Asian-Pac-Islander,Not-in-family,Male,Self-emp-not-inc
62,37500,1415,1,Masters,3,79,Divorced,Thailand,Other-service,Asian-Pac-Islander,Own-child,Female,State-gov
62,37500,1415,1,Masters,3,79,Divorced,Thailand,Other-service,Asian-Pac-Islander,Own-child,Male,State-gov
58,37500,108,0,12th,1,77,Married-civ-spouse,Nicaragua,Craft-repair,White,Not-in-family,Female,Self-emp-not-inc
58,37500,108,0,12th,1,77,Married-civ-spouse,Nicaragua,Craft-repair,White,Not-in-family,Male,Self-emp-not-inc
57,27500,1197,1,12th,1,90,Never-married,Nicaragua,Craft-repair,White,Not-in-family,Female,Self-emp-not-inc
57,27500,1197,1,12th,1,90,Never-married,Nicaragua,Craft-repair,White,Not-in-family,Male,Self-emp-not-inc
60,27500,326,0,12th,2,91,Married-civ-spouse,Scotland,Craft-repair,Asian-Pac-Islander,Not-in-family,Female,Self-emp-not-inc
60,27500,326,0,12th,2,91,Married-civ-spouse,Scotland,Craft-repair,Asian-Pac-Islander,Not-in-family,Male,Self-emp-not-inc
60,27500,326,1,12th,2,91,Never-married,Scotland,Craft-repair,Asian-Pac-Islander,Wife,Female,Local-gov
60,27500,326,1,12th,2,91,Never-married,Scotland,Craft-repair,Asian-Pac-Islander,Wife,Male,Local-gov
56,27500,1197,1,7th-8th,1,76,Never-married,Guatemala,Tech-support,White,Not-in-family,Female,Private
56,27500,1197,1,7th-8th,1,76,Never-married,Guatemala,Tech-support,White,Not-in-family,Male,Private
58,27500,1197,0,12th,1,77,Never-married,Nicaragua,Craft-repair,White,Wife,Female,Local-gov
58,27500,1197,0,12th,1,77,Never-married,Nicaragua,Craft-repair,White,Wife,Male,Local-gov
56,27500,1197,0,7th-8th,1,76,Married-civ-spouse,Guatemala,Tech-support,White,Not-in-family,Female,Private
56,27500,1197,0,7th-8th,1,76,Married-civ-spouse,Guatemala,Tech-support,White,Not-in-family,Male,Private
56,27500,108,0,7th-8th,1,76,Never-married,Guatemala,Tech-support,White,Wife,Female,Local-gov
56,27500,108,0,7th-8th,1,76,Never-married,Guatemala,Tech-support,White,Wife,Male,Local-gov
58,27500,108,1,12th,1,77,Married-civ-spouse,Nicaragua,Craft-repair,White,Not-in-family,Female,Self-emp-not-inc
58,27500,108,1,12th,1,77,Married-civ-spouse,Nicaragua,Craft-repair,White,Not-in-family,Male,Self-emp-not-inc
68,37500,1197,1,Some-college,1,90,Married-civ-spouse,Nicaragua,Craft-repair,White,Not-in-family,Female,Local-gov
68,37500,1197,1,Some-college,1,90,Married-civ-spouse,Nicaragua,Craft-repair,White,Not-in-family,Male,Local-gov
68,37500,1197,1,Bachelors,1,89,Married-civ-spouse,Guatemala,Tech-support,White,Wife,Female,Local-gov
68,37500,1197,1,Bachelors,1,89,Married-civ-spouse,Guatemala,Tech-support,White,Wife,Male,Local-gov
56,37500,1197,1,Bachelors,1,89,Married-civ-spouse,Guatemala,Tech-support,White,Not-in-family,Female,Private
56,37500,1197,1,Bachelors,1,89,Married-civ-spouse,Guatemala,Tech-support,White,Not-in-family,Male,Private
60,37500,1633,1,HS-grad,3,93,Divorced,Yugoslavia,Other-service,Amer-Indian-Eskimo,Own-child,Female,State-gov
60,37500,1633,1,HS-grad,3,93,Divorced,Yugoslavia,Other-service,Amer-Indian-Eskimo,Own-child,Male,State-gov
59,37500,326,0,11th,3,92,Divorced,Thailand,Other-service,Asian-Pac-Islander,Other-relative,Female,State-gov
59,37500,326,0,11th,3,92,Divorced,Thailand,Other-service,Asian-Pac-Islander,Other-relative,Male,State-gov
58,37500,326,1,Some-college,2,91,Divorced,Scotland,Craft-repair,Asian-Pac-Islander,Wife,Female,Local-gov
58,37500,326,1,Some-college,2,91,Divorced,Scotland,Craft-repair,Asian-Pac-Islander,Wife,Male,Local-gov
58,27500,108,1,Some-college,1,90,Married-civ-spouse,Nicaragua,Craft-repair,White,Wife,Female,Local-gov
58,27500,108,1,Some-college,1,90,Married-civ-spouse,Nicaragua,Craft-repair,White,Wife,Male,Local-gov
64,37500,1633,0,HS-grad,3,80,Divorced,Yugoslavia,Other-service,Amer-Indian-Eskimo,Other-relative,Female,State-gov
64,37500,1633,0,HS-grad,3,80,Divorced,Yugoslavia,Other-service,Amer-Indian-Eskimo,Other-relative,Male,State-gov
59,37500,1415,0,11th,3,79,Divorced,Thailand,Other-service,Asian-Pac-Islander,Own-child,Female,State-gov
59,37500,1415,0,11th,3,79,Divorced,Thailand,Other-service,Asian-Pac-Islander,Own-child,Male,State-gov
56,37500,108,0,Bachelors,1,76,Married-civ-spouse,Guatemala,Tech-support,White,Wife,Female,Local-gov
56,37500,108,0,Bachelors,1,76,Married-civ-spouse,Guatemala,Tech-support,White,Wife,Male,Local-gov
56,27500,1197,0,Bachelors,1,76,Never-married,Guatemala,Tech-support,White,Not-in-family,Female,Local-gov
56,27500,1197,0,Bachelors,1,76,Never-married,Guatemala,Tech-support,White,Not-in-family,Male,Local-gov
60,37500,1633,0,1st-4th,3,93,Divorced,Laos,Other-service,Amer-Indian-Eskimo,Other-relative,Female,State-gov
60,37500,1633,0,1st-4th,3,93,Divorced,Laos,Other-service,Amer-Indian-Eskimo,Other-relative,Male,State-gov
60,37500,326,1,12th,2,91,Divorced,France,Craft-repair,Asian-Pac-Islander,Not-in-family,Female,Local-gov
60,37500,326,1,12th,2,91,Divorced,France,Craft-repair,Asian-Pac-Islander,Not-in-family,Male,Local-gov
58,37500,108,1,12th,1,90,Married-civ-spouse,Ireland,Craft-repair,White,Wife,Female,Local-gov
58,37500,108,1,12th,1,90,Married-civ-spouse,Ireland,Craft-repair,White,Wife,Male,Local-gov
59,27500,1415,0,Masters,3,92,Divorced,Dominican-Republic,Other-service,Asian-Pac-Islander,Other-relative,Female,State-gov
59,27500,1415,0,Masters,3,92,Divorced,Dominican-Republic,Other-service,Asian-Pac-Islander,Other-relative,Male,State-gov
56,27500,108,0,7th-8th,1,89,Married-civ-spouse,Portugal,Tech-support,White,Not-in-family,Female,Local-gov
56,27500,108,0,7th-8th,1,89,Married-civ-spouse,Portugal,Tech-support,White,Not-in-family,Male,Local-gov
57,27500,108,1,12th,1,90,Married-civ-spouse,Ireland,Craft-repair,White,Wife,Female,Local-gov
57,27500,108,1,12th,1,90,Married-civ-spouse,Ireland,Craft-repair,White,Wife,Male,Local-gov
59,37500,1415,1,Masters,3,79,Divorced,Dominican-Republic,Other-service,Asian-Pac-Islander,Own-child,Female,State-gov
59,37500,1415,1,Masters,3,79,Divorced,Dominican-Republic,Other-service,Asian-Pac-Islander,Own-child,Male,State-gov
58,37500,108,1,12th,1,77,Married-civ-spouse,Ireland,Craft-repair,White,Not-in-family,Female,Local-gov
58,37500,108,1,12th,1,77,Married-civ-spouse,Ireland,Craft-repair,White,Not-in-family,Male,Local-gov
57,37500,108,1,12th,1,77,Married-civ-spouse,Ireland,Craft-repair,White,Wife,Female,Local-gov
57,37500,108,1,12th,1,77,Married-civ-spouse,Ireland,Craft-repair,White,Wife,Male,Local-gov
59,27500,1415,0,Masters,3,79,Divorced,Dominican-Republic,Other-service,Asian-Pac-Islander,Other-relative,Female,State-gov
59,27500,1415,0,Masters,3,79,Divorced,Dominican-Republic,Other-service,Asian-Pac-Islander,Other-relative,Male,State-gov
57,37500,1197,0,Some-college,1,90,Married-civ-spouse,Ireland,Craft-repair,White,Not-in-family,Female,Local-gov
57,37500,1197,0,Some-college,1,90,Married-civ-spouse,Ireland,Craft-repair,White,Not-in-family,Male,Local-gov
57,37500,1197,1,Some-college,1,90,Married-civ-spouse,Ireland,Craft-repair,White,Wife,Female,Local-gov
57,37500,1197,1,Some-college,1,90,Married-civ-spouse,Ireland,Craft-repair,White,Wife,Male,Local-gov
58,37500,1415,1,Some-college,2,78,Divorced,France,Craft-repair,Asian-Pac-Islander,Not-in-family,Female,Local-gov
58,37500,1415,1,Some-college,2,78,Divorced,France,Craft-repair,Asian-Pac-Islander,Not-in-family,Male,Local-gov
79,42500,2286,0,7th-8th,1,64,Married-civ-spouse,Guatemala,Tech-support,White,Not-in-family,Female,Local-gov
79,42500,2286,0,7th-8th,1,64,Married-civ-spouse,Guatemala,Tech-support,White,Not-in-family,Male,Local-gov
68,42500,3375,0,7th-8th,1,64,Never-married,Guatemala,Tech-support,White,Not-in-family,Female,Local-gov
68,42500,3375,0,7th-8th,1,64,Never-married,Guatemala,Tech-support,White,Not-in-family,Male,Local-gov
57,42500,3375,1,12th,1,65,Married-civ-spouse,Nicaragua,Craft-repair,White,Not-in-family,Female,Local-gov
57,42500,3375,1,12th,1,65,Married-civ-spouse,Nicaragua,Craft-repair,White,Not-in-family,Male,Local-gov
56,42500,2286,1,7th-8th,5,64,Married-civ-spouse,Guatemala,Tech-support,White,Not-in-family,Female,Local-gov
56,42500,2286,1,7th-8th,5,64,Married-civ-spouse,Guatemala,Tech-support,White,Not-in-family,Male,Local-gov
60,42500,2722,0,1st-4th,2,68,Divorced,Yugoslavia,Other-service,Amer-Indian-Eskimo,Own-child,Female,State-gov
60,42500,2722,0,1st-4th,2,68,Divorced,Yugoslavia,Other-service,Amer-Indian-Eskimo,Own-child,Male,State-gov
68,42500,2286,1,7th-8th,1,51,Married-civ-spouse,Guatemala,Tech-support,White,Not-in-family,Female,Local-gov
68,42500,2286,1,7th-8th,1,51,Married-civ-spouse,Guatemala,Tech-support,White,Not-in-family,Male,Local-gov
57,27500,3375,1,12th,1,65,Widowed,Nicaragua,Craft-repair,White,Not-in-family,Female,Local-gov
57,27500,3375,1,12th,1,65,Widowed,Nicaragua,Craft-repair,White,Not-in-family,Male,Local-gov
56,27500,3375,1,7th-8th,1,64,Widowed,Portugal,Tech-support,White,Not-in-family,Female,Local-gov
56,27500,3375,1,7th-8th,1,64,Widowed,Portugal,Tech-support,White,Not-in-family,Male,Local-gov
57,37500,3375,0,Some-college,1,65,Widowed,Nicaragua,Craft-repair,White,Not-in-family,Female,Local-gov
57,37500,3375,0,Some-college,1,65,Widowed,Nicaragua,Craft-repair,White,Not-in-family,Male,Local-gov
68,37500,2286,0,7th-8th,1,64,Married-civ-spouse,Guatemala,Tech-support,White,Wife,Female,Local-gov
68,37500,2286,0,7th-8th,1,64,Married-civ-spouse,Guatemala,Tech-support,White,Wife,Male,Local-gov
57,37500,2286,0,Some-college,1,65,Married-civ-spouse,Nicaragua,Craft-repair,White,Wife,Female,Local-gov
57,37500,2286,0,Some-college,1,65,Married-civ-spouse,Nicaragua,Craft-repair,White,Wife,Male,Local-gov
60,27500,2504,0,Some-college,2,66,Never-married,Scotland,Craft-repair,Asian-Pac-Islander,Not-in-family,Female,Local-gov
60,27500,2504,0,Some-college,2,66,Never-married,Scotland,Craft-repair,Asian-Pac-Islander,Not-in-family,Male,Local-gov
56,37500,3375,0,7th-8th,1,64,Married-civ-spouse,Portugal,Tech-support,White,Not-in-family,Female,Local-gov
56,37500,3375,0,7th-8th,1,64,Married-civ-spouse,Portugal,Tech-support,White,Not-in-family,Male,Local-gov
58,37500,2504,0,12th,2,66,Divorced,France,Craft-repair,Asian-Pac-Islander,Wife,Female,Local-gov
58,37500,2504,0,12th,2,66,Divorced,France,Craft-repair,Asian-Pac-Islander,Wife,Male,Local-gov
59,27500,3593,1,11th,3,67,Divorced,Dominican-Republic,Other-service,Asian-Pac-Islander,Other-relative,Female,State-gov
59,27500,3593,1,11th,3,67,Divorced,Dominican-Republic,Other-service,Asian-Pac-Islander,Other-relative,Male,State-gov
58,37500,2504,1,Some-college,2,66,Divorced,France,Craft-repair,Asian-Pac-Islander,Not-in-family,Female,Local-gov
58,37500,2504,1,Some-college,2,66,Divorced,France,Craft-repair,Asian-Pac-Islander,Not-in-family,Male,Local-gov
58,27500,2504,1,Some-college,2,66,Divorced,France,Craft-repair,Asian-Pac-Islander,Wife,Female,Local-gov
58,27500,2504,1,Some-college,2,66,Divorced,France,Craft-repair,Asian-Pac-Islander,Wife,Male,Local-gov
59,42500,1415,1,Masters,5,67,Divorced,Thailand,Other-service,Asian-Pac-Islander,Other-relative,Female,State-gov
59,42500,1415,1,Masters,5,67,Divorced,Thailand,Other-service,Asian-Pac-Islander,Other-relative,Male,State-gov
59,42500,1415,0,Masters,3,67,Divorced,Dominican-Republic,Other-service,Asian-Pac-Islander,Other-relative,Female,State-gov
59,42500,1415,0,Masters,3,67,Divorced,Dominican-Republic,Other-service,Asian-Pac-Islander,Other-relative,Male,State-gov
64,42500,1633,0,HS-grad,3,68,Divorced,Yugoslavia,Other-service,Amer-Indian-Eskimo,Other-relative,Female,State-gov
64,42500,1633,0,HS-grad,3,68,Divorced,Yugoslavia,Other-service,Amer-Indian-Eskimo,Other-relative,Male,State-gov
59,42500,1415,0,11th,3,67,Married-civ-spouse,Thailand,Other-service,Asian-Pac-Islander,Own-child,Female,State-gov
59,42500,1415,0,11th,3,67,Married-civ-spouse,Thailand,Other-service,Asian-Pac-Islander,Own-child,Male,State-gov
56,42500,108,1,Bachelors,1,64,Married-civ-spouse,Guatemala,Tech-support,White,Not-in-family,Female,Local-gov
56,42500,108,1,Bachelors,1,64,Married-civ-spouse,Guatemala,Tech-support,White,Not-in-family,Male,Local-gov
62,37500,326,1,Masters,3,67,Married-civ-spouse,Thailand,Other-service,Asian-Pac-Islander,Other-relative,Female,State-gov
62,37500,326,1,Masters,3,67,Married-civ-spouse,Thailand,Other-service,Asian-Pac-Islander,Other-relative,Male,State-gov
58,37500,108,0,12th,1,65,Married-civ-spouse,Nicaragua,Craft-repair,White,Wife,Female,Local-gov
58,37500,108,0,12th,1,65,Married-civ-spouse,Nicaragua,Craft-repair,White,Wife,Male,Local-gov
68,37500,1197,0,Some-college,1,65,Married-civ-spouse,Nicaragua,Craft-repair,White,Not-in-family,Female,Local-gov
68,37500,1197,0,Some-college,1,65,Married-civ-spouse,Nicaragua,Craft-repair,White,Not-in-family,Male,Local-gov
60,37500,1415,1,Some-college,2,66,Married-civ-spouse,Scotland,Craft-repair,Asian-Pac-Islander,Wife,Female,Local-gov
60,37500,1415,1,Some-college,2,66,Married-civ-spouse,Scotland,Craft-repair,Asian-Pac-Islander,Wife,Male,Local-gov
58,37500,108,0,Some-college,1,65,Married-civ-spouse,Nicaragua,Craft-repair,White,Not-in-family,Female,Local-gov
58,37500,108,0,Some-college,1,65,Married-civ-spouse,Nicaragua,Craft-repair,White,Not-in-family,Male,Local-gov
56,27500,1197,0,Bachelors,1,64,Never-married,Guatemala,Tech-support,White,Not-in-family,Female,Local-gov
56,27500,1197,0,Bachelors,1,64,Never-married,Guatemala,Tech-support,White,Not-in-family,Male,Local-gov
56,27500,1197,1,Bachelors,1,64,Married-civ-spouse,Guatemala,Tech-support,White,Wife,Female,Local-gov
56,27500,1197,1,Bachelors,1,64,Married-civ-spouse,Guatemala,Tech-support,White,Wife,Male,Local-gov
60,37500,1415,0,12th,2,66,Divorced,France,Craft-repair,Asian-Pac-Islander,Not-in-family,Female,Local-gov
60,37500,1415,0,12th,2,66,Divorced,France,Craft-repair,Asian-Pac-Islander,Not-in-family,Male,Local-gov
57,37500,1197,0,12th,1,65,Married-civ-spouse,Ireland,Craft-repair,White,Wife,Female,Local-gov
57,37500,1197,0,12th,1,65,Married-civ-spouse,Ireland,Craft-repair,White,Wife,Male,Local-gov
56,37500,1197,0,Bachelors,1,64,Married-civ-spouse,Portugal,Tech-support,White,Not-in-family,Female,Local-gov
56,37500,1197,0,Bachelors,1,64,Married-civ-spouse,Portugal,Tech-support,White,Not-in-family,Male,Local-gov
56,27500,1197,1,Bachelors,1,64,Married-civ-spouse,Portugal,Tech-support,White,Not-in-family,Female,Local-gov
56,27500,1197,1,Bachelors,1,64,Married-civ-spouse,Portugal,Tech-support,White,Not-in-family,Male,Local-gov
57,17500,3375,0,Some-college,1,90,Widowed,Nicaragua,Craft-repair,White,Not-in-family,Female,Local-gov
57,17500,3375,0,Some-college,1,90,Widowed,Nicaragua,Craft-repair,White,Not-in-family,Male,Local-gov
62,22500,3811,1,Prof-school,2,83,Married-spouse-absent,El-Salvador,Exec-managerial,Amer-Indian-Eskimo,Other-relative,Female,State-gov
62,22500,3811,1,Prof-school,2,83,Married-spouse-absent,El-Salvador,Exec-managerial,Amer-Indian-Eskimo,Other-relative,Male,State-gov
56,17500,3375,1,Bachelors,1,89,Widowed,Portugal,Tech-support,White,Not-in-family,Female,Local-gov
56,17500,3375,1,Bachelors,1,89,Widowed,Portugal,Tech-support,White,Not-in-family,Male,Local-gov
56,17500,3375,1,Bachelors,1,76,Widowed,Portugal,Tech-support,White,Not-in-family,Female,Local-gov
56,17500,3375,1,Bachelors,1,76,Widowed,Portugal,Tech-support,White,Not-in-family,Male,Local-gov
