age,workclass,education,education-num,marital-status,occupation,relationship,race,sex,capital-gain,capital-loss,hours-per-week,native-country,output,decision
16,Private,Bachelors,1,Married-civ-spouse,Tech-support,Wife,White,Female,52500,4029,89,Portugal,0.487211,NEGATIVE
16,Private,Bachelors,1,Married-civ-spouse,Tech-support,Wife,White,Male,52500,4029,89,Portugal,0.519132,POSITIVE
10,Self-emp-not-inc,7th-8th,1,Married-civ-spouse,Craft-repair,Wife,White,Female,52500,4029,90,Portugal,0.491343,NEGATIVE
10,Self-emp-not-inc,7th-8th,1,Married-civ-spouse,Craft-repair,Wife,White,Male,52500,4029,90,Portugal,0.523257,POSITIVE
13,Private,Bachelors,1,Married-civ-spouse,Tech-support,Wife,White,Female,52500,3375,89,Portugal,0.479444,NEGATIVE
13,Private,Bachelors,1,Married-civ-spouse,Tech-support,Wife,White,Male,52500,3375,89,Portugal,0.511363,POSITIVE
10,Self-emp-not-inc,Some-college,10,Divorced,Sales,Own-child,Asian-Pac-Islander,Female,57500,4029,91,Ireland,0.484776,NEGATIVE
10,Self-emp-not-inc,Some-college,10,Divorced,Sales,Own-child,Asian-Pac-Islander,Male,57500,4029,91,Ireland,0.516697,POSITIVE
10,Self-emp-not-inc,Some-college,2,Divorced,Sales,Own-child,Asian-Pac-Islander,Female,57500,3593,91,Ireland,0.498171,NEGATIVE
10,Self-emp-not-inc,Some-college,2,Divorced,Sales,Own-child,Asian-Pac-Islander,Male,57500,3593,91,Ireland,0.530067,POSITIVE
22,Private,7th-8th,1,Married-civ-spouse,Tech-support,Wife,White,Female,52500,4029,89,Outlying-US(Guam-USVI-etc),0.481151,NEGATIVE
22,Private,7th-8th,1,Married-civ-spouse,Tech-support,Wife,White,Male,52500,4029,89,Outlying-US(Guam-USVI-etc),0.513071,POSITIVE
22,Self-emp-not-inc,12th,9,Married-civ-spouse,Craft-repair,Wife,White,Female,52500,4029,90,United-States,0.480625,NEGATIVE
22,Self-emp-not-inc,12th,9,Married-civ-spouse,Craft-repair,Wife,White,Male,52500,4029,90,United-States,0.512545,POSITIVE
22,Private,Prof-school,9,Married-civ-spouse,Tech-support,Wife,White,Female,52500,4029,89,Outlying-US(Guam-USVI-etc),0.484576,NEGATIVE
22,Private,Prof-school,9,Married-civ-spouse,Tech-support,Wife,White,Male,52500,4029,89,Outlying-US(Guam-USVI-etc),0.516498,POSITIVE
22,Self-emp-not-inc,Some-college,1,Married-civ-spouse,Craft-repair,Wife,White,Female,52500,3375,90,Outlying-US(Guam-USVI-etc),0.496056,NEGATIVE
22,Self-emp-not-inc,Some-college,1,Married-civ-spouse,Craft-repair,Wife,White,Male,52500,3375,90,Outlying-US(Guam-USVI-etc),0.527959,POSITIVE
22,Self-emp-not-inc,Some-college,2,Married-civ-spouse,Craft-repair,Wife,White,Female,77500,3375,90,United-States,0.497700,NEGATIVE
22,Self-emp-not-inc,Some-college,2,Married-civ-spouse,Craft-repair,Wife,White,Male,77500,3375,90,United-States,0.529598,POSITIVE
22,Self-emp-not-inc,Some-college,2,Widowed,Craft-repair,Wife,White,Female,52500,3375,90,United-States,0.485365,NEGATIVE
22,Self-emp-not-inc,Some-college,2,Widowed,Craft-repair,Wife,White,Male,52500,3375,90,United-States,0.517286,POSITIVE
25,Self-emp-not-inc,Some-college,10,Divorced,Sales,Own-child,Asian-Pac-Islander,Female,57500,4029,91,Cambodia,0.495069,NEGATIVE
25,Self-emp-not-inc,Some-college,10,Divorced,Sales,Own-child,Asian-Pac-Islander,Male,57500,4029,91,Cambodia,0.526975,POSITIVE
25,Self-emp-not-inc,Assoc-acdm,2,Divorced,Sales,Own-child,Asian-Pac-Islander,Female,57500,4029,91,Cambodia,0.491640,NEGATIVE
25,Self-emp-not-inc,Assoc-acdm,2,Divorced,Sales,Own-child,Asian-Pac-Islander,Male,57500,4029,91,Cambodia,0.523554,POSITIVE
22,Self-emp-inc,11th,5,Divorced,Exec-managerial,Own-child,Asian-Pac-Islander,Female,57500,3593,92,Cambodia,0.482168,NEGATIVE
22,Self-emp-inc,11th,5,Divorced,Exec-managerial,Own-child,Asian-Pac-Islander,Male,57500,3593,92,Cambodia,0.514089,POSITIVE
22,Self-emp-not-inc,Bachelors,1,Widowed,Craft-repair,Wife,White,Female,52500,4029,77,United-States,0.494304,NEGATIVE
22,Self-emp-not-inc,Bachelors,1,Widowed,Craft-repair,Wife,White,Male,52500,4029,77,United-States,0.526212,POSITIVE
22,Self-emp-not-inc,Some-college,2,Married-civ-spouse,Craft-repair,Wife,White,Female,52500,3375,77,United-States,0.482612,NEGATIVE
22,Self-emp-not-inc,Some-college,2,Married-civ-spouse,Craft-repair,Wife,White,Male,52500,3375,77,United-States,0.514533,POSITIVE
22,Private,Bachelors,1,Married-civ-spouse,Tech-support,Wife,White,Female,77500,2940,89,United-States,0.473164,NEGATIVE
22,Private,Bachelors,1,Married-civ-spouse,Tech-support,Wife,White,Male,77500,2940,89,United-States,0.505070,POSITIVE
22,Private,Bachelors,1,Widowed,Tech-support,Wife,White,Female,52500,2940,89,United-States,0.470594,NEGATIVE
22,Private,Bachelors,1,Widowed,Tech-support,Wife,White,Male,52500,2940,89,United-States,0.502492,POSITIVE
22,Self-emp-not-inc,Some-college,1,Married-civ-spouse,Craft-repair,Wife,White,Female,52500,4029,65,United-States,0.492031,NEGATIVE
22,Self-emp-not-inc,Some-college,1,Married-civ-spouse,Craft-repair,Wife,White,Male,52500,4029,65,United-States,0.523944,POSITIVE
16,Self-emp-not-inc,Some-college,2,Divorced,Sales,Own-child,Asian-Pac-Islander,Female,82500,4029,91,Cuba,0.482910,NEGATIVE
16,Self-emp-not-inc,Some-college,2,Divorced,Sales,Own-child,Asian-Pac-Islander,Male,82500,4029,91,Cuba,0.514831,POSITIVE
16,Private,Bachelors,1,Widowed,Tech-support,Wife,White,Female,52500,4029,89,Italy,0.497637,NEGATIVE
16,Private,Bachelors,1,Widowed,Tech-support,Wife,White,Male,52500,4029,89,Italy,0.529534,POSITIVE
16,Self-emp-not-inc,Some-college,2,Divorced,Sales,Own-child,Asian-Pac-Islander,Female,57500,4029,91,Poland,0.469934,NEGATIVE
16,Self-emp-not-inc,Some-college,2,Divorced,Sales,Own-child,Asian-Pac-Islander,Male,57500,4029,91,Poland,0.501829,POSITIVE
19,Self-emp-not-inc,Bachelors,9,Married-civ-spouse,Craft-repair,Wife,White,Female,52500,4029,90,China,0.478962,NEGATIVE
19,Self-emp-not-inc,Bachelors,9,Married-civ-spouse,Craft-repair,Wife,White,Male,52500,4029,90,China,0.510880,POSITIVE
19,Self-emp-not-inc,Prof-school,1,Married-civ-spouse,Craft-repair,Wife,White,Female,52500,4029,90,China,0.475539,NEGATIVE
19,Self-emp-not-inc,Prof-school,1,Married-civ-spouse,Craft-repair,Wife,White,Male,52500,4029,90,China,0.507452,POSITIVE
16,Self-emp-not-inc,Some-college,9,Married-civ-spouse,Craft-repair,Wife,White,Female,52500,3375,90,China,0.484430,NEGATIVE
16,Self-emp-not-inc,Some-college,9,Married-civ-spouse,Craft-repair,Wife,White,Male,52500,3375,90,China,0.516352,POSITIVE
16,Private,Bachelors,1,Married-civ-spouse,Tech-support,Wife,White,Female,52500,4029,76,Italy,0.488051,NEGATIVE
16,Private,Bachelors,1,Married-civ-spouse,Tech-support,Wife,White,Male,52500,4029,76,Italy,0.519970,POSITIVE
16,Private,Bachelors,1,Widowed,Tech-support,Wife,White,Female,52500,4029,76,China,0.498477,NEGATIVE
16,Private,Bachelors,1,Widowed,Tech-support,Wife,White,Male,52500,4029,76,China,0.530371,POSITIVE
16,Private,Prof-school,1,Married-civ-spouse,Tech-support,Wife,White,Female,52500,2940,89,China,0.499742,NEGATIVE
16,Private,Prof-school,1,Married-civ-spouse,Tech-support,Wife,White,Male,52500,2940,89,China,0.531632,POSITIVE
10,Self-emp-not-inc,12th,2,Married-civ-spouse,Craft-repair,Wife,White,Female,77500,3375,90,China,0.493315,NEGATIVE
10,Self-emp-not-inc,12th,2,Married-civ-spouse,Craft-repair,Wife,White,Male,77500,3375,90,China,0.525225,POSITIVE
10,Self-emp-not-inc,7th-8th,1,Widowed,Craft-repair,Wife,White,Female,52500,4029,90,Italy,0.492009,NEGATIVE
10,Self-emp-not-inc,7th-8th,1,Widowed,Craft-repair,Wife,White,Male,52500,4029,90,Italy,0.523922,POSITIVE
10,Self-emp-not-inc,12th,2,Married-civ-spouse,Craft-repair,Wife,White,Female,52500,3375,90,Italy,0.480319,NEGATIVE
10,Self-emp-not-inc,12th,2,Married-civ-spouse,Craft-repair,Wife,White,Male,52500,3375,90,Italy,0.512238,POSITIVE
10,Self-emp-not-inc,12th,2,Widowed,Craft-repair,Wife,White,Female,52500,3375,90,China,0.480985,NEGATIVE
10,Self-emp-not-inc,12th,2,Widowed,Craft-repair,Wife,White,Male,52500,3375,90,China,0.512905,POSITIVE
13,Self-emp-not-inc,12th,10,Divorced,Sales,Own-child,Asian-Pac-Islander,Female,57500,4029,91,Cuba,0.483088,NEGATIVE
13,Self-emp-not-inc,12th,10,Divorced,Sales,Own-child,Asian-Pac-Islander,Male,57500,4029,91,Cuba,0.515010,POSITIVE
13,Self-emp-inc,Masters,3,Divorced,Exec-managerial,Own-child,Asian-Pac-Islander,Female,57500,4029,92,Cuba,0.493572,NEGATIVE
13,Self-emp-inc,Masters,3,Divorced,Exec-managerial,Own-child,Asian-Pac-Islander,Male,57500,4029,92,Cuba,0.525482,POSITIVE
10,Self-emp-not-inc,7th-8th,1,Married-civ-spouse,Craft-repair,Wife,White,Female,52500,4029,77,Italy,0.489254,NEGATIVE
10,Self-emp-not-inc,7th-8th,1,Married-civ-spouse,Craft-repair,Wife,White,Male,52500,4029,77,Italy,0.521172,POSITIVE
10,Self-emp-not-inc,7th-8th,1,Widowed,Craft-repair,Wife,White,Female,52500,4029,77,China,0.489920,NEGATIVE
10,Self-emp-not-inc,7th-8th,1,Widowed,Craft-repair,Wife,White,Male,52500,4029,77,China,0.521837,POSITIVE
10,Self-emp-not-inc,12th,2,Married-civ-spouse,Craft-repair,Wife,White,Female,52500,3375,77,China,0.478233,NEGATIVE
10,Self-emp-not-inc,12th,2,Married-civ-spouse,Craft-repair,Wife,White,Male,52500,3375,77,China,0.510150,POSITIVE
10,Private,Bachelors,9,Widowed,Tech-support,Wife,White,Female,77500,4029,89,Italy,0.477692,NEGATIVE
10,Private,Bachelors,9,Widowed,Tech-support,Wife,White,Male,77500,4029,89,Italy,0.509608,POSITIVE
10,Private,Prof-school,1,Widowed,Tech-support,Wife,White,Female,77500,4029,89,Italy,0.474270,NEGATIVE
10,Private,Prof-school,1,Widowed,Tech-support,Wife,White,Male,77500,4029,89,Italy,0.506179,POSITIVE
13,Private,Bachelors,1,Married-civ-spouse,Tech-support,Wife,White,Female,77500,3375,89,Italy,0.492439,NEGATIVE
13,Private,Bachelors,1,Married-civ-spouse,Tech-support,Wife,White,Male,77500,3375,89,Italy,0.524352,POSITIVE
10,Self-emp-not-inc,Some-college,10,Divorced,Sales,Own-child,Asian-Pac-Islander,Female,82500,4029,91,Poland,0.497777,NEGATIVE
10,Self-emp-not-inc,Some-college,10,Divorced,Sales,Own-child,Asian-Pac-Islander,Male,82500,4029,91,Poland,0.529674,POSITIVE
10,Self-emp-not-inc,Some-college,10,Widowed,Sales,Own-child,Asian-Pac-Islander,Female,82500,4029,91,Cuba,0.488684,NEGATIVE
10,Self-emp-not-inc,Some-college,10,Widowed,Sales,Own-child,Asian-Pac-Islander,Male,82500,4029,91,Cuba,0.520603,POSITIVE
10,Self-emp-not-inc,Some-college,2,Widowed,Sales,Own-child,Asian-Pac-Islander,Female,82500,3375,91,Cuba,0.496914,NEGATIVE
10,Self-emp-not-inc,Some-college,2,Widowed,Sales,Own-child,Asian-Pac-Islander,Male,82500,3375,91,Cuba,0.528814,POSITIVE
11,Self-emp-inc,11th,5,Divorced,Exec-managerial,Own-child,Asian-Pac-Islander,Female,82500,3593,92,Cuba,0.475575,NEGATIVE
11,Self-emp-inc,11th,5,Divorced,Exec-managerial,Own-child,Asian-Pac-Islander,Male,82500,3593,92,Cuba,0.507487,POSITIVE
10,Private,Bachelors,9,Married-civ-spouse,Tech-support,Wife,White,Female,77500,4029,76,Italy,0.468132,NEGATIVE
10,Private,Bachelors,9,Married-civ-spouse,Tech-support,Wife,White,Male,77500,4029,76,Italy,0.500021,POSITIVE
10,Private,Bachelors,9,Widowed,Tech-support,Wife,White,Female,77500,4029,76,China,0.478530,NEGATIVE
10,Private,Bachelors,9,Widowed,Tech-support,Wife,White,Male,77500,4029,76,China,0.510448,POSITIVE
10,Private,Prof-school,1,Widowed,Tech-support,Wife,White,Female,77500,4029,76,China,0.475108,NEGATIVE
10,Private,Prof-school,1,Widowed,Tech-support,Wife,White,Male,77500,4029,76,China,0.507019,POSITIVE
13,Private,Bachelors,1,Married-civ-spouse,Tech-support,Wife,White,Female,77500,3375,76,China,0.493279,NEGATIVE
13,Private,Bachelors,1,Married-civ-spouse,Tech-support,Wife,White,Male,77500,3375,76,China,0.525190,POSITIVE
10,Self-emp-not-inc,Some-college,10,Divorced,Sales,Own-child,Asian-Pac-Islander,Female,82500,4029,78,Cuba,0.492758,NEGATIVE
10,Self-emp-not-inc,Some-college,10,Divorced,Sales,Own-child,Asian-Pac-Islander,Male,82500,4029,78,Cuba,0.524670,POSITIVE
13,Private,Bachelors,1,Widowed,Tech-support,Wife,White,Female,52500,3375,89,Italy,0.489862,NEGATIVE
13,Private,Bachelors,1,Widowed,Tech-support,Wife,White,Male,52500,3375,89,Italy,0.521779,POSITIVE
10,Self-emp-not-inc,Some-college,10,Widowed,Sales,Own-child,Asian-Pac-Islander,Female,57500,4029,91,Poland,0.475695,NEGATIVE
10,Self-emp-not-inc,Some-college,10,Widowed,Sales,Own-child,Asian-Pac-Islander,Male,57500,4029,91,Poland,0.507608,POSITIVE
10,Self-emp-not-inc,Some-college,2,Widowed,Sales,Own-child,Asian-Pac-Islander,Female,57500,3593,91,Poland,0.489078,NEGATIVE
10,Self-emp-not-inc,Some-college,2,Widowed,Sales,Own-child,Asian-Pac-Islander,Male,57500,3593,91,Poland,0.520997,POSITIVE
13,Self-emp-not-inc,Some-college,3,Divorced,Sales,Own-child,Asian-Pac-Islander,Female,57500,3593,91,Poland,0.494480,NEGATIVE
13,Self-emp-not-inc,Some-college,3,Divorced,Sales,Own-child,Asian-Pac-Islander,Male,57500,3593,91,Poland,0.526387,POSITIVE
10,Self-emp-inc,Assoc-acdm,11,Divorced,Exec-managerial,Own-child,Asian-Pac-Islander,Female,57500,4029,92,Poland,0.477475,NEGATIVE
10,Self-emp-inc,Assoc-acdm,11,Divorced,Exec-managerial,Own-child,Asian-Pac-Islander,Male,57500,4029,92,Poland,0.509391,POSITIVE
11,Federal-gov,Prof-school,4,Never-married,Machine-op-inspct,Not-in-family,Amer-Indian-Eskimo,Female,62500,4247,94,Jamaica,0.477963,NEGATIVE
11,Federal-gov,Prof-school,4,Never-married,Machine-op-inspct,Not-in-family,Amer-Indian-Eskimo,Male,62500,4247,94,Jamaica,0.509880,POSITIVE
13,Self-emp-not-inc,Some-college,3,Widowed,Sales,Own-child,Asian-Pac-Islander,Female,57500,3593,91,Cuba,0.485389,NEGATIVE
13,Self-emp-not-inc,Some-college,3,Widowed,Sales,Own-child,Asian-Pac-Islander,Male,57500,3593,91,Cuba,0.517310,POSITIVE
10,Self-emp-inc,HS-grad,11,Married-spouse-absent,Prof-specialty,Husband,Amer-Indian-Eskimo,Female,62500,4029,93,Iran,0.486685,NEGATIVE
10,Self-emp-inc,HS-grad,11,Married-spouse-absent,Prof-specialty,Husband,Amer-Indian-Eskimo,Male,62500,4029,93,Iran,0.518605,POSITIVE
11,Local-gov,11th,5,Married-spouse-absent,Adm-clerical,Not-in-family,Amer-Indian-Eskimo,Female,62500,4247,95,Iran,0.491568,NEGATIVE
11,Local-gov,11th,5,Married-spouse-absent,Adm-clerical,Not-in-family,Amer-Indian-Eskimo,Male,62500,4247,95,Iran,0.523482,POSITIVE
13,Self-emp-inc,11th,11,Divorced,Exec-managerial,Own-child,Asian-Pac-Islander,Female,57500,3593,92,Cuba,0.481836,NEGATIVE
13,Self-emp-inc,11th,11,Divorced,Exec-managerial,Own-child,Asian-Pac-Islander,Male,57500,3593,92,Cuba,0.513757,POSITIVE
14,Local-gov,11th,5,Never-married,Adm-clerical,Not-in-family,Amer-Indian-Eskimo,Female,62500,4247,95,Iran,0.487493,NEGATIVE
14,Local-gov,11th,5,Never-married,Adm-clerical,Not-in-family,Amer-Indian-Eskimo,Male,62500,4247,95,Iran,0.519413,POSITIVE
13,Self-emp-inc,HS-grad,3,Divorced,Prof-specialty,Husband,Amer-Indian-Eskimo,Female,62500,3593,93,Iran,0.497818,NEGATIVE
13,Self-emp-inc,HS-grad,3,Divorced,Prof-specialty,Husband,Amer-Indian-Eskimo,Male,62500,3593,93,Iran,0.529715,POSITIVE
11,Federal-gov,11th,12,Never-married,Machine-op-inspct,Not-in-family,Amer-Indian-Eskimo,Female,62500,3593,94,Iran,0.487648,NEGATIVE
11,Federal-gov,11th,12,Never-married,Machine-op-inspct,Not-in-family,Amer-Indian-Eskimo,Male,62500,3593,94,Iran,0.519568,POSITIVE
11,Federal-gov,Assoc-voc,4,Never-married,Machine-op-inspct,Not-in-family,Amer-Indian-Eskimo,Female,62500,3593,94,Iran,0.484221,NEGATIVE
11,Federal-gov,Assoc-voc,4,Never-married,Machine-op-inspct,Not-in-family,Amer-Indian-Eskimo,Male,62500,3593,94,Iran,0.516142,POSITIVE
13,Private,Bachelors,1,Married-civ-spouse,Tech-support,Wife,White,Female,52500,3375,76,Italy,0.480283,NEGATIVE
13,Private,Bachelors,1,Married-civ-spouse,Tech-support,Wife,White,Male,52500,3375,76,Italy,0.512203,POSITIVE
10,Self-emp-not-inc,Some-college,10,Divorced,Sales,Own-child,Asian-Pac-Islander,Female,57500,4029,78,Poland,0.479763,NEGATIVE
10,Self-emp-not-inc,Some-college,10,Divorced,Sales,Own-child,Asian-Pac-Islander,Male,57500,4029,78,Poland,0.511682,POSITIVE
10,Self-emp-not-inc,Some-college,2,Divorced,Sales,Own-child,Asian-Pac-Islander,Female,57500,3593,78,Poland,0.493153,NEGATIVE
10,Self-emp-not-inc,Some-college,2,Divorced,Sales,Own-child,Asian-Pac-Islander,Male,57500,3593,78,Poland,0.525063,POSITIVE
13,Private,Bachelors,1,Widowed,Tech-support,Wife,White,Female,52500,3375,76,China,0.490702,NEGATIVE
13,Private,Bachelors,1,Widowed,Tech-support,Wife,White,Male,52500,3375,76,China,0.522618,POSITIVE
10,Self-emp-not-inc,Some-college,10,Widowed,Sales,Own-child,Asian-Pac-Islander,Female,57500,4029,78,Cuba,0.470691,NEGATIVE
10,Self-emp-not-inc,Some-college,10,Widowed,Sales,Own-child,Asian-Pac-Islander,Male,57500,4029,78,Cuba,0.502589,POSITIVE
10,Self-emp-not-inc,Some-college,2,Widowed,Sales,Own-child,Asian-Pac-Islander,Female,57500,3593,78,Cuba,0.484063,NEGATIVE
10,Self-emp-not-inc,Some-college,2,Widowed,Sales,Own-child,Asian-Pac-Islander,Male,57500,3593,78,Cuba,0.515984,POSITIVE
13,Self-emp-not-inc,Some-college,3,Divorced,Sales,Own-child,Asian-Pac-Islander,Female,57500,3593,78,Cuba,0.489462,NEGATIVE
13,Self-emp-not-inc,Some-college,3,Divorced,Sales,Own-child,Asian-Pac-Islander,Male,57500,3593,78,Cuba,0.521380,POSITIVE
10,Self-emp-inc,Assoc-acdm,11,Divorced,Exec-managerial,Own-child,Asian-Pac-Islander,Female,57500,4029,79,Cuba,0.469548,NEGATIVE
10,Self-emp-inc,Assoc-acdm,11,Divorced,Exec-managerial,Own-child,Asian-Pac-Islander,Male,57500,4029,79,Cuba,0.501443,POSITIVE
10,Private,7th-8th,1,Married-civ-spouse,Tech-support,Wife,White,Female,77500,2940,89,China,0.476370,NEGATIVE
10,Private,7th-8th,1,Married-civ-spouse,Tech-support,Wife,White,Male,77500,2940,89,China,0.508284,POSITIVE
10,Private,7th-8th,1,Widowed,Tech-support,Wife,White,Female,52500,2940,89,China,0.473799,NEGATIVE
10,Private,7th-8th,1,Widowed,Tech-support,Wife,White,Male,52500,2940,89,China,0.505707,POSITIVE
10,Self-emp-not-inc,12th,2,Divorced,Sales,Own-child,Asian-Pac-Islander,Female,57500,2940,91,Cuba,0.493875,NEGATIVE
10,Self-emp-not-inc,12th,2,Divorced,Sales,Own-child,Asian-Pac-Islander,Male,57500,2940,91,Cuba,0.525784,POSITIVE
10,Private,Prof-school,9,Married-civ-spouse,Tech-support,Wife,White,Female,77500,2940,89,China,0.479793,NEGATIVE
10,Private,Prof-school,9,Married-civ-spouse,Tech-support,Wife,White,Male,77500,2940,89,China,0.511712,POSITIVE
10,Self-emp-not-inc,Some-college,1,Married-civ-spouse,Craft-repair,Wife,White,Female,77500,2286,90,China,0.491267,NEGATIVE
10,Self-emp-not-inc,Some-college,1,Married-civ-spouse,Craft-repair,Wife,White,Male,77500,2286,90,China,0.523182,POSITIVE
13,Self-emp-not-inc,Bachelors,1,Married-civ-spouse,Craft-repair,Wife,White,Female,52500,2940,90,Italy,0.494120,NEGATIVE
13,Self-emp-not-inc,Bachelors,1,Married-civ-spouse,Craft-repair,Wife,White,Male,52500,2940,90,Italy,0.526029,POSITIVE
10,Self-emp-not-inc,Some-college,1,Married-civ-spouse,Craft-repair,Wife,White,Female,52500,2286,90,Italy,0.478274,NEGATIVE
10,Self-emp-not-inc,Some-college,1,Married-civ-spouse,Craft-repair,Wife,White,Male,52500,2286,90,Italy,0.510191,POSITIVE
13,Self-emp-not-inc,Bachelors,1,Widowed,Craft-repair,Wife,White,Female,52500,2940,90,China,0.494787,NEGATIVE
13,Self-emp-not-inc,Bachelors,1,Widowed,Craft-repair,Wife,White,Male,52500,2940,90,China,0.526693,POSITIVE
10,Private,Prof-school,9,Widowed,Tech-support,Wife,White,Female,52500,2940,89,China,0.477220,NEGATIVE
10,Private,Prof-school,9,Widowed,Tech-support,Wife,White,Male,52500,2940,89,China,0.509136,POSITIVE
10,Self-emp-not-inc,Some-college,1,Widowed,Craft-repair,Wife,White,Female,52500,2286,90,China,0.478940,NEGATIVE
10,Self-emp-not-inc,Some-college,1,Widowed,Craft-repair,Wife,White,Male,52500,2286,90,China,0.510858,POSITIVE
13,Private,Bachelors,9,Married-civ-spouse,Tech-support,Wife,White,Female,52500,2286,89,China,0.495396,NEGATIVE
13,Private,Bachelors,9,Married-civ-spouse,Tech-support,Wife,White,Male,52500,2286,89,China,0.527301,POSITIVE
13,Self-emp-inc,Some-college,3,Divorced,Exec-managerial,Own-child,Asian-Pac-Islander,Female,57500,2940,92,Cuba,0.476825,NEGATIVE
13,Self-emp-inc,Some-college,3,Divorced,Exec-managerial,Own-child,Asian-Pac-Islander,Male,57500,2940,92,Cuba,0.508740,POSITIVE
13,Private,Prof-school,1,Married-civ-spouse,Tech-support,Wife,White,Female,52500,2286,89,China,0.491967,NEGATIVE
13,Private,Prof-school,1,Married-civ-spouse,Tech-support,Wife,White,Male,52500,2286,89,China,0.523880,POSITIVE
13,Self-emp-not-inc,Bachelors,1,Married-civ-spouse,Craft-repair,Wife,White,Female,52500,2940,77,China,0.492031,NEGATIVE
13,Self-emp-not-inc,Bachelors,1,Married-civ-spouse,Craft-repair,Wife,White,Male,52500,2940,77,China,0.523944,POSITIVE
10,Self-emp-not-inc,Some-college,1,Married-civ-spouse,Craft-repair,Wife,White,Female,52500,2286,77,China,0.476189,NEGATIVE
10,Self-emp-not-inc,Some-college,1,Married-civ-spouse,Craft-repair,Wife,White,Male,52500,2286,77,China,0.508102,POSITIVE
10,Self-emp-not-inc,12th,1,Married-civ-spouse,Craft-repair,Wife,White,Female,52500,4029,65,China,0.487647,NEGATIVE
10,Self-emp-not-inc,12th,1,Married-civ-spouse,Craft-repair,Wife,White,Male,52500,4029,65,China,0.519567,POSITIVE
13,Self-emp-not-inc,Some-college,2,Divorced,Sales,Own-child,Asian-Pac-Islander,Female,57500,4029,66,Cuba,0.494498,NEGATIVE
13,Self-emp-not-inc,Some-college,2,Divorced,Sales,Own-child,Asian-Pac-Islander,Male,57500,4029,66,Cuba,0.526405,POSITIVE
10,Self-emp-not-inc,Some-college,2,Divorced,Sales,Own-child,Asian-Pac-Islander,Female,57500,3593,66,Cuba,0.470588,NEGATIVE
10,Self-emp-not-inc,Some-college,2,Divorced,Sales,Own-child,Asian-Pac-Islander,Male,57500,3593,66,Cuba,0.502486,POSITIVE
19,Private,7th-8th,1,Married-civ-spouse,Tech-support,Wife,White,Female,52500,3375,89,Outlying-US(Guam-USVI-etc),0.473391,NEGATIVE
19,Private,7th-8th,1,Married-civ-spouse,Tech-support,Wife,White,Male,52500,3375,89,Outlying-US(Guam-USVI-etc),0.505298,POSITIVE
16,Self-emp-not-inc,12th,10,Divorced,Sales,Own-child,Asian-Pac-Islander,Female,57500,4029,91,India,0.478717,NEGATIVE
16,Self-emp-not-inc,12th,10,Divorced,Sales,Own-child,Asian-Pac-Islander,Male,57500,4029,91,India,0.510635,POSITIVE
16,Self-emp-not-inc,12th,2,Divorced,Sales,Own-child,Asian-Pac-Islander,Female,57500,3593,91,India,0.492105,NEGATIVE
16,Self-emp-not-inc,12th,2,Divorced,Sales,Own-child,Asian-Pac-Islander,Male,57500,3593,91,India,0.524018,POSITIVE
16,Private,7th-8th,1,Widowed,Tech-support,Wife,White,Female,77500,3375,89,United-States,0.473038,NEGATIVE
16,Private,7th-8th,1,Widowed,Tech-support,Wife,White,Male,77500,3375,89,United-States,0.504944,POSITIVE
19,Self-emp-not-inc,12th,2,Divorced,Sales,Own-child,Asian-Pac-Islander,Female,82500,4029,91,Cambodia,0.468292,NEGATIVE
19,Self-emp-not-inc,12th,2,Divorced,Sales,Own-child,Asian-Pac-Islander,Male,82500,4029,91,Cambodia,0.500181,POSITIVE
16,Self-emp-not-inc,12th,3,Divorced,Sales,Own-child,Asian-Pac-Islander,Female,82500,3593,91,Cambodia,0.492832,NEGATIVE
16,Self-emp-not-inc,12th,3,Divorced,Sales,Own-child,Asian-Pac-Islander,Male,82500,3593,91,Cambodia,0.524743,POSITIVE
19,Private,7th-8th,1,Married-civ-spouse,Tech-support,Wife,White,Female,77500,4029,76,United-States,0.471232,NEGATIVE
19,Private,7th-8th,1,Married-civ-spouse,Tech-support,Wife,White,Male,77500,4029,76,United-States,0.503132,POSITIVE
17,Self-emp-inc,Masters,5,Never-married,Exec-managerial,Own-child,Asian-Pac-Islander,Female,57500,3593,92,Cambodia,0.491132,NEGATIVE
17,Self-emp-inc,Masters,5,Never-married,Exec-managerial,Own-child,Asian-Pac-Islander,Male,57500,3593,92,Cambodia,0.523047,POSITIVE
19,Private,7th-8th,1,Widowed,Tech-support,Wife,White,Female,52500,4029,76,United-States,0.468663,NEGATIVE
19,Private,7th-8th,1,Widowed,Tech-support,Wife,White,Male,52500,4029,76,United-States,0.500554,POSITIVE
16,Self-emp-not-inc,12th,2,Widowed,Sales,Own-child,Asian-Pac-Islander,Female,57500,4029,78,Cambodia,0.493347,NEGATIVE
16,Self-emp-not-inc,12th,2,Widowed,Sales,Own-child,Asian-Pac-Islander,Male,57500,4029,78,Cambodia,0.525257,POSITIVE
19,Self-emp-not-inc,12th,2,Divorced,Sales,Own-child,Asian-Pac-Islander,Female,57500,4029,78,Cambodia,0.498064,NEGATIVE
19,Self-emp-not-inc,12th,2,Divorced,Sales,Own-child,Asian-Pac-Islander,Male,57500,4029,78,Cambodia,0.529960,POSITIVE
16,Self-emp-not-inc,12th,3,Divorced,Sales,Own-child,Asian-Pac-Islander,Female,57500,3593,78,Cambodia,0.474827,NEGATIVE
16,Self-emp-not-inc,12th,3,Divorced,Sales,Own-child,Asian-Pac-Islander,Male,57500,3593,78,Cambodia,0.506738,POSITIVE
16,Self-emp-not-inc,Some-college,2,Widowed,Sales,Own-child,Asian-Pac-Islander,Female,82500,4029,91,India,0.473832,NEGATIVE
16,Self-emp-not-inc,Some-college,2,Widowed,Sales,Own-child,Asian-Pac-Islander,Male,82500,4029,91,India,0.505740,POSITIVE
19,Self-emp-not-inc,Bachelors,9,Married-civ-spouse,Craft-repair,Wife,White,Female,77500,4029,90,Outlying-US(Guam-USVI-etc),0.491956,NEGATIVE
19,Self-emp-not-inc,Bachelors,9,Married-civ-spouse,Craft-repair,Wife,White,Male,77500,4029,90,Outlying-US(Guam-USVI-etc),0.523869,POSITIVE
19,Self-emp-not-inc,Some-college,2,Divorced,Sales,Own-child,Asian-Pac-Islander,Female,82500,4029,91,India,0.478539,NEGATIVE
19,Self-emp-not-inc,Some-college,2,Divorced,Sales,Own-child,Asian-Pac-Islander,Male,82500,4029,91,India,0.510456,POSITIVE
16,Self-emp-not-inc,Some-college,9,Married-civ-spouse,Craft-repair,Wife,White,Female,77500,3375,90,Outlying-US(Guam-USVI-etc),0.476114,NEGATIVE
16,Self-emp-not-inc,Some-college,9,Married-civ-spouse,Craft-repair,Wife,White,Male,77500,3375,90,Outlying-US(Guam-USVI-etc),0.508028,POSITIVE
16,Self-emp-not-inc,Prof-school,1,Married-civ-spouse,Craft-repair,Wife,White,Female,77500,3375,90,Outlying-US(Guam-USVI-etc),0.470118,NEGATIVE
16,Self-emp-not-inc,Prof-school,1,Married-civ-spouse,Craft-repair,Wife,White,Male,77500,3375,90,Outlying-US(Guam-USVI-etc),0.502014,POSITIVE
16,Self-emp-not-inc,Some-college,2,Divorced,Sales,Own-child,Asian-Pac-Islander,Female,82500,4029,78,India,0.477898,NEGATIVE
16,Self-emp-not-inc,Some-college,2,Divorced,Sales,Own-child,Asian-Pac-Islander,Male,82500,4029,78,India,0.509815,POSITIVE
16,Self-emp-not-inc,Some-college,3,Widowed,Sales,Own-child,Asian-Pac-Islander,Female,57500,3593,91,India,0.498730,NEGATIVE
16,Self-emp-not-inc,Some-college,3,Widowed,Sales,Own-child,Asian-Pac-Islander,Male,57500,3593,91,India,0.530623,POSITIVE
19,Private,Prof-school,9,Married-civ-spouse,Tech-support,Wife,White,Female,52500,3375,89,Outlying-US(Guam-USVI-etc),0.476812,NEGATIVE
19,Private,Prof-school,9,Married-civ-spouse,Tech-support,Wife,White,Male,52500,3375,89,Outlying-US(Guam-USVI-etc),0.508727,POSITIVE
19,Self-emp-inc,HS-grad,3,Divorced,Prof-specialty,Husband,Amer-Indian-Eskimo,Female,62500,4029,93,Japan,0.496047,NEGATIVE
19,Self-emp-inc,HS-grad,3,Divorced,Prof-specialty,Husband,Amer-Indian-Eskimo,Male,62500,4029,93,Japan,0.527951,POSITIVE
17,Federal-gov,11th,12,Never-married,Machine-op-inspct,Not-in-family,Amer-Indian-Eskimo,Female,62500,4247,94,Japan,0.496543,NEGATIVE
17,Federal-gov,11th,12,Never-married,Machine-op-inspct,Not-in-family,Amer-Indian-Eskimo,Male,62500,4247,94,Japan,0.528445,POSITIVE
16,Self-emp-inc,11th,11,Divorced,Exec-managerial,Own-child,Asian-Pac-Islander,Female,57500,3593,92,India,0.493618,NEGATIVE
16,Self-emp-inc,11th,11,Divorced,Exec-managerial,Own-child,Asian-Pac-Islander,Male,57500,3593,92,India,0.525528,POSITIVE
17,Federal-gov,Assoc-voc,4,Never-married,Machine-op-inspct,Not-in-family,Amer-Indian-Eskimo,Female,62500,4247,94,Japan,0.493114,NEGATIVE
17,Federal-gov,Assoc-voc,4,Never-married,Machine-op-inspct,Not-in-family,Amer-Indian-Eskimo,Male,62500,4247,94,Japan,0.525024,POSITIVE
19,Self-emp-not-inc,Bachelors,9,Married-civ-spouse,Craft-repair,Wife,White,Female,52500,4029,77,Outlying-US(Guam-USVI-etc),0.476876,NEGATIVE
19,Self-emp-not-inc,Bachelors,9,Married-civ-spouse,Craft-repair,Wife,White,Male,52500,4029,77,Outlying-US(Guam-USVI-etc),0.508791,POSITIVE
19,Self-emp-not-inc,Prof-school,1,Married-civ-spouse,Craft-repair,Wife,White,Female,52500,4029,77,Outlying-US(Guam-USVI-etc),0.473455,NEGATIVE
19,Self-emp-not-inc,Prof-school,1,Married-civ-spouse,Craft-repair,Wife,White,Male,52500,4029,77,Outlying-US(Guam-USVI-etc),0.505362,POSITIVE
16,Self-emp-not-inc,Some-college,9,Married-civ-spouse,Craft-repair,Wife,White,Female,52500,3375,77,Outlying-US(Guam-USVI-etc),0.482343,NEGATIVE
16,Self-emp-not-inc,Some-college,9,Married-civ-spouse,Craft-repair,Wife,White,Male,52500,3375,77,Outlying-US(Guam-USVI-etc),0.514265,POSITIVE
19,Private,Prof-school,9,Widowed,Tech-support,Wife,White,Female,77500,4029,89,United-States,0.484223,NEGATIVE
19,Private,Prof-school,9,Widowed,Tech-support,Wife,White,Male,77500,4029,89,United-States,0.516144,POSITIVE
19,Self-emp-not-inc,Some-college,1,Widowed,Craft-repair,Wife,White,Female,77500,3375,90,United-States,0.493541,NEGATIVE
19,Self-emp-not-inc,Some-college,1,Widowed,Craft-repair,Wife,White,Male,77500,3375,90,United-States,0.525451,POSITIVE
16,Private,Prof-school,9,Widowed,Tech-support,Wife,White,Female,77500,3375,89,United-States,0.476459,NEGATIVE
16,Private,Prof-school,9,Widowed,Tech-support,Wife,White,Male,77500,3375,89,United-States,0.508373,POSITIVE
16,Self-emp-inc,HS-grad,3,Married-spouse-absent,Prof-specialty,Husband,Amer-Indian-Eskimo,Female,87500,4029,93,England,0.487052,NEGATIVE
16,Self-emp-inc,HS-grad,3,Married-spouse-absent,Prof-specialty,Husband,Amer-Indian-Eskimo,Male,87500,4029,93,England,0.518973,POSITIVE
19,Self-emp-inc,11th,11,Divorced,Exec-managerial,Own-child,Asian-Pac-Islander,Female,82500,4029,92,Cambodia,0.493199,NEGATIVE
19,Self-emp-inc,11th,11,Divorced,Exec-managerial,Own-child,Asian-Pac-Islander,Male,82500,4029,92,Cambodia,0.525110,POSITIVE
19,Self-emp-inc,11th,3,Divorced,Exec-managerial,Own-child,Asian-Pac-Islander,Female,82500,3593,92,Cambodia,0.474618,NEGATIVE
19,Self-emp-inc,11th,3,Divorced,Exec-managerial,Own-child,Asian-Pac-Islander,Male,82500,3593,92,Cambodia,0.506528,POSITIVE
17,Federal-gov,11th,12,Never-married,Machine-op-inspct,Not-in-family,Amer-Indian-Eskimo,Female,87500,4247,94,Puerto-Rico,0.471577,NEGATIVE
17,Federal-gov,11th,12,Never-married,Machine-op-inspct,Not-in-family,Amer-Indian-Eskimo,Male,87500,4247,94,Puerto-Rico,0.503479,POSITIVE
17,Federal-gov,Assoc-voc,4,Never-married,Machine-op-inspct,Not-in-family,Amer-Indian-Eskimo,Female,87500,4247,94,Puerto-Rico,0.468160,NEGATIVE
17,Federal-gov,Assoc-voc,4,Never-married,Machine-op-inspct,Not-in-family,Amer-Indian-Eskimo,Male,87500,4247,94,Puerto-Rico,0.500049,POSITIVE
17,Federal-gov,11th,4,Never-married,Machine-op-inspct,Not-in-family,Amer-Indian-Eskimo,Female,87500,3593,94,Puerto-Rico,0.495614,NEGATIVE
17,Federal-gov,11th,4,Never-married,Machine-op-inspct,Not-in-family,Amer-Indian-Eskimo,Male,87500,3593,94,Puerto-Rico,0.527519,POSITIVE
16,Self-emp-not-inc,Some-college,9,Widowed,Craft-repair,Wife,White,Female,77500,4029,77,United-States,0.498265,NEGATIVE
16,Self-emp-not-inc,Some-college,9,Widowed,Craft-repair,Wife,White,Male,77500,4029,77,United-States,0.530160,POSITIVE
16,Self-emp-not-inc,Prof-school,1,Widowed,Craft-repair,Wife,White,Female,77500,4029,77,United-States,0.470948,NEGATIVE
16,Self-emp-not-inc,Prof-school,1,Widowed,Craft-repair,Wife,White,Male,77500,4029,77,United-States,0.502847,POSITIVE
19,Private,Prof-school,9,Married-civ-spouse,Tech-support,Wife,White,Female,77500,4029,76,United-States,0.474651,NEGATIVE
19,Private,Prof-school,9,Married-civ-spouse,Tech-support,Wife,White,Male,77500,4029,76,United-States,0.506561,POSITIVE
19,Self-emp-not-inc,Some-college,1,Married-civ-spouse,Craft-repair,Wife,White,Female,77500,3375,77,United-States,0.490786,NEGATIVE
19,Self-emp-not-inc,Some-college,1,Married-civ-spouse,Craft-repair,Wife,White,Male,77500,3375,77,United-States,0.522701,POSITIVE
16,Self-emp-inc,Assoc-acdm,11,Married-spouse-absent,Prof-specialty,Husband,Amer-Indian-Eskimo,Female,62500,4029,93,England,0.480173,NEGATIVE
16,Self-emp-inc,Assoc-acdm,11,Married-spouse-absent,Prof-specialty,Husband,Amer-Indian-Eskimo,Male,62500,4029,93,England,0.512092,POSITIVE
19,Self-emp-inc,Some-college,11,Divorced,Prof-specialty,Husband,Amer-Indian-Eskimo,Female,62500,3593,93,England,0.494728,NEGATIVE
19,Self-emp-inc,Some-college,11,Divorced,Prof-specialty,Husband,Amer-Indian-Eskimo,Male,62500,3593,93,England,0.526635,POSITIVE
20,Local-gov,Prof-school,5,Never-married,Adm-clerical,Not-in-family,Amer-Indian-Eskimo,Female,62500,4247,95,Puerto-Rico,0.496172,NEGATIVE
20,Local-gov,Prof-school,5,Never-married,Adm-clerical,Not-in-family,Amer-Indian-Eskimo,Male,62500,4247,95,Puerto-Rico,0.528075,POSITIVE
19,Self-emp-inc,Assoc-acdm,3,Divorced,Prof-specialty,Husband,Amer-Indian-Eskimo,Female,62500,3593,93,England,0.491299,NEGATIVE
19,Self-emp-inc,Assoc-acdm,3,Divorced,Prof-specialty,Husband,Amer-Indian-Eskimo,Male,62500,3593,93,England,0.523214,POSITIVE
17,Local-gov,Assoc-acdm,5,Never-married,Farming-fishing,Not-in-family,Other,Female,67500,4029,96,Puerto-Rico,0.477266,NEGATIVE
17,Local-gov,Assoc-acdm,5,Never-married,Farming-fishing,Not-in-family,Other,Male,67500,4029,96,Puerto-Rico,0.509182,POSITIVE
19,Private,Prof-school,9,Widowed,Tech-support,Wife,White,Female,52500,4029,76,United-States,0.472080,NEGATIVE
19,Private,Prof-school,9,Widowed,Tech-support,Wife,White,Male,52500,4029,76,United-States,0.503984,POSITIVE
19,Self-emp-not-inc,Some-college,1,Widowed,Craft-repair,Wife,White,Female,52500,3375,77,United-States,0.478458,NEGATIVE
19,Self-emp-not-inc,Some-college,1,Widowed,Craft-repair,Wife,White,Male,52500,3375,77,United-States,0.510376,POSITIVE
16,Self-emp-not-inc,Assoc-acdm,10,Widowed,Sales,Own-child,Asian-Pac-Islander,Female,57500,4029,78,Cambodia,0.496776,NEGATIVE
16,Self-emp-not-inc,Assoc-acdm,10,Widowed,Sales,Own-child,Asian-Pac-Islander,Male,57500,4029,78,Cambodia,0.528677,POSITIVE
16,Self-emp-inc,11th,3,Married-spouse-absent,Exec-managerial,Own-child,Asian-Pac-Islander,Female,57500,3593,79,Cambodia,0.487005,NEGATIVE
16,Self-emp-inc,11th,3,Married-spouse-absent,Exec-managerial,Own-child,Asian-Pac-Islander,Male,57500,3593,79,Cambodia,0.518925,POSITIVE
19,Self-emp-inc,11th,11,Divorced,Exec-managerial,Own-child,Asian-Pac-Islander,Female,57500,4029,79,Cambodia,0.472272,NEGATIVE
19,Self-emp-inc,11th,11,Divorced,Exec-managerial,Own-child,Asian-Pac-Islander,Male,57500,4029,79,Cambodia,0.504176,POSITIVE
16,Self-emp-inc,Assoc-acdm,11,Divorced,Prof-specialty,Husband,Amer-Indian-Eskimo,Female,62500,4029,80,England,0.497901,NEGATIVE
16,Self-emp-inc,Assoc-acdm,11,Divorced,Prof-specialty,Husband,Amer-Indian-Eskimo,Male,62500,4029,80,England,0.529797,POSITIVE
17,Federal-gov,Prof-school,4,Never-married,Machine-op-inspct,Not-in-family,Amer-Indian-Eskimo,Female,62500,3811,82,Puerto-Rico,0.481729,NEGATIVE
17,Federal-gov,Prof-school,4,Never-married,Machine-op-inspct,Not-in-family,Amer-Indian-Eskimo,Male,62500,3811,82,Puerto-Rico,0.513649,POSITIVE
16,Self-emp-not-inc,7th-8th,1,Married-civ-spouse,Craft-repair,Wife,White,Female,77500,2940,90,United-States,0.484876,NEGATIVE
16,Self-emp-not-inc,7th-8th,1,Married-civ-spouse,Craft-repair,Wife,White,Male,77500,2940,90,United-States,0.516797,POSITIVE
16,Self-emp-not-inc,12th,2,Divorced,Craft-repair,Wife,White,Female,52500,2286,90,United-States,0.490118,NEGATIVE
16,Self-emp-not-inc,12th,2,Divorced,Craft-repair,Wife,White,Male,52500,2286,90,United-States,0.522035,POSITIVE
16,Self-emp-not-inc,12th,1,Married-civ-spouse,Craft-repair,Wife,White,Female,52500,2940,77,United-States,0.493696,NEGATIVE
16,Self-emp-not-inc,12th,1,Married-civ-spouse,Craft-repair,Wife,White,Male,52500,2940,77,United-States,0.525606,POSITIVE
16,Self-emp-not-inc,Some-college,1,Married-civ-spouse,Craft-repair,Wife,White,Female,77500,2940,90,Outlying-US(Guam-USVI-etc),0.478841,NEGATIVE
16,Self-emp-not-inc,Some-college,1,Married-civ-spouse,Craft-repair,Wife,White,Male,77500,2940,90,Outlying-US(Guam-USVI-etc),0.510759,POSITIVE
16,Self-emp-not-inc,Some-college,10,Divorced,Sales,Own-child,Asian-Pac-Islander,Female,57500,2940,91,India,0.485864,NEGATIVE
16,Self-emp-not-inc,Some-college,10,Divorced,Sales,Own-child,Asian-Pac-Islander,Male,57500,2940,91,India,0.517785,POSITIVE
16,Self-emp-inc,11th,3,Divorced,Exec-managerial,Own-child,Asian-Pac-Islander,Female,57500,2940,92,India,0.496350,NEGATIVE
16,Self-emp-inc,11th,3,Divorced,Exec-managerial,Own-child,Asian-Pac-Islander,Male,57500,2940,92,India,0.528252,POSITIVE
16,Self-emp-not-inc,Some-college,10,Divorced,Sales,Own-child,Asian-Pac-Islander,Female,82500,2940,91,Cambodia,0.485905,NEGATIVE
16,Self-emp-not-inc,Some-college,10,Divorced,Sales,Own-child,Asian-Pac-Islander,Male,82500,2940,91,Cambodia,0.517826,POSITIVE
16,Self-emp-not-inc,Some-college,2,Divorced,Sales,Own-child,Asian-Pac-Islander,Female,82500,2504,91,Cambodia,0.499302,NEGATIVE
16,Self-emp-not-inc,Some-college,2,Divorced,Sales,Own-child,Asian-Pac-Islander,Male,82500,2504,91,Cambodia,0.531193,POSITIVE
16,Self-emp-not-inc,Prof-school,9,Widowed,Craft-repair,Wife,White,Female,52500,2940,90,United-States,0.475980,NEGATIVE
16,Self-emp-not-inc,Prof-school,9,Widowed,Craft-repair,Wife,White,Male,52500,2940,90,United-States,0.507893,POSITIVE
16,Self-emp-not-inc,Some-college,2,Widowed,Sales,Own-child,Asian-Pac-Islander,Female,57500,2504,91,Cambodia,0.477217,NEGATIVE
16,Self-emp-not-inc,Some-college,2,Widowed,Sales,Own-child,Asian-Pac-Islander,Male,57500,2504,91,Cambodia,0.509132,POSITIVE
19,Self-emp-not-inc,Some-college,3,Divorced,Sales,Own-child,Asian-Pac-Islander,Female,57500,2504,91,Cambodia,0.482611,NEGATIVE
19,Self-emp-not-inc,Some-college,3,Divorced,Sales,Own-child,Asian-Pac-Islander,Male,57500,2504,91,Cambodia,0.514532,POSITIVE
16,Self-emp-inc,Assoc-acdm,11,Divorced,Exec-managerial,Own-child,Asian-Pac-Islander,Female,57500,2940,92,Cambodia,0.473210,NEGATIVE
16,Self-emp-inc,Assoc-acdm,11,Divorced,Exec-managerial,Own-child,Asian-Pac-Islander,Male,57500,2940,92,Cambodia,0.505117,POSITIVE
17,Federal-gov,Prof-school,4,Never-married,Machine-op-inspct,Not-in-family,Amer-Indian-Eskimo,Female,62500,3158,94,Puerto-Rico,0.488877,NEGATIVE
17,Federal-gov,Prof-school,4,Never-married,Machine-op-inspct,Not-in-family,Amer-Indian-Eskimo,Male,62500,3158,94,Puerto-Rico,0.520795,POSITIVE
16,Self-emp-not-inc,Prof-school,9,Married-civ-spouse,Craft-repair,Wife,White,Female,52500,2940,77,United-States,0.473231,NEGATIVE
16,Self-emp-not-inc,Prof-school,9,Married-civ-spouse,Craft-repair,Wife,White,Male,52500,2940,77,United-States,0.505138,POSITIVE
16,Self-emp-not-inc,Some-college,2,Divorced,Sales,Own-child,Asian-Pac-Islander,Female,57500,2504,78,Cambodia,0.481285,NEGATIVE
16,Self-emp-not-inc,Some-college,2,Divorced,Sales,Own-child,Asian-Pac-Islander,Male,57500,2504,78,Cambodia,0.513206,POSITIVE
10,Self-emp-not-inc,12th,2,Widowed,Craft-repair,Wife,White,Female,77500,3375,90,Outlying-US(Guam-USVI-etc),0.493982,NEGATIVE
10,Self-emp-not-inc,12th,2,Widowed,Craft-repair,Wife,White,Male,77500,3375,90,Outlying-US(Guam-USVI-etc),0.525890,POSITIVE
13,Self-emp-not-inc,12th,10,Divorced,Sales,Own-child,Asian-Pac-Islander,Female,82500,4029,91,India,0.496088,NEGATIVE
13,Self-emp-not-inc,12th,10,Divorced,Sales,Own-child,Asian-Pac-Islander,Male,82500,4029,91,India,0.527991,POSITIVE
13,Self-emp-not-inc,Doctorate,2,Divorced,Sales,Own-child,Asian-Pac-Islander,Female,82500,4029,91,India,0.492659,NEGATIVE
13,Self-emp-not-inc,Doctorate,2,Divorced,Sales,Own-child,Asian-Pac-Islander,Male,82500,4029,91,India,0.524571,POSITIVE
10,Self-emp-inc,Masters,5,Divorced,Exec-managerial,Own-child,Asian-Pac-Islander,Female,82500,3593,92,India,0.475599,NEGATIVE
10,Self-emp-inc,Masters,5,Divorced,Exec-managerial,Own-child,Asian-Pac-Islander,Male,82500,3593,92,India,0.507511,POSITIVE
10,Self-emp-not-inc,12th,2,Married-civ-spouse,Craft-repair,Wife,White,Female,77500,3375,77,Outlying-US(Guam-USVI-etc),0.491226,NEGATIVE
10,Self-emp-not-inc,12th,2,Married-civ-spouse,Craft-repair,Wife,White,Male,77500,3375,77,Outlying-US(Guam-USVI-etc),0.523141,POSITIVE
13,Self-emp-not-inc,12th,10,Widowed,Sales,Own-child,Asian-Pac-Islander,Female,57500,4029,91,India,0.474011,NEGATIVE
13,Self-emp-not-inc,12th,10,Widowed,Sales,Own-child,Asian-Pac-Islander,Male,57500,4029,91,India,0.505919,POSITIVE
13,Self-emp-inc,Masters,3,Married-spouse-absent,Exec-managerial,Own-child,Asian-Pac-Islander,Female,57500,4029,92,India,0.474737,NEGATIVE
13,Self-emp-inc,Masters,3,Married-spouse-absent,Exec-managerial,Own-child,Asian-Pac-Islander,Male,57500,4029,92,India,0.506647,POSITIVE
10,Self-emp-inc,12th,11,Married-spouse-absent,Prof-specialty,Husband,Amer-Indian-Eskimo,Female,62500,4029,93,Japan,0.489372,NEGATIVE
10,Self-emp-inc,12th,11,Married-spouse-absent,Prof-specialty,Husband,Amer-Indian-Eskimo,Male,62500,4029,93,Japan,0.521290,POSITIVE
10,Self-emp-not-inc,12th,10,Widowed,Sales,Own-child,Asian-Pac-Islander,Female,57500,3375,91,India,0.492716,NEGATIVE
10,Self-emp-not-inc,12th,10,Widowed,Sales,Own-child,Asian-Pac-Islander,Male,57500,3375,91,India,0.524627,POSITIVE
10,Self-emp-inc,Doctorate,3,Married-spouse-absent,Prof-specialty,Husband,Amer-Indian-Eskimo,Female,62500,4029,93,Japan,0.485944,NEGATIVE
10,Self-emp-inc,Doctorate,3,Married-spouse-absent,Prof-specialty,Husband,Amer-Indian-Eskimo,Male,62500,4029,93,Japan,0.517865,POSITIVE
13,Self-emp-not-inc,10th,9,Married-civ-spouse,Craft-repair,Wife,White,Female,52500,3375,90,Outlying-US(Guam-USVI-etc),0.470296,NEGATIVE
13,Self-emp-not-inc,10th,9,Married-civ-spouse,Craft-repair,Wife,White,Male,52500,3375,90,Outlying-US(Guam-USVI-etc),0.502193,POSITIVE
11,Federal-gov,10th,8,Never-married,Machine-op-inspct,Not-in-family,Amer-Indian-Eskimo,Female,62500,3811,94,Japan,0.477635,NEGATIVE
11,Federal-gov,10th,8,Never-married,Machine-op-inspct,Not-in-family,Amer-Indian-Eskimo,Male,62500,3811,94,Japan,0.509551,POSITIVE
10,Self-emp-not-inc,12th,2,Widowed,Craft-repair,Wife,White,Female,52500,3375,77,Outlying-US(Guam-USVI-etc),0.478898,NEGATIVE
10,Self-emp-not-inc,12th,2,Widowed,Craft-repair,Wife,White,Male,52500,3375,77,Outlying-US(Guam-USVI-etc),0.510816,POSITIVE
13,Self-emp-not-inc,12th,10,Divorced,Sales,Own-child,Asian-Pac-Islander,Female,57500,4029,78,India,0.478077,NEGATIVE
13,Self-emp-not-inc,12th,10,Divorced,Sales,Own-child,Asian-Pac-Islander,Male,57500,4029,78,India,0.509994,POSITIVE
13,Self-emp-inc,Masters,3,Divorced,Exec-managerial,Own-child,Asian-Pac-Islander,Female,57500,4029,79,India,0.485626,NEGATIVE
13,Self-emp-inc,Masters,3,Divorced,Exec-managerial,Own-child,Asian-Pac-Islander,Male,57500,4029,79,India,0.517547,POSITIVE
10,Self-emp-not-inc,12th,10,Divorced,Sales,Own-child,Asian-Pac-Islander,Female,57500,3375,78,India,0.496791,NEGATIVE
10,Self-emp-not-inc,12th,10,Divorced,Sales,Own-child,Asian-Pac-Islander,Male,57500,3375,78,India,0.528691,POSITIVE
11,Self-emp-inc,1st-4th,6,Never-married,Prof-specialty,Husband,Amer-Indian-Eskimo,Female,87500,3811,93,England,0.495747,NEGATIVE
11,Self-emp-inc,1st-4th,6,Never-married,Prof-specialty,Husband,Amer-Indian-Eskimo,Male,87500,3811,93,England,0.527651,POSITIVE
10,Self-emp-not-inc,12th,10,Widowed,Sales,Own-child,Asian-Pac-Islander,Female,82500,4029,78,Cambodia,0.473412,NEGATIVE
10,Self-emp-not-inc,12th,10,Widowed,Sales,Own-child,Asian-Pac-Islander,Male,82500,4029,78,Cambodia,0.505319,POSITIVE
10,Self-emp-inc,Masters,3,Married-spouse-absent,Exec-managerial,Own-child,Asian-Pac-Islander,Female,82500,4029,79,Cambodia,0.478798,NEGATIVE
10,Self-emp-inc,Masters,3,Married-spouse-absent,Exec-managerial,Own-child,Asian-Pac-Islander,Male,82500,4029,79,Cambodia,0.510716,POSITIVE
13,Self-emp-not-inc,12th,10,Divorced,Sales,Own-child,Asian-Pac-Islander,Female,82500,4029,78,Cambodia,0.478118,NEGATIVE
13,Self-emp-not-inc,12th,10,Divorced,Sales,Own-child,Asian-Pac-Islander,Male,82500,4029,78,Cambodia,0.510035,POSITIVE
13,Self-emp-not-inc,12th,2,Divorced,Sales,Own-child,Asian-Pac-Islander,Female,82500,3593,78,Cambodia,0.491505,NEGATIVE
13,Self-emp-not-inc,12th,2,Divorced,Sales,Own-child,Asian-Pac-Islander,Male,82500,3593,78,Cambodia,0.523419,POSITIVE
10,Self-emp-inc,12th,11,Divorced,Prof-specialty,Husband,Amer-Indian-Eskimo,Female,87500,4029,80,England,0.474533,NEGATIVE
10,Self-emp-inc,12th,11,Divorced,Prof-specialty,Husband,Amer-Indian-Eskimo,Male,87500,4029,80,England,0.506443,POSITIVE
10,Self-emp-inc,Doctorate,3,Divorced,Prof-specialty,Husband,Amer-Indian-Eskimo,Female,87500,4029,80,England,0.471114,NEGATIVE
10,Self-emp-inc,Doctorate,3,Divorced,Prof-specialty,Husband,Amer-Indian-Eskimo,Male,87500,4029,80,England,0.503014,POSITIVE
13,Self-emp-inc,1st-4th,11,Married-spouse-absent,Prof-specialty,Husband,Amer-Indian-Eskimo,Female,62500,4029,93,England,0.487232,NEGATIVE
13,Self-emp-inc,1st-4th,11,Married-spouse-absent,Prof-specialty,Husband,Amer-Indian-Eskimo,Male,62500,4029,93,England,0.519152,POSITIVE
13,Self-emp-inc,Doctorate,3,Married-spouse-absent,Exec-managerial,Own-child,Asian-Pac-Islander,Female,57500,3593,92,Cambodia,0.496953,NEGATIVE
13,Self-emp-inc,Doctorate,3,Married-spouse-absent,Exec-managerial,Own-child,Asian-Pac-Islander,Male,57500,3593,92,Cambodia,0.528854,POSITIVE
11,Federal-gov,5th-6th,12,Married-spouse-absent,Machine-op-inspct,Not-in-family,Amer-Indian-Eskimo,Female,62500,4247,94,Puerto-Rico,0.482142,NEGATIVE
11,Federal-gov,5th-6th,12,Married-spouse-absent,Machine-op-inspct,Not-in-family,Amer-Indian-Eskimo,Male,62500,4247,94,Puerto-Rico,0.514063,POSITIVE
14,Federal-gov,5th-6th,12,Never-married,Machine-op-inspct,Not-in-family,Amer-Indian-Eskimo,Female,62500,4247,94,Puerto-Rico,0.468338,NEGATIVE
14,Federal-gov,5th-6th,12,Never-married,Machine-op-inspct,Not-in-family,Amer-Indian-Eskimo,Male,62500,4247,94,Puerto-Rico,0.500228,POSITIVE
14,Federal-gov,Masters,12,Never-married,Machine-op-inspct,Not-in-family,Amer-Indian-Eskimo,Female,62500,3593,94,Puerto-Rico,0.495793,NEGATIVE
14,Federal-gov,Masters,12,Never-married,Machine-op-inspct,Not-in-family,Amer-Indian-Eskimo,Male,62500,3593,94,Puerto-Rico,0.527697,POSITIVE
14,Federal-gov,5th-6th,4,Never-married,Machine-op-inspct,Not-in-family,Amer-Indian-Eskimo,Female,62500,3593,94,Puerto-Rico,0.492364,NEGATIVE
14,Federal-gov,5th-6th,4,Never-married,Machine-op-inspct,Not-in-family,Amer-Indian-Eskimo,Male,62500,3593,94,Puerto-Rico,0.524277,POSITIVE
11,Local-gov,Doctorate,11,Never-married,Farming-fishing,Not-in-family,Other,Female,67500,4029,96,Puerto-Rico,0.469901,NEGATIVE
11,Local-gov,Doctorate,11,Never-married,Farming-fishing,Not-in-family,Other,Male,67500,4029,96,Puerto-Rico,0.501796,POSITIVE
11,Self-emp-inc,1st-4th,6,Never-married,Prof-specialty,Husband,Amer-Indian-Eskimo,Female,62500,3811,80,England,0.471892,NEGATIVE
11,Self-emp-inc,1st-4th,6,Never-married,Prof-specialty,Husband,Amer-Indian-Eskimo,Male,62500,3811,80,England,0.503794,POSITIVE
13,Self-emp-not-inc,Some-college,3,Widowed,Sales,Own-child,Asian-Pac-Islander,Female,82500,3593,91,India,0.498391,NEGATIVE
13,Self-emp-not-inc,Some-college,3,Widowed,Sales,Own-child,Asian-Pac-Islander,Male,82500,3593,91,India,0.530286,POSITIVE
10,Self-emp-inc,HS-grad,11,Married-spouse-absent,Prof-specialty,Husband,Amer-Indian-Eskimo,Female,87500,4029,93,Japan,0.499687,NEGATIVE
10,Self-emp-inc,HS-grad,11,Married-spouse-absent,Prof-specialty,Husband,Amer-Indian-Eskimo,Male,87500,4029,93,Japan,0.531577,POSITIVE
13,Self-emp-inc,11th,11,Divorced,Exec-managerial,Own-child,Asian-Pac-Islander,Female,82500,3593,92,India,0.494834,NEGATIVE
13,Self-emp-inc,11th,11,Divorced,Exec-managerial,Own-child,Asian-Pac-Islander,Male,82500,3593,92,India,0.526741,POSITIVE
13,Self-emp-inc,Assoc-acdm,3,Divorced,Exec-managerial,Own-child,Asian-Pac-Islander,Female,82500,3593,92,India,0.483658,NEGATIVE
13,Self-emp-inc,Assoc-acdm,3,Divorced,Exec-managerial,Own-child,Asian-Pac-Islander,Male,82500,3593,92,India,0.515579,POSITIVE
11,Federal-gov,Assoc-voc,12,Never-married,Machine-op-inspct,Not-in-family,Amer-Indian-Eskimo,Female,87500,4247,94,Japan,0.473179,NEGATIVE
11,Federal-gov,Assoc-voc,12,Never-married,Machine-op-inspct,Not-in-family,Amer-Indian-Eskimo,Male,87500,4247,94,Japan,0.505086,POSITIVE
11,Federal-gov,Assoc-voc,4,Never-married,Machine-op-inspct,Not-in-family,Amer-Indian-Eskimo,Female,87500,3593,94,Japan,0.497222,NEGATIVE
11,Federal-gov,Assoc-voc,4,Never-married,Machine-op-inspct,Not-in-family,Amer-Indian-Eskimo,Male,87500,3593,94,Japan,0.529121,POSITIVE
10,Self-emp-not-inc,Some-college,10,Widowed,Sales,Own-child,Asian-Pac-Islander,Female,82500,4029,78,India,0.483669,NEGATIVE
10,Self-emp-not-inc,Some-college,10,Widowed,Sales,Own-child,Asian-Pac-Islander,Male,82500,4029,78,India,0.515590,POSITIVE
10,Self-emp-not-inc,Some-college,2,Widowed,Sales,Own-child,Asian-Pac-Islander,Female,82500,3593,78,India,0.497064,NEGATIVE
10,Self-emp-not-inc,Some-college,2,Widowed,Sales,Own-child,Asian-Pac-Islander,Male,82500,3593,78,India,0.528963,POSITIVE
13,Self-emp-not-inc,Some-college,2,Divorced,Sales,Own-child,Asian-Pac-Islander,Female,82500,3375,78,India,0.496612,NEGATIVE
13,Self-emp-not-inc,Some-college,2,Divorced,Sales,Own-child,Asian-Pac-Islander,Male,82500,3375,78,India,0.528513,POSITIVE
10,Self-emp-inc,Assoc-acdm,11,Divorced,Exec-managerial,Own-child,Asian-Pac-Islander,Female,82500,4029,79,India,0.482523,NEGATIVE
10,Self-emp-inc,Assoc-acdm,11,Divorced,Exec-managerial,Own-child,Asian-Pac-Islander,Male,82500,4029,79,India,0.514445,POSITIVE
11,Federal-gov,Prof-school,4,Never-married,Machine-op-inspct,Not-in-family,Amer-Indian-Eskimo,Female,87500,4247,82,Japan,0.477162,NEGATIVE
11,Federal-gov,Prof-school,4,Never-married,Machine-op-inspct,Not-in-family,Amer-Indian-Eskimo,Male,87500,4247,82,Japan,0.509078,POSITIVE
13,Self-emp-inc,HS-grad,6,Married-spouse-absent,Prof-specialty,Husband,Amer-Indian-Eskimo,Female,62500,3811,93,Japan,0.480918,NEGATIVE
13,Self-emp-inc,HS-grad,6,Married-spouse-absent,Prof-specialty,Husband,Amer-Indian-Eskimo,Male,62500,3811,93,Japan,0.512838,POSITIVE
11,Local-gov,Prof-school,13,Married-spouse-absent,Adm-clerical,Not-in-family,Amer-Indian-Eskimo,Female,62500,4247,95,Japan,0.497686,NEGATIVE
11,Local-gov,Prof-school,13,Married-spouse-absent,Adm-clerical,Not-in-family,Amer-Indian-Eskimo,Male,62500,4247,95,Japan,0.529583,POSITIVE
14,Local-gov,Prof-school,13,Never-married,Adm-clerical,Not-in-family,Amer-Indian-Eskimo,Female,62500,4247,95,Japan,0.493609,NEGATIVE
14,Local-gov,Prof-school,13,Never-married,Adm-clerical,Not-in-family,Amer-Indian-Eskimo,Male,62500,4247,95,Japan,0.525519,POSITIVE
14,State-gov,11th,6,Never-married,Transport-moving,Other-relative,Other,Female,67500,4247,97,Greece,0.470214,NEGATIVE
14,State-gov,11th,6,Never-married,Transport-moving,Other-relative,Other,Male,67500,4247,97,Greece,0.502111,POSITIVE
13,Self-emp-not-inc,Some-college,3,Widowed,Sales,Own-child,Asian-Pac-Islander,Female,57500,3593,78,India,0.480376,NEGATIVE
13,Self-emp-not-inc,Some-college,3,Widowed,Sales,Own-child,Asian-Pac-Islander,Male,57500,3593,78,India,0.512296,POSITIVE
10,Self-emp-inc,HS-grad,11,Married-spouse-absent,Prof-specialty,Husband,Amer-Indian-Eskimo,Female,62500,4029,80,Japan,0.475821,NEGATIVE
10,Self-emp-inc,HS-grad,11,Married-spouse-absent,Prof-specialty,Husband,Amer-Indian-Eskimo,Male,62500,4029,80,Japan,0.507734,POSITIVE
10,Self-emp-inc,Some-college,11,Married-spouse-absent,Exec-managerial,Own-child,Asian-Pac-Islander,Female,57500,3593,79,India,0.499488,NEGATIVE
10,Self-emp-inc,Some-college,11,Married-spouse-absent,Exec-managerial,Own-child,Asian-Pac-Islander,Male,57500,3593,79,India,0.531379,POSITIVE
11,Local-gov,11th,5,Married-spouse-absent,Adm-clerical,Not-in-family,Amer-Indian-Eskimo,Female,62500,4247,83,Japan,0.474850,NEGATIVE
11,Local-gov,11th,5,Married-spouse-absent,Adm-clerical,Not-in-family,Amer-Indian-Eskimo,Male,62500,4247,83,Japan,0.506761,POSITIVE
10,Self-emp-inc,Assoc-acdm,3,Married-spouse-absent,Exec-managerial,Own-child,Asian-Pac-Islander,Female,57500,3593,79,India,0.496058,NEGATIVE
10,Self-emp-inc,Assoc-acdm,3,Married-spouse-absent,Exec-managerial,Own-child,Asian-Pac-Islander,Male,57500,3593,79,India,0.527961,POSITIVE
13,Self-emp-inc,HS-grad,6,Divorced,Prof-specialty,Husband,Amer-Indian-Eskimo,Female,62500,3811,80,Japan,0.498647,NEGATIVE
13,Self-emp-inc,HS-grad,6,Divorced,Prof-specialty,Husband,Amer-Indian-Eskimo,Male,62500,3811,80,Japan,0.530542,POSITIVE
11,Federal-gov,Prof-school,12,Never-married,Machine-op-inspct,Not-in-family,Amer-Indian-Eskimo,Female,62500,3811,82,Japan,0.486761,NEGATIVE
11,Federal-gov,Prof-school,12,Never-married,Machine-op-inspct,Not-in-family,Amer-Indian-Eskimo,Male,62500,3811,82,Japan,0.518681,POSITIVE
11,Local-gov,Assoc-acdm,5,Never-married,Farming-fishing,Not-in-family,Other,Female,67500,4247,84,Greece,0.488810,NEGATIVE
11,Local-gov,Assoc-acdm,5,Never-married,Farming-fishing,Not-in-family,Other,Male,67500,4247,84,Greece,0.520729,POSITIVE
11,Federal-gov,Assoc-voc,4,Never-married,Machine-op-inspct,Not-in-family,Amer-Indian-Eskimo,Female,62500,3593,82,Japan,0.470442,NEGATIVE
11,Federal-gov,Assoc-voc,4,Never-married,Machine-op-inspct,Not-in-family,Amer-Indian-Eskimo,Male,62500,3593,82,Japan,0.502339,POSITIVE
12,Federal-gov,Prof-school,8,Married-spouse-absent,Machine-op-inspct,Not-in-family,Amer-Indian-Eskimo,Female,87500,3811,94,Puerto-Rico,0.479793,NEGATIVE
12,Federal-gov,Prof-school,8,Married-spouse-absent,Machine-op-inspct,Not-in-family,Amer-Indian-Eskimo,Male,87500,3811,94,Puerto-Rico,0.511712,POSITIVE
14,Local-gov,Prof-school,13,Never-married,Adm-clerical,Not-in-family,Amer-Indian-Eskimo,Female,87500,4247,95,Puerto-Rico,0.476231,NEGATIVE
14,Local-gov,Prof-school,13,Never-married,Adm-clerical,Not-in-family,Amer-Indian-Eskimo,Male,87500,4247,95,Puerto-Rico,0.508144,POSITIVE
13,Self-emp-inc,Assoc-acdm,11,Divorced,Prof-specialty,Husband,Amer-Indian-Eskimo,Female,87500,3593,93,England,0.471370,NEGATIVE
13,Self-emp-inc,Assoc-acdm,11,Divorced,Prof-specialty,Husband,Amer-Indian-Eskimo,Male,87500,3593,93,England,0.503271,POSITIVE
14,Local-gov,Prof-school,5,Never-married,Adm-clerical,Not-in-family,Amer-Indian-Eskimo,Female,87500,3593,95,Puerto-Rico,0.489615,NEGATIVE
14,Local-gov,Prof-school,5,Never-married,Adm-clerical,Not-in-family,Amer-Indian-Eskimo,Male,87500,3593,95,Puerto-Rico,0.521532,POSITIVE
13,Self-emp-inc,Some-college,11,Married-spouse-absent,Exec-managerial,Own-child,Asian-Pac-Islander,Female,82500,4029,79,Cambodia,0.499069,NEGATIVE
13,Self-emp-inc,Some-college,11,Married-spouse-absent,Exec-managerial,Own-child,Asian-Pac-Islander,Male,82500,4029,79,Cambodia,0.530961,POSITIVE
13,Self-emp-not-inc,Some-college,9,Widowed,Craft-repair,Wife,White,Female,77500,3375,77,United-States,0.479832,NEGATIVE
13,Self-emp-not-inc,Some-college,9,Widowed,Craft-repair,Wife,White,Male,77500,3375,77,United-States,0.511751,POSITIVE
13,Self-emp-inc,Assoc-acdm,3,Married-spouse-absent,Exec-managerial,Own-child,Asian-Pac-Islander,Female,82500,4029,79,Cambodia,0.495639,NEGATIVE
13,Self-emp-inc,Assoc-acdm,3,Married-spouse-absent,Exec-managerial,Own-child,Asian-Pac-Islander,Male,82500,4029,79,Cambodia,0.527543,POSITIVE
10,Self-emp-inc,HS-grad,6,Married-spouse-absent,Prof-specialty,Husband,Amer-Indian-Eskimo,Female,87500,3811,80,England,0.489651,NEGATIVE
10,Self-emp-inc,HS-grad,6,Married-spouse-absent,Prof-specialty,Husband,Amer-Indian-Eskimo,Male,87500,3811,80,England,0.521568,POSITIVE
13,Self-emp-inc,11th,11,Divorced,Exec-managerial,Own-child,Asian-Pac-Islander,Female,82500,3593,79,Cambodia,0.497688,NEGATIVE
13,Self-emp-inc,11th,11,Divorced,Exec-managerial,Own-child,Asian-Pac-Islander,Male,82500,3593,79,Cambodia,0.529585,POSITIVE
11,Local-gov,Assoc-acdm,5,Never-married,Farming-fishing,Not-in-family,Other,Female,92500,4247,84,Puerto-Rico,0.479025,NEGATIVE
11,Local-gov,Assoc-acdm,5,Never-married,Farming-fishing,Not-in-family,Other,Male,92500,4247,84,Puerto-Rico,0.510943,POSITIVE
14,Federal-gov,Prof-school,12,Married-spouse-absent,Machine-op-inspct,Not-in-family,Amer-Indian-Eskimo,Female,62500,3593,94,Puerto-Rico,0.478658,NEGATIVE
14,Federal-gov,Prof-school,12,Married-spouse-absent,Machine-op-inspct,Not-in-family,Amer-Indian-Eskimo,Male,62500,3593,94,Puerto-Rico,0.510576,POSITIVE
14,Local-gov,Assoc-acdm,5,Married-spouse-absent,Farming-fishing,Not-in-family,Other,Female,67500,4029,96,Puerto-Rico,0.471596,NEGATIVE
14,Local-gov,Assoc-acdm,5,Married-spouse-absent,Farming-fishing,Not-in-family,Other,Male,67500,4029,96,Puerto-Rico,0.503498,POSITIVE
11,State-gov,Assoc-voc,14,Married-AF-spouse,Transport-moving,Other-relative,Other,Female,67500,4247,97,Canada,0.493490,NEGATIVE
11,State-gov,Assoc-voc,14,Married-AF-spouse,Transport-moving,Other-relative,Other,Male,67500,4247,97,Canada,0.525400,POSITIVE
11,State-gov,Assoc-voc,7,Married-AF-spouse,Protective-serv,Other-relative,Black,Female,72500,4247,98,Canada,0.485986,NEGATIVE
11,State-gov,Assoc-voc,7,Married-AF-spouse,Protective-serv,Other-relative,Black,Male,72500,4247,98,Canada,0.517907,POSITIVE
14,State-gov,Assoc-voc,7,Separated,Protective-serv,Other-relative,Black,Female,72500,4247,98,Canada,0.479198,NEGATIVE
14,State-gov,Assoc-voc,7,Separated,Protective-serv,Other-relative,Black,Male,72500,4247,98,Canada,0.511117,POSITIVE
14,State-gov,HS-grad,7,Separated,Protective-serv,Other-relative,Black,Female,72500,3811,98,Canada,0.487935,NEGATIVE
14,State-gov,HS-grad,7,Separated,Protective-serv,Other-relative,Black,Male,72500,3811,98,Canada,0.519855,POSITIVE
14,Federal-gov,Prof-school,4,Married-spouse-absent,Machine-op-inspct,Not-in-family,Amer-Indian-Eskimo,Female,62500,3811,82,Puerto-Rico,0.495559,NEGATIVE
14,Federal-gov,Prof-school,4,Married-spouse-absent,Machine-op-inspct,Not-in-family,Amer-Indian-Eskimo,Male,62500,3811,82,Puerto-Rico,0.527463,POSITIVE
11,Local-gov,Prof-school,9,Married-spouse-absent,Adm-clerical,Not-in-family,Amer-Indian-Eskimo,Female,62500,3811,83,Puerto-Rico,0.481516,NEGATIVE
11,Local-gov,Prof-school,9,Married-spouse-absent,Adm-clerical,Not-in-family,Amer-Indian-Eskimo,Male,62500,3811,83,Puerto-Rico,0.513437,POSITIVE
14,Local-gov,Prof-school,9,Never-married,Adm-clerical,Not-in-family,Amer-Indian-Eskimo,Female,62500,3811,83,Puerto-Rico,0.477446,NEGATIVE
14,Local-gov,Prof-school,9,Never-married,Adm-clerical,Not-in-family,Amer-Indian-Eskimo,Male,62500,3811,83,Puerto-Rico,0.509362,POSITIVE
11,Local-gov,Assoc-voc,13,Never-married,Adm-clerical,Not-in-family,Amer-Indian-Eskimo,Female,62500,3593,83,Puerto-Rico,0.470400,NEGATIVE
11,Local-gov,Assoc-voc,13,Never-married,Adm-clerical,Not-in-family,Amer-Indian-Eskimo,Male,62500,3593,83,Puerto-Rico,0.502297,POSITIVE
10,Private,7th-8th,1,Widowed,Tech-support,Wife,White,Female,77500,2940,89,Outlying-US(Guam-USVI-etc),0.486784,NEGATIVE
10,Private,7th-8th,1,Widowed,Tech-support,Wife,White,Male,77500,2940,89,Outlying-US(Guam-USVI-etc),0.518705,POSITIVE
10,Private,7th-8th,1,Married-civ-spouse,Tech-support,Wife,White,Female,77500,2940,76,Outlying-US(Guam-USVI-etc),0.477209,NEGATIVE
10,Private,7th-8th,1,Married-civ-spouse,Tech-support,Wife,White,Male,77500,2940,76,Outlying-US(Guam-USVI-etc),0.509124,POSITIVE
10,Self-emp-not-inc,12th,2,Widowed,Sales,Own-child,Asian-Pac-Islander,Female,57500,2940,91,India,0.484785,NEGATIVE
10,Self-emp-not-inc,12th,2,Widowed,Sales,Own-child,Asian-Pac-Islander,Male,57500,2940,91,India,0.516706,POSITIVE
10,Self-emp-not-inc,12th,3,Divorced,Sales,Own-child,Asian-Pac-Islander,Female,57500,2504,91,India,0.483968,NEGATIVE
10,Self-emp-not-inc,12th,3,Divorced,Sales,Own-child,Asian-Pac-Islander,Male,57500,2504,91,India,0.515889,POSITIVE
10,Private,7th-8th,1,Widowed,Tech-support,Wife,White,Female,52500,2940,76,Outlying-US(Guam-USVI-etc),0.474637,NEGATIVE
10,Private,7th-8th,1,Widowed,Tech-support,Wife,White,Male,52500,2940,76,Outlying-US(Guam-USVI-etc),0.506547,POSITIVE
10,Self-emp-not-inc,12th,2,Divorced,Sales,Own-child,Asian-Pac-Islander,Female,57500,2940,78,India,0.488857,NEGATIVE
10,Self-emp-not-inc,12th,2,Divorced,Sales,Own-child,Asian-Pac-Islander,Male,57500,2940,78,India,0.520776,POSITIVE
10,Self-emp-not-inc,12th,3,Divorced,Sales,Own-child,Asian-Pac-Islander,Female,82500,2504,91,Cambodia,0.494732,NEGATIVE
10,Self-emp-not-inc,12th,3,Divorced,Sales,Own-child,Asian-Pac-Islander,Male,82500,2504,91,Cambodia,0.526639,POSITIVE
10,Self-emp-not-inc,12th,9,Married-civ-spouse,Craft-repair,Wife,White,Female,77500,2940,77,United-States,0.473760,NEGATIVE
10,Self-emp-not-inc,12th,9,Married-civ-spouse,Craft-repair,Wife,White,Male,77500,2940,77,United-States,0.505668,POSITIVE
13,Self-emp-not-inc,12th,2,Widowed,Craft-repair,Wife,White,Female,52500,2286,90,United-States,0.480945,NEGATIVE
13,Self-emp-not-inc,12th,2,Widowed,Craft-repair,Wife,White,Male,52500,2286,90,United-States,0.512865,POSITIVE
10,Self-emp-inc,Masters,11,Married-spouse-absent,Exec-managerial,Own-child,Asian-Pac-Islander,Female,57500,2940,92,Cambodia,0.489694,NEGATIVE
10,Self-emp-inc,Masters,11,Married-spouse-absent,Exec-managerial,Own-child,Asian-Pac-Islander,Male,57500,2940,92,Cambodia,0.521611,POSITIVE
10,Self-emp-inc,Masters,3,Married-spouse-absent,Exec-managerial,Own-child,Asian-Pac-Islander,Female,57500,2504,92,Cambodia,0.471121,NEGATIVE
10,Self-emp-inc,Masters,3,Married-spouse-absent,Exec-managerial,Own-child,Asian-Pac-Islander,Male,57500,2504,92,Cambodia,0.503021,POSITIVE
13,Self-emp-not-inc,12th,10,Divorced,Sales,Own-child,Asian-Pac-Islander,Female,57500,2504,91,Cambodia,0.499481,NEGATIVE
13,Self-emp-not-inc,12th,10,Divorced,Sales,Own-child,Asian-Pac-Islander,Male,57500,2504,91,Cambodia,0.531372,POSITIVE
13,Self-emp-not-inc,Doctorate,2,Divorced,Sales,Own-child,Asian-Pac-Islander,Female,57500,2286,91,Cambodia,0.490884,NEGATIVE
13,Self-emp-not-inc,Doctorate,2,Divorced,Sales,Own-child,Asian-Pac-Islander,Male,57500,2286,91,Cambodia,0.522799,POSITIVE
10,Self-emp-inc,Doctorate,11,Divorced,Prof-specialty,Husband,Amer-Indian-Eskimo,Female,62500,2940,93,England,0.484922,NEGATIVE
10,Self-emp-inc,Doctorate,11,Divorced,Prof-specialty,Husband,Amer-Indian-Eskimo,Male,62500,2940,93,England,0.516843,POSITIVE
11,Federal-gov,10th,4,Never-married,Machine-op-inspct,Not-in-family,Amer-Indian-Eskimo,Female,62500,2722,94,Puerto-Rico,0.471697,NEGATIVE
11,Federal-gov,10th,4,Never-married,Machine-op-inspct,Not-in-family,Amer-Indian-Eskimo,Male,62500,2722,94,Puerto-Rico,0.503599,POSITIVE
10,Self-emp-not-inc,12th,3,Divorced,Sales,Own-child,Asian-Pac-Islander,Female,57500,2504,78,Cambodia,0.476724,NEGATIVE
10,Self-emp-not-inc,12th,3,Divorced,Sales,Own-child,Asian-Pac-Islander,Male,57500,2504,78,Cambodia,0.508638,POSITIVE
10,Private,Prof-school,9,Widowed,Tech-support,Wife,White,Female,77500,2940,89,Outlying-US(Guam-USVI-etc),0.490212,NEGATIVE
10,Private,Prof-school,9,Widowed,Tech-support,Wife,White,Male,77500,2940,89,Outlying-US(Guam-USVI-etc),0.522128,POSITIVE
10,Self-emp-not-inc,Some-college,1,Widowed,Craft-repair,Wife,White,Female,77500,2286,90,Outlying-US(Guam-USVI-etc),0.491934,NEGATIVE
10,Self-emp-not-inc,Some-college,1,Widowed,Craft-repair,Wife,White,Male,77500,2286,90,Outlying-US(Guam-USVI-etc),0.523847,POSITIVE
13,Self-emp-inc,Some-college,3,Divorced,Exec-managerial,Own-child,Asian-Pac-Islander,Female,82500,2940,92,India,0.489816,NEGATIVE
13,Self-emp-inc,Some-college,3,Divorced,Exec-managerial,Own-child,Asian-Pac-Islander,Male,82500,2940,92,India,0.521733,POSITIVE
10,Self-emp-inc,11th,11,Divorced,Exec-managerial,Own-child,Asian-Pac-Islander,Female,82500,2940,92,India,0.476408,NEGATIVE
10,Self-emp-inc,11th,11,Divorced,Exec-managerial,Own-child,Asian-Pac-Islander,Male,82500,2940,92,India,0.508322,POSITIVE
10,Private,Prof-school,9,Married-civ-spouse,Tech-support,Wife,White,Female,77500,2940,76,Outlying-US(Guam-USVI-etc),0.480632,NEGATIVE
10,Private,Prof-school,9,Married-civ-spouse,Tech-support,Wife,White,Male,77500,2940,76,Outlying-US(Guam-USVI-etc),0.512552,POSITIVE
10,Self-emp-not-inc,Some-college,1,Married-civ-spouse,Craft-repair,Wife,White,Female,77500,2286,77,Outlying-US(Guam-USVI-etc),0.489178,NEGATIVE
10,Self-emp-not-inc,Some-college,1,Married-civ-spouse,Craft-repair,Wife,White,Male,77500,2286,77,Outlying-US(Guam-USVI-etc),0.521096,POSITIVE
10,Self-emp-inc,11th,5,Married-spouse-absent,Exec-managerial,Own-child,Asian-Pac-Islander,Female,57500,2504,92,India,0.498713,NEGATIVE
10,Self-emp-inc,11th,5,Married-spouse-absent,Exec-managerial,Own-child,Asian-Pac-Islander,Male,57500,2504,92,India,0.530607,POSITIVE
10,Self-emp-inc,HS-grad,11,Divorced,Prof-specialty,Husband,Amer-Indian-Eskimo,Female,62500,2722,93,Japan,0.480665,NEGATIVE
10,Self-emp-inc,HS-grad,11,Divorced,Prof-specialty,Husband,Amer-Indian-Eskimo,Male,62500,2722,93,Japan,0.512585,POSITIVE
11,Local-gov,11th,5,Never-married,Farming-fishing,Not-in-family,Other,Female,67500,3158,96,Greece,0.494402,NEGATIVE
11,Local-gov,11th,5,Never-married,Farming-fishing,Not-in-family,Other,Male,67500,3158,96,Greece,0.526309,POSITIVE
13,Self-emp-not-inc,Bachelors,1,Widowed,Craft-repair,Wife,White,Female,52500,2940,77,Outlying-US(Guam-USVI-etc),0.492698,NEGATIVE
13,Self-emp-not-inc,Bachelors,1,Widowed,Craft-repair,Wife,White,Male,52500,2940,77,Outlying-US(Guam-USVI-etc),0.524609,POSITIVE
10,Private,Prof-school,9,Widowed,Tech-support,Wife,White,Female,52500,2940,76,Outlying-US(Guam-USVI-etc),0.478059,NEGATIVE
10,Private,Prof-school,9,Widowed,Tech-support,Wife,White,Male,52500,2940,76,Outlying-US(Guam-USVI-etc),0.509976,POSITIVE
10,Self-emp-not-inc,Some-college,1,Widowed,Craft-repair,Wife,White,Female,52500,2286,77,Outlying-US(Guam-USVI-etc),0.476854,NEGATIVE
10,Self-emp-not-inc,Some-college,1,Widowed,Craft-repair,Wife,White,Male,52500,2286,77,Outlying-US(Guam-USVI-etc),0.508769,POSITIVE
13,Private,Bachelors,9,Married-civ-spouse,Tech-support,Wife,White,Female,52500,2286,76,Outlying-US(Guam-USVI-etc),0.496236,NEGATIVE
13,Private,Bachelors,9,Married-civ-spouse,Tech-support,Wife,White,Male,52500,2286,76,Outlying-US(Guam-USVI-etc),0.528139,POSITIVE
13,Self-emp-inc,Some-college,3,Divorced,Exec-managerial,Own-child,Asian-Pac-Islander,Female,57500,2940,79,India,0.468899,NEGATIVE
13,Self-emp-inc,Some-college,3,Divorced,Exec-managerial,Own-child,Asian-Pac-Islander,Male,57500,2940,79,India,0.500791,POSITIVE
13,Private,Prof-school,1,Married-civ-spouse,Tech-support,Wife,White,Female,52500,2286,76,Outlying-US(Guam-USVI-etc),0.492807,NEGATIVE
13,Private,Prof-school,1,Married-civ-spouse,Tech-support,Wife,White,Male,52500,2286,76,Outlying-US(Guam-USVI-etc),0.524719,POSITIVE
11,Federal-gov,11th,4,Never-married,Machine-op-inspct,Not-in-family,Amer-Indian-Eskimo,Female,62500,3158,82,Japan,0.497905,NEGATIVE
11,Federal-gov,11th,4,Never-married,Machine-op-inspct,Not-in-family,Amer-Indian-Eskimo,Male,62500,3158,82,Japan,0.529802,POSITIVE
13,Self-emp-not-inc,Some-college,10,Widowed,Sales,Own-child,Asian-Pac-Islander,Female,82500,2940,91,Cambodia,0.481193,NEGATIVE
13,Self-emp-not-inc,Some-college,10,Widowed,Sales,Own-child,Asian-Pac-Islander,Male,82500,2940,91,Cambodia,0.513113,POSITIVE
13,Self-emp-inc,11th,3,Married-spouse-absent,Exec-managerial,Own-child,Asian-Pac-Islander,Female,82500,2940,92,Cambodia,0.489515,NEGATIVE
13,Self-emp-inc,11th,3,Married-spouse-absent,Exec-managerial,Own-child,Asian-Pac-Islander,Male,82500,2940,92,Cambodia,0.521432,POSITIVE
10,Self-emp-not-inc,Some-college,10,Widowed,Sales,Own-child,Asian-Pac-Islander,Female,82500,2286,91,Cambodia,0.499912,NEGATIVE
10,Self-emp-not-inc,Some-college,10,Widowed,Sales,Own-child,Asian-Pac-Islander,Male,82500,2286,91,Cambodia,0.531802,POSITIVE
13,Self-emp-inc,Some-college,11,Divorced,Prof-specialty,Husband,Amer-Indian-Eskimo,Female,87500,2940,93,England,0.488171,NEGATIVE
13,Self-emp-inc,Some-college,11,Divorced,Prof-specialty,Husband,Amer-Indian-Eskimo,Male,87500,2940,93,England,0.520090,POSITIVE
13,Self-emp-not-inc,Prof-school,9,Married-civ-spouse,Craft-repair,Wife,White,Female,77500,2286,90,United-States,0.469894,NEGATIVE
13,Self-emp-not-inc,Prof-school,9,Married-civ-spouse,Craft-repair,Wife,White,Male,77500,2286,90,United-States,0.501790,POSITIVE
13,Self-emp-inc,Assoc-acdm,3,Divorced,Prof-specialty,Husband,Amer-Indian-Eskimo,Female,87500,2940,93,England,0.484743,NEGATIVE
13,Self-emp-inc,Assoc-acdm,3,Divorced,Prof-specialty,Husband,Amer-Indian-Eskimo,Male,87500,2940,93,England,0.516665,POSITIVE
11,Federal-gov,Prof-school,12,Never-married,Machine-op-inspct,Not-in-family,Amer-Indian-Eskimo,Female,87500,3158,94,Puerto-Rico,0.468956,NEGATIVE
11,Federal-gov,Prof-school,12,Never-married,Machine-op-inspct,Not-in-family,Amer-Indian-Eskimo,Male,87500,3158,94,Puerto-Rico,0.500848,POSITIVE
10,Self-emp-inc,Assoc-acdm,11,Divorced,Exec-managerial,Own-child,Asian-Pac-Islander,Female,82500,2504,92,Cambodia,0.498629,NEGATIVE
10,Self-emp-inc,Assoc-acdm,11,Divorced,Exec-managerial,Own-child,Asian-Pac-Islander,Male,82500,2504,92,Cambodia,0.530523,POSITIVE
11,Local-gov,11th,5,Never-married,Farming-fishing,Not-in-family,Other,Female,92500,3158,96,Puerto-Rico,0.484611,NEGATIVE
11,Local-gov,11th,5,Never-married,Farming-fishing,Not-in-family,Other,Male,92500,3158,96,Puerto-Rico,0.516532,POSITIVE
11,Federal-gov,Prof-school,4,Never-married,Machine-op-inspct,Not-in-family,Amer-Indian-Eskimo,Female,87500,2504,94,Puerto-Rico,0.492984,NEGATIVE
11,Federal-gov,Prof-school,4,Never-married,Machine-op-inspct,Not-in-family,Amer-Indian-Eskimo,Male,87500,2504,94,Puerto-Rico,0.524895,POSITIVE
10,Self-emp-not-inc,Some-college,2,Widowed,Craft-repair,Wife,White,Female,77500,2286,77,United-States,0.478495,NEGATIVE
10,Self-emp-not-inc,Some-college,2,Widowed,Craft-repair,Wife,White,Male,77500,2286,77,United-States,0.510413,POSITIVE
13,Self-emp-not-inc,Some-college,10,Divorced,Sales,Own-child,Asian-Pac-Islander,Female,82500,2940,78,Cambodia,0.485264,NEGATIVE
13,Self-emp-not-inc,Some-college,10,Divorced,Sales,Own-child,Asian-Pac-Islander,Male,82500,2940,78,Cambodia,0.517185,POSITIVE
13,Self-emp-not-inc,Assoc-acdm,2,Divorced,Sales,Own-child,Asian-Pac-Islander,Female,82500,2940,78,Cambodia,0.481838,NEGATIVE
13,Self-emp-not-inc,Assoc-acdm,2,Divorced,Sales,Own-child,Asian-Pac-Islander,Male,82500,2940,78,Cambodia,0.513759,POSITIVE
10,Self-emp-inc,11th,5,Divorced,Exec-managerial,Own-child,Asian-Pac-Islander,Female,82500,2504,79,Cambodia,0.469460,NEGATIVE
10,Self-emp-inc,11th,5,Divorced,Exec-managerial,Own-child,Asian-Pac-Islander,Male,82500,2504,79,Cambodia,0.501355,POSITIVE
13,Self-emp-inc,HS-grad,3,Married-spouse-absent,Prof-specialty,Husband,Amer-Indian-Eskimo,Female,62500,2722,93,England,0.491618,NEGATIVE
13,Self-emp-inc,HS-grad,3,Married-spouse-absent,Prof-specialty,Husband,Amer-Indian-Eskimo,Male,62500,2722,93,England,0.523532,POSITIVE
11,Local-gov,11th,13,Married-spouse-absent,Adm-clerical,Not-in-family,Amer-Indian-Eskimo,Female,62500,3158,95,Puerto-Rico,0.477144,NEGATIVE
11,Local-gov,11th,13,Married-spouse-absent,Adm-clerical,Not-in-family,Amer-Indian-Eskimo,Male,62500,3158,95,Puerto-Rico,0.509060,POSITIVE
10,Self-emp-inc,HS-grad,11,Married-spouse-absent,Prof-specialty,Husband,Amer-Indian-Eskimo,Female,62500,2504,93,England,0.491778,NEGATIVE
10,Self-emp-inc,HS-grad,11,Married-spouse-absent,Prof-specialty,Husband,Amer-Indian-Eskimo,Male,62500,2504,93,England,0.523692,POSITIVE
11,Local-gov,Assoc-voc,5,Married-spouse-absent,Adm-clerical,Not-in-family,Amer-Indian-Eskimo,Female,62500,3158,95,Puerto-Rico,0.473723,NEGATIVE
11,Local-gov,Assoc-voc,5,Married-spouse-absent,Adm-clerical,Not-in-family,Amer-Indian-Eskimo,Male,62500,3158,95,Puerto-Rico,0.505631,POSITIVE
11,Local-gov,11th,5,Married-spouse-absent,Adm-clerical,Not-in-family,Amer-Indian-Eskimo,Female,62500,2504,95,Puerto-Rico,0.490530,NEGATIVE
11,Local-gov,11th,5,Married-spouse-absent,Adm-clerical,Not-in-family,Amer-Indian-Eskimo,Male,62500,2504,95,Puerto-Rico,0.522446,POSITIVE
14,Local-gov,11th,13,Never-married,Adm-clerical,Not-in-family,Amer-Indian-Eskimo,Female,62500,3158,95,Puerto-Rico,0.473078,NEGATIVE
14,Local-gov,11th,13,Never-married,Adm-clerical,Not-in-family,Amer-Indian-Eskimo,Male,62500,3158,95,Puerto-Rico,0.504984,POSITIVE
13,Self-emp-inc,HS-grad,11,Divorced,Prof-specialty,Husband,Amer-Indian-Eskimo,Female,62500,2504,93,England,0.468221,NEGATIVE
13,Self-emp-inc,HS-grad,11,Divorced,Prof-specialty,Husband,Amer-Indian-Eskimo,Male,62500,2504,93,England,0.500110,POSITIVE
14,Local-gov,Assoc-voc,5,Never-married,Adm-clerical,Not-in-family,Amer-Indian-Eskimo,Female,62500,3158,95,Puerto-Rico,0.469659,NEGATIVE
14,Local-gov,Assoc-voc,5,Never-married,Adm-clerical,Not-in-family,Amer-Indian-Eskimo,Male,62500,3158,95,Puerto-Rico,0.501554,POSITIVE
14,Local-gov,11th,5,Never-married,Adm-clerical,Not-in-family,Amer-Indian-Eskimo,Female,62500,2504,95,Puerto-Rico,0.486455,NEGATIVE
14,Local-gov,11th,5,Never-married,Adm-clerical,Not-in-family,Amer-Indian-Eskimo,Male,62500,2504,95,Puerto-Rico,0.518376,POSITIVE
11,State-gov,Assoc-voc,6,Never-married,Transport-moving,Other-relative,Other,Female,67500,3158,97,Canada,0.471919,NEGATIVE
11,State-gov,Assoc-voc,6,Never-married,Transport-moving,Other-relative,Other,Male,67500,3158,97,Canada,0.503821,POSITIVE
13,Self-emp-inc,11th,3,Married-spouse-absent,Exec-managerial,Own-child,Asian-Pac-Islander,Female,57500,2940,79,Cambodia,0.468600,NEGATIVE
13,Self-emp-inc,11th,3,Married-spouse-absent,Exec-managerial,Own-child,Asian-Pac-Islander,Male,57500,2940,79,Cambodia,0.500491,POSITIVE
10,Self-emp-inc,Some-college,11,Married-spouse-absent,Prof-specialty,Husband,Amer-Indian-Eskimo,Female,62500,2940,80,England,0.487886,NEGATIVE
10,Self-emp-inc,Some-college,11,Married-spouse-absent,Prof-specialty,Husband,Amer-Indian-Eskimo,Male,62500,2940,80,England,0.519806,POSITIVE
10,Self-emp-not-inc,Some-college,10,Widowed,Sales,Own-child,Asian-Pac-Islander,Female,57500,2286,78,Cambodia,0.481895,NEGATIVE
10,Self-emp-not-inc,Some-college,10,Widowed,Sales,Own-child,Asian-Pac-Islander,Male,57500,2286,78,Cambodia,0.513816,POSITIVE
10,Self-emp-inc,Assoc-acdm,3,Married-spouse-absent,Prof-specialty,Husband,Amer-Indian-Eskimo,Female,62500,2940,80,England,0.484459,NEGATIVE
10,Self-emp-inc,Assoc-acdm,3,Married-spouse-absent,Prof-specialty,Husband,Amer-Indian-Eskimo,Male,62500,2940,80,England,0.516380,POSITIVE
13,Self-emp-inc,Some-college,3,Divorced,Prof-specialty,Husband,Amer-Indian-Eskimo,Female,62500,2504,80,England,0.499020,NEGATIVE
13,Self-emp-inc,Some-college,3,Divorced,Prof-specialty,Husband,Amer-Indian-Eskimo,Male,62500,2504,80,England,0.530913,POSITIVE
11,Federal-gov,Prof-school,8,Never-married,Machine-op-inspct,Not-in-family,Amer-Indian-Eskimo,Female,62500,2722,82,Puerto-Rico,0.480814,NEGATIVE
11,Federal-gov,Prof-school,8,Never-married,Machine-op-inspct,Not-in-family,Amer-Indian-Eskimo,Male,62500,2722,82,Puerto-Rico,0.512734,POSITIVE
16,Private,7th-8th,1,Married-civ-spouse,Tech-support,Wife,White,Female,77500,4029,64,United-States,0.494960,NEGATIVE
16,Private,7th-8th,1,Married-civ-spouse,Tech-support,Wife,White,Male,77500,4029,64,United-States,0.526866,POSITIVE
16,Private,7th-8th,1,Widowed,Tech-support,Wife,White,Female,52500,4029,64,United-States,0.492382,NEGATIVE
16,Private,7th-8th,1,Widowed,Tech-support,Wife,White,Male,52500,4029,64,United-States,0.524295,POSITIVE
16,Self-emp-not-inc,12th,2,Divorced,Sales,Own-child,Asian-Pac-Islander,Female,57500,4029,66,Cambodia,0.479854,NEGATIVE
16,Self-emp-not-inc,12th,2,Divorced,Sales,Own-child,Asian-Pac-Islander,Male,57500,4029,66,Cambodia,0.511773,POSITIVE
16,Private,7th-8th,1,Married-civ-spouse,Tech-support,Wife,White,Female,52500,4029,51,United-States,0.482800,NEGATIVE
16,Private,7th-8th,1,Married-civ-spouse,Tech-support,Wife,White,Male,52500,4029,51,United-States,0.514722,POSITIVE
16,Private,Bachelors,1,Married-civ-spouse,Tech-support,Wife,White,Female,77500,4029,64,Outlying-US(Guam-USVI-etc),0.472625,NEGATIVE
16,Private,Bachelors,1,Married-civ-spouse,Tech-support,Wife,White,Male,77500,4029,64,Outlying-US(Guam-USVI-etc),0.504529,POSITIVE
16,Private,Bachelors,1,Widowed,Tech-support,Wife,White,Female,52500,4029,64,Outlying-US(Guam-USVI-etc),0.470055,NEGATIVE
16,Private,Bachelors,1,Widowed,Tech-support,Wife,White,Male,52500,4029,64,Outlying-US(Guam-USVI-etc),0.501951,POSITIVE
16,Self-emp-not-inc,Some-college,2,Divorced,Sales,Own-child,Asian-Pac-Islander,Female,57500,4029,66,India,0.490121,NEGATIVE
16,Self-emp-not-inc,Some-college,2,Divorced,Sales,Own-child,Asian-Pac-Islander,Male,57500,4029,66,India,0.522037,POSITIVE
16,Self-emp-not-inc,Some-college,9,Married-civ-spouse,Craft-repair,Wife,White,Female,77500,4029,65,United-States,0.472099,NEGATIVE
16,Self-emp-not-inc,Some-college,9,Married-civ-spouse,Craft-repair,Wife,White,Male,77500,4029,65,United-States,0.504003,POSITIVE
16,Self-emp-not-inc,Some-college,3,Divorced,Sales,Own-child,Asian-Pac-Islander,Female,57500,3593,66,Cambodia,0.477985,NEGATIVE
16,Self-emp-not-inc,Some-college,3,Divorced,Sales,Own-child,Asian-Pac-Islander,Male,57500,3593,66,Cambodia,0.509902,POSITIVE
16,Private,Prof-school,9,Married-civ-spouse,Tech-support,Wife,White,Female,52500,4029,51,United-States,0.486227,NEGATIVE
16,Private,Prof-school,9,Married-civ-spouse,Tech-support,Wife,White,Male,52500,4029,51,United-States,0.518147,POSITIVE
16,Self-emp-not-inc,Bachelors,1,Married-civ-spouse,Craft-repair,Wife,White,Female,52500,3375,52,United-States,0.499794,NEGATIVE
16,Self-emp-not-inc,Bachelors,1,Married-civ-spouse,Craft-repair,Wife,White,Male,52500,3375,52,United-States,0.531684,POSITIVE
16,Private,Bachelors,1,Married-civ-spouse,Tech-support,Wife,White,Female,52500,2286,64,United-States,0.476972,NEGATIVE
16,Private,Bachelors,1,Married-civ-spouse,Tech-support,Wife,White,Male,52500,2286,64,United-States,0.508887,POSITIVE
10,Self-emp-not-inc,7th-8th,1,Married-civ-spouse,Craft-repair,Wife,White,Female,77500,4029,65,Outlying-US(Guam-USVI-etc),0.476747,NEGATIVE
10,Self-emp-not-inc,7th-8th,1,Married-civ-spouse,Craft-repair,Wife,White,Male,77500,4029,65,Outlying-US(Guam-USVI-etc),0.508662,POSITIVE
10,Self-emp-not-inc,12th,2,Divorced,Craft-repair,Wife,White,Female,52500,3375,65,Outlying-US(Guam-USVI-etc),0.481983,NEGATIVE
10,Self-emp-not-inc,12th,2,Divorced,Craft-repair,Wife,White,Male,52500,3375,65,Outlying-US(Guam-USVI-etc),0.513904,POSITIVE
10,Self-emp-not-inc,12th,1,Married-civ-spouse,Craft-repair,Wife,White,Female,52500,4029,52,Outlying-US(Guam-USVI-etc),0.485559,NEGATIVE
10,Self-emp-not-inc,12th,1,Married-civ-spouse,Craft-repair,Wife,White,Male,52500,4029,52,Outlying-US(Guam-USVI-etc),0.517480,POSITIVE
10,Private,7th-8th,9,Widowed,Tech-support,Wife,White,Female,77500,4029,64,United-States,0.472450,NEGATIVE
10,Private,7th-8th,9,Widowed,Tech-support,Wife,White,Male,77500,4029,64,United-States,0.504354,POSITIVE
10,Private,10th,1,Widowed,Tech-support,Wife,White,Female,77500,4029,64,United-States,0.469032,NEGATIVE
10,Private,10th,1,Widowed,Tech-support,Wife,White,Male,77500,4029,64,United-States,0.500925,POSITIVE
13,Private,7th-8th,1,Married-civ-spouse,Tech-support,Wife,White,Female,77500,3375,64,United-States,0.487187,NEGATIVE
13,Private,7th-8th,1,Married-civ-spouse,Tech-support,Wife,White,Male,77500,3375,64,United-States,0.519107,POSITIVE
10,Self-emp-inc,Masters,3,Divorced,Exec-managerial,Own-child,Asian-Pac-Islander,Female,82500,4029,67,Cambodia,0.477988,NEGATIVE
10,Self-emp-inc,Masters,3,Divorced,Exec-managerial,Own-child,Asian-Pac-Islander,Male,82500,4029,67,Cambodia,0.509905,POSITIVE
13,Private,7th-8th,1,Widowed,Tech-support,Wife,White,Female,52500,3375,64,United-States,0.484611,NEGATIVE
13,Private,7th-8th,1,Widowed,Tech-support,Wife,White,Male,52500,3375,64,United-States,0.516532,POSITIVE
10,Self-emp-not-inc,12th,10,Widowed,Sales,Own-child,Asian-Pac-Islander,Female,57500,4029,66,Cambodia,0.485626,NEGATIVE
10,Self-emp-not-inc,12th,10,Widowed,Sales,Own-child,Asian-Pac-Islander,Male,57500,4029,66,Cambodia,0.517547,POSITIVE
10,Self-emp-not-inc,12th,2,Widowed,Sales,Own-child,Asian-Pac-Islander,Female,57500,3593,66,Cambodia,0.499023,NEGATIVE
10,Self-emp-not-inc,12th,2,Widowed,Sales,Own-child,Asian-Pac-Islander,Male,57500,3593,66,Cambodia,0.530916,POSITIVE
11,Self-emp-inc,Masters,5,Divorced,Exec-managerial,Own-child,Asian-Pac-Islander,Female,57500,3593,67,Cambodia,0.480106,NEGATIVE
11,Self-emp-inc,Masters,5,Divorced,Exec-managerial,Own-child,Asian-Pac-Islander,Male,57500,3593,67,Cambodia,0.512026,POSITIVE
13,Private,7th-8th,1,Married-civ-spouse,Tech-support,Wife,White,Female,52500,3375,51,United-States,0.475039,NEGATIVE
13,Private,7th-8th,1,Married-civ-spouse,Tech-support,Wife,White,Male,52500,3375,51,United-States,0.506950,POSITIVE
10,Self-emp-not-inc,12th,10,Divorced,Sales,Own-child,Asian-Pac-Islander,Female,57500,4029,53,Cambodia,0.489699,NEGATIVE
10,Self-emp-not-inc,12th,10,Divorced,Sales,Own-child,Asian-Pac-Islander,Male,57500,4029,53,Cambodia,0.521616,POSITIVE
10,Self-emp-not-inc,12th,2,Divorced,Sales,Own-child,Asian-Pac-Islander,Female,57500,3375,53,Cambodia,0.497930,NEGATIVE
10,Self-emp-not-inc,12th,2,Divorced,Sales,Own-child,Asian-Pac-Islander,Male,57500,3375,53,Cambodia,0.529827,POSITIVE
10,Self-emp-not-inc,Some-college,10,Divorced,Sales,Own-child,Asian-Pac-Islander,Female,82500,4029,66,India,0.470195,NEGATIVE
10,Self-emp-not-inc,Some-college,10,Divorced,Sales,Own-child,Asian-Pac-Islander,Male,82500,4029,66,India,0.502092,POSITIVE
10,Self-emp-not-inc,Some-college,2,Divorced,Sales,Own-child,Asian-Pac-Islander,Female,82500,3593,66,India,0.483566,NEGATIVE
10,Self-emp-not-inc,Some-college,2,Divorced,Sales,Own-child,Asian-Pac-Islander,Male,82500,3593,66,India,0.515487,POSITIVE
13,Self-emp-not-inc,Some-college,2,Widowed,Sales,Own-child,Asian-Pac-Islander,Female,57500,4029,66,India,0.485407,NEGATIVE
13,Self-emp-not-inc,Some-college,2,Widowed,Sales,Own-child,Asian-Pac-Islander,Male,57500,4029,66,India,0.517328,POSITIVE
13,Self-emp-not-inc,Some-college,9,Married-civ-spouse,Craft-repair,Wife,White,Female,52500,3375,65,Outlying-US(Guam-USVI-etc),0.487693,NEGATIVE
13,Self-emp-not-inc,Some-college,9,Married-civ-spouse,Craft-repair,Wife,White,Male,52500,3375,65,Outlying-US(Guam-USVI-etc),0.519612,POSITIVE
13,Self-emp-inc,Some-college,3,Divorced,Prof-specialty,Husband,Amer-Indian-Eskimo,Female,62500,4029,68,Japan,0.477201,NEGATIVE
13,Self-emp-inc,Some-college,3,Divorced,Prof-specialty,Husband,Amer-Indian-Eskimo,Male,62500,4029,68,Japan,0.509117,POSITIVE
13,Self-emp-not-inc,Prof-school,1,Married-civ-spouse,Craft-repair,Wife,White,Female,52500,3375,65,Outlying-US(Guam-USVI-etc),0.481684,NEGATIVE
13,Self-emp-not-inc,Prof-school,1,Married-civ-spouse,Craft-repair,Wife,White,Male,52500,3375,65,Outlying-US(Guam-USVI-etc),0.513605,POSITIVE
10,Self-emp-inc,HS-grad,11,Divorced,Prof-specialty,Husband,Amer-Indian-Eskimo,Female,62500,4029,68,Japan,0.487684,NEGATIVE
10,Self-emp-inc,HS-grad,11,Divorced,Prof-specialty,Husband,Amer-Indian-Eskimo,Male,62500,4029,68,Japan,0.519604,POSITIVE
10,Self-emp-inc,Some-college,11,Divorced,Exec-managerial,Own-child,Asian-Pac-Islander,Female,57500,3593,67,India,0.498676,NEGATIVE
10,Self-emp-inc,Some-college,11,Divorced,Exec-managerial,Own-child,Asian-Pac-Islander,Male,57500,3593,67,India,0.530570,POSITIVE
10,Self-emp-inc,Assoc-acdm,3,Divorced,Exec-managerial,Own-child,Asian-Pac-Islander,Female,57500,3593,67,India,0.495246,NEGATIVE
10,Self-emp-inc,Assoc-acdm,3,Divorced,Exec-managerial,Own-child,Asian-Pac-Islander,Male,57500,3593,67,India,0.527152,POSITIVE
13,Self-emp-not-inc,Some-college,2,Divorced,Sales,Own-child,Asian-Pac-Islander,Female,57500,4029,53,India,0.489480,NEGATIVE
13,Self-emp-not-inc,Some-college,2,Divorced,Sales,Own-child,Asian-Pac-Islander,Male,57500,4029,53,India,0.521397,POSITIVE
11,Self-emp-inc,11th,5,Never-married,Exec-managerial,Own-child,Asian-Pac-Islander,Female,82500,3593,67,Cambodia,0.482594,NEGATIVE
11,Self-emp-inc,11th,5,Never-married,Exec-managerial,Own-child,Asian-Pac-Islander,Male,82500,3593,67,Cambodia,0.514515,POSITIVE
10,Self-emp-not-inc,Some-college,2,Widowed,Sales,Own-child,Asian-Pac-Islander,Female,82500,4029,53,Cambodia,0.484806,NEGATIVE
10,Self-emp-not-inc,Some-college,2,Widowed,Sales,Own-child,Asian-Pac-Islander,Male,82500,4029,53,Cambodia,0.516728,POSITIVE
13,Self-emp-not-inc,Bachelors,9,Married-civ-spouse,Craft-repair,Wife,White,Female,77500,4029,52,United-States,0.498278,NEGATIVE
13,Self-emp-not-inc,Bachelors,9,Married-civ-spouse,Craft-repair,Wife,White,Male,77500,4029,52,United-States,0.530174,POSITIVE
13,Self-emp-not-inc,Some-college,2,Divorced,Sales,Own-child,Asian-Pac-Islander,Female,82500,4029,53,Cambodia,0.489521,NEGATIVE
13,Self-emp-not-inc,Some-college,2,Divorced,Sales,Own-child,Asian-Pac-Islander,Male,82500,4029,53,Cambodia,0.521438,POSITIVE
10,Self-emp-not-inc,Some-college,9,Married-civ-spouse,Craft-repair,Wife,White,Female,77500,3375,52,United-States,0.482426,NEGATIVE
10,Self-emp-not-inc,Some-college,9,Married-civ-spouse,Craft-repair,Wife,White,Male,77500,3375,52,United-States,0.514347,POSITIVE
10,Self-emp-inc,Some-college,3,Divorced,Prof-specialty,Husband,Amer-Indian-Eskimo,Female,87500,4029,55,England,0.485930,NEGATIVE
10,Self-emp-inc,Some-college,3,Divorced,Prof-specialty,Husband,Amer-Indian-Eskimo,Male,87500,4029,55,England,0.517851,POSITIVE
10,Self-emp-not-inc,Prof-school,1,Married-civ-spouse,Craft-repair,Wife,White,Female,77500,3375,52,United-States,0.476422,NEGATIVE
10,Self-emp-not-inc,Prof-school,1,Married-civ-spouse,Craft-repair,Wife,White,Male,77500,3375,52,United-States,0.508336,POSITIVE
13,Private,Prof-school,9,Widowed,Tech-support,Wife,White,Female,52500,3375,64,United-States,0.488038,NEGATIVE
13,Private,Prof-school,9,Widowed,Tech-support,Wife,White,Male,52500,3375,64,United-States,0.519957,POSITIVE
13,Self-emp-inc,HS-grad,3,Married-spouse-absent,Prof-specialty,Husband,Amer-Indian-Eskimo,Female,62500,4029,68,England,0.498644,NEGATIVE
13,Self-emp-inc,HS-grad,3,Married-spouse-absent,Prof-specialty,Husband,Amer-Indian-Eskimo,Male,62500,4029,68,England,0.530538,POSITIVE
11,Federal-gov,11th,12,Married-spouse-absent,Machine-op-inspct,Not-in-family,Amer-Indian-Eskimo,Female,62500,4247,69,Puerto-Rico,0.496978,NEGATIVE
11,Federal-gov,11th,12,Married-spouse-absent,Machine-op-inspct,Not-in-family,Amer-Indian-Eskimo,Male,62500,4247,69,Puerto-Rico,0.528878,POSITIVE
10,Self-emp-inc,11th,11,Married-spouse-absent,Exec-managerial,Own-child,Asian-Pac-Islander,Female,57500,3593,67,Cambodia,0.498375,NEGATIVE
10,Self-emp-inc,11th,11,Married-spouse-absent,Exec-managerial,Own-child,Asian-Pac-Islander,Male,57500,3593,67,Cambodia,0.530270,POSITIVE
11,Federal-gov,Assoc-voc,4,Married-spouse-absent,Machine-op-inspct,Not-in-family,Amer-Indian-Eskimo,Female,62500,4247,69,Puerto-Rico,0.493549,NEGATIVE
11,Federal-gov,Assoc-voc,4,Married-spouse-absent,Machine-op-inspct,Not-in-family,Amer-Indian-Eskimo,Male,62500,4247,69,Puerto-Rico,0.525459,POSITIVE
12,Federal-gov,Prof-school,8,Never-married,Machine-op-inspct,Not-in-family,Amer-Indian-Eskimo,Female,62500,3811,69,Puerto-Rico,0.477553,NEGATIVE
12,Federal-gov,Prof-school,8,Never-married,Machine-op-inspct,Not-in-family,Amer-Indian-Eskimo,Male,62500,3811,69,Puerto-Rico,0.509469,POSITIVE
13,Self-emp-not-inc,Bachelors,9,Widowed,Craft-repair,Wife,White,Female,52500,4029,52,United-States,0.485943,NEGATIVE
13,Self-emp-not-inc,Bachelors,9,Widowed,Craft-repair,Wife,White,Male,52500,4029,52,United-States,0.517863,POSITIVE
13,Self-emp-not-inc,Prof-school,1,Widowed,Craft-repair,Wife,White,Female,52500,4029,52,United-States,0.482516,NEGATIVE
13,Self-emp-not-inc,Prof-school,1,Widowed,Craft-repair,Wife,White,Male,52500,4029,52,United-States,0.514437,POSITIVE
10,Self-emp-not-inc,Some-college,9,Widowed,Craft-repair,Wife,White,Female,52500,3375,52,United-States,0.470115,NEGATIVE
10,Self-emp-not-inc,Some-college,9,Widowed,Craft-repair,Wife,White,Male,52500,3375,52,United-States,0.502012,POSITIVE
13,Self-emp-inc,Some-college,11,Divorced,Exec-managerial,Own-child,Asian-Pac-Islander,Female,57500,4029,54,Cambodia,0.477317,NEGATIVE
13,Self-emp-inc,Some-college,11,Divorced,Exec-managerial,Own-child,Asian-Pac-Islander,Male,57500,4029,54,Cambodia,0.509233,POSITIVE
13,Private,Prof-school,9,Married-civ-spouse,Tech-support,Wife,White,Female,52500,3375,51,United-States,0.478461,NEGATIVE
13,Private,Prof-school,9,Married-civ-spouse,Tech-support,Wife,White,Male,52500,3375,51,United-States,0.510378,POSITIVE
13,Self-emp-inc,Assoc-acdm,3,Divorced,Exec-managerial,Own-child,Asian-Pac-Islander,Female,57500,4029,54,Cambodia,0.473896,NEGATIVE
13,Self-emp-inc,Assoc-acdm,3,Divorced,Exec-managerial,Own-child,Asian-Pac-Islander,Male,57500,4029,54,Cambodia,0.505804,POSITIVE
10,Self-emp-inc,HS-grad,6,Divorced,Prof-specialty,Husband,Amer-Indian-Eskimo,Female,62500,3811,55,England,0.477659,NEGATIVE
10,Self-emp-inc,HS-grad,6,Divorced,Prof-specialty,Husband,Amer-Indian-Eskimo,Male,62500,3811,55,England,0.509575,POSITIVE
13,Self-emp-not-inc,7th-8th,1,Married-civ-spouse,Craft-repair,Wife,White,Female,52500,2940,65,United-States,0.496465,NEGATIVE
13,Self-emp-not-inc,7th-8th,1,Married-civ-spouse,Craft-repair,Wife,White,Male,52500,2940,65,United-States,0.528367,POSITIVE
10,Self-emp-not-inc,12th,1,Married-civ-spouse,Craft-repair,Wife,White,Female,52500,2286,65,United-States,0.480616,NEGATIVE
10,Self-emp-not-inc,12th,1,Married-civ-spouse,Craft-repair,Wife,White,Male,52500,2286,65,United-States,0.512536,POSITIVE
13,Self-emp-not-inc,Some-college,1,Married-civ-spouse,Craft-repair,Wife,White,Female,52500,2940,65,Outlying-US(Guam-USVI-etc),0.490424,NEGATIVE
13,Self-emp-not-inc,Some-college,1,Married-civ-spouse,Craft-repair,Wife,White,Male,52500,2940,65,Outlying-US(Guam-USVI-etc),0.522340,POSITIVE
10,Self-emp-not-inc,Some-college,2,Married-civ-spouse,Craft-repair,Wife,White,Female,52500,2286,65,Outlying-US(Guam-USVI-etc),0.474927,NEGATIVE
10,Self-emp-not-inc,Some-college,2,Married-civ-spouse,Craft-repair,Wife,White,Male,52500,2286,65,Outlying-US(Guam-USVI-etc),0.506838,POSITIVE
10,Self-emp-not-inc,Some-college,2,Divorced,Craft-repair,Wife,White,Female,77500,2286,65,United-States,0.481580,NEGATIVE
10,Self-emp-not-inc,Some-college,2,Divorced,Craft-repair,Wife,White,Male,77500,2286,65,United-States,0.513501,POSITIVE
10,Self-emp-not-inc,Some-college,1,Married-civ-spouse,Craft-repair,Wife,White,Female,77500,2940,52,United-States,0.485155,NEGATIVE
10,Self-emp-not-inc,Some-college,1,Married-civ-spouse,Craft-repair,Wife,White,Male,77500,2940,52,United-States,0.517077,POSITIVE
10,Self-emp-not-inc,Some-college,10,Widowed,Sales,Own-child,Asian-Pac-Islander,Female,57500,2940,66,Cambodia,0.492779,NEGATIVE
10,Self-emp-not-inc,Some-college,10,Widowed,Sales,Own-child,Asian-Pac-Islander,Male,57500,2940,66,Cambodia,0.524690,POSITIVE
10,Self-emp-not-inc,Assoc-acdm,2,Widowed,Sales,Own-child,Asian-Pac-Islander,Female,57500,2940,66,Cambodia,0.489350,NEGATIVE
10,Self-emp-not-inc,Assoc-acdm,2,Widowed,Sales,Own-child,Asian-Pac-Islander,Male,57500,2940,66,Cambodia,0.521268,POSITIVE
13,Self-emp-not-inc,Some-college,10,Divorced,Sales,Own-child,Asian-Pac-Islander,Female,57500,2940,66,Cambodia,0.497496,NEGATIVE
13,Self-emp-not-inc,Some-college,10,Divorced,Sales,Own-child,Asian-Pac-Islander,Male,57500,2940,66,Cambodia,0.529394,POSITIVE
10,Self-emp-inc,Some-college,11,Divorced,Prof-specialty,Husband,Amer-Indian-Eskimo,Female,62500,2940,68,England,0.499763,NEGATIVE
10,Self-emp-inc,Some-college,11,Divorced,Prof-specialty,Husband,Amer-Indian-Eskimo,Male,62500,2940,68,England,0.531653,POSITIVE
10,Self-emp-not-inc,Some-college,10,Divorced,Sales,Own-child,Asian-Pac-Islander,Female,57500,2286,66,Cambodia,0.468426,NEGATIVE
10,Self-emp-not-inc,Some-college,10,Divorced,Sales,Own-child,Asian-Pac-Islander,Male,57500,2286,66,Cambodia,0.500316,POSITIVE
10,Self-emp-inc,Assoc-acdm,3,Divorced,Prof-specialty,Husband,Amer-Indian-Eskimo,Female,62500,2940,68,England,0.496333,NEGATIVE
10,Self-emp-inc,Assoc-acdm,3,Divorced,Prof-specialty,Husband,Amer-Indian-Eskimo,Male,62500,2940,68,England,0.528235,POSITIVE
10,Self-emp-not-inc,Some-college,1,Widowed,Craft-repair,Wife,White,Female,52500,2940,52,United-States,0.472839,NEGATIVE
10,Self-emp-not-inc,Some-college,1,Widowed,Craft-repair,Wife,White,Male,52500,2940,52,United-States,0.504744,POSITIVE
10,Self-emp-not-inc,Some-college,10,Divorced,Sales,Own-child,Asian-Pac-Islander,Female,57500,2940,53,Cambodia,0.496854,NEGATIVE
10,Self-emp-not-inc,Some-college,10,Divorced,Sales,Own-child,Asian-Pac-Islander,Male,57500,2940,53,Cambodia,0.528754,POSITIVE
10,Self-emp-not-inc,Assoc-acdm,2,Divorced,Sales,Own-child,Asian-Pac-Islander,Female,57500,2940,53,Cambodia,0.493424,NEGATIVE
10,Self-emp-not-inc,Assoc-acdm,2,Divorced,Sales,Own-child,Asian-Pac-Islander,Male,57500,2940,53,Cambodia,0.525335,POSITIVE
19,Self-emp-not-inc,Some-college,1,Married-civ-spouse,Craft-repair,Wife,White,Female,52500,1851,90,United-States,0.498564,NEGATIVE
19,Self-emp-not-inc,Some-college,1,Married-civ-spouse,Craft-repair,Wife,White,Male,52500,1851,90,United-States,0.530458,POSITIVE
16,Self-emp-not-inc,Some-college,2,Married-civ-spouse,Craft-repair,Wife,White,Female,52500,1197,90,United-States,0.483054,NEGATIVE
16,Self-emp-not-inc,Some-college,2,Married-civ-spouse,Craft-repair,Wife,White,Male,52500,1197,90,United-States,0.514975,POSITIVE
16,Private,Bachelors,1,Married-civ-spouse,Tech-support,Wife,White,Female,52500,762,89,United-States,0.491266,NEGATIVE
16,Private,Bachelors,1,Married-civ-spouse,Tech-support,Wife,White,Male,52500,762,89,United-States,0.523181,POSITIVE
10,Private,7th-8th,9,Married-civ-spouse,Tech-support,Wife,White,Female,52500,1851,89,Outlying-US(Guam-USVI-etc),0.479322,NEGATIVE
10,Private,7th-8th,9,Married-civ-spouse,Tech-support,Wife,White,Male,52500,1851,89,Outlying-US(Guam-USVI-etc),0.511240,POSITIVE
10,Private,10th,1,Married-civ-spouse,Tech-support,Wife,White,Female,52500,1851,89,Outlying-US(Guam-USVI-etc),0.475899,NEGATIVE
10,Private,10th,1,Married-civ-spouse,Tech-support,Wife,White,Male,52500,1851,89,Outlying-US(Guam-USVI-etc),0.507812,POSITIVE
10,Private,7th-8th,1,Married-civ-spouse,Tech-support,Wife,White,Female,77500,1197,89,United-States,0.493718,NEGATIVE
10,Private,7th-8th,1,Married-civ-spouse,Tech-support,Wife,White,Male,77500,1197,89,United-States,0.525627,POSITIVE
10,Private,7th-8th,1,Widowed,Tech-support,Wife,White,Female,52500,1197,89,United-States,0.491141,NEGATIVE
10,Private,7th-8th,1,Widowed,Tech-support,Wife,White,Male,52500,1197,89,United-States,0.523056,POSITIVE
13,Self-emp-not-inc,12th,2,Divorced,Sales,Own-child,Asian-Pac-Islander,Female,57500,1851,91,Cambodia,0.486381,NEGATIVE
13,Self-emp-not-inc,12th,2,Divorced,Sales,Own-child,Asian-Pac-Islander,Male,57500,1851,91,Cambodia,0.518301,POSITIVE
10,Private,7th-8th,1,Married-civ-spouse,Tech-support,Wife,White,Female,52500,1197,76,United-States,0.481560,NEGATIVE
10,Private,7th-8th,1,Married-civ-spouse,Tech-support,Wife,White,Male,52500,1197,76,United-States,0.513481,POSITIVE
10,Private,Bachelors,1,Married-civ-spouse,Tech-support,Wife,White,Female,77500,1197,89,Outlying-US(Guam-USVI-etc),0.471387,NEGATIVE
10,Private,Bachelors,1,Married-civ-spouse,Tech-support,Wife,White,Male,77500,1197,89,Outlying-US(Guam-USVI-etc),0.503287,POSITIVE
10,Private,Bachelors,1,Widowed,Tech-support,Wife,White,Female,52500,1197,89,Outlying-US(Guam-USVI-etc),0.468818,NEGATIVE
10,Private,Bachelors,1,Widowed,Tech-support,Wife,White,Male,52500,1197,89,Outlying-US(Guam-USVI-etc),0.500710,POSITIVE
13,Self-emp-not-inc,Some-college,2,Divorced,Sales,Own-child,Asian-Pac-Islander,Female,57500,1851,91,India,0.496654,NEGATIVE
13,Self-emp-not-inc,Some-college,2,Divorced,Sales,Own-child,Asian-Pac-Islander,Male,57500,1851,91,India,0.528555,POSITIVE
10,Self-emp-not-inc,Some-college,3,Divorced,Sales,Own-child,Asian-Pac-Islander,Female,57500,1415,91,India,0.473421,NEGATIVE
10,Self-emp-not-inc,Some-college,3,Divorced,Sales,Own-child,Asian-Pac-Islander,Male,57500,1415,91,India,0.505328,POSITIVE
10,Self-emp-not-inc,Some-college,2,Divorced,Sales,Own-child,Asian-Pac-Islander,Female,57500,1851,78,India,0.496012,NEGATIVE
10,Self-emp-not-inc,Some-college,2,Divorced,Sales,Own-child,Asian-Pac-Islander,Male,57500,1851,78,India,0.527915,POSITIVE
10,Self-emp-not-inc,Some-college,2,Widowed,Sales,Own-child,Asian-Pac-Islander,Female,82500,1851,91,Cambodia,0.491978,NEGATIVE
10,Self-emp-not-inc,Some-college,2,Widowed,Sales,Own-child,Asian-Pac-Islander,Male,82500,1851,91,Cambodia,0.523891,POSITIVE
10,Self-emp-not-inc,Some-college,3,Divorced,Sales,Own-child,Asian-Pac-Islander,Female,82500,1415,91,Cambodia,0.491160,NEGATIVE
10,Self-emp-not-inc,Some-college,3,Divorced,Sales,Own-child,Asian-Pac-Islander,Male,82500,1415,91,Cambodia,0.523075,POSITIVE
10,Self-emp-not-inc,Some-college,2,Divorced,Sales,Own-child,Asian-Pac-Islander,Female,82500,1851,78,Cambodia,0.496053,NEGATIVE
10,Self-emp-not-inc,Some-college,2,Divorced,Sales,Own-child,Asian-Pac-Islander,Male,82500,1851,78,Cambodia,0.527956,POSITIVE
10,Self-emp-not-inc,Some-college,3,Widowed,Sales,Own-child,Asian-Pac-Islander,Female,57500,1415,91,Cambodia,0.469098,NEGATIVE
10,Self-emp-not-inc,Some-college,3,Widowed,Sales,Own-child,Asian-Pac-Islander,Male,57500,1415,91,Cambodia,0.500991,POSITIVE
13,Self-emp-not-inc,Assoc-acdm,10,Divorced,Sales,Own-child,Asian-Pac-Islander,Female,57500,1851,91,Cambodia,0.489808,NEGATIVE
13,Self-emp-not-inc,Assoc-acdm,10,Divorced,Sales,Own-child,Asian-Pac-Islander,Male,57500,1851,91,Cambodia,0.521725,POSITIVE
13,Self-emp-inc,11th,3,Divorced,Exec-managerial,Own-child,Asian-Pac-Islander,Female,57500,1415,92,Cambodia,0.492724,NEGATIVE
13,Self-emp-inc,11th,3,Divorced,Exec-managerial,Own-child,Asian-Pac-Islander,Male,57500,1415,92,Cambodia,0.524636,POSITIVE
11,Federal-gov,11th,12,Never-married,Machine-op-inspct,Not-in-family,Amer-Indian-Eskimo,Female,62500,2069,94,Puerto-Rico,0.489676,NEGATIVE
11,Federal-gov,11th,12,Never-married,Machine-op-inspct,Not-in-family,Amer-Indian-Eskimo,Male,62500,2069,94,Puerto-Rico,0.521593,POSITIVE
10,Self-emp-inc,11th,11,Divorced,Exec-managerial,Own-child,Asian-Pac-Islander,Female,57500,1415,92,Cambodia,0.471578,NEGATIVE
10,Self-emp-inc,11th,11,Divorced,Exec-managerial,Own-child,Asian-Pac-Islander,Male,57500,1415,92,Cambodia,0.503480,POSITIVE
11,Federal-gov,Assoc-voc,4,Never-married,Machine-op-inspct,Not-in-family,Amer-Indian-Eskimo,Female,62500,2069,94,Puerto-Rico,0.486248,NEGATIVE
11,Federal-gov,Assoc-voc,4,Never-married,Machine-op-inspct,Not-in-family,Amer-Indian-Eskimo,Male,62500,2069,94,Puerto-Rico,0.518168,POSITIVE
10,Self-emp-not-inc,Bachelors,9,Widowed,Craft-repair,Wife,White,Female,52500,1851,77,United-States,0.492473,NEGATIVE
10,Self-emp-not-inc,Bachelors,9,Widowed,Craft-repair,Wife,White,Male,52500,1851,77,United-States,0.524385,POSITIVE
10,Self-emp-not-inc,Some-college,2,Widowed,Sales,Own-child,Asian-Pac-Islander,Female,57500,1851,78,Cambodia,0.473976,NEGATIVE
10,Self-emp-not-inc,Some-college,2,Widowed,Sales,Own-child,Asian-Pac-Islander,Male,57500,1851,78,Cambodia,0.505884,POSITIVE
10,Self-emp-not-inc,Some-college,3,Divorced,Sales,Own-child,Asian-Pac-Islander,Female,57500,1415,78,Cambodia,0.473160,NEGATIVE
10,Self-emp-not-inc,Some-college,3,Divorced,Sales,Own-child,Asian-Pac-Islander,Male,57500,1415,78,Cambodia,0.505066,POSITIVE
10,Self-emp-not-inc,Some-college,1,Married-civ-spouse,Craft-repair,Wife,White,Female,52500,762,90,Outlying-US(Guam-USVI-etc),0.496956,NEGATIVE
10,Self-emp-not-inc,Some-college,1,Married-civ-spouse,Craft-repair,Wife,White,Male,52500,762,90,Outlying-US(Guam-USVI-etc),0.528856,POSITIVE
10,Private,Bachelors,9,Married-civ-spouse,Tech-support,Wife,White,Female,77500,762,89,United-States,0.471338,NEGATIVE
10,Private,Bachelors,9,Married-civ-spouse,Tech-support,Wife,White,Male,77500,762,89,United-States,0.503238,POSITIVE
10,Private,Bachelors,9,Widowed,Tech-support,Wife,White,Female,52500,762,89,United-States,0.468769,NEGATIVE
10,Private,Bachelors,9,Widowed,Tech-support,Wife,White,Male,52500,762,89,United-States,0.500660,POSITIVE
13,Private,Bachelors,1,Married-civ-spouse,Tech-support,Wife,White,Female,52500,108,89,United-States,0.483496,NEGATIVE
13,Private,Bachelors,1,Married-civ-spouse,Tech-support,Wife,White,Male,52500,108,89,United-States,0.515417,POSITIVE
10,Self-emp-inc,11th,3,Divorced,Exec-managerial,Own-child,Asian-Pac-Islander,Female,57500,762,92,Cambodia,0.474303,NEGATIVE
10,Self-emp-inc,11th,3,Divorced,Exec-managerial,Own-child,Asian-Pac-Islander,Male,57500,762,92,Cambodia,0.506212,POSITIVE
10,Private,Bachelors,1,Married-civ-spouse,Tech-support,Wife,White,Female,52500,1851,64,Outlying-US(Guam-USVI-etc),0.490726,NEGATIVE
10,Private,Bachelors,1,Married-civ-spouse,Tech-support,Wife,White,Male,52500,1851,64,Outlying-US(Guam-USVI-etc),0.522642,POSITIVE
10,Self-emp-not-inc,Some-college,9,Married-civ-spouse,Craft-repair,Wife,White,Female,52500,1851,65,United-States,0.490199,NEGATIVE
10,Self-emp-not-inc,Some-college,9,Married-civ-spouse,Craft-repair,Wife,White,Male,52500,1851,65,United-States,0.522116,POSITIVE
10,Private,7th-8th,1,Married-civ-spouse,Tech-support,Wife,White,Female,52500,3375,39,United-States,0.498778,NEGATIVE
10,Private,7th-8th,1,Married-civ-spouse,Tech-support,Wife,White,Male,52500,3375,39,United-States,0.530672,POSITIVE
10,Private,Bachelors,1,Married-civ-spouse,Tech-support,Wife,White,Female,52500,3375,39,Outlying-US(Guam-USVI-etc),0.476433,NEGATIVE
10,Private,Bachelors,1,Married-civ-spouse,Tech-support,Wife,White,Male,52500,3375,39,Outlying-US(Guam-USVI-etc),0.508347,POSITIVE
10,Private,Bachelors,1,Widowed,Tech-support,Wife,White,Female,77500,4029,39,United-States,0.483843,NEGATIVE
10,Private,Bachelors,1,Widowed,Tech-support,Wife,White,Male,77500,4029,39,United-States,0.515764,POSITIVE
10,Self-emp-not-inc,Some-college,2,Divorced,Sales,Own-child,Asian-Pac-Islander,Female,82500,4029,41,Cambodia,0.471330,NEGATIVE
10,Self-emp-not-inc,Some-college,2,Divorced,Sales,Own-child,Asian-Pac-Islander,Male,82500,4029,41,Cambodia,0.503231,POSITIVE
10,Private,Bachelors,1,Married-civ-spouse,Tech-support,Wife,White,Female,77500,4029,26,United-States,0.474272,NEGATIVE
10,Private,Bachelors,1,Married-civ-spouse,Tech-support,Wife,White,Male,77500,4029,26,United-States,0.506181,POSITIVE
10,Self-emp-not-inc,Some-college,2,Widowed,Sales,Own-child,Asian-Pac-Islander,Female,57500,4029,41,Cambodia,0.497038,NEGATIVE
10,Self-emp-not-inc,Some-college,2,Widowed,Sales,Own-child,Asian-Pac-Islander,Male,57500,4029,41,Cambodia,0.528938,POSITIVE
10,Self-emp-not-inc,Some-college,3,Divorced,Sales,Own-child,Asian-Pac-Islander,Female,57500,3593,41,Cambodia,0.496220,NEGATIVE
10,Self-emp-not-inc,Some-college,3,Divorced,Sales,Own-child,Asian-Pac-Islander,Male,57500,3593,41,Cambodia,0.528123,POSITIVE
10,Private,Bachelors,1,Widowed,Tech-support,Wife,White,Female,52500,4029,26,United-States,0.471702,NEGATIVE
10,Private,Bachelors,1,Widowed,Tech-support,Wife,White,Male,52500,4029,26,United-States,0.503603,POSITIVE
10,Private,Bachelors,9,Married-civ-spouse,Tech-support,Wife,White,Female,52500,2940,39,United-States,0.476384,NEGATIVE
10,Private,Bachelors,9,Married-civ-spouse,Tech-support,Wife,White,Male,52500,2940,39,United-States,0.508298,POSITIVE
10,Private,Prof-school,1,Married-civ-spouse,Tech-support,Wife,White,Female,52500,2940,39,United-States,0.472963,NEGATIVE
10,Private,Prof-school,1,Married-civ-spouse,Tech-support,Wife,White,Male,52500,2940,39,United-States,0.504869,POSITIVE
16,Private,Bachelors,1,Married-civ-spouse,Tech-support,Wife,White,Female,27500,4029,89,Ecuador,0.474226,NEGATIVE
16,Private,Bachelors,1,Married-civ-spouse,Tech-support,Wife,White,Male,27500,4029,89,Ecuador,0.506135,POSITIVE
16,Private,Bachelors,1,Widowed,Tech-support,Wife,White,Female,27500,4029,89,Portugal,0.484636,NEGATIVE
16,Private,Bachelors,1,Widowed,Tech-support,Wife,White,Male,27500,4029,89,Portugal,0.516557,POSITIVE
16,Private,Bachelors,1,Married-civ-spouse,Tech-support,Wife,White,Female,27500,4029,76,Portugal,0.475064,NEGATIVE
16,Private,Bachelors,1,Married-civ-spouse,Tech-support,Wife,White,Male,27500,4029,76,Portugal,0.506975,POSITIVE
10,Self-emp-not-inc,7th-8th,1,Married-civ-spouse,Craft-repair,Wife,White,Female,27500,4029,90,Ecuador,0.478349,NEGATIVE
10,Self-emp-not-inc,7th-8th,1,Married-civ-spouse,Craft-repair,Wife,White,Male,27500,4029,90,Ecuador,0.510267,POSITIVE
10,Self-emp-not-inc,12th,2,Divorced,Craft-repair,Wife,White,Female,27500,3375,90,Portugal,0.496587,NEGATIVE
10,Self-emp-not-inc,12th,2,Divorced,Craft-repair,Wife,White,Male,27500,3375,90,Portugal,0.528488,POSITIVE
10,Self-emp-not-inc,7th-8th,1,Married-civ-spouse,Craft-repair,Wife,White,Female,27500,4029,77,Portugal,0.476264,NEGATIVE
10,Self-emp-not-inc,7th-8th,1,Married-civ-spouse,Craft-repair,Wife,White,Male,27500,4029,77,Portugal,0.508178,POSITIVE
10,Self-emp-not-inc,Some-college,10,Divorced,Sales,Own-child,Asian-Pac-Islander,Female,32500,4029,91,Taiwan,0.471795,NEGATIVE
10,Self-emp-not-inc,Some-college,10,Divorced,Sales,Own-child,Asian-Pac-Islander,Male,32500,4029,91,Taiwan,0.503698,POSITIVE
10,Self-emp-not-inc,Some-college,2,Divorced,Sales,Own-child,Asian-Pac-Islander,Female,32500,3593,91,Taiwan,0.485170,NEGATIVE
10,Self-emp-not-inc,Some-college,2,Divorced,Sales,Own-child,Asian-Pac-Islander,Male,32500,3593,91,Taiwan,0.517091,POSITIVE
13,Private,Bachelors,1,Widowed,Tech-support,Wife,White,Female,27500,3375,89,Portugal,0.476871,NEGATIVE
13,Private,Bachelors,1,Widowed,Tech-support,Wife,White,Male,27500,3375,89,Portugal,0.508786,POSITIVE
10,Self-emp-not-inc,Prof-school,9,Widowed,Craft-repair,Wife,White,Female,27500,4029,90,Portugal,0.482439,NEGATIVE
10,Self-emp-not-inc,Prof-school,9,Widowed,Craft-repair,Wife,White,Male,27500,4029,90,Portugal,0.514360,POSITIVE
10,Self-emp-not-inc,Some-college,2,Widowed,Sales,Own-child,Asian-Pac-Islander,Female,32500,3593,91,Ireland,0.476089,NEGATIVE
10,Self-emp-not-inc,Some-college,2,Widowed,Sales,Own-child,Asian-Pac-Islander,Male,32500,3593,91,Ireland,0.508002,POSITIVE
13,Self-emp-not-inc,Some-college,3,Divorced,Sales,Own-child,Asian-Pac-Islander,Female,32500,3593,91,Ireland,0.481482,NEGATIVE
13,Self-emp-not-inc,Some-college,3,Divorced,Sales,Own-child,Asian-Pac-Islander,Male,32500,3593,91,Ireland,0.513403,POSITIVE
10,Self-emp-not-inc,Prof-school,9,Married-civ-spouse,Craft-repair,Wife,White,Female,27500,4029,77,Portugal,0.479687,NEGATIVE
10,Self-emp-not-inc,Prof-school,9,Married-civ-spouse,Craft-repair,Wife,White,Male,27500,4029,77,Portugal,0.511606,POSITIVE
10,Self-emp-not-inc,Some-college,2,Divorced,Sales,Own-child,Asian-Pac-Islander,Female,32500,3593,78,Ireland,0.480157,NEGATIVE
10,Self-emp-not-inc,Some-college,2,Divorced,Sales,Own-child,Asian-Pac-Islander,Male,32500,3593,78,Ireland,0.512076,POSITIVE
13,Self-emp-not-inc,Bachelors,1,Married-civ-spouse,Craft-repair,Wife,White,Female,27500,2940,90,Portugal,0.481123,NEGATIVE
13,Self-emp-not-inc,Bachelors,1,Married-civ-spouse,Craft-repair,Wife,White,Male,27500,2940,90,Portugal,0.513044,POSITIVE
10,Self-emp-not-inc,Some-college,2,Married-civ-spouse,Craft-repair,Wife,White,Female,27500,2286,90,Portugal,0.489519,NEGATIVE
10,Self-emp-not-inc,Some-college,2,Married-civ-spouse,Craft-repair,Wife,White,Male,27500,2286,90,Portugal,0.521436,POSITIVE
10,Private,Bachelors,1,Married-civ-spouse,Tech-support,Wife,White,Female,27500,3375,64,Portugal,0.491028,NEGATIVE
10,Private,Bachelors,1,Married-civ-spouse,Tech-support,Wife,White,Male,27500,3375,64,Portugal,0.522943,POSITIVE
22,Private,7th-8th,1,Married-civ-spouse,Tech-support,Wife,White,Female,27500,4029,89,China,0.468179,NEGATIVE
22,Private,7th-8th,1,Married-civ-spouse,Tech-support,Wife,White,Male,27500,4029,89,China,0.500068,POSITIVE
25,Self-emp-not-inc,Bachelors,1,Married-civ-spouse,Craft-repair,Wife,White,Female,27500,4029,90,China,0.498909,NEGATIVE
25,Self-emp-not-inc,Bachelors,1,Married-civ-spouse,Craft-repair,Wife,White,Male,27500,4029,90,China,0.530802,POSITIVE
22,Private,Prof-school,9,Married-civ-spouse,Tech-support,Wife,White,Female,27500,4029,89,China,0.471596,NEGATIVE
22,Private,Prof-school,9,Married-civ-spouse,Tech-support,Wife,White,Male,27500,4029,89,China,0.503497,POSITIVE
22,Self-emp-not-inc,Some-college,1,Married-civ-spouse,Craft-repair,Wife,White,Female,27500,3375,90,China,0.483056,NEGATIVE
22,Self-emp-not-inc,Some-college,1,Married-civ-spouse,Craft-repair,Wife,White,Male,27500,3375,90,China,0.514977,POSITIVE
28,Self-emp-not-inc,7th-8th,1,Married-civ-spouse,Craft-repair,Wife,White,Female,27500,4029,90,United-States,0.476672,NEGATIVE
28,Self-emp-not-inc,7th-8th,1,Married-civ-spouse,Craft-repair,Wife,White,Male,27500,4029,90,United-States,0.508586,POSITIVE
28,Self-emp-not-inc,Some-college,1,Married-civ-spouse,Craft-repair,Wife,White,Female,27500,4029,90,Outlying-US(Guam-USVI-etc),0.470646,NEGATIVE
28,Self-emp-not-inc,Some-college,1,Married-civ-spouse,Craft-repair,Wife,White,Male,27500,4029,90,Outlying-US(Guam-USVI-etc),0.502544,POSITIVE
28,Self-emp-not-inc,Some-college,10,Divorced,Sales,Own-child,Asian-Pac-Islander,Female,32500,4029,91,Cambodia,0.477700,NEGATIVE
28,Self-emp-not-inc,Some-college,10,Divorced,Sales,Own-child,Asian-Pac-Islander,Male,32500,4029,91,Cambodia,0.509616,POSITIVE
31,Self-emp-not-inc,Some-college,2,Divorced,Sales,Own-child,Asian-Pac-Islander,Female,32500,4029,91,Cambodia,0.493175,NEGATIVE
31,Self-emp-not-inc,Some-college,2,Divorced,Sales,Own-child,Asian-Pac-Islander,Male,32500,4029,91,Cambodia,0.525086,POSITIVE
28,Self-emp-not-inc,Some-college,2,Divorced,Sales,Own-child,Asian-Pac-Islander,Female,32500,3593,91,Cambodia,0.491087,NEGATIVE
28,Self-emp-not-inc,Some-college,2,Divorced,Sales,Own-child,Asian-Pac-Islander,Male,32500,3593,91,Cambodia,0.523002,POSITIVE
22,Private,7th-8th,1,Widowed,Tech-support,Wife,White,Female,27500,4029,89,Outlying-US(Guam-USVI-etc),0.478577,NEGATIVE
22,Private,7th-8th,1,Widowed,Tech-support,Wife,White,Male,27500,4029,89,Outlying-US(Guam-USVI-etc),0.510494,POSITIVE
22,Self-emp-not-inc,12th,2,Divorced,Sales,Own-child,Asian-Pac-Islander,Female,32500,4029,91,India,0.498665,NEGATIVE
22,Self-emp-not-inc,12th,2,Divorced,Sales,Own-child,Asian-Pac-Islander,Male,32500,4029,91,India,0.530559,POSITIVE
22,Private,7th-8th,1,Married-civ-spouse,Tech-support,Wife,White,Female,27500,4029,76,Outlying-US(Guam-USVI-etc),0.469016,NEGATIVE
22,Private,7th-8th,1,Married-civ-spouse,Tech-support,Wife,White,Male,27500,4029,76,Outlying-US(Guam-USVI-etc),0.500908,POSITIVE
22,Self-emp-not-inc,12th,3,Divorced,Sales,Own-child,Asian-Pac-Islander,Female,32500,3593,91,Cambodia,0.486519,NEGATIVE
22,Self-emp-not-inc,12th,3,Divorced,Sales,Own-child,Asian-Pac-Islander,Male,32500,3593,91,Cambodia,0.518440,POSITIVE
22,Private,10th,9,Married-civ-spouse,Tech-support,Wife,White,Female,27500,4029,76,United-States,0.494768,NEGATIVE
22,Private,10th,9,Married-civ-spouse,Tech-support,Wife,White,Male,27500,4029,76,United-States,0.526675,POSITIVE
25,Self-emp-not-inc,Bachelors,1,Widowed,Craft-repair,Wife,White,Female,27500,4029,90,Outlying-US(Guam-USVI-etc),0.499576,NEGATIVE
25,Self-emp-not-inc,Bachelors,1,Widowed,Craft-repair,Wife,White,Male,27500,4029,90,Outlying-US(Guam-USVI-etc),0.531467,POSITIVE
22,Private,Prof-school,9,Widowed,Tech-support,Wife,White,Female,27500,4029,89,Outlying-US(Guam-USVI-etc),0.482001,NEGATIVE
22,Private,Prof-school,9,Widowed,Tech-support,Wife,White,Male,27500,4029,89,Outlying-US(Guam-USVI-etc),0.513922,POSITIVE
22,Self-emp-not-inc,Some-college,1,Widowed,Craft-repair,Wife,White,Female,27500,3375,90,Outlying-US(Guam-USVI-etc),0.483722,NEGATIVE
22,Self-emp-not-inc,Some-college,1,Widowed,Craft-repair,Wife,White,Male,27500,3375,90,Outlying-US(Guam-USVI-etc),0.515643,POSITIVE
25,Self-emp-inc,Some-college,3,Divorced,Exec-managerial,Own-child,Asian-Pac-Islander,Female,32500,4029,92,India,0.481606,NEGATIVE
25,Self-emp-inc,Some-college,3,Divorced,Exec-managerial,Own-child,Asian-Pac-Islander,Male,32500,4029,92,India,0.513526,POSITIVE
25,Private,Prof-school,1,Married-civ-spouse,Tech-support,Wife,White,Female,27500,3375,89,Outlying-US(Guam-USVI-etc),0.496755,NEGATIVE
25,Private,Prof-school,1,Married-civ-spouse,Tech-support,Wife,White,Male,27500,3375,89,Outlying-US(Guam-USVI-etc),0.528656,POSITIVE
22,Self-emp-inc,11th,11,Divorced,Exec-managerial,Own-child,Asian-Pac-Islander,Female,32500,4029,92,India,0.468217,NEGATIVE
22,Self-emp-inc,11th,11,Divorced,Exec-managerial,Own-child,Asian-Pac-Islander,Male,32500,4029,92,India,0.500106,POSITIVE
25,Self-emp-not-inc,Bachelors,1,Married-civ-spouse,Craft-repair,Wife,White,Female,27500,4029,77,Outlying-US(Guam-USVI-etc),0.496819,NEGATIVE
25,Self-emp-not-inc,Bachelors,1,Married-civ-spouse,Craft-repair,Wife,White,Male,27500,4029,77,Outlying-US(Guam-USVI-etc),0.528720,POSITIVE
22,Private,Prof-school,9,Married-civ-spouse,Tech-support,Wife,White,Female,27500,4029,76,Outlying-US(Guam-USVI-etc),0.472433,NEGATIVE
22,Private,Prof-school,9,Married-civ-spouse,Tech-support,Wife,White,Male,27500,4029,76,Outlying-US(Guam-USVI-etc),0.504337,POSITIVE
22,Self-emp-not-inc,Some-college,1,Married-civ-spouse,Craft-repair,Wife,White,Female,27500,3375,77,Outlying-US(Guam-USVI-etc),0.480969,NEGATIVE
22,Self-emp-not-inc,Some-college,1,Married-civ-spouse,Craft-repair,Wife,White,Male,27500,3375,77,Outlying-US(Guam-USVI-etc),0.512889,POSITIVE
25,Self-emp-not-inc,Some-college,10,Widowed,Sales,Own-child,Asian-Pac-Islander,Female,32500,4029,91,Cambodia,0.472994,NEGATIVE
25,Self-emp-not-inc,Some-college,10,Widowed,Sales,Own-child,Asian-Pac-Islander,Male,32500,4029,91,Cambodia,0.504900,POSITIVE
25,Self-emp-inc,11th,3,Married-spouse-absent,Exec-managerial,Own-child,Asian-Pac-Islander,Female,32500,4029,92,Cambodia,0.481305,NEGATIVE
25,Self-emp-inc,11th,3,Married-spouse-absent,Exec-managerial,Own-child,Asian-Pac-Islander,Male,32500,4029,92,Cambodia,0.513226,POSITIVE
22,Self-emp-not-inc,Some-college,10,Widowed,Sales,Own-child,Asian-Pac-Islander,Female,32500,3375,91,Cambodia,0.491697,NEGATIVE
22,Self-emp-not-inc,Some-college,10,Widowed,Sales,Own-child,Asian-Pac-Islander,Male,32500,3375,91,Cambodia,0.523611,POSITIVE
25,Self-emp-inc,Some-college,11,Divorced,Prof-specialty,Husband,Amer-Indian-Eskimo,Female,37500,4029,93,England,0.479963,NEGATIVE
25,Self-emp-inc,Some-college,11,Divorced,Prof-specialty,Husband,Amer-Indian-Eskimo,Male,37500,4029,93,England,0.511882,POSITIVE
25,Self-emp-inc,Assoc-acdm,3,Divorced,Prof-specialty,Husband,Amer-Indian-Eskimo,Female,37500,4029,93,England,0.476539,NEGATIVE
25,Self-emp-inc,Assoc-acdm,3,Divorced,Prof-specialty,Husband,Amer-Indian-Eskimo,Male,37500,4029,93,England,0.508453,POSITIVE
23,Federal-gov,Prof-school,8,Never-married,Machine-op-inspct,Not-in-family,Amer-Indian-Eskimo,Female,37500,3811,94,Puerto-Rico,0.499403,NEGATIVE
23,Federal-gov,Prof-school,8,Never-married,Machine-op-inspct,Not-in-family,Amer-Indian-Eskimo,Male,37500,3811,94,Puerto-Rico,0.531294,POSITIVE
22,Self-emp-not-inc,Some-college,2,Widowed,Craft-repair,Wife,White,Female,27500,3375,77,United-States,0.470301,NEGATIVE
22,Self-emp-not-inc,Some-college,2,Widowed,Craft-repair,Wife,White,Male,27500,3375,77,United-States,0.502198,POSITIVE
25,Self-emp-not-inc,Some-college,10,Divorced,Sales,Own-child,Asian-Pac-Islander,Female,32500,4029,78,Cambodia,0.477060,NEGATIVE
25,Self-emp-not-inc,Some-college,10,Divorced,Sales,Own-child,Asian-Pac-Islander,Male,32500,4029,78,Cambodia,0.508975,POSITIVE
25,Self-emp-inc,11th,3,Divorced,Exec-managerial,Own-child,Asian-Pac-Islander,Female,32500,4029,79,Cambodia,0.492205,NEGATIVE
25,Self-emp-inc,11th,3,Divorced,Exec-managerial,Own-child,Asian-Pac-Islander,Male,32500,4029,79,Cambodia,0.524117,POSITIVE
22,Self-emp-not-inc,Some-college,10,Divorced,Sales,Own-child,Asian-Pac-Islander,Female,32500,3375,78,Cambodia,0.495771,NEGATIVE
22,Self-emp-not-inc,Some-college,10,Divorced,Sales,Own-child,Asian-Pac-Islander,Male,32500,3375,78,Cambodia,0.527675,POSITIVE
22,Private,7th-8th,1,Married-civ-spouse,Tech-support,Wife,White,Female,27500,2286,89,United-States,0.485504,NEGATIVE
22,Private,7th-8th,1,Married-civ-spouse,Tech-support,Wife,White,Male,27500,2286,89,United-States,0.517426,POSITIVE
25,Private,Bachelors,1,Married-civ-spouse,Tech-support,Wife,White,Female,27500,2940,89,Outlying-US(Guam-USVI-etc),0.470947,NEGATIVE
25,Private,Bachelors,1,Married-civ-spouse,Tech-support,Wife,White,Male,27500,2940,89,Outlying-US(Guam-USVI-etc),0.502846,POSITIVE
22,Self-emp-not-inc,Bachelors,9,Widowed,Craft-repair,Wife,White,Female,27500,2940,90,United-States,0.499352,NEGATIVE
22,Self-emp-not-inc,Bachelors,9,Widowed,Craft-repair,Wife,White,Male,27500,2940,90,United-States,0.531243,POSITIVE
22,Self-emp-not-inc,Some-college,2,Widowed,Sales,Own-child,Asian-Pac-Islander,Female,32500,2940,91,Cambodia,0.483766,NEGATIVE
22,Self-emp-not-inc,Some-college,2,Widowed,Sales,Own-child,Asian-Pac-Islander,Male,32500,2940,91,Cambodia,0.515688,POSITIVE
22,Self-emp-not-inc,Some-college,3,Divorced,Sales,Own-child,Asian-Pac-Islander,Female,32500,2504,91,Cambodia,0.482949,NEGATIVE
22,Self-emp-not-inc,Some-college,3,Divorced,Sales,Own-child,Asian-Pac-Islander,Male,32500,2504,91,Cambodia,0.514871,POSITIVE
22,Self-emp-not-inc,Bachelors,9,Married-civ-spouse,Craft-repair,Wife,White,Female,27500,2940,77,United-States,0.496595,NEGATIVE
22,Self-emp-not-inc,Bachelors,9,Married-civ-spouse,Craft-repair,Wife,White,Male,27500,2940,77,United-States,0.528496,POSITIVE
22,Self-emp-not-inc,Some-college,2,Divorced,Sales,Own-child,Asian-Pac-Islander,Female,32500,2940,78,Cambodia,0.487838,NEGATIVE
22,Self-emp-not-inc,Some-college,2,Divorced,Sales,Own-child,Asian-Pac-Islander,Male,32500,2940,78,Cambodia,0.519758,POSITIVE
22,Self-emp-not-inc,Some-college,2,Divorced,Craft-repair,Wife,White,Female,27500,3375,65,United-States,0.473380,NEGATIVE
22,Self-emp-not-inc,Some-college,2,Divorced,Craft-repair,Wife,White,Male,27500,3375,65,United-States,0.505287,POSITIVE
22,Self-emp-not-inc,Some-college,1,Married-civ-spouse,Craft-repair,Wife,White,Female,27500,4029,52,United-States,0.476951,NEGATIVE
22,Self-emp-not-inc,Some-college,1,Married-civ-spouse,Craft-repair,Wife,White,Male,27500,4029,52,United-States,0.508866,POSITIVE
16,Self-emp-not-inc,10th,9,Married-civ-spouse,Craft-repair,Wife,White,Female,27500,4029,90,China,0.475718,NEGATIVE
16,Self-emp-not-inc,10th,9,Married-civ-spouse,Craft-repair,Wife,White,Male,27500,4029,90,China,0.507630,POSITIVE
16,Self-emp-not-inc,12th,2,Divorced,Sales,Own-child,Asian-Pac-Islander,Female,32500,3593,91,Cuba,0.479111,NEGATIVE
16,Self-emp-not-inc,12th,2,Divorced,Sales,Own-child,Asian-Pac-Islander,Male,32500,3593,91,Cuba,0.511029,POSITIVE
16,Self-emp-not-inc,Some-college,2,Widowed,Sales,Own-child,Asian-Pac-Islander,Female,32500,4029,91,Poland,0.495636,NEGATIVE
16,Self-emp-not-inc,Some-college,2,Widowed,Sales,Own-child,Asian-Pac-Islander,Male,32500,4029,91,Poland,0.527540,POSITIVE
16,Self-emp-not-inc,Some-college,3,Divorced,Sales,Own-child,Asian-Pac-Islander,Female,32500,3593,91,Poland,0.494818,NEGATIVE
16,Self-emp-not-inc,Some-college,3,Divorced,Sales,Own-child,Asian-Pac-Islander,Male,32500,3593,91,Poland,0.526725,POSITIVE
16,Self-emp-not-inc,Some-college,3,Widowed,Sales,Own-child,Asian-Pac-Islander,Female,32500,3593,91,Cuba,0.485727,NEGATIVE
16,Self-emp-not-inc,Some-college,3,Widowed,Sales,Own-child,Asian-Pac-Islander,Male,32500,3593,91,Cuba,0.517648,POSITIVE
19,Self-emp-inc,HS-grad,3,Divorced,Prof-specialty,Husband,Amer-Indian-Eskimo,Female,37500,4029,93,Iran,0.483048,NEGATIVE
19,Self-emp-inc,HS-grad,3,Divorced,Prof-specialty,Husband,Amer-Indian-Eskimo,Male,37500,4029,93,Iran,0.514969,POSITIVE
19,Self-emp-inc,Some-college,3,Divorced,Exec-managerial,Own-child,Asian-Pac-Islander,Female,32500,3593,92,Cuba,0.494036,NEGATIVE
19,Self-emp-inc,Some-college,3,Divorced,Exec-managerial,Own-child,Asian-Pac-Islander,Male,32500,3593,92,Cuba,0.525944,POSITIVE
17,Federal-gov,11th,12,Never-married,Machine-op-inspct,Not-in-family,Amer-Indian-Eskimo,Female,37500,4247,94,Iran,0.483543,NEGATIVE
17,Federal-gov,11th,12,Never-married,Machine-op-inspct,Not-in-family,Amer-Indian-Eskimo,Male,37500,4247,94,Iran,0.515464,POSITIVE
16,Self-emp-inc,11th,11,Divorced,Exec-managerial,Own-child,Asian-Pac-Islander,Female,32500,3593,92,Cuba,0.480621,NEGATIVE
16,Self-emp-inc,11th,11,Divorced,Exec-managerial,Own-child,Asian-Pac-Islander,Male,32500,3593,92,Cuba,0.512541,POSITIVE
17,Federal-gov,Assoc-voc,4,Never-married,Machine-op-inspct,Not-in-family,Amer-Indian-Eskimo,Female,37500,4247,94,Iran,0.480118,NEGATIVE
17,Federal-gov,Assoc-voc,4,Never-married,Machine-op-inspct,Not-in-family,Amer-Indian-Eskimo,Male,37500,4247,94,Iran,0.512037,POSITIVE
16,Private,Bachelors,1,Widowed,Tech-support,Wife,White,Female,27500,4029,76,Italy,0.485475,NEGATIVE
16,Private,Bachelors,1,Widowed,Tech-support,Wife,White,Male,27500,4029,76,Italy,0.517396,POSITIVE
16,Self-emp-not-inc,Some-college,2,Divorced,Sales,Own-child,Asian-Pac-Islander,Female,32500,4029,78,Poland,0.499712,NEGATIVE
16,Self-emp-not-inc,Some-college,2,Divorced,Sales,Own-child,Asian-Pac-Islander,Male,32500,4029,78,Poland,0.531602,POSITIVE
16,Self-emp-not-inc,Some-college,2,Widowed,Sales,Own-child,Asian-Pac-Islander,Female,32500,4029,78,Cuba,0.490618,NEGATIVE
16,Self-emp-not-inc,Some-college,2,Widowed,Sales,Own-child,Asian-Pac-Islander,Male,32500,4029,78,Cuba,0.522534,POSITIVE
16,Self-emp-not-inc,Some-college,3,Divorced,Sales,Own-child,Asian-Pac-Islander,Female,32500,3593,78,Cuba,0.489800,NEGATIVE
16,Self-emp-not-inc,Some-college,3,Divorced,Sales,Own-child,Asian-Pac-Islander,Male,32500,3593,78,Cuba,0.521718,POSITIVE
16,Private,Bachelors,9,Married-civ-spouse,Tech-support,Wife,White,Female,27500,2940,89,Italy,0.490167,NEGATIVE
16,Private,Bachelors,9,Married-civ-spouse,Tech-support,Wife,White,Male,27500,2940,89,Italy,0.522084,POSITIVE
16,Private,Prof-school,1,Married-civ-spouse,Tech-support,Wife,White,Female,27500,2940,89,Italy,0.486739,NEGATIVE
16,Private,Prof-school,1,Married-civ-spouse,Tech-support,Wife,White,Male,27500,2940,89,Italy,0.518660,POSITIVE
16,Private,Prof-school,1,Widowed,Tech-support,Wife,White,Female,27500,2940,89,China,0.497164,NEGATIVE
16,Private,Prof-school,1,Widowed,Tech-support,Wife,White,Male,27500,2940,89,China,0.529064,POSITIVE
16,Self-emp-not-inc,Some-college,10,Divorced,Sales,Own-child,Asian-Pac-Islander,Female,32500,2940,91,Cuba,0.472881,NEGATIVE
16,Self-emp-not-inc,Some-college,10,Divorced,Sales,Own-child,Asian-Pac-Islander,Male,32500,2940,91,Cuba,0.504786,POSITIVE
16,Self-emp-inc,11th,3,Divorced,Exec-managerial,Own-child,Asian-Pac-Islander,Female,32500,2940,92,Cuba,0.483350,NEGATIVE
16,Self-emp-inc,11th,3,Divorced,Exec-managerial,Own-child,Asian-Pac-Islander,Male,32500,2940,92,Cuba,0.515272,POSITIVE
16,Private,Bachelors,9,Married-civ-spouse,Tech-support,Wife,White,Female,27500,2940,76,China,0.491007,NEGATIVE
16,Private,Bachelors,9,Married-civ-spouse,Tech-support,Wife,White,Male,27500,2940,76,China,0.522922,POSITIVE
16,Private,Prof-school,1,Married-civ-spouse,Tech-support,Wife,White,Female,27500,2940,76,China,0.487579,NEGATIVE
16,Private,Prof-school,1,Married-civ-spouse,Tech-support,Wife,White,Male,27500,2940,76,China,0.519499,POSITIVE
13,Private,7th-8th,9,Widowed,Tech-support,Wife,White,Female,27500,4029,89,Italy,0.497815,NEGATIVE
13,Private,7th-8th,9,Widowed,Tech-support,Wife,White,Male,27500,4029,89,Italy,0.529713,POSITIVE
13,Private,10th,1,Widowed,Tech-support,Wife,White,Female,27500,4029,89,Italy,0.494386,NEGATIVE
13,Private,10th,1,Widowed,Tech-support,Wife,White,Male,27500,4029,89,Italy,0.526294,POSITIVE
10,Private,7th-8th,9,Widowed,Tech-support,Wife,White,Female,27500,3375,89,Italy,0.490041,NEGATIVE
10,Private,7th-8th,9,Widowed,Tech-support,Wife,White,Male,27500,3375,89,Italy,0.521958,POSITIVE
10,Private,10th,1,Widowed,Tech-support,Wife,White,Female,27500,3375,89,Italy,0.486613,NEGATIVE
10,Private,10th,1,Widowed,Tech-support,Wife,White,Male,27500,3375,89,Italy,0.518534,POSITIVE
13,Self-emp-not-inc,12th,10,Divorced,Sales,Own-child,Asian-Pac-Islander,Female,32500,4029,91,Poland,0.470112,NEGATIVE
13,Self-emp-not-inc,12th,10,Divorced,Sales,Own-child,Asian-Pac-Islander,Male,32500,4029,91,Poland,0.502008,POSITIVE
13,Self-emp-inc,Masters,3,Divorced,Exec-managerial,Own-child,Asian-Pac-Islander,Female,32500,4029,92,Poland,0.480575,NEGATIVE
13,Self-emp-inc,Masters,3,Divorced,Exec-managerial,Own-child,Asian-Pac-Islander,Male,32500,4029,92,Poland,0.512495,POSITIVE
10,Self-emp-not-inc,12th,10,Divorced,Sales,Own-child,Asian-Pac-Islander,Female,32500,3375,91,Poland,0.488806,NEGATIVE
10,Self-emp-not-inc,12th,10,Divorced,Sales,Own-child,Asian-Pac-Islander,Male,32500,3375,91,Poland,0.520725,POSITIVE
10,Self-emp-inc,12th,11,Married-spouse-absent,Prof-specialty,Husband,Amer-Indian-Eskimo,Female,37500,4029,93,Iran,0.476382,NEGATIVE
10,Self-emp-inc,12th,11,Married-spouse-absent,Prof-specialty,Husband,Amer-Indian-Eskimo,Male,37500,4029,93,Iran,0.508296,POSITIVE
10,Self-emp-not-inc,12th,10,Widowed,Sales,Own-child,Asian-Pac-Islander,Female,32500,3375,91,Cuba,0.479721,NEGATIVE
10,Self-emp-not-inc,12th,10,Widowed,Sales,Own-child,Asian-Pac-Islander,Male,32500,3375,91,Cuba,0.511640,POSITIVE
10,Self-emp-inc,Doctorate,3,Married-spouse-absent,Prof-specialty,Husband,Amer-Indian-Eskimo,Female,37500,4029,93,Iran,0.472961,NEGATIVE
10,Self-emp-inc,Doctorate,3,Married-spouse-absent,Prof-specialty,Husband,Amer-Indian-Eskimo,Male,37500,4029,93,Iran,0.504866,POSITIVE
13,Self-emp-inc,1st-4th,3,Divorced,Prof-specialty,Husband,Amer-Indian-Eskimo,Female,37500,3811,93,Iran,0.497837,NEGATIVE
13,Self-emp-inc,1st-4th,3,Divorced,Prof-specialty,Husband,Amer-Indian-Eskimo,Male,37500,3811,93,Iran,0.529734,POSITIVE
11,Local-gov,Masters,13,Never-married,Adm-clerical,Not-in-family,Amer-Indian-Eskimo,Female,37500,4247,95,Iran,0.487672,NEGATIVE
11,Local-gov,Masters,13,Never-married,Adm-clerical,Not-in-family,Amer-Indian-Eskimo,Male,37500,4247,95,Iran,0.519592,POSITIVE
10,Self-emp-inc,1st-4th,11,Divorced,Prof-specialty,Husband,Amer-Indian-Eskimo,Female,37500,3593,93,Iran,0.497996,NEGATIVE
10,Self-emp-inc,1st-4th,11,Divorced,Prof-specialty,Husband,Amer-Indian-Eskimo,Male,37500,3593,93,Iran,0.529893,POSITIVE
11,Local-gov,5th-6th,5,Never-married,Adm-clerical,Not-in-family,Amer-Indian-Eskimo,Female,37500,4247,95,Iran,0.484245,NEGATIVE
11,Local-gov,5th-6th,5,Never-married,Adm-clerical,Not-in-family,Amer-Indian-Eskimo,Male,37500,4247,95,Iran,0.516167,POSITIVE
10,Self-emp-not-inc,12th,2,Divorced,Craft-repair,Wife,White,Female,27500,3375,77,Italy,0.494498,NEGATIVE
10,Self-emp-not-inc,12th,2,Divorced,Craft-repair,Wife,White,Male,27500,3375,77,Italy,0.526405,POSITIVE
13,Private,7th-8th,9,Widowed,Tech-support,Wife,White,Female,27500,4029,76,China,0.498656,NEGATIVE
13,Private,7th-8th,9,Widowed,Tech-support,Wife,White,Male,27500,4029,76,China,0.530550,POSITIVE
13,Private,10th,1,Widowed,Tech-support,Wife,White,Female,27500,4029,76,China,0.495226,NEGATIVE
13,Private,10th,1,Widowed,Tech-support,Wife,White,Male,27500,4029,76,China,0.527132,POSITIVE
10,Private,7th-8th,9,Widowed,Tech-support,Wife,White,Female,27500,3375,76,China,0.490881,NEGATIVE
10,Private,7th-8th,9,Widowed,Tech-support,Wife,White,Male,27500,3375,76,China,0.522796,POSITIVE
10,Private,10th,1,Widowed,Tech-support,Wife,White,Female,27500,3375,76,China,0.487453,NEGATIVE
10,Private,10th,1,Widowed,Tech-support,Wife,White,Male,27500,3375,76,China,0.519373,POSITIVE
13,Self-emp-inc,Masters,3,Divorced,Exec-managerial,Own-child,Asian-Pac-Islander,Female,32500,4029,79,Cuba,0.472644,NEGATIVE
13,Self-emp-inc,Masters,3,Divorced,Exec-managerial,Own-child,Asian-Pac-Islander,Male,32500,4029,79,Cuba,0.504548,POSITIVE
10,Self-emp-inc,12th,11,Divorced,Prof-specialty,Husband,Amer-Indian-Eskimo,Female,37500,4029,80,Iran,0.494103,NEGATIVE
10,Self-emp-inc,12th,11,Divorced,Prof-specialty,Husband,Amer-Indian-Eskimo,Male,37500,4029,80,Iran,0.526011,POSITIVE
10,Self-emp-not-inc,12th,10,Divorced,Sales,Own-child,Asian-Pac-Islander,Female,32500,3375,78,Cuba,0.483791,NEGATIVE
10,Self-emp-not-inc,12th,10,Divorced,Sales,Own-child,Asian-Pac-Islander,Male,32500,3375,78,Cuba,0.515712,POSITIVE
10,Self-emp-inc,Doctorate,3,Divorced,Prof-specialty,Husband,Amer-Indian-Eskimo,Female,37500,4029,80,Iran,0.490674,NEGATIVE
10,Self-emp-inc,Doctorate,3,Divorced,Prof-specialty,Husband,Amer-Indian-Eskimo,Male,37500,4029,80,Iran,0.522590,POSITIVE
13,Self-emp-not-inc,Some-college,3,Widowed,Sales,Own-child,Asian-Pac-Islander,Female,32500,3593,91,Poland,0.472407,NEGATIVE
13,Self-emp-not-inc,Some-college,3,Widowed,Sales,Own-child,Asian-Pac-Islander,Male,32500,3593,91,Poland,0.504311,POSITIVE
10,Self-emp-inc,HS-grad,11,Married-spouse-absent,Prof-specialty,Husband,Amer-Indian-Eskimo,Female,37500,4029,93,Jamaica,0.473699,NEGATIVE
10,Self-emp-inc,HS-grad,11,Married-spouse-absent,Prof-specialty,Husband,Amer-Indian-Eskimo,Male,37500,4029,93,Jamaica,0.505607,POSITIVE
10,Self-emp-inc,Some-college,11,Married-spouse-absent,Exec-managerial,Own-child,Asian-Pac-Islander,Female,32500,3593,92,Poland,0.494431,NEGATIVE
10,Self-emp-inc,Some-college,11,Married-spouse-absent,Exec-managerial,Own-child,Asian-Pac-Islander,Male,32500,3593,92,Poland,0.526338,POSITIVE
11,Local-gov,11th,5,Married-spouse-absent,Adm-clerical,Not-in-family,Amer-Indian-Eskimo,Female,37500,4247,95,Jamaica,0.478575,NEGATIVE
11,Local-gov,11th,5,Married-spouse-absent,Adm-clerical,Not-in-family,Amer-Indian-Eskimo,Male,37500,4247,95,Jamaica,0.510493,POSITIVE
10,Self-emp-inc,Assoc-acdm,3,Married-spouse-absent,Exec-managerial,Own-child,Asian-Pac-Islander,Female,32500,3593,92,Poland,0.491002,NEGATIVE
10,Self-emp-inc,Assoc-acdm,3,Married-spouse-absent,Exec-managerial,Own-child,Asian-Pac-Islander,Male,32500,3593,92,Poland,0.522917,POSITIVE
13,Self-emp-inc,HS-grad,6,Divorced,Prof-specialty,Husband,Amer-Indian-Eskimo,Female,37500,3811,93,Jamaica,0.496520,NEGATIVE
13,Self-emp-inc,HS-grad,6,Divorced,Prof-specialty,Husband,Amer-Indian-Eskimo,Male,37500,3811,93,Jamaica,0.528422,POSITIVE
11,Federal-gov,Prof-school,12,Never-married,Machine-op-inspct,Not-in-family,Amer-Indian-Eskimo,Female,37500,3811,94,Jamaica,0.487563,NEGATIVE
11,Federal-gov,Prof-school,12,Never-married,Machine-op-inspct,Not-in-family,Amer-Indian-Eskimo,Male,37500,3811,94,Jamaica,0.519483,POSITIVE
11,Local-gov,Assoc-acdm,5,Never-married,Farming-fishing,Not-in-family,Other,Female,42500,4247,96,Vietnam,0.495471,NEGATIVE
11,Local-gov,Assoc-acdm,5,Never-married,Farming-fishing,Not-in-family,Other,Male,42500,4247,96,Vietnam,0.527376,POSITIVE
11,Federal-gov,Assoc-voc,4,Never-married,Machine-op-inspct,Not-in-family,Amer-Indian-Eskimo,Female,37500,3593,94,Jamaica,0.471241,NEGATIVE
11,Federal-gov,Assoc-voc,4,Never-married,Machine-op-inspct,Not-in-family,Amer-Indian-Eskimo,Male,37500,3593,94,Jamaica,0.503142,POSITIVE
12,Federal-gov,Prof-school,8,Married-spouse-absent,Machine-op-inspct,Not-in-family,Amer-Indian-Eskimo,Female,37500,3811,94,Iran,0.491773,NEGATIVE
12,Federal-gov,Prof-school,8,Married-spouse-absent,Machine-op-inspct,Not-in-family,Amer-Indian-Eskimo,Male,37500,3811,94,Iran,0.523687,POSITIVE
14,Local-gov,Prof-school,13,Never-married,Adm-clerical,Not-in-family,Amer-Indian-Eskimo,Female,37500,4247,95,Iran,0.480613,NEGATIVE
14,Local-gov,Prof-school,13,Never-married,Adm-clerical,Not-in-family,Amer-Indian-Eskimo,Male,37500,4247,95,Iran,0.512533,POSITIVE
13,Self-emp-inc,Assoc-acdm,11,Divorced,Prof-specialty,Husband,Amer-Indian-Eskimo,Female,37500,3593,93,Iran,0.490931,NEGATIVE
13,Self-emp-inc,Assoc-acdm,11,Divorced,Prof-specialty,Husband,Amer-Indian-Eskimo,Male,37500,3593,93,Iran,0.522846,POSITIVE
14,Local-gov,Prof-school,5,Never-married,Adm-clerical,Not-in-family,Amer-Indian-Eskimo,Female,37500,3593,95,Iran,0.494004,NEGATIVE
14,Local-gov,Prof-school,5,Never-married,Adm-clerical,Not-in-family,Amer-Indian-Eskimo,Male,37500,3593,95,Iran,0.525913,POSITIVE
13,Private,Bachelors,1,Widowed,Tech-support,Wife,White,Female,27500,3375,76,Italy,0.477710,NEGATIVE
13,Private,Bachelors,1,Widowed,Tech-support,Wife,White,Male,27500,3375,76,Italy,0.509626,POSITIVE
10,Self-emp-not-inc,Prof-school,9,Widowed,Craft-repair,Wife,White,Female,27500,4029,77,Italy,0.480353,NEGATIVE
10,Self-emp-not-inc,Prof-school,9,Widowed,Craft-repair,Wife,White,Male,27500,4029,77,Italy,0.512272,POSITIVE
10,Self-emp-not-inc,Some-college,2,Widowed,Sales,Own-child,Asian-Pac-Islander,Female,32500,3593,78,Poland,0.471084,NEGATIVE
10,Self-emp-not-inc,Some-college,2,Widowed,Sales,Own-child,Asian-Pac-Islander,Male,32500,3593,78,Poland,0.502984,POSITIVE
13,Self-emp-not-inc,Some-college,3,Divorced,Sales,Own-child,Asian-Pac-Islander,Female,32500,3593,78,Poland,0.476472,NEGATIVE
13,Self-emp-not-inc,Some-college,3,Divorced,Sales,Own-child,Asian-Pac-Islander,Male,32500,3593,78,Poland,0.508386,POSITIVE
10,Self-emp-inc,HS-grad,11,Divorced,Prof-specialty,Husband,Amer-Indian-Eskimo,Female,37500,4029,80,Jamaica,0.491415,NEGATIVE
10,Self-emp-inc,HS-grad,11,Divorced,Prof-specialty,Husband,Amer-Indian-Eskimo,Male,37500,4029,80,Jamaica,0.523329,POSITIVE
13,Self-emp-not-inc,Bachelors,9,Widowed,Craft-repair,Wife,White,Female,27500,3375,77,China,0.498294,NEGATIVE
13,Self-emp-not-inc,Bachelors,9,Widowed,Craft-repair,Wife,White,Male,27500,3375,77,China,0.530190,POSITIVE
13,Self-emp-not-inc,Prof-school,1,Widowed,Craft-repair,Wife,White,Female,27500,3375,77,China,0.494865,NEGATIVE
13,Self-emp-not-inc,Prof-school,1,Widowed,Craft-repair,Wife,White,Male,27500,3375,77,China,0.526771,POSITIVE
10,Self-emp-inc,11th,11,Married-spouse-absent,Exec-managerial,Own-child,Asian-Pac-Islander,Female,32500,3593,79,Cuba,0.494234,NEGATIVE
10,Self-emp-inc,11th,11,Married-spouse-absent,Exec-managerial,Own-child,Asian-Pac-Islander,Male,32500,3593,79,Cuba,0.526142,POSITIVE
10,Self-emp-inc,HS-grad,3,Married-spouse-absent,Prof-specialty,Husband,Amer-Indian-Eskimo,Female,37500,3593,80,Iran,0.497532,NEGATIVE
10,Self-emp-inc,HS-grad,3,Married-spouse-absent,Prof-specialty,Husband,Amer-Indian-Eskimo,Male,37500,3593,80,Iran,0.529431,POSITIVE
13,Self-emp-inc,HS-grad,6,Divorced,Prof-specialty,Husband,Amer-Indian-Eskimo,Female,37500,3811,80,Iran,0.485645,NEGATIVE
13,Self-emp-inc,HS-grad,6,Divorced,Prof-specialty,Husband,Amer-Indian-Eskimo,Male,37500,3811,80,Iran,0.517566,POSITIVE
11,Federal-gov,Prof-school,12,Never-married,Machine-op-inspct,Not-in-family,Amer-Indian-Eskimo,Female,37500,3811,82,Iran,0.473776,NEGATIVE
11,Federal-gov,Prof-school,12,Never-married,Machine-op-inspct,Not-in-family,Amer-Indian-Eskimo,Male,37500,3811,82,Iran,0.505684,POSITIVE
11,Local-gov,Assoc-acdm,5,Never-married,Farming-fishing,Not-in-family,Other,Female,42500,4247,84,Honduras,0.475822,NEGATIVE
11,Local-gov,Assoc-acdm,5,Never-married,Farming-fishing,Not-in-family,Other,Male,42500,4247,84,Honduras,0.507734,POSITIVE
10,Self-emp-not-inc,7th-8th,9,Married-civ-spouse,Craft-repair,Wife,White,Female,27500,2940,90,Italy,0.494299,NEGATIVE
10,Self-emp-not-inc,7th-8th,9,Married-civ-spouse,Craft-repair,Wife,White,Male,27500,2940,90,Italy,0.526207,POSITIVE
10,Self-emp-not-inc,12th,2,Divorced,Sales,Own-child,Asian-Pac-Islander,Female,32500,2940,91,Poland,0.480878,NEGATIVE
10,Self-emp-not-inc,12th,2,Divorced,Sales,Own-child,Asian-Pac-Islander,Male,32500,2940,91,Poland,0.512798,POSITIVE
10,Self-emp-not-inc,7th-8th,9,Widowed,Craft-repair,Wife,White,Female,27500,2940,90,China,0.494966,NEGATIVE
10,Self-emp-not-inc,7th-8th,9,Widowed,Craft-repair,Wife,White,Male,27500,2940,90,China,0.526872,POSITIVE
10,Self-emp-not-inc,12th,2,Widowed,Sales,Own-child,Asian-Pac-Islander,Female,32500,2940,91,Cuba,0.471804,NEGATIVE
10,Self-emp-not-inc,12th,2,Widowed,Sales,Own-child,Asian-Pac-Islander,Male,32500,2940,91,Cuba,0.503706,POSITIVE
10,Self-emp-not-inc,12th,3,Divorced,Sales,Own-child,Asian-Pac-Islander,Female,32500,2504,91,Cuba,0.470989,NEGATIVE
10,Self-emp-not-inc,12th,3,Divorced,Sales,Own-child,Asian-Pac-Islander,Male,32500,2504,91,Cuba,0.502889,POSITIVE
10,Self-emp-not-inc,7th-8th,9,Married-civ-spouse,Craft-repair,Wife,White,Female,27500,2940,77,China,0.492210,NEGATIVE
10,Self-emp-not-inc,7th-8th,9,Married-civ-spouse,Craft-repair,Wife,White,Male,27500,2940,77,China,0.524123,POSITIVE
10,Self-emp-not-inc,12th,2,Divorced,Sales,Own-child,Asian-Pac-Islander,Female,32500,2940,78,Cuba,0.475868,NEGATIVE
10,Self-emp-not-inc,12th,2,Divorced,Sales,Own-child,Asian-Pac-Islander,Male,32500,2940,78,Cuba,0.507781,POSITIVE
13,Self-emp-not-inc,Bachelors,1,Widowed,Craft-repair,Wife,White,Female,27500,2940,90,Italy,0.481789,NEGATIVE
13,Self-emp-not-inc,Bachelors,1,Widowed,Craft-repair,Wife,White,Male,27500,2940,90,Italy,0.513710,POSITIVE
10,Self-emp-not-inc,Some-college,2,Widowed,Craft-repair,Wife,White,Female,27500,2286,90,Italy,0.490185,NEGATIVE
10,Self-emp-not-inc,Some-college,2,Widowed,Craft-repair,Wife,White,Male,27500,2286,90,Italy,0.522102,POSITIVE
13,Private,Bachelors,9,Married-civ-spouse,Tech-support,Wife,White,Female,27500,2286,89,Italy,0.482397,NEGATIVE
13,Private,Bachelors,9,Married-civ-spouse,Tech-support,Wife,White,Male,27500,2286,89,Italy,0.514319,POSITIVE
13,Private,Prof-school,1,Married-civ-spouse,Tech-support,Wife,White,Female,27500,2286,89,Italy,0.478973,NEGATIVE
13,Private,Prof-school,1,Married-civ-spouse,Tech-support,Wife,White,Male,27500,2286,89,Italy,0.510891,POSITIVE
10,Self-emp-not-inc,Some-college,10,Divorced,Sales,Own-child,Asian-Pac-Islander,Female,32500,2286,91,Poland,0.495961,NEGATIVE
10,Self-emp-not-inc,Some-college,10,Divorced,Sales,Own-child,Asian-Pac-Islander,Male,32500,2286,91,Poland,0.527864,POSITIVE
11,Federal-gov,11th,4,Never-married,Machine-op-inspct,Not-in-family,Amer-Indian-Eskimo,Female,37500,3158,94,Jamaica,0.498708,NEGATIVE
11,Federal-gov,11th,4,Never-married,Machine-op-inspct,Not-in-family,Amer-Indian-Eskimo,Male,37500,3158,94,Jamaica,0.530602,POSITIVE
10,Self-emp-inc,11th,3,Divorced,Exec-managerial,Own-child,Asian-Pac-Islander,Female,32500,2504,92,Poland,0.495782,NEGATIVE
10,Self-emp-inc,11th,3,Divorced,Exec-managerial,Own-child,Asian-Pac-Islander,Male,32500,2504,92,Poland,0.527686,POSITIVE
13,Private,Bachelors,9,Widowed,Tech-support,Wife,White,Female,27500,2286,89,China,0.492819,NEGATIVE
13,Private,Bachelors,9,Widowed,Tech-support,Wife,White,Male,27500,2286,89,China,0.524730,POSITIVE
13,Private,Prof-school,1,Widowed,Tech-support,Wife,White,Female,27500,2286,89,China,0.489390,NEGATIVE
13,Private,Prof-school,1,Widowed,Tech-support,Wife,White,Male,27500,2286,89,China,0.521308,POSITIVE
10,Self-emp-inc,11th,5,Married-spouse-absent,Exec-managerial,Own-child,Asian-Pac-Islander,Female,32500,2504,92,Cuba,0.485711,NEGATIVE
10,Self-emp-inc,11th,5,Married-spouse-absent,Exec-managerial,Own-child,Asian-Pac-Islander,Male,32500,2504,92,Cuba,0.517632,POSITIVE
13,Self-emp-not-inc,Some-college,10,Divorced,Sales,Own-child,Asian-Pac-Islander,Female,32500,2286,91,Cuba,0.491584,NEGATIVE
13,Self-emp-not-inc,Some-college,10,Divorced,Sales,Own-child,Asian-Pac-Islander,Male,32500,2286,91,Cuba,0.523498,POSITIVE
11,Federal-gov,Prof-school,12,Never-married,Machine-op-inspct,Not-in-family,Amer-Indian-Eskimo,Female,37500,3158,94,Iran,0.480916,NEGATIVE
11,Federal-gov,Prof-school,12,Never-married,Machine-op-inspct,Not-in-family,Amer-Indian-Eskimo,Male,37500,3158,94,Iran,0.512836,POSITIVE
11,Local-gov,11th,5,Never-married,Farming-fishing,Not-in-family,Other,Female,42500,3158,96,Honduras,0.481404,NEGATIVE
11,Local-gov,11th,5,Never-married,Farming-fishing,Not-in-family,Other,Male,42500,3158,96,Honduras,0.513325,POSITIVE
13,Self-emp-not-inc,Bachelors,1,Married-civ-spouse,Craft-repair,Wife,White,Female,27500,2940,77,Italy,0.479037,NEGATIVE
13,Self-emp-not-inc,Bachelors,1,Married-civ-spouse,Craft-repair,Wife,White,Male,27500,2940,77,Italy,0.510955,POSITIVE
10,Self-emp-not-inc,Some-college,2,Married-civ-spouse,Craft-repair,Wife,White,Female,27500,2286,77,Italy,0.487430,NEGATIVE
10,Self-emp-not-inc,Some-college,2,Married-civ-spouse,Craft-repair,Wife,White,Male,27500,2286,77,Italy,0.519350,POSITIVE
13,Self-emp-not-inc,Bachelors,1,Widowed,Craft-repair,Wife,White,Female,27500,2940,77,China,0.479702,NEGATIVE
13,Self-emp-not-inc,Bachelors,1,Widowed,Craft-repair,Wife,White,Male,27500,2940,77,China,0.511621,POSITIVE
10,Self-emp-not-inc,Some-college,2,Widowed,Craft-repair,Wife,White,Female,27500,2286,77,China,0.488097,NEGATIVE
10,Self-emp-not-inc,Some-college,2,Widowed,Craft-repair,Wife,White,Male,27500,2286,77,China,0.520016,POSITIVE
13,Private,Bachelors,9,Married-civ-spouse,Tech-support,Wife,White,Female,27500,2286,76,China,0.483237,NEGATIVE
13,Private,Bachelors,9,Married-civ-spouse,Tech-support,Wife,White,Male,27500,2286,76,China,0.515158,POSITIVE
13,Private,Prof-school,1,Married-civ-spouse,Tech-support,Wife,White,Female,27500,2286,76,China,0.479812,NEGATIVE
13,Private,Prof-school,1,Married-civ-spouse,Tech-support,Wife,White,Male,27500,2286,76,China,0.511731,POSITIVE
10,Self-emp-inc,11th,5,Divorced,Exec-managerial,Own-child,Asian-Pac-Islander,Female,32500,2504,79,Cuba,0.496614,NEGATIVE
10,Self-emp-inc,11th,5,Divorced,Exec-managerial,Own-child,Asian-Pac-Islander,Male,32500,2504,79,Cuba,0.528516,POSITIVE
16,Self-emp-not-inc,Bachelors,9,Married-civ-spouse,Craft-repair,Wife,White,Female,27500,4029,65,China,0.490545,NEGATIVE
16,Self-emp-not-inc,Bachelors,9,Married-civ-spouse,Craft-repair,Wife,White,Male,27500,4029,65,China,0.522461,POSITIVE
16,Self-emp-not-inc,Some-college,2,Divorced,Sales,Own-child,Asian-Pac-Islander,Female,32500,4029,66,Cuba,0.477130,NEGATIVE
16,Self-emp-not-inc,Some-college,2,Divorced,Sales,Own-child,Asian-Pac-Islander,Male,32500,4029,66,Cuba,0.509045,POSITIVE
10,Self-emp-not-inc,12th,1,Married-civ-spouse,Craft-repair,Wife,White,Female,27500,4029,65,Italy,0.474660,NEGATIVE
10,Self-emp-not-inc,12th,1,Married-civ-spouse,Craft-repair,Wife,White,Male,27500,4029,65,Italy,0.506570,POSITIVE
10,Self-emp-not-inc,12th,2,Divorced,Craft-repair,Wife,White,Female,27500,3375,65,China,0.469009,NEGATIVE
10,Self-emp-not-inc,12th,2,Divorced,Craft-repair,Wife,White,Male,27500,3375,65,China,0.500902,POSITIVE
10,Self-emp-not-inc,12th,1,Married-civ-spouse,Craft-repair,Wife,White,Female,27500,4029,52,China,0.472576,NEGATIVE
10,Self-emp-not-inc,12th,1,Married-civ-spouse,Craft-repair,Wife,White,Male,27500,4029,52,China,0.504481,POSITIVE
13,Self-emp-not-inc,Some-college,2,Divorced,Sales,Own-child,Asian-Pac-Islander,Female,32500,4029,66,Poland,0.481500,NEGATIVE
13,Self-emp-not-inc,Some-college,2,Divorced,Sales,Own-child,Asian-Pac-Islander,Male,32500,4029,66,Poland,0.513421,POSITIVE
13,Self-emp-not-inc,Some-college,2,Widowed,Sales,Own-child,Asian-Pac-Islander,Female,32500,4029,66,Cuba,0.472425,NEGATIVE
13,Self-emp-not-inc,Some-college,2,Widowed,Sales,Own-child,Asian-Pac-Islander,Male,32500,4029,66,Cuba,0.504329,POSITIVE
10,Self-emp-not-inc,Some-college,3,Widowed,Sales,Own-child,Asian-Pac-Islander,Female,32500,3593,66,Cuba,0.496979,NEGATIVE
10,Self-emp-not-inc,Some-college,3,Widowed,Sales,Own-child,Asian-Pac-Islander,Male,32500,3593,66,Cuba,0.528879,POSITIVE
13,Self-emp-not-inc,Some-college,9,Married-civ-spouse,Craft-repair,Wife,White,Female,27500,3375,65,China,0.474706,NEGATIVE
13,Self-emp-not-inc,Some-college,9,Married-civ-spouse,Craft-repair,Wife,White,Male,27500,3375,65,China,0.506616,POSITIVE
13,Self-emp-not-inc,Prof-school,1,Married-civ-spouse,Craft-repair,Wife,White,Female,27500,3375,65,China,0.468711,NEGATIVE
13,Self-emp-not-inc,Prof-school,1,Married-civ-spouse,Craft-repair,Wife,White,Male,27500,3375,65,China,0.500603,POSITIVE
10,Self-emp-inc,11th,11,Divorced,Exec-managerial,Own-child,Asian-Pac-Islander,Female,32500,3593,67,Cuba,0.493423,NEGATIVE
10,Self-emp-inc,11th,11,Divorced,Exec-managerial,Own-child,Asian-Pac-Islander,Male,32500,3593,67,Cuba,0.525333,POSITIVE
11,Local-gov,11th,5,Never-married,Adm-clerical,Not-in-family,Amer-Indian-Eskimo,Female,37500,4247,70,Iran,0.499085,NEGATIVE
11,Local-gov,11th,5,Never-married,Adm-clerical,Not-in-family,Amer-Indian-Eskimo,Male,37500,4247,70,Iran,0.530978,POSITIVE
10,Self-emp-inc,Assoc-acdm,3,Divorced,Exec-managerial,Own-child,Asian-Pac-Islander,Female,32500,3593,67,Cuba,0.482248,NEGATIVE
10,Self-emp-inc,Assoc-acdm,3,Divorced,Exec-managerial,Own-child,Asian-Pac-Islander,Male,32500,3593,67,Cuba,0.514169,POSITIVE
10,Private,Bachelors,1,Married-civ-spouse,Tech-support,Wife,White,Female,27500,3375,51,Italy,0.491868,NEGATIVE
10,Private,Bachelors,1,Married-civ-spouse,Tech-support,Wife,White,Male,27500,3375,51,Italy,0.523781,POSITIVE
13,Self-emp-not-inc,Some-college,2,Divorced,Sales,Own-child,Asian-Pac-Islander,Female,32500,4029,53,Cuba,0.476490,NEGATIVE
13,Self-emp-not-inc,Some-college,2,Divorced,Sales,Own-child,Asian-Pac-Islander,Male,32500,4029,53,Cuba,0.508404,POSITIVE
10,Self-emp-not-inc,Some-college,2,Divorced,Sales,Own-child,Asian-Pac-Islander,Female,32500,3375,53,Cuba,0.495200,NEGATIVE
10,Self-emp-not-inc,Some-college,2,Divorced,Sales,Own-child,Asian-Pac-Islander,Male,32500,3375,53,Cuba,0.527106,POSITIVE
10,Self-emp-not-inc,Some-college,2,Married-civ-spouse,Craft-repair,Wife,White,Female,27500,2286,65,China,0.494681,NEGATIVE
10,Self-emp-not-inc,Some-college,2,Married-civ-spouse,Craft-repair,Wife,White,Male,27500,2286,65,China,0.526588,POSITIVE
19,Private,7th-8th,1,Widowed,Tech-support,Wife,White,Female,27500,3375,89,Outlying-US(Guam-USVI-etc),0.470821,NEGATIVE
19,Private,7th-8th,1,Widowed,Tech-support,Wife,White,Male,27500,3375,89,Outlying-US(Guam-USVI-etc),0.502720,POSITIVE
16,Self-emp-not-inc,10th,9,Widowed,Craft-repair,Wife,White,Female,27500,4029,90,Outlying-US(Guam-USVI-etc),0.476383,NEGATIVE
16,Self-emp-not-inc,10th,9,Widowed,Craft-repair,Wife,White,Male,27500,4029,90,Outlying-US(Guam-USVI-etc),0.508297,POSITIVE
16,Self-emp-not-inc,12th,2,Widowed,Sales,Own-child,Asian-Pac-Islander,Female,32500,3593,91,India,0.470040,NEGATIVE
16,Self-emp-not-inc,12th,2,Widowed,Sales,Own-child,Asian-Pac-Islander,Male,32500,3593,91,India,0.501936,POSITIVE
19,Self-emp-not-inc,12th,3,Divorced,Sales,Own-child,Asian-Pac-Islander,Female,32500,3593,91,India,0.475427,NEGATIVE
19,Self-emp-not-inc,12th,3,Divorced,Sales,Own-child,Asian-Pac-Islander,Male,32500,3593,91,India,0.507339,POSITIVE
16,Self-emp-inc,1st-4th,11,Divorced,Prof-specialty,Husband,Amer-Indian-Eskimo,Female,37500,4029,93,Japan,0.496226,NEGATIVE
16,Self-emp-inc,1st-4th,11,Divorced,Prof-specialty,Husband,Amer-Indian-Eskimo,Male,37500,4029,93,Japan,0.528129,POSITIVE
19,Self-emp-not-inc,12th,2,Divorced,Sales,Own-child,Asian-Pac-Islander,Female,32500,4029,78,India,0.498023,NEGATIVE
19,Self-emp-not-inc,12th,2,Divorced,Sales,Own-child,Asian-Pac-Islander,Male,32500,4029,78,India,0.529919,POSITIVE
16,Self-emp-not-inc,10th,9,Married-civ-spouse,Craft-repair,Wife,White,Female,27500,4029,77,Outlying-US(Guam-USVI-etc),0.473634,NEGATIVE
16,Self-emp-not-inc,10th,9,Married-civ-spouse,Craft-repair,Wife,White,Male,27500,4029,77,Outlying-US(Guam-USVI-etc),0.505541,POSITIVE
16,Self-emp-not-inc,12th,2,Divorced,Sales,Own-child,Asian-Pac-Islander,Female,32500,3593,78,India,0.474103,NEGATIVE
16,Self-emp-not-inc,12th,2,Divorced,Sales,Own-child,Asian-Pac-Islander,Male,32500,3593,78,India,0.506011,POSITIVE
19,Self-emp-inc,12th,11,Married-spouse-absent,Exec-managerial,Own-child,Asian-Pac-Islander,Female,32500,4029,92,Cambodia,0.474960,NEGATIVE
19,Self-emp-inc,12th,11,Married-spouse-absent,Exec-managerial,Own-child,Asian-Pac-Islander,Male,32500,4029,92,Cambodia,0.506871,POSITIVE
19,Private,10th,9,Widowed,Tech-support,Wife,White,Female,27500,3375,89,United-States,0.496580,NEGATIVE
19,Private,10th,9,Widowed,Tech-support,Wife,White,Male,27500,3375,89,United-States,0.528481,POSITIVE
19,Self-emp-inc,Doctorate,3,Married-spouse-absent,Exec-managerial,Own-child,Asian-Pac-Islander,Female,32500,4029,92,Cambodia,0.471541,NEGATIVE
19,Self-emp-inc,Doctorate,3,Married-spouse-absent,Exec-managerial,Own-child,Asian-Pac-Islander,Male,32500,4029,92,Cambodia,0.503442,POSITIVE
16,Self-emp-inc,1st-4th,6,Married-spouse-absent,Prof-specialty,Husband,Amer-Indian-Eskimo,Female,37500,3811,93,England,0.468492,NEGATIVE
16,Self-emp-inc,1st-4th,6,Married-spouse-absent,Prof-specialty,Husband,Amer-Indian-Eskimo,Male,37500,3811,93,England,0.500382,POSITIVE
18,Federal-gov,10th,8,Never-married,Machine-op-inspct,Not-in-family,Amer-Indian-Eskimo,Female,37500,3811,94,Puerto-Rico,0.486086,NEGATIVE
18,Federal-gov,10th,8,Never-married,Machine-op-inspct,Not-in-family,Amer-Indian-Eskimo,Male,37500,3811,94,Puerto-Rico,0.518007,POSITIVE
17,Self-emp-inc,Masters,5,Never-married,Exec-managerial,Own-child,Asian-Pac-Islander,Female,32500,3593,79,Cambodia,0.470211,NEGATIVE
17,Self-emp-inc,Masters,5,Never-married,Exec-managerial,Own-child,Asian-Pac-Islander,Male,32500,3593,79,Cambodia,0.502108,POSITIVE
19,Self-emp-not-inc,Assoc-acdm,10,Widowed,Sales,Own-child,Asian-Pac-Islander,Female,32500,4029,91,India,0.497377,NEGATIVE
19,Self-emp-not-inc,Assoc-acdm,10,Widowed,Sales,Own-child,Asian-Pac-Islander,Male,32500,4029,91,India,0.529276,POSITIVE
19,Private,Prof-school,9,Widowed,Tech-support,Wife,White,Female,27500,3375,89,Outlying-US(Guam-USVI-etc),0.474240,NEGATIVE
19,Private,Prof-school,9,Widowed,Tech-support,Wife,White,Male,27500,3375,89,Outlying-US(Guam-USVI-etc),0.506150,POSITIVE
19,Self-emp-inc,11th,3,Married-spouse-absent,Exec-managerial,Own-child,Asian-Pac-Islander,Female,32500,3593,92,India,0.482938,NEGATIVE
19,Self-emp-inc,11th,3,Married-spouse-absent,Exec-managerial,Own-child,Asian-Pac-Islander,Male,32500,3593,92,India,0.514860,POSITIVE
16,Self-emp-not-inc,Assoc-acdm,10,Widowed,Sales,Own-child,Asian-Pac-Islander,Female,32500,3375,91,India,0.468308,NEGATIVE
16,Self-emp-not-inc,Assoc-acdm,10,Widowed,Sales,Own-child,Asian-Pac-Islander,Male,32500,3375,91,India,0.500198,POSITIVE
17,Federal-gov,Prof-school,4,Married-spouse-absent,Machine-op-inspct,Not-in-family,Amer-Indian-Eskimo,Female,37500,3811,94,Japan,0.482154,NEGATIVE
17,Federal-gov,Prof-school,4,Married-spouse-absent,Machine-op-inspct,Not-in-family,Amer-Indian-Eskimo,Male,37500,3811,94,Japan,0.514075,POSITIVE
19,Self-emp-inc,Assoc-acdm,11,Divorced,Prof-specialty,Husband,Amer-Indian-Eskimo,Female,37500,4029,93,Japan,0.489162,NEGATIVE
19,Self-emp-inc,Assoc-acdm,11,Divorced,Prof-specialty,Husband,Amer-Indian-Eskimo,Male,37500,4029,93,Japan,0.521080,POSITIVE
20,Federal-gov,Prof-school,4,Never-married,Machine-op-inspct,Not-in-family,Amer-Indian-Eskimo,Female,37500,3811,94,Japan,0.468351,NEGATIVE
20,Federal-gov,Prof-school,4,Never-married,Machine-op-inspct,Not-in-family,Amer-Indian-Eskimo,Male,37500,3811,94,Japan,0.500241,POSITIVE
17,Federal-gov,Prof-school,12,Never-married,Machine-op-inspct,Not-in-family,Amer-Indian-Eskimo,Female,37500,3593,94,Japan,0.489805,NEGATIVE
17,Federal-gov,Prof-school,12,Never-married,Machine-op-inspct,Not-in-family,Amer-Indian-Eskimo,Male,37500,3593,94,Japan,0.521722,POSITIVE
17,Local-gov,Assoc-acdm,5,Never-married,Farming-fishing,Not-in-family,Other,Female,42500,4029,96,Greece,0.487049,NEGATIVE
17,Local-gov,Assoc-acdm,5,Never-married,Farming-fishing,Not-in-family,Other,Male,42500,4029,96,Greece,0.518970,POSITIVE
16,Self-emp-not-inc,Some-college,3,Widowed,Sales,Own-child,Asian-Pac-Islander,Female,32500,3593,78,India,0.480714,NEGATIVE
16,Self-emp-not-inc,Some-college,3,Widowed,Sales,Own-child,Asian-Pac-Islander,Male,32500,3593,78,India,0.512634,POSITIVE
19,Self-emp-inc,11th,3,Divorced,Exec-managerial,Own-child,Asian-Pac-Islander,Female,32500,3593,79,India,0.493839,NEGATIVE
19,Self-emp-inc,11th,3,Divorced,Exec-managerial,Own-child,Asian-Pac-Islander,Male,32500,3593,79,India,0.525748,POSITIVE
17,Federal-gov,11th,12,Never-married,Machine-op-inspct,Not-in-family,Amer-Indian-Eskimo,Female,37500,4247,82,Japan,0.469765,NEGATIVE
17,Federal-gov,11th,12,Never-married,Machine-op-inspct,Not-in-family,Amer-Indian-Eskimo,Male,37500,4247,82,Japan,0.501661,POSITIVE
16,Self-emp-inc,11th,11,Divorced,Exec-managerial,Own-child,Asian-Pac-Islander,Female,32500,3593,79,India,0.472690,NEGATIVE
16,Self-emp-inc,11th,11,Divorced,Exec-managerial,Own-child,Asian-Pac-Islander,Male,32500,3593,79,India,0.504595,POSITIVE
17,Federal-gov,11th,4,Never-married,Machine-op-inspct,Not-in-family,Amer-Indian-Eskimo,Female,37500,3593,82,Japan,0.493797,NEGATIVE
17,Federal-gov,11th,4,Never-married,Machine-op-inspct,Not-in-family,Amer-Indian-Eskimo,Male,37500,3593,82,Japan,0.525706,POSITIVE
20,Federal-gov,Prof-school,12,Married-spouse-absent,Machine-op-inspct,Not-in-family,Amer-Indian-Eskimo,Female,37500,4247,94,Puerto-Rico,0.474559,NEGATIVE
20,Federal-gov,Prof-school,12,Married-spouse-absent,Machine-op-inspct,Not-in-family,Amer-Indian-Eskimo,Male,37500,4247,94,Puerto-Rico,0.506469,POSITIVE
20,Local-gov,11th,5,Married-spouse-absent,Farming-fishing,Not-in-family,Other,Female,42500,4247,96,Puerto-Rico,0.470738,NEGATIVE
20,Local-gov,11th,5,Married-spouse-absent,Farming-fishing,Not-in-family,Other,Male,42500,4247,96,Puerto-Rico,0.502637,POSITIVE
20,Federal-gov,Prof-school,4,Married-spouse-absent,Machine-op-inspct,Not-in-family,Amer-Indian-Eskimo,Female,37500,3593,94,Puerto-Rico,0.498605,NEGATIVE
20,Federal-gov,Prof-school,4,Married-spouse-absent,Machine-op-inspct,Not-in-family,Amer-Indian-Eskimo,Male,37500,3593,94,Puerto-Rico,0.530499,POSITIVE
17,Local-gov,Prof-school,13,Married-spouse-absent,Adm-clerical,Not-in-family,Amer-Indian-Eskimo,Female,37500,3811,95,Puerto-Rico,0.477872,NEGATIVE
17,Local-gov,Prof-school,13,Married-spouse-absent,Adm-clerical,Not-in-family,Amer-Indian-Eskimo,Male,37500,3811,95,Puerto-Rico,0.509788,POSITIVE
19,Local-gov,Assoc-acdm,11,Never-married,Farming-fishing,Not-in-family,Other,Female,42500,4029,96,Puerto-Rico,0.483530,NEGATIVE
19,Local-gov,Assoc-acdm,11,Never-married,Farming-fishing,Not-in-family,Other,Male,42500,4029,96,Puerto-Rico,0.515451,POSITIVE
17,Self-emp-inc,HS-grad,6,Married-spouse-absent,Prof-specialty,Husband,Amer-Indian-Eskimo,Female,37500,3811,80,England,0.490328,NEGATIVE
17,Self-emp-inc,HS-grad,6,Married-spouse-absent,Prof-specialty,Husband,Amer-Indian-Eskimo,Male,37500,3811,80,England,0.522245,POSITIVE
19,Self-emp-inc,HS-grad,11,Divorced,Prof-specialty,Husband,Amer-Indian-Eskimo,Female,37500,3811,80,England,0.481189,NEGATIVE
19,Self-emp-inc,HS-grad,11,Divorced,Prof-specialty,Husband,Amer-Indian-Eskimo,Male,37500,3811,80,England,0.513109,POSITIVE
17,Local-gov,Assoc-voc,13,Never-married,Adm-clerical,Not-in-family,Amer-Indian-Eskimo,Female,37500,4247,83,Puerto-Rico,0.476941,NEGATIVE
17,Local-gov,Assoc-voc,13,Never-married,Adm-clerical,Not-in-family,Amer-Indian-Eskimo,Male,37500,4247,83,Puerto-Rico,0.508856,POSITIVE
17,Local-gov,11th,13,Never-married,Adm-clerical,Not-in-family,Amer-Indian-Eskimo,Female,37500,3593,83,Puerto-Rico,0.493755,NEGATIVE
17,Local-gov,11th,13,Never-married,Adm-clerical,Not-in-family,Amer-Indian-Eskimo,Male,37500,3593,83,Puerto-Rico,0.525664,POSITIVE
17,Local-gov,Assoc-voc,5,Never-married,Adm-clerical,Not-in-family,Amer-Indian-Eskimo,Female,37500,3593,83,Puerto-Rico,0.490326,NEGATIVE
17,Local-gov,Assoc-voc,5,Never-married,Adm-clerical,Not-in-family,Amer-Indian-Eskimo,Male,37500,3593,83,Puerto-Rico,0.522242,POSITIVE
19,Self-emp-not-inc,12th,1,Married-civ-spouse,Craft-repair,Wife,White,Female,27500,2940,90,Outlying-US(Guam-USVI-etc),0.498967,NEGATIVE
19,Self-emp-not-inc,12th,1,Married-civ-spouse,Craft-repair,Wife,White,Male,27500,2940,90,Outlying-US(Guam-USVI-etc),0.530860,POSITIVE
16,Self-emp-not-inc,12th,2,Married-civ-spouse,Craft-repair,Wife,White,Female,27500,2286,90,Outlying-US(Guam-USVI-etc),0.483456,NEGATIVE
16,Self-emp-not-inc,12th,2,Married-civ-spouse,Craft-repair,Wife,White,Male,27500,2286,90,Outlying-US(Guam-USVI-etc),0.515378,POSITIVE
19,Private,7th-8th,9,Widowed,Tech-support,Wife,White,Female,27500,2940,89,United-States,0.470772,NEGATIVE
19,Private,7th-8th,9,Widowed,Tech-support,Wife,White,Male,27500,2940,89,United-States,0.502671,POSITIVE
16,Self-emp-not-inc,Doctorate,2,Widowed,Sales,Own-child,Asian-Pac-Islander,Female,32500,2940,91,Cambodia,0.497894,NEGATIVE
16,Self-emp-not-inc,Doctorate,2,Widowed,Sales,Own-child,Asian-Pac-Islander,Male,32500,2940,91,Cambodia,0.529790,POSITIVE
19,Self-emp-inc,Masters,3,Divorced,Exec-managerial,Own-child,Asian-Pac-Islander,Female,32500,2940,92,Cambodia,0.476309,NEGATIVE
19,Self-emp-inc,Masters,3,Divorced,Exec-managerial,Own-child,Asian-Pac-Islander,Male,32500,2940,92,Cambodia,0.508222,POSITIVE
16,Self-emp-not-inc,12th,10,Divorced,Sales,Own-child,Asian-Pac-Islander,Female,32500,2286,91,Cambodia,0.476945,NEGATIVE
16,Self-emp-not-inc,12th,10,Divorced,Sales,Own-child,Asian-Pac-Islander,Male,32500,2286,91,Cambodia,0.508860,POSITIVE
16,Self-emp-not-inc,12th,2,Divorced,Craft-repair,Wife,White,Female,27500,2286,77,United-States,0.475042,NEGATIVE
16,Self-emp-not-inc,12th,2,Divorced,Craft-repair,Wife,White,Male,27500,2286,77,United-States,0.506953,POSITIVE
17,Self-emp-inc,11th,5,Divorced,Exec-managerial,Own-child,Asian-Pac-Islander,Female,32500,2504,92,India,0.498472,NEGATIVE
17,Self-emp-inc,11th,5,Divorced,Exec-managerial,Own-child,Asian-Pac-Islander,Male,32500,2504,92,India,0.530367,POSITIVE
16,Private,Prof-school,1,Widowed,Tech-support,Wife,White,Female,27500,2940,76,Outlying-US(Guam-USVI-etc),0.498004,NEGATIVE
16,Private,Prof-school,1,Widowed,Tech-support,Wife,White,Male,27500,2940,76,Outlying-US(Guam-USVI-etc),0.529901,POSITIVE
16,Self-emp-inc,11th,3,Divorced,Exec-managerial,Own-child,Asian-Pac-Islander,Female,32500,2940,79,India,0.475415,NEGATIVE
16,Self-emp-inc,11th,3,Divorced,Exec-managerial,Own-child,Asian-Pac-Islander,Male,32500,2940,79,India,0.507327,POSITIVE
19,Self-emp-not-inc,Some-college,9,Widowed,Craft-repair,Wife,White,Female,27500,2286,90,United-States,0.483498,NEGATIVE
19,Self-emp-not-inc,Some-college,9,Widowed,Craft-repair,Wife,White,Male,27500,2286,90,United-States,0.515419,POSITIVE
19,Self-emp-not-inc,Prof-school,1,Widowed,Craft-repair,Wife,White,Female,27500,2286,90,United-States,0.477493,NEGATIVE
19,Self-emp-not-inc,Prof-school,1,Widowed,Craft-repair,Wife,White,Male,27500,2286,90,United-States,0.509409,POSITIVE
16,Self-emp-inc,11th,11,Married-spouse-absent,Exec-managerial,Own-child,Asian-Pac-Islander,Female,32500,2504,92,Cambodia,0.497908,NEGATIVE
16,Self-emp-inc,11th,11,Married-spouse-absent,Exec-managerial,Own-child,Asian-Pac-Islander,Male,32500,2504,92,Cambodia,0.529805,POSITIVE
17,Local-gov,11th,5,Married-spouse-absent,Adm-clerical,Not-in-family,Amer-Indian-Eskimo,Female,37500,3158,95,Puerto-Rico,0.497088,NEGATIVE
17,Local-gov,11th,5,Married-spouse-absent,Adm-clerical,Not-in-family,Amer-Indian-Eskimo,Male,37500,3158,95,Puerto-Rico,0.528988,POSITIVE
16,Self-emp-inc,Assoc-acdm,3,Married-spouse-absent,Exec-managerial,Own-child,Asian-Pac-Islander,Female,32500,2504,92,Cambodia,0.486729,NEGATIVE
16,Self-emp-inc,Assoc-acdm,3,Married-spouse-absent,Exec-managerial,Own-child,Asian-Pac-Islander,Male,32500,2504,92,Cambodia,0.518649,POSITIVE
19,Self-emp-inc,HS-grad,6,Divorced,Prof-specialty,Husband,Amer-Indian-Eskimo,Female,37500,2722,93,England,0.499846,NEGATIVE
19,Self-emp-inc,HS-grad,6,Divorced,Prof-specialty,Husband,Amer-Indian-Eskimo,Male,37500,2722,93,England,0.531735,POSITIVE
17,Federal-gov,Prof-school,12,Never-married,Machine-op-inspct,Not-in-family,Amer-Indian-Eskimo,Female,37500,2722,94,Puerto-Rico,0.498486,NEGATIVE
17,Federal-gov,Prof-school,12,Never-married,Machine-op-inspct,Not-in-family,Amer-Indian-Eskimo,Male,37500,2722,94,Puerto-Rico,0.530381,POSITIVE
17,Federal-gov,Assoc-voc,4,Never-married,Machine-op-inspct,Not-in-family,Amer-Indian-Eskimo,Female,37500,2504,94,Puerto-Rico,0.482143,NEGATIVE
17,Federal-gov,Assoc-voc,4,Never-married,Machine-op-inspct,Not-in-family,Amer-Indian-Eskimo,Male,37500,2504,94,Puerto-Rico,0.514064,POSITIVE
19,Self-emp-not-inc,Some-college,2,Widowed,Sales,Own-child,Asian-Pac-Islander,Female,32500,2940,78,Cambodia,0.483125,NEGATIVE
19,Self-emp-not-inc,Some-college,2,Widowed,Sales,Own-child,Asian-Pac-Islander,Male,32500,2940,78,Cambodia,0.515047,POSITIVE
19,Self-emp-not-inc,Some-college,9,Married-civ-spouse,Craft-repair,Wife,White,Female,27500,2286,77,United-States,0.480745,NEGATIVE
19,Self-emp-not-inc,Some-college,9,Married-civ-spouse,Craft-repair,Wife,White,Male,27500,2286,77,United-States,0.512665,POSITIVE
19,Self-emp-inc,Some-college,3,Divorced,Prof-specialty,Husband,Amer-Indian-Eskimo,Female,37500,2940,80,England,0.484249,NEGATIVE
19,Self-emp-inc,Some-college,3,Divorced,Prof-specialty,Husband,Amer-Indian-Eskimo,Male,37500,2940,80,England,0.516170,POSITIVE
19,Self-emp-not-inc,Prof-school,1,Married-civ-spouse,Craft-repair,Wife,White,Female,27500,2286,77,United-States,0.474743,NEGATIVE
19,Self-emp-not-inc,Prof-school,1,Married-civ-spouse,Craft-repair,Wife,White,Male,27500,2286,77,United-States,0.506654,POSITIVE
16,Self-emp-inc,HS-grad,11,Divorced,Prof-specialty,Husband,Amer-Indian-Eskimo,Female,37500,2940,80,England,0.494740,NEGATIVE
16,Self-emp-inc,HS-grad,11,Divorced,Prof-specialty,Husband,Amer-Indian-Eskimo,Male,37500,2940,80,England,0.526646,POSITIVE
16,Self-emp-inc,Assoc-acdm,3,Divorced,Exec-managerial,Own-child,Asian-Pac-Islander,Female,32500,2504,79,Cambodia,0.497633,NEGATIVE
16,Self-emp-inc,Assoc-acdm,3,Divorced,Exec-managerial,Own-child,Asian-Pac-Islander,Male,32500,2504,79,Cambodia,0.529531,POSITIVE
13,Self-emp-inc,Doctorate,11,Married-spouse-absent,Exec-managerial,Own-child,Asian-Pac-Islander,Female,32500,4029,92,India,0.491749,NEGATIVE
13,Self-emp-inc,Doctorate,11,Married-spouse-absent,Exec-managerial,Own-child,Asian-Pac-Islander,Male,32500,4029,92,India,0.523663,POSITIVE
13,Self-emp-inc,1st-4th,3,Married-spouse-absent,Prof-specialty,Husband,Amer-Indian-Eskimo,Female,37500,3811,93,Japan,0.469258,NEGATIVE
13,Self-emp-inc,1st-4th,3,Married-spouse-absent,Prof-specialty,Husband,Amer-Indian-Eskimo,Male,37500,3811,93,Japan,0.501152,POSITIVE
10,Self-emp-inc,1st-4th,11,Married-spouse-absent,Prof-specialty,Husband,Amer-Indian-Eskimo,Female,37500,3593,93,Japan,0.469417,NEGATIVE
10,Self-emp-inc,1st-4th,11,Married-spouse-absent,Prof-specialty,Husband,Amer-Indian-Eskimo,Male,37500,3593,93,Japan,0.501311,POSITIVE
11,Local-gov,10th,5,Married-spouse-absent,Adm-clerical,Not-in-family,Amer-Indian-Eskimo,Female,37500,3811,95,Japan,0.468476,NEGATIVE
11,Local-gov,10th,5,Married-spouse-absent,Adm-clerical,Not-in-family,Amer-Indian-Eskimo,Male,37500,3811,95,Japan,0.500366,POSITIVE
12,Local-gov,10th,9,Never-married,Adm-clerical,Not-in-family,Amer-Indian-Eskimo,Female,37500,3811,95,Japan,0.478822,NEGATIVE
12,Local-gov,10th,9,Never-married,Adm-clerical,Not-in-family,Amer-Indian-Eskimo,Male,37500,3811,95,Japan,0.510740,POSITIVE
10,Self-emp-not-inc,12th,10,Widowed,Sales,Own-child,Asian-Pac-Islander,Female,32500,3375,78,India,0.474712,NEGATIVE
10,Self-emp-not-inc,12th,10,Widowed,Sales,Own-child,Asian-Pac-Islander,Male,32500,3375,78,India,0.506622,POSITIVE
13,Self-emp-inc,1st-4th,3,Divorced,Prof-specialty,Husband,Amer-Indian-Eskimo,Female,37500,3811,80,Japan,0.486961,NEGATIVE
13,Self-emp-inc,1st-4th,3,Divorced,Prof-specialty,Husband,Amer-Indian-Eskimo,Male,37500,3811,80,Japan,0.518881,POSITIVE
11,Local-gov,Masters,13,Never-married,Adm-clerical,Not-in-family,Amer-Indian-Eskimo,Female,37500,4247,83,Japan,0.470964,NEGATIVE
11,Local-gov,Masters,13,Never-married,Adm-clerical,Not-in-family,Amer-Indian-Eskimo,Male,37500,4247,83,Japan,0.502864,POSITIVE
10,Self-emp-inc,1st-4th,11,Divorced,Prof-specialty,Husband,Amer-Indian-Eskimo,Female,37500,3593,80,Japan,0.487120,NEGATIVE
10,Self-emp-inc,1st-4th,11,Divorced,Prof-specialty,Husband,Amer-Indian-Eskimo,Male,37500,3593,80,Japan,0.519041,POSITIVE
11,Local-gov,10th,5,Never-married,Adm-clerical,Not-in-family,Amer-Indian-Eskimo,Female,37500,3811,83,Japan,0.499836,NEGATIVE
11,Local-gov,10th,5,Never-married,Adm-clerical,Not-in-family,Amer-Indian-Eskimo,Male,37500,3811,83,Japan,0.531726,POSITIVE
14,State-gov,Masters,6,Married-AF-spouse,Transport-moving,Other-relative,Other,Female,42500,4247,97,Canada,0.472704,NEGATIVE
14,State-gov,Masters,6,Married-AF-spouse,Transport-moving,Other-relative,Other,Male,42500,4247,97,Canada,0.504609,POSITIVE
11,Local-gov,Doctorate,13,Married-spouse-absent,Farming-fishing,Not-in-family,Other,Female,42500,4029,96,Puerto-Rico,0.471775,NEGATIVE
11,Local-gov,Doctorate,13,Married-spouse-absent,Farming-fishing,Not-in-family,Other,Male,42500,4029,96,Puerto-Rico,0.503677,POSITIVE
14,Local-gov,Doctorate,13,Never-married,Farming-fishing,Not-in-family,Other,Female,42500,4029,96,Puerto-Rico,0.477445,NEGATIVE
14,Local-gov,Doctorate,13,Never-married,Farming-fishing,Not-in-family,Other,Male,42500,4029,96,Puerto-Rico,0.509361,POSITIVE
11,State-gov,5th-6th,14,Separated,Protective-serv,Other-relative,Black,Female,47500,4247,98,Canada,0.487109,NEGATIVE
11,State-gov,5th-6th,14,Separated,Protective-serv,Other-relative,Black,Male,47500,4247,98,Canada,0.519029,POSITIVE
13,Self-emp-inc,Masters,11,Married-spouse-absent,Exec-managerial,Own-child,Asian-Pac-Islander,Female,32500,3593,79,Cambodia,0.487184,NEGATIVE
13,Self-emp-inc,Masters,11,Married-spouse-absent,Exec-managerial,Own-child,Asian-Pac-Islander,Male,32500,3593,79,Cambodia,0.519104,POSITIVE
14,Local-gov,Masters,5,Married-spouse-absent,Adm-clerical,Not-in-family,Amer-Indian-Eskimo,Female,37500,4247,83,Puerto-Rico,0.477587,NEGATIVE
14,Local-gov,Masters,5,Married-spouse-absent,Adm-clerical,Not-in-family,Amer-Indian-Eskimo,Male,37500,4247,83,Puerto-Rico,0.509503,POSITIVE
13,Self-emp-inc,1st-4th,3,Married-spouse-absent,Prof-specialty,Husband,Amer-Indian-Eskimo,Female,37500,3593,80,England,0.498080,NEGATIVE
13,Self-emp-inc,1st-4th,3,Married-spouse-absent,Prof-specialty,Husband,Amer-Indian-Eskimo,Male,37500,3593,80,England,0.529976,POSITIVE
11,Federal-gov,10th,12,Married-spouse-absent,Machine-op-inspct,Not-in-family,Amer-Indian-Eskimo,Female,37500,3811,82,Puerto-Rico,0.495738,NEGATIVE
11,Federal-gov,10th,12,Married-spouse-absent,Machine-op-inspct,Not-in-family,Amer-Indian-Eskimo,Male,37500,3811,82,Puerto-Rico,0.527642,POSITIVE
11,Local-gov,Doctorate,5,Married-spouse-absent,Farming-fishing,Not-in-family,Other,Female,42500,4247,84,Puerto-Rico,0.493467,NEGATIVE
11,Local-gov,Doctorate,5,Married-spouse-absent,Farming-fishing,Not-in-family,Other,Male,42500,4247,84,Puerto-Rico,0.525377,POSITIVE
11,Federal-gov,5th-6th,4,Married-spouse-absent,Machine-op-inspct,Not-in-family,Amer-Indian-Eskimo,Female,37500,3593,82,Puerto-Rico,0.479399,NEGATIVE
11,Federal-gov,5th-6th,4,Married-spouse-absent,Machine-op-inspct,Not-in-family,Amer-Indian-Eskimo,Male,37500,3593,82,Puerto-Rico,0.511317,POSITIVE
14,Federal-gov,10th,12,Never-married,Machine-op-inspct,Not-in-family,Amer-Indian-Eskimo,Female,37500,3811,82,Puerto-Rico,0.481907,NEGATIVE
14,Federal-gov,10th,12,Never-married,Machine-op-inspct,Not-in-family,Amer-Indian-Eskimo,Male,37500,3811,82,Puerto-Rico,0.513828,POSITIVE
14,Local-gov,Doctorate,5,Never-married,Farming-fishing,Not-in-family,Other,Female,42500,4247,84,Puerto-Rico,0.499151,NEGATIVE
14,Local-gov,Doctorate,5,Never-married,Farming-fishing,Not-in-family,Other,Male,42500,4247,84,Puerto-Rico,0.531044,POSITIVE
11,Local-gov,5th-6th,13,Never-married,Farming-fishing,Not-in-family,Other,Female,42500,4247,84,Puerto-Rico,0.485732,NEGATIVE
11,Local-gov,5th-6th,13,Never-married,Farming-fishing,Not-in-family,Other,Male,42500,4247,84,Puerto-Rico,0.517653,POSITIVE
11,Local-gov,Masters,13,Never-married,Farming-fishing,Not-in-family,Other,Female,42500,3593,84,Puerto-Rico,0.491891,NEGATIVE
11,Local-gov,Masters,13,Never-married,Farming-fishing,Not-in-family,Other,Male,42500,3593,84,Puerto-Rico,0.523804,POSITIVE
11,Local-gov,5th-6th,5,Never-married,Farming-fishing,Not-in-family,Other,Female,42500,3593,84,Puerto-Rico,0.488462,NEGATIVE
11,Local-gov,5th-6th,5,Never-married,Farming-fishing,Not-in-family,Other,Male,42500,3593,84,Puerto-Rico,0.520381,POSITIVE
14,Local-gov,Assoc-acdm,5,Married-spouse-absent,Farming-fishing,Not-in-family,Other,Female,42500,4029,96,Greece,0.481370,NEGATIVE
14,Local-gov,Assoc-acdm,5,Married-spouse-absent,Farming-fishing,Not-in-family,Other,Male,42500,4029,96,Greece,0.513291,POSITIVE
11,State-gov,Assoc-voc,14,Married-AF-spouse,Transport-moving,Other-relative,Other,Female,42500,4247,97,Greece,0.495686,NEGATIVE
11,State-gov,Assoc-voc,14,Married-AF-spouse,Transport-moving,Other-relative,Other,Male,42500,4247,97,Greece,0.527590,POSITIVE
11,State-gov,Assoc-voc,7,Married-AF-spouse,Protective-serv,Other-relative,Black,Female,47500,4247,98,South,0.480587,NEGATIVE
11,State-gov,Assoc-voc,7,Married-AF-spouse,Protective-serv,Other-relative,Black,Male,47500,4247,98,South,0.512507,POSITIVE
14,State-gov,Assoc-voc,7,Separated,Protective-serv,Other-relative,Black,Female,47500,4247,98,South,0.473805,NEGATIVE
14,State-gov,Assoc-voc,7,Separated,Protective-serv,Other-relative,Black,Male,47500,4247,98,South,0.505713,POSITIVE
14,State-gov,HS-grad,7,Separated,Protective-serv,Other-relative,Black,Female,47500,3811,98,South,0.482534,NEGATIVE
14,State-gov,HS-grad,7,Separated,Protective-serv,Other-relative,Black,Male,47500,3811,98,South,0.514456,POSITIVE
12,Federal-gov,Prof-school,8,Married-spouse-absent,Machine-op-inspct,Not-in-family,Amer-Indian-Eskimo,Female,37500,3811,82,Japan,0.477978,NEGATIVE
12,Federal-gov,Prof-school,8,Married-spouse-absent,Machine-op-inspct,Not-in-family,Amer-Indian-Eskimo,Male,37500,3811,82,Japan,0.509895,POSITIVE
14,Local-gov,Prof-school,9,Never-married,Adm-clerical,Not-in-family,Amer-Indian-Eskimo,Female,37500,3811,83,Japan,0.494828,NEGATIVE
14,Local-gov,Prof-school,9,Never-married,Adm-clerical,Not-in-family,Amer-Indian-Eskimo,Male,37500,3811,83,Japan,0.526734,POSITIVE
11,Local-gov,Assoc-voc,13,Never-married,Adm-clerical,Not-in-family,Amer-Indian-Eskimo,Female,37500,3593,83,Japan,0.487764,NEGATIVE
11,Local-gov,Assoc-voc,13,Never-married,Adm-clerical,Not-in-family,Amer-Indian-Eskimo,Male,37500,3593,83,Japan,0.519683,POSITIVE
14,State-gov,Assoc-voc,14,Married-AF-spouse,Transport-moving,Other-relative,Other,Female,42500,4029,97,Canada,0.492275,NEGATIVE
14,State-gov,Assoc-voc,14,Married-AF-spouse,Transport-moving,Other-relative,Other,Male,42500,4029,97,Canada,0.524188,POSITIVE
14,State-gov,Assoc-voc,6,Married-AF-spouse,Transport-moving,Other-relative,Other,Female,42500,3811,97,Canada,0.468215,NEGATIVE
14,State-gov,Assoc-voc,6,Married-AF-spouse,Transport-moving,Other-relative,Other,Male,42500,3811,97,Canada,0.500104,POSITIVE
14,Local-gov,Assoc-voc,13,Married-spouse-absent,Adm-clerical,Not-in-family,Amer-Indian-Eskimo,Female,37500,4247,83,Puerto-Rico,0.481011,NEGATIVE
14,Local-gov,Assoc-voc,13,Married-spouse-absent,Adm-clerical,Not-in-family,Amer-Indian-Eskimo,Male,37500,4247,83,Puerto-Rico,0.512931,POSITIVE
14,Local-gov,11th,13,Married-spouse-absent,Adm-clerical,Not-in-family,Amer-Indian-Eskimo,Female,37500,3593,83,Puerto-Rico,0.497831,NEGATIVE
14,Local-gov,11th,13,Married-spouse-absent,Adm-clerical,Not-in-family,Amer-Indian-Eskimo,Male,37500,3593,83,Puerto-Rico,0.529729,POSITIVE
14,Local-gov,Assoc-voc,5,Married-spouse-absent,Adm-clerical,Not-in-family,Amer-Indian-Eskimo,Female,37500,3593,83,Puerto-Rico,0.494402,NEGATIVE
14,Local-gov,Assoc-voc,5,Married-spouse-absent,Adm-clerical,Not-in-family,Amer-Indian-Eskimo,Male,37500,3593,83,Puerto-Rico,0.526309,POSITIVE
11,State-gov,Assoc-voc,12,Married-AF-spouse,Transport-moving,Other-relative,Other,Female,42500,4029,85,Canada,0.473393,NEGATIVE
11,State-gov,Assoc-voc,12,Married-AF-spouse,Transport-moving,Other-relative,Other,Male,42500,4029,85,Canada,0.505300,POSITIVE
14,State-gov,Assoc-voc,12,Never-married,Transport-moving,Other-relative,Other,Female,42500,4029,85,Canada,0.488816,NEGATIVE
14,State-gov,Assoc-voc,12,Never-married,Transport-moving,Other-relative,Other,Male,42500,4029,85,Canada,0.520734,POSITIVE
10,Self-emp-inc,1st-4th,3,Married-spouse-absent,Prof-specialty,Husband,Amer-Indian-Eskimo,Female,37500,2940,93,Japan,0.482786,NEGATIVE
10,Self-emp-inc,1st-4th,3,Married-spouse-absent,Prof-specialty,Husband,Amer-Indian-Eskimo,Male,37500,2940,93,Japan,0.514707,POSITIVE
13,Self-emp-inc,Masters,11,Divorced,Exec-managerial,Own-child,Asian-Pac-Islander,Female,32500,2940,92,India,0.496529,NEGATIVE
13,Self-emp-inc,Masters,11,Divorced,Exec-managerial,Own-child,Asian-Pac-Islander,Male,32500,2940,92,India,0.528430,POSITIVE
13,Self-emp-inc,Masters,3,Divorced,Exec-managerial,Own-child,Asian-Pac-Islander,Female,32500,2504,92,India,0.477940,NEGATIVE
13,Self-emp-inc,Masters,3,Divorced,Exec-managerial,Own-child,Asian-Pac-Islander,Male,32500,2504,92,India,0.509857,POSITIVE
11,Federal-gov,10th,4,Never-married,Machine-op-inspct,Not-in-family,Amer-Indian-Eskimo,Female,37500,2722,94,Japan,0.496664,NEGATIVE
11,Federal-gov,10th,4,Never-married,Machine-op-inspct,Not-in-family,Amer-Indian-Eskimo,Male,37500,2722,94,Japan,0.528565,POSITIVE
10,Self-emp-not-inc,7th-8th,9,Widowed,Craft-repair,Wife,White,Female,27500,2940,77,Outlying-US(Guam-USVI-etc),0.492876,NEGATIVE
10,Self-emp-not-inc,7th-8th,9,Widowed,Craft-repair,Wife,White,Male,27500,2940,77,Outlying-US(Guam-USVI-etc),0.524788,POSITIVE
10,Self-emp-not-inc,10th,1,Widowed,Craft-repair,Wife,White,Female,27500,2940,77,Outlying-US(Guam-USVI-etc),0.489448,NEGATIVE
10,Self-emp-not-inc,10th,1,Widowed,Craft-repair,Wife,White,Male,27500,2940,77,Outlying-US(Guam-USVI-etc),0.521365,POSITIVE
10,Self-emp-inc,12th,11,Divorced,Exec-managerial,Own-child,Asian-Pac-Islander,Female,32500,2940,79,India,0.469077,NEGATIVE
10,Self-emp-inc,12th,11,Divorced,Exec-managerial,Own-child,Asian-Pac-Islander,Male,32500,2940,79,India,0.500970,POSITIVE
10,Private,10th,9,Married-civ-spouse,Tech-support,Wife,White,Female,27500,2286,76,Outlying-US(Guam-USVI-etc),0.492986,NEGATIVE
10,Private,10th,9,Married-civ-spouse,Tech-support,Wife,White,Male,27500,2286,76,Outlying-US(Guam-USVI-etc),0.524897,POSITIVE
11,Self-emp-inc,1st-4th,6,Married-spouse-absent,Prof-specialty,Husband,Amer-Indian-Eskimo,Female,37500,2722,93,England,0.477359,NEGATIVE
11,Self-emp-inc,1st-4th,6,Married-spouse-absent,Prof-specialty,Husband,Amer-Indian-Eskimo,Male,37500,2722,93,England,0.509275,POSITIVE
13,Self-emp-inc,1st-4th,11,Divorced,Prof-specialty,Husband,Amer-Indian-Eskimo,Female,37500,2722,93,England,0.468239,NEGATIVE
13,Self-emp-inc,1st-4th,11,Divorced,Prof-specialty,Husband,Amer-Indian-Eskimo,Male,37500,2722,93,England,0.500129,POSITIVE
11,Local-gov,5th-6th,13,Never-married,Adm-clerical,Not-in-family,Amer-Indian-Eskimo,Female,37500,3158,95,Puerto-Rico,0.469837,NEGATIVE
11,Local-gov,5th-6th,13,Never-married,Adm-clerical,Not-in-family,Amer-Indian-Eskimo,Male,37500,3158,95,Puerto-Rico,0.501733,POSITIVE
11,Local-gov,Masters,13,Never-married,Adm-clerical,Not-in-family,Amer-Indian-Eskimo,Female,37500,2504,95,Puerto-Rico,0.486634,NEGATIVE
11,Local-gov,Masters,13,Never-married,Adm-clerical,Not-in-family,Amer-Indian-Eskimo,Male,37500,2504,95,Puerto-Rico,0.518555,POSITIVE
11,Local-gov,5th-6th,5,Never-married,Adm-clerical,Not-in-family,Amer-Indian-Eskimo,Female,37500,2504,95,Puerto-Rico,0.483207,NEGATIVE
11,Local-gov,5th-6th,5,Never-married,Adm-clerical,Not-in-family,Amer-Indian-Eskimo,Male,37500,2504,95,Puerto-Rico,0.515129,POSITIVE
13,Self-emp-inc,12th,3,Married-spouse-absent,Exec-managerial,Own-child,Asian-Pac-Islander,Female,32500,2940,79,Cambodia,0.482168,NEGATIVE
13,Self-emp-inc,12th,3,Married-spouse-absent,Exec-managerial,Own-child,Asian-Pac-Islander,Male,32500,2940,79,Cambodia,0.514089,POSITIVE
10,Self-emp-inc,Masters,11,Married-spouse-absent,Exec-managerial,Own-child,Asian-Pac-Islander,Female,32500,2940,79,Cambodia,0.468778,NEGATIVE
10,Self-emp-inc,Masters,11,Married-spouse-absent,Exec-managerial,Own-child,Asian-Pac-Islander,Male,32500,2940,79,Cambodia,0.500669,POSITIVE
11,Self-emp-inc,1st-4th,6,Divorced,Prof-specialty,Husband,Amer-Indian-Eskimo,Female,37500,2722,80,England,0.495083,NEGATIVE
11,Self-emp-inc,1st-4th,6,Divorced,Prof-specialty,Husband,Amer-Indian-Eskimo,Male,37500,2722,80,England,0.526988,POSITIVE
13,Self-emp-inc,Some-college,11,Married-spouse-absent,Prof-specialty,Husband,Amer-Indian-Eskimo,Female,37500,2940,93,Japan,0.479154,NEGATIVE
13,Self-emp-inc,Some-college,11,Married-spouse-absent,Prof-specialty,Husband,Amer-Indian-Eskimo,Male,37500,2940,93,Japan,0.511073,POSITIVE
13,Self-emp-not-inc,Some-college,10,Widowed,Sales,Own-child,Asian-Pac-Islander,Female,32500,2286,91,India,0.482495,NEGATIVE
13,Self-emp-not-inc,Some-college,10,Widowed,Sales,Own-child,Asian-Pac-Islander,Male,32500,2286,91,India,0.514416,POSITIVE
13,Self-emp-inc,Assoc-acdm,3,Married-spouse-absent,Prof-specialty,Husband,Amer-Indian-Eskimo,Female,37500,2940,93,Japan,0.475731,NEGATIVE
13,Self-emp-inc,Assoc-acdm,3,Married-spouse-absent,Prof-specialty,Husband,Amer-Indian-Eskimo,Male,37500,2940,93,Japan,0.507644,POSITIVE
11,Federal-gov,Prof-school,8,Married-spouse-absent,Machine-op-inspct,Not-in-family,Amer-Indian-Eskimo,Female,37500,2722,94,Japan,0.481240,NEGATIVE
11,Federal-gov,Prof-school,8,Married-spouse-absent,Machine-op-inspct,Not-in-family,Amer-Indian-Eskimo,Male,37500,2722,94,Japan,0.513160,POSITIVE
14,Local-gov,11th,13,Never-married,Adm-clerical,Not-in-family,Amer-Indian-Eskimo,Female,37500,3158,95,Japan,0.490449,NEGATIVE
14,Local-gov,11th,13,Never-married,Adm-clerical,Not-in-family,Amer-Indian-Eskimo,Male,37500,3158,95,Japan,0.522366,POSITIVE
13,Self-emp-inc,Assoc-acdm,11,Divorced,Exec-managerial,Own-child,Asian-Pac-Islander,Female,32500,2504,92,India,0.473628,NEGATIVE
13,Self-emp-inc,Assoc-acdm,11,Divorced,Exec-managerial,Own-child,Asian-Pac-Islander,Male,32500,2504,92,India,0.505535,POSITIVE
14,Local-gov,Assoc-voc,5,Never-married,Adm-clerical,Not-in-family,Amer-Indian-Eskimo,Female,37500,3158,95,Japan,0.487021,NEGATIVE
14,Local-gov,Assoc-voc,5,Never-married,Adm-clerical,Not-in-family,Amer-Indian-Eskimo,Male,37500,3158,95,Japan,0.518942,POSITIVE
11,Federal-gov,Assoc-voc,12,Never-married,Machine-op-inspct,Not-in-family,Amer-Indian-Eskimo,Female,37500,2504,94,Japan,0.487176,NEGATIVE
11,Federal-gov,Assoc-voc,12,Never-married,Machine-op-inspct,Not-in-family,Amer-Indian-Eskimo,Male,37500,2504,94,Japan,0.519096,POSITIVE
11,State-gov,Assoc-voc,6,Never-married,Transport-moving,Other-relative,Other,Female,42500,3158,97,Greece,0.474107,NEGATIVE
11,State-gov,Assoc-voc,6,Never-married,Transport-moving,Other-relative,Other,Male,42500,3158,97,Greece,0.506016,POSITIVE
13,Private,Bachelors,9,Widowed,Tech-support,Wife,White,Female,27500,2286,76,Outlying-US(Guam-USVI-etc),0.493659,NEGATIVE
13,Private,Bachelors,9,Widowed,Tech-support,Wife,White,Male,27500,2286,76,Outlying-US(Guam-USVI-etc),0.525568,POSITIVE
13,Private,Prof-school,1,Widowed,Tech-support,Wife,White,Female,27500,2286,76,Outlying-US(Guam-USVI-etc),0.490230,NEGATIVE
13,Private,Prof-school,1,Widowed,Tech-support,Wife,White,Male,27500,2286,76,Outlying-US(Guam-USVI-etc),0.522147,POSITIVE
10,Self-emp-inc,11th,5,Married-spouse-absent,Exec-managerial,Own-child,Asian-Pac-Islander,Female,32500,2504,79,India,0.477773,NEGATIVE
10,Self-emp-inc,11th,5,Married-spouse-absent,Exec-managerial,Own-child,Asian-Pac-Islander,Male,32500,2504,79,India,0.509689,POSITIVE
13,Self-emp-inc,Some-college,11,Divorced,Prof-specialty,Husband,Amer-Indian-Eskimo,Female,37500,2940,80,Japan,0.496881,NEGATIVE
13,Self-emp-inc,Some-college,11,Divorced,Prof-specialty,Husband,Amer-Indian-Eskimo,Male,37500,2940,80,Japan,0.528782,POSITIVE
13,Self-emp-not-inc,Some-college,10,Divorced,Sales,Own-child,Asian-Pac-Islander,Female,32500,2286,78,India,0.486567,NEGATIVE
13,Self-emp-not-inc,Some-college,10,Divorced,Sales,Own-child,Asian-Pac-Islander,Male,32500,2286,78,India,0.518487,POSITIVE
13,Self-emp-inc,Assoc-acdm,3,Divorced,Prof-specialty,Husband,Amer-Indian-Eskimo,Female,37500,2940,80,Japan,0.493451,NEGATIVE
13,Self-emp-inc,Assoc-acdm,3,Divorced,Prof-specialty,Husband,Amer-Indian-Eskimo,Male,37500,2940,80,Japan,0.525362,POSITIVE
11,Federal-gov,Prof-school,4,Never-married,Machine-op-inspct,Not-in-family,Amer-Indian-Eskimo,Female,37500,2504,82,Japan,0.491167,NEGATIVE
11,Federal-gov,Prof-school,4,Never-married,Machine-op-inspct,Not-in-family,Amer-Indian-Eskimo,Male,37500,2504,82,Japan,0.523082,POSITIVE
14,Federal-gov,Assoc-voc,12,Married-spouse-absent,Machine-op-inspct,Not-in-family,Amer-Indian-Eskimo,Female,37500,3158,94,Puerto-Rico,0.471936,NEGATIVE
14,Federal-gov,Assoc-voc,12,Married-spouse-absent,Machine-op-inspct,Not-in-family,Amer-Indian-Eskimo,Male,37500,3158,94,Puerto-Rico,0.503838,POSITIVE
14,Federal-gov,11th,12,Married-spouse-absent,Machine-op-inspct,Not-in-family,Amer-Indian-Eskimo,Female,37500,2504,94,Puerto-Rico,0.499404,NEGATIVE
14,Federal-gov,11th,12,Married-spouse-absent,Machine-op-inspct,Not-in-family,Amer-Indian-Eskimo,Male,37500,2504,94,Puerto-Rico,0.531295,POSITIVE
14,Federal-gov,Assoc-voc,4,Married-spouse-absent,Machine-op-inspct,Not-in-family,Amer-Indian-Eskimo,Female,37500,2504,94,Puerto-Rico,0.495974,NEGATIVE
14,Federal-gov,Assoc-voc,4,Married-spouse-absent,Machine-op-inspct,Not-in-family,Amer-Indian-Eskimo,Male,37500,2504,94,Puerto-Rico,0.527877,POSITIVE
11,Local-gov,Prof-school,13,Married-spouse-absent,Adm-clerical,Not-in-family,Amer-Indian-Eskimo,Female,37500,2504,95,Puerto-Rico,0.483647,NEGATIVE
11,Local-gov,Prof-school,13,Married-spouse-absent,Adm-clerical,Not-in-family,Amer-Indian-Eskimo,Male,37500,2504,95,Puerto-Rico,0.515568,POSITIVE
14,Local-gov,Prof-school,13,Never-married,Adm-clerical,Not-in-family,Amer-Indian-Eskimo,Female,37500,2504,95,Puerto-Rico,0.479576,NEGATIVE
14,Local-gov,Prof-school,13,Never-married,Adm-clerical,Not-in-family,Amer-Indian-Eskimo,Male,37500,2504,95,Puerto-Rico,0.511495,POSITIVE
14,State-gov,Assoc-voc,6,Never-married,Transport-moving,Other-relative,Other,Female,42500,2940,97,Canada,0.470706,NEGATIVE
14,State-gov,Assoc-voc,6,Never-married,Transport-moving,Other-relative,Other,Male,42500,2940,97,Canada,0.502605,POSITIVE
13,Self-emp-inc,Assoc-acdm,11,Married-spouse-absent,Exec-managerial,Own-child,Asian-Pac-Islander,Female,32500,2940,79,Cambodia,0.485595,NEGATIVE
13,Self-emp-inc,Assoc-acdm,11,Married-spouse-absent,Exec-managerial,Own-child,Asian-Pac-Islander,Male,32500,2940,79,Cambodia,0.517516,POSITIVE
14,Federal-gov,Prof-school,4,Married-spouse-absent,Machine-op-inspct,Not-in-family,Amer-Indian-Eskimo,Female,37500,3158,82,Puerto-Rico,0.475917,NEGATIVE
14,Federal-gov,Prof-school,4,Married-spouse-absent,Machine-op-inspct,Not-in-family,Amer-Indian-Eskimo,Male,37500,3158,82,Puerto-Rico,0.507830,POSITIVE
11,Local-gov,Prof-school,5,Married-spouse-absent,Adm-clerical,Not-in-family,Amer-Indian-Eskimo,Female,37500,2722,83,Puerto-Rico,0.476307,NEGATIVE
11,Local-gov,Prof-school,5,Married-spouse-absent,Adm-clerical,Not-in-family,Amer-Indian-Eskimo,Male,37500,2722,83,Puerto-Rico,0.508221,POSITIVE
12,Local-gov,Prof-school,9,Never-married,Adm-clerical,Not-in-family,Amer-Indian-Eskimo,Female,37500,2722,83,Puerto-Rico,0.486668,NEGATIVE
12,Local-gov,Prof-school,9,Never-married,Adm-clerical,Not-in-family,Amer-Indian-Eskimo,Male,37500,2722,83,Puerto-Rico,0.518588,POSITIVE
16,Private,7th-8th,1,Married-civ-spouse,Tech-support,Wife,White,Female,27500,3375,64,Outlying-US(Guam-USVI-etc),0.484965,NEGATIVE
16,Private,7th-8th,1,Married-civ-spouse,Tech-support,Wife,White,Male,27500,3375,64,Outlying-US(Guam-USVI-etc),0.516886,POSITIVE
19,Self-emp-not-inc,12th,9,Married-civ-spouse,Craft-repair,Wife,White,Female,27500,4029,65,United-States,0.492209,NEGATIVE
19,Self-emp-not-inc,12th,9,Married-civ-spouse,Craft-repair,Wife,White,Male,27500,4029,65,United-States,0.524122,POSITIVE
16,Self-emp-not-inc,12th,9,Married-civ-spouse,Craft-repair,Wife,White,Female,27500,3375,65,United-States,0.473789,NEGATIVE
16,Self-emp-not-inc,12th,9,Married-civ-spouse,Craft-repair,Wife,White,Male,27500,3375,65,United-States,0.505697,POSITIVE
16,Private,7th-8th,1,Widowed,Tech-support,Wife,White,Female,27500,4029,51,United-States,0.480226,NEGATIVE
16,Private,7th-8th,1,Widowed,Tech-support,Wife,White,Male,27500,4029,51,United-States,0.512146,POSITIVE
16,Self-emp-not-inc,Bachelors,9,Widowed,Craft-repair,Wife,White,Female,27500,4029,65,Outlying-US(Guam-USVI-etc),0.491211,NEGATIVE
16,Self-emp-not-inc,Bachelors,9,Widowed,Craft-repair,Wife,White,Male,27500,4029,65,Outlying-US(Guam-USVI-etc),0.523126,POSITIVE
16,Self-emp-not-inc,Prof-school,1,Widowed,Craft-repair,Wife,White,Female,27500,4029,65,Outlying-US(Guam-USVI-etc),0.487783,NEGATIVE
16,Self-emp-not-inc,Prof-school,1,Widowed,Craft-repair,Wife,White,Male,27500,4029,65,Outlying-US(Guam-USVI-etc),0.519703,POSITIVE
19,Private,Prof-school,9,Married-civ-spouse,Tech-support,Wife,White,Female,27500,4029,64,Outlying-US(Guam-USVI-etc),0.496165,NEGATIVE
19,Private,Prof-school,9,Married-civ-spouse,Tech-support,Wife,White,Male,27500,4029,64,Outlying-US(Guam-USVI-etc),0.528068,POSITIVE
16,Self-emp-inc,Some-college,11,Divorced,Exec-managerial,Own-child,Asian-Pac-Islander,Female,32500,4029,67,India,0.473257,NEGATIVE
16,Self-emp-inc,Some-college,11,Divorced,Exec-managerial,Own-child,Asian-Pac-Islander,Male,32500,4029,67,India,0.505164,POSITIVE
16,Private,Prof-school,9,Married-civ-spouse,Tech-support,Wife,White,Female,27500,3375,64,Outlying-US(Guam-USVI-etc),0.488392,NEGATIVE
16,Private,Prof-school,9,Married-civ-spouse,Tech-support,Wife,White,Male,27500,3375,64,Outlying-US(Guam-USVI-etc),0.520311,POSITIVE
16,Self-emp-inc,Assoc-acdm,3,Divorced,Exec-managerial,Own-child,Asian-Pac-Islander,Female,32500,4029,67,India,0.469839,NEGATIVE
16,Self-emp-inc,Assoc-acdm,3,Divorced,Exec-managerial,Own-child,Asian-Pac-Islander,Male,32500,4029,67,India,0.501734,POSITIVE
16,Self-emp-not-inc,Bachelors,9,Married-civ-spouse,Craft-repair,Wife,White,Female,27500,4029,52,Outlying-US(Guam-USVI-etc),0.488456,NEGATIVE
16,Self-emp-not-inc,Bachelors,9,Married-civ-spouse,Craft-repair,Wife,White,Male,27500,4029,52,Outlying-US(Guam-USVI-etc),0.520375,POSITIVE
16,Self-emp-not-inc,Some-college,2,Divorced,Sales,Own-child,Asian-Pac-Islander,Female,32500,4029,53,India,0.472123,NEGATIVE
16,Self-emp-not-inc,Some-college,2,Divorced,Sales,Own-child,Asian-Pac-Islander,Male,32500,4029,53,India,0.504026,POSITIVE
19,Self-emp-inc,Some-college,3,Married-spouse-absent,Exec-managerial,Own-child,Asian-Pac-Islander,Female,32500,4029,67,Cambodia,0.486358,NEGATIVE
19,Self-emp-inc,Some-college,3,Married-spouse-absent,Exec-managerial,Own-child,Asian-Pac-Islander,Male,32500,4029,67,Cambodia,0.518278,POSITIVE
16,Self-emp-inc,11th,11,Married-spouse-absent,Exec-managerial,Own-child,Asian-Pac-Islander,Female,32500,4029,67,Cambodia,0.472957,NEGATIVE
16,Self-emp-inc,11th,11,Married-spouse-absent,Exec-managerial,Own-child,Asian-Pac-Islander,Male,32500,4029,67,Cambodia,0.504863,POSITIVE
19,Self-emp-inc,11th,5,Divorced,Exec-managerial,Own-child,Asian-Pac-Islander,Female,32500,3593,67,Cambodia,0.493755,NEGATIVE
19,Self-emp-inc,11th,5,Divorced,Exec-managerial,Own-child,Asian-Pac-Islander,Male,32500,3593,67,Cambodia,0.525664,POSITIVE
16,Self-emp-inc,Assoc-acdm,11,Divorced,Prof-specialty,Husband,Amer-Indian-Eskimo,Female,37500,4029,68,England,0.468199,NEGATIVE
16,Self-emp-inc,Assoc-acdm,11,Divorced,Prof-specialty,Husband,Amer-Indian-Eskimo,Male,37500,4029,68,England,0.500088,POSITIVE
16,Private,Prof-school,9,Widowed,Tech-support,Wife,White,Female,27500,4029,51,United-States,0.483651,NEGATIVE
16,Private,Prof-school,9,Widowed,Tech-support,Wife,White,Male,27500,4029,51,United-States,0.515573,POSITIVE
16,Self-emp-not-inc,Some-college,1,Widowed,Craft-repair,Wife,White,Female,27500,3375,52,United-States,0.490041,NEGATIVE
16,Self-emp-not-inc,Some-college,1,Widowed,Craft-repair,Wife,White,Male,27500,3375,52,United-States,0.521957,POSITIVE
19,Self-emp-inc,Some-college,3,Divorced,Exec-managerial,Own-child,Asian-Pac-Islander,Female,32500,4029,54,Cambodia,0.497262,NEGATIVE
19,Self-emp-inc,Some-college,3,Divorced,Exec-managerial,Own-child,Asian-Pac-Islander,Male,32500,4029,54,Cambodia,0.529161,POSITIVE
19,Private,Prof-school,1,Married-civ-spouse,Tech-support,Wife,White,Female,27500,3375,51,United-States,0.498407,NEGATIVE
19,Private,Prof-school,1,Married-civ-spouse,Tech-support,Wife,White,Male,27500,3375,51,United-States,0.530302,POSITIVE
16,Self-emp-inc,11th,11,Divorced,Exec-managerial,Own-child,Asian-Pac-Islander,Female,32500,4029,54,Cambodia,0.483843,NEGATIVE
16,Self-emp-inc,11th,11,Divorced,Exec-managerial,Own-child,Asian-Pac-Islander,Male,32500,4029,54,Cambodia,0.515765,POSITIVE
16,Private,7th-8th,9,Married-civ-spouse,Tech-support,Wife,White,Female,27500,2940,64,United-States,0.484915,NEGATIVE
16,Private,7th-8th,9,Married-civ-spouse,Tech-support,Wife,White,Male,27500,2940,64,United-States,0.516837,POSITIVE
16,Private,10th,1,Married-civ-spouse,Tech-support,Wife,White,Female,27500,2940,64,United-States,0.481489,NEGATIVE
16,Private,10th,1,Married-civ-spouse,Tech-support,Wife,White,Male,27500,2940,64,United-States,0.513410,POSITIVE
16,Private,Bachelors,1,Widowed,Tech-support,Wife,White,Female,27500,2286,64,United-States,0.474401,NEGATIVE
16,Private,Bachelors,1,Widowed,Tech-support,Wife,White,Male,27500,2286,64,United-States,0.506310,POSITIVE
19,Self-emp-not-inc,Some-college,2,Divorced,Sales,Own-child,Asian-Pac-Islander,Female,32500,2940,66,Cambodia,0.469653,NEGATIVE
19,Self-emp-not-inc,Some-college,2,Divorced,Sales,Own-child,Asian-Pac-Islander,Male,32500,2940,66,Cambodia,0.501548,POSITIVE
16,Self-emp-not-inc,Some-college,3,Divorced,Sales,Own-child,Asian-Pac-Islander,Female,32500,2504,66,Cambodia,0.494198,NEGATIVE
16,Self-emp-not-inc,Some-college,3,Divorced,Sales,Own-child,Asian-Pac-Islander,Male,32500,2504,66,Cambodia,0.526107,POSITIVE
19,Private,Bachelors,1,Married-civ-spouse,Tech-support,Wife,White,Female,27500,2940,51,United-States,0.472594,NEGATIVE
19,Private,Bachelors,1,Married-civ-spouse,Tech-support,Wife,White,Male,27500,2940,51,United-States,0.504498,POSITIVE
13,Private,7th-8th,9,Widowed,Tech-support,Wife,White,Female,27500,4029,64,Outlying-US(Guam-USVI-etc),0.470233,NEGATIVE
13,Private,7th-8th,9,Widowed,Tech-support,Wife,White,Male,27500,4029,64,Outlying-US(Guam-USVI-etc),0.502130,POSITIVE
10,Self-emp-not-inc,12th,10,Widowed,Sales,Own-child,Asian-Pac-Islander,Female,32500,4029,66,India,0.485585,NEGATIVE
10,Self-emp-not-inc,12th,10,Widowed,Sales,Own-child,Asian-Pac-Islander,Male,32500,4029,66,India,0.517506,POSITIVE
10,Self-emp-inc,Masters,3,Married-spouse-absent,Exec-managerial,Own-child,Asian-Pac-Islander,Female,32500,4029,67,India,0.486313,NEGATIVE
10,Self-emp-inc,Masters,3,Married-spouse-absent,Exec-managerial,Own-child,Asian-Pac-Islander,Male,32500,4029,67,India,0.518234,POSITIVE
13,Self-emp-not-inc,12th,10,Divorced,Sales,Own-child,Asian-Pac-Islander,Female,32500,4029,66,India,0.490300,NEGATIVE
13,Self-emp-not-inc,12th,10,Divorced,Sales,Own-child,Asian-Pac-Islander,Male,32500,4029,66,India,0.522216,POSITIVE
13,Self-emp-not-inc,12th,2,Divorced,Sales,Own-child,Asian-Pac-Islander,Female,32500,3375,66,India,0.498530,NEGATIVE
13,Self-emp-not-inc,12th,2,Divorced,Sales,Own-child,Asian-Pac-Islander,Male,32500,3375,66,India,0.530425,POSITIVE
10,Self-emp-inc,12th,11,Divorced,Prof-specialty,Husband,Amer-Indian-Eskimo,Female,37500,4029,68,Japan,0.477380,NEGATIVE
10,Self-emp-inc,12th,11,Divorced,Prof-specialty,Husband,Amer-Indian-Eskimo,Male,37500,4029,68,Japan,0.509296,POSITIVE
10,Self-emp-not-inc,10th,9,Married-civ-spouse,Craft-repair,Wife,White,Female,27500,3375,65,Outlying-US(Guam-USVI-etc),0.481863,NEGATIVE
10,Self-emp-not-inc,10th,9,Married-civ-spouse,Craft-repair,Wife,White,Male,27500,3375,65,Outlying-US(Guam-USVI-etc),0.513784,POSITIVE
10,Self-emp-inc,Doctorate,3,Divorced,Prof-specialty,Husband,Amer-Indian-Eskimo,Female,37500,4029,68,Japan,0.473958,NEGATIVE
10,Self-emp-inc,Doctorate,3,Divorced,Prof-specialty,Husband,Amer-Indian-Eskimo,Male,37500,4029,68,Japan,0.505866,POSITIVE
10,Self-emp-not-inc,12th,1,Widowed,Craft-repair,Wife,White,Female,27500,4029,52,Outlying-US(Guam-USVI-etc),0.473241,NEGATIVE
10,Self-emp-not-inc,12th,1,Widowed,Craft-repair,Wife,White,Male,27500,4029,52,Outlying-US(Guam-USVI-etc),0.505147,POSITIVE
10,Self-emp-not-inc,12th,10,Divorced,Sales,Own-child,Asian-Pac-Islander,Female,32500,4029,53,India,0.489658,NEGATIVE
10,Self-emp-not-inc,12th,10,Divorced,Sales,Own-child,Asian-Pac-Islander,Male,32500,4029,53,India,0.521576,POSITIVE
10,Self-emp-inc,Masters,3,Divorced,Exec-managerial,Own-child,Asian-Pac-Islander,Female,32500,4029,54,India,0.497216,NEGATIVE
10,Self-emp-inc,Masters,3,Divorced,Exec-managerial,Own-child,Asian-Pac-Islander,Male,32500,4029,54,India,0.529116,POSITIVE
13,Self-emp-not-inc,12th,3,Widowed,Sales,Own-child,Asian-Pac-Islander,Female,32500,3593,66,Cambodia,0.482332,NEGATIVE
13,Self-emp-not-inc,12th,3,Widowed,Sales,Own-child,Asian-Pac-Islander,Male,32500,3593,66,Cambodia,0.514254,POSITIVE
10,Self-emp-inc,1st-4th,11,Married-spouse-absent,Prof-specialty,Husband,Amer-Indian-Eskimo,Female,37500,4029,68,England,0.498822,NEGATIVE
10,Self-emp-inc,1st-4th,11,Married-spouse-absent,Prof-specialty,Husband,Amer-Indian-Eskimo,Male,37500,4029,68,England,0.530716,POSITIVE
13,Self-emp-inc,Masters,11,Divorced,Exec-managerial,Own-child,Asian-Pac-Islander,Female,32500,3593,67,Cambodia,0.486372,NEGATIVE
13,Self-emp-inc,Masters,11,Divorced,Exec-managerial,Own-child,Asian-Pac-Islander,Male,32500,3593,67,Cambodia,0.518293,POSITIVE
13,Self-emp-inc,Doctorate,3,Divorced,Exec-managerial,Own-child,Asian-Pac-Islander,Female,32500,3593,67,Cambodia,0.475207,NEGATIVE
13,Self-emp-inc,Doctorate,3,Divorced,Exec-managerial,Own-child,Asian-Pac-Islander,Male,32500,3593,67,Cambodia,0.507118,POSITIVE
11,Federal-gov,5th-6th,12,Never-married,Machine-op-inspct,Not-in-family,Amer-Indian-Eskimo,Female,37500,4247,69,Puerto-Rico,0.479900,NEGATIVE
11,Federal-gov,5th-6th,12,Never-married,Machine-op-inspct,Not-in-family,Amer-Indian-Eskimo,Male,37500,4247,69,Puerto-Rico,0.511819,POSITIVE
13,Private,7th-8th,1,Widowed,Tech-support,Wife,White,Female,27500,3375,51,United-States,0.472468,NEGATIVE
13,Private,7th-8th,1,Widowed,Tech-support,Wife,White,Male,27500,3375,51,United-States,0.504372,POSITIVE
10,Self-emp-not-inc,10th,9,Widowed,Craft-repair,Wife,White,Female,27500,4029,52,United-States,0.482695,NEGATIVE
10,Self-emp-not-inc,10th,9,Widowed,Craft-repair,Wife,White,Male,27500,4029,52,United-States,0.514616,POSITIVE
10,Self-emp-not-inc,12th,2,Widowed,Sales,Own-child,Asian-Pac-Islander,Female,32500,3593,53,Cambodia,0.481007,NEGATIVE
10,Self-emp-not-inc,12th,2,Widowed,Sales,Own-child,Asian-Pac-Islander,Male,32500,3593,53,Cambodia,0.512927,POSITIVE
13,Self-emp-not-inc,12th,3,Divorced,Sales,Own-child,Asian-Pac-Islander,Female,32500,3593,53,Cambodia,0.486404,NEGATIVE
13,Self-emp-not-inc,12th,3,Divorced,Sales,Own-child,Asian-Pac-Islander,Male,32500,3593,53,Cambodia,0.518324,POSITIVE
10,Self-emp-inc,Doctorate,11,Divorced,Exec-managerial,Own-child,Asian-Pac-Islander,Female,32500,4029,54,Cambodia,0.474074,NEGATIVE
10,Self-emp-inc,Doctorate,11,Divorced,Exec-managerial,Own-child,Asian-Pac-Islander,Male,32500,4029,54,Cambodia,0.505983,POSITIVE
11,Federal-gov,10th,4,Never-married,Machine-op-inspct,Not-in-family,Amer-Indian-Eskimo,Female,37500,4247,57,Puerto-Rico,0.483888,NEGATIVE
11,Federal-gov,10th,4,Never-married,Machine-op-inspct,Not-in-family,Amer-Indian-Eskimo,Male,37500,4247,57,Puerto-Rico,0.515809,POSITIVE
13,Self-emp-not-inc,Some-college,9,Widowed,Craft-repair,Wife,White,Female,27500,3375,65,Outlying-US(Guam-USVI-etc),0.475371,NEGATIVE
13,Self-emp-not-inc,Some-college,9,Widowed,Craft-repair,Wife,White,Male,27500,3375,65,Outlying-US(Guam-USVI-etc),0.507283,POSITIVE
13,Self-emp-not-inc,Prof-school,1,Widowed,Craft-repair,Wife,White,Female,27500,3375,65,Outlying-US(Guam-USVI-etc),0.469375,NEGATIVE
13,Self-emp-not-inc,Prof-school,1,Widowed,Craft-repair,Wife,White,Male,27500,3375,65,Outlying-US(Guam-USVI-etc),0.501269,POSITIVE
10,Self-emp-inc,HS-grad,6,Married-spouse-absent,Prof-specialty,Husband,Amer-Indian-Eskimo,Female,37500,3811,68,Japan,0.492503,NEGATIVE
10,Self-emp-inc,HS-grad,6,Married-spouse-absent,Prof-specialty,Husband,Amer-Indian-Eskimo,Male,37500,3811,68,Japan,0.524415,POSITIVE
13,Self-emp-inc,HS-grad,6,Divorced,Prof-specialty,Husband,Amer-Indian-Eskimo,Female,37500,3811,68,Japan,0.468943,NEGATIVE
13,Self-emp-inc,HS-grad,6,Divorced,Prof-specialty,Husband,Amer-Indian-Eskimo,Male,37500,3811,68,Japan,0.500835,POSITIVE
11,State-gov,11th,6,Never-married,Transport-moving,Other-relative,Other,Female,42500,4247,72,Greece,0.481781,NEGATIVE
11,State-gov,11th,6,Never-married,Transport-moving,Other-relative,Other,Male,42500,4247,72,Greece,0.513702,POSITIVE
10,Self-emp-not-inc,Some-college,3,Widowed,Sales,Own-child,Asian-Pac-Islander,Female,32500,3593,53,India,0.491960,NEGATIVE
10,Self-emp-not-inc,Some-college,3,Widowed,Sales,Own-child,Asian-Pac-Islander,Male,32500,3593,53,India,0.523874,POSITIVE
13,Self-emp-not-inc,Some-college,9,Married-civ-spouse,Craft-repair,Wife,White,Female,27500,3375,52,Outlying-US(Guam-USVI-etc),0.472622,NEGATIVE
13,Self-emp-not-inc,Some-college,9,Married-civ-spouse,Craft-repair,Wife,White,Male,27500,3375,52,Outlying-US(Guam-USVI-etc),0.504527,POSITIVE
10,Self-emp-inc,11th,11,Divorced,Exec-managerial,Own-child,Asian-Pac-Islander,Female,32500,3593,54,India,0.485477,NEGATIVE
10,Self-emp-inc,11th,11,Divorced,Exec-managerial,Own-child,Asian-Pac-Islander,Male,32500,3593,54,India,0.517398,POSITIVE
11,Local-gov,11th,5,Never-married,Adm-clerical,Not-in-family,Amer-Indian-Eskimo,Female,37500,4247,58,Japan,0.482354,NEGATIVE
11,Local-gov,11th,5,Never-married,Adm-clerical,Not-in-family,Amer-Indian-Eskimo,Male,37500,4247,58,Japan,0.514275,POSITIVE
10,Self-emp-inc,HS-grad,3,Divorced,Prof-specialty,Husband,Amer-Indian-Eskimo,Female,37500,3593,55,Japan,0.498533,NEGATIVE
10,Self-emp-inc,HS-grad,3,Divorced,Prof-specialty,Husband,Amer-Indian-Eskimo,Male,37500,3593,55,Japan,0.530427,POSITIVE
12,Local-gov,Prof-school,9,Widowed,Adm-clerical,Not-in-family,Amer-Indian-Eskimo,Female,37500,3811,70,Puerto-Rico,0.498127,NEGATIVE
12,Local-gov,Prof-school,9,Widowed,Adm-clerical,Not-in-family,Amer-Indian-Eskimo,Male,37500,3811,70,Puerto-Rico,0.530023,POSITIVE
13,Private,Prof-school,9,Widowed,Tech-support,Wife,White,Female,27500,3375,51,United-States,0.475889,NEGATIVE
13,Private,Prof-school,9,Widowed,Tech-support,Wife,White,Male,27500,3375,51,United-States,0.507801,POSITIVE
13,Self-emp-inc,11th,3,Married-spouse-absent,Exec-managerial,Own-child,Asian-Pac-Islander,Female,32500,3593,54,Cambodia,0.498596,NEGATIVE
13,Self-emp-inc,11th,3,Married-spouse-absent,Exec-managerial,Own-child,Asian-Pac-Islander,Male,32500,3593,54,Cambodia,0.530490,POSITIVE
11,Federal-gov,11th,12,Married-spouse-absent,Machine-op-inspct,Not-in-family,Amer-Indian-Eskimo,Female,37500,4247,57,Puerto-Rico,0.470199,NEGATIVE
11,Federal-gov,11th,12,Married-spouse-absent,Machine-op-inspct,Not-in-family,Amer-Indian-Eskimo,Male,37500,4247,57,Puerto-Rico,0.502096,POSITIVE
10,Self-emp-inc,11th,11,Married-spouse-absent,Exec-managerial,Own-child,Asian-Pac-Islander,Female,32500,3593,54,Cambodia,0.477435,NEGATIVE
10,Self-emp-inc,11th,11,Married-spouse-absent,Exec-managerial,Own-child,Asian-Pac-Islander,Male,32500,3593,54,Cambodia,0.509351,POSITIVE
11,Federal-gov,11th,4,Married-spouse-absent,Machine-op-inspct,Not-in-family,Amer-Indian-Eskimo,Female,37500,3593,57,Puerto-Rico,0.494232,NEGATIVE
11,Federal-gov,11th,4,Married-spouse-absent,Machine-op-inspct,Not-in-family,Amer-Indian-Eskimo,Male,37500,3593,57,Puerto-Rico,0.526140,POSITIVE
14,Federal-gov,Prof-school,4,Never-married,Machine-op-inspct,Not-in-family,Amer-Indian-Eskimo,Female,37500,3811,57,Puerto-Rico,0.493315,NEGATIVE
14,Federal-gov,Prof-school,4,Never-married,Machine-op-inspct,Not-in-family,Amer-Indian-Eskimo,Male,37500,3811,57,Puerto-Rico,0.525225,POSITIVE
11,Local-gov,Prof-school,9,Never-married,Adm-clerical,Not-in-family,Amer-Indian-Eskimo,Female,37500,3811,58,Puerto-Rico,0.489027,NEGATIVE
11,Local-gov,Prof-school,9,Never-married,Adm-clerical,Not-in-family,Amer-Indian-Eskimo,Male,37500,3811,58,Puerto-Rico,0.520945,POSITIVE
10,Self-emp-not-inc,12th,9,Married-civ-spouse,Craft-repair,Wife,White,Female,27500,2940,65,Outlying-US(Guam-USVI-etc),0.490602,NEGATIVE
10,Self-emp-not-inc,12th,9,Married-civ-spouse,Craft-repair,Wife,White,Male,27500,2940,65,Outlying-US(Guam-USVI-etc),0.522518,POSITIVE
13,Self-emp-not-inc,7th-8th,1,Widowed,Craft-repair,Wife,White,Female,27500,2940,65,United-States,0.484132,NEGATIVE
13,Self-emp-not-inc,7th-8th,1,Widowed,Craft-repair,Wife,White,Male,27500,2940,65,United-States,0.516053,POSITIVE
10,Self-emp-not-inc,12th,2,Widowed,Craft-repair,Wife,White,Female,27500,2286,65,United-States,0.492530,NEGATIVE
10,Self-emp-not-inc,12th,2,Widowed,Craft-repair,Wife,White,Male,27500,2286,65,United-States,0.524442,POSITIVE
13,Private,7th-8th,9,Married-civ-spouse,Tech-support,Wife,White,Female,27500,2286,64,United-States,0.477151,NEGATIVE
13,Private,7th-8th,9,Married-civ-spouse,Tech-support,Wife,White,Male,27500,2286,64,United-States,0.509066,POSITIVE
13,Self-emp-inc,12th,3,Divorced,Exec-managerial,Own-child,Asian-Pac-Islander,Female,32500,2940,67,Cambodia,0.481357,NEGATIVE
13,Self-emp-inc,12th,3,Divorced,Exec-managerial,Own-child,Asian-Pac-Islander,Male,32500,2940,67,Cambodia,0.513278,POSITIVE
13,Private,10th,1,Married-civ-spouse,Tech-support,Wife,White,Female,27500,2286,64,United-States,0.473730,NEGATIVE
13,Private,10th,1,Married-civ-spouse,Tech-support,Wife,White,Male,27500,2286,64,United-States,0.505637,POSITIVE
13,Self-emp-not-inc,7th-8th,1,Married-civ-spouse,Craft-repair,Wife,White,Female,27500,2940,52,United-States,0.481379,NEGATIVE
13,Self-emp-not-inc,7th-8th,1,Married-civ-spouse,Craft-repair,Wife,White,Male,27500,2940,52,United-States,0.513299,POSITIVE
10,Self-emp-not-inc,12th,2,Married-civ-spouse,Craft-repair,Wife,White,Female,27500,2286,52,United-States,0.489775,NEGATIVE
10,Self-emp-not-inc,12th,2,Married-civ-spouse,Craft-repair,Wife,White,Male,27500,2286,52,United-States,0.521692,POSITIVE
10,Self-emp-not-inc,Some-college,2,Widowed,Craft-repair,Wife,White,Female,27500,2286,65,Outlying-US(Guam-USVI-etc),0.495348,NEGATIVE
10,Self-emp-not-inc,Some-college,2,Widowed,Craft-repair,Wife,White,Male,27500,2286,65,Outlying-US(Guam-USVI-etc),0.527253,POSITIVE
13,Self-emp-not-inc,Some-college,10,Divorced,Sales,Own-child,Asian-Pac-Islander,Female,32500,2940,66,India,0.497455,NEGATIVE
13,Self-emp-not-inc,Some-college,10,Divorced,Sales,Own-child,Asian-Pac-Islander,Male,32500,2940,66,India,0.529353,POSITIVE
13,Self-emp-not-inc,Assoc-acdm,2,Divorced,Sales,Own-child,Asian-Pac-Islander,Female,32500,2940,66,India,0.494025,NEGATIVE
13,Self-emp-not-inc,Assoc-acdm,2,Divorced,Sales,Own-child,Asian-Pac-Islander,Male,32500,2940,66,India,0.525934,POSITIVE
10,Self-emp-inc,11th,5,Divorced,Exec-managerial,Own-child,Asian-Pac-Islander,Female,32500,2504,67,India,0.476963,NEGATIVE
10,Self-emp-inc,11th,5,Divorced,Exec-managerial,Own-child,Asian-Pac-Islander,Male,32500,2504,67,India,0.508878,POSITIVE
10,Self-emp-not-inc,Some-college,2,Married-civ-spouse,Craft-repair,Wife,White,Female,27500,2286,52,Outlying-US(Guam-USVI-etc),0.492592,NEGATIVE
10,Self-emp-not-inc,Some-college,2,Married-civ-spouse,Craft-repair,Wife,White,Male,27500,2286,52,Outlying-US(Guam-USVI-etc),0.524504,POSITIVE
11,Self-emp-inc,HS-grad,6,Never-married,Prof-specialty,Husband,Amer-Indian-Eskimo,Female,37500,2722,68,England,0.497113,NEGATIVE
11,Self-emp-inc,HS-grad,6,Never-married,Prof-specialty,Husband,Amer-Indian-Eskimo,Male,37500,2722,68,England,0.529013,POSITIVE
10,Self-emp-not-inc,Some-college,10,Widowed,Sales,Own-child,Asian-Pac-Islander,Female,32500,2940,53,Cambodia,0.474775,NEGATIVE
10,Self-emp-not-inc,Some-college,10,Widowed,Sales,Own-child,Asian-Pac-Islander,Male,32500,2940,53,Cambodia,0.506685,POSITIVE
10,Self-emp-inc,11th,3,Married-spouse-absent,Exec-managerial,Own-child,Asian-Pac-Islander,Female,32500,2940,54,Cambodia,0.480163,NEGATIVE
10,Self-emp-inc,11th,3,Married-spouse-absent,Exec-managerial,Own-child,Asian-Pac-Islander,Male,32500,2940,54,Cambodia,0.512082,POSITIVE
13,Self-emp-not-inc,Some-college,10,Divorced,Sales,Own-child,Asian-Pac-Islander,Female,32500,2940,53,Cambodia,0.479482,NEGATIVE
13,Self-emp-not-inc,Some-college,10,Divorced,Sales,Own-child,Asian-Pac-Islander,Male,32500,2940,53,Cambodia,0.511400,POSITIVE
13,Self-emp-not-inc,Some-college,2,Divorced,Sales,Own-child,Asian-Pac-Islander,Female,32500,2504,53,Cambodia,0.492871,NEGATIVE
13,Self-emp-not-inc,Some-college,2,Divorced,Sales,Own-child,Asian-Pac-Islander,Male,32500,2504,53,Cambodia,0.524783,POSITIVE
10,Self-emp-inc,Some-college,11,Divorced,Prof-specialty,Husband,Amer-Indian-Eskimo,Female,37500,2940,55,England,0.475896,NEGATIVE
10,Self-emp-inc,Some-college,11,Divorced,Prof-specialty,Husband,Amer-Indian-Eskimo,Male,37500,2940,55,England,0.507809,POSITIVE
10,Self-emp-inc,Assoc-acdm,3,Divorced,Prof-specialty,Husband,Amer-Indian-Eskimo,Female,37500,2940,55,England,0.472476,NEGATIVE
10,Self-emp-inc,Assoc-acdm,3,Divorced,Prof-specialty,Husband,Amer-Indian-Eskimo,Male,37500,2940,55,England,0.504380,POSITIVE
10,Self-emp-not-inc,Some-college,2,Divorced,Sales,Own-child,Asian-Pac-Islander,Female,32500,1851,91,Poland,0.488027,NEGATIVE
10,Self-emp-not-inc,Some-college,2,Divorced,Sales,Own-child,Asian-Pac-Islander,Male,32500,1851,91,Poland,0.519947,POSITIVE
10,Self-emp-not-inc,Some-college,2,Widowed,Sales,Own-child,Asian-Pac-Islander,Female,32500,1851,91,Cuba,0.478943,NEGATIVE
10,Self-emp-not-inc,Some-college,2,Widowed,Sales,Own-child,Asian-Pac-Islander,Male,32500,1851,91,Cuba,0.510861,POSITIVE
13,Self-emp-not-inc,Bachelors,9,Married-civ-spouse,Craft-repair,Wife,White,Female,27500,1851,90,China,0.497077,NEGATIVE
13,Self-emp-not-inc,Bachelors,9,Married-civ-spouse,Craft-repair,Wife,White,Male,27500,1851,90,China,0.528977,POSITIVE
13,Self-emp-not-inc,Some-college,2,Divorced,Sales,Own-child,Asian-Pac-Islander,Female,32500,1851,91,Cuba,0.483653,NEGATIVE
13,Self-emp-not-inc,Some-college,2,Divorced,Sales,Own-child,Asian-Pac-Islander,Male,32500,1851,91,Cuba,0.515575,POSITIVE
10,Self-emp-not-inc,Some-college,9,Married-civ-spouse,Craft-repair,Wife,White,Female,27500,1197,90,China,0.481227,NEGATIVE
10,Self-emp-not-inc,Some-college,9,Married-civ-spouse,Craft-repair,Wife,White,Male,27500,1197,90,China,0.513147,POSITIVE
10,Self-emp-inc,Some-college,3,Divorced,Prof-specialty,Husband,Amer-Indian-Eskimo,Female,37500,1851,93,Iran,0.470747,NEGATIVE
10,Self-emp-inc,Some-college,3,Divorced,Prof-specialty,Husband,Amer-Indian-Eskimo,Male,37500,1851,93,Iran,0.502645,POSITIVE
10,Self-emp-not-inc,Prof-school,1,Married-civ-spouse,Craft-repair,Wife,White,Female,27500,1197,90,China,0.475224,NEGATIVE
10,Self-emp-not-inc,Prof-school,1,Married-civ-spouse,Craft-repair,Wife,White,Male,27500,1197,90,China,0.507136,POSITIVE
10,Self-emp-not-inc,Some-college,2,Divorced,Sales,Own-child,Asian-Pac-Islander,Female,32500,1851,78,Cuba,0.483012,NEGATIVE
10,Self-emp-not-inc,Some-college,2,Divorced,Sales,Own-child,Asian-Pac-Islander,Male,32500,1851,78,Cuba,0.514933,POSITIVE
10,Self-emp-not-inc,Some-college,1,Married-civ-spouse,Craft-repair,Wife,White,Female,27500,762,90,China,0.483956,NEGATIVE
10,Self-emp-not-inc,Some-college,1,Married-civ-spouse,Craft-repair,Wife,White,Male,27500,762,90,China,0.515877,POSITIVE
10,Private,Bachelors,1,Married-civ-spouse,Tech-support,Wife,White,Female,27500,1851,64,China,0.477734,NEGATIVE
10,Private,Bachelors,1,Married-civ-spouse,Tech-support,Wife,White,Male,27500,1851,64,China,0.509650,POSITIVE
16,Private,7th-8th,1,Married-civ-spouse,Tech-support,Wife,White,Female,27500,1851,89,Outlying-US(Guam-USVI-etc),0.499270,NEGATIVE
16,Private,7th-8th,1,Married-civ-spouse,Tech-support,Wife,White,Male,27500,1851,89,Outlying-US(Guam-USVI-etc),0.531161,POSITIVE
16,Self-emp-not-inc,12th,9,Married-civ-spouse,Craft-repair,Wife,White,Female,27500,1851,90,United-States,0.498742,NEGATIVE
16,Self-emp-not-inc,12th,9,Married-civ-spouse,Craft-repair,Wife,White,Male,27500,1851,90,United-States,0.530636,POSITIVE
16,Self-emp-not-inc,12th,2,Divorced,Sales,Own-child,Asian-Pac-Islander,Female,32500,1851,91,Cambodia,0.469033,NEGATIVE
16,Self-emp-not-inc,12th,2,Divorced,Sales,Own-child,Asian-Pac-Islander,Male,32500,1851,91,Cambodia,0.500926,POSITIVE
16,Self-emp-not-inc,Some-college,9,Married-civ-spouse,Craft-repair,Wife,White,Female,27500,1851,90,Outlying-US(Guam-USVI-etc),0.468820,NEGATIVE
16,Self-emp-not-inc,Some-college,9,Married-civ-spouse,Craft-repair,Wife,White,Male,27500,1851,90,Outlying-US(Guam-USVI-etc),0.500712,POSITIVE
19,Self-emp-not-inc,Some-college,1,Widowed,Craft-repair,Wife,White,Female,27500,1851,90,United-States,0.486228,NEGATIVE
19,Self-emp-not-inc,Some-college,1,Widowed,Craft-repair,Wife,White,Male,27500,1851,90,United-States,0.518149,POSITIVE
16,Self-emp-not-inc,Some-college,2,Widowed,Craft-repair,Wife,White,Female,27500,1197,90,United-States,0.470741,NEGATIVE
16,Self-emp-not-inc,Some-college,2,Widowed,Craft-repair,Wife,White,Male,27500,1197,90,United-States,0.502640,POSITIVE
16,Self-emp-not-inc,Some-college,10,Divorced,Sales,Own-child,Asian-Pac-Islander,Female,32500,1415,91,Cambodia,0.489255,NEGATIVE
16,Self-emp-not-inc,Some-college,10,Divorced,Sales,Own-child,Asian-Pac-Islander,Male,32500,1415,91,Cambodia,0.521173,POSITIVE
16,Self-emp-inc,11th,3,Divorced,Exec-managerial,Own-child,Asian-Pac-Islander,Female,32500,1415,92,Cambodia,0.491508,NEGATIVE
16,Self-emp-inc,11th,3,Divorced,Exec-managerial,Own-child,Asian-Pac-Islander,Male,32500,1415,92,Cambodia,0.523422,POSITIVE
19,Self-emp-not-inc,Some-college,1,Married-civ-spouse,Craft-repair,Wife,White,Female,27500,1851,77,United-States,0.483474,NEGATIVE
19,Self-emp-not-inc,Some-college,1,Married-civ-spouse,Craft-repair,Wife,White,Male,27500,1851,77,United-States,0.515396,POSITIVE
16,Private,Bachelors,1,Widowed,Tech-support,Wife,White,Female,27500,762,89,United-States,0.488690,NEGATIVE
16,Private,Bachelors,1,Widowed,Tech-support,Wife,White,Male,27500,762,89,United-States,0.520608,POSITIVE
16,Self-emp-not-inc,Some-college,2,Divorced,Sales,Own-child,Asian-Pac-Islander,Female,32500,762,91,Cambodia,0.476168,NEGATIVE
16,Self-emp-not-inc,Some-college,2,Divorced,Sales,Own-child,Asian-Pac-Islander,Male,32500,762,91,Cambodia,0.508081,POSITIVE
16,Private,Bachelors,1,Married-civ-spouse,Tech-support,Wife,White,Female,27500,762,76,United-States,0.479112,NEGATIVE
16,Private,Bachelors,1,Married-civ-spouse,Tech-support,Wife,White,Male,27500,762,76,United-States,0.511030,POSITIVE
10,Private,7th-8th,9,Widowed,Tech-support,Wife,White,Female,27500,1851,89,Outlying-US(Guam-USVI-etc),0.476749,NEGATIVE
10,Private,7th-8th,9,Widowed,Tech-support,Wife,White,Male,27500,1851,89,Outlying-US(Guam-USVI-etc),0.508664,POSITIVE
10,Private,10th,1,Widowed,Tech-support,Wife,White,Female,27500,1851,89,Outlying-US(Guam-USVI-etc),0.473328,NEGATIVE
10,Private,10th,1,Widowed,Tech-support,Wife,White,Male,27500,1851,89,Outlying-US(Guam-USVI-etc),0.505234,POSITIVE
13,Private,7th-8th,1,Married-civ-spouse,Tech-support,Wife,White,Female,27500,1197,89,Outlying-US(Guam-USVI-etc),0.491495,NEGATIVE
13,Private,7th-8th,1,Married-civ-spouse,Tech-support,Wife,White,Male,27500,1197,89,Outlying-US(Guam-USVI-etc),0.523409,POSITIVE
10,Self-emp-not-inc,12th,10,Divorced,Sales,Own-child,Asian-Pac-Islander,Female,32500,1851,91,India,0.496832,NEGATIVE
10,Self-emp-not-inc,12th,10,Divorced,Sales,Own-child,Asian-Pac-Islander,Male,32500,1851,91,India,0.528733,POSITIVE
10,Self-emp-not-inc,12th,3,Widowed,Sales,Own-child,Asian-Pac-Islander,Female,32500,1415,91,Cambodia,0.488860,NEGATIVE
10,Self-emp-not-inc,12th,3,Widowed,Sales,Own-child,Asian-Pac-Islander,Male,32500,1415,91,Cambodia,0.520779,POSITIVE
13,Self-emp-not-inc,12th,9,Married-civ-spouse,Craft-repair,Wife,White,Female,27500,1197,90,United-States,0.480309,NEGATIVE
13,Self-emp-not-inc,12th,9,Married-civ-spouse,Craft-repair,Wife,White,Male,27500,1197,90,United-States,0.512229,POSITIVE
13,Self-emp-inc,12th,3,Divorced,Prof-specialty,Husband,Amer-Indian-Eskimo,Female,37500,1851,93,England,0.471292,NEGATIVE
13,Self-emp-inc,12th,3,Divorced,Prof-specialty,Husband,Amer-Indian-Eskimo,Male,37500,1851,93,England,0.503192,POSITIVE
10,Self-emp-inc,Masters,11,Divorced,Exec-managerial,Own-child,Asian-Pac-Islander,Female,32500,1415,92,Cambodia,0.492903,NEGATIVE
10,Self-emp-inc,Masters,11,Divorced,Exec-managerial,Own-child,Asian-Pac-Islander,Male,32500,1415,92,Cambodia,0.524814,POSITIVE
10,Self-emp-inc,Doctorate,3,Divorced,Exec-managerial,Own-child,Asian-Pac-Islander,Female,32500,1415,92,Cambodia,0.481728,NEGATIVE
10,Self-emp-inc,Doctorate,3,Divorced,Exec-managerial,Own-child,Asian-Pac-Islander,Male,32500,1415,92,Cambodia,0.513649,POSITIVE
10,Private,7th-8th,1,Widowed,Tech-support,Wife,White,Female,27500,1197,76,United-States,0.478986,NEGATIVE
10,Private,7th-8th,1,Widowed,Tech-support,Wife,White,Male,27500,1197,76,United-States,0.510905,POSITIVE
13,Self-emp-not-inc,12th,2,Divorced,Sales,Own-child,Asian-Pac-Islander,Female,32500,1851,78,Cambodia,0.468394,NEGATIVE
13,Self-emp-not-inc,12th,2,Divorced,Sales,Own-child,Asian-Pac-Islander,Male,32500,1851,78,Cambodia,0.500284,POSITIVE
10,Self-emp-not-inc,12th,3,Divorced,Sales,Own-child,Asian-Pac-Islander,Female,32500,1415,78,Cambodia,0.492935,NEGATIVE
10,Self-emp-not-inc,12th,3,Divorced,Sales,Own-child,Asian-Pac-Islander,Male,32500,1415,78,Cambodia,0.524846,POSITIVE
13,Self-emp-not-inc,Bachelors,9,Widowed,Craft-repair,Wife,White,Female,27500,1851,90,Outlying-US(Guam-USVI-etc),0.497744,NEGATIVE
13,Self-emp-not-inc,Bachelors,9,Widowed,Craft-repair,Wife,White,Male,27500,1851,90,Outlying-US(Guam-USVI-etc),0.529641,POSITIVE
13,Self-emp-not-inc,Some-college,2,Widowed,Sales,Own-child,Asian-Pac-Islander,Female,32500,1851,91,India,0.474575,NEGATIVE
13,Self-emp-not-inc,Some-college,2,Widowed,Sales,Own-child,Asian-Pac-Islander,Male,32500,1851,91,India,0.506485,POSITIVE
10,Self-emp-not-inc,Some-college,9,Widowed,Craft-repair,Wife,White,Female,27500,1197,90,Outlying-US(Guam-USVI-etc),0.481893,NEGATIVE
10,Self-emp-not-inc,Some-college,9,Widowed,Craft-repair,Wife,White,Male,27500,1197,90,Outlying-US(Guam-USVI-etc),0.513813,POSITIVE
10,Self-emp-not-inc,Prof-school,1,Widowed,Craft-repair,Wife,White,Female,27500,1197,90,Outlying-US(Guam-USVI-etc),0.475889,NEGATIVE
10,Self-emp-not-inc,Prof-school,1,Widowed,Craft-repair,Wife,White,Male,27500,1197,90,Outlying-US(Guam-USVI-etc),0.507802,POSITIVE
13,Self-emp-inc,Some-college,11,Divorced,Exec-managerial,Own-child,Asian-Pac-Islander,Female,32500,1851,92,India,0.479777,NEGATIVE
13,Self-emp-inc,Some-college,11,Divorced,Exec-managerial,Own-child,Asian-Pac-Islander,Male,32500,1851,92,India,0.511696,POSITIVE
13,Private,Prof-school,9,Married-civ-spouse,Tech-support,Wife,White,Female,27500,1197,89,Outlying-US(Guam-USVI-etc),0.494924,NEGATIVE
13,Private,Prof-school,9,Married-civ-spouse,Tech-support,Wife,White,Male,27500,1197,89,Outlying-US(Guam-USVI-etc),0.526830,POSITIVE
13,Self-emp-inc,Assoc-acdm,3,Divorced,Exec-managerial,Own-child,Asian-Pac-Islander,Female,32500,1851,92,India,0.476353,NEGATIVE
13,Self-emp-inc,Assoc-acdm,3,Divorced,Exec-managerial,Own-child,Asian-Pac-Islander,Male,32500,1851,92,India,0.508267,POSITIVE
10,Self-emp-inc,HS-grad,6,Divorced,Prof-specialty,Husband,Amer-Indian-Eskimo,Female,37500,1633,93,Japan,0.475456,NEGATIVE
10,Self-emp-inc,HS-grad,6,Divorced,Prof-specialty,Husband,Amer-Indian-Eskimo,Male,37500,1633,93,Japan,0.507368,POSITIVE
10,Self-emp-not-inc,Some-college,2,Widowed,Sales,Own-child,Asian-Pac-Islander,Female,32500,1851,78,India,0.473935,NEGATIVE
10,Self-emp-not-inc,Some-college,2,Widowed,Sales,Own-child,Asian-Pac-Islander,Male,32500,1851,78,India,0.505843,POSITIVE
13,Self-emp-not-inc,Bachelors,9,Married-civ-spouse,Craft-repair,Wife,White,Female,27500,1851,77,Outlying-US(Guam-USVI-etc),0.494988,NEGATIVE
13,Self-emp-not-inc,Bachelors,9,Married-civ-spouse,Craft-repair,Wife,White,Male,27500,1851,77,Outlying-US(Guam-USVI-etc),0.526894,POSITIVE
13,Self-emp-not-inc,Some-college,2,Divorced,Sales,Own-child,Asian-Pac-Islander,Female,32500,1851,78,India,0.478641,NEGATIVE
13,Self-emp-not-inc,Some-college,2,Divorced,Sales,Own-child,Asian-Pac-Islander,Male,32500,1851,78,India,0.510559,POSITIVE
10,Self-emp-not-inc,Some-college,9,Married-civ-spouse,Craft-repair,Wife,White,Female,27500,1197,77,Outlying-US(Guam-USVI-etc),0.479141,NEGATIVE
10,Self-emp-not-inc,Some-college,9,Married-civ-spouse,Craft-repair,Wife,White,Male,27500,1197,77,Outlying-US(Guam-USVI-etc),0.511059,POSITIVE
10,Self-emp-not-inc,Prof-school,1,Married-civ-spouse,Craft-repair,Wife,White,Female,27500,1197,77,Outlying-US(Guam-USVI-etc),0.473140,NEGATIVE
10,Self-emp-not-inc,Prof-school,1,Married-civ-spouse,Craft-repair,Wife,White,Male,27500,1197,77,Outlying-US(Guam-USVI-etc),0.505046,POSITIVE
13,Self-emp-inc,11th,11,Married-spouse-absent,Exec-managerial,Own-child,Asian-Pac-Islander,Female,32500,1851,92,Cambodia,0.479476,NEGATIVE
13,Self-emp-inc,11th,11,Married-spouse-absent,Exec-managerial,Own-child,Asian-Pac-Islander,Male,32500,1851,92,Cambodia,0.511395,POSITIVE
10,Self-emp-inc,Assoc-acdm,11,Married-spouse-absent,Prof-specialty,Husband,Amer-Indian-Eskimo,Female,37500,1851,93,England,0.498290,NEGATIVE
10,Self-emp-inc,Assoc-acdm,11,Married-spouse-absent,Prof-specialty,Husband,Amer-Indian-Eskimo,Male,37500,1851,93,England,0.530185,POSITIVE
11,Federal-gov,Prof-school,4,Married-spouse-absent,Machine-op-inspct,Not-in-family,Amer-Indian-Eskimo,Female,37500,1633,94,Puerto-Rico,0.475298,NEGATIVE
11,Federal-gov,Prof-school,4,Married-spouse-absent,Machine-op-inspct,Not-in-family,Amer-Indian-Eskimo,Male,37500,1633,94,Puerto-Rico,0.507210,POSITIVE
13,Self-emp-inc,Assoc-acdm,11,Divorced,Prof-specialty,Husband,Amer-Indian-Eskimo,Female,37500,1851,93,England,0.474712,NEGATIVE
13,Self-emp-inc,Assoc-acdm,11,Divorced,Prof-specialty,Husband,Amer-Indian-Eskimo,Male,37500,1851,93,England,0.506622,POSITIVE
11,Local-gov,11th,13,Never-married,Farming-fishing,Not-in-family,Other,Female,42500,2069,96,Puerto-Rico,0.474579,NEGATIVE
11,Local-gov,11th,13,Never-married,Farming-fishing,Not-in-family,Other,Male,42500,2069,96,Puerto-Rico,0.506489,POSITIVE
11,Federal-gov,Prof-school,12,Never-married,Machine-op-inspct,Not-in-family,Amer-Indian-Eskimo,Female,37500,1415,94,Puerto-Rico,0.482941,NEGATIVE
11,Federal-gov,Prof-school,12,Never-married,Machine-op-inspct,Not-in-family,Amer-Indian-Eskimo,Male,37500,1415,94,Puerto-Rico,0.514863,POSITIVE
11,Local-gov,Assoc-acdm,5,Never-married,Farming-fishing,Not-in-family,Other,Female,42500,1851,96,Puerto-Rico,0.495379,NEGATIVE
11,Local-gov,Assoc-acdm,5,Never-married,Farming-fishing,Not-in-family,Other,Male,42500,1851,96,Puerto-Rico,0.527284,POSITIVE
13,Private,Prof-school,9,Widowed,Tech-support,Wife,White,Female,27500,1851,76,United-States,0.490181,NEGATIVE
13,Private,Prof-school,9,Widowed,Tech-support,Wife,White,Male,27500,1851,76,United-States,0.522097,POSITIVE
13,Self-emp-not-inc,Some-college,1,Widowed,Craft-repair,Wife,White,Female,27500,1197,77,United-States,0.496573,NEGATIVE
13,Self-emp-not-inc,Some-college,1,Widowed,Craft-repair,Wife,White,Male,27500,1197,77,United-States,0.528474,POSITIVE
10,Private,Prof-school,9,Widowed,Tech-support,Wife,White,Female,27500,1197,76,United-States,0.482411,NEGATIVE
10,Private,Prof-school,9,Widowed,Tech-support,Wife,White,Male,27500,1197,76,United-States,0.514332,POSITIVE
10,Self-emp-inc,HS-grad,3,Married-spouse-absent,Prof-specialty,Husband,Amer-Indian-Eskimo,Female,37500,1851,80,England,0.481301,NEGATIVE
10,Self-emp-inc,HS-grad,3,Married-spouse-absent,Prof-specialty,Husband,Amer-Indian-Eskimo,Male,37500,1851,80,England,0.513222,POSITIVE
10,Self-emp-inc,Some-college,3,Married-spouse-absent,Exec-managerial,Own-child,Asian-Pac-Islander,Female,32500,1415,79,Cambodia,0.497377,NEGATIVE
10,Self-emp-inc,Some-college,3,Married-spouse-absent,Exec-managerial,Own-child,Asian-Pac-Islander,Male,32500,1415,79,Cambodia,0.529276,POSITIVE
13,Self-emp-inc,11th,11,Divorced,Exec-managerial,Own-child,Asian-Pac-Islander,Female,32500,1851,79,Cambodia,0.490373,NEGATIVE
13,Self-emp-inc,11th,11,Divorced,Exec-managerial,Own-child,Asian-Pac-Islander,Male,32500,1851,79,Cambodia,0.522289,POSITIVE
13,Self-emp-inc,11th,3,Divorced,Exec-managerial,Own-child,Asian-Pac-Islander,Female,32500,1415,79,Cambodia,0.471798,NEGATIVE
13,Self-emp-inc,11th,3,Divorced,Exec-managerial,Own-child,Asian-Pac-Islander,Male,32500,1415,79,Cambodia,0.503701,POSITIVE
11,Federal-gov,Prof-school,4,Never-married,Machine-op-inspct,Not-in-family,Amer-Indian-Eskimo,Female,37500,1633,82,Puerto-Rico,0.499848,NEGATIVE
11,Federal-gov,Prof-school,4,Never-married,Machine-op-inspct,Not-in-family,Amer-Indian-Eskimo,Male,37500,1633,82,Puerto-Rico,0.531738,POSITIVE
10,Self-emp-not-inc,7th-8th,1,Widowed,Craft-repair,Wife,White,Female,27500,762,90,United-States,0.490661,NEGATIVE
10,Self-emp-not-inc,7th-8th,1,Widowed,Craft-repair,Wife,White,Male,27500,762,90,United-States,0.522577,POSITIVE
10,Self-emp-not-inc,12th,2,Married-civ-spouse,Craft-repair,Wife,White,Female,27500,108,90,United-States,0.478973,NEGATIVE
10,Self-emp-not-inc,12th,2,Married-civ-spouse,Craft-repair,Wife,White,Male,27500,108,90,United-States,0.510891,POSITIVE
10,Self-emp-not-inc,7th-8th,1,Married-civ-spouse,Craft-repair,Wife,White,Female,27500,762,77,United-States,0.487906,NEGATIVE
10,Self-emp-not-inc,7th-8th,1,Married-civ-spouse,Craft-repair,Wife,White,Male,27500,762,77,United-States,0.519826,POSITIVE
10,Self-emp-not-inc,Some-college,2,Divorced,Craft-repair,Wife,White,Female,27500,108,90,Outlying-US(Guam-USVI-etc),0.478295,NEGATIVE
10,Self-emp-not-inc,Some-college,2,Divorced,Craft-repair,Wife,White,Male,27500,108,90,Outlying-US(Guam-USVI-etc),0.510212,POSITIVE
10,Self-emp-not-inc,Some-college,1,Married-civ-spouse,Craft-repair,Wife,White,Female,27500,762,77,Outlying-US(Guam-USVI-etc),0.481869,NEGATIVE
10,Self-emp-not-inc,Some-college,1,Married-civ-spouse,Craft-repair,Wife,White,Male,27500,762,77,Outlying-US(Guam-USVI-etc),0.513789,POSITIVE
13,Private,Bachelors,1,Widowed,Tech-support,Wife,White,Female,27500,108,89,United-States,0.480921,NEGATIVE
13,Private,Bachelors,1,Widowed,Tech-support,Wife,White,Male,27500,108,89,United-States,0.512841,POSITIVE
10,Self-emp-not-inc,Some-college,10,Widowed,Sales,Own-child,Asian-Pac-Islander,Female,32500,762,91,Cambodia,0.481937,NEGATIVE
10,Self-emp-not-inc,Some-college,10,Widowed,Sales,Own-child,Asian-Pac-Islander,Male,32500,762,91,Cambodia,0.513857,POSITIVE
10,Self-emp-not-inc,Some-college,2,Widowed,Sales,Own-child,Asian-Pac-Islander,Female,32500,326,91,Cambodia,0.495329,NEGATIVE
10,Self-emp-not-inc,Some-college,2,Widowed,Sales,Own-child,Asian-Pac-Islander,Male,32500,326,91,Cambodia,0.527234,POSITIVE
11,Self-emp-inc,11th,5,Divorced,Exec-managerial,Own-child,Asian-Pac-Islander,Female,32500,326,92,Cambodia,0.476419,NEGATIVE
11,Self-emp-inc,11th,5,Divorced,Exec-managerial,Own-child,Asian-Pac-Islander,Male,32500,326,92,Cambodia,0.508333,POSITIVE
13,Private,Bachelors,1,Married-civ-spouse,Tech-support,Wife,White,Female,27500,108,76,United-States,0.471356,NEGATIVE
13,Private,Bachelors,1,Married-civ-spouse,Tech-support,Wife,White,Male,27500,108,76,United-States,0.503256,POSITIVE
10,Self-emp-not-inc,Some-college,10,Divorced,Sales,Own-child,Asian-Pac-Islander,Female,32500,762,78,Cambodia,0.486008,NEGATIVE
10,Self-emp-not-inc,Some-college,10,Divorced,Sales,Own-child,Asian-Pac-Islander,Male,32500,762,78,Cambodia,0.517929,POSITIVE
10,Self-emp-not-inc,Some-college,2,Divorced,Sales,Own-child,Asian-Pac-Islander,Female,32500,326,78,Cambodia,0.499404,NEGATIVE
10,Self-emp-not-inc,Some-college,2,Divorced,Sales,Own-child,Asian-Pac-Islander,Male,32500,326,78,Cambodia,0.531296,POSITIVE
16,Self-emp-not-inc,Bachelors,1,Married-civ-spouse,Craft-repair,Wife,White,Female,27500,1851,65,United-States,0.486241,NEGATIVE
16,Self-emp-not-inc,Bachelors,1,Married-civ-spouse,Craft-repair,Wife,White,Male,27500,1851,65,United-States,0.518162,POSITIVE
10,Self-emp-not-inc,12th,2,Divorced,Sales,Own-child,Asian-Pac-Islander,Female,32500,1851,66,Cambodia,0.497971,NEGATIVE
10,Self-emp-not-inc,12th,2,Divorced,Sales,Own-child,Asian-Pac-Islander,Male,32500,1851,66,Cambodia,0.529868,POSITIVE
10,Private,Bachelors,1,Widowed,Tech-support,Wife,White,Female,27500,1851,64,Outlying-US(Guam-USVI-etc),0.488149,NEGATIVE
10,Private,Bachelors,1,Widowed,Tech-support,Wife,White,Male,27500,1851,64,Outlying-US(Guam-USVI-etc),0.520069,POSITIVE
10,Private,Bachelors,1,Married-civ-spouse,Tech-support,Wife,White,Female,27500,1851,51,Outlying-US(Guam-USVI-etc),0.478572,NEGATIVE
10,Private,Bachelors,1,Married-civ-spouse,Tech-support,Wife,White,Male,27500,1851,51,Outlying-US(Guam-USVI-etc),0.510490,POSITIVE
10,Self-emp-not-inc,Some-college,3,Divorced,Sales,Own-child,Asian-Pac-Islander,Female,32500,1415,66,Cambodia,0.496099,NEGATIVE
10,Self-emp-not-inc,Some-college,3,Divorced,Sales,Own-child,Asian-Pac-Islander,Male,32500,1415,66,Cambodia,0.528002,POSITIVE
10,Self-emp-not-inc,Some-college,9,Married-civ-spouse,Craft-repair,Wife,White,Female,27500,1851,52,United-States,0.475123,NEGATIVE
10,Self-emp-not-inc,Some-college,9,Married-civ-spouse,Craft-repair,Wife,White,Male,27500,1851,52,United-States,0.507035,POSITIVE
10,Private,Bachelors,1,Married-civ-spouse,Tech-support,Wife,White,Female,27500,108,64,United-States,0.495084,NEGATIVE
10,Private,Bachelors,1,Married-civ-spouse,Tech-support,Wife,White,Male,27500,108,64,United-States,0.526990,POSITIVE
13,Private,Bachelors,1,Married-civ-spouse,Tech-support,Wife,White,Female,27500,4029,39,China,0.471217,NEGATIVE
13,Private,Bachelors,1,Married-civ-spouse,Tech-support,Wife,White,Male,27500,4029,39,China,0.503118,POSITIVE
19,Self-emp-not-inc,Bachelors,1,Married-civ-spouse,Craft-repair,Wife,White,Female,27500,4029,40,United-States,0.479715,NEGATIVE
19,Self-emp-not-inc,Bachelors,1,Married-civ-spouse,Craft-repair,Wife,White,Male,27500,4029,40,United-States,0.511635,POSITIVE
16,Self-emp-not-inc,Some-college,2,Married-civ-spouse,Craft-repair,Wife,White,Female,27500,3375,40,United-States,0.488110,NEGATIVE
16,Self-emp-not-inc,Some-college,2,Married-civ-spouse,Craft-repair,Wife,White,Male,27500,3375,40,United-States,0.520029,POSITIVE
16,Private,Bachelors,1,Married-civ-spouse,Tech-support,Wife,White,Female,27500,2940,39,United-States,0.496326,NEGATIVE
16,Private,Bachelors,1,Married-civ-spouse,Tech-support,Wife,White,Male,27500,2940,39,United-States,0.528228,POSITIVE
10,Private,7th-8th,9,Married-civ-spouse,Tech-support,Wife,White,Female,27500,4029,39,Outlying-US(Guam-USVI-etc),0.484375,NEGATIVE
10,Private,7th-8th,9,Married-civ-spouse,Tech-support,Wife,White,Male,27500,4029,39,Outlying-US(Guam-USVI-etc),0.516297,POSITIVE
10,Private,10th,1,Married-civ-spouse,Tech-support,Wife,White,Female,27500,4029,39,Outlying-US(Guam-USVI-etc),0.480950,NEGATIVE
10,Private,10th,1,Married-civ-spouse,Tech-support,Wife,White,Male,27500,4029,39,Outlying-US(Guam-USVI-etc),0.512870,POSITIVE
10,Private,7th-8th,1,Widowed,Tech-support,Wife,White,Female,27500,3375,39,United-States,0.496200,NEGATIVE
10,Private,7th-8th,1,Widowed,Tech-support,Wife,White,Male,27500,3375,39,United-States,0.528103,POSITIVE
13,Self-emp-not-inc,12th,2,Divorced,Sales,Own-child,Asian-Pac-Islander,Female,32500,4029,41,Cambodia,0.491438,NEGATIVE
13,Self-emp-not-inc,12th,2,Divorced,Sales,Own-child,Asian-Pac-Islander,Male,32500,4029,41,Cambodia,0.523353,POSITIVE
10,Private,7th-8th,1,Married-civ-spouse,Tech-support,Wife,White,Female,27500,3375,26,United-States,0.486615,NEGATIVE
10,Private,7th-8th,1,Married-civ-spouse,Tech-support,Wife,White,Male,27500,3375,26,United-States,0.518536,POSITIVE
10,Private,Bachelors,1,Widowed,Tech-support,Wife,White,Female,27500,3375,39,Outlying-US(Guam-USVI-etc),0.473862,NEGATIVE
10,Private,Bachelors,1,Widowed,Tech-support,Wife,White,Male,27500,3375,39,Outlying-US(Guam-USVI-etc),0.505770,POSITIVE
10,Self-emp-not-inc,Some-college,3,Divorced,Sales,Own-child,Asian-Pac-Islander,Female,32500,3593,41,India,0.478470,NEGATIVE
10,Self-emp-not-inc,Some-college,3,Divorced,Sales,Own-child,Asian-Pac-Islander,Male,32500,3593,41,India,0.510387,POSITIVE
13,Private,Bachelors,1,Married-civ-spouse,Tech-support,Wife,White,Female,27500,4029,26,Outlying-US(Guam-USVI-etc),0.472055,NEGATIVE
13,Private,Bachelors,1,Married-civ-spouse,Tech-support,Wife,White,Male,27500,4029,26,Outlying-US(Guam-USVI-etc),0.503958,POSITIVE
10,Self-emp-not-inc,Some-college,3,Widowed,Sales,Own-child,Asian-Pac-Islander,Female,32500,3593,41,Cambodia,0.474142,NEGATIVE
10,Self-emp-not-inc,Some-college,3,Widowed,Sales,Own-child,Asian-Pac-Islander,Male,32500,3593,41,Cambodia,0.506051,POSITIVE
13,Self-emp-not-inc,Assoc-acdm,10,Divorced,Sales,Own-child,Asian-Pac-Islander,Female,32500,4029,41,Cambodia,0.494867,NEGATIVE
13,Self-emp-not-inc,Assoc-acdm,10,Divorced,Sales,Own-child,Asian-Pac-Islander,Male,32500,4029,41,Cambodia,0.526774,POSITIVE
13,Self-emp-inc,11th,3,Divorced,Exec-managerial,Own-child,Asian-Pac-Islander,Female,32500,3593,42,Cambodia,0.497784,NEGATIVE
13,Self-emp-inc,11th,3,Divorced,Exec-managerial,Own-child,Asian-Pac-Islander,Male,32500,3593,42,Cambodia,0.529681,POSITIVE
11,Federal-gov,11th,12,Never-married,Machine-op-inspct,Not-in-family,Amer-Indian-Eskimo,Female,37500,4247,44,Puerto-Rico,0.494734,NEGATIVE
11,Federal-gov,11th,12,Never-married,Machine-op-inspct,Not-in-family,Amer-Indian-Eskimo,Male,37500,4247,44,Puerto-Rico,0.526641,POSITIVE
10,Self-emp-inc,11th,11,Divorced,Exec-managerial,Own-child,Asian-Pac-Islander,Female,32500,3593,42,Cambodia,0.476625,NEGATIVE
10,Self-emp-inc,11th,11,Divorced,Exec-managerial,Own-child,Asian-Pac-Islander,Male,32500,3593,42,Cambodia,0.508539,POSITIVE
11,Federal-gov,Assoc-voc,4,Never-married,Machine-op-inspct,Not-in-family,Amer-Indian-Eskimo,Female,37500,4247,44,Puerto-Rico,0.491305,NEGATIVE
11,Federal-gov,Assoc-voc,4,Never-married,Machine-op-inspct,Not-in-family,Amer-Indian-Eskimo,Male,37500,4247,44,Puerto-Rico,0.523220,POSITIVE
10,Self-emp-not-inc,Bachelors,9,Widowed,Craft-repair,Wife,White,Female,27500,4029,27,United-States,0.497533,NEGATIVE
10,Self-emp-not-inc,Bachelors,9,Widowed,Craft-repair,Wife,White,Male,27500,4029,27,United-States,0.529431,POSITIVE
10,Self-emp-not-inc,Some-college,2,Widowed,Sales,Own-child,Asian-Pac-Islander,Female,32500,4029,28,Cambodia,0.479025,NEGATIVE
10,Self-emp-not-inc,Some-college,2,Widowed,Sales,Own-child,Asian-Pac-Islander,Male,32500,4029,28,Cambodia,0.510943,POSITIVE
10,Self-emp-not-inc,Some-college,3,Divorced,Sales,Own-child,Asian-Pac-Islander,Female,32500,3593,28,Cambodia,0.478209,NEGATIVE
10,Self-emp-not-inc,Some-college,3,Divorced,Sales,Own-child,Asian-Pac-Islander,Male,32500,3593,28,Cambodia,0.510126,POSITIVE
10,Self-emp-not-inc,Bachelors,1,Married-civ-spouse,Craft-repair,Wife,White,Female,27500,2940,40,Outlying-US(Guam-USVI-etc),0.478111,NEGATIVE
10,Self-emp-not-inc,Bachelors,1,Married-civ-spouse,Craft-repair,Wife,White,Male,27500,2940,40,Outlying-US(Guam-USVI-etc),0.510028,POSITIVE
10,Private,Bachelors,9,Widowed,Tech-support,Wife,White,Female,27500,2940,39,United-States,0.473812,NEGATIVE
10,Private,Bachelors,9,Widowed,Tech-support,Wife,White,Male,27500,2940,39,United-States,0.505720,POSITIVE
10,Private,Prof-school,1,Widowed,Tech-support,Wife,White,Female,27500,2940,39,United-States,0.470393,NEGATIVE
10,Private,Prof-school,1,Widowed,Tech-support,Wife,White,Male,27500,2940,39,United-States,0.502291,POSITIVE
13,Private,Bachelors,1,Married-civ-spouse,Tech-support,Wife,White,Female,27500,2286,39,United-States,0.488552,NEGATIVE
13,Private,Bachelors,1,Married-civ-spouse,Tech-support,Wife,White,Male,27500,2286,39,United-States,0.520471,POSITIVE
10,Self-emp-inc,11th,3,Divorced,Exec-managerial,Own-child,Asian-Pac-Islander,Female,32500,2940,42,Cambodia,0.479352,NEGATIVE
10,Self-emp-inc,11th,3,Divorced,Exec-managerial,Own-child,Asian-Pac-Islander,Male,32500,2940,42,Cambodia,0.511271,POSITIVE
10,Private,Bachelors,1,Married-civ-spouse,Tech-support,Wife,White,Female,27500,4029,14,Outlying-US(Guam-USVI-etc),0.495786,NEGATIVE
10,Private,Bachelors,1,Married-civ-spouse,Tech-support,Wife,White,Male,27500,4029,14,Outlying-US(Guam-USVI-etc),0.527689,POSITIVE
10,Self-emp-not-inc,Some-college,9,Married-civ-spouse,Craft-repair,Wife,White,Female,27500,4029,15,United-States,0.495259,NEGATIVE
10,Self-emp-not-inc,Some-college,9,Married-civ-spouse,Craft-repair,Wife,White,Male,27500,4029,15,United-States,0.527164,POSITIVE
60,Without-pay,Doctorate,1,Married-AF-spouse,Protective-serv,Other-relative,Black,Female,17500,980,72,El-Salvador,0.459132,NEGATIVE
60,Without-pay,Doctorate,1,Married-AF-spouse,Protective-serv,Other-relative,Black,Male,17500,980,72,El-Salvador,0.599598,POSITIVE
63,State-gov,Masters,1,Married-AF-spouse,Farming-fishing,Not-in-family,Black,Female,17500,326,85,Haiti,0.439559,NEGATIVE
63,State-gov,Masters,1,Married-AF-spouse,Farming-fishing,Not-in-family,Black,Male,17500,326,85,Haiti,0.504480,POSITIVE
58,State-gov,12th,1,Married-AF-spouse,Adm-clerical,Not-in-family,Asian-Pac-Islander,Female,17500,326,65,Dominican-Republic,0.454595,NEGATIVE
58,State-gov,12th,1,Married-AF-spouse,Adm-clerical,Not-in-family,Asian-Pac-Islander,Male,17500,326,65,Dominican-Republic,0.578012,POSITIVE
75,Without-pay,10th,1,Married-AF-spouse,Transport-moving,Other-relative,Black,Female,17500,544,40,Nicaragua,0.451005,NEGATIVE
75,Without-pay,10th,1,Married-AF-spouse,Transport-moving,Other-relative,Black,Male,17500,544,40,Nicaragua,0.560684,POSITIVE
70,State-gov,12th,1,Married-AF-spouse,Adm-clerical,Not-in-family,Asian-Pac-Islander,Female,17500,326,15,Dominican-Republic,0.492396,NEGATIVE
70,State-gov,12th,1,Married-AF-spouse,Adm-clerical,Not-in-family,Asian-Pac-Islander,Male,17500,326,15,Dominican-Republic,0.633720,POSITIVE
60,State-gov,Assoc-voc,2,Married-AF-spouse,Prof-specialty,Husband,Amer-Indian-Eskimo,Female,17500,544,20,Italy,0.458590,NEGATIVE
60,State-gov,Assoc-voc,2,Married-AF-spouse,Prof-specialty,Husband,Amer-Indian-Eskimo,Male,17500,544,20,Italy,0.597040,POSITIVE
62,Federal-gov,12th,1,Married-AF-spouse,Adm-clerical,Not-in-family,Black,Female,17500,326,30,Dominican-Republic,0.442166,NEGATIVE
62,Federal-gov,12th,1,Married-AF-spouse,Adm-clerical,Not-in-family,Black,Male,17500,326,30,Dominican-Republic,0.517368,POSITIVE
79,Local-gov,Some-college,1,Married-AF-spouse,Craft-repair,Wife,Other,Female,12500,2286,3,Canada,0.480794,NEGATIVE
79,Local-gov,Some-college,1,Married-AF-spouse,Craft-repair,Wife,Other,Male,12500,2286,3,Canada,0.622874,POSITIVE
57,State-gov,Prof-school,1,Married-AF-spouse,Exec-managerial,Own-child,Other,Female,12500,3593,8,Cuba,0.480403,NEGATIVE
57,State-gov,Prof-school,1,Married-AF-spouse,Exec-managerial,Own-child,Other,Male,12500,3593,8,Cuba,0.622505,POSITIVE
56,Local-gov,Bachelors,5,Married-AF-spouse,Tech-support,Wife,Other,Female,12500,2286,1,United-States,0.459670,NEGATIVE
56,Local-gov,Bachelors,5,Married-AF-spouse,Tech-support,Wife,Other,Male,12500,2286,1,United-States,0.602129,POSITIVE
68,Local-gov,HS-grad,1,Married-AF-spouse,Sales,Own-child,Other,Female,12500,2286,55,Japan,0.479957,NEGATIVE
68,Local-gov,HS-grad,1,Married-AF-spouse,Sales,Own-child,Other,Male,12500,2286,55,Japan,0.622085,POSITIVE
56,Local-gov,Bachelors,1,Married-AF-spouse,Tech-support,Wife,White,Female,12500,2286,51,United-States,0.454449,NEGATIVE
56,Local-gov,Bachelors,1,Married-AF-spouse,Tech-support,Wife,White,Male,12500,2286,51,United-States,0.577308,POSITIVE
68,Local-gov,Bachelors,1,Married-AF-spouse,Tech-support,Wife,White,Female,12500,2286,1,United-States,0.491676,NEGATIVE
68,Local-gov,Bachelors,1,Married-AF-spouse,Tech-support,Wife,White,Male,12500,2286,1,United-States,0.633051,POSITIVE
62,State-gov,12th,2,Married-AF-spouse,Adm-clerical,Not-in-family,Amer-Indian-Eskimo,Female,12500,2722,30,Dominican-Republic,0.440748,NEGATIVE
62,State-gov,12th,2,Married-AF-spouse,Adm-clerical,Not-in-family,Amer-Indian-Eskimo,Male,12500,2722,30,Dominican-Republic,0.510362,POSITIVE
57,Self-emp-inc,Some-college,1,Married-AF-spouse,Craft-repair,Wife,Other,Female,12500,2286,55,Canada,0.454173,NEGATIVE
57,Self-emp-inc,Some-college,1,Married-AF-spouse,Craft-repair,Wife,Other,Male,12500,2286,55,Canada,0.575983,POSITIVE
68,Self-emp-inc,Bachelors,1,Married-AF-spouse,Tech-support,Wife,Other,Female,12500,2286,1,United-States,0.442075,NEGATIVE
68,Self-emp-inc,Bachelors,1,Married-AF-spouse,Tech-support,Wife,Other,Male,12500,2286,1,United-States,0.516918,POSITIVE
57,Self-emp-inc,Some-college,3,Married-AF-spouse,Craft-repair,Wife,Other,Female,12500,2286,5,Canada,0.450522,NEGATIVE
57,Self-emp-inc,Some-college,3,Married-AF-spouse,Craft-repair,Wife,Other,Male,12500,2286,5,Canada,0.558340,POSITIVE
65,Federal-gov,Doctorate,1,Married-AF-spouse,Protective-serv,Other-relative,Black,Female,12500,2722,45,El-Salvador,0.494238,NEGATIVE
65,Federal-gov,Doctorate,1,Married-AF-spouse,Protective-serv,Other-relative,Black,Male,12500,2722,45,El-Salvador,0.635428,POSITIVE
80,Local-gov,HS-grad,9,Married-AF-spouse,Sales,Own-child,Other,Female,12500,108,10,Japan,0.444182,NEGATIVE
80,Local-gov,HS-grad,9,Married-AF-spouse,Sales,Own-child,Other,Male,12500,108,10,Japan,0.527310,POSITIVE
57,Local-gov,Some-college,9,Married-AF-spouse,Craft-repair,Wife,Other,Female,12500,1197,5,Canada,0.447889,NEGATIVE
57,Local-gov,Some-college,9,Married-AF-spouse,Craft-repair,Wife,Other,Male,12500,1197,5,Canada,0.545502,POSITIVE
59,State-gov,Prof-school,13,Married-AF-spouse,Exec-managerial,Own-child,Other,Female,12500,326,15,Cuba,0.451039,NEGATIVE
59,State-gov,Prof-school,13,Married-AF-spouse,Exec-managerial,Own-child,Other,Male,12500,326,15,Cuba,0.560850,POSITIVE
69,Local-gov,HS-grad,9,Married-AF-spouse,Sales,Own-child,Other,Female,12500,108,60,Japan,0.451447,NEGATIVE
69,Local-gov,HS-grad,9,Married-AF-spouse,Sales,Own-child,Other,Male,12500,108,60,Japan,0.562827,POSITIVE
59,State-gov,Masters,9,Married-AF-spouse,Farming-fishing,Not-in-family,Black,Female,12500,980,92,Haiti,0.469674,NEGATIVE
59,State-gov,Masters,9,Married-AF-spouse,Farming-fishing,Not-in-family,Black,Male,12500,980,92,Haiti,0.612343,POSITIVE
57,Local-gov,Some-college,9,Married-AF-spouse,Craft-repair,Wife,Other,Female,12500,762,53,Canada,0.478821,NEGATIVE
57,Local-gov,Some-college,9,Married-AF-spouse,Craft-repair,Wife,Other,Male,12500,762,53,Canada,0.621015,POSITIVE
60,Without-pay,Doctorate,9,Married-AF-spouse,Protective-serv,Other-relative,Amer-Indian-Eskimo,Female,12500,980,72,El-Salvador,0.478067,NEGATIVE
60,Without-pay,Doctorate,9,Married-AF-spouse,Protective-serv,Other-relative,Amer-Indian-Eskimo,Male,12500,980,72,El-Salvador,0.620303,POSITIVE
59,State-gov,Prof-school,9,Married-AF-spouse,Exec-managerial,Own-child,Asian-Pac-Islander,Female,12500,326,65,Cuba,0.448489,NEGATIVE
59,State-gov,Prof-school,9,Married-AF-spouse,Exec-managerial,Own-child,Asian-Pac-Islander,Male,12500,326,65,Cuba,0.548436,POSITIVE
68,Local-gov,Some-college,9,Married-AF-spouse,Craft-repair,Wife,White,Female,12500,108,5,Canada,0.445019,NEGATIVE
68,Local-gov,Some-college,9,Married-AF-spouse,Craft-repair,Wife,White,Male,12500,108,5,Canada,0.531426,POSITIVE
64,Without-pay,10th,11,Married-AF-spouse,Transport-moving,Other-relative,Other,Female,12500,762,40,Nicaragua,0.455352,NEGATIVE
64,Without-pay,10th,11,Married-AF-spouse,Transport-moving,Other-relative,Other,Male,12500,762,40,Nicaragua,0.581634,POSITIVE
59,Self-emp-inc,Prof-school,9,Married-AF-spouse,Exec-managerial,Own-child,Other,Female,12500,326,65,Cuba,0.448731,NEGATIVE
59,Self-emp-inc,Prof-school,9,Married-AF-spouse,Exec-managerial,Own-child,Other,Male,12500,326,65,Cuba,0.549619,POSITIVE
70,Self-emp-inc,Prof-school,9,Married-AF-spouse,Exec-managerial,Own-child,Other,Female,12500,326,15,Cuba,0.454852,NEGATIVE
70,Self-emp-inc,Prof-school,9,Married-AF-spouse,Exec-managerial,Own-child,Other,Male,12500,326,15,Cuba,0.579241,POSITIVE
57,Self-emp-inc,Some-college,9,Married-AF-spouse,Craft-repair,Wife,Other,Female,12500,762,5,Canada,0.446877,NEGATIVE
57,Self-emp-inc,Some-college,9,Married-AF-spouse,Craft-repair,Wife,Other,Male,12500,762,5,Canada,0.540552,POSITIVE
59,Self-emp-inc,Prof-school,11,Married-AF-spouse,Exec-managerial,Own-child,Other,Female,12500,326,15,Cuba,0.445089,NEGATIVE
59,Self-emp-inc,Prof-school,11,Married-AF-spouse,Exec-managerial,Own-child,Other,Male,12500,326,15,Cuba,0.531770,POSITIVE
62,Self-emp-inc,12th,9,Married-AF-spouse,Adm-clerical,Not-in-family,Amer-Indian-Eskimo,Female,12500,326,30,Dominican-Republic,0.457400,NEGATIVE
62,Self-emp-inc,12th,9,Married-AF-spouse,Adm-clerical,Not-in-family,Amer-Indian-Eskimo,Male,12500,326,30,Dominican-Republic,0.591400,POSITIVE
79,Local-gov,Bachelors,5,Married-AF-spouse,Tech-support,Wife,Other,Female,12500,1197,1,United-States,0.444854,NEGATIVE
79,Local-gov,Bachelors,5,Married-AF-spouse,Tech-support,Wife,Other,Male,12500,1197,1,United-States,0.530616,POSITIVE
90,Local-gov,Bachelors,1,Married-AF-spouse,Tech-support,Wife,Other,Female,12500,1197,51,United-States,0.444877,NEGATIVE
90,Local-gov,Bachelors,1,Married-AF-spouse,Tech-support,Wife,Other,Male,12500,1197,51,United-States,0.530731,POSITIVE
79,Local-gov,Bachelors,1,Married-AF-spouse,Tech-support,Wife,White,Female,12500,1197,51,United-States,0.439664,NEGATIVE
79,Local-gov,Bachelors,1,Married-AF-spouse,Tech-support,Wife,White,Male,12500,1197,51,United-States,0.505002,POSITIVE
90,Local-gov,Some-college,1,Married-AF-spouse,Craft-repair,Wife,White,Female,12500,1197,5,Canada,0.482557,NEGATIVE
90,Local-gov,Some-college,1,Married-AF-spouse,Craft-repair,Wife,White,Male,12500,1197,5,Canada,0.624531,POSITIVE
85,State-gov,Masters,3,Married-AF-spouse,Farming-fishing,Not-in-family,Other,Female,12500,1851,35,Haiti,0.446530,NEGATIVE
85,State-gov,Masters,3,Married-AF-spouse,Farming-fishing,Not-in-family,Other,Male,12500,1851,35,Haiti,0.538848,POSITIVE
80,Self-emp-inc,HS-grad,1,Married-AF-spouse,Sales,Own-child,Other,Female,12500,1197,60,Japan,0.459520,NEGATIVE
80,Self-emp-inc,HS-grad,1,Married-AF-spouse,Sales,Own-child,Other,Male,12500,1197,60,Japan,0.601422,POSITIVE
91,Self-emp-inc,HS-grad,1,Married-AF-spouse,Sales,Own-child,Other,Female,12500,1197,10,Japan,0.452232,NEGATIVE
91,Self-emp-inc,HS-grad,1,Married-AF-spouse,Sales,Own-child,Other,Male,12500,1197,10,Japan,0.566628,POSITIVE
80,Self-emp-inc,HS-grad,3,Married-AF-spouse,Sales,Own-child,Other,Female,12500,1197,10,Japan,0.455862,NEGATIVE
80,Self-emp-inc,HS-grad,3,Married-AF-spouse,Sales,Own-child,Other,Male,12500,1197,10,Japan,0.584074,POSITIVE
85,Self-emp-inc,Masters,1,Married-AF-spouse,Farming-fishing,Not-in-family,Other,Female,12500,1415,35,Haiti,0.499642,NEGATIVE
85,Self-emp-inc,Masters,1,Married-AF-spouse,Farming-fishing,Not-in-family,Other,Male,12500,1415,35,Haiti,0.640421,POSITIVE
91,Local-gov,HS-grad,5,Married-AF-spouse,Sales,Own-child,Other,Female,12500,108,60,Japan,0.444205,NEGATIVE
91,Local-gov,HS-grad,5,Married-AF-spouse,Sales,Own-child,Other,Male,12500,108,60,Japan,0.527425,POSITIVE
79,Local-gov,Some-college,5,Married-AF-spouse,Craft-repair,Wife,White,Female,12500,108,55,Canada,0.445042,NEGATIVE
79,Local-gov,Some-college,5,Married-AF-spouse,Craft-repair,Wife,White,Male,12500,108,55,Canada,0.531543,POSITIVE
93,State-gov,Masters,5,Married-AF-spouse,Farming-fishing,Not-in-family,Black,Female,12500,980,42,Haiti,0.492328,NEGATIVE
93,State-gov,Masters,5,Married-AF-spouse,Farming-fishing,Not-in-family,Black,Male,12500,980,42,Haiti,0.633656,POSITIVE
90,Local-gov,Some-college,5,Married-AF-spouse,Craft-repair,Wife,Other,Female,12500,762,3,Canada,0.492076,NEGATIVE
90,Local-gov,Some-college,5,Married-AF-spouse,Craft-repair,Wife,Other,Male,12500,762,3,Canada,0.633422,POSITIVE
92,State-gov,Prof-school,5,Married-AF-spouse,Exec-managerial,Own-child,Asian-Pac-Islander,Female,12500,326,15,Cuba,0.447358,NEGATIVE
92,State-gov,Prof-school,5,Married-AF-spouse,Exec-managerial,Own-child,Asian-Pac-Islander,Male,12500,326,15,Cuba,0.542904,POSITIVE
86,Without-pay,10th,7,Married-AF-spouse,Transport-moving,Other-relative,Other,Female,12500,762,40,Nicaragua,0.451923,NEGATIVE
86,Without-pay,10th,7,Married-AF-spouse,Transport-moving,Other-relative,Other,Male,12500,762,40,Nicaragua,0.565135,POSITIVE
81,Self-emp-inc,Prof-school,5,Married-AF-spouse,Exec-managerial,Own-child,Other,Female,12500,326,65,Cuba,0.454875,NEGATIVE
81,Self-emp-inc,Prof-school,5,Married-AF-spouse,Exec-managerial,Own-child,Other,Male,12500,326,65,Cuba,0.579353,POSITIVE
92,Self-emp-inc,Prof-school,5,Married-AF-spouse,Exec-managerial,Own-child,Other,Female,12500,326,15,Cuba,0.447600,NEGATIVE
92,Self-emp-inc,Prof-school,5,Married-AF-spouse,Exec-managerial,Own-child,Other,Male,12500,326,15,Cuba,0.544091,POSITIVE
79,Self-emp-inc,Bachelors,5,Married-AF-spouse,Tech-support,Wife,Other,Female,12500,762,1,United-States,0.443892,NEGATIVE
79,Self-emp-inc,Bachelors,5,Married-AF-spouse,Tech-support,Wife,Other,Male,12500,762,1,United-States,0.525883,POSITIVE
81,Self-emp-inc,Prof-school,7,Married-AF-spouse,Exec-managerial,Own-child,Other,Female,12500,326,15,Cuba,0.451223,NEGATIVE
81,Self-emp-inc,Prof-school,7,Married-AF-spouse,Exec-managerial,Own-child,Other,Male,12500,326,15,Cuba,0.561743,POSITIVE
84,Self-emp-inc,12th,5,Married-AF-spouse,Adm-clerical,Not-in-family,Amer-Indian-Eskimo,Female,12500,326,30,Dominican-Republic,0.457803,NEGATIVE
84,Self-emp-inc,12th,5,Married-AF-spouse,Adm-clerical,Not-in-family,Amer-Indian-Eskimo,Male,12500,326,30,Dominican-Republic,0.593313,POSITIVE
97,Without-pay,10th,3,Married-AF-spouse,Transport-moving,Other-relative,Other,Female,12500,762,90,Nicaragua,0.451947,NEGATIVE
97,Without-pay,10th,3,Married-AF-spouse,Transport-moving,Other-relative,Other,Male,12500,762,90,Nicaragua,0.565249,POSITIVE
79,Local-gov,Some-college,3,Married-AF-spouse,Craft-repair,Wife,White,Female,12500,762,55,Canada,0.455170,NEGATIVE
79,Local-gov,Some-college,3,Married-AF-spouse,Craft-repair,Wife,White,Male,12500,762,55,Canada,0.580766,POSITIVE
85,Local-gov,Some-college,1,Married-AF-spouse,Craft-repair,Wife,White,Female,12500,762,78,Canada,0.456065,NEGATIVE
85,Local-gov,Some-college,1,Married-AF-spouse,Craft-repair,Wife,White,Male,12500,762,78,Canada,0.585045,POSITIVE
90,Local-gov,Bachelors,3,Married-AF-spouse,Tech-support,Wife,White,Female,12500,762,1,United-States,0.482810,NEGATIVE
90,Local-gov,Bachelors,3,Married-AF-spouse,Tech-support,Wife,White,Male,12500,762,1,United-States,0.624769,POSITIVE
96,Local-gov,Some-college,1,Married-AF-spouse,Craft-repair,Wife,White,Female,12500,762,28,Canada,0.448787,NEGATIVE
96,Local-gov,Some-college,1,Married-AF-spouse,Craft-repair,Wife,White,Male,12500,762,28,Canada,0.549891,POSITIVE
85,Local-gov,Some-college,3,Married-AF-spouse,Craft-repair,Wife,White,Female,12500,762,28,Canada,0.452412,NEGATIVE
85,Local-gov,Some-college,3,Married-AF-spouse,Craft-repair,Wife,White,Male,12500,762,28,Canada,0.567496,POSITIVE
90,Self-emp-inc,Bachelors,1,Married-AF-spouse,Tech-support,Wife,Other,Female,12500,762,51,United-States,0.443916,NEGATIVE
90,Self-emp-inc,Bachelors,1,Married-AF-spouse,Tech-support,Wife,Other,Male,12500,762,51,United-States,0.525998,POSITIVE
92,Self-emp-inc,Prof-school,3,Married-AF-spouse,Exec-managerial,Own-child,Other,Female,12500,326,65,Cuba,0.451247,NEGATIVE
92,Self-emp-inc,Prof-school,3,Married-AF-spouse,Exec-managerial,Own-child,Other,Male,12500,326,65,Cuba,0.561856,POSITIVE
95,Self-emp-inc,12th,1,Married-AF-spouse,Adm-clerical,Not-in-family,Amer-Indian-Eskimo,Female,12500,326,80,Dominican-Republic,0.457827,NEGATIVE
95,Self-emp-inc,12th,1,Married-AF-spouse,Adm-clerical,Not-in-family,Amer-Indian-Eskimo,Male,12500,326,80,Dominican-Republic,0.593426,POSITIVE
82,Self-emp-not-inc,Assoc-voc,2,Married-AF-spouse,Prof-specialty,Husband,Amer-Indian-Eskimo,Female,12500,544,70,Italy,0.438927,NEGATIVE
82,Self-emp-not-inc,Assoc-voc,2,Married-AF-spouse,Prof-specialty,Husband,Amer-Indian-Eskimo,Male,12500,544,70,Italy,0.501354,POSITIVE
95,Self-emp-inc,7th-8th,2,Married-AF-spouse,Machine-op-inspct,Not-in-family,Amer-Indian-Eskimo,Female,12500,544,25,Mexico,0.454665,NEGATIVE
95,Self-emp-inc,7th-8th,2,Married-AF-spouse,Machine-op-inspct,Not-in-family,Amer-Indian-Eskimo,Male,12500,544,25,Mexico,0.578343,POSITIVE
84,Self-emp-inc,12th,3,Married-AF-spouse,Adm-clerical,Not-in-family,Amer-Indian-Eskimo,Female,12500,980,30,Dominican-Republic,0.470720,NEGATIVE
84,Self-emp-inc,12th,3,Married-AF-spouse,Adm-clerical,Not-in-family,Amer-Indian-Eskimo,Male,12500,980,30,Dominican-Republic,0.613339,POSITIVE
84,Self-emp-not-inc,12th,1,Married-AF-spouse,Adm-clerical,Not-in-family,Asian-Pac-Islander,Female,12500,980,30,Dominican-Republic,0.438811,NEGATIVE
84,Self-emp-not-inc,12th,1,Married-AF-spouse,Adm-clerical,Not-in-family,Asian-Pac-Islander,Male,12500,980,30,Dominican-Republic,0.500076,POSITIVE
85,Self-emp-not-inc,Masters,3,Married-AF-spouse,Farming-fishing,Not-in-family,Asian-Pac-Islander,Female,12500,326,35,Haiti,0.449605,NEGATIVE
85,Self-emp-not-inc,Masters,3,Married-AF-spouse,Farming-fishing,Not-in-family,Asian-Pac-Islander,Male,12500,326,35,Haiti,0.553881,POSITIVE
68,Local-gov,Bachelors,5,Married-AF-spouse,Tech-support,Wife,Other,Female,12500,1197,51,United-States,0.452121,NEGATIVE
68,Local-gov,Bachelors,5,Married-AF-spouse,Tech-support,Wife,Other,Male,12500,1197,51,United-States,0.566089,POSITIVE
57,Local-gov,Some-college,5,Married-AF-spouse,Craft-repair,Wife,White,Female,12500,1197,55,Canada,0.469320,NEGATIVE
57,Local-gov,Some-college,5,Married-AF-spouse,Craft-repair,Wife,White,Male,12500,1197,55,Canada,0.612006,POSITIVE
68,Local-gov,Bachelors,5,Married-AF-spouse,Tech-support,Wife,White,Female,12500,1197,1,United-States,0.439641,NEGATIVE
68,Local-gov,Bachelors,5,Married-AF-spouse,Tech-support,Wife,White,Male,12500,1197,1,United-States,0.504886,POSITIVE
63,State-gov,Masters,7,Married-AF-spouse,Farming-fishing,Not-in-family,Other,Female,12500,1851,35,Haiti,0.448039,NEGATIVE
63,State-gov,Masters,7,Married-AF-spouse,Farming-fishing,Not-in-family,Other,Male,12500,1851,35,Haiti,0.546236,POSITIVE
58,Self-emp-inc,HS-grad,5,Married-AF-spouse,Sales,Own-child,Other,Female,12500,1197,60,Japan,0.451451,NEGATIVE
58,Self-emp-inc,HS-grad,5,Married-AF-spouse,Sales,Own-child,Other,Male,12500,1197,60,Japan,0.562845,POSITIVE
69,Self-emp-inc,HS-grad,5,Married-AF-spouse,Sales,Own-child,Other,Female,12500,1197,10,Japan,0.459496,NEGATIVE
69,Self-emp-inc,HS-grad,5,Married-AF-spouse,Sales,Own-child,Other,Male,12500,1197,10,Japan,0.601313,POSITIVE
56,Self-emp-inc,Bachelors,5,Married-AF-spouse,Tech-support,Wife,Other,Female,12500,1851,1,United-States,0.458703,NEGATIVE
56,Self-emp-inc,Bachelors,5,Married-AF-spouse,Tech-support,Wife,Other,Male,12500,1851,1,United-States,0.597570,POSITIVE
58,Self-emp-inc,HS-grad,7,Married-AF-spouse,Sales,Own-child,Other,Female,12500,1197,10,Japan,0.447804,NEGATIVE
58,Self-emp-inc,HS-grad,7,Married-AF-spouse,Sales,Own-child,Other,Male,12500,1197,10,Japan,0.545088,POSITIVE
64,Self-emp-inc,10th,5,Married-AF-spouse,Transport-moving,Other-relative,Other,Female,12500,1633,40,Nicaragua,0.454787,NEGATIVE
64,Self-emp-inc,10th,5,Married-AF-spouse,Transport-moving,Other-relative,Other,Male,12500,1633,40,Nicaragua,0.578929,POSITIVE
74,State-gov,Masters,3,Married-AF-spouse,Farming-fishing,Not-in-family,Other,Female,12500,1851,85,Haiti,0.453802,NEGATIVE
74,State-gov,Masters,3,Married-AF-spouse,Farming-fishing,Not-in-family,Other,Male,12500,1851,85,Haiti,0.574198,POSITIVE
58,Local-gov,HS-grad,3,Married-AF-spouse,Sales,Own-child,Asian-Pac-Islander,Female,12500,1851,60,Japan,0.457199,NEGATIVE
58,Local-gov,HS-grad,3,Married-AF-spouse,Sales,Own-child,Asian-Pac-Islander,Male,12500,1851,60,Japan,0.590444,POSITIVE
62,Local-gov,HS-grad,1,Married-AF-spouse,Sales,Own-child,White,Female,12500,1851,80,Japan,0.449401,NEGATIVE
62,Local-gov,HS-grad,1,Married-AF-spouse,Sales,Own-child,White,Male,12500,1851,80,Japan,0.552884,POSITIVE
69,Local-gov,HS-grad,3,Married-AF-spouse,Sales,Own-child,Asian-Pac-Islander,Female,12500,1851,10,Japan,0.486352,NEGATIVE
69,Local-gov,HS-grad,3,Married-AF-spouse,Sales,Own-child,Asian-Pac-Islander,Male,12500,1851,10,Japan,0.628087,POSITIVE
74,Local-gov,HS-grad,1,Married-AF-spouse,Sales,Own-child,White,Female,12500,1851,30,Japan,0.457440,NEGATIVE
74,Local-gov,HS-grad,1,Married-AF-spouse,Sales,Own-child,White,Male,12500,1851,30,Japan,0.591591,POSITIVE
74,Local-gov,Bachelors,3,Married-AF-spouse,Tech-support,Wife,White,Female,12500,1197,26,United-States,0.449192,NEGATIVE
74,Local-gov,Bachelors,3,Married-AF-spouse,Tech-support,Wife,White,Male,12500,1197,26,United-States,0.551868,POSITIVE
62,Local-gov,HS-grad,3,Married-AF-spouse,Sales,Own-child,White,Female,12500,1851,30,Japan,0.445757,NEGATIVE
62,Local-gov,HS-grad,3,Married-AF-spouse,Sales,Own-child,White,Male,12500,1851,30,Japan,0.535056,POSITIVE
68,Self-emp-inc,Some-college,3,Married-AF-spouse,Craft-repair,Wife,Other,Female,12500,1197,55,Canada,0.441094,NEGATIVE
68,Self-emp-inc,Some-college,3,Married-AF-spouse,Craft-repair,Wife,Other,Male,12500,1197,55,Canada,0.512075,POSITIVE
75,Self-emp-inc,10th,1,Married-AF-spouse,Transport-moving,Other-relative,Other,Female,12500,1633,90,Nicaragua,0.458645,NEGATIVE
75,Self-emp-inc,10th,1,Married-AF-spouse,Transport-moving,Other-relative,Other,Male,12500,1633,90,Nicaragua,0.597297,POSITIVE
60,Self-emp-not-inc,Assoc-voc,2,Married-AF-spouse,Prof-specialty,Husband,Amer-Indian-Eskimo,Female,12500,1633,70,Italy,0.467365,NEGATIVE
60,Self-emp-not-inc,Assoc-voc,2,Married-AF-spouse,Prof-specialty,Husband,Amer-Indian-Eskimo,Male,12500,1633,70,Italy,0.610139,POSITIVE
70,Self-emp-not-inc,Prof-school,1,Married-AF-spouse,Exec-managerial,Own-child,Asian-Pac-Islander,Female,12500,1415,15,Cuba,0.442539,NEGATIVE
70,Self-emp-not-inc,Prof-school,1,Married-AF-spouse,Exec-managerial,Own-child,Asian-Pac-Islander,Male,12500,1415,15,Cuba,0.519211,POSITIVE
63,Self-emp-inc,Masters,3,Married-AF-spouse,Farming-fishing,Not-in-family,Other,Female,12500,2069,35,Haiti,0.483211,NEGATIVE
63,Self-emp-inc,Masters,3,Married-AF-spouse,Farming-fishing,Not-in-family,Other,Male,12500,2069,35,Haiti,0.625145,POSITIVE
59,Private,Prof-school,1,Married-AF-spouse,Exec-managerial,Own-child,Asian-Pac-Islander,Female,12500,1851,15,Cuba,0.440849,NEGATIVE
59,Private,Prof-school,1,Married-AF-spouse,Exec-managerial,Own-child,Asian-Pac-Islander,Male,12500,1851,15,Cuba,0.510862,POSITIVE
61,Self-emp-not-inc,7th-8th,3,Married-AF-spouse,Machine-op-inspct,Not-in-family,Asian-Pac-Islander,Female,12500,1415,25,Mexico,0.443559,NEGATIVE
61,Self-emp-not-inc,7th-8th,3,Married-AF-spouse,Machine-op-inspct,Not-in-family,Asian-Pac-Islander,Male,12500,1415,25,Mexico,0.524241,POSITIVE
75,Without-pay,10th,7,Married-AF-spouse,Transport-moving,Other-relative,Other,Female,12500,762,90,Nicaragua,0.459210,NEGATIVE
75,Without-pay,10th,7,Married-AF-spouse,Transport-moving,Other-relative,Other,Male,12500,762,90,Nicaragua,0.599966,POSITIVE
56,Local-gov,Bachelors,7,Married-AF-spouse,Tech-support,Wife,White,Female,12500,762,51,United-States,0.460197,NEGATIVE
56,Local-gov,Bachelors,7,Married-AF-spouse,Tech-support,Wife,White,Male,12500,762,51,United-States,0.603262,POSITIVE
62,Local-gov,Some-college,5,Married-AF-spouse,Craft-repair,Wife,White,Female,12500,762,78,Canada,0.446097,NEGATIVE
62,Local-gov,Some-college,5,Married-AF-spouse,Craft-repair,Wife,White,Male,12500,762,78,Canada,0.536723,POSITIVE
68,Local-gov,Some-college,7,Married-AF-spouse,Craft-repair,Wife,White,Female,12500,762,5,Canada,0.455147,NEGATIVE
68,Local-gov,Some-college,7,Married-AF-spouse,Craft-repair,Wife,White,Male,12500,762,5,Canada,0.580653,POSITIVE
74,Local-gov,Some-college,5,Married-AF-spouse,Craft-repair,Wife,White,Female,12500,762,28,Canada,0.456042,NEGATIVE
74,Local-gov,Some-college,5,Married-AF-spouse,Craft-repair,Wife,White,Male,12500,762,28,Canada,0.584933,POSITIVE
62,Local-gov,Bachelors,7,Married-AF-spouse,Tech-support,Wife,White,Female,12500,762,26,United-States,0.489313,NEGATIVE
62,Local-gov,Bachelors,7,Married-AF-spouse,Tech-support,Wife,White,Male,12500,762,26,United-States,0.630852,POSITIVE
68,Self-emp-inc,Bachelors,5,Married-AF-spouse,Tech-support,Wife,Other,Female,12500,762,51,United-States,0.451156,NEGATIVE
68,Self-emp-inc,Bachelors,5,Married-AF-spouse,Tech-support,Wife,Other,Male,12500,762,51,United-States,0.561418,POSITIVE
70,Self-emp-inc,Prof-school,7,Married-AF-spouse,Exec-managerial,Own-child,Other,Female,12500,326,65,Cuba,0.458508,NEGATIVE
70,Self-emp-inc,Prof-school,7,Married-AF-spouse,Exec-managerial,Own-child,Other,Male,12500,326,65,Cuba,0.596653,POSITIVE
73,Self-emp-inc,12th,5,Married-AF-spouse,Adm-clerical,Not-in-family,Amer-Indian-Eskimo,Female,12500,326,80,Dominican-Republic,0.485592,NEGATIVE
73,Self-emp-inc,12th,5,Married-AF-spouse,Adm-clerical,Not-in-family,Amer-Indian-Eskimo,Male,12500,326,80,Dominican-Republic,0.627377,POSITIVE
61,Self-emp-inc,7th-8th,6,Married-AF-spouse,Machine-op-inspct,Not-in-family,Amer-Indian-Eskimo,Female,12500,544,75,Mexico,0.459635,NEGATIVE
61,Self-emp-inc,7th-8th,6,Married-AF-spouse,Machine-op-inspct,Not-in-family,Amer-Indian-Eskimo,Male,12500,544,75,Mexico,0.601966,POSITIVE
71,Self-emp-not-inc,Assoc-voc,6,Married-AF-spouse,Prof-specialty,Husband,Amer-Indian-Eskimo,Female,12500,544,20,Italy,0.438904,NEGATIVE
71,Self-emp-not-inc,Assoc-voc,6,Married-AF-spouse,Prof-specialty,Husband,Amer-Indian-Eskimo,Male,12500,544,20,Italy,0.501239,POSITIVE
62,Self-emp-inc,12th,7,Married-AF-spouse,Adm-clerical,Not-in-family,Amer-Indian-Eskimo,Female,12500,980,30,Dominican-Republic,0.468747,NEGATIVE
62,Self-emp-inc,12th,7,Married-AF-spouse,Adm-clerical,Not-in-family,Amer-Indian-Eskimo,Male,12500,980,30,Dominican-Republic,0.611460,POSITIVE
63,Self-emp-not-inc,Masters,5,Married-AF-spouse,Farming-fishing,Not-in-family,Asian-Pac-Islander,Female,12500,980,35,Haiti,0.446272,NEGATIVE
63,Self-emp-not-inc,Masters,5,Married-AF-spouse,Farming-fishing,Not-in-family,Asian-Pac-Islander,Male,12500,980,35,Haiti,0.537584,POSITIVE
63,Self-emp-not-inc,Masters,7,Married-AF-spouse,Farming-fishing,Not-in-family,Asian-Pac-Islander,Female,12500,326,35,Haiti,0.451116,NEGATIVE
63,Self-emp-not-inc,Masters,7,Married-AF-spouse,Farming-fishing,Not-in-family,Asian-Pac-Islander,Male,12500,326,35,Haiti,0.561224,POSITIVE
74,Local-gov,Some-college,3,Married-AF-spouse,Craft-repair,Wife,White,Female,12500,762,78,Canada,0.459700,NEGATIVE
74,Local-gov,Some-college,3,Married-AF-spouse,Craft-repair,Wife,White,Male,12500,762,78,Canada,0.602271,POSITIVE
74,Self-emp-inc,Masters,3,Married-AF-spouse,Farming-fishing,Not-in-family,Other,Female,12500,980,85,Haiti,0.443668,NEGATIVE
74,Self-emp-inc,Masters,3,Married-AF-spouse,Farming-fishing,Not-in-family,Other,Male,12500,980,85,Haiti,0.524777,POSITIVE
73,Self-emp-not-inc,7th-8th,1,Married-AF-spouse,Machine-op-inspct,Not-in-family,Asian-Pac-Islander,Female,12500,980,75,Mexico,0.439818,NEGATIVE
73,Self-emp-not-inc,7th-8th,1,Married-AF-spouse,Machine-op-inspct,Not-in-family,Asian-Pac-Islander,Male,12500,980,75,Mexico,0.505763,POSITIVE
73,Self-emp-not-inc,12th,3,Married-AF-spouse,Adm-clerical,Not-in-family,Asian-Pac-Islander,Female,12500,326,80,Dominican-Republic,0.441681,NEGATIVE
73,Self-emp-not-inc,12th,3,Married-AF-spouse,Adm-clerical,Not-in-family,Asian-Pac-Islander,Male,12500,326,80,Dominican-Republic,0.514973,POSITIVE
62,Self-emp-not-inc,12th,3,Married-AF-spouse,Adm-clerical,Not-in-family,Asian-Pac-Islander,Female,12500,980,80,Dominican-Republic,0.441901,NEGATIVE
62,Self-emp-not-inc,12th,3,Married-AF-spouse,Adm-clerical,Not-in-family,Asian-Pac-Islander,Male,12500,980,80,Dominican-Republic,0.516060,POSITIVE
73,Self-emp-not-inc,12th,3,Married-AF-spouse,Adm-clerical,Not-in-family,Asian-Pac-Islander,Female,12500,980,30,Dominican-Republic,0.442278,NEGATIVE
73,Self-emp-not-inc,12th,3,Married-AF-spouse,Adm-clerical,Not-in-family,Asian-Pac-Islander,Male,12500,980,30,Dominican-Republic,0.517923,POSITIVE
81,State-gov,Prof-school,1,Married-spouse-absent,Exec-managerial,Own-child,Other,Female,12500,326,65,Cuba,0.439300,NEGATIVE
81,State-gov,Prof-school,1,Married-spouse-absent,Exec-managerial,Own-child,Other,Male,12500,326,65,Cuba,0.503200,POSITIVE
81,Local-gov,Some-college,1,Married-spouse-absent,Craft-repair,Wife,White,Female,12500,108,5,Canada,0.440895,NEGATIVE
81,Local-gov,Some-college,1,Married-spouse-absent,Craft-repair,Wife,White,Male,12500,108,5,Canada,0.511086,POSITIVE
82,Self-emp-inc,Assoc-voc,1,Married-spouse-absent,Prof-specialty,Husband,Other,Female,12500,326,20,Italy,0.451722,NEGATIVE
82,Self-emp-inc,Assoc-voc,1,Married-spouse-absent,Prof-specialty,Husband,Other,Male,12500,326,20,Italy,0.564160,POSITIVE
58,Local-gov,HS-grad,1,Married-spouse-absent,Sales,Own-child,Other,Female,12500,1197,60,Japan,0.444906,NEGATIVE
58,Local-gov,HS-grad,1,Married-spouse-absent,Sales,Own-child,Other,Male,12500,1197,60,Japan,0.530873,POSITIVE
58,Local-gov,Some-college,1,Married-spouse-absent,Craft-repair,Wife,White,Female,12500,1197,5,Canada,0.457604,NEGATIVE
58,Local-gov,Some-college,1,Married-spouse-absent,Craft-repair,Wife,White,Male,12500,1197,5,Canada,0.592369,POSITIVE
59,Self-emp-inc,Prof-school,1,Married-spouse-absent,Exec-managerial,Own-child,Other,Female,12500,1415,15,Cuba,0.450214,NEGATIVE
59,Self-emp-inc,Prof-school,1,Married-spouse-absent,Exec-managerial,Own-child,Other,Male,12500,1415,15,Cuba,0.556842,POSITIVE
60,State-gov,Assoc-voc,5,Married-spouse-absent,Prof-specialty,Husband,Other,Female,12500,326,70,Italy,0.448053,NEGATIVE
60,State-gov,Assoc-voc,5,Married-spouse-absent,Prof-specialty,Husband,Other,Male,12500,326,70,Italy,0.546305,POSITIVE
70,State-gov,Prof-school,5,Married-spouse-absent,Exec-managerial,Own-child,Other,Female,12500,326,15,Cuba,0.439277,NEGATIVE
70,State-gov,Prof-school,5,Married-spouse-absent,Exec-managerial,Own-child,Other,Male,12500,326,15,Cuba,0.503083,POSITIVE
58,Local-gov,HS-grad,5,Married-spouse-absent,Sales,Own-child,Asian-Pac-Islander,Female,12500,326,10,Japan,0.443871,NEGATIVE
58,Local-gov,HS-grad,5,Married-spouse-absent,Sales,Own-child,Asian-Pac-Islander,Male,12500,326,10,Japan,0.525778,POSITIVE
60,Self-emp-inc,Assoc-voc,5,Married-spouse-absent,Prof-specialty,Husband,Other,Female,12500,326,20,Italy,0.447496,NEGATIVE
60,Self-emp-inc,Assoc-voc,5,Married-spouse-absent,Prof-specialty,Husband,Other,Male,12500,326,20,Italy,0.543580,POSITIVE
67,State-gov,7th-8th,2,Married-spouse-absent,Machine-op-inspct,Not-in-family,Amer-Indian-Eskimo,Female,12500,544,75,Mexico,0.440683,NEGATIVE
67,State-gov,7th-8th,2,Married-spouse-absent,Machine-op-inspct,Not-in-family,Amer-Indian-Eskimo,Male,12500,544,75,Mexico,0.510043,POSITIVE
75,Without-pay,Doctorate,3,Married-spouse-absent,Protective-serv,Other-relative,Black,Female,12500,980,45,El-Salvador,0.443132,NEGATIVE
75,Without-pay,Doctorate,3,Married-spouse-absent,Protective-serv,Other-relative,Black,Male,12500,980,45,El-Salvador,0.522137,POSITIVE
71,Self-emp-inc,Assoc-voc,1,Married-spouse-absent,Prof-specialty,Husband,Other,Female,12500,326,70,Italy,0.459008,NEGATIVE
71,Self-emp-inc,Assoc-voc,1,Married-spouse-absent,Prof-specialty,Husband,Other,Male,12500,326,70,Italy,0.599014,POSITIVE
58,Self-emp-inc,HS-grad,1,Married-spouse-absent,Sales,Own-child,Other,Female,12500,762,60,Japan,0.443848,NEGATIVE
58,Self-emp-inc,HS-grad,1,Married-spouse-absent,Sales,Own-child,Other,Male,12500,762,60,Japan,0.525666,POSITIVE
60,Self-emp-inc,Assoc-voc,3,Married-spouse-absent,Prof-specialty,Husband,Other,Female,12500,326,70,Italy,0.451142,NEGATIVE
60,Self-emp-inc,Assoc-voc,3,Married-spouse-absent,Prof-specialty,Husband,Other,Male,12500,326,70,Italy,0.561351,POSITIVE
61,Self-emp-inc,7th-8th,1,Married-spouse-absent,Machine-op-inspct,Not-in-family,Amer-Indian-Eskimo,Female,12500,326,75,Mexico,0.454134,NEGATIVE
61,Self-emp-inc,7th-8th,1,Married-spouse-absent,Machine-op-inspct,Not-in-family,Amer-Indian-Eskimo,Male,12500,326,75,Mexico,0.575797,POSITIVE
62,Self-emp-not-inc,Prof-school,1,Married-spouse-absent,Exec-managerial,Own-child,Asian-Pac-Islander,Female,12500,326,15,Cuba,0.447647,NEGATIVE
62,Self-emp-not-inc,Prof-school,1,Married-spouse-absent,Exec-managerial,Own-child,Asian-Pac-Islander,Male,12500,326,15,Cuba,0.544318,POSITIVE
62,State-gov,12th,1,Widowed,Adm-clerical,Not-in-family,Black,Female,12500,326,30,Dominican-Republic,0.452687,NEGATIVE
62,State-gov,12th,1,Widowed,Adm-clerical,Not-in-family,Black,Male,12500,326,30,Dominican-Republic,0.568828,POSITIVE
87,Without-pay,Doctorate,9,Married-AF-spouse,Protective-serv,Other-relative,Black,Female,7500,2722,45,El-Salvador,0.449376,NEGATIVE
87,Without-pay,Doctorate,9,Married-AF-spouse,Protective-serv,Other-relative,Black,Male,7500,2722,45,El-Salvador,0.552761,POSITIVE
63,State-gov,Masters,9,Married-AF-spouse,Farming-fishing,Not-in-family,Black,Female,7500,3593,35,Haiti,0.451560,NEGATIVE
63,State-gov,Masters,9,Married-AF-spouse,Farming-fishing,Not-in-family,Black,Male,7500,3593,35,Haiti,0.563377,POSITIVE
64,Without-pay,10th,13,Married-AF-spouse,Transport-moving,Other-relative,Black,Female,7500,2722,40,Nicaragua,0.439817,NEGATIVE
64,Without-pay,10th,13,Married-AF-spouse,Transport-moving,Other-relative,Black,Male,7500,2722,40,Nicaragua,0.505758,POSITIVE
75,Without-pay,10th,9,Married-AF-spouse,Transport-moving,Other-relative,Black,Female,7500,2722,90,Nicaragua,0.443652,NEGATIVE
75,Without-pay,10th,9,Married-AF-spouse,Transport-moving,Other-relative,Black,Male,7500,2722,90,Nicaragua,0.524698,POSITIVE
60,State-gov,Assoc-voc,10,Married-AF-spouse,Prof-specialty,Husband,Amer-Indian-Eskimo,Female,7500,2722,70,Italy,0.451215,NEGATIVE
60,State-gov,Assoc-voc,10,Married-AF-spouse,Prof-specialty,Husband,Amer-Indian-Eskimo,Male,7500,2722,70,Italy,0.561704,POSITIVE
71,State-gov,Assoc-voc,10,Married-AF-spouse,Prof-specialty,Husband,Amer-Indian-Eskimo,Female,7500,2722,20,Italy,0.455424,NEGATIVE
71,State-gov,Assoc-voc,10,Married-AF-spouse,Prof-specialty,Husband,Amer-Indian-Eskimo,Male,7500,2722,20,Italy,0.581981,POSITIVE
64,Without-pay,10th,11,Married-AF-spouse,Transport-moving,Other-relative,Other,Female,7500,3158,40,Nicaragua,0.494558,NEGATIVE
64,Without-pay,10th,11,Married-AF-spouse,Transport-moving,Other-relative,Other,Male,7500,3158,40,Nicaragua,0.635724,POSITIVE
57,Local-gov,Some-college,9,Married-AF-spouse,Craft-repair,Wife,White,Female,7500,2940,28,Canada,0.496839,NEGATIVE
57,Local-gov,Some-college,9,Married-AF-spouse,Craft-repair,Wife,White,Male,7500,2940,28,Canada,0.637835,POSITIVE
63,Federal-gov,Masters,9,Married-AF-spouse,Farming-fishing,Not-in-family,Black,Female,7500,2504,85,Haiti,0.458768,NEGATIVE
63,Federal-gov,Masters,9,Married-AF-spouse,Farming-fishing,Not-in-family,Black,Male,7500,2504,85,Haiti,0.597876,POSITIVE
56,Private,Bachelors,9,Married-AF-spouse,Tech-support,Wife,White,Female,7500,2286,1,United-States,0.459446,NEGATIVE
56,Private,Bachelors,9,Married-AF-spouse,Tech-support,Wife,White,Male,7500,2286,1,United-States,0.601078,POSITIVE
79,Local-gov,Some-college,13,Married-AF-spouse,Craft-repair,Wife,Other,Female,2500,3375,55,Canada,0.450491,NEGATIVE
79,Local-gov,Some-college,13,Married-AF-spouse,Craft-repair,Wife,Other,Male,2500,3375,55,Canada,0.558186,POSITIVE
90,Local-gov,Some-college,13,Married-AF-spouse,Craft-repair,Wife,Other,Female,2500,3375,5,Canada,0.443229,NEGATIVE
90,Local-gov,Some-college,13,Married-AF-spouse,Craft-repair,Wife,Other,Male,2500,3375,5,Canada,0.522612,POSITIVE
79,Local-gov,Some-college,13,Married-AF-spouse,Craft-repair,Wife,White,Female,2500,3375,5,Canada,0.457071,NEGATIVE
79,Local-gov,Some-college,13,Married-AF-spouse,Craft-repair,Wife,White,Male,2500,3375,5,Canada,0.589836,POSITIVE
80,Self-emp-inc,HS-grad,13,Married-AF-spouse,Sales,Own-child,Other,Female,2500,3375,10,Japan,0.444851,NEGATIVE
80,Self-emp-inc,HS-grad,13,Married-AF-spouse,Sales,Own-child,Other,Male,2500,3375,10,Japan,0.530604,POSITIVE
89,State-gov,7th-8th,14,Married-AF-spouse,Machine-op-inspct,Not-in-family,Amer-Indian-Eskimo,Female,2500,2722,75,Mexico,0.453524,NEGATIVE
89,State-gov,7th-8th,14,Married-AF-spouse,Machine-op-inspct,Not-in-family,Amer-Indian-Eskimo,Male,2500,2722,75,Mexico,0.572860,POSITIVE
97,Without-pay,Doctorate,15,Married-AF-spouse,Protective-serv,Other-relative,Black,Female,2500,3158,45,El-Salvador,0.448329,NEGATIVE
97,Without-pay,Doctorate,15,Married-AF-spouse,Protective-serv,Other-relative,Black,Male,2500,3158,45,El-Salvador,0.547655,POSITIVE
92,Self-emp-inc,Prof-school,13,Married-AF-spouse,Exec-managerial,Own-child,Other,Female,2500,2504,65,Cuba,0.440258,NEGATIVE
92,Self-emp-inc,Prof-school,13,Married-AF-spouse,Exec-managerial,Own-child,Other,Male,2500,2504,65,Cuba,0.507938,POSITIVE
79,Self-emp-inc,Some-college,13,Married-AF-spouse,Craft-repair,Wife,Other,Female,2500,2940,55,Canada,0.449479,NEGATIVE
79,Self-emp-inc,Some-college,13,Married-AF-spouse,Craft-repair,Wife,Other,Male,2500,2940,55,Canada,0.553262,POSITIVE
81,Self-emp-inc,Prof-school,15,Married-AF-spouse,Exec-managerial,Own-child,Other,Female,2500,2504,65,Cuba,0.443870,NEGATIVE
81,Self-emp-inc,Prof-school,15,Married-AF-spouse,Exec-managerial,Own-child,Other,Male,2500,2504,65,Cuba,0.525770,POSITIVE
84,Self-emp-inc,7th-8th,13,Married-AF-spouse,Machine-op-inspct,Not-in-family,Amer-Indian-Eskimo,Female,2500,2504,75,Mexico,0.495065,NEGATIVE
84,Self-emp-inc,7th-8th,13,Married-AF-spouse,Machine-op-inspct,Not-in-family,Amer-Indian-Eskimo,Male,2500,2504,75,Mexico,0.636194,POSITIVE
85,Self-emp-not-inc,Prof-school,13,Married-AF-spouse,Exec-managerial,Own-child,Asian-Pac-Islander,Female,2500,2504,15,Cuba,0.481967,NEGATIVE
85,Self-emp-not-inc,Prof-school,13,Married-AF-spouse,Exec-managerial,Own-child,Asian-Pac-Islander,Male,2500,2504,15,Cuba,0.623976,POSITIVE
68,Local-gov,Some-college,13,Married-AF-spouse,Craft-repair,Wife,White,Female,2500,3375,55,Canada,0.481998,NEGATIVE
68,Local-gov,Some-college,13,Married-AF-spouse,Craft-repair,Wife,White,Male,2500,3375,55,Canada,0.624005,POSITIVE
63,State-gov,Masters,15,Married-AF-spouse,Farming-fishing,Not-in-family,Other,Female,2500,4029,85,Haiti,0.440695,NEGATIVE
63,State-gov,Masters,15,Married-AF-spouse,Farming-fishing,Not-in-family,Other,Male,2500,4029,85,Haiti,0.510098,POSITIVE
74,State-gov,Masters,15,Married-AF-spouse,Farming-fishing,Not-in-family,Other,Female,2500,4029,35,Haiti,0.439168,NEGATIVE
74,State-gov,Masters,15,Married-AF-spouse,Farming-fishing,Not-in-family,Other,Male,2500,4029,35,Haiti,0.502543,POSITIVE
57,Local-gov,Some-college,15,Married-AF-spouse,Craft-repair,Wife,White,Female,2500,4029,5,Canada,0.457234,NEGATIVE
57,Local-gov,Some-college,15,Married-AF-spouse,Craft-repair,Wife,White,Male,2500,4029,5,Canada,0.590613,POSITIVE
69,Self-emp-inc,HS-grad,13,Married-AF-spouse,Sales,Own-child,Other,Female,2500,3375,60,Japan,0.452118,NEGATIVE
69,Self-emp-inc,HS-grad,13,Married-AF-spouse,Sales,Own-child,Other,Male,2500,3375,60,Japan,0.566077,POSITIVE
56,Self-emp-inc,Bachelors,13,Married-AF-spouse,Tech-support,Wife,Other,Female,2500,4029,51,United-States,0.451327,NEGATIVE
56,Self-emp-inc,Bachelors,13,Married-AF-spouse,Tech-support,Wife,Other,Male,2500,4029,51,United-States,0.562246,POSITIVE
58,Self-emp-inc,HS-grad,15,Married-AF-spouse,Sales,Own-child,Other,Female,2500,3375,60,Japan,0.440461,NEGATIVE
58,Self-emp-inc,HS-grad,15,Married-AF-spouse,Sales,Own-child,Other,Male,2500,3375,60,Japan,0.508942,POSITIVE
63,Self-emp-inc,Masters,13,Married-AF-spouse,Farming-fishing,Not-in-family,Other,Female,2500,3593,85,Haiti,0.470850,NEGATIVE
63,Self-emp-inc,Masters,13,Married-AF-spouse,Farming-fishing,Not-in-family,Other,Male,2500,3593,85,Haiti,0.613462,POSITIVE
60,Self-emp-not-inc,HS-grad,13,Married-AF-spouse,Sales,Own-child,Asian-Pac-Islander,Female,2500,3593,10,Japan,0.438913,NEGATIVE
60,Self-emp-not-inc,HS-grad,13,Married-AF-spouse,Sales,Own-child,Asian-Pac-Islander,Male,2500,3593,10,Japan,0.501284,POSITIVE
68,Local-gov,Bachelors,15,Married-AF-spouse,Tech-support,Wife,White,Female,2500,2940,51,United-States,0.482253,NEGATIVE
68,Local-gov,Bachelors,15,Married-AF-spouse,Tech-support,Wife,White,Male,2500,2940,51,United-States,0.624245,POSITIVE
73,Self-emp-inc,7th-8th,14,Married-AF-spouse,Machine-op-inspct,Not-in-family,Amer-Indian-Eskimo,Female,2500,2722,75,Mexico,0.454551,NEGATIVE
73,Self-emp-inc,7th-8th,14,Married-AF-spouse,Machine-op-inspct,Not-in-family,Amer-Indian-Eskimo,Male,2500,2722,75,Mexico,0.577797,POSITIVE
62,Self-emp-inc,12th,15,Married-AF-spouse,Adm-clerical,Not-in-family,Amer-Indian-Eskimo,Female,2500,3158,80,Dominican-Republic,0.454278,NEGATIVE
62,Self-emp-inc,12th,15,Married-AF-spouse,Adm-clerical,Not-in-family,Amer-Indian-Eskimo,Male,2500,3158,80,Dominican-Republic,0.576489,POSITIVE
63,Self-emp-not-inc,Masters,13,Married-AF-spouse,Farming-fishing,Not-in-family,Asian-Pac-Islander,Female,2500,3158,85,Haiti,0.438934,NEGATIVE
63,Self-emp-not-inc,Masters,13,Married-AF-spouse,Farming-fishing,Not-in-family,Asian-Pac-Islander,Male,2500,3158,85,Haiti,0.501387,POSITIVE
63,Self-emp-not-inc,Masters,15,Married-AF-spouse,Farming-fishing,Not-in-family,Asian-Pac-Islander,Female,2500,2504,85,Haiti,0.443763,NEGATIVE
63,Self-emp-not-inc,Masters,15,Married-AF-spouse,Farming-fishing,Not-in-family,Asian-Pac-Islander,Male,2500,2504,85,Haiti,0.525245,POSITIVE
73,Self-emp-inc,12th,15,Married-AF-spouse,Adm-clerical,Not-in-family,Amer-Indian-Eskimo,Female,2500,3158,30,Dominican-Republic,0.454657,NEGATIVE
73,Self-emp-inc,12th,15,Married-AF-spouse,Adm-clerical,Not-in-family,Amer-Indian-Eskimo,Male,2500,3158,30,Dominican-Republic,0.578309,POSITIVE
75,Self-emp-not-inc,10th,13,Married-AF-spouse,Transport-moving,Other-relative,Amer-Indian-Eskimo,Female,2500,3158,40,Nicaragua,0.443499,NEGATIVE
75,Self-emp-not-inc,10th,13,Married-AF-spouse,Transport-moving,Other-relative,Amer-Indian-Eskimo,Male,2500,3158,40,Nicaragua,0.523947,POSITIVE
74,Self-emp-not-inc,Masters,15,Married-AF-spouse,Farming-fishing,Not-in-family,Asian-Pac-Islander,Female,2500,2504,35,Haiti,0.442233,NEGATIVE
74,Self-emp-not-inc,Masters,15,Married-AF-spouse,Farming-fishing,Not-in-family,Asian-Pac-Islander,Male,2500,2504,35,Haiti,0.517701,POSITIVE
64,Self-emp-not-inc,10th,15,Married-AF-spouse,Transport-moving,Other-relative,Amer-Indian-Eskimo,Female,2500,3158,40,Nicaragua,0.443299,NEGATIVE
64,Self-emp-not-inc,10th,15,Married-AF-spouse,Transport-moving,Other-relative,Amer-Indian-Eskimo,Male,2500,3158,40,Nicaragua,0.522960,POSITIVE
90,Local-gov,Some-college,9,Married-AF-spouse,Craft-repair,Wife,White,Female,2500,3375,55,Canada,0.457095,NEGATIVE
90,Local-gov,Some-college,9,Married-AF-spouse,Craft-repair,Wife,White,Male,2500,3375,55,Canada,0.589949,POSITIVE
85,State-gov,Masters,11,Married-AF-spouse,Farming-fishing,Not-in-family,Other,Female,2500,4029,85,Haiti,0.439191,NEGATIVE
85,State-gov,Masters,11,Married-AF-spouse,Farming-fishing,Not-in-family,Other,Male,2500,4029,85,Haiti,0.502658,POSITIVE
97,Without-pay,10th,11,Married-AF-spouse,Transport-moving,Other-relative,Other,Female,2500,4029,40,Nicaragua,0.480215,NEGATIVE
97,Without-pay,10th,11,Married-AF-spouse,Transport-moving,Other-relative,Other,Male,2500,4029,40,Nicaragua,0.622328,POSITIVE
79,Local-gov,Some-college,11,Married-AF-spouse,Craft-repair,Wife,White,Female,2500,4029,5,Canada,0.496061,NEGATIVE
79,Local-gov,Some-college,11,Married-AF-spouse,Craft-repair,Wife,White,Male,2500,4029,5,Canada,0.637115,POSITIVE
91,Self-emp-inc,HS-grad,9,Married-AF-spouse,Sales,Own-child,Other,Female,2500,3375,60,Japan,0.444875,NEGATIVE
91,Self-emp-inc,HS-grad,9,Married-AF-spouse,Sales,Own-child,Other,Male,2500,3375,60,Japan,0.530720,POSITIVE
79,Self-emp-inc,Bachelors,9,Married-AF-spouse,Tech-support,Wife,Other,Female,2500,4029,51,United-States,0.476447,NEGATIVE
79,Self-emp-inc,Bachelors,9,Married-AF-spouse,Tech-support,Wife,Other,Male,2500,4029,51,United-States,0.618772,POSITIVE
80,Self-emp-inc,HS-grad,11,Married-AF-spouse,Sales,Own-child,Other,Female,2500,3375,60,Japan,0.448494,NEGATIVE
80,Self-emp-inc,HS-grad,11,Married-AF-spouse,Sales,Own-child,Other,Male,2500,3375,60,Japan,0.548460,POSITIVE
85,Self-emp-inc,Masters,9,Married-AF-spouse,Farming-fishing,Not-in-family,Other,Female,2500,3593,85,Haiti,0.463439,NEGATIVE
85,Self-emp-inc,Masters,9,Married-AF-spouse,Farming-fishing,Not-in-family,Other,Male,2500,3593,85,Haiti,0.606379,POSITIVE
83,Self-emp-not-inc,HS-grad,9,Married-AF-spouse,Sales,Own-child,Asian-Pac-Islander,Female,2500,3593,10,Japan,0.446941,NEGATIVE
83,Self-emp-not-inc,HS-grad,9,Married-AF-spouse,Sales,Own-child,Asian-Pac-Islander,Male,2500,3593,10,Japan,0.540862,POSITIVE
69,Local-gov,HS-grad,11,Married-AF-spouse,Sales,Own-child,Asian-Pac-Islander,Female,2500,4029,60,Japan,0.457868,NEGATIVE
69,Local-gov,HS-grad,11,Married-AF-spouse,Sales,Own-child,Asian-Pac-Islander,Male,2500,4029,60,Japan,0.593619,POSITIVE
71,Self-emp-inc,Masters,11,Married-AF-spouse,Farming-fishing,Not-in-family,Other,Female,2500,4029,85,Haiti,0.458452,NEGATIVE
71,Self-emp-inc,Masters,11,Married-AF-spouse,Farming-fishing,Not-in-family,Other,Male,2500,4029,85,Haiti,0.596385,POSITIVE
74,Self-emp-inc,Masters,11,Married-AF-spouse,Farming-fishing,Not-in-family,Other,Female,2500,4247,35,Haiti,0.455690,NEGATIVE
74,Self-emp-inc,Masters,11,Married-AF-spouse,Farming-fishing,Not-in-family,Other,Male,2500,4247,35,Haiti,0.583253,POSITIVE
70,Private,Prof-school,9,Married-AF-spouse,Exec-managerial,Own-child,Asian-Pac-Islander,Female,2500,4029,15,Cuba,0.439609,NEGATIVE
70,Private,Prof-school,9,Married-AF-spouse,Exec-managerial,Own-child,Asian-Pac-Islander,Male,2500,4029,15,Cuba,0.504727,POSITIVE
73,Self-emp-not-inc,12th,11,Married-AF-spouse,Adm-clerical,Not-in-family,Asian-Pac-Islander,Female,2500,3593,30,Dominican-Republic,0.453693,NEGATIVE
73,Self-emp-not-inc,12th,11,Married-AF-spouse,Adm-clerical,Not-in-family,Asian-Pac-Islander,Male,2500,3593,30,Dominican-Republic,0.573675,POSITIVE
61,Self-emp-not-inc,7th-8th,11,Married-AF-spouse,Machine-op-inspct,Not-in-family,Asian-Pac-Islander,Female,2500,4247,25,Mexico,0.445885,NEGATIVE
61,Self-emp-not-inc,7th-8th,11,Married-AF-spouse,Machine-op-inspct,Not-in-family,Asian-Pac-Islander,Male,2500,4247,25,Mexico,0.535684,POSITIVE
95,Self-emp-inc,10th,11,Married-AF-spouse,Transport-moving,Other-relative,Other,Female,2500,2940,90,El-Salvador,0.477443,NEGATIVE
95,Self-emp-inc,10th,11,Married-AF-spouse,Transport-moving,Other-relative,Other,Male,2500,2940,90,El-Salvador,0.619714,POSITIVE
93,Self-emp-not-inc,Assoc-voc,11,Married-AF-spouse,Prof-specialty,Husband,Amer-Indian-Eskimo,Female,2500,2940,20,Columbia,0.490097,NEGATIVE
93,Self-emp-not-inc,Assoc-voc,11,Married-AF-spouse,Prof-specialty,Husband,Amer-Indian-Eskimo,Male,2500,2940,20,Columbia,0.631581,POSITIVE
90,Local-gov,Bachelors,11,Married-AF-spouse,Tech-support,Wife,White,Female,2500,2940,51,United-States,0.457146,NEGATIVE
90,Local-gov,Bachelors,11,Married-AF-spouse,Tech-support,Wife,White,Male,2500,2940,51,United-States,0.590194,POSITIVE
93,Self-emp-inc,Masters,11,Married-AF-spouse,Farming-fishing,Not-in-family,Other,Female,2500,2940,85,Honduras,0.493215,NEGATIVE
93,Self-emp-inc,Masters,11,Married-AF-spouse,Farming-fishing,Not-in-family,Other,Male,2500,2940,85,Honduras,0.634479,POSITIVE
96,Self-emp-inc,Masters,11,Married-AF-spouse,Farming-fishing,Not-in-family,Other,Female,2500,3158,35,Honduras,0.458131,NEGATIVE
96,Self-emp-inc,Masters,11,Married-AF-spouse,Farming-fishing,Not-in-family,Other,Male,2500,3158,35,Honduras,0.594869,POSITIVE
56,Private,Bachelors,13,Married-spouse-absent,Tech-support,Wife,White,Female,2500,2286,1,Portugal,0.458161,NEGATIVE
56,Private,Bachelors,13,Married-spouse-absent,Tech-support,Wife,White,Male,2500,2286,1,Portugal,0.595009,POSITIVE
64,State-gov,Assoc-voc,10,Married-spouse-absent,Prof-specialty,Husband,Amer-Indian-Eskimo,Female,2500,3811,40,Columbia,0.451995,NEGATIVE
64,State-gov,Assoc-voc,10,Married-spouse-absent,Prof-specialty,Husband,Amer-Indian-Eskimo,Male,2500,3811,40,Columbia,0.565481,POSITIVE
58,Self-emp-not-inc,HS-grad,9,Married-spouse-absent,Sales,Own-child,Asian-Pac-Islander,Female,2500,3375,10,Laos,0.492423,NEGATIVE
58,Self-emp-not-inc,HS-grad,9,Married-spouse-absent,Sales,Own-child,Asian-Pac-Islander,Male,2500,3375,10,Laos,0.633744,POSITIVE
83,Local-gov,HS-grad,9,Married-spouse-absent,Sales,Own-child,Asian-Pac-Islander,Female,2500,2504,60,Laos,0.443003,NEGATIVE
83,Local-gov,HS-grad,9,Married-spouse-absent,Sales,Own-child,Asian-Pac-Islander,Male,2500,2504,60,Laos,0.521499,POSITIVE
91,State-gov,12th,10,Married-spouse-absent,Adm-clerical,Not-in-family,Amer-Indian-Eskimo,Female,2500,2722,30,Nicaragua,0.459636,NEGATIVE
91,State-gov,12th,10,Married-spouse-absent,Adm-clerical,Not-in-family,Amer-Indian-Eskimo,Male,2500,2722,30,Nicaragua,0.601971,POSITIVE
79,Private,Bachelors,9,Married-spouse-absent,Tech-support,Wife,White,Female,2500,2286,1,Guatemala,0.444059,NEGATIVE
79,Private,Bachelors,9,Married-spouse-absent,Tech-support,Wife,White,Male,2500,2286,1,Guatemala,0.526703,POSITIVE
75,State-gov,Doctorate,11,Married-spouse-absent,Protective-serv,Other-relative,Black,Female,2500,3158,90,Peru,0.444729,NEGATIVE
75,State-gov,Doctorate,11,Married-spouse-absent,Protective-serv,Other-relative,Black,Male,2500,3158,90,Peru,0.530002,POSITIVE
60,Local-gov,HS-grad,9,Widowed,Sales,Own-child,Asian-Pac-Islander,Female,2500,2504,20,Laos,0.453274,NEGATIVE
60,Local-gov,HS-grad,9,Widowed,Sales,Own-child,Asian-Pac-Islander,Male,2500,2504,20,Laos,0.571658,POSITIVE
81,Local-gov,Some-college,9,Married-spouse-absent,Craft-repair,Wife,White,Female,2500,2286,55,England,0.438783,NEGATIVE
81,Local-gov,Some-college,9,Married-spouse-absent,Craft-repair,Wife,White,Male,2500,2286,55,England,0.500414,POSITIVE
89,State-gov,7th-8th,10,Married-spouse-absent,Machine-op-inspct,Not-in-family,Amer-Indian-Eskimo,Female,2500,2722,25,South,0.454301,NEGATIVE
89,State-gov,7th-8th,10,Married-spouse-absent,Machine-op-inspct,Not-in-family,Amer-Indian-Eskimo,Male,2500,2722,25,South,0.576597,POSITIVE
84,Self-emp-inc,7th-8th,9,Married-spouse-absent,Machine-op-inspct,Not-in-family,Amer-Indian-Eskimo,Female,2500,2504,25,South,0.498890,NEGATIVE
84,Self-emp-inc,7th-8th,9,Married-spouse-absent,Machine-op-inspct,Not-in-family,Amer-Indian-Eskimo,Male,2500,2504,25,South,0.639727,POSITIVE
58,Local-gov,Some-college,9,Married-spouse-absent,Craft-repair,Wife,White,Female,2500,3375,55,England,0.455432,NEGATIVE
58,Local-gov,Some-college,9,Married-spouse-absent,Craft-repair,Wife,White,Male,2500,3375,55,England,0.582019,POSITIVE
68,Local-gov,Some-college,9,Married-spouse-absent,Craft-repair,Wife,White,Female,2500,3375,5,England,0.444336,NEGATIVE
68,Local-gov,Some-college,9,Married-spouse-absent,Craft-repair,Wife,White,Male,2500,3375,5,England,0.528069,POSITIVE
63,State-gov,Masters,11,Married-spouse-absent,Farming-fishing,Not-in-family,Other,Female,2500,4029,35,Honduras,0.451843,NEGATIVE
63,State-gov,Masters,11,Married-spouse-absent,Farming-fishing,Not-in-family,Other,Male,2500,4029,35,Honduras,0.564744,POSITIVE
64,Self-emp-inc,10th,9,Married-spouse-absent,Transport-moving,Other-relative,Other,Female,2500,3811,40,Italy,0.479285,NEGATIVE
64,Self-emp-inc,10th,9,Married-spouse-absent,Transport-moving,Other-relative,Other,Male,2500,3811,40,Italy,0.621452,POSITIVE
58,Local-gov,HS-grad,13,Married-spouse-absent,Sales,Own-child,Asian-Pac-Islander,Female,2500,2504,60,Canada,0.446894,NEGATIVE
58,Local-gov,HS-grad,13,Married-spouse-absent,Sales,Own-child,Asian-Pac-Islander,Male,2500,2504,60,Canada,0.540631,POSITIVE
67,State-gov,7th-8th,14,Married-spouse-absent,Machine-op-inspct,Not-in-family,Amer-Indian-Eskimo,Female,2500,2722,25,South,0.451983,NEGATIVE
67,State-gov,7th-8th,14,Married-spouse-absent,Machine-op-inspct,Not-in-family,Amer-Indian-Eskimo,Male,2500,2722,25,South,0.565424,POSITIVE
61,Self-emp-inc,7th-8th,13,Married-spouse-absent,Machine-op-inspct,Not-in-family,Amer-Indian-Eskimo,Female,2500,2504,25,South,0.487489,NEGATIVE
61,Self-emp-inc,7th-8th,13,Married-spouse-absent,Machine-op-inspct,Not-in-family,Amer-Indian-Eskimo,Male,2500,2504,25,South,0.629149,POSITIVE
73,State-gov,10th,11,Married-spouse-absent,Transport-moving,Other-relative,Other,Female,2500,2940,80,Italy,0.451127,NEGATIVE
73,State-gov,10th,11,Married-spouse-absent,Transport-moving,Other-relative,Other,Male,2500,2940,80,Italy,0.561277,POSITIVE
60,Local-gov,HS-grad,9,Widowed,Sales,Own-child,Asian-Pac-Islander,Female,2500,2504,10,Canada,0.479224,NEGATIVE
60,Local-gov,HS-grad,9,Widowed,Sales,Own-child,Asian-Pac-Islander,Male,2500,2504,10,Canada,0.621394,POSITIVE
84,State-gov,12th,13,Married-AF-spouse,Adm-clerical,Not-in-family,Amer-Indian-Eskimo,Female,7500,1415,30,Dominican-Republic,0.488938,NEGATIVE
84,State-gov,12th,13,Married-AF-spouse,Adm-clerical,Not-in-family,Amer-Indian-Eskimo,Male,7500,1415,30,Dominican-Republic,0.630501,POSITIVE
85,State-gov,Prof-school,9,Married-AF-spouse,Exec-managerial,Own-child,Asian-Pac-Islander,Female,7500,1415,65,Cuba,0.459816,NEGATIVE
85,State-gov,Prof-school,9,Married-AF-spouse,Exec-managerial,Own-child,Asian-Pac-Islander,Male,7500,1415,65,Cuba,0.602817,POSITIVE
93,State-gov,Masters,11,Married-AF-spouse,Farming-fishing,Not-in-family,Other,Female,7500,1851,35,Haiti,0.454610,NEGATIVE
93,State-gov,Masters,11,Married-AF-spouse,Farming-fishing,Not-in-family,Other,Male,7500,1851,35,Haiti,0.578080,POSITIVE
79,Private,Bachelors,9,Married-AF-spouse,Tech-support,Wife,Other,Female,7500,1197,51,United-States,0.457138,NEGATIVE
79,Private,Bachelors,9,Married-AF-spouse,Tech-support,Wife,Other,Male,7500,1197,51,United-States,0.590154,POSITIVE
79,Private,Bachelors,9,Married-AF-spouse,Tech-support,Wife,White,Female,7500,1197,1,United-States,0.444632,NEGATIVE
79,Private,Bachelors,9,Married-AF-spouse,Tech-support,Wife,White,Male,7500,1197,1,United-States,0.529524,POSITIVE
92,State-gov,Prof-school,13,Married-AF-spouse,Exec-managerial,Own-child,Asian-Pac-Islander,Female,7500,326,65,Cuba,0.468661,NEGATIVE
92,State-gov,Prof-school,13,Married-AF-spouse,Exec-managerial,Own-child,Asian-Pac-Islander,Male,7500,326,65,Cuba,0.611376,POSITIVE
84,State-gov,12th,14,Married-AF-spouse,Adm-clerical,Not-in-family,Amer-Indian-Eskimo,Female,7500,544,80,Dominican-Republic,0.491352,NEGATIVE
84,State-gov,12th,14,Married-AF-spouse,Adm-clerical,Not-in-family,Amer-Indian-Eskimo,Male,7500,544,80,Dominican-Republic,0.632749,POSITIVE
95,State-gov,12th,14,Married-AF-spouse,Adm-clerical,Not-in-family,Amer-Indian-Eskimo,Female,7500,544,30,Dominican-Republic,0.458977,NEGATIVE
95,State-gov,12th,14,Married-AF-spouse,Adm-clerical,Not-in-family,Amer-Indian-Eskimo,Male,7500,544,30,Dominican-Republic,0.598864,POSITIVE
84,State-gov,7th-8th,15,Married-AF-spouse,Machine-op-inspct,Not-in-family,Amer-Indian-Eskimo,Female,7500,980,25,Mexico,0.460303,NEGATIVE
84,State-gov,7th-8th,15,Married-AF-spouse,Machine-op-inspct,Not-in-family,Amer-Indian-Eskimo,Male,7500,980,25,Mexico,0.603364,POSITIVE
90,Self-emp-inc,Bachelors,13,Married-AF-spouse,Tech-support,Wife,Other,Female,7500,108,51,United-States,0.460308,NEGATIVE
90,Self-emp-inc,Bachelors,13,Married-AF-spouse,Tech-support,Wife,Other,Male,7500,108,51,United-States,0.603369,POSITIVE
79,Self-emp-inc,Bachelors,15,Married-AF-spouse,Tech-support,Wife,Other,Female,7500,108,51,United-States,0.478093,NEGATIVE
79,Self-emp-inc,Bachelors,15,Married-AF-spouse,Tech-support,Wife,Other,Male,7500,108,51,United-States,0.620328,POSITIVE
81,Self-emp-not-inc,Prof-school,13,Married-AF-spouse,Exec-managerial,Own-child,Other,Female,7500,326,65,Cuba,0.442334,NEGATIVE
81,Self-emp-not-inc,Prof-school,13,Married-AF-spouse,Exec-managerial,Own-child,Other,Male,7500,326,65,Cuba,0.518197,POSITIVE
79,Self-emp-inc,Bachelors,13,Married-AF-spouse,Tech-support,Wife,White,Female,7500,108,51,United-States,0.454689,NEGATIVE
79,Self-emp-inc,Bachelors,13,Married-AF-spouse,Tech-support,Wife,White,Male,7500,108,51,United-States,0.578459,POSITIVE
81,Private,Some-college,13,Married-AF-spouse,Craft-repair,Wife,White,Female,7500,108,5,Canada,0.470599,NEGATIVE
81,Private,Some-college,13,Married-AF-spouse,Craft-repair,Wife,White,Male,7500,108,5,Canada,0.613224,POSITIVE
95,State-gov,7th-8th,11,Married-AF-spouse,Machine-op-inspct,Not-in-family,Amer-Indian-Eskimo,Female,7500,980,75,Mexico,0.460418,NEGATIVE
95,State-gov,7th-8th,11,Married-AF-spouse,Machine-op-inspct,Not-in-family,Amer-Indian-Eskimo,Male,7500,980,75,Mexico,0.603474,POSITIVE
79,Local-gov,Bachelors,11,Married-AF-spouse,Tech-support,Wife,White,Female,7500,762,76,United-States,0.441424,NEGATIVE
79,Local-gov,Bachelors,11,Married-AF-spouse,Tech-support,Wife,White,Male,7500,762,76,United-States,0.513701,POSITIVE
90,Private,Some-college,9,Married-AF-spouse,Craft-repair,Wife,White,Female,7500,108,55,Canada,0.441017,NEGATIVE
90,Private,Some-college,9,Married-AF-spouse,Craft-repair,Wife,White,Male,7500,108,55,Canada,0.511690,POSITIVE
81,Self-emp-not-inc,Prof-school,9,Married-AF-spouse,Exec-managerial,Own-child,Asian-Pac-Islander,Female,7500,762,65,Cuba,0.498337,NEGATIVE
81,Self-emp-not-inc,Prof-school,9,Married-AF-spouse,Exec-managerial,Own-child,Asian-Pac-Islander,Male,7500,762,65,Cuba,0.639218,POSITIVE
80,Private,HS-grad,11,Married-AF-spouse,Sales,Own-child,White,Female,7500,108,60,Japan,0.452015,NEGATIVE
80,Private,HS-grad,11,Married-AF-spouse,Sales,Own-child,White,Male,7500,108,60,Japan,0.565578,POSITIVE
91,Self-emp-not-inc,HS-grad,9,Married-AF-spouse,Sales,Own-child,Asian-Pac-Islander,Female,7500,762,10,Japan,0.483459,NEGATIVE
91,Self-emp-not-inc,HS-grad,9,Married-AF-spouse,Sales,Own-child,Asian-Pac-Islander,Male,7500,762,10,Japan,0.625377,POSITIVE
91,Private,HS-grad,11,Married-AF-spouse,Sales,Own-child,White,Female,7500,108,10,Japan,0.444748,NEGATIVE
91,Private,HS-grad,11,Married-AF-spouse,Sales,Own-child,White,Male,7500,108,10,Japan,0.530097,POSITIVE
79,Private,Some-college,11,Married-AF-spouse,Craft-repair,Wife,White,Female,7500,762,5,Canada,0.451104,NEGATIVE
79,Private,Some-college,11,Married-AF-spouse,Craft-repair,Wife,White,Male,7500,762,5,Canada,0.561163,POSITIVE
62,State-gov,Prof-school,13,Married-AF-spouse,Exec-managerial,Own-child,Asian-Pac-Islander,Female,7500,1415,65,Cuba,0.453661,NEGATIVE
62,State-gov,Prof-school,13,Married-AF-spouse,Exec-managerial,Own-child,Asian-Pac-Islander,Male,7500,1415,65,Cuba,0.573521,POSITIVE
71,State-gov,Masters,15,Married-AF-spouse,Farming-fishing,Not-in-family,Other,Female,7500,1851,35,Haiti,0.456123,NEGATIVE
71,State-gov,Masters,15,Married-AF-spouse,Farming-fishing,Not-in-family,Other,Male,7500,1851,35,Haiti,0.585322,POSITIVE
56,Private,Bachelors,13,Married-AF-spouse,Tech-support,Wife,Other,Female,7500,1197,51,United-States,0.445255,NEGATIVE
56,Private,Bachelors,13,Married-AF-spouse,Tech-support,Wife,Other,Male,7500,1197,51,United-States,0.532590,POSITIVE
68,Private,Bachelors,13,Married-AF-spouse,Tech-support,Wife,Other,Female,7500,1197,1,United-States,0.457114,NEGATIVE
68,Private,Bachelors,13,Married-AF-spouse,Tech-support,Wife,Other,Male,7500,1197,1,United-States,0.590042,POSITIVE
57,Private,Some-college,13,Married-AF-spouse,Craft-repair,Wife,White,Female,7500,1197,5,Canada,0.457704,NEGATIVE
57,Private,Some-college,13,Married-AF-spouse,Craft-repair,Wife,White,Male,7500,1197,5,Canada,0.592840,POSITIVE
74,State-gov,Masters,11,Married-AF-spouse,Farming-fishing,Not-in-family,Other,Female,7500,2069,85,Haiti,0.463940,NEGATIVE
74,State-gov,Masters,11,Married-AF-spouse,Farming-fishing,Not-in-family,Other,Male,7500,2069,85,Haiti,0.606860,POSITIVE
68,Local-gov,Some-college,9,Married-AF-spouse,Craft-repair,Wife,White,Female,7500,1851,78,Canada,0.457914,NEGATIVE
68,Local-gov,Some-college,9,Married-AF-spouse,Craft-repair,Wife,White,Male,7500,1851,78,Canada,0.593838,POSITIVE
56,Local-gov,Bachelors,11,Married-AF-spouse,Tech-support,Wife,White,Female,7500,1851,76,United-States,0.456219,NEGATIVE
56,Local-gov,Bachelors,11,Married-AF-spouse,Tech-support,Wife,White,Male,7500,1851,76,United-States,0.585779,POSITIVE
68,Local-gov,Some-college,11,Married-AF-spouse,Craft-repair,Wife,White,Female,7500,1851,28,Canada,0.454258,NEGATIVE
68,Local-gov,Some-college,11,Married-AF-spouse,Craft-repair,Wife,White,Male,7500,1851,28,Canada,0.576391,POSITIVE
67,Self-emp-inc,7th-8th,10,Married-AF-spouse,Machine-op-inspct,Not-in-family,Amer-Indian-Eskimo,Female,7500,1633,75,Mexico,0.452302,NEGATIVE
67,Self-emp-inc,7th-8th,10,Married-AF-spouse,Machine-op-inspct,Not-in-family,Amer-Indian-Eskimo,Male,7500,1633,75,Mexico,0.566964,POSITIVE
76,Federal-gov,Doctorate,11,Married-AF-spouse,Protective-serv,Other-relative,Black,Female,7500,2069,45,El-Salvador,0.441542,NEGATIVE
76,Federal-gov,Doctorate,11,Married-AF-spouse,Protective-serv,Other-relative,Black,Male,7500,2069,45,El-Salvador,0.514285,POSITIVE
57,Private,Some-college,11,Married-AF-spouse,Craft-repair,Wife,White,Female,7500,1851,5,Canada,0.499168,NEGATIVE
57,Private,Some-college,11,Married-AF-spouse,Craft-repair,Wife,White,Male,7500,1851,5,Canada,0.639984,POSITIVE
73,State-gov,7th-8th,15,Married-AF-spouse,Machine-op-inspct,Not-in-family,Amer-Indian-Eskimo,Female,7500,980,75,Mexico,0.496042,NEGATIVE
73,State-gov,7th-8th,15,Married-AF-spouse,Machine-op-inspct,Not-in-family,Amer-Indian-Eskimo,Male,7500,980,75,Mexico,0.637098,POSITIVE
68,Local-gov,Bachelors,13,Married-AF-spouse,Tech-support,Wife,White,Female,7500,762,76,United-States,0.445037,NEGATIVE
68,Local-gov,Bachelors,13,Married-AF-spouse,Tech-support,Wife,White,Male,7500,762,76,United-States,0.531517,POSITIVE
68,Local-gov,Bachelors,15,Married-AF-spouse,Tech-support,Wife,White,Female,7500,762,26,United-States,0.441400,NEGATIVE
68,Local-gov,Bachelors,15,Married-AF-spouse,Tech-support,Wife,White,Male,7500,762,26,United-States,0.513587,POSITIVE
68,Private,Some-college,13,Married-AF-spouse,Craft-repair,Wife,White,Female,7500,108,55,Canada,0.448248,NEGATIVE
68,Private,Some-college,13,Married-AF-spouse,Craft-repair,Wife,White,Male,7500,108,55,Canada,0.547259,POSITIVE
57,Private,Some-college,13,Married-AF-spouse,Craft-repair,Wife,White,Female,7500,762,55,Canada,0.491123,NEGATIVE
57,Private,Some-college,13,Married-AF-spouse,Craft-repair,Wife,White,Male,7500,762,55,Canada,0.632536,POSITIVE
58,Private,HS-grad,15,Married-AF-spouse,Sales,Own-child,White,Female,7500,108,60,Japan,0.443970,NEGATIVE
58,Private,HS-grad,15,Married-AF-spouse,Sales,Own-child,White,Male,7500,108,60,Japan,0.526265,POSITIVE
70,Self-emp-not-inc,Prof-school,13,Married-AF-spouse,Exec-managerial,Own-child,Asian-Pac-Islander,Female,7500,762,15,Cuba,0.498223,NEGATIVE
70,Self-emp-not-inc,Prof-school,13,Married-AF-spouse,Exec-managerial,Own-child,Asian-Pac-Islander,Male,7500,762,15,Cuba,0.639112,POSITIVE
69,Private,HS-grad,15,Married-AF-spouse,Sales,Own-child,White,Female,7500,108,10,Japan,0.451992,NEGATIVE
69,Private,HS-grad,15,Married-AF-spouse,Sales,Own-child,White,Male,7500,108,10,Japan,0.565464,POSITIVE
56,Private,Bachelors,15,Married-AF-spouse,Tech-support,Wife,White,Female,7500,762,1,United-States,0.484675,NEGATIVE
56,Private,Bachelors,15,Married-AF-spouse,Tech-support,Wife,White,Male,7500,762,1,United-States,0.626517,POSITIVE
68,Private,Some-college,11,Married-AF-spouse,Craft-repair,Wife,White,Female,7500,762,55,Canada,0.458389,NEGATIVE
68,Private,Some-college,11,Married-AF-spouse,Craft-repair,Wife,White,Male,7500,762,55,Canada,0.596085,POSITIVE
97,Federal-gov,Doctorate,15,Married-AF-spouse,Protective-serv,Other-relative,Black,Female,2500,2069,90,Peru,0.482743,NEGATIVE
97,Federal-gov,Doctorate,15,Married-AF-spouse,Protective-serv,Other-relative,Black,Male,2500,2069,90,Peru,0.624705,POSITIVE
93,State-gov,Assoc-voc,15,Married-AF-spouse,Prof-specialty,Husband,Asian-Pac-Islander,Female,2500,1851,70,Japan,0.439545,NEGATIVE
93,State-gov,Assoc-voc,15,Married-AF-spouse,Prof-specialty,Husband,Asian-Pac-Islander,Male,2500,1851,70,Japan,0.504412,POSITIVE
95,Self-emp-inc,10th,15,Married-AF-spouse,Transport-moving,Other-relative,Other,Female,2500,1851,80,Italy,0.445668,NEGATIVE
95,Self-emp-inc,10th,15,Married-AF-spouse,Transport-moving,Other-relative,Other,Male,2500,1851,80,Italy,0.534617,POSITIVE
62,State-gov,Prof-school,13,Married-spouse-absent,Exec-managerial,Own-child,Asian-Pac-Islander,Female,7500,326,30,Cuba,0.495496,NEGATIVE
62,State-gov,Prof-school,13,Married-spouse-absent,Exec-managerial,Own-child,Asian-Pac-Islander,Male,7500,326,30,Cuba,0.636593,POSITIVE
65,Federal-gov,Doctorate,13,Married-spouse-absent,Protective-serv,Other-relative,Black,Female,7500,544,45,El-Salvador,0.493762,NEGATIVE
65,Federal-gov,Doctorate,13,Married-spouse-absent,Protective-serv,Other-relative,Black,Male,7500,544,45,El-Salvador,0.634986,POSITIVE
59,State-gov,Prof-school,9,Married-spouse-absent,Exec-managerial,Own-child,Asian-Pac-Islander,Female,7500,1415,65,Cuba,0.481509,NEGATIVE
59,State-gov,Prof-school,9,Married-spouse-absent,Exec-managerial,Own-child,Asian-Pac-Islander,Male,7500,1415,65,Cuba,0.623546,POSITIVE
71,State-gov,Assoc-voc,9,Married-spouse-absent,Prof-specialty,Husband,Amer-Indian-Eskimo,Female,7500,1415,20,Italy,0.474649,NEGATIVE
71,State-gov,Assoc-voc,9,Married-spouse-absent,Prof-specialty,Husband,Amer-Indian-Eskimo,Male,7500,1415,20,Italy,0.617071,POSITIVE
62,State-gov,12th,10,Married-spouse-absent,Adm-clerical,Not-in-family,Amer-Indian-Eskimo,Female,7500,1633,30,Dominican-Republic,0.496676,NEGATIVE
62,State-gov,12th,10,Married-spouse-absent,Adm-clerical,Not-in-family,Amer-Indian-Eskimo,Male,7500,1633,30,Dominican-Republic,0.637684,POSITIVE
60,Self-emp-not-inc,Assoc-voc,9,Married-spouse-absent,Prof-specialty,Husband,Other,Female,7500,1415,20,Italy,0.443544,NEGATIVE
60,Self-emp-not-inc,Assoc-voc,9,Married-spouse-absent,Prof-specialty,Husband,Other,Male,7500,1415,20,Italy,0.524166,POSITIVE
79,Local-gov,Bachelors,9,Married-spouse-absent,Tech-support,Wife,White,Female,7500,108,51,United-States,0.491316,NEGATIVE
79,Local-gov,Bachelors,9,Married-spouse-absent,Tech-support,Wife,White,Male,7500,108,51,United-States,0.632716,POSITIVE
87,State-gov,Assoc-voc,10,Married-spouse-absent,Prof-specialty,Husband,Amer-Indian-Eskimo,Female,7500,544,20,Italy,0.465788,NEGATIVE
87,State-gov,Assoc-voc,10,Married-spouse-absent,Prof-specialty,Husband,Amer-Indian-Eskimo,Male,7500,544,20,Italy,0.608631,POSITIVE
87,Federal-gov,Doctorate,9,Married-spouse-absent,Protective-serv,Other-relative,Black,Female,7500,544,45,El-Salvador,0.467521,NEGATIVE
87,Federal-gov,Doctorate,9,Married-spouse-absent,Protective-serv,Other-relative,Black,Male,7500,544,45,El-Salvador,0.610289,POSITIVE
73,Without-pay,10th,11,Married-spouse-absent,Transport-moving,Other-relative,Other,Female,7500,762,90,Nicaragua,0.492956,NEGATIVE
73,Without-pay,10th,11,Married-spouse-absent,Transport-moving,Other-relative,Other,Male,7500,762,90,Nicaragua,0.634239,POSITIVE
71,State-gov,Assoc-voc,11,Married-spouse-absent,Prof-specialty,Husband,Amer-Indian-Eskimo,Female,7500,762,20,Italy,0.458606,NEGATIVE
71,State-gov,Assoc-voc,11,Married-spouse-absent,Prof-specialty,Husband,Amer-Indian-Eskimo,Male,7500,762,20,Italy,0.597112,POSITIVE
64,Self-emp-not-inc,Assoc-voc,10,Married-spouse-absent,Prof-specialty,Husband,Amer-Indian-Eskimo,Female,7500,544,40,Italy,0.441516,NEGATIVE
64,Self-emp-not-inc,Assoc-voc,10,Married-spouse-absent,Prof-specialty,Husband,Amer-Indian-Eskimo,Male,7500,544,40,Italy,0.514156,POSITIVE
58,Local-gov,Some-college,9,Widowed,Craft-repair,Wife,White,Female,7500,108,10,France,0.456860,NEGATIVE
58,Local-gov,Some-college,9,Widowed,Craft-repair,Wife,White,Male,7500,108,10,France,0.588831,POSITIVE
57,Local-gov,Some-college,9,Widowed,Craft-repair,Wife,White,Female,7500,108,5,England,0.450147,NEGATIVE
57,Local-gov,Some-college,9,Widowed,Craft-repair,Wife,White,Male,7500,108,5,England,0.556514,POSITIVE
79,Private,Bachelors,13,Married-spouse-absent,Tech-support,Wife,White,Female,2500,1197,1,Portugal,0.443354,NEGATIVE
79,Private,Bachelors,13,Married-spouse-absent,Tech-support,Wife,White,Male,2500,1197,1,Portugal,0.523231,POSITIVE
75,Without-pay,10th,15,Married-spouse-absent,Transport-moving,Other-relative,Other,Female,2500,2069,90,El-Salvador,0.443615,NEGATIVE
75,Without-pay,10th,15,Married-spouse-absent,Transport-moving,Other-relative,Other,Male,2500,2069,90,El-Salvador,0.524517,POSITIVE
69,Self-emp-inc,12th,14,Married-spouse-absent,Adm-clerical,Not-in-family,Amer-Indian-Eskimo,Female,2500,1633,60,Nicaragua,0.442680,NEGATIVE
69,Self-emp-inc,12th,14,Married-spouse-absent,Adm-clerical,Not-in-family,Amer-Indian-Eskimo,Male,2500,1633,60,Nicaragua,0.519905,POSITIVE
56,Local-gov,Bachelors,13,Widowed,Tech-support,Wife,White,Female,2500,1197,51,Guatemala,0.453777,NEGATIVE
56,Local-gov,Bachelors,13,Widowed,Tech-support,Wife,White,Male,2500,1197,51,Guatemala,0.574077,POSITIVE
62,State-gov,Prof-school,13,Widowed,Exec-managerial,Own-child,Asian-Pac-Islander,Female,2500,1415,15,Taiwan,0.443552,NEGATIVE
62,State-gov,Prof-school,13,Widowed,Exec-managerial,Own-child,Asian-Pac-Islander,Male,2500,1415,15,Taiwan,0.524204,POSITIVE
96,State-gov,Masters,15,Married-spouse-absent,Farming-fishing,Not-in-family,Other,Female,2500,980,85,Thailand,0.478533,NEGATIVE
96,State-gov,Masters,15,Married-spouse-absent,Farming-fishing,Not-in-family,Other,Male,2500,980,85,Thailand,0.620743,POSITIVE
89,Self-emp-inc,7th-8th,14,Married-spouse-absent,Machine-op-inspct,Not-in-family,Amer-Indian-Eskimo,Female,2500,544,75,Guatemala,0.453929,NEGATIVE
89,Self-emp-inc,7th-8th,14,Married-spouse-absent,Machine-op-inspct,Not-in-family,Amer-Indian-Eskimo,Male,2500,544,75,Guatemala,0.574811,POSITIVE
97,Federal-gov,Doctorate,15,Married-spouse-absent,Protective-serv,Other-relative,Black,Female,2500,980,45,Hong,0.453175,NEGATIVE
97,Federal-gov,Doctorate,15,Married-spouse-absent,Protective-serv,Other-relative,Black,Male,2500,980,45,Hong,0.571180,POSITIVE
97,Federal-gov,Doctorate,15,Married-spouse-absent,Protective-serv,Other-relative,Black,Female,2500,980,45,Columbia,0.457759,NEGATIVE
97,Federal-gov,Doctorate,15,Married-spouse-absent,Protective-serv,Other-relative,Black,Male,2500,980,45,Columbia,0.593102,POSITIVE
79,Local-gov,Bachelors,13,Widowed,Tech-support,Wife,White,Female,2500,108,51,Portugal,0.485009,NEGATIVE
79,Local-gov,Bachelors,13,Widowed,Tech-support,Wife,White,Male,2500,108,51,Portugal,0.626830,POSITIVE
87,State-gov,Assoc-voc,14,Widowed,Prof-specialty,Husband,Amer-Indian-Eskimo,Female,2500,544,20,Yugoslavia,0.490136,NEGATIVE
87,State-gov,Assoc-voc,14,Widowed,Prof-specialty,Husband,Amer-Indian-Eskimo,Male,2500,544,20,Yugoslavia,0.631617,POSITIVE
90,Local-gov,Bachelors,13,Widowed,Tech-support,Wife,White,Female,2500,108,1,Portugal,0.457685,NEGATIVE
90,Local-gov,Bachelors,13,Widowed,Tech-support,Wife,White,Male,2500,108,1,Portugal,0.592750,POSITIVE
84,State-gov,7th-8th,14,Widowed,Machine-op-inspct,Not-in-family,Amer-Indian-Eskimo,Female,2500,544,25,Ecuador,0.447939,NEGATIVE
84,State-gov,7th-8th,14,Widowed,Machine-op-inspct,Not-in-family,Amer-Indian-Eskimo,Male,2500,544,25,Ecuador,0.545746,POSITIVE
68,Private,Some-college,15,Married-spouse-absent,Craft-repair,Wife,White,Female,2500,762,55,France,0.473225,NEGATIVE
68,Private,Some-college,15,Married-spouse-absent,Craft-repair,Wife,White,Male,2500,762,55,France,0.615720,POSITIVE
69,Local-gov,12th,14,Widowed,Adm-clerical,Not-in-family,Amer-Indian-Eskimo,Female,2500,544,60,Nicaragua,0.445624,NEGATIVE
69,Local-gov,12th,14,Widowed,Adm-clerical,Not-in-family,Amer-Indian-Eskimo,Male,2500,544,60,Nicaragua,0.534401,POSITIVE
98,Without-pay,Doctorate,11,Married-spouse-absent,Protective-serv,Other-relative,Black,Female,2500,2069,95,Columbia,0.442716,NEGATIVE
98,Without-pay,Doctorate,11,Married-spouse-absent,Protective-serv,Other-relative,Black,Male,2500,2069,95,Columbia,0.520082,POSITIVE
91,Self-emp-inc,12th,10,Married-spouse-absent,Adm-clerical,Not-in-family,Amer-Indian-Eskimo,Female,2500,1633,60,Nicaragua,0.443081,NEGATIVE
91,Self-emp-inc,12th,10,Married-spouse-absent,Adm-clerical,Not-in-family,Amer-Indian-Eskimo,Male,2500,1633,60,Nicaragua,0.521882,POSITIVE
79,Local-gov,Bachelors,9,Widowed,Tech-support,Wife,White,Female,2500,1197,51,Guatemala,0.488488,NEGATIVE
79,Local-gov,Bachelors,9,Widowed,Tech-support,Wife,White,Male,2500,1197,51,Guatemala,0.630081,POSITIVE
85,State-gov,Prof-school,9,Widowed,Exec-managerial,Own-child,Asian-Pac-Islander,Female,2500,1415,15,Taiwan,0.449683,NEGATIVE
85,State-gov,Prof-school,9,Widowed,Exec-managerial,Own-child,Asian-Pac-Islander,Male,2500,1415,15,Taiwan,0.554256,POSITIVE
71,State-gov,Masters,11,Widowed,Farming-fishing,Not-in-family,Other,Female,2500,1851,85,Trinadad&Tobago,0.496715,NEGATIVE
71,State-gov,Masters,11,Widowed,Farming-fishing,Not-in-family,Other,Male,2500,1851,85,Trinadad&Tobago,0.637720,POSITIVE
71,State-gov,Assoc-voc,10,Widowed,Prof-specialty,Husband,Amer-Indian-Eskimo,Female,2500,1633,70,Laos,0.441776,NEGATIVE
71,State-gov,Assoc-voc,10,Widowed,Prof-specialty,Husband,Amer-Indian-Eskimo,Male,2500,1633,70,Laos,0.515441,POSITIVE
64,Without-pay,10th,11,Widowed,Transport-moving,Other-relative,Other,Female,2500,2069,90,Haiti,0.442646,NEGATIVE
64,Without-pay,10th,11,Widowed,Transport-moving,Other-relative,Other,Male,2500,2069,90,Haiti,0.519737,POSITIVE
76,Without-pay,Doctorate,11,Widowed,Protective-serv,Other-relative,Black,Female,2500,2069,45,Columbia,0.446157,NEGATIVE
76,Without-pay,Doctorate,11,Widowed,Protective-serv,Other-relative,Black,Male,2500,2069,45,Columbia,0.537021,POSITIVE
58,Private,Some-college,9,Widowed,Craft-repair,Wife,White,Female,2500,1197,55,France,0.485282,NEGATIVE
58,Private,Some-college,9,Widowed,Craft-repair,Wife,White,Male,2500,1197,55,France,0.627085,POSITIVE
67,Self-emp-inc,7th-8th,10,Widowed,Machine-op-inspct,Not-in-family,Amer-Indian-Eskimo,Female,2500,1633,25,Guatemala,0.453096,NEGATIVE
67,Self-emp-inc,7th-8th,10,Widowed,Machine-op-inspct,Not-in-family,Amer-Indian-Eskimo,Male,2500,1633,25,Guatemala,0.570800,POSITIVE
91,Local-gov,12th,10,Widowed,Adm-clerical,Not-in-family,Amer-Indian-Eskimo,Female,2500,544,60,Nicaragua,0.446025,NEGATIVE
91,Local-gov,12th,10,Widowed,Adm-clerical,Not-in-family,Amer-Indian-Eskimo,Male,2500,544,60,Nicaragua,0.536372,POSITIVE
75,Federal-gov,Doctorate,11,Widowed,Protective-serv,Other-relative,Black,Female,2500,980,95,Hong,0.440624,NEGATIVE
75,Federal-gov,Doctorate,11,Widowed,Protective-serv,Other-relative,Black,Male,2500,980,95,Hong,0.509750,POSITIVE
75,Federal-gov,Doctorate,11,Widowed,Protective-serv,Other-relative,Black,Female,2500,980,95,Columbia,0.445184,NEGATIVE
75,Federal-gov,Doctorate,11,Widowed,Protective-serv,Other-relative,Black,Male,2500,980,95,Columbia,0.532240,POSITIVE
87,State-gov,Assoc-voc,14,Married-spouse-absent,Prof-specialty,Husband,Amer-Indian-Eskimo,Female,2500,1633,40,Japan,0.456375,NEGATIVE
87,State-gov,Assoc-voc,14,Married-spouse-absent,Prof-specialty,Husband,Amer-Indian-Eskimo,Male,2500,1633,40,Japan,0.586522,POSITIVE
81,Self-emp-not-inc,Prof-school,13,Married-spouse-absent,Exec-managerial,Own-child,Asian-Pac-Islander,Female,2500,1415,15,Outlying-US(Guam-USVI-etc),0.479404,NEGATIVE
81,Self-emp-not-inc,Prof-school,13,Married-spouse-absent,Exec-managerial,Own-child,Asian-Pac-Islander,Male,2500,1415,15,Outlying-US(Guam-USVI-etc),0.621564,POSITIVE
97,State-gov,Doctorate,11,Married-spouse-absent,Protective-serv,Other-relative,Black,Female,2500,2069,90,Jamaica,0.484865,NEGATIVE
97,State-gov,Doctorate,11,Married-spouse-absent,Protective-serv,Other-relative,Black,Male,2500,2069,90,Jamaica,0.626695,POSITIVE
83,Local-gov,HS-grad,9,Widowed,Sales,Own-child,Asian-Pac-Islander,Female,2500,1415,10,Canada,0.445145,NEGATIVE
83,Local-gov,HS-grad,9,Widowed,Sales,Own-child,Asian-Pac-Islander,Male,2500,1415,10,Canada,0.532048,POSITIVE
98,Without-pay,Doctorate,15,Married-spouse-absent,Protective-serv,Other-relative,Black,Female,2500,980,95,Jamaica,0.444861,NEGATIVE
98,Without-pay,Doctorate,15,Married-spouse-absent,Protective-serv,Other-relative,Black,Male,2500,980,95,Jamaica,0.530649,POSITIVE
87,Self-emp-not-inc,Assoc-voc,14,Married-spouse-absent,Prof-specialty,Husband,Amer-Indian-Eskimo,Female,2500,544,70,Japan,0.457922,NEGATIVE
87,Self-emp-not-inc,Assoc-voc,14,Married-spouse-absent,Prof-specialty,Husband,Amer-Indian-Eskimo,Male,2500,544,70,Japan,0.593876,POSITIVE
96,Self-emp-inc,Masters,15,Married-spouse-absent,Farming-fishing,Not-in-family,Other,Female,2500,762,35,Honduras,0.451165,NEGATIVE
96,Self-emp-inc,Masters,15,Married-spouse-absent,Farming-fishing,Not-in-family,Other,Male,2500,762,35,Honduras,0.561459,POSITIVE
82,Self-emp-not-inc,Assoc-voc,15,Married-spouse-absent,Prof-specialty,Husband,Amer-Indian-Eskimo,Female,2500,762,20,Japan,0.448198,NEGATIVE
82,Self-emp-not-inc,Assoc-voc,15,Married-spouse-absent,Prof-specialty,Husband,Amer-Indian-Eskimo,Male,2500,762,20,Japan,0.547013,POSITIVE
83,Local-gov,HS-grad,13,Widowed,Sales,Own-child,Asian-Pac-Islander,Female,2500,326,20,Canada,0.470479,NEGATIVE
83,Local-gov,HS-grad,13,Widowed,Sales,Own-child,Asian-Pac-Islander,Male,2500,326,20,Canada,0.613109,POSITIVE
93,Self-emp-not-inc,Assoc-voc,11,Married-spouse-absent,Prof-specialty,Husband,Amer-Indian-Eskimo,Female,2500,762,70,Japan,0.448221,NEGATIVE
93,Self-emp-not-inc,Assoc-voc,11,Married-spouse-absent,Prof-specialty,Husband,Amer-Indian-Eskimo,Male,2500,762,70,Japan,0.547126,POSITIVE
89,Federal-gov,7th-8th,10,Widowed,Machine-op-inspct,Not-in-family,Amer-Indian-Eskimo,Female,2500,544,50,South,0.455123,NEGATIVE
89,Federal-gov,7th-8th,10,Widowed,Machine-op-inspct,Not-in-family,Amer-Indian-Eskimo,Male,2500,544,50,South,0.580539,POSITIVE
75,Without-pay,Doctorate,15,Married-spouse-absent,Protective-serv,Other-relative,Black,Female,2500,2069,95,Jamaica,0.455840,NEGATIVE
75,Without-pay,Doctorate,15,Married-spouse-absent,Protective-serv,Other-relative,Black,Male,2500,2069,95,Jamaica,0.583971,POSITIVE
71,Self-emp-not-inc,Assoc-voc,13,Married-spouse-absent,Prof-specialty,Husband,Amer-Indian-Eskimo,Female,2500,1415,70,Japan,0.459733,NEGATIVE
71,Self-emp-not-inc,Assoc-voc,13,Married-spouse-absent,Prof-specialty,Husband,Amer-Indian-Eskimo,Male,2500,1415,70,Japan,0.602427,POSITIVE
62,Self-emp-inc,12th,14,Married-spouse-absent,Adm-clerical,Not-in-family,Amer-Indian-Eskimo,Female,2500,1633,80,Cuba,0.456497,NEGATIVE
62,Self-emp-inc,12th,14,Married-spouse-absent,Adm-clerical,Not-in-family,Amer-Indian-Eskimo,Male,2500,1633,80,Cuba,0.587106,POSITIVE
73,Self-emp-inc,10th,15,Married-spouse-absent,Transport-moving,Other-relative,Other,Female,2500,1851,40,Italy,0.497194,NEGATIVE
73,Self-emp-inc,10th,15,Married-spouse-absent,Transport-moving,Other-relative,Other,Male,2500,1851,40,Italy,0.638162,POSITIVE
62,State-gov,12th,14,Widowed,Adm-clerical,Not-in-family,Amer-Indian-Eskimo,Female,2500,1415,30,Cuba,0.442635,NEGATIVE
62,State-gov,12th,14,Widowed,Adm-clerical,Not-in-family,Amer-Indian-Eskimo,Male,2500,1415,30,Cuba,0.519683,POSITIVE
73,Self-emp-inc,7th-8th,11,Married-spouse-absent,Machine-op-inspct,Not-in-family,Amer-Indian-Eskimo,Female,2500,2069,75,South,0.469030,NEGATIVE
73,Self-emp-inc,7th-8th,11,Married-spouse-absent,Machine-op-inspct,Not-in-family,Amer-Indian-Eskimo,Male,2500,2069,75,South,0.611728,POSITIVE
71,State-gov,Masters,11,Widowed,Farming-fishing,Not-in-family,Other,Female,2500,1851,70,Honduras,0.473217,NEGATIVE
71,State-gov,Masters,11,Widowed,Farming-fishing,Not-in-family,Other,Male,2500,1851,70,Honduras,0.615713,POSITIVE
57,Private,Some-college,9,Widowed,Craft-repair,Wife,White,Female,2500,1197,55,England,0.458676,NEGATIVE
57,Private,Some-college,9,Widowed,Craft-repair,Wife,White,Male,2500,1197,55,England,0.597442,POSITIVE
64,Self-emp-not-inc,Assoc-voc,10,Widowed,Prof-specialty,Husband,Amer-Indian-Eskimo,Female,2500,1633,20,Japan,0.455171,NEGATIVE
64,Self-emp-not-inc,Assoc-voc,10,Widowed,Prof-specialty,Husband,Amer-Indian-Eskimo,Male,2500,1633,20,Japan,0.580770,POSITIVE
71,Self-emp-not-inc,Assoc-voc,15,Married-spouse-absent,Prof-specialty,Husband,Amer-Indian-Eskimo,Female,2500,762,70,Japan,0.455474,NEGATIVE
71,Self-emp-not-inc,Assoc-voc,15,Married-spouse-absent,Prof-specialty,Husband,Amer-Indian-Eskimo,Male,2500,762,70,Japan,0.582222,POSITIVE
67,Federal-gov,7th-8th,14,Widowed,Machine-op-inspct,Not-in-family,Amer-Indian-Eskimo,Female,2500,544,50,South,0.452805,NEGATIVE
67,Federal-gov,7th-8th,14,Widowed,Machine-op-inspct,Not-in-family,Amer-Indian-Eskimo,Male,2500,544,50,South,0.569392,POSITIVE
75,Federal-gov,Doctorate,11,Widowed,Protective-serv,Other-relative,Black,Female,2500,980,90,Jamaica,0.452247,NEGATIVE
75,Federal-gov,Doctorate,11,Widowed,Protective-serv,Other-relative,Black,Male,2500,980,90,Jamaica,0.566698,POSITIVE
85,State-gov,Masters,5,Married-AF-spouse,Farming-fishing,Not-in-family,Black,Female,7500,3593,35,Haiti,0.450049,NEGATIVE
85,State-gov,Masters,5,Married-AF-spouse,Farming-fishing,Not-in-family,Black,Male,7500,3593,35,Haiti,0.556041,POSITIVE
83,Local-gov,HS-grad,1,Married-AF-spouse,Sales,Own-child,Asian-Pac-Islander,Female,7500,3593,60,Japan,0.460949,NEGATIVE
83,Local-gov,HS-grad,1,Married-AF-spouse,Sales,Own-child,Asian-Pac-Islander,Male,7500,3593,60,Japan,0.603986,POSITIVE
91,State-gov,12th,2,Married-AF-spouse,Adm-clerical,Not-in-family,Amer-Indian-Eskimo,Female,7500,3811,30,Dominican-Republic,0.454858,NEGATIVE
91,State-gov,12th,2,Married-AF-spouse,Adm-clerical,Not-in-family,Amer-Indian-Eskimo,Male,7500,3811,30,Dominican-Republic,0.579269,POSITIVE
84,Federal-gov,7th-8th,1,Married-AF-spouse,Machine-op-inspct,Not-in-family,Black,Female,7500,3593,75,Mexico,0.439848,NEGATIVE
84,Federal-gov,7th-8th,1,Married-AF-spouse,Machine-op-inspct,Not-in-family,Black,Male,7500,3593,75,Mexico,0.505909,POSITIVE
95,Federal-gov,12th,1,Married-AF-spouse,Adm-clerical,Not-in-family,Black,Female,7500,3593,30,Dominican-Republic,0.454607,NEGATIVE
95,Federal-gov,12th,1,Married-AF-spouse,Adm-clerical,Not-in-family,Black,Male,7500,3593,30,Dominican-Republic,0.578067,POSITIVE
84,Federal-gov,7th-8th,1,Married-AF-spouse,Machine-op-inspct,Not-in-family,Black,Female,7500,4247,25,Mexico,0.449518,NEGATIVE
84,Federal-gov,7th-8th,1,Married-AF-spouse,Machine-op-inspct,Not-in-family,Black,Male,7500,4247,25,Mexico,0.553457,POSITIVE
84,Federal-gov,12th,3,Married-AF-spouse,Adm-clerical,Not-in-family,Black,Female,7500,3593,30,Dominican-Republic,0.458240,NEGATIVE
84,Federal-gov,12th,3,Married-AF-spouse,Adm-clerical,Not-in-family,Black,Male,7500,3593,30,Dominican-Republic,0.595381,POSITIVE
80,Self-emp-not-inc,HS-grad,1,Married-AF-spouse,Sales,Own-child,Asian-Pac-Islander,Female,7500,3375,10,Japan,0.484663,NEGATIVE
80,Self-emp-not-inc,HS-grad,1,Married-AF-spouse,Sales,Own-child,Asian-Pac-Islander,Male,7500,3375,10,Japan,0.626506,POSITIVE
98,Without-pay,Doctorate,5,Married-AF-spouse,Protective-serv,Other-relative,Black,Female,7500,2722,95,El-Salvador,0.449399,NEGATIVE
98,Without-pay,Doctorate,5,Married-AF-spouse,Protective-serv,Other-relative,Black,Male,7500,2722,95,El-Salvador,0.552877,POSITIVE
82,State-gov,Assoc-voc,6,Married-AF-spouse,Prof-specialty,Husband,Amer-Indian-Eskimo,Female,7500,2722,70,Italy,0.455448,NEGATIVE
82,State-gov,Assoc-voc,6,Married-AF-spouse,Prof-specialty,Husband,Amer-Indian-Eskimo,Male,7500,2722,70,Italy,0.582095,POSITIVE
93,State-gov,Assoc-voc,6,Married-AF-spouse,Prof-specialty,Husband,Amer-Indian-Eskimo,Female,7500,2722,20,Italy,0.448171,NEGATIVE
93,State-gov,Assoc-voc,6,Married-AF-spouse,Prof-specialty,Husband,Amer-Indian-Eskimo,Male,7500,2722,20,Italy,0.546882,POSITIVE
86,Without-pay,10th,7,Married-AF-spouse,Transport-moving,Other-relative,Other,Female,7500,3158,40,Nicaragua,0.477709,NEGATIVE
86,Without-pay,10th,7,Married-AF-spouse,Transport-moving,Other-relative,Other,Male,7500,3158,40,Nicaragua,0.619965,POSITIVE
80,Local-gov,HS-grad,5,Married-AF-spouse,Sales,Own-child,White,Female,7500,2940,30,Japan,0.477904,NEGATIVE
80,Local-gov,HS-grad,5,Married-AF-spouse,Sales,Own-child,White,Male,7500,2940,30,Japan,0.620150,POSITIVE
85,Federal-gov,Masters,5,Married-AF-spouse,Farming-fishing,Not-in-family,Black,Female,7500,2504,85,Haiti,0.457252,NEGATIVE
85,Federal-gov,Masters,5,Married-AF-spouse,Farming-fishing,Not-in-family,Black,Male,7500,2504,85,Haiti,0.590699,POSITIVE
96,Federal-gov,Masters,5,Married-AF-spouse,Farming-fishing,Not-in-family,Black,Female,7500,2504,35,Haiti,0.449971,NEGATIVE
96,Federal-gov,Masters,5,Married-AF-spouse,Farming-fishing,Not-in-family,Black,Male,7500,2504,35,Haiti,0.555659,POSITIVE
85,Federal-gov,Masters,5,Married-AF-spouse,Farming-fishing,Not-in-family,Black,Female,7500,3158,35,Haiti,0.448748,NEGATIVE
85,Federal-gov,Masters,5,Married-AF-spouse,Farming-fishing,Not-in-family,Black,Male,7500,3158,35,Haiti,0.549701,POSITIVE
85,Federal-gov,Masters,7,Married-AF-spouse,Farming-fishing,Not-in-family,Black,Female,7500,2504,35,Haiti,0.453597,NEGATIVE
85,Federal-gov,Masters,7,Married-AF-spouse,Farming-fishing,Not-in-family,Black,Male,7500,2504,35,Haiti,0.573215,POSITIVE
79,Private,Some-college,5,Married-AF-spouse,Craft-repair,Wife,White,Female,7500,2286,5,Canada,0.454754,NEGATIVE
79,Private,Some-college,5,Married-AF-spouse,Craft-repair,Wife,White,Male,7500,2286,5,Canada,0.578774,POSITIVE
97,Without-pay,10th,3,Married-AF-spouse,Transport-moving,Other-relative,Other,Female,7500,3158,90,Nicaragua,0.477823,NEGATIVE
97,Without-pay,10th,3,Married-AF-spouse,Transport-moving,Other-relative,Other,Male,7500,3158,90,Nicaragua,0.620073,POSITIVE
91,Local-gov,HS-grad,1,Married-AF-spouse,Sales,Own-child,White,Female,7500,2940,80,Japan,0.478020,NEGATIVE
91,Local-gov,HS-grad,1,Married-AF-spouse,Sales,Own-child,White,Male,7500,2940,80,Japan,0.620259,POSITIVE
80,Local-gov,HS-grad,3,Married-AF-spouse,Sales,Own-child,White,Female,7500,2940,80,Japan,0.495860,NEGATIVE
80,Local-gov,HS-grad,3,Married-AF-spouse,Sales,Own-child,White,Male,7500,2940,80,Japan,0.636930,POSITIVE
91,Local-gov,HS-grad,3,Married-AF-spouse,Sales,Own-child,White,Female,7500,2940,30,Japan,0.460121,NEGATIVE
91,Local-gov,HS-grad,3,Married-AF-spouse,Sales,Own-child,White,Male,7500,2940,30,Japan,0.603189,POSITIVE
96,Federal-gov,Masters,1,Married-AF-spouse,Farming-fishing,Not-in-family,Black,Female,7500,3158,85,Haiti,0.448772,NEGATIVE
96,Federal-gov,Masters,1,Married-AF-spouse,Farming-fishing,Not-in-family,Black,Male,7500,3158,85,Haiti,0.549817,POSITIVE
96,Federal-gov,Masters,3,Married-AF-spouse,Farming-fishing,Not-in-family,Black,Female,7500,2504,85,Haiti,0.453621,NEGATIVE
96,Federal-gov,Masters,3,Married-AF-spouse,Farming-fishing,Not-in-family,Black,Male,7500,2504,85,Haiti,0.573327,POSITIVE
90,Private,Some-college,1,Married-AF-spouse,Craft-repair,Wife,White,Female,7500,2286,55,Canada,0.454778,NEGATIVE
90,Private,Some-college,1,Married-AF-spouse,Craft-repair,Wife,White,Male,7500,2286,55,Canada,0.578888,POSITIVE
86,Self-emp-inc,10th,3,Married-AF-spouse,Transport-moving,Other-relative,Other,Female,7500,2940,90,Nicaragua,0.445205,NEGATIVE
86,Self-emp-inc,10th,3,Married-AF-spouse,Transport-moving,Other-relative,Other,Male,7500,2940,90,Nicaragua,0.532342,POSITIVE
97,Federal-gov,Doctorate,3,Married-AF-spouse,Protective-serv,Other-relative,Black,Female,7500,3158,45,El-Salvador,0.439943,NEGATIVE
97,Federal-gov,Doctorate,3,Married-AF-spouse,Protective-serv,Other-relative,Black,Male,7500,3158,45,El-Salvador,0.506382,POSITIVE
60,Local-gov,HS-grad,5,Married-AF-spouse,Sales,Own-child,Asian-Pac-Islander,Female,7500,3593,60,Japan,0.451994,NEGATIVE
60,Local-gov,HS-grad,5,Married-AF-spouse,Sales,Own-child,Asian-Pac-Islander,Male,7500,3593,60,Japan,0.565478,POSITIVE
69,State-gov,12th,6,Married-AF-spouse,Adm-clerical,Not-in-family,Amer-Indian-Eskimo,Female,7500,3811,30,Dominican-Republic,0.454455,NEGATIVE
69,State-gov,12th,6,Married-AF-spouse,Adm-clerical,Not-in-family,Amer-Indian-Eskimo,Male,7500,3811,30,Dominican-Republic,0.577337,POSITIVE
62,Federal-gov,12th,5,Married-AF-spouse,Adm-clerical,Not-in-family,Black,Female,7500,3593,80,Dominican-Republic,0.467941,NEGATIVE
62,Federal-gov,12th,5,Married-AF-spouse,Adm-clerical,Not-in-family,Black,Male,7500,3593,80,Dominican-Republic,0.610690,POSITIVE
73,Federal-gov,7th-8th,5,Married-AF-spouse,Machine-op-inspct,Not-in-family,Black,Female,7500,3593,25,Mexico,0.439824,NEGATIVE
73,Federal-gov,7th-8th,5,Married-AF-spouse,Machine-op-inspct,Not-in-family,Black,Male,7500,3593,25,Mexico,0.505793,POSITIVE
61,Federal-gov,7th-8th,5,Married-AF-spouse,Machine-op-inspct,Not-in-family,Black,Female,7500,4247,25,Mexico,0.447205,NEGATIVE
61,Federal-gov,7th-8th,5,Married-AF-spouse,Machine-op-inspct,Not-in-family,Black,Male,7500,4247,25,Mexico,0.542159,POSITIVE
62,Federal-gov,12th,7,Married-AF-spouse,Adm-clerical,Not-in-family,Black,Female,7500,3593,30,Dominican-Republic,0.457836,NEGATIVE
62,Federal-gov,12th,7,Married-AF-spouse,Adm-clerical,Not-in-family,Black,Male,7500,3593,30,Dominican-Republic,0.593471,POSITIVE
58,Self-emp-not-inc,HS-grad,5,Married-AF-spouse,Sales,Own-child,Asian-Pac-Islander,Female,7500,3375,10,Japan,0.456831,NEGATIVE
58,Self-emp-not-inc,HS-grad,5,Married-AF-spouse,Sales,Own-child,Asian-Pac-Islander,Male,7500,3375,10,Japan,0.588698,POSITIVE
73,State-gov,7th-8th,2,Married-AF-spouse,Machine-op-inspct,Not-in-family,Amer-Indian-Eskimo,Female,7500,4247,75,Mexico,0.440247,NEGATIVE
73,State-gov,7th-8th,2,Married-AF-spouse,Machine-op-inspct,Not-in-family,Amer-Indian-Eskimo,Male,7500,4247,75,Mexico,0.507886,POSITIVE
68,Local-gov,Bachelors,3,Married-AF-spouse,Tech-support,Wife,White,Female,7500,3375,76,United-States,0.491513,NEGATIVE
68,Local-gov,Bachelors,3,Married-AF-spouse,Tech-support,Wife,White,Male,7500,3375,76,United-States,0.632899,POSITIVE
60,State-gov,Assoc-voc,3,Married-AF-spouse,Prof-specialty,Husband,Asian-Pac-Islander,Female,7500,4029,85,Italy,0.470435,NEGATIVE
60,State-gov,Assoc-voc,3,Married-AF-spouse,Prof-specialty,Husband,Asian-Pac-Islander,Male,7500,4029,85,Italy,0.613068,POSITIVE
71,State-gov,Assoc-voc,3,Married-AF-spouse,Prof-specialty,Husband,Asian-Pac-Islander,Female,7500,4029,35,Italy,0.491110,NEGATIVE
71,State-gov,Assoc-voc,3,Married-AF-spouse,Prof-specialty,Husband,Asian-Pac-Islander,Male,7500,4029,35,Italy,0.632524,POSITIVE
64,Self-emp-not-inc,Assoc-voc,2,Married-AF-spouse,Prof-specialty,Husband,Amer-Indian-Eskimo,Female,7500,3811,70,Italy,0.459699,NEGATIVE
64,Self-emp-not-inc,Assoc-voc,2,Married-AF-spouse,Prof-specialty,Husband,Amer-Indian-Eskimo,Male,7500,3811,70,Italy,0.602266,POSITIVE
74,Self-emp-inc,Masters,3,Married-AF-spouse,Farming-fishing,Not-in-family,Other,Female,7500,4029,35,Haiti,0.448827,NEGATIVE
74,Self-emp-inc,Masters,3,Married-AF-spouse,Farming-fishing,Not-in-family,Other,Male,7500,4029,35,Haiti,0.550085,POSITIVE
60,Self-emp-not-inc,Assoc-voc,3,Married-AF-spouse,Prof-specialty,Husband,Amer-Indian-Eskimo,Female,7500,4029,20,Italy,0.449968,NEGATIVE
60,Self-emp-not-inc,Assoc-voc,3,Married-AF-spouse,Prof-specialty,Husband,Amer-Indian-Eskimo,Male,7500,4029,20,Italy,0.555647,POSITIVE
76,Without-pay,Doctorate,7,Married-AF-spouse,Protective-serv,Other-relative,Black,Female,7500,3158,95,El-Salvador,0.454131,NEGATIVE
76,Without-pay,Doctorate,7,Married-AF-spouse,Protective-serv,Other-relative,Black,Male,7500,3158,95,El-Salvador,0.575781,POSITIVE
70,State-gov,Prof-school,5,Married-AF-spouse,Exec-managerial,Own-child,Asian-Pac-Islander,Female,7500,2940,83,Cuba,0.456971,NEGATIVE
70,State-gov,Prof-school,5,Married-AF-spouse,Exec-managerial,Own-child,Asian-Pac-Islander,Male,7500,2940,83,Cuba,0.589360,POSITIVE
68,Local-gov,Bachelors,7,Married-AF-spouse,Tech-support,Wife,White,Female,7500,2286,76,United-States,0.439608,NEGATIVE
68,Local-gov,Bachelors,7,Married-AF-spouse,Tech-support,Wife,White,Male,7500,2286,76,United-States,0.504723,POSITIVE
58,Local-gov,HS-grad,7,Married-AF-spouse,Sales,Own-child,White,Female,7500,2940,80,Japan,0.459112,NEGATIVE
58,Local-gov,HS-grad,7,Married-AF-spouse,Sales,Own-child,White,Male,7500,2940,80,Japan,0.599502,POSITIVE
69,Local-gov,HS-grad,7,Married-AF-spouse,Sales,Own-child,White,Female,7500,2940,30,Japan,0.495745,NEGATIVE
69,Local-gov,HS-grad,7,Married-AF-spouse,Sales,Own-child,White,Male,7500,2940,30,Japan,0.636824,POSITIVE
73,Federal-gov,12th,5,Married-AF-spouse,Adm-clerical,Not-in-family,Black,Female,7500,3158,80,Dominican-Republic,0.443074,NEGATIVE
73,Federal-gov,12th,5,Married-AF-spouse,Adm-clerical,Not-in-family,Black,Male,7500,3158,80,Dominican-Republic,0.521850,POSITIVE
73,Federal-gov,12th,7,Married-AF-spouse,Adm-clerical,Not-in-family,Black,Female,7500,2504,80,Dominican-Republic,0.438844,NEGATIVE
73,Federal-gov,12th,7,Married-AF-spouse,Adm-clerical,Not-in-family,Black,Male,7500,2504,80,Dominican-Republic,0.500943,POSITIVE
68,Private,Some-college,5,Married-AF-spouse,Craft-repair,Wife,White,Female,7500,2286,55,Canada,0.470638,NEGATIVE
68,Private,Some-college,5,Married-AF-spouse,Craft-repair,Wife,White,Male,7500,2286,55,Canada,0.613262,POSITIVE
64,Self-emp-inc,10th,7,Married-AF-spouse,Transport-moving,Other-relative,Other,Female,7500,2940,90,Nicaragua,0.448623,NEGATIVE
64,Self-emp-inc,10th,7,Married-AF-spouse,Transport-moving,Other-relative,Other,Male,7500,2940,90,Nicaragua,0.549093,POSITIVE
75,Federal-gov,Doctorate,7,Married-AF-spouse,Protective-serv,Other-relative,Black,Female,7500,3158,45,El-Salvador,0.445262,NEGATIVE
75,Federal-gov,Doctorate,7,Married-AF-spouse,Protective-serv,Other-relative,Black,Male,7500,3158,45,El-Salvador,0.532622,POSITIVE
70,Self-emp-not-inc,Prof-school,3,Married-AF-spouse,Exec-managerial,Own-child,Asian-Pac-Islander,Female,7500,2940,65,Cuba,0.462862,NEGATIVE
70,Self-emp-not-inc,Prof-school,3,Married-AF-spouse,Exec-managerial,Own-child,Asian-Pac-Islander,Male,7500,2940,65,Cuba,0.605826,POSITIVE
93,State-gov,Assoc-voc,7,Married-AF-spouse,Prof-specialty,Husband,Asian-Pac-Islander,Female,2500,4029,70,Columbia,0.439401,NEGATIVE
93,State-gov,Assoc-voc,7,Married-AF-spouse,Prof-specialty,Husband,Asian-Pac-Islander,Male,2500,4029,70,Columbia,0.503696,POSITIVE
95,Self-emp-inc,10th,7,Married-AF-spouse,Transport-moving,Other-relative,Other,Female,2500,4029,80,El-Salvador,0.446560,NEGATIVE
95,Self-emp-inc,10th,7,Married-AF-spouse,Transport-moving,Other-relative,Other,Male,2500,4029,80,El-Salvador,0.538995,POSITIVE
91,Local-gov,HS-grad,7,Married-AF-spouse,Sales,Own-child,Asian-Pac-Islander,Female,2500,4029,60,Canada,0.465612,NEGATIVE
91,Local-gov,HS-grad,7,Married-AF-spouse,Sales,Own-child,Asian-Pac-Islander,Male,2500,4029,60,Canada,0.608462,POSITIVE
91,Self-emp-inc,12th,6,Married-AF-spouse,Adm-clerical,Not-in-family,Amer-Indian-Eskimo,Female,2500,3811,80,Cuba,0.444036,NEGATIVE
91,Self-emp-inc,12th,6,Married-AF-spouse,Adm-clerical,Not-in-family,Amer-Indian-Eskimo,Male,2500,3811,80,Cuba,0.526591,POSITIVE
97,Self-emp-inc,10th,7,Married-AF-spouse,Transport-moving,Other-relative,Other,Female,2500,4247,40,Italy,0.482054,NEGATIVE
97,Self-emp-inc,10th,7,Married-AF-spouse,Transport-moving,Other-relative,Other,Male,2500,4247,40,Italy,0.624058,POSITIVE
56,Local-gov,Bachelors,5,Married-spouse-absent,Tech-support,Wife,White,Female,7500,2286,51,Portugal,0.453166,NEGATIVE
56,Local-gov,Bachelors,5,Married-spouse-absent,Tech-support,Wife,White,Male,7500,2286,51,Portugal,0.571135,POSITIVE
68,Local-gov,Bachelors,5,Married-spouse-absent,Tech-support,Wife,White,Female,7500,2286,1,Portugal,0.485369,NEGATIVE
68,Local-gov,Bachelors,5,Married-spouse-absent,Tech-support,Wife,White,Male,7500,2286,1,Portugal,0.627167,POSITIVE
61,State-gov,7th-8th,5,Married-spouse-absent,Machine-op-inspct,Not-in-family,Amer-Indian-Eskimo,Female,7500,3158,25,Guatemala,0.471206,NEGATIVE
61,State-gov,7th-8th,5,Married-spouse-absent,Machine-op-inspct,Not-in-family,Amer-Indian-Eskimo,Male,7500,3158,25,Guatemala,0.613801,POSITIVE
56,Local-gov,Bachelors,7,Married-spouse-absent,Tech-support,Wife,White,Female,7500,2286,1,Portugal,0.449517,NEGATIVE
56,Local-gov,Bachelors,7,Married-spouse-absent,Tech-support,Wife,White,Male,7500,2286,1,Portugal,0.553447,POSITIVE
62,State-gov,Prof-school,1,Married-spouse-absent,Exec-managerial,Own-child,Asian-Pac-Islander,Female,7500,3593,15,Taiwan,0.443648,NEGATIVE
62,State-gov,Prof-school,1,Married-spouse-absent,Exec-managerial,Own-child,Asian-Pac-Islander,Male,7500,3593,15,Taiwan,0.524681,POSITIVE
79,Local-gov,Bachelors,1,Married-spouse-absent,Tech-support,Wife,White,Female,7500,2286,51,Portugal,0.485484,NEGATIVE
79,Local-gov,Bachelors,1,Married-spouse-absent,Tech-support,Wife,White,Male,7500,2286,51,Portugal,0.627274,POSITIVE
87,State-gov,Assoc-voc,2,Married-spouse-absent,Prof-specialty,Husband,Amer-Indian-Eskimo,Female,7500,2722,20,Yugoslavia,0.490612,NEGATIVE
87,State-gov,Assoc-voc,2,Married-spouse-absent,Prof-specialty,Husband,Amer-Indian-Eskimo,Male,7500,2722,20,Yugoslavia,0.632060,POSITIVE
90,Local-gov,Bachelors,1,Married-spouse-absent,Tech-support,Wife,White,Female,7500,2286,1,Portugal,0.457781,NEGATIVE
90,Local-gov,Bachelors,1,Married-spouse-absent,Tech-support,Wife,White,Male,7500,2286,1,Portugal,0.593209,POSITIVE
84,State-gov,7th-8th,2,Married-spouse-absent,Machine-op-inspct,Not-in-family,Amer-Indian-Eskimo,Female,7500,2722,25,Ecuador,0.448035,NEGATIVE
84,State-gov,7th-8th,2,Married-spouse-absent,Machine-op-inspct,Not-in-family,Amer-Indian-Eskimo,Male,7500,2722,25,Ecuador,0.546219,POSITIVE
69,Local-gov,12th,2,Married-spouse-absent,Adm-clerical,Not-in-family,Amer-Indian-Eskimo,Female,7500,2722,60,Nicaragua,0.445721,NEGATIVE
69,Local-gov,12th,2,Married-spouse-absent,Adm-clerical,Not-in-family,Amer-Indian-Eskimo,Male,7500,2722,60,Nicaragua,0.534877,POSITIVE
58,Local-gov,Some-college,1,Widowed,Craft-repair,Wife,White,Female,7500,2286,5,Nicaragua,0.485628,NEGATIVE
58,Local-gov,Some-college,1,Widowed,Craft-repair,Wife,White,Male,7500,2286,5,Nicaragua,0.627409,POSITIVE
57,Local-gov,Some-college,1,Widowed,Craft-repair,Wife,White,Female,7500,2286,5,Ireland,0.451820,NEGATIVE
57,Local-gov,Some-college,1,Widowed,Craft-repair,Wife,White,Male,7500,2286,5,Ireland,0.564635,POSITIVE
83,Local-gov,HS-grad,1,Married-spouse-absent,Sales,Own-child,Asian-Pac-Islander,Female,7500,2504,20,Canada,0.470954,NEGATIVE
83,Local-gov,HS-grad,1,Married-spouse-absent,Sales,Own-child,Asian-Pac-Islander,Male,7500,2504,20,Canada,0.613561,POSITIVE
62,State-gov,12th,2,Married-spouse-absent,Adm-clerical,Not-in-family,Amer-Indian-Eskimo,Female,7500,3593,30,Cuba,0.442731,NEGATIVE
62,State-gov,12th,2,Married-spouse-absent,Adm-clerical,Not-in-family,Amer-Indian-Eskimo,Male,7500,3593,30,Cuba,0.520160,POSITIVE
60,Local-gov,HS-grad,5,Married-spouse-absent,Sales,Own-child,Asian-Pac-Islander,Female,7500,2504,20,Canada,0.454037,NEGATIVE
60,Local-gov,HS-grad,5,Married-spouse-absent,Sales,Own-child,Asian-Pac-Islander,Male,7500,2504,20,Canada,0.575329,POSITIVE
67,Federal-gov,7th-8th,2,Married-spouse-absent,Machine-op-inspct,Not-in-family,Amer-Indian-Eskimo,Female,7500,2722,50,South,0.452902,NEGATIVE
67,Federal-gov,7th-8th,2,Married-spouse-absent,Machine-op-inspct,Not-in-family,Amer-Indian-Eskimo,Male,7500,2722,50,South,0.569862,POSITIVE
87,State-gov,Assoc-voc,6,Married-spouse-absent,Prof-specialty,Husband,Amer-Indian-Eskimo,Female,2500,3811,40,Columbia,0.456229,NEGATIVE
87,State-gov,Assoc-voc,6,Married-spouse-absent,Prof-specialty,Husband,Amer-Indian-Eskimo,Male,2500,3811,40,Columbia,0.585827,POSITIVE
75,Without-pay,Doctorate,7,Married-spouse-absent,Protective-serv,Other-relative,Black,Female,2500,4247,95,Peru,0.456996,NEGATIVE
75,Without-pay,Doctorate,7,Married-spouse-absent,Protective-serv,Other-relative,Black,Male,2500,4247,95,Peru,0.589482,POSITIVE
64,Self-emp-not-inc,Assoc-voc,6,Married-spouse-absent,Prof-specialty,Husband,Amer-Indian-Eskimo,Female,2500,3811,70,Yugoslavia,0.483479,NEGATIVE
64,Self-emp-not-inc,Assoc-voc,6,Married-spouse-absent,Prof-specialty,Husband,Amer-Indian-Eskimo,Male,2500,3811,70,Yugoslavia,0.625396,POSITIVE
61,Self-emp-inc,7th-8th,6,Married-spouse-absent,Machine-op-inspct,Not-in-family,Amer-Indian-Eskimo,Female,2500,3811,75,Ecuador,0.439476,NEGATIVE
61,Self-emp-inc,7th-8th,6,Married-spouse-absent,Machine-op-inspct,Not-in-family,Amer-Indian-Eskimo,Male,2500,3811,75,Ecuador,0.504071,POSITIVE
73,Self-emp-inc,10th,7,Married-spouse-absent,Transport-moving,Other-relative,Other,Female,2500,4029,40,Peru,0.476021,NEGATIVE
73,Self-emp-inc,10th,7,Married-spouse-absent,Transport-moving,Other-relative,Other,Male,2500,4029,40,Peru,0.618369,POSITIVE
73,Self-emp-inc,7th-8th,6,Married-spouse-absent,Machine-op-inspct,Not-in-family,Amer-Indian-Eskimo,Female,2500,3811,25,Ecuador,0.441758,NEGATIVE
73,Self-emp-inc,7th-8th,6,Married-spouse-absent,Machine-op-inspct,Not-in-family,Amer-Indian-Eskimo,Male,2500,3811,25,Ecuador,0.515354,POSITIVE
63,State-gov,Masters,5,Widowed,Farming-fishing,Not-in-family,Other,Female,2500,4029,35,Trinadad&Tobago,0.465410,NEGATIVE
63,State-gov,Masters,5,Widowed,Farming-fishing,Not-in-family,Other,Male,2500,4029,35,Trinadad&Tobago,0.517724,POSITIVE
60,Local-gov,HS-grad,5,Widowed,Sales,Own-child,Asian-Pac-Islander,Female,2500,3593,10,France,0.441633,NEGATIVE
60,Local-gov,HS-grad,5,Widowed,Sales,Own-child,Asian-Pac-Islander,Male,2500,3593,10,France,0.514737,POSITIVE
97,State-gov,Doctorate,7,Married-spouse-absent,Protective-serv,Other-relative,Black,Female,2500,3158,90,Peru,0.439412,NEGATIVE
97,State-gov,Doctorate,7,Married-spouse-absent,Protective-serv,Other-relative,Black,Male,2500,3158,90,Peru,0.503752,POSITIVE
83,Local-gov,HS-grad,5,Widowed,Sales,Own-child,Asian-Pac-Islander,Female,2500,2504,20,Laos,0.467216,NEGATIVE
83,Local-gov,HS-grad,5,Widowed,Sales,Own-child,Asian-Pac-Islander,Male,2500,2504,20,Laos,0.609996,POSITIVE
67,Federal-gov,7th-8th,6,Widowed,Machine-op-inspct,Not-in-family,Amer-Indian-Eskimo,Female,2500,2722,50,Guatemala,0.452919,NEGATIVE
67,Federal-gov,7th-8th,6,Widowed,Machine-op-inspct,Not-in-family,Amer-Indian-Eskimo,Male,2500,2722,50,Guatemala,0.569945,POSITIVE
97,State-gov,Doctorate,3,Married-spouse-absent,Protective-serv,Other-relative,Black,Female,2500,4247,90,Peru,0.490542,NEGATIVE
97,State-gov,Doctorate,3,Married-spouse-absent,Protective-serv,Other-relative,Black,Male,2500,4247,90,Peru,0.631995,POSITIVE
83,Local-gov,HS-grad,1,Widowed,Sales,Own-child,Asian-Pac-Islander,Female,2500,3593,10,Laos,0.455217,NEGATIVE
83,Local-gov,HS-grad,1,Widowed,Sales,Own-child,Asian-Pac-Islander,Male,2500,3593,10,Laos,0.528786,POSITIVE
89,Self-emp-inc,7th-8th,1,Widowed,Machine-op-inspct,Not-in-family,Amer-Indian-Eskimo,Female,2500,3593,25,El-Salvador,0.499526,NEGATIVE
89,Self-emp-inc,7th-8th,1,Widowed,Machine-op-inspct,Not-in-family,Amer-Indian-Eskimo,Male,2500,3593,25,El-Salvador,0.623234,POSITIVE
73,State-gov,12th,1,Widowed,Adm-clerical,Not-in-family,Amer-Indian-Eskimo,Female,2500,3811,80,El-Salvador,0.428281,NEGATIVE
73,State-gov,12th,1,Widowed,Adm-clerical,Not-in-family,Amer-Indian-Eskimo,Male,2500,3811,80,El-Salvador,0.502446,POSITIVE
62,State-gov,Prof-school,3,Widowed,Exec-managerial,Own-child,Asian-Pac-Islander,Female,2500,3593,65,Dominican-Republic,0.444151,NEGATIVE
62,State-gov,Prof-school,3,Widowed,Exec-managerial,Own-child,Asian-Pac-Islander,Male,2500,3593,65,Dominican-Republic,0.527157,POSITIVE
73,State-gov,12th,1,Widowed,Adm-clerical,Not-in-family,Amer-Indian-Eskimo,Female,2500,3811,80,Ecuador,0.446981,NEGATIVE
73,State-gov,12th,1,Widowed,Adm-clerical,Not-in-family,Amer-Indian-Eskimo,Male,2500,3811,80,Ecuador,0.541058,POSITIVE
75,Without-pay,Doctorate,3,Widowed,Protective-serv,Other-relative,Black,Female,2500,4247,45,Peru,0.466960,NEGATIVE
75,Without-pay,Doctorate,3,Widowed,Protective-serv,Other-relative,Black,Male,2500,4247,45,Peru,0.553782,POSITIVE
56,Private,Bachelors,1,Widowed,Tech-support,Wife,White,Female,2500,3375,51,Portugal,0.494766,NEGATIVE
56,Private,Bachelors,1,Widowed,Tech-support,Wife,White,Male,2500,3375,51,Portugal,0.635917,POSITIVE
64,Self-emp-not-inc,Assoc-voc,2,Widowed,Prof-specialty,Husband,Amer-Indian-Eskimo,Female,2500,3811,20,Columbia,0.455025,NEGATIVE
64,Self-emp-not-inc,Assoc-voc,2,Widowed,Prof-specialty,Husband,Amer-Indian-Eskimo,Male,2500,3811,20,Columbia,0.580071,POSITIVE
93,State-gov,Masters,3,Widowed,Farming-fishing,Not-in-family,Other,Female,2500,2940,70,Thailand,0.457965,NEGATIVE
93,State-gov,Masters,3,Widowed,Farming-fishing,Not-in-family,Other,Male,2500,2940,70,Thailand,0.534919,POSITIVE
85,Self-emp-not-inc,Prof-school,1,Widowed,Exec-managerial,Own-child,Asian-Pac-Islander,Female,2500,2504,30,Taiwan,0.448338,NEGATIVE
85,Self-emp-not-inc,Prof-school,1,Widowed,Exec-managerial,Own-child,Asian-Pac-Islander,Male,2500,2504,30,Taiwan,0.547700,POSITIVE
75,Federal-gov,Doctorate,3,Widowed,Protective-serv,Other-relative,Black,Female,2500,3158,90,Peru,0.498050,NEGATIVE
75,Federal-gov,Doctorate,3,Widowed,Protective-serv,Other-relative,Black,Male,2500,3158,90,Peru,0.572271,POSITIVE
81,Local-gov,Some-college,5,Married-spouse-absent,Craft-repair,Wife,White,Female,2500,3375,55,England,0.487206,NEGATIVE
81,Local-gov,Some-college,5,Married-spouse-absent,Craft-repair,Wife,White,Male,2500,3375,55,England,0.628885,POSITIVE
92,State-gov,Prof-school,5,Married-spouse-absent,Exec-managerial,Own-child,Asian-Pac-Islander,Female,2500,3593,15,Outlying-US(Guam-USVI-etc),0.457072,NEGATIVE
92,State-gov,Prof-school,5,Married-spouse-absent,Exec-managerial,Own-child,Asian-Pac-Islander,Male,2500,3593,15,Outlying-US(Guam-USVI-etc),0.589840,POSITIVE
85,State-gov,Masters,7,Married-spouse-absent,Farming-fishing,Not-in-family,Other,Female,2500,4029,35,Honduras,0.450332,NEGATIVE
85,State-gov,Masters,7,Married-spouse-absent,Farming-fishing,Not-in-family,Other,Male,2500,4029,35,Honduras,0.557413,POSITIVE
86,Self-emp-inc,10th,5,Married-spouse-absent,Transport-moving,Other-relative,Other,Female,2500,3811,40,Italy,0.462480,NEGATIVE
86,Self-emp-inc,10th,5,Married-spouse-absent,Transport-moving,Other-relative,Other,Male,2500,3811,40,Italy,0.605458,POSITIVE
95,State-gov,10th,7,Married-spouse-absent,Transport-moving,Other-relative,Other,Female,2500,2940,80,Italy,0.447705,NEGATIVE
95,State-gov,10th,7,Married-spouse-absent,Transport-moving,Other-relative,Other,Male,2500,2940,80,Italy,0.544604,POSITIVE
81,State-gov,Prof-school,5,Widowed,Exec-managerial,Own-child,Asian-Pac-Islander,Female,2500,2504,15,Outlying-US(Guam-USVI-etc),0.495213,NEGATIVE
81,State-gov,Prof-school,5,Widowed,Exec-managerial,Own-child,Asian-Pac-Islander,Male,2500,2504,15,Outlying-US(Guam-USVI-etc),0.636331,POSITIVE
73,Without-pay,10th,7,Married-spouse-absent,Transport-moving,Other-relative,Other,Female,2500,4029,90,Italy,0.448974,NEGATIVE
73,Without-pay,10th,7,Married-spouse-absent,Transport-moving,Other-relative,Other,Male,2500,4029,90,Italy,0.550801,POSITIVE
68,Local-gov,Bachelors,7,Married-spouse-absent,Tech-support,Wife,White,Female,2500,4029,1,United-States,0.489551,NEGATIVE
68,Local-gov,Bachelors,7,Married-spouse-absent,Tech-support,Wife,White,Male,2500,4029,1,United-States,0.631073,POSITIVE
75,Self-emp-inc,10th,5,Married-spouse-absent,Transport-moving,Other-relative,Other,Female,2500,3811,90,Italy,0.498232,NEGATIVE
75,Self-emp-inc,10th,5,Married-spouse-absent,Transport-moving,Other-relative,Other,Male,2500,3811,90,Italy,0.639121,POSITIVE
60,Self-emp-not-inc,Assoc-voc,6,Married-spouse-absent,Prof-specialty,Husband,Amer-Indian-Eskimo,Female,2500,3811,70,Japan,0.449574,NEGATIVE
60,Self-emp-not-inc,Assoc-voc,6,Married-spouse-absent,Prof-specialty,Husband,Amer-Indian-Eskimo,Male,2500,3811,70,Japan,0.553729,POSITIVE
71,Self-emp-not-inc,Assoc-voc,6,Married-spouse-absent,Prof-specialty,Husband,Amer-Indian-Eskimo,Female,2500,3811,20,Japan,0.453781,NEGATIVE
71,Self-emp-not-inc,Assoc-voc,6,Married-spouse-absent,Prof-specialty,Husband,Amer-Indian-Eskimo,Male,2500,3811,20,Japan,0.574096,POSITIVE
64,Self-emp-inc,10th,7,Married-spouse-absent,Transport-moving,Other-relative,Other,Female,2500,4247,40,Italy,0.449841,NEGATIVE
64,Self-emp-inc,10th,7,Married-spouse-absent,Transport-moving,Other-relative,Other,Male,2500,4247,40,Italy,0.555026,POSITIVE
58,Local-gov,Some-college,5,Widowed,Craft-repair,Wife,White,Female,2500,3375,10,England,0.451994,NEGATIVE
58,Local-gov,Some-college,5,Widowed,Craft-repair,Wife,White,Male,2500,3375,10,England,0.565475,POSITIVE
73,Self-emp-inc,12th,7,Married-spouse-absent,Adm-clerical,Not-in-family,Amer-Indian-Eskimo,Female,2500,3158,80,Cuba,0.499660,NEGATIVE
73,Self-emp-inc,12th,7,Married-spouse-absent,Adm-clerical,Not-in-family,Amer-Indian-Eskimo,Male,2500,3158,80,Cuba,0.640437,POSITIVE
64,Self-emp-inc,Assoc-voc,6,Widowed,Prof-specialty,Husband,Amer-Indian-Eskimo,Female,2500,2722,40,Japan,0.462489,NEGATIVE
64,Self-emp-inc,Assoc-voc,6,Widowed,Prof-specialty,Husband,Amer-Indian-Eskimo,Male,2500,2722,40,Japan,0.605467,POSITIVE
95,Without-pay,10th,3,Married-spouse-absent,Transport-moving,Other-relative,Other,Female,2500,4029,90,Italy,0.445555,NEGATIVE
95,Without-pay,10th,3,Married-spouse-absent,Transport-moving,Other-relative,Other,Male,2500,4029,90,Italy,0.534061,POSITIVE
90,Local-gov,Bachelors,3,Married-spouse-absent,Tech-support,Wife,White,Female,2500,4029,1,United-States,0.458633,NEGATIVE
90,Local-gov,Bachelors,3,Married-spouse-absent,Tech-support,Wife,White,Male,2500,4029,1,United-States,0.597242,POSITIVE
83,Self-emp-not-inc,HS-grad,1,Married-spouse-absent,Sales,Own-child,Asian-Pac-Islander,Female,2500,3593,60,Canada,0.439449,NEGATIVE
83,Self-emp-not-inc,HS-grad,1,Married-spouse-absent,Sales,Own-child,Asian-Pac-Islander,Male,2500,3593,60,Canada,0.503937,POSITIVE
93,Self-emp-not-inc,Assoc-voc,2,Married-spouse-absent,Prof-specialty,Husband,Amer-Indian-Eskimo,Female,2500,3811,20,Japan,0.446532,NEGATIVE
93,Self-emp-not-inc,Assoc-voc,2,Married-spouse-absent,Prof-specialty,Husband,Amer-Indian-Eskimo,Male,2500,3811,20,Japan,0.538859,POSITIVE
85,Self-emp-inc,Masters,3,Married-spouse-absent,Farming-fishing,Not-in-family,Other,Female,2500,4247,35,Honduras,0.494504,NEGATIVE
85,Self-emp-inc,Masters,3,Married-spouse-absent,Farming-fishing,Not-in-family,Other,Male,2500,4247,35,Honduras,0.635675,POSITIVE
81,Local-gov,Some-college,1,Widowed,Craft-repair,Wife,White,Female,2500,3375,10,England,0.470325,NEGATIVE
81,Local-gov,Some-college,1,Widowed,Craft-repair,Wife,White,Male,2500,3375,10,England,0.612962,POSITIVE
75,Self-emp-inc,10th,3,Married-spouse-absent,Transport-moving,Other-relative,Other,Female,2500,4247,90,Italy,0.453692,NEGATIVE
75,Self-emp-inc,10th,3,Married-spouse-absent,Transport-moving,Other-relative,Other,Male,2500,4247,90,Italy,0.573668,POSITIVE
62,Self-emp-inc,Prof-school,1,Widowed,Exec-managerial,Own-child,Asian-Pac-Islander,Female,2500,3593,30,Outlying-US(Guam-USVI-etc),0.441253,NEGATIVE
62,Self-emp-inc,Prof-school,1,Widowed,Exec-managerial,Own-child,Asian-Pac-Islander,Male,2500,3593,30,Outlying-US(Guam-USVI-etc),0.512857,POSITIVE
95,Self-emp-inc,12th,3,Married-spouse-absent,Adm-clerical,Not-in-family,Amer-Indian-Eskimo,Female,2500,3158,80,Cuba,0.464014,NEGATIVE
95,Self-emp-inc,12th,3,Married-spouse-absent,Adm-clerical,Not-in-family,Amer-Indian-Eskimo,Male,2500,3158,80,Cuba,0.606931,POSITIVE
87,Self-emp-inc,Assoc-voc,2,Widowed,Prof-specialty,Husband,Amer-Indian-Eskimo,Female,2500,2722,40,Japan,0.483249,NEGATIVE
87,Self-emp-inc,Assoc-voc,2,Widowed,Prof-specialty,Husband,Amer-Indian-Eskimo,Male,2500,2722,40,Japan,0.625180,POSITIVE
73,Self-emp-inc,12th,2,Widowed,Adm-clerical,Not-in-family,Amer-Indian-Eskimo,Female,2500,2722,80,Cuba,0.488459,NEGATIVE
73,Self-emp-inc,12th,2,Widowed,Adm-clerical,Not-in-family,Amer-Indian-Eskimo,Male,2500,2722,80,Cuba,0.630054,POSITIVE
61,Self-emp-inc,7th-8th,3,Widowed,Machine-op-inspct,Not-in-family,Amer-Indian-Eskimo,Female,2500,3158,75,South,0.465064,NEGATIVE
61,Self-emp-inc,7th-8th,3,Widowed,Machine-op-inspct,Not-in-family,Amer-Indian-Eskimo,Male,2500,3158,75,South,0.607938,POSITIVE
73,Self-emp-inc,7th-8th,3,Widowed,Machine-op-inspct,Not-in-family,Amer-Indian-Eskimo,Female,2500,3158,25,South,0.476312,NEGATIVE
73,Self-emp-inc,7th-8th,3,Widowed,Machine-op-inspct,Not-in-family,Amer-Indian-Eskimo,Male,2500,3158,25,South,0.618645,POSITIVE
95,State-gov,7th-8th,7,Married-AF-spouse,Machine-op-inspct,Not-in-family,Amer-Indian-Eskimo,Female,7500,2069,75,Guatemala,0.459362,NEGATIVE
95,State-gov,7th-8th,7,Married-AF-spouse,Machine-op-inspct,Not-in-family,Amer-Indian-Eskimo,Male,7500,2069,75,Guatemala,0.600678,POSITIVE
93,Self-emp-inc,Masters,7,Married-AF-spouse,Farming-fishing,Not-in-family,Other,Female,7500,1851,70,Thailand,0.466086,NEGATIVE
93,Self-emp-inc,Masters,7,Married-AF-spouse,Farming-fishing,Not-in-family,Other,Male,7500,1851,70,Thailand,0.608916,POSITIVE
68,Private,Bachelors,7,Married-AF-spouse,Tech-support,Wife,White,Female,7500,1851,51,Portugal,0.456168,NEGATIVE
68,Private,Bachelors,7,Married-AF-spouse,Tech-support,Wife,White,Male,7500,1851,51,Portugal,0.585534,POSITIVE
90,Private,Bachelors,3,Married-AF-spouse,Tech-support,Wife,White,Female,7500,1851,51,Portugal,0.448912,NEGATIVE
90,Private,Bachelors,3,Married-AF-spouse,Tech-support,Wife,White,Male,7500,1851,51,Portugal,0.550502,POSITIVE
98,Without-pay,Doctorate,7,Married-AF-spouse,Protective-serv,Other-relative,Black,Female,7500,2069,95,Jamaica,0.445556,NEGATIVE
98,Without-pay,Doctorate,7,Married-AF-spouse,Protective-serv,Other-relative,Black,Male,7500,2069,95,Jamaica,0.534069,POSITIVE
91,Self-emp-inc,12th,6,Married-AF-spouse,Adm-clerical,Not-in-family,Amer-Indian-Eskimo,Female,7500,1633,60,Cuba,0.442804,NEGATIVE
91,Self-emp-inc,12th,6,Married-AF-spouse,Adm-clerical,Not-in-family,Amer-Indian-Eskimo,Male,7500,1633,60,Cuba,0.520519,POSITIVE
91,Self-emp-not-inc,HS-grad,3,Married-AF-spouse,Sales,Own-child,Asian-Pac-Islander,Female,7500,1851,60,Canada,0.473220,NEGATIVE
91,Self-emp-not-inc,HS-grad,3,Married-AF-spouse,Sales,Own-child,Asian-Pac-Islander,Male,7500,1851,60,Canada,0.615715,POSITIVE
90,Private,Some-college,7,Married-AF-spouse,Craft-repair,Wife,White,Female,7500,762,55,England,0.456330,NEGATIVE
90,Private,Some-college,7,Married-AF-spouse,Craft-repair,Wife,White,Male,7500,762,55,England,0.586306,POSITIVE
70,Self-emp-not-inc,Prof-school,7,Married-AF-spouse,Exec-managerial,Own-child,Asian-Pac-Islander,Female,7500,1851,65,Outlying-US(Guam-USVI-etc),0.449340,NEGATIVE
70,Self-emp-not-inc,Prof-school,7,Married-AF-spouse,Exec-managerial,Own-child,Asian-Pac-Islander,Male,7500,1851,65,Outlying-US(Guam-USVI-etc),0.552587,POSITIVE
85,State-gov,Prof-school,5,Married-spouse-absent,Exec-managerial,Own-child,Asian-Pac-Islander,Female,7500,1415,30,Taiwan,0.469120,NEGATIVE
85,State-gov,Prof-school,5,Married-spouse-absent,Exec-managerial,Own-child,Asian-Pac-Islander,Male,7500,1415,30,Taiwan,0.611814,POSITIVE
71,Local-gov,Masters,7,Married-spouse-absent,Farming-fishing,Not-in-family,Other,Female,7500,1851,70,Thailand,0.485774,NEGATIVE
71,Local-gov,Masters,7,Married-spouse-absent,Farming-fishing,Not-in-family,Other,Male,7500,1851,70,Thailand,0.627546,POSITIVE
58,Local-gov,Some-college,5,Widowed,Craft-repair,Wife,White,Female,7500,1197,5,France,0.469385,NEGATIVE
58,Local-gov,Some-college,5,Widowed,Craft-repair,Wife,White,Male,7500,1197,5,France,0.612067,POSITIVE
95,Without-pay,10th,7,Married-spouse-absent,Transport-moving,Other-relative,Other,Female,7500,762,90,El-Salvador,0.452227,NEGATIVE
95,Without-pay,10th,7,Married-spouse-absent,Transport-moving,Other-relative,Other,Male,7500,762,90,El-Salvador,0.566604,POSITIVE
83,Self-emp-not-inc,HS-grad,5,Married-spouse-absent,Sales,Own-child,Asian-Pac-Islander,Female,7500,326,60,Laos,0.444549,NEGATIVE
83,Self-emp-not-inc,HS-grad,5,Married-spouse-absent,Sales,Own-child,Asian-Pac-Islander,Male,7500,326,60,Laos,0.529115,POSITIVE
93,Self-emp-not-inc,Assoc-voc,6,Married-spouse-absent,Prof-specialty,Husband,Amer-Indian-Eskimo,Female,7500,544,20,Columbia,0.452168,NEGATIVE
93,Self-emp-not-inc,Assoc-voc,6,Married-spouse-absent,Prof-specialty,Husband,Amer-Indian-Eskimo,Male,7500,544,20,Columbia,0.566315,POSITIVE
86,Self-emp-inc,10th,7,Married-spouse-absent,Transport-moving,Other-relative,Other,Female,7500,980,40,El-Salvador,0.453095,NEGATIVE
86,Self-emp-inc,10th,7,Married-spouse-absent,Transport-moving,Other-relative,Other,Male,7500,980,40,El-Salvador,0.570795,POSITIVE
81,Local-gov,Some-college,5,Widowed,Craft-repair,Wife,White,Female,7500,108,10,France,0.494220,NEGATIVE
81,Local-gov,Some-college,5,Widowed,Craft-repair,Wife,White,Male,7500,108,10,France,0.635411,POSITIVE
75,Self-emp-inc,10th,7,Married-spouse-absent,Transport-moving,Other-relative,Other,Female,7500,980,90,El-Salvador,0.462512,NEGATIVE
75,Self-emp-inc,10th,7,Married-spouse-absent,Transport-moving,Other-relative,Other,Male,7500,980,90,El-Salvador,0.605489,POSITIVE
62,Self-emp-inc,Prof-school,5,Widowed,Exec-managerial,Own-child,Asian-Pac-Islander,Female,7500,326,30,Taiwan,0.446616,NEGATIVE
62,Self-emp-inc,Prof-school,5,Widowed,Exec-managerial,Own-child,Asian-Pac-Islander,Male,7500,326,30,Taiwan,0.539269,POSITIVE
93,Local-gov,Masters,3,Married-spouse-absent,Farming-fishing,Not-in-family,Other,Female,7500,1851,70,Thailand,0.478342,NEGATIVE
93,Local-gov,Masters,3,Married-spouse-absent,Farming-fishing,Not-in-family,Other,Male,7500,1851,70,Thailand,0.620563,POSITIVE
81,Local-gov,Some-college,1,Widowed,Craft-repair,Wife,White,Female,7500,1197,5,Nicaragua,0.448355,NEGATIVE
81,Local-gov,Some-college,1,Widowed,Craft-repair,Wife,White,Male,7500,1197,5,Nicaragua,0.547781,POSITIVE
79,Local-gov,Some-college,1,Widowed,Craft-repair,Wife,White,Female,7500,1197,5,Ireland,0.453293,NEGATIVE
79,Local-gov,Some-college,1,Widowed,Craft-repair,Wife,White,Male,7500,1197,5,Ireland,0.571747,POSITIVE
71,Self-emp-not-inc,Assoc-voc,2,Married-spouse-absent,Prof-specialty,Husband,Amer-Indian-Eskimo,Female,7500,1851,70,Columbia,0.439451,NEGATIVE
71,Self-emp-not-inc,Assoc-voc,2,Married-spouse-absent,Prof-specialty,Husband,Amer-Indian-Eskimo,Male,7500,1851,70,Columbia,0.503948,POSITIVE
69,State-gov,12th,2,Widowed,Adm-clerical,Not-in-family,Amer-Indian-Eskimo,Female,7500,1633,60,Nicaragua,0.493943,NEGATIVE
69,State-gov,12th,2,Widowed,Adm-clerical,Not-in-family,Amer-Indian-Eskimo,Male,7500,1633,60,Nicaragua,0.635155,POSITIVE
64,Self-emp-not-inc,Assoc-voc,1,Widowed,Prof-specialty,Husband,Amer-Indian-Eskimo,Female,7500,1633,20,Yugoslavia,0.439683,NEGATIVE
64,Self-emp-not-inc,Assoc-voc,1,Widowed,Prof-specialty,Husband,Amer-Indian-Eskimo,Male,7500,1633,20,Yugoslavia,0.505091,POSITIVE
60,Self-emp-not-inc,HS-grad,1,Widowed,Sales,Own-child,Asian-Pac-Islander,Female,7500,1415,10,France,0.443178,NEGATIVE
60,Self-emp-not-inc,HS-grad,1,Widowed,Sales,Own-child,Asian-Pac-Islander,Male,7500,1415,10,France,0.522361,POSITIVE
97,Self-emp-inc,10th,3,Married-spouse-absent,Transport-moving,Other-relative,Other,Female,7500,980,90,El-Salvador,0.453119,NEGATIVE
97,Self-emp-inc,10th,3,Married-spouse-absent,Transport-moving,Other-relative,Other,Male,7500,980,90,El-Salvador,0.570908,POSITIVE
85,Self-emp-inc,Prof-school,1,Widowed,Exec-managerial,Own-child,Asian-Pac-Islander,Female,7500,326,30,Taiwan,0.452754,NEGATIVE
85,Self-emp-inc,Prof-school,1,Widowed,Exec-managerial,Own-child,Asian-Pac-Islander,Male,7500,326,30,Taiwan,0.569150,POSITIVE
73,Self-emp-inc,10th,3,Widowed,Transport-moving,Other-relative,Other,Female,7500,762,80,El-Salvador,0.490319,NEGATIVE
73,Self-emp-inc,10th,3,Widowed,Transport-moving,Other-relative,Other,Male,7500,762,80,El-Salvador,0.631787,POSITIVE
85,State-gov,Prof-school,5,Married-spouse-absent,Exec-managerial,Own-child,Asian-Pac-Islander,Female,7500,1415,15,Outlying-US(Guam-USVI-etc),0.450184,NEGATIVE
85,State-gov,Prof-school,5,Married-spouse-absent,Exec-managerial,Own-child,Asian-Pac-Islander,Male,7500,1415,15,Outlying-US(Guam-USVI-etc),0.556698,POSITIVE
95,State-gov,7th-8th,2,Married-spouse-absent,Machine-op-inspct,Not-in-family,Amer-Indian-Eskimo,Female,7500,1633,75,South,0.468750,NEGATIVE
95,State-gov,7th-8th,2,Married-spouse-absent,Machine-op-inspct,Not-in-family,Amer-Indian-Eskimo,Male,7500,1633,75,South,0.611462,POSITIVE
86,Without-pay,10th,3,Married-spouse-absent,Transport-moving,Other-relative,Other,Female,7500,2069,90,Italy,0.462857,NEGATIVE
86,Without-pay,10th,3,Married-spouse-absent,Transport-moving,Other-relative,Other,Male,7500,2069,90,Italy,0.605821,POSITIVE
96,State-gov,Masters,3,Married-spouse-absent,Farming-fishing,Not-in-family,Other,Female,7500,2069,35,Honduras,0.483184,NEGATIVE
96,State-gov,Masters,3,Married-spouse-absent,Farming-fishing,Not-in-family,Other,Male,7500,2069,35,Honduras,0.625119,POSITIVE
79,Private,Some-college,1,Married-spouse-absent,Craft-repair,Wife,White,Female,7500,1197,55,England,0.454953,NEGATIVE
79,Private,Some-college,1,Married-spouse-absent,Craft-repair,Wife,White,Male,7500,1197,55,England,0.579726,POSITIVE
89,Self-emp-inc,7th-8th,2,Married-spouse-absent,Machine-op-inspct,Not-in-family,Amer-Indian-Eskimo,Female,7500,1633,25,South,0.455397,NEGATIVE
89,Self-emp-inc,7th-8th,2,Married-spouse-absent,Machine-op-inspct,Not-in-family,Amer-Indian-Eskimo,Male,7500,1633,25,South,0.581852,POSITIVE
79,Local-gov,Bachelors,1,Widowed,Tech-support,Wife,White,Female,7500,1197,1,United-States,0.498619,NEGATIVE
79,Local-gov,Bachelors,1,Widowed,Tech-support,Wife,White,Male,7500,1197,1,United-States,0.639478,POSITIVE
91,Local-gov,12th,6,Married-spouse-absent,Adm-clerical,Not-in-family,Amer-Indian-Eskimo,Female,7500,544,60,Cuba,0.445748,NEGATIVE
91,Local-gov,12th,6,Married-spouse-absent,Adm-clerical,Not-in-family,Amer-Indian-Eskimo,Male,7500,544,60,Cuba,0.535013,POSITIVE
79,Local-gov,Bachelors,5,Widowed,Tech-support,Wife,White,Female,7500,108,1,United-States,0.441045,NEGATIVE
79,Local-gov,Bachelors,5,Widowed,Tech-support,Wife,White,Male,7500,108,1,United-States,0.511828,POSITIVE
90,Private,Bachelors,1,Married-spouse-absent,Tech-support,Wife,White,Female,7500,762,51,United-States,0.455232,NEGATIVE
90,Private,Bachelors,1,Married-spouse-absent,Tech-support,Wife,White,Male,7500,762,51,United-States,0.581061,POSITIVE
79,Private,Bachelors,3,Married-spouse-absent,Tech-support,Wife,White,Female,7500,762,51,United-States,0.458866,NEGATIVE
79,Private,Bachelors,3,Married-spouse-absent,Tech-support,Wife,White,Male,7500,762,51,United-States,0.598339,POSITIVE
90,Private,Bachelors,3,Married-spouse-absent,Tech-support,Wife,White,Female,7500,762,1,United-States,0.451580,NEGATIVE
90,Private,Bachelors,3,Married-spouse-absent,Tech-support,Wife,White,Male,7500,762,1,United-States,0.563470,POSITIVE
83,Self-emp-not-inc,HS-grad,1,Widowed,Sales,Own-child,Asian-Pac-Islander,Female,7500,326,20,Canada,0.473615,NEGATIVE
83,Self-emp-not-inc,HS-grad,1,Widowed,Sales,Own-child,Asian-Pac-Islander,Male,7500,326,20,Canada,0.616090,POSITIVE
75,Without-pay,10th,5,Married-spouse-absent,Transport-moving,Other-relative,Other,Female,7500,2069,90,Italy,0.480652,NEGATIVE
75,Without-pay,10th,5,Married-spouse-absent,Transport-moving,Other-relative,Other,Male,7500,2069,90,Italy,0.622740,POSITIVE
76,Without-pay,Doctorate,7,Married-spouse-absent,Protective-serv,Other-relative,Black,Female,7500,1633,95,Jamaica,0.454287,NEGATIVE
76,Without-pay,Doctorate,7,Married-spouse-absent,Protective-serv,Other-relative,Black,Male,7500,1633,95,Jamaica,0.576532,POSITIVE
64,Without-pay,10th,7,Married-spouse-absent,Transport-moving,Other-relative,Other,Female,7500,2069,90,Italy,0.479664,NEGATIVE
64,Without-pay,10th,7,Married-spouse-absent,Transport-moving,Other-relative,Other,Male,7500,2069,90,Italy,0.621810,POSITIVE
75,Without-pay,10th,7,Married-spouse-absent,Transport-moving,Other-relative,Other,Female,7500,2069,40,Italy,0.462742,NEGATIVE
75,Without-pay,10th,7,Married-spouse-absent,Transport-moving,Other-relative,Other,Male,7500,2069,40,Italy,0.605710,POSITIVE
58,Private,Some-college,5,Married-spouse-absent,Craft-repair,Wife,White,Female,7500,1197,55,England,0.490311,NEGATIVE
58,Private,Some-college,5,Married-spouse-absent,Craft-repair,Wife,White,Male,7500,1197,55,England,0.631780,POSITIVE
67,Self-emp-inc,7th-8th,6,Married-spouse-absent,Machine-op-inspct,Not-in-family,Amer-Indian-Eskimo,Female,7500,1633,25,South,0.453079,NEGATIVE
67,Self-emp-inc,7th-8th,6,Married-spouse-absent,Machine-op-inspct,Not-in-family,Amer-Indian-Eskimo,Male,7500,1633,25,South,0.570715,POSITIVE
56,Local-gov,Bachelors,5,Widowed,Tech-support,Wife,White,Female,7500,1197,1,United-States,0.455838,NEGATIVE
56,Local-gov,Bachelors,5,Widowed,Tech-support,Wife,White,Male,7500,1197,1,United-States,0.583958,POSITIVE
75,Federal-gov,Doctorate,3,Married-spouse-absent,Protective-serv,Other-relative,Black,Female,7500,2069,95,Jamaica,0.447428,NEGATIVE
75,Federal-gov,Doctorate,3,Married-spouse-absent,Protective-serv,Other-relative,Black,Male,7500,2069,95,Jamaica,0.543248,POSITIVE
68,Private,Some-college,3,Married-spouse-absent,Craft-repair,Wife,White,Female,7500,1851,5,England,0.485540,NEGATIVE
68,Private,Some-college,3,Married-spouse-absent,Craft-repair,Wife,White,Male,7500,1851,5,England,0.627327,POSITIVE
71,State-gov,Assoc-voc,1,Widowed,Prof-specialty,Husband,Amer-Indian-Eskimo,Female,7500,1415,70,Japan,0.488799,NEGATIVE
71,State-gov,Assoc-voc,1,Widowed,Prof-specialty,Husband,Amer-Indian-Eskimo,Male,7500,1415,70,Japan,0.630372,POSITIVE
61,State-gov,7th-8th,2,Widowed,Machine-op-inspct,Not-in-family,Amer-Indian-Eskimo,Female,7500,1633,75,South,0.441412,NEGATIVE
61,State-gov,7th-8th,2,Widowed,Machine-op-inspct,Not-in-family,Amer-Indian-Eskimo,Male,7500,1633,75,South,0.513642,POSITIVE
71,State-gov,Masters,3,Widowed,Farming-fishing,Not-in-family,Other,Female,7500,1851,35,Honduras,0.449379,NEGATIVE
71,State-gov,Masters,3,Widowed,Farming-fishing,Not-in-family,Other,Male,7500,1851,35,Honduras,0.552776,POSITIVE
58,Private,Some-college,1,Widowed,Craft-repair,Wife,White,Female,7500,1197,10,England,0.473421,NEGATIVE
58,Private,Some-college,1,Widowed,Craft-repair,Wife,White,Male,7500,1197,10,England,0.615906,POSITIVE
76,Federal-gov,Doctorate,7,Married-spouse-absent,Protective-serv,Other-relative,Black,Female,7500,980,95,Jamaica,0.443704,NEGATIVE
76,Federal-gov,Doctorate,7,Married-spouse-absent,Protective-serv,Other-relative,Black,Male,7500,980,95,Jamaica,0.524957,POSITIVE
56,Private,Bachelors,7,Married-spouse-absent,Tech-support,Wife,White,Female,7500,762,51,United-States,0.446975,NEGATIVE
56,Private,Bachelors,7,Married-spouse-absent,Tech-support,Wife,White,Male,7500,762,51,United-States,0.541031,POSITIVE
68,Private,Bachelors,7,Married-spouse-absent,Tech-support,Wife,White,Female,7500,762,1,United-States,0.458842,NEGATIVE
68,Private,Bachelors,7,Married-spouse-absent,Tech-support,Wife,White,Male,7500,762,1,United-States,0.598229,POSITIVE
60,Self-emp-not-inc,HS-grad,5,Widowed,Sales,Own-child,Asian-Pac-Islander,Female,7500,326,20,Canada,0.454580,NEGATIVE
60,Self-emp-not-inc,HS-grad,5,Widowed,Sales,Own-child,Asian-Pac-Islander,Male,7500,326,20,Canada,0.577936,POSITIVE
71,State-gov,Assoc-voc,3,Widowed,Prof-specialty,Husband,Amer-Indian-Eskimo,Female,7500,762,70,Japan,0.467920,NEGATIVE
71,State-gov,Assoc-voc,3,Widowed,Prof-specialty,Husband,Amer-Indian-Eskimo,Male,7500,762,70,Japan,0.610669,POSITIVE
71,Self-emp-inc,Masters,3,Widowed,Farming-fishing,Not-in-family,Other,Female,7500,762,70,Honduras,0.445554,NEGATIVE
71,Self-emp-inc,Masters,3,Widowed,Farming-fishing,Not-in-family,Other,Male,7500,762,70,Honduras,0.534058,POSITIVE
89,State-gov,7th-8th,7,Widowed,Machine-op-inspct,Not-in-family,Amer-Indian-Eskimo,Female,2500,1633,75,El-Salvador,0.481532,NEGATIVE
89,State-gov,7th-8th,7,Widowed,Machine-op-inspct,Not-in-family,Amer-Indian-Eskimo,Male,2500,1633,75,El-Salvador,0.558134,POSITIVE
87,Without-pay,Doctorate,7,Widowed,Protective-serv,Other-relative,Black,Female,2500,2069,95,Columbia,0.446181,NEGATIVE
87,Without-pay,Doctorate,7,Widowed,Protective-serv,Other-relative,Black,Male,2500,2069,95,Columbia,0.537136,POSITIVE
97,Without-pay,Doctorate,5,Widowed,Protective-serv,Other-relative,Black,Female,2500,2069,95,Columbia,0.448798,NEGATIVE
97,Without-pay,Doctorate,5,Widowed,Protective-serv,Other-relative,Black,Male,2500,2069,95,Columbia,0.549942,POSITIVE
97,Without-pay,Doctorate,7,Widowed,Protective-serv,Other-relative,Black,Female,2500,2069,45,Columbia,0.445155,NEGATIVE
97,Without-pay,Doctorate,7,Widowed,Protective-serv,Other-relative,Black,Male,2500,2069,45,Columbia,0.532096,POSITIVE
81,Private,Some-college,5,Widowed,Craft-repair,Wife,White,Female,2500,1197,55,Nicaragua,0.459422,NEGATIVE
81,Private,Some-college,5,Widowed,Craft-repair,Wife,White,Male,2500,1197,55,Nicaragua,0.563513,POSITIVE
81,Private,Some-college,5,Widowed,Craft-repair,Wife,White,Female,2500,1197,55,Ireland,0.456170,NEGATIVE
81,Private,Some-college,5,Widowed,Craft-repair,Wife,White,Male,2500,1197,55,Ireland,0.585543,POSITIVE
89,Self-emp-inc,7th-8th,6,Widowed,Machine-op-inspct,Not-in-family,Amer-Indian-Eskimo,Female,2500,1633,25,Guatemala,0.455415,NEGATIVE
89,Self-emp-inc,7th-8th,6,Widowed,Machine-op-inspct,Not-in-family,Amer-Indian-Eskimo,Male,2500,1633,25,Guatemala,0.581936,POSITIVE
75,Federal-gov,Doctorate,7,Widowed,Protective-serv,Other-relative,Black,Female,2500,2069,95,Peru,0.448484,NEGATIVE
75,Federal-gov,Doctorate,7,Widowed,Protective-serv,Other-relative,Black,Male,2500,2069,95,Peru,0.548410,POSITIVE
85,Self-emp-not-inc,Prof-school,7,Widowed,Exec-managerial,Own-child,Asian-Pac-Islander,Female,2500,762,65,Thailand,0.441928,NEGATIVE
85,Self-emp-not-inc,Prof-school,7,Widowed,Exec-managerial,Own-child,Asian-Pac-Islander,Male,2500,762,65,Thailand,0.516192,POSITIVE
97,Federal-gov,Doctorate,7,Widowed,Protective-serv,Other-relative,Black,Female,2500,980,95,Columbia,0.439866,NEGATIVE
97,Federal-gov,Doctorate,7,Widowed,Protective-serv,Other-relative,Black,Male,2500,980,95,Columbia,0.505999,POSITIVE
97,Federal-gov,Doctorate,3,Widowed,Protective-serv,Other-relative,Black,Female,2500,2069,95,Peru,0.481943,NEGATIVE
97,Federal-gov,Doctorate,3,Widowed,Protective-serv,Other-relative,Black,Male,2500,2069,95,Peru,0.568579,POSITIVE
95,Self-emp-inc,7th-8th,7,Married-spouse-absent,Machine-op-inspct,Not-in-family,Amer-Indian-Eskimo,Female,2500,2069,75,South,0.454450,NEGATIVE
95,Self-emp-inc,7th-8th,7,Married-spouse-absent,Machine-op-inspct,Not-in-family,Amer-Indian-Eskimo,Male,2500,2069,75,South,0.577312,POSITIVE
93,State-gov,Masters,7,Widowed,Farming-fishing,Not-in-family,Other,Female,2500,1851,70,Honduras,0.465804,NEGATIVE
93,State-gov,Masters,7,Widowed,Farming-fishing,Not-in-family,Other,Male,2500,1851,70,Honduras,0.608646,POSITIVE
80,Self-emp-not-inc,HS-grad,5,Widowed,Sales,Own-child,Asian-Pac-Islander,Female,2500,1197,60,Canada,0.457274,NEGATIVE
80,Self-emp-not-inc,HS-grad,5,Widowed,Sales,Own-child,Asian-Pac-Islander,Male,2500,1197,60,Canada,0.590803,POSITIVE
87,Self-emp-not-inc,Assoc-voc,6,Widowed,Prof-specialty,Husband,Amer-Indian-Eskimo,Female,2500,1633,20,Japan,0.459410,NEGATIVE
87,Self-emp-not-inc,Assoc-voc,6,Widowed,Prof-specialty,Husband,Amer-Indian-Eskimo,Male,2500,1633,20,Japan,0.600903,POSITIVE
73,Self-emp-inc,10th,7,Widowed,Transport-moving,Other-relative,Other,Female,2500,1851,90,Italy,0.449516,NEGATIVE
73,Self-emp-inc,10th,7,Widowed,Transport-moving,Other-relative,Other,Male,2500,1851,90,Italy,0.553443,POSITIVE
71,Self-emp-not-inc,Assoc-voc,7,Widowed,Prof-specialty,Husband,Amer-Indian-Eskimo,Female,2500,1851,20,Japan,0.456961,NEGATIVE
71,Self-emp-not-inc,Assoc-voc,7,Widowed,Prof-specialty,Husband,Amer-Indian-Eskimo,Male,2500,1851,20,Japan,0.589311,POSITIVE
97,Federal-gov,Doctorate,7,Widowed,Protective-serv,Other-relative,Black,Female,2500,980,90,Jamaica,0.446912,NEGATIVE
97,Federal-gov,Doctorate,7,Widowed,Protective-serv,Other-relative,Black,Male,2500,980,90,Jamaica,0.540722,POSITIVE
95,Self-emp-inc,10th,3,Widowed,Transport-moving,Other-relative,Other,Female,2500,1851,90,Italy,0.446096,NEGATIVE
95,Self-emp-inc,10th,3,Widowed,Transport-moving,Other-relative,Other,Male,2500,1851,90,Italy,0.536717,POSITIVE
56,Local-gov,Bachelors,5,Married-civ-spouse,Tech-support,Wife,White,Female,12500,108,1,Hong,0.446482,NEGATIVE
56,Local-gov,Bachelors,5,Married-civ-spouse,Tech-support,Wife,White,Male,12500,108,1,Hong,0.572069,POSITIVE
56,Local-gov,Bachelors,1,Married-civ-spouse,Tech-support,Wife,White,Female,12500,2286,1,Hong,0.411026,NEGATIVE
56,Local-gov,Bachelors,1,Married-civ-spouse,Tech-support,Wife,White,Male,12500,2286,1,Hong,0.536303,POSITIVE
56,Local-gov,Bachelors,1,Married-civ-spouse,Tech-support,Wife,White,Female,12500,1197,51,Hong,0.492590,NEGATIVE
56,Local-gov,Bachelors,1,Married-civ-spouse,Tech-support,Wife,White,Male,12500,1197,51,Hong,0.616698,POSITIVE
56,Local-gov,Bachelors,1,Married-civ-spouse,Tech-support,Wife,White,Female,12500,108,76,Hong,0.450142,NEGATIVE
56,Local-gov,Bachelors,1,Married-civ-spouse,Tech-support,Wife,White,Male,12500,108,76,Hong,0.575688,POSITIVE
64,Local-gov,HS-grad,1,Married-civ-spouse,Sales,Own-child,Asian-Pac-Islander,Female,12500,326,55,Hong,0.408702,NEGATIVE
64,Local-gov,HS-grad,1,Married-civ-spouse,Sales,Own-child,Asian-Pac-Islander,Male,12500,326,55,Hong,0.533913,POSITIVE
64,Local-gov,HS-grad,1,Married-civ-spouse,Sales,Own-child,Asian-Pac-Islander,Female,12500,544,10,Trinadad&Tobago,0.446710,NEGATIVE
64,Local-gov,HS-grad,1,Married-civ-spouse,Sales,Own-child,Asian-Pac-Islander,Male,12500,544,10,Trinadad&Tobago,0.572295,POSITIVE
56,Private,Bachelors,1,Married-civ-spouse,Tech-support,Wife,White,Female,12500,108,1,El-Salvador,0.469464,NEGATIVE
56,Private,Bachelors,1,Married-civ-spouse,Tech-support,Wife,White,Male,12500,108,1,El-Salvador,0.594572,POSITIVE
56,Local-gov,Bachelors,1,Married-civ-spouse,Tech-support,Wife,White,Female,12500,108,26,Thailand,0.495012,NEGATIVE
56,Local-gov,Bachelors,1,Married-civ-spouse,Tech-support,Wife,White,Male,12500,108,26,Thailand,0.618985,POSITIVE
60,Local-gov,Some-college,1,Married-civ-spouse,Craft-repair,Wife,White,Female,12500,108,3,Thailand,0.412209,NEGATIVE
60,Local-gov,Some-college,1,Married-civ-spouse,Craft-repair,Wife,White,Male,12500,108,3,Thailand,0.537518,POSITIVE
56,Local-gov,Bachelors,13,Never-married,Tech-support,Wife,White,Female,2500,2286,1,El-Salvador,0.431844,NEGATIVE
56,Local-gov,Bachelors,13,Never-married,Tech-support,Wife,White,Male,2500,2286,1,El-Salvador,0.557462,POSITIVE
56,Private,Bachelors,9,Never-married,Tech-support,Wife,White,Female,2500,3375,1,El-Salvador,0.445352,NEGATIVE
56,Private,Bachelors,9,Never-married,Tech-support,Wife,White,Male,2500,3375,1,El-Salvador,0.570950,POSITIVE
81,Self-emp-not-inc,Some-college,9,Never-married,Craft-repair,Wife,White,Female,2500,2286,10,El-Salvador,0.387862,NEGATIVE
81,Self-emp-not-inc,Some-college,9,Never-married,Craft-repair,Wife,White,Male,2500,2286,10,El-Salvador,0.512220,POSITIVE
79,Local-gov,Bachelors,9,Never-married,Tech-support,Wife,White,Female,2500,2286,1,Guatemala,0.384558,NEGATIVE
79,Local-gov,Bachelors,9,Never-married,Tech-support,Wife,White,Male,2500,2286,1,Guatemala,0.508737,POSITIVE
60,Self-emp-not-inc,HS-grad,9,Never-married,Sales,Own-child,Asian-Pac-Islander,Female,2500,2504,20,Trinadad&Tobago,0.390069,NEGATIVE
60,Self-emp-not-inc,HS-grad,9,Never-married,Sales,Own-child,Asian-Pac-Islander,Male,2500,2504,20,Trinadad&Tobago,0.514539,POSITIVE
58,Local-gov,Some-college,9,Never-married,Craft-repair,Wife,White,Female,2500,2286,5,Guatemala,0.408240,NEGATIVE
58,Local-gov,Some-college,9,Never-married,Craft-repair,Wife,White,Male,2500,2286,5,Guatemala,0.533438,POSITIVE
83,Local-gov,HS-grad,13,Never-married,Sales,Own-child,Asian-Pac-Islander,Female,2500,1415,10,Trinadad&Tobago,0.447008,NEGATIVE
83,Local-gov,HS-grad,13,Never-married,Sales,Own-child,Asian-Pac-Islander,Male,2500,1415,10,Trinadad&Tobago,0.572591,POSITIVE
56,Private,Bachelors,13,Never-married,Tech-support,Wife,White,Female,2500,1197,1,El-Salvador,0.481349,NEGATIVE
56,Private,Bachelors,13,Never-married,Tech-support,Wife,White,Male,2500,1197,1,El-Salvador,0.606007,POSITIVE
81,Self-emp-not-inc,Some-college,13,Never-married,Craft-repair,Wife,White,Female,2500,108,10,El-Salvador,0.397784,NEGATIVE
81,Self-emp-not-inc,Some-college,13,Never-married,Craft-repair,Wife,White,Male,2500,108,10,El-Salvador,0.522607,POSITIVE
79,Local-gov,Bachelors,13,Never-married,Tech-support,Wife,White,Female,2500,108,1,Guatemala,0.419357,NEGATIVE
79,Local-gov,Bachelors,13,Never-married,Tech-support,Wife,White,Male,2500,108,1,Guatemala,0.544825,POSITIVE
58,Local-gov,Some-college,13,Separated,Craft-repair,Wife,White,Female,2500,108,5,Nicaragua,0.488288,NEGATIVE
58,Local-gov,Some-college,13,Separated,Craft-repair,Wife,White,Male,2500,108,5,Nicaragua,0.574800,POSITIVE
57,Local-gov,Some-college,13,Separated,Craft-repair,Wife,White,Female,2500,108,5,Ireland,0.448510,NEGATIVE
57,Local-gov,Some-college,13,Separated,Craft-repair,Wife,White,Male,2500,108,5,Ireland,0.548540,POSITIVE
58,Local-gov,Some-college,13,Never-married,Craft-repair,Wife,White,Female,2500,108,55,El-Salvador,0.399738,NEGATIVE
58,Local-gov,Some-college,13,Never-married,Craft-repair,Wife,White,Male,2500,108,55,El-Salvador,0.524639,POSITIVE
56,Local-gov,Bachelors,13,Never-married,Tech-support,Wife,White,Female,2500,108,1,Guatemala,0.392910,NEGATIVE
56,Local-gov,Bachelors,13,Never-married,Tech-support,Wife,White,Male,2500,108,1,Guatemala,0.517517,POSITIVE
58,Private,Some-college,13,Never-married,Craft-repair,Wife,White,Female,2500,108,10,El-Salvador,0.387315,NEGATIVE
58,Private,Some-college,13,Never-married,Craft-repair,Wife,White,Male,2500,108,10,El-Salvador,0.511644,POSITIVE
79,Local-gov,Bachelors,9,Separated,Tech-support,Wife,White,Female,2500,1197,1,Guatemala,0.472796,NEGATIVE
79,Local-gov,Bachelors,9,Separated,Tech-support,Wife,White,Male,2500,1197,1,Guatemala,0.597792,POSITIVE
79,Private,Bachelors,9,Never-married,Tech-support,Wife,White,Female,2500,1197,1,Guatemala,0.432771,NEGATIVE
79,Private,Bachelors,9,Never-married,Tech-support,Wife,White,Male,2500,1197,1,Guatemala,0.558393,POSITIVE
56,Local-gov,Bachelors,9,Separated,Tech-support,Wife,White,Female,2500,1197,1,Portugal,0.454554,NEGATIVE
56,Local-gov,Bachelors,9,Separated,Tech-support,Wife,White,Male,2500,1197,1,Portugal,0.577813,POSITIVE
56,Local-gov,Bachelors,9,Never-married,Tech-support,Wife,White,Female,2500,1197,51,Guatemala,0.437862,NEGATIVE
56,Local-gov,Bachelors,9,Never-married,Tech-support,Wife,White,Male,2500,1197,51,Guatemala,0.563494,POSITIVE
73,Without-pay,10th,11,Never-married,Transport-moving,Other-relative,Other,Female,2500,1851,40,El-Salvador,0.486515,NEGATIVE
73,Without-pay,10th,11,Never-married,Transport-moving,Other-relative,Other,Male,2500,1851,40,El-Salvador,0.610935,POSITIVE
56,Private,Bachelors,9,Never-married,Tech-support,Wife,White,Female,2500,1197,1,Guatemala,0.406070,NEGATIVE
56,Private,Bachelors,9,Never-married,Tech-support,Wife,White,Male,2500,1197,1,Guatemala,0.531199,POSITIVE
79,Local-gov,Bachelors,9,Separated,Tech-support,Wife,White,Female,2500,108,1,Portugal,0.439769,NEGATIVE
79,Local-gov,Bachelors,9,Separated,Tech-support,Wife,White,Male,2500,108,1,Portugal,0.505520,POSITIVE
85,Self-emp-not-inc,Prof-school,9,Separated,Exec-managerial,Own-child,Asian-Pac-Islander,Female,2500,326,15,Thailand,0.498043,NEGATIVE
85,Self-emp-not-inc,Prof-school,9,Separated,Exec-managerial,Own-child,Asian-Pac-Islander,Male,2500,326,15,Thailand,0.621841,POSITIVE
87,State-gov,Assoc-voc,10,Never-married,Prof-specialty,Husband,Amer-Indian-Eskimo,Female,2500,544,70,Yugoslavia,0.389165,NEGATIVE
87,State-gov,Assoc-voc,10,Never-married,Prof-specialty,Husband,Amer-Indian-Eskimo,Male,2500,544,70,Yugoslavia,0.513590,POSITIVE
87,State-gov,Assoc-voc,10,Never-married,Prof-specialty,Husband,Amer-Indian-Eskimo,Female,2500,544,20,Columbia,0.491393,NEGATIVE
87,State-gov,Assoc-voc,10,Never-married,Prof-specialty,Husband,Amer-Indian-Eskimo,Male,2500,544,20,Columbia,0.615564,POSITIVE
85,Self-emp-not-inc,Prof-school,9,Never-married,Exec-managerial,Own-child,Asian-Pac-Islander,Female,2500,326,30,Thailand,0.392628,NEGATIVE
85,Self-emp-not-inc,Prof-school,9,Never-married,Exec-managerial,Own-child,Asian-Pac-Islander,Male,2500,326,30,Thailand,0.517223,POSITIVE
60,Self-emp-not-inc,HS-grad,9,Separated,Sales,Own-child,Asian-Pac-Islander,Female,2500,326,20,Laos,0.453817,NEGATIVE
60,Self-emp-not-inc,HS-grad,9,Separated,Sales,Own-child,Asian-Pac-Islander,Male,2500,326,20,Laos,0.574272,POSITIVE
67,State-gov,7th-8th,10,Never-married,Machine-op-inspct,Not-in-family,Amer-Indian-Eskimo,Female,2500,544,75,El-Salvador,0.385080,NEGATIVE
67,State-gov,7th-8th,10,Never-married,Machine-op-inspct,Not-in-family,Amer-Indian-Eskimo,Male,2500,544,75,El-Salvador,0.509288,POSITIVE
64,State-gov,Assoc-voc,10,Never-married,Prof-specialty,Husband,Amer-Indian-Eskimo,Female,2500,544,20,Columbia,0.464508,NEGATIVE
64,State-gov,Assoc-voc,10,Never-married,Prof-specialty,Husband,Amer-Indian-Eskimo,Male,2500,544,20,Columbia,0.589764,POSITIVE
56,Private,Bachelors,9,Never-married,Tech-support,Wife,White,Female,2500,108,51,Guatemala,0.487464,NEGATIVE
56,Private,Bachelors,9,Never-married,Tech-support,Wife,White,Male,2500,108,51,Guatemala,0.611838,POSITIVE
73,Self-emp-inc,10th,11,Never-married,Transport-moving,Other-relative,Other,Female,2500,762,40,El-Salvador,0.492900,NEGATIVE
73,Self-emp-inc,10th,11,Never-married,Transport-moving,Other-relative,Other,Male,2500,762,40,El-Salvador,0.616991,POSITIVE
58,Self-emp-not-inc,Some-college,9,Separated,Craft-repair,Wife,White,Female,2500,108,10,England,0.470708,NEGATIVE
58,Self-emp-not-inc,Some-college,9,Separated,Craft-repair,Wife,White,Male,2500,108,10,England,0.613327,POSITIVE
56,Local-gov,Bachelors,1,Never-married,Tech-support,Wife,White,Female,7500,3375,1,El-Salvador,0.379992,NEGATIVE
56,Local-gov,Bachelors,1,Never-married,Tech-support,Wife,White,Male,7500,3375,1,El-Salvador,0.503903,POSITIVE
79,Private,Bachelors,1,Never-married,Tech-support,Wife,White,Female,7500,2286,1,El-Salvador,0.455069,NEGATIVE
79,Private,Bachelors,1,Never-married,Tech-support,Wife,White,Male,7500,2286,1,El-Salvador,0.580539,POSITIVE
56,Private,Bachelors,1,Never-married,Tech-support,Wife,White,Female,7500,2286,1,El-Salvador,0.428030,NEGATIVE
56,Private,Bachelors,1,Never-married,Tech-support,Wife,White,Male,7500,2286,1,El-Salvador,0.553619,POSITIVE
79,Private,Bachelors,5,Never-married,Tech-support,Wife,White,Female,2500,3375,1,Guatemala,0.397622,NEGATIVE
79,Private,Bachelors,5,Never-married,Tech-support,Wife,White,Male,2500,3375,1,Guatemala,0.522438,POSITIVE
79,Local-gov,Bachelors,5,Never-married,Tech-support,Wife,White,Female,2500,3375,1,Ecuador,0.473813,NEGATIVE
79,Local-gov,Bachelors,5,Never-married,Tech-support,Wife,White,Male,2500,3375,1,Ecuador,0.598772,POSITIVE
56,Local-gov,Bachelors,5,Separated,Tech-support,Wife,White,Female,2500,3375,1,Guatemala,0.410128,NEGATIVE
56,Local-gov,Bachelors,5,Separated,Tech-support,Wife,White,Male,2500,3375,1,Guatemala,0.535381,POSITIVE
58,Self-emp-not-inc,Some-college,5,Never-married,Craft-repair,Wife,White,Female,2500,3375,10,Nicaragua,0.396165,NEGATIVE
58,Self-emp-not-inc,Some-college,5,Never-married,Craft-repair,Wife,White,Male,2500,3375,10,Nicaragua,0.520920,POSITIVE
56,Local-gov,Bachelors,5,Never-married,Tech-support,Wife,White,Female,2500,3375,1,Ecuador,0.446573,NEGATIVE
56,Local-gov,Bachelors,5,Never-married,Tech-support,Wife,White,Male,2500,3375,1,Ecuador,0.572160,POSITIVE
79,Local-gov,Bachelors,7,Separated,Tech-support,Wife,White,Female,2500,2286,51,El-Salvador,0.410600,NEGATIVE
79,Local-gov,Bachelors,7,Separated,Tech-support,Wife,White,Male,2500,2286,51,El-Salvador,0.535866,POSITIVE
93,State-gov,Masters,5,Separated,Farming-fishing,Not-in-family,Other,Female,2500,2504,85,Trinadad&Tobago,0.499662,NEGATIVE
93,State-gov,Masters,5,Separated,Farming-fishing,Not-in-family,Other,Male,2500,2504,85,Trinadad&Tobago,0.623362,POSITIVE
89,State-gov,7th-8th,6,Separated,Machine-op-inspct,Not-in-family,Amer-Indian-Eskimo,Female,2500,2722,25,El-Salvador,0.383590,NEGATIVE
89,State-gov,7th-8th,6,Separated,Machine-op-inspct,Not-in-family,Amer-Indian-Eskimo,Male,2500,2722,25,El-Salvador,0.507714,POSITIVE
79,Private,Bachelors,5,Separated,Tech-support,Wife,White,Female,2500,2286,51,El-Salvador,0.441714,NEGATIVE
79,Private,Bachelors,5,Separated,Tech-support,Wife,White,Male,2500,2286,51,El-Salvador,0.567335,POSITIVE
79,Private,Bachelors,5,Separated,Tech-support,Wife,White,Female,2500,2286,1,Guatemala,0.486488,NEGATIVE
79,Private,Bachelors,5,Separated,Tech-support,Wife,White,Male,2500,2286,1,Guatemala,0.610909,POSITIVE
91,Local-gov,12th,6,Never-married,Adm-clerical,Not-in-family,Amer-Indian-Eskimo,Female,2500,2722,60,El-Salvador,0.385174,NEGATIVE
91,Local-gov,12th,6,Never-married,Adm-clerical,Not-in-family,Amer-Indian-Eskimo,Male,2500,2722,60,El-Salvador,0.509386,POSITIVE
83,Local-gov,HS-grad,5,Never-married,Sales,Own-child,Asian-Pac-Islander,Female,2500,2504,10,Taiwan,0.411098,NEGATIVE
83,Local-gov,HS-grad,5,Never-married,Sales,Own-child,Asian-Pac-Islander,Male,2500,2504,10,Taiwan,0.536377,POSITIVE
56,Local-gov,Bachelors,5,Separated,Tech-support,Wife,White,Female,2500,2286,51,Guatemala,0.491663,NEGATIVE
56,Local-gov,Bachelors,5,Separated,Tech-support,Wife,White,Male,2500,2286,51,Guatemala,0.615820,POSITIVE
69,State-gov,12th,6,Separated,Adm-clerical,Not-in-family,Amer-Indian-Eskimo,Female,2500,2722,30,El-Salvador,0.379641,NEGATIVE
69,State-gov,12th,6,Separated,Adm-clerical,Not-in-family,Amer-Indian-Eskimo,Male,2500,2722,30,El-Salvador,0.503531,POSITIVE
56,Private,Bachelors,5,Separated,Tech-support,Wife,White,Female,2500,2286,1,Guatemala,0.459155,NEGATIVE
56,Private,Bachelors,5,Separated,Tech-support,Wife,White,Male,2500,2286,1,Guatemala,0.584543,POSITIVE
75,State-gov,Doctorate,7,Never-married,Protective-serv,Other-relative,Black,Female,2500,3158,90,Peru,0.493145,NEGATIVE
75,State-gov,Doctorate,7,Never-married,Protective-serv,Other-relative,Black,Male,2500,3158,90,Peru,0.617222,POSITIVE
85,State-gov,Prof-school,1,Separated,Exec-managerial,Own-child,Asian-Pac-Islander,Female,2500,3593,65,Thailand,0.384795,NEGATIVE
85,State-gov,Prof-school,1,Separated,Exec-managerial,Own-child,Asian-Pac-Islander,Male,2500,3593,65,Thailand,0.508987,POSITIVE
89,State-gov,7th-8th,2,Separated,Machine-op-inspct,Not-in-family,Amer-Indian-Eskimo,Female,2500,3811,25,Guatemala,0.472793,NEGATIVE
89,State-gov,7th-8th,2,Separated,Machine-op-inspct,Not-in-family,Amer-Indian-Eskimo,Male,2500,3811,25,Guatemala,0.597789,POSITIVE
85,Self-emp-not-inc,Prof-school,1,Separated,Exec-managerial,Own-child,Asian-Pac-Islander,Female,2500,3593,65,Trinadad&Tobago,0.379724,NEGATIVE
85,Self-emp-not-inc,Prof-school,1,Separated,Exec-managerial,Own-child,Asian-Pac-Islander,Male,2500,3593,65,Trinadad&Tobago,0.503619,POSITIVE
97,Federal-gov,Doctorate,3,Separated,Protective-serv,Other-relative,Black,Female,2500,4247,45,Peru,0.495300,NEGATIVE
97,Federal-gov,Doctorate,3,Separated,Protective-serv,Other-relative,Black,Male,2500,4247,45,Peru,0.619257,POSITIVE
87,Self-emp-inc,Assoc-voc,2,Never-married,Prof-specialty,Husband,Amer-Indian-Eskimo,Female,2500,3811,40,Columbia,0.481947,NEGATIVE
87,Self-emp-inc,Assoc-voc,2,Never-married,Prof-specialty,Husband,Amer-Indian-Eskimo,Male,2500,3811,40,Columbia,0.606578,POSITIVE
64,State-gov,Assoc-voc,2,Separated,Prof-specialty,Husband,Amer-Indian-Eskimo,Female,2500,3811,70,Yugoslavia,0.380615,NEGATIVE
64,State-gov,Assoc-voc,2,Separated,Prof-specialty,Husband,Amer-Indian-Eskimo,Male,2500,3811,70,Yugoslavia,0.504564,POSITIVE
64,State-gov,Assoc-voc,2,Separated,Prof-specialty,Husband,Amer-Indian-Eskimo,Female,2500,3811,20,Columbia,0.482371,NEGATIVE
64,State-gov,Assoc-voc,2,Separated,Prof-specialty,Husband,Amer-Indian-Eskimo,Male,2500,3811,20,Columbia,0.606983,POSITIVE
64,Self-emp-not-inc,Assoc-voc,1,Separated,Prof-specialty,Husband,Amer-Indian-Eskimo,Female,2500,3811,70,Yugoslavia,0.499829,NEGATIVE
64,Self-emp-not-inc,Assoc-voc,1,Separated,Prof-specialty,Husband,Amer-Indian-Eskimo,Male,2500,3811,70,Yugoslavia,0.623519,POSITIVE
75,Federal-gov,Doctorate,3,Separated,Protective-serv,Other-relative,Black,Female,2500,4247,45,Peru,0.468992,NEGATIVE
75,Federal-gov,Doctorate,3,Separated,Protective-serv,Other-relative,Black,Male,2500,4247,45,Peru,0.594115,POSITIVE
62,Self-emp-inc,Prof-school,1,Never-married,Exec-managerial,Own-child,Asian-Pac-Islander,Female,2500,3593,30,Taiwan,0.488159,NEGATIVE
62,Self-emp-inc,Prof-school,1,Never-married,Exec-managerial,Own-child,Asian-Pac-Islander,Male,2500,3593,30,Taiwan,0.612497,POSITIVE
93,Local-gov,Masters,3,Separated,Farming-fishing,Not-in-family,Other,Female,2500,2940,70,Thailand,0.472455,NEGATIVE
93,Local-gov,Masters,3,Separated,Farming-fishing,Not-in-family,Other,Male,2500,2940,70,Thailand,0.597462,POSITIVE
79,Private,Bachelors,1,Never-married,Tech-support,Wife,White,Female,2500,2286,1,Portugal,0.447506,NEGATIVE
79,Private,Bachelors,1,Never-married,Tech-support,Wife,White,Male,2500,2286,1,Portugal,0.573084,POSITIVE
69,Local-gov,12th,2,Separated,Adm-clerical,Not-in-family,Amer-Indian-Eskimo,Female,2500,2722,60,Nicaragua,0.479015,NEGATIVE
69,Local-gov,12th,2,Separated,Adm-clerical,Not-in-family,Amer-Indian-Eskimo,Male,2500,2722,60,Nicaragua,0.603772,POSITIVE
56,Private,Bachelors,1,Never-married,Tech-support,Wife,White,Female,2500,2286,1,Portugal,0.420570,NEGATIVE
56,Private,Bachelors,1,Never-married,Tech-support,Wife,White,Male,2500,2286,1,Portugal,0.546059,POSITIVE
60,Local-gov,HS-grad,1,Separated,Sales,Own-child,Asian-Pac-Islander,Female,2500,2504,60,Canada,0.445869,NEGATIVE
60,Local-gov,HS-grad,1,Separated,Sales,Own-child,Asian-Pac-Islander,Male,2500,2504,60,Canada,0.535607,POSITIVE
69,State-gov,12th,2,Separated,Adm-clerical,Not-in-family,Amer-Indian-Eskimo,Female,2500,2722,30,Italy,0.457686,NEGATIVE
69,State-gov,12th,2,Separated,Adm-clerical,Not-in-family,Amer-Indian-Eskimo,Male,2500,2722,30,Italy,0.592755,POSITIVE
70,State-gov,Prof-school,1,Separated,Exec-managerial,Own-child,Asian-Pac-Islander,Female,2500,2504,15,Puerto-Rico,0.456892,NEGATIVE
70,State-gov,Prof-school,1,Separated,Exec-managerial,Own-child,Asian-Pac-Islander,Male,2500,2504,15,Puerto-Rico,0.588983,POSITIVE
64,Without-pay,10th,3,Separated,Transport-moving,Other-relative,Other,Female,2500,2940,40,Japan,0.442037,NEGATIVE
64,Without-pay,10th,3,Separated,Transport-moving,Other-relative,Other,Male,2500,2940,40,Japan,0.516730,POSITIVE
56,Private,Bachelors,1,Separated,Tech-support,Wife,White,Female,2500,2286,1,China,0.441038,NEGATIVE
56,Private,Bachelors,1,Separated,Tech-support,Wife,White,Male,2500,2286,1,China,0.511798,POSITIVE
79,Local-gov,Bachelors,5,Never-married,Tech-support,Wife,White,Female,7500,1197,1,El-Salvador,0.441502,NEGATIVE
79,Local-gov,Bachelors,5,Never-married,Tech-support,Wife,White,Male,7500,1197,1,El-Salvador,0.567124,POSITIVE
56,Local-gov,Bachelors,5,Never-married,Tech-support,Wife,White,Female,7500,1197,1,El-Salvador,0.414656,NEGATIVE
56,Local-gov,Bachelors,5,Never-married,Tech-support,Wife,White,Male,7500,1197,1,El-Salvador,0.540025,POSITIVE
79,Private,Bachelors,5,Never-married,Tech-support,Wife,White,Female,7500,108,1,El-Salvador,0.491156,NEGATIVE
79,Private,Bachelors,5,Never-married,Tech-support,Wife,White,Male,7500,108,1,El-Salvador,0.615341,POSITIVE
56,Local-gov,Bachelors,5,Never-married,Tech-support,Wife,White,Female,7500,108,51,El-Salvador,0.496334,NEGATIVE
56,Local-gov,Bachelors,5,Never-married,Tech-support,Wife,White,Male,7500,108,51,El-Salvador,0.620231,POSITIVE
56,Local-gov,Bachelors,7,Never-married,Tech-support,Wife,White,Female,7500,108,1,El-Salvador,0.432333,NEGATIVE
56,Local-gov,Bachelors,7,Never-married,Tech-support,Wife,White,Male,7500,108,1,El-Salvador,0.557953,POSITIVE
56,Private,Bachelors,5,Never-married,Tech-support,Wife,White,Female,7500,108,1,El-Salvador,0.463798,NEGATIVE
56,Private,Bachelors,5,Never-married,Tech-support,Wife,White,Male,7500,108,1,El-Salvador,0.589073,POSITIVE
83,Self-emp-not-inc,HS-grad,1,Never-married,Sales,Own-child,Asian-Pac-Islander,Female,7500,1415,20,Trinadad&Tobago,0.399220,NEGATIVE
83,Self-emp-not-inc,HS-grad,1,Never-married,Sales,Own-child,Asian-Pac-Islander,Male,7500,1415,20,Trinadad&Tobago,0.524101,POSITIVE
81,Local-gov,Some-college,1,Never-married,Craft-repair,Wife,White,Female,7500,1197,5,Guatemala,0.417642,NEGATIVE
81,Local-gov,Some-college,1,Never-married,Craft-repair,Wife,White,Male,7500,1197,5,Guatemala,0.543077,POSITIVE
60,Local-gov,HS-grad,1,Never-married,Sales,Own-child,Asian-Pac-Islander,Female,7500,1415,60,Trinadad&Tobago,0.398162,NEGATIVE
60,Local-gov,HS-grad,1,Never-married,Sales,Own-child,Asian-Pac-Islander,Male,7500,1415,60,Trinadad&Tobago,0.523001,POSITIVE
60,Local-gov,HS-grad,1,Never-married,Sales,Own-child,Asian-Pac-Islander,Female,7500,1415,10,Scotland,0.384799,NEGATIVE
60,Local-gov,HS-grad,1,Never-married,Sales,Own-child,Asian-Pac-Islander,Male,7500,1415,10,Scotland,0.508991,POSITIVE
60,Self-emp-not-inc,HS-grad,1,Never-married,Sales,Own-child,Asian-Pac-Islander,Female,7500,1415,20,Trinadad&Tobago,0.404478,NEGATIVE
60,Self-emp-not-inc,HS-grad,1,Never-married,Sales,Own-child,Asian-Pac-Islander,Male,7500,1415,20,Trinadad&Tobago,0.529554,POSITIVE
79,Local-gov,Bachelors,1,Separated,Tech-support,Wife,White,Female,7500,108,1,Guatemala,0.455283,NEGATIVE
79,Local-gov,Bachelors,1,Separated,Tech-support,Wife,White,Male,7500,108,1,Guatemala,0.580749,POSITIVE
79,Local-gov,Bachelors,1,Never-married,Tech-support,Wife,White,Female,7500,108,51,Guatemala,0.447548,NEGATIVE
79,Local-gov,Bachelors,1,Never-married,Tech-support,Wife,White,Male,7500,108,51,Guatemala,0.573126,POSITIVE
95,Without-pay,10th,3,Never-married,Transport-moving,Other-relative,Other,Female,7500,762,40,El-Salvador,0.495373,NEGATIVE
95,Without-pay,10th,3,Never-married,Transport-moving,Other-relative,Other,Male,7500,762,40,El-Salvador,0.619326,POSITIVE
79,Private,Bachelors,1,Never-married,Tech-support,Wife,White,Female,7500,108,1,Guatemala,0.415572,NEGATIVE
79,Private,Bachelors,1,Never-married,Tech-support,Wife,White,Male,7500,108,1,Guatemala,0.540963,POSITIVE
61,State-gov,7th-8th,1,Separated,Machine-op-inspct,Not-in-family,Amer-Indian-Eskimo,Female,7500,544,75,El-Salvador,0.467257,NEGATIVE
61,State-gov,7th-8th,1,Separated,Machine-op-inspct,Not-in-family,Amer-Indian-Eskimo,Male,7500,544,75,El-Salvador,0.512308,POSITIVE
60,Local-gov,HS-grad,1,Separated,Sales,Own-child,Asian-Pac-Islander,Female,7500,326,60,France,0.440080,NEGATIVE
60,Local-gov,HS-grad,1,Separated,Sales,Own-child,Asian-Pac-Islander,Male,7500,326,60,France,0.507056,POSITIVE
67,State-gov,7th-8th,2,Separated,Machine-op-inspct,Not-in-family,Amer-Indian-Eskimo,Female,7500,544,25,Guatemala,0.455532,NEGATIVE
67,State-gov,7th-8th,2,Separated,Machine-op-inspct,Not-in-family,Amer-Indian-Eskimo,Male,7500,544,25,Guatemala,0.513950,POSITIVE
56,Local-gov,Bachelors,1,Never-married,Tech-support,Wife,White,Female,7500,108,51,Guatemala,0.420611,NEGATIVE
56,Local-gov,Bachelors,1,Never-married,Tech-support,Wife,White,Male,7500,108,51,Guatemala,0.546102,POSITIVE
73,Without-pay,10th,3,Never-married,Transport-moving,Other-relative,Other,Female,7500,762,40,El-Salvador,0.468946,NEGATIVE
73,Without-pay,10th,3,Never-married,Transport-moving,Other-relative,Other,Male,7500,762,40,El-Salvador,0.594071,POSITIVE
60,Self-emp-not-inc,HS-grad,1,Never-married,Sales,Own-child,Asian-Pac-Islander,Female,7500,326,60,Trinadad&Tobago,0.399954,NEGATIVE
60,Self-emp-not-inc,HS-grad,1,Never-married,Sales,Own-child,Asian-Pac-Islander,Male,7500,326,60,Trinadad&Tobago,0.524865,POSITIVE
56,Private,Bachelors,1,Never-married,Tech-support,Wife,White,Female,7500,108,1,Guatemala,0.389204,NEGATIVE
56,Private,Bachelors,1,Never-married,Tech-support,Wife,White,Male,7500,108,1,Guatemala,0.513631,POSITIVE
62,State-gov,Prof-school,1,Separated,Exec-managerial,Own-child,Asian-Pac-Islander,Female,7500,326,30,Outlying-US(Guam-USVI-etc),0.439581,NEGATIVE
62,State-gov,Prof-school,1,Separated,Exec-managerial,Own-child,Asian-Pac-Islander,Male,7500,326,30,Outlying-US(Guam-USVI-etc),0.504588,POSITIVE
81,Local-gov,Some-college,5,Separated,Craft-repair,Wife,White,Female,2500,1197,55,Nicaragua,0.376464,NEGATIVE
81,Local-gov,Some-college,5,Separated,Craft-repair,Wife,White,Male,2500,1197,55,Nicaragua,0.500153,POSITIVE
91,State-gov,12th,6,Separated,Adm-clerical,Not-in-family,Amer-Indian-Eskimo,Female,2500,1633,30,Nicaragua,0.472461,NEGATIVE
91,State-gov,12th,6,Separated,Adm-clerical,Not-in-family,Amer-Indian-Eskimo,Male,2500,1633,30,Nicaragua,0.597469,POSITIVE
97,Federal-gov,Doctorate,5,Separated,Protective-serv,Other-relative,Black,Female,2500,1633,95,Hong,0.495059,NEGATIVE
97,Federal-gov,Doctorate,5,Separated,Protective-serv,Other-relative,Black,Male,2500,1633,95,Hong,0.619029,POSITIVE
87,Self-emp-not-inc,Assoc-voc,6,Separated,Prof-specialty,Husband,Amer-Indian-Eskimo,Female,2500,1633,20,Yugoslavia,0.388933,NEGATIVE
87,Self-emp-not-inc,Assoc-voc,6,Separated,Prof-specialty,Husband,Amer-Indian-Eskimo,Male,2500,1633,20,Yugoslavia,0.513347,POSITIVE
89,Federal-gov,7th-8th,6,Never-married,Machine-op-inspct,Not-in-family,Amer-Indian-Eskimo,Female,2500,1633,50,Guatemala,0.484870,NEGATIVE
89,Federal-gov,7th-8th,6,Never-married,Machine-op-inspct,Not-in-family,Amer-Indian-Eskimo,Male,2500,1633,50,Guatemala,0.609368,POSITIVE
67,State-gov,7th-8th,6,Separated,Machine-op-inspct,Not-in-family,Amer-Indian-Eskimo,Female,2500,1633,50,Guatemala,0.477588,NEGATIVE
67,State-gov,7th-8th,6,Separated,Machine-op-inspct,Not-in-family,Amer-Indian-Eskimo,Male,2500,1633,50,Guatemala,0.564294,POSITIVE
58,Private,Some-college,5,Separated,Craft-repair,Wife,White,Female,2500,1197,10,France,0.468406,NEGATIVE
58,Private,Some-college,5,Separated,Craft-repair,Wife,White,Male,2500,1197,10,France,0.611133,POSITIVE
64,Self-emp-inc,Assoc-voc,6,Never-married,Prof-specialty,Husband,Amer-Indian-Eskimo,Female,2500,1633,40,Columbia,0.491203,NEGATIVE
64,Self-emp-inc,Assoc-voc,6,Never-married,Prof-specialty,Husband,Amer-Indian-Eskimo,Male,2500,1633,40,Columbia,0.615385,POSITIVE
95,State-gov,10th,7,Separated,Transport-moving,Other-relative,Other,Female,2500,762,80,El-Salvador,0.475373,NEGATIVE
95,State-gov,10th,7,Separated,Transport-moving,Other-relative,Other,Male,2500,762,80,El-Salvador,0.600275,POSITIVE
79,Private,Bachelors,5,Never-married,Tech-support,Wife,White,Female,2500,108,1,Portugal,0.483526,NEGATIVE
79,Private,Bachelors,5,Never-married,Tech-support,Wife,White,Male,2500,108,1,Portugal,0.608086,POSITIVE
69,Self-emp-inc,12th,6,Separated,Adm-clerical,Not-in-family,Amer-Indian-Eskimo,Female,2500,544,80,El-Salvador,0.493793,NEGATIVE
69,Self-emp-inc,12th,6,Separated,Adm-clerical,Not-in-family,Amer-Indian-Eskimo,Male,2500,544,80,El-Salvador,0.612875,POSITIVE
62,Self-emp-not-inc,Prof-school,7,Separated,Exec-managerial,Own-child,Asian-Pac-Islander,Female,2500,326,65,Dominican-Republic,0.476586,NEGATIVE
62,Self-emp-not-inc,Prof-school,7,Separated,Exec-managerial,Own-child,Asian-Pac-Islander,Male,2500,326,65,Dominican-Republic,0.618903,POSITIVE
75,Federal-gov,Doctorate,5,Separated,Protective-serv,Other-relative,Black,Female,2500,980,95,Columbia,0.445034,NEGATIVE
75,Federal-gov,Doctorate,5,Separated,Protective-serv,Other-relative,Black,Male,2500,980,95,Columbia,0.531502,POSITIVE
75,Federal-gov,Doctorate,7,Separated,Protective-serv,Other-relative,Black,Female,2500,980,45,Columbia,0.441397,NEGATIVE
75,Federal-gov,Doctorate,7,Separated,Protective-serv,Other-relative,Black,Male,2500,980,45,Columbia,0.513571,POSITIVE
56,Private,Bachelors,5,Never-married,Tech-support,Wife,White,Female,2500,108,1,Portugal,0.456211,NEGATIVE
56,Private,Bachelors,5,Never-married,Tech-support,Wife,White,Male,2500,108,1,Portugal,0.581660,POSITIVE
83,Self-emp-not-inc,HS-grad,1,Separated,Sales,Own-child,Asian-Pac-Islander,Female,2500,1415,20,Laos,0.480902,NEGATIVE
83,Self-emp-not-inc,HS-grad,1,Separated,Sales,Own-child,Asian-Pac-Islander,Male,2500,1415,20,Laos,0.600564,POSITIVE
85,State-gov,Prof-school,1,Never-married,Exec-managerial,Own-child,Asian-Pac-Islander,Female,2500,1415,65,Dominican-Republic,0.381991,NEGATIVE
85,State-gov,Prof-school,1,Never-married,Exec-managerial,Own-child,Asian-Pac-Islander,Male,2500,1415,65,Dominican-Republic,0.506022,POSITIVE
81,Private,Some-college,1,Never-married,Craft-repair,Wife,White,Female,2500,1197,55,France,0.487854,NEGATIVE
81,Private,Some-college,1,Never-married,Craft-repair,Wife,White,Male,2500,1197,55,France,0.612208,POSITIVE
91,Self-emp-inc,12th,2,Never-married,Adm-clerical,Not-in-family,Amer-Indian-Eskimo,Female,2500,1633,30,Ecuador,0.384178,NEGATIVE
91,Self-emp-inc,12th,2,Never-married,Adm-clerical,Not-in-family,Amer-Indian-Eskimo,Male,2500,1633,30,Ecuador,0.508335,POSITIVE
71,Self-emp-inc,Masters,3,Separated,Farming-fishing,Not-in-family,Other,Female,2500,1851,70,Thailand,0.406123,NEGATIVE
71,Self-emp-inc,Masters,3,Separated,Farming-fishing,Not-in-family,Other,Male,2500,1851,70,Thailand,0.526033,POSITIVE
64,State-gov,Assoc-voc,2,Never-married,Prof-specialty,Husband,Amer-Indian-Eskimo,Female,2500,1633,70,Laos,0.377823,NEGATIVE
64,State-gov,Assoc-voc,2,Never-married,Prof-specialty,Husband,Amer-Indian-Eskimo,Male,2500,1633,70,Laos,0.501600,POSITIVE
58,Private,Some-college,1,Never-married,Craft-repair,Wife,White,Female,2500,1197,55,France,0.460631,NEGATIVE
58,Private,Some-college,1,Never-married,Craft-repair,Wife,White,Male,2500,1197,55,France,0.585986,POSITIVE
73,Self-emp-inc,10th,3,Never-married,Transport-moving,Other-relative,Other,Female,2500,1851,40,Haiti,0.391481,NEGATIVE
73,Self-emp-inc,10th,3,Never-married,Transport-moving,Other-relative,Other,Male,2500,1851,40,Haiti,0.516021,POSITIVE
89,Self-emp-inc,7th-8th,2,Separated,Machine-op-inspct,Not-in-family,Amer-Indian-Eskimo,Female,2500,544,75,Guatemala,0.423087,NEGATIVE
89,Self-emp-inc,7th-8th,2,Separated,Machine-op-inspct,Not-in-family,Amer-Indian-Eskimo,Male,2500,544,75,Guatemala,0.509549,POSITIVE
97,Federal-gov,Doctorate,3,Separated,Protective-serv,Other-relative,Black,Female,2500,980,45,Columbia,0.490090,NEGATIVE
97,Federal-gov,Doctorate,3,Separated,Protective-serv,Other-relative,Black,Male,2500,980,45,Columbia,0.576560,POSITIVE
79,Local-gov,Bachelors,3,Never-married,Tech-support,Wife,White,Female,2500,762,51,Portugal,0.431351,NEGATIVE
79,Local-gov,Bachelors,3,Never-married,Tech-support,Wife,White,Male,2500,762,51,Portugal,0.556966,POSITIVE
81,Private,Some-college,1,Never-married,Craft-repair,Wife,White,Female,2500,108,55,Ireland,0.381462,NEGATIVE
81,Private,Some-college,1,Never-married,Craft-repair,Wife,White,Male,2500,108,55,Ireland,0.505462,POSITIVE
79,Private,Bachelors,3,Never-married,Tech-support,Wife,White,Female,2500,762,1,Portugal,0.399695,NEGATIVE
79,Private,Bachelors,3,Never-married,Tech-support,Wife,White,Male,2500,762,1,Portugal,0.524595,POSITIVE
60,Self-emp-not-inc,HS-grad,1,Never-married,Sales,Own-child,Asian-Pac-Islander,Female,2500,326,60,France,0.387383,NEGATIVE
60,Self-emp-not-inc,HS-grad,1,Never-married,Sales,Own-child,Asian-Pac-Islander,Male,2500,326,60,France,0.506479,POSITIVE
56,Private,Bachelors,5,Separated,Tech-support,Wife,White,Female,2500,1197,1,United-States,0.442923,NEGATIVE
56,Private,Bachelors,5,Separated,Tech-support,Wife,White,Male,2500,1197,1,United-States,0.521103,POSITIVE
89,State-gov,7th-8th,6,Separated,Machine-op-inspct,Not-in-family,Amer-Indian-Eskimo,Female,2500,544,50,South,0.493450,NEGATIVE
89,State-gov,7th-8th,6,Separated,Machine-op-inspct,Not-in-family,Amer-Indian-Eskimo,Male,2500,544,50,South,0.634697,POSITIVE
81,Private,Some-college,5,Separated,Craft-repair,Wife,White,Female,2500,108,5,Cuba,0.451658,NEGATIVE
81,Private,Some-college,5,Separated,Craft-repair,Wife,White,Male,2500,108,5,Cuba,0.563850,POSITIVE
79,Private,Some-college,5,Separated,Craft-repair,Wife,White,Female,2500,108,5,Cambodia,0.458947,NEGATIVE
79,Private,Some-college,5,Separated,Craft-repair,Wife,White,Male,2500,108,5,Cambodia,0.598723,POSITIVE
75,Without-pay,10th,7,Separated,Transport-moving,Other-relative,Other,Female,2500,980,90,Japan,0.447074,NEGATIVE
75,Without-pay,10th,7,Separated,Transport-moving,Other-relative,Other,Male,2500,980,90,Japan,0.541513,POSITIVE
67,Self-emp-inc,7th-8th,6,Separated,Machine-op-inspct,Not-in-family,Amer-Indian-Eskimo,Female,2500,544,75,South,0.469342,NEGATIVE
67,Self-emp-inc,7th-8th,6,Separated,Machine-op-inspct,Not-in-family,Amer-Indian-Eskimo,Male,2500,544,75,South,0.612026,POSITIVE
75,Federal-gov,Doctorate,7,Separated,Protective-serv,Other-relative,Black,Female,2500,980,45,Jamaica,0.448813,NEGATIVE
75,Federal-gov,Doctorate,7,Separated,Protective-serv,Other-relative,Black,Male,2500,980,45,Jamaica,0.550017,POSITIVE
56,Local-gov,Bachelors,5,Never-married,Tech-support,Wife,White,Female,2500,108,51,United-States,0.482880,NEGATIVE
56,Local-gov,Bachelors,5,Never-married,Tech-support,Wife,White,Male,2500,108,51,United-States,0.624833,POSITIVE
57,Local-gov,Some-college,7,Never-married,Craft-repair,Wife,White,Female,2500,108,5,Cuba,0.452935,NEGATIVE
57,Local-gov,Some-college,7,Never-married,Craft-repair,Wife,White,Male,2500,108,5,Cuba,0.570024,POSITIVE
68,Local-gov,Bachelors,5,Never-married,Tech-support,Wife,White,Female,2500,108,1,China,0.456264,NEGATIVE
68,Local-gov,Bachelors,5,Never-married,Tech-support,Wife,White,Male,2500,108,1,China,0.545045,POSITIVE
61,State-gov,7th-8th,6,Never-married,Machine-op-inspct,Not-in-family,Amer-Indian-Eskimo,Female,2500,544,25,Germany,0.455776,NEGATIVE
61,State-gov,7th-8th,6,Never-married,Machine-op-inspct,Not-in-family,Amer-Indian-Eskimo,Male,2500,544,25,Germany,0.583661,POSITIVE
79,Private,Bachelors,1,Separated,Tech-support,Wife,White,Female,2500,1197,1,United-States,0.454794,NEGATIVE
79,Private,Bachelors,1,Separated,Tech-support,Wife,White,Male,2500,1197,1,United-States,0.578963,POSITIVE
76,Without-pay,Doctorate,3,Separated,Protective-serv,Other-relative,Black,Female,2500,2069,95,Vietnam,0.454229,NEGATIVE
76,Without-pay,Doctorate,3,Separated,Protective-serv,Other-relative,Black,Male,2500,2069,95,Vietnam,0.576252,POSITIVE
76,Without-pay,Doctorate,3,Separated,Protective-serv,Other-relative,Black,Female,2500,2069,95,Greece,0.459075,NEGATIVE
76,Without-pay,Doctorate,3,Separated,Protective-serv,Other-relative,Black,Male,2500,2069,95,Greece,0.599328,POSITIVE
69,Self-emp-inc,12th,2,Separated,Adm-clerical,Not-in-family,Amer-Indian-Eskimo,Female,2500,1633,60,Cuba,0.452556,NEGATIVE
69,Self-emp-inc,12th,2,Separated,Adm-clerical,Not-in-family,Amer-Indian-Eskimo,Male,2500,1633,60,Cuba,0.568193,POSITIVE
56,Local-gov,Bachelors,1,Never-married,Tech-support,Wife,White,Female,2500,1197,51,China,0.473582,NEGATIVE
56,Local-gov,Bachelors,1,Never-married,Tech-support,Wife,White,Male,2500,1197,51,China,0.616058,POSITIVE
62,State-gov,Prof-school,1,Never-married,Exec-managerial,Own-child,Asian-Pac-Islander,Female,2500,1415,15,Outlying-US(Guam-USVI-etc),0.454212,NEGATIVE
62,State-gov,Prof-school,1,Never-married,Exec-managerial,Own-child,Asian-Pac-Islander,Male,2500,1415,15,Outlying-US(Guam-USVI-etc),0.576169,POSITIVE
97,Without-pay,10th,3,Separated,Transport-moving,Other-relative,Other,Female,2500,980,90,Japan,0.439846,NEGATIVE
97,Without-pay,10th,3,Separated,Transport-moving,Other-relative,Other,Male,2500,980,90,Japan,0.505900,POSITIVE
89,Self-emp-inc,7th-8th,2,Separated,Machine-op-inspct,Not-in-family,Amer-Indian-Eskimo,Female,2500,544,75,South,0.480716,NEGATIVE
89,Self-emp-inc,7th-8th,2,Separated,Machine-op-inspct,Not-in-family,Amer-Indian-Eskimo,Male,2500,544,75,South,0.622800,POSITIVE
97,Federal-gov,Doctorate,3,Separated,Protective-serv,Other-relative,Black,Female,2500,980,45,Jamaica,0.443486,NEGATIVE
97,Federal-gov,Doctorate,3,Separated,Protective-serv,Other-relative,Black,Male,2500,980,45,Jamaica,0.523881,POSITIVE
79,Local-gov,Bachelors,1,Never-married,Tech-support,Wife,White,Female,2500,108,51,China,0.481466,NEGATIVE
79,Local-gov,Bachelors,1,Never-married,Tech-support,Wife,White,Male,2500,108,51,China,0.545159,POSITIVE
79,Local-gov,Bachelors,3,Never-married,Tech-support,Wife,White,Female,2500,108,1,China,0.485565,NEGATIVE
79,Local-gov,Bachelors,3,Never-married,Tech-support,Wife,White,Male,2500,108,1,China,0.572133,POSITIVE
89,State-gov,7th-8th,1,Never-married,Machine-op-inspct,Not-in-family,Amer-Indian-Eskimo,Female,2500,544,25,Italy,0.471497,NEGATIVE
89,State-gov,7th-8th,1,Never-married,Machine-op-inspct,Not-in-family,Amer-Indian-Eskimo,Male,2500,544,25,Italy,0.558279,POSITIVE
85,State-gov,Prof-school,1,Never-married,Exec-managerial,Own-child,Asian-Pac-Islander,Female,2500,326,15,Puerto-Rico,0.441475,NEGATIVE
85,State-gov,Prof-school,1,Never-married,Exec-managerial,Own-child,Asian-Pac-Islander,Male,2500,326,15,Puerto-Rico,0.513955,POSITIVE
69,Local-gov,12th,2,Never-married,Adm-clerical,Not-in-family,Amer-Indian-Eskimo,Female,2500,544,60,Cuba,0.455512,NEGATIVE
69,Local-gov,12th,2,Never-married,Adm-clerical,Not-in-family,Amer-Indian-Eskimo,Male,2500,544,60,Cuba,0.582403,POSITIVE
56,Local-gov,Bachelors,9,Married-civ-spouse,Tech-support,Wife,White,Female,7500,2286,1,El-Salvador,0.437438,NEGATIVE
56,Local-gov,Bachelors,9,Married-civ-spouse,Tech-support,Wife,White,Male,7500,2286,1,El-Salvador,0.563070,POSITIVE
56,Private,Bachelors,13,Married-civ-spouse,Tech-support,Wife,White,Female,2500,2286,51,El-Salvador,0.385280,NEGATIVE
56,Private,Bachelors,13,Married-civ-spouse,Tech-support,Wife,White,Male,2500,2286,51,El-Salvador,0.509499,POSITIVE
73,Self-emp-inc,Assoc-voc,14,Married-civ-spouse,Prof-specialty,Husband,Amer-Indian-Eskimo,Female,2500,3158,20,Peru,0.435725,NEGATIVE
73,Self-emp-inc,Assoc-voc,14,Married-civ-spouse,Prof-specialty,Husband,Amer-Indian-Eskimo,Male,2500,3158,20,Peru,0.561356,POSITIVE
56,Local-gov,Bachelors,13,Married-civ-spouse,Tech-support,Wife,White,Female,2500,2286,51,Guatemala,0.460916,NEGATIVE
56,Local-gov,Bachelors,13,Married-civ-spouse,Tech-support,Wife,White,Male,2500,2286,51,Guatemala,0.586264,POSITIVE
56,Private,Bachelors,13,Married-civ-spouse,Tech-support,Wife,White,Female,2500,2286,1,Guatemala,0.428726,NEGATIVE
56,Private,Bachelors,13,Married-civ-spouse,Tech-support,Wife,White,Male,2500,2286,1,Guatemala,0.554321,POSITIVE
78,Federal-gov,7th-8th,10,Divorced,Machine-op-inspct,Not-in-family,Amer-Indian-Eskimo,Female,2500,3375,75,Peru,0.391303,NEGATIVE
78,Federal-gov,7th-8th,10,Divorced,Machine-op-inspct,Not-in-family,Amer-Indian-Eskimo,Male,2500,3375,75,Peru,0.515834,POSITIVE
95,State-gov,Doctorate,11,Divorced,Protective-serv,Other-relative,Black,Female,2500,4029,45,Holand-Netherlands,0.441970,NEGATIVE
95,State-gov,Doctorate,11,Divorced,Protective-serv,Other-relative,Black,Male,2500,4029,45,Holand-Netherlands,0.567590,POSITIVE
60,Self-emp-not-inc,Some-college,9,Married-civ-spouse,Craft-repair,Wife,White,Female,2500,2504,55,Guatemala,0.384532,NEGATIVE
60,Self-emp-not-inc,Some-college,9,Married-civ-spouse,Craft-repair,Wife,White,Male,2500,2504,55,Guatemala,0.508709,POSITIVE
78,Federal-gov,7th-8th,10,Divorced,Machine-op-inspct,Not-in-family,Amer-Indian-Eskimo,Female,2500,3375,25,Scotland,0.434948,NEGATIVE
78,Federal-gov,7th-8th,10,Divorced,Machine-op-inspct,Not-in-family,Amer-Indian-Eskimo,Male,2500,3375,25,Scotland,0.560577,POSITIVE
56,Local-gov,Bachelors,9,Married-civ-spouse,Tech-support,Wife,White,Female,2500,2286,51,Ecuador,0.386451,NEGATIVE
56,Local-gov,Bachelors,9,Married-civ-spouse,Tech-support,Wife,White,Male,2500,2286,51,Ecuador,0.510734,POSITIVE
60,Self-emp-not-inc,Some-college,9,Married-civ-spouse,Craft-repair,Wife,White,Female,2500,2504,5,Ecuador,0.427952,NEGATIVE
60,Self-emp-not-inc,Some-college,9,Married-civ-spouse,Craft-repair,Wife,White,Male,2500,2504,5,Ecuador,0.553540,POSITIVE
56,Local-gov,Bachelors,9,Married-civ-spouse,Tech-support,Wife,White,Female,2500,2286,1,Portugal,0.429937,NEGATIVE
56,Local-gov,Bachelors,9,Married-civ-spouse,Tech-support,Wife,White,Male,2500,2286,1,Portugal,0.555542,POSITIVE
56,Local-gov,Bachelors,13,Married-civ-spouse,Tech-support,Wife,White,Female,7500,108,1,El-Salvador,0.473341,NEGATIVE
56,Local-gov,Bachelors,13,Married-civ-spouse,Tech-support,Wife,White,Male,7500,108,1,El-Salvador,0.598318,POSITIVE
60,Local-gov,Some-college,9,Married-civ-spouse,Craft-repair,Wife,White,Female,7500,326,55,El-Salvador,0.449431,NEGATIVE
60,Local-gov,Some-college,9,Married-civ-spouse,Craft-repair,Wife,White,Male,7500,326,55,El-Salvador,0.574986,POSITIVE
60,Self-emp-not-inc,Some-college,9,Married-civ-spouse,Craft-repair,Wife,White,Female,7500,326,5,El-Salvador,0.396412,NEGATIVE
60,Self-emp-not-inc,Some-college,9,Married-civ-spouse,Craft-repair,Wife,White,Male,7500,326,5,El-Salvador,0.521177,POSITIVE
56,Local-gov,Bachelors,9,Married-civ-spouse,Tech-support,Wife,White,Female,7500,108,1,Guatemala,0.398353,NEGATIVE
56,Local-gov,Bachelors,9,Married-civ-spouse,Tech-support,Wife,White,Male,7500,108,1,Guatemala,0.523199,POSITIVE
78,Federal-gov,7th-8th,14,Divorced,Machine-op-inspct,Not-in-family,Amer-Indian-Eskimo,Female,2500,1197,75,Peru,0.426289,NEGATIVE
78,Federal-gov,7th-8th,14,Divorced,Machine-op-inspct,Not-in-family,Amer-Indian-Eskimo,Male,2500,1197,75,Peru,0.551860,POSITIVE
91,State-gov,10th,15,Divorced,Transport-moving,Other-relative,Other,Female,2500,1633,40,Hong,0.403530,NEGATIVE
91,State-gov,10th,15,Divorced,Transport-moving,Other-relative,Other,Male,2500,1633,40,Hong,0.528574,POSITIVE
60,Self-emp-not-inc,Some-college,13,Married-civ-spouse,Craft-repair,Wife,White,Female,2500,326,55,Guatemala,0.419329,NEGATIVE
60,Self-emp-not-inc,Some-college,13,Married-civ-spouse,Craft-repair,Wife,White,Male,2500,326,55,Guatemala,0.544797,POSITIVE
73,Self-emp-inc,Assoc-voc,14,Married-civ-spouse,Prof-specialty,Husband,Amer-Indian-Eskimo,Female,2500,980,20,Scotland,0.396685,NEGATIVE
73,Self-emp-inc,Assoc-voc,14,Married-civ-spouse,Prof-specialty,Husband,Amer-Indian-Eskimo,Male,2500,980,20,Scotland,0.521461,POSITIVE
56,Local-gov,Bachelors,13,Married-civ-spouse,Tech-support,Wife,White,Female,2500,108,51,Ecuador,0.421304,NEGATIVE
56,Local-gov,Bachelors,13,Married-civ-spouse,Tech-support,Wife,White,Male,2500,108,51,Ecuador,0.546806,POSITIVE
56,Private,Bachelors,13,Married-civ-spouse,Tech-support,Wife,White,Female,2500,108,1,Ecuador,0.389879,NEGATIVE
56,Private,Bachelors,13,Married-civ-spouse,Tech-support,Wife,White,Male,2500,108,1,Ecuador,0.514340,POSITIVE
56,Local-gov,Bachelors,13,Married-civ-spouse,Tech-support,Wife,White,Female,2500,108,1,Portugal,0.465734,NEGATIVE
56,Local-gov,Bachelors,13,Married-civ-spouse,Tech-support,Wife,White,Male,2500,108,1,Portugal,0.590956,POSITIVE
95,Without-pay,Doctorate,11,Divorced,Protective-serv,Other-relative,Black,Female,2500,2069,95,Holand-Netherlands,0.397359,NEGATIVE
95,Without-pay,Doctorate,11,Divorced,Protective-serv,Other-relative,Black,Male,2500,2069,95,Holand-Netherlands,0.522165,POSITIVE
91,Self-emp-inc,10th,11,Divorced,Transport-moving,Other-relative,Other,Female,2500,1851,90,Hong,0.445244,NEGATIVE
91,Self-emp-inc,10th,11,Divorced,Transport-moving,Other-relative,Other,Male,2500,1851,90,Hong,0.570842,POSITIVE
82,Local-gov,12th,10,Divorced,Adm-clerical,Not-in-family,Amer-Indian-Eskimo,Female,2500,1633,60,Scotland,0.393601,NEGATIVE
82,Local-gov,12th,10,Divorced,Adm-clerical,Not-in-family,Amer-Indian-Eskimo,Male,2500,1633,60,Scotland,0.518241,POSITIVE
97,Federal-gov,Doctorate,11,Divorced,Protective-serv,Other-relative,Black,Female,2500,980,95,Holand-Netherlands,0.376376,NEGATIVE
97,Federal-gov,Doctorate,11,Divorced,Protective-serv,Other-relative,Black,Male,2500,980,95,Holand-Netherlands,0.500060,POSITIVE
95,State-gov,10th,11,Divorced,Transport-moving,Other-relative,Other,Female,2500,762,80,Thailand,0.398823,NEGATIVE
95,State-gov,10th,11,Divorced,Transport-moving,Other-relative,Other,Male,2500,762,80,Thailand,0.523689,POSITIVE
67,Federal-gov,7th-8th,10,Divorced,Machine-op-inspct,Not-in-family,Amer-Indian-Eskimo,Female,2500,544,75,Scotland,0.383575,NEGATIVE
67,Federal-gov,7th-8th,10,Divorced,Machine-op-inspct,Not-in-family,Amer-Indian-Eskimo,Male,2500,544,75,Scotland,0.507698,POSITIVE
75,Federal-gov,Doctorate,11,Divorced,Protective-serv,Other-relative,Black,Female,2500,980,45,Yugoslavia,0.400997,NEGATIVE
75,Federal-gov,Doctorate,11,Divorced,Protective-serv,Other-relative,Black,Male,2500,980,45,Yugoslavia,0.525948,POSITIVE
75,Federal-gov,Doctorate,11,Married-civ-spouse,Protective-serv,Other-relative,Black,Female,2500,980,95,Yugoslavia,0.393518,NEGATIVE
75,Federal-gov,Doctorate,11,Married-civ-spouse,Protective-serv,Other-relative,Black,Male,2500,980,95,Yugoslavia,0.518154,POSITIVE
64,Self-emp-not-inc,HS-grad,9,Married-civ-spouse,Sales,Own-child,Asian-Pac-Islander,Female,2500,544,60,Taiwan,0.418560,NEGATIVE
64,Self-emp-not-inc,HS-grad,9,Married-civ-spouse,Sales,Own-child,Asian-Pac-Islander,Male,2500,544,60,Taiwan,0.544013,POSITIVE
78,Federal-gov,7th-8th,10,Divorced,Machine-op-inspct,Not-in-family,Amer-Indian-Eskimo,Female,2500,1197,25,Haiti,0.395928,NEGATIVE
78,Federal-gov,7th-8th,10,Divorced,Machine-op-inspct,Not-in-family,Amer-Indian-Eskimo,Male,2500,1197,25,Haiti,0.520672,POSITIVE
60,Local-gov,Some-college,9,Married-civ-spouse,Craft-repair,Wife,White,Female,2500,326,55,Portugal,0.441885,NEGATIVE
60,Local-gov,Some-college,9,Married-civ-spouse,Craft-repair,Wife,White,Male,2500,326,55,Portugal,0.567506,POSITIVE
60,Self-emp-not-inc,Some-college,9,Married-civ-spouse,Craft-repair,Wife,White,Female,2500,326,5,Portugal,0.389128,NEGATIVE
60,Self-emp-not-inc,Some-college,9,Married-civ-spouse,Craft-repair,Wife,White,Male,2500,326,5,Portugal,0.513551,POSITIVE
56,Local-gov,Bachelors,9,Married-civ-spouse,Tech-support,Wife,White,Female,2500,108,1,Italy,0.391056,NEGATIVE
56,Local-gov,Bachelors,9,Married-civ-spouse,Tech-support,Wife,White,Male,2500,108,1,Italy,0.515575,POSITIVE
60,Local-gov,Some-college,5,Married-civ-spouse,Craft-repair,Wife,White,Female,7500,2504,55,El-Salvador,0.413916,NEGATIVE
60,Local-gov,Some-college,5,Married-civ-spouse,Craft-repair,Wife,White,Male,7500,2504,55,El-Salvador,0.539267,POSITIVE
64,Self-emp-not-inc,HS-grad,5,Married-civ-spouse,Sales,Own-child,Asian-Pac-Islander,Female,7500,2722,10,Trinadad&Tobago,0.434668,NEGATIVE
64,Self-emp-not-inc,HS-grad,5,Married-civ-spouse,Sales,Own-child,Asian-Pac-Islander,Male,7500,2722,10,Trinadad&Tobago,0.560297,POSITIVE
60,Local-gov,Some-college,5,Married-civ-spouse,Craft-repair,Wife,White,Female,7500,2504,5,Guatemala,0.458184,NEGATIVE
60,Local-gov,Some-college,5,Married-civ-spouse,Craft-repair,Wife,White,Male,7500,2504,5,Guatemala,0.583592,POSITIVE
69,Self-emp-inc,Prof-school,1,Married-civ-spouse,Exec-managerial,Own-child,Asian-Pac-Islander,Female,7500,2940,65,Trinadad&Tobago,0.390280,NEGATIVE
69,Self-emp-inc,Prof-school,1,Married-civ-spouse,Exec-managerial,Own-child,Asian-Pac-Islander,Male,7500,2940,65,Trinadad&Tobago,0.514761,POSITIVE
86,Local-gov,Masters,3,Divorced,Farming-fishing,Not-in-family,Other,Female,7500,3593,35,Hong,0.440910,NEGATIVE
86,Local-gov,Masters,3,Divorced,Farming-fishing,Not-in-family,Other,Male,7500,3593,35,Hong,0.566535,POSITIVE
56,Private,Bachelors,1,Married-civ-spouse,Tech-support,Wife,White,Female,7500,2286,51,Guatemala,0.457052,NEGATIVE
56,Private,Bachelors,1,Married-civ-spouse,Tech-support,Wife,White,Male,7500,2286,51,Guatemala,0.582484,POSITIVE
69,Self-emp-inc,Prof-school,1,Married-civ-spouse,Exec-managerial,Own-child,Asian-Pac-Islander,Female,7500,2940,15,Nicaragua,0.433892,NEGATIVE
69,Self-emp-inc,Prof-school,1,Married-civ-spouse,Exec-managerial,Own-child,Asian-Pac-Islander,Male,7500,2940,15,Nicaragua,0.559518,POSITIVE
91,Self-emp-inc,10th,7,Divorced,Transport-moving,Other-relative,Other,Female,2500,3811,90,Hong,0.377790,NEGATIVE
91,Self-emp-inc,10th,7,Divorced,Transport-moving,Other-relative,Other,Male,2500,3811,90,Hong,0.501565,POSITIVE
82,Local-gov,12th,6,Divorced,Adm-clerical,Not-in-family,Amer-Indian-Eskimo,Female,2500,3375,80,Scotland,0.390551,NEGATIVE
82,Local-gov,12th,6,Divorced,Adm-clerical,Not-in-family,Amer-Indian-Eskimo,Male,2500,3375,80,Scotland,0.515045,POSITIVE
95,Without-pay,Doctorate,7,Divorced,Protective-serv,Other-relative,Black,Female,2500,4247,45,Yugoslavia,0.381215,NEGATIVE
95,Without-pay,Doctorate,7,Divorced,Protective-serv,Other-relative,Black,Male,2500,4247,45,Yugoslavia,0.505200,POSITIVE
91,Self-emp-inc,10th,7,Divorced,Transport-moving,Other-relative,Other,Female,2500,3811,40,Thailand,0.420970,NEGATIVE
91,Self-emp-inc,10th,7,Divorced,Transport-moving,Other-relative,Other,Male,2500,3811,40,Thailand,0.546467,POSITIVE
95,Federal-gov,Doctorate,3,Divorced,Protective-serv,Other-relative,Black,Female,2500,4029,95,Yugoslavia,0.392504,NEGATIVE
95,Federal-gov,Doctorate,3,Divorced,Protective-serv,Other-relative,Black,Male,2500,4029,95,Yugoslavia,0.517093,POSITIVE
60,Local-gov,Some-college,1,Married-civ-spouse,Craft-repair,Wife,White,Female,7500,2504,5,Ecuador,0.383846,NEGATIVE
60,Local-gov,Some-college,1,Married-civ-spouse,Craft-repair,Wife,White,Male,7500,2504,5,Ecuador,0.507984,POSITIVE
64,Self-emp-not-inc,HS-grad,5,Married-civ-spouse,Sales,Own-child,Asian-Pac-Islander,Female,2500,2722,60,Taiwan,0.383784,NEGATIVE
64,Self-emp-not-inc,HS-grad,5,Married-civ-spouse,Sales,Own-child,Asian-Pac-Islander,Male,2500,2722,60,Taiwan,0.507919,POSITIVE
82,Local-gov,12th,6,Divorced,Adm-clerical,Not-in-family,Amer-Indian-Eskimo,Female,2500,3375,30,Haiti,0.434171,NEGATIVE
82,Local-gov,12th,6,Divorced,Adm-clerical,Not-in-family,Amer-Indian-Eskimo,Male,2500,3375,30,Haiti,0.559799,POSITIVE
60,Local-gov,Some-college,5,Married-civ-spouse,Craft-repair,Wife,White,Female,2500,2504,55,Portugal,0.406526,NEGATIVE
60,Local-gov,Some-college,5,Married-civ-spouse,Craft-repair,Wife,White,Male,2500,2504,55,Portugal,0.531670,POSITIVE
64,Self-emp-not-inc,HS-grad,5,Married-civ-spouse,Sales,Own-child,Asian-Pac-Islander,Female,2500,2722,10,Ireland,0.427179,NEGATIVE
64,Self-emp-not-inc,HS-grad,5,Married-civ-spouse,Sales,Own-child,Asian-Pac-Islander,Male,2500,2722,10,Ireland,0.552759,POSITIVE
86,Local-gov,Masters,3,Divorced,Farming-fishing,Not-in-family,Other,Female,2500,3593,85,Columbia,0.389799,NEGATIVE
86,Local-gov,Masters,3,Divorced,Farming-fishing,Not-in-family,Other,Male,2500,3593,85,Columbia,0.514256,POSITIVE
95,Federal-gov,Doctorate,3,Divorced,Protective-serv,Other-relative,Black,Female,2500,4029,45,Hungary,0.436187,NEGATIVE
95,Federal-gov,Doctorate,3,Divorced,Protective-serv,Other-relative,Black,Male,2500,4029,45,Hungary,0.561818,POSITIVE
69,Self-emp-inc,Prof-school,1,Married-civ-spouse,Exec-managerial,Own-child,Asian-Pac-Islander,Female,2500,2940,65,Ireland,0.383037,NEGATIVE
69,Self-emp-inc,Prof-school,1,Married-civ-spouse,Exec-managerial,Own-child,Asian-Pac-Islander,Male,2500,2940,65,Ireland,0.507129,POSITIVE
86,Local-gov,Masters,3,Divorced,Farming-fishing,Not-in-family,Other,Female,2500,3593,35,Dominican-Republic,0.433395,NEGATIVE
86,Local-gov,Masters,3,Divorced,Farming-fishing,Not-in-family,Other,Male,2500,3593,35,Dominican-Republic,0.559020,POSITIVE
60,Local-gov,Some-college,5,Married-civ-spouse,Craft-repair,Wife,White,Female,2500,2504,5,Italy,0.450612,NEGATIVE
60,Local-gov,Some-college,5,Married-civ-spouse,Craft-repair,Wife,White,Male,2500,2504,5,Italy,0.576152,POSITIVE
56,Private,Bachelors,1,Married-civ-spouse,Tech-support,Wife,White,Female,2500,2286,51,Italy,0.449483,NEGATIVE
56,Private,Bachelors,1,Married-civ-spouse,Tech-support,Wife,White,Male,2500,2286,51,Italy,0.575038,POSITIVE
69,Self-emp-inc,Prof-school,1,Married-civ-spouse,Exec-managerial,Own-child,Asian-Pac-Islander,Female,2500,2940,15,Poland,0.426405,NEGATIVE
69,Self-emp-inc,Prof-school,1,Married-civ-spouse,Exec-managerial,Own-child,Asian-Pac-Islander,Male,2500,2940,15,Poland,0.551978,POSITIVE
56,Private,Bachelors,1,Married-civ-spouse,Tech-support,Wife,White,Female,2500,2286,1,China,0.494347,NEGATIVE
56,Private,Bachelors,1,Married-civ-spouse,Tech-support,Wife,White,Male,2500,2286,1,China,0.618357,POSITIVE
69,Self-emp-inc,Prof-school,5,Married-civ-spouse,Exec-managerial,Own-child,Asian-Pac-Islander,Female,7500,762,65,Trinadad&Tobago,0.425239,NEGATIVE
69,Self-emp-inc,Prof-school,5,Married-civ-spouse,Exec-managerial,Own-child,Asian-Pac-Islander,Male,7500,762,65,Trinadad&Tobago,0.550797,POSITIVE
82,Local-gov,12th,6,Divorced,Adm-clerical,Not-in-family,Amer-Indian-Eskimo,Female,7500,1197,30,Peru,0.402496,NEGATIVE
82,Local-gov,12th,6,Divorced,Adm-clerical,Not-in-family,Amer-Indian-Eskimo,Male,7500,1197,30,Peru,0.527502,POSITIVE
56,Private,Bachelors,5,Married-civ-spouse,Tech-support,Wife,White,Female,7500,108,51,Guatemala,0.493153,NEGATIVE
56,Private,Bachelors,5,Married-civ-spouse,Tech-support,Wife,White,Male,7500,108,51,Guatemala,0.617230,POSITIVE
64,Self-emp-not-inc,HS-grad,5,Married-civ-spouse,Sales,Own-child,Asian-Pac-Islander,Female,7500,544,10,Nicaragua,0.395656,NEGATIVE
64,Self-emp-not-inc,HS-grad,5,Married-civ-spouse,Sales,Own-child,Asian-Pac-Islander,Male,7500,544,10,Nicaragua,0.520388,POSITIVE
91,State-gov,10th,3,Divorced,Transport-moving,Other-relative,Other,Female,7500,1633,90,Hong,0.431448,NEGATIVE
91,State-gov,10th,3,Divorced,Transport-moving,Other-relative,Other,Male,7500,1633,90,Hong,0.557063,POSITIVE
95,Federal-gov,Doctorate,3,Divorced,Protective-serv,Other-relative,Black,Female,7500,1851,45,Holand-Netherlands,0.404469,NEGATIVE
95,Federal-gov,Doctorate,3,Divorced,Protective-serv,Other-relative,Black,Male,7500,1851,45,Holand-Netherlands,0.529545,POSITIVE
73,Self-emp-inc,Assoc-voc,2,Married-civ-spouse,Prof-specialty,Husband,Amer-Indian-Eskimo,Female,7500,980,70,Scotland,0.424466,NEGATIVE
73,Self-emp-inc,Assoc-voc,2,Married-civ-spouse,Prof-specialty,Husband,Amer-Indian-Eskimo,Male,7500,980,70,Scotland,0.550015,POSITIVE
86,Local-gov,Masters,3,Divorced,Farming-fishing,Not-in-family,Other,Female,7500,1415,35,Thailand,0.401736,NEGATIVE
86,Local-gov,Masters,3,Divorced,Farming-fishing,Not-in-family,Other,Male,7500,1415,35,Thailand,0.526714,POSITIVE
60,Local-gov,Some-college,5,Married-civ-spouse,Craft-repair,Wife,White,Female,7500,326,5,Ecuador,0.418624,NEGATIVE
60,Local-gov,Some-college,5,Married-civ-spouse,Craft-repair,Wife,White,Male,7500,326,5,Ecuador,0.544078,POSITIVE
56,Private,Bachelors,1,Married-civ-spouse,Tech-support,Wife,White,Female,7500,108,51,Ecuador,0.417514,NEGATIVE
56,Private,Bachelors,1,Married-civ-spouse,Tech-support,Wife,White,Male,7500,108,51,Ecuador,0.542946,POSITIVE
69,Self-emp-inc,Prof-school,1,Married-civ-spouse,Exec-managerial,Own-child,Asian-Pac-Islander,Female,7500,762,15,Taiwan,0.394901,NEGATIVE
69,Self-emp-inc,Prof-school,1,Married-civ-spouse,Exec-managerial,Own-child,Asian-Pac-Islander,Male,7500,762,15,Taiwan,0.519600,POSITIVE
56,Local-gov,Bachelors,1,Married-civ-spouse,Tech-support,Wife,White,Female,7500,108,51,Portugal,0.494389,NEGATIVE
56,Local-gov,Bachelors,1,Married-civ-spouse,Tech-support,Wife,White,Male,7500,108,51,Portugal,0.618397,POSITIVE
56,Private,Bachelors,1,Married-civ-spouse,Tech-support,Wife,White,Female,7500,108,1,Portugal,0.461864,NEGATIVE
56,Private,Bachelors,1,Married-civ-spouse,Tech-support,Wife,White,Male,7500,108,1,Portugal,0.587189,POSITIVE
95,Federal-gov,Doctorate,7,Divorced,Protective-serv,Other-relative,Black,Female,2500,2069,95,Yugoslavia,0.444019,NEGATIVE
95,Federal-gov,Doctorate,7,Divorced,Protective-serv,Other-relative,Black,Male,2500,2069,95,Yugoslavia,0.569627,POSITIVE
86,Local-gov,Masters,7,Divorced,Farming-fishing,Not-in-family,Other,Female,2500,1851,70,Columbia,0.400747,NEGATIVE
86,Local-gov,Masters,7,Divorced,Farming-fishing,Not-in-family,Other,Male,2500,1851,70,Columbia,0.525688,POSITIVE
73,Self-emp-inc,Assoc-voc,6,Married-civ-spouse,Prof-specialty,Husband,Amer-Indian-Eskimo,Female,2500,1633,40,France,0.443379,NEGATIVE
73,Self-emp-inc,Assoc-voc,6,Married-civ-spouse,Prof-specialty,Husband,Amer-Indian-Eskimo,Male,2500,1633,40,France,0.568991,POSITIVE
95,State-gov,10th,7,Divorced,Transport-moving,Other-relative,Other,Female,2500,762,80,Haiti,0.382318,NEGATIVE
95,State-gov,10th,7,Divorced,Transport-moving,Other-relative,Other,Male,2500,762,80,Haiti,0.506368,POSITIVE
71,State-gov,Masters,7,Divorced,Farming-fishing,Not-in-family,Other,Female,2500,762,85,Taiwan,0.390882,NEGATIVE
71,State-gov,Masters,7,Divorced,Farming-fishing,Not-in-family,Other,Male,2500,762,85,Taiwan,0.515392,POSITIVE
56,Private,Bachelors,5,Divorced,Tech-support,Wife,White,Female,2500,108,51,Portugal,0.448474,NEGATIVE
56,Private,Bachelors,5,Divorced,Tech-support,Wife,White,Male,2500,108,51,Portugal,0.574041,POSITIVE
56,Private,Bachelors,7,Divorced,Tech-support,Wife,White,Female,2500,108,1,Portugal,0.385916,NEGATIVE
56,Private,Bachelors,7,Divorced,Tech-support,Wife,White,Male,2500,108,1,Portugal,0.510170,POSITIVE
73,State-gov,10th,7,Married-civ-spouse,Transport-moving,Other-relative,Other,Female,2500,762,80,Dominican-Republic,0.385454,NEGATIVE
73,State-gov,10th,7,Married-civ-spouse,Transport-moving,Other-relative,Other,Male,2500,762,80,Dominican-Republic,0.509682,POSITIVE
97,Federal-gov,Doctorate,3,Divorced,Protective-serv,Other-relative,Black,Female,2500,2069,95,Hungary,0.390513,NEGATIVE
97,Federal-gov,Doctorate,3,Divorced,Protective-serv,Other-relative,Black,Male,2500,2069,95,Hungary,0.515006,POSITIVE
95,State-gov,10th,3,Divorced,Transport-moving,Other-relative,Other,Female,2500,1851,80,Dominican-Republic,0.413245,NEGATIVE
95,State-gov,10th,3,Divorced,Transport-moving,Other-relative,Other,Male,2500,1851,80,Dominican-Republic,0.538580,POSITIVE
67,State-gov,7th-8th,3,Divorced,Machine-op-inspct,Not-in-family,Amer-Indian-Eskimo,Female,2500,1633,75,France,0.382669,NEGATIVE
67,State-gov,7th-8th,3,Divorced,Machine-op-inspct,Not-in-family,Amer-Indian-Eskimo,Male,2500,1633,75,France,0.506740,POSITIVE
73,Self-emp-inc,10th,3,Divorced,Transport-moving,Other-relative,Other,Female,2500,1851,90,Haiti,0.384066,NEGATIVE
73,Self-emp-inc,10th,3,Divorced,Transport-moving,Other-relative,Other,Male,2500,1851,90,Haiti,0.508217,POSITIVE
71,Self-emp-inc,Masters,3,Divorced,Farming-fishing,Not-in-family,Other,Female,2500,1851,35,Dominican-Republic,0.379348,NEGATIVE
71,Self-emp-inc,Masters,3,Divorced,Farming-fishing,Not-in-family,Other,Male,2500,1851,35,Dominican-Republic,0.503219,POSITIVE
75,Federal-gov,Doctorate,3,Married-civ-spouse,Protective-serv,Other-relative,Black,Female,2500,2069,95,Laos,0.407878,NEGATIVE
75,Federal-gov,Doctorate,3,Married-civ-spouse,Protective-serv,Other-relative,Black,Male,2500,2069,95,Laos,0.533064,POSITIVE
91,Self-emp-inc,12th,2,Divorced,Adm-clerical,Not-in-family,Amer-Indian-Eskimo,Female,2500,544,80,France,0.385717,NEGATIVE
91,Self-emp-inc,12th,2,Divorced,Adm-clerical,Not-in-family,Amer-Indian-Eskimo,Male,2500,544,80,France,0.509960,POSITIVE
56,Private,Bachelors,5,Married-civ-spouse,Tech-support,Wife,White,Female,2500,1197,1,Italy,0.404195,NEGATIVE
56,Private,Bachelors,5,Married-civ-spouse,Tech-support,Wife,White,Male,2500,1197,1,Italy,0.529262,POSITIVE
56,Local-gov,Bachelors,5,Married-civ-spouse,Tech-support,Wife,White,Female,2500,1197,1,China,0.480641,NEGATIVE
56,Local-gov,Bachelors,5,Married-civ-spouse,Tech-support,Wife,White,Male,2500,1197,1,China,0.605329,POSITIVE
83,Self-emp-not-inc,HS-grad,5,Married-civ-spouse,Sales,Own-child,Asian-Pac-Islander,Female,2500,326,20,Poland,0.425466,NEGATIVE
83,Self-emp-not-inc,HS-grad,5,Married-civ-spouse,Sales,Own-child,Asian-Pac-Islander,Male,2500,326,20,Poland,0.551027,POSITIVE
81,Local-gov,Some-college,5,Married-civ-spouse,Craft-repair,Wife,White,Female,2500,108,5,China,0.418885,NEGATIVE
81,Local-gov,Some-college,5,Married-civ-spouse,Craft-repair,Wife,White,Male,2500,108,5,China,0.544344,POSITIVE
62,Self-emp-inc,Prof-school,5,Married-civ-spouse,Exec-managerial,Own-child,Asian-Pac-Islander,Female,2500,326,30,Poland,0.402792,NEGATIVE
62,Self-emp-inc,Prof-school,5,Married-civ-spouse,Exec-managerial,Own-child,Asian-Pac-Islander,Male,2500,326,30,Poland,0.527809,POSITIVE
60,Local-gov,HS-grad,5,Married-civ-spouse,Sales,Own-child,Asian-Pac-Islander,Female,2500,326,10,Cuba,0.417971,NEGATIVE
60,Local-gov,HS-grad,5,Married-civ-spouse,Sales,Own-child,Asian-Pac-Islander,Male,2500,326,10,Cuba,0.543413,POSITIVE
81,Self-emp-not-inc,Some-college,1,Married-civ-spouse,Craft-repair,Wife,White,Female,2500,1197,10,Cuba,0.406712,NEGATIVE
81,Self-emp-not-inc,Some-college,1,Married-civ-spouse,Craft-repair,Wife,White,Male,2500,1197,10,Cuba,0.531862,POSITIVE
79,Local-gov,Bachelors,1,Married-civ-spouse,Tech-support,Wife,White,Female,2500,1197,1,Outlying-US(Guam-USVI-etc),0.432075,NEGATIVE
79,Local-gov,Bachelors,1,Married-civ-spouse,Tech-support,Wife,White,Male,2500,1197,1,Outlying-US(Guam-USVI-etc),0.557693,POSITIVE
58,Local-gov,Some-college,1,Divorced,Craft-repair,Wife,White,Female,2500,1197,5,Cuba,0.391402,NEGATIVE
58,Local-gov,Some-college,1,Divorced,Craft-repair,Wife,White,Male,2500,1197,5,Cuba,0.515938,POSITIVE
56,Private,Bachelors,3,Divorced,Tech-support,Wife,White,Female,2500,1197,1,Italy,0.475243,NEGATIVE
56,Private,Bachelors,3,Divorced,Tech-support,Wife,White,Male,2500,1197,1,Italy,0.600149,POSITIVE
60,Self-emp-not-inc,HS-grad,1,Married-civ-spouse,Sales,Own-child,Asian-Pac-Islander,Female,2500,1415,20,Iran,0.380739,NEGATIVE
60,Self-emp-not-inc,HS-grad,1,Married-civ-spouse,Sales,Own-child,Asian-Pac-Islander,Male,2500,1415,20,Iran,0.504695,POSITIVE
56,Local-gov,Bachelors,1,Married-civ-spouse,Tech-support,Wife,White,Female,2500,1197,1,Outlying-US(Guam-USVI-etc),0.405386,NEGATIVE
56,Local-gov,Bachelors,1,Married-civ-spouse,Tech-support,Wife,White,Male,2500,1197,1,Outlying-US(Guam-USVI-etc),0.530493,POSITIVE
79,Local-gov,Bachelors,1,Divorced,Tech-support,Wife,White,Female,2500,108,51,China,0.476963,NEGATIVE
79,Local-gov,Bachelors,1,Divorced,Tech-support,Wife,White,Male,2500,108,51,China,0.601803,POSITIVE
97,Without-pay,Doctorate,3,Divorced,Protective-serv,Other-relative,Black,Female,2500,980,45,Jamaica,0.494331,NEGATIVE
97,Without-pay,Doctorate,3,Divorced,Protective-serv,Other-relative,Black,Male,2500,980,45,Jamaica,0.618342,POSITIVE
79,Private,Bachelors,1,Divorced,Tech-support,Wife,White,Female,2500,108,51,Italy,0.400651,NEGATIVE
79,Private,Bachelors,1,Divorced,Tech-support,Wife,White,Male,2500,108,51,Italy,0.525588,POSITIVE
79,Private,Bachelors,1,Divorced,Tech-support,Wife,White,Female,2500,108,1,China,0.444576,NEGATIVE
79,Private,Bachelors,1,Divorced,Tech-support,Wife,White,Male,2500,108,1,China,0.570180,POSITIVE
97,State-gov,Doctorate,3,Married-civ-spouse,Protective-serv,Other-relative,Black,Female,2500,980,90,Jamaica,0.483268,NEGATIVE
97,State-gov,Doctorate,3,Married-civ-spouse,Protective-serv,Other-relative,Black,Male,2500,980,90,Jamaica,0.607840,POSITIVE
56,Local-gov,Bachelors,1,Divorced,Tech-support,Wife,White,Female,2500,108,1,United-States,0.443375,NEGATIVE
56,Local-gov,Bachelors,1,Divorced,Tech-support,Wife,White,Male,2500,108,1,United-States,0.503388,POSITIVE
56,Private,Bachelors,1,Divorced,Tech-support,Wife,White,Female,2500,108,1,China,0.417683,NEGATIVE
56,Private,Bachelors,1,Divorced,Tech-support,Wife,White,Male,2500,108,1,China,0.543119,POSITIVE
73,State-gov,10th,3,Married-civ-spouse,Transport-moving,Other-relative,Other,Female,2500,762,80,Italy,0.495982,NEGATIVE
73,State-gov,10th,3,Married-civ-spouse,Transport-moving,Other-relative,Other,Male,2500,762,80,Italy,0.619900,POSITIVE
37,Without-pay,Doctorate,9,Married-AF-spouse,Protective-serv,Other-relative,Black,Female,17500,544,22,El-Salvador,0.493289,NEGATIVE
37,Without-pay,Doctorate,9,Married-AF-spouse,Protective-serv,Other-relative,Black,Male,17500,544,22,El-Salvador,0.634549,POSITIVE
39,State-gov,12th,1,Married-AF-spouse,Adm-clerical,Not-in-family,Black,Female,17500,1415,80,Dominican-Republic,0.439447,NEGATIVE
39,State-gov,12th,1,Married-AF-spouse,Adm-clerical,Not-in-family,Black,Male,17500,1415,80,Dominican-Republic,0.503924,POSITIVE
36,State-gov,Masters,1,Married-AF-spouse,Farming-fishing,Not-in-family,Asian-Pac-Islander,Female,17500,1415,67,Haiti,0.455120,NEGATIVE
36,State-gov,Masters,1,Married-AF-spouse,Farming-fishing,Not-in-family,Asian-Pac-Islander,Male,17500,1415,67,Haiti,0.580527,POSITIVE
50,State-gov,12th,1,Married-AF-spouse,Adm-clerical,Not-in-family,Black,Female,17500,1415,30,Dominican-Republic,0.439824,NEGATIVE
50,State-gov,12th,1,Married-AF-spouse,Adm-clerical,Not-in-family,Black,Male,17500,1415,30,Dominican-Republic,0.505790,POSITIVE
48,State-gov,Masters,1,Married-AF-spouse,Farming-fishing,Not-in-family,Asian-Pac-Islander,Female,17500,1415,17,Haiti,0.494977,NEGATIVE
48,State-gov,Masters,1,Married-AF-spouse,Farming-fishing,Not-in-family,Asian-Pac-Islander,Male,17500,1415,17,Haiti,0.636113,POSITIVE
36,State-gov,Prof-school,1,Married-AF-spouse,Exec-managerial,Own-child,Asian-Pac-Islander,Female,17500,1415,15,Cuba,0.439415,NEGATIVE
36,State-gov,Prof-school,1,Married-AF-spouse,Exec-managerial,Own-child,Asian-Pac-Islander,Male,17500,1415,15,Cuba,0.503768,POSITIVE
39,Federal-gov,12th,1,Married-AF-spouse,Adm-clerical,Not-in-family,Black,Female,17500,1415,30,Dominican-Republic,0.456966,NEGATIVE
39,Federal-gov,12th,1,Married-AF-spouse,Adm-clerical,Not-in-family,Black,Male,17500,1415,30,Dominican-Republic,0.589336,POSITIVE
36,Without-pay,10th,5,Married-AF-spouse,Transport-moving,Other-relative,Black,Female,17500,980,70,Nicaragua,0.479251,NEGATIVE
36,Without-pay,10th,5,Married-AF-spouse,Transport-moving,Other-relative,Black,Male,17500,980,70,Nicaragua,0.621420,POSITIVE
41,Without-pay,10th,5,Married-AF-spouse,Transport-moving,Other-relative,Black,Female,17500,544,90,Nicaragua,0.442586,NEGATIVE
41,Without-pay,10th,5,Married-AF-spouse,Transport-moving,Other-relative,Black,Male,17500,544,90,Nicaragua,0.519441,POSITIVE
35,State-gov,7th-8th,5,Married-AF-spouse,Machine-op-inspct,Not-in-family,Asian-Pac-Islander,Female,17500,326,63,Mexico,0.457004,NEGATIVE
35,State-gov,7th-8th,5,Married-AF-spouse,Machine-op-inspct,Not-in-family,Asian-Pac-Islander,Male,17500,326,63,Mexico,0.589516,POSITIVE
49,Without-pay,Doctorate,5,Married-AF-spouse,Protective-serv,Other-relative,Black,Female,17500,980,22,El-Salvador,0.459109,NEGATIVE
49,Without-pay,Doctorate,5,Married-AF-spouse,Protective-serv,Other-relative,Black,Male,17500,980,22,El-Salvador,0.599487,POSITIVE
52,Without-pay,10th,5,Married-AF-spouse,Transport-moving,Other-relative,Black,Female,17500,544,40,Nicaragua,0.439153,NEGATIVE
52,Without-pay,10th,5,Married-AF-spouse,Transport-moving,Other-relative,Black,Male,17500,544,40,Nicaragua,0.502472,POSITIVE
47,State-gov,12th,5,Married-AF-spouse,Adm-clerical,Not-in-family,Asian-Pac-Islander,Female,17500,326,15,Dominican-Republic,0.454572,NEGATIVE
47,State-gov,12th,5,Married-AF-spouse,Adm-clerical,Not-in-family,Asian-Pac-Islander,Male,17500,326,15,Dominican-Republic,0.577899,POSITIVE
37,State-gov,Assoc-voc,6,Married-AF-spouse,Prof-specialty,Husband,Amer-Indian-Eskimo,Female,17500,544,20,Italy,0.446701,NEGATIVE
37,State-gov,Assoc-voc,6,Married-AF-spouse,Prof-specialty,Husband,Amer-Indian-Eskimo,Male,17500,544,20,Italy,0.539689,POSITIVE
33,Private,Bachelors,5,Married-AF-spouse,Tech-support,Wife,Other,Female,17500,108,1,United-States,0.497177,NEGATIVE
33,Private,Bachelors,5,Married-AF-spouse,Tech-support,Wife,Other,Male,17500,108,1,United-States,0.638147,POSITIVE
48,State-gov,Assoc-voc,2,Married-AF-spouse,Prof-specialty,Husband,Amer-Indian-Eskimo,Female,17500,544,70,Italy,0.458210,NEGATIVE
48,State-gov,Assoc-voc,2,Married-AF-spouse,Prof-specialty,Husband,Amer-Indian-Eskimo,Male,17500,544,70,Italy,0.595243,POSITIVE
42,Without-pay,Doctorate,3,Married-AF-spouse,Protective-serv,Other-relative,Black,Female,17500,980,95,El-Salvador,0.454976,NEGATIVE
42,Without-pay,Doctorate,3,Married-AF-spouse,Protective-serv,Other-relative,Black,Male,17500,980,95,El-Salvador,0.579834,POSITIVE
35,Local-gov,HS-grad,1,Married-AF-spouse,Sales,Own-child,White,Female,17500,762,80,Japan,0.458241,NEGATIVE
35,Local-gov,HS-grad,1,Married-AF-spouse,Sales,Own-child,White,Male,17500,762,80,Japan,0.595386,POSITIVE
39,Local-gov,Some-college,1,Married-AF-spouse,Craft-repair,Wife,White,Female,17500,762,53,Canada,0.483204,NEGATIVE
39,Local-gov,Some-college,1,Married-AF-spouse,Craft-repair,Wife,White,Male,17500,762,53,Canada,0.625138,POSITIVE
41,State-gov,7th-8th,3,Married-AF-spouse,Machine-op-inspct,Not-in-family,Asian-Pac-Islander,Female,17500,326,88,Mexico,0.493004,NEGATIVE
41,State-gov,7th-8th,3,Married-AF-spouse,Machine-op-inspct,Not-in-family,Asian-Pac-Islander,Male,17500,326,88,Mexico,0.634283,POSITIVE
52,Without-pay,10th,3,Married-AF-spouse,Transport-moving,Other-relative,Other,Female,17500,980,40,Nicaragua,0.491271,NEGATIVE
52,Without-pay,10th,3,Married-AF-spouse,Transport-moving,Other-relative,Other,Male,17500,980,40,Nicaragua,0.632674,POSITIVE
46,Local-gov,HS-grad,1,Married-AF-spouse,Sales,Own-child,White,Female,17500,762,30,Japan,0.491467,NEGATIVE
46,Local-gov,HS-grad,1,Married-AF-spouse,Sales,Own-child,White,Male,17500,762,30,Japan,0.632857,POSITIVE
51,Local-gov,HS-grad,1,Married-AF-spouse,Sales,Own-child,White,Female,17500,762,5,Japan,0.449233,NEGATIVE
51,Local-gov,HS-grad,1,Married-AF-spouse,Sales,Own-child,White,Male,17500,762,5,Japan,0.552067,POSITIVE
53,State-gov,12th,3,Married-AF-spouse,Adm-clerical,Not-in-family,Asian-Pac-Islander,Female,17500,326,40,Dominican-Republic,0.452668,NEGATIVE
53,State-gov,12th,3,Married-AF-spouse,Adm-clerical,Not-in-family,Asian-Pac-Islander,Male,17500,326,40,Dominican-Republic,0.568736,POSITIVE
51,Local-gov,Bachelors,3,Married-AF-spouse,Tech-support,Wife,White,Female,17500,108,1,United-States,0.441013,NEGATIVE
51,Local-gov,Bachelors,3,Married-AF-spouse,Tech-support,Wife,White,Male,17500,108,1,United-States,0.511673,POSITIVE
34,Local-gov,Some-college,3,Married-AF-spouse,Craft-repair,Wife,White,Female,17500,762,28,Canada,0.492563,NEGATIVE
34,Local-gov,Some-college,3,Married-AF-spouse,Craft-repair,Wife,White,Male,17500,762,28,Canada,0.633874,POSITIVE
39,Local-gov,Some-college,3,Married-AF-spouse,Craft-repair,Wife,White,Female,17500,762,3,Canada,0.465283,NEGATIVE
39,Local-gov,Some-college,3,Married-AF-spouse,Craft-repair,Wife,White,Male,17500,762,3,Canada,0.608148,POSITIVE
51,Federal-gov,Masters,1,Married-AF-spouse,Farming-fishing,Not-in-family,Black,Female,17500,326,85,Haiti,0.460717,NEGATIVE
51,Federal-gov,Masters,1,Married-AF-spouse,Farming-fishing,Not-in-family,Black,Male,17500,326,85,Haiti,0.603763,POSITIVE
33,Private,Bachelors,1,Married-AF-spouse,Tech-support,Wife,White,Female,17500,108,51,United-States,0.471555,NEGATIVE
33,Private,Bachelors,1,Married-AF-spouse,Tech-support,Wife,White,Male,17500,108,51,United-States,0.614134,POSITIVE
51,Federal-gov,Masters,1,Married-AF-spouse,Farming-fishing,Not-in-family,Black,Female,17500,980,35,Haiti,0.451504,NEGATIVE
51,Federal-gov,Masters,1,Married-AF-spouse,Farming-fishing,Not-in-family,Black,Male,17500,980,35,Haiti,0.563105,POSITIVE
51,Federal-gov,Masters,3,Married-AF-spouse,Farming-fishing,Not-in-family,Black,Female,17500,326,35,Haiti,0.456359,NEGATIVE
51,Federal-gov,Masters,3,Married-AF-spouse,Farming-fishing,Not-in-family,Black,Male,17500,326,35,Haiti,0.586446,POSITIVE
45,Private,Some-college,1,Married-AF-spouse,Craft-repair,Wife,White,Female,17500,108,5,Canada,0.457517,NEGATIVE
45,Private,Some-college,1,Married-AF-spouse,Craft-repair,Wife,White,Male,17500,108,5,Canada,0.591955,POSITIVE
41,Self-emp-inc,10th,3,Married-AF-spouse,Transport-moving,Other-relative,Other,Female,17500,762,40,Nicaragua,0.444114,NEGATIVE
41,Self-emp-inc,10th,3,Married-AF-spouse,Transport-moving,Other-relative,Other,Male,17500,762,40,Nicaragua,0.526977,POSITIVE
40,State-gov,Masters,1,Married-spouse-absent,Farming-fishing,Not-in-family,Other,Female,17500,326,35,Haiti,0.480381,NEGATIVE
40,State-gov,Masters,1,Married-spouse-absent,Farming-fishing,Not-in-family,Other,Male,17500,326,35,Haiti,0.622485,POSITIVE
22,Private,7th-8th,9,Widowed,Tech-support,Wife,White,Female,17500,4029,76,United-States,0.488814,NEGATIVE
22,Private,7th-8th,9,Widowed,Tech-support,Wife,White,Male,17500,4029,76,United-States,0.520733,POSITIVE
22,Self-emp-not-inc,Some-college,9,Widowed,Craft-repair,Wife,White,Female,17500,3375,78,United-States,0.472705,NEGATIVE
22,Self-emp-not-inc,Some-college,9,Widowed,Craft-repair,Wife,White,Male,17500,3375,78,United-States,0.504610,POSITIVE
22,Private,Bachelors,9,Widowed,Tech-support,Wife,White,Female,17500,2286,89,United-States,0.482982,NEGATIVE
22,Private,Bachelors,9,Widowed,Tech-support,Wife,White,Male,17500,2286,89,United-States,0.514903,POSITIVE
16,Self-emp-not-inc,Some-college,10,Widowed,Sales,Own-child,Asian-Pac-Islander,Female,17500,3593,91,Cuba,0.475467,NEGATIVE
16,Self-emp-not-inc,Some-college,10,Widowed,Sales,Own-child,Asian-Pac-Islander,Male,17500,3593,91,Cuba,0.507379,POSITIVE
10,Self-emp-not-inc,12th,9,Widowed,Craft-repair,Wife,White,Female,17500,3375,90,Italy,0.472784,NEGATIVE
10,Self-emp-not-inc,12th,9,Widowed,Craft-repair,Wife,White,Male,17500,3375,90,Italy,0.504689,POSITIVE
11,Self-emp-inc,Masters,11,Married-spouse-absent,Exec-managerial,Own-child,Asian-Pac-Islander,Female,17500,3593,92,Cuba,0.470967,NEGATIVE
11,Self-emp-inc,Masters,11,Married-spouse-absent,Exec-managerial,Own-child,Asian-Pac-Islander,Male,17500,3593,92,Cuba,0.502867,POSITIVE
10,Self-emp-not-inc,12th,9,Widowed,Craft-repair,Wife,White,Female,17500,3375,77,China,0.470702,NEGATIVE
10,Self-emp-not-inc,12th,9,Widowed,Craft-repair,Wife,White,Male,17500,3375,77,China,0.502600,POSITIVE
10,Self-emp-inc,HS-grad,11,Married-spouse-absent,Prof-specialty,Husband,Amer-Indian-Eskimo,Female,17500,3593,93,Jamaica,0.499497,NEGATIVE
10,Self-emp-inc,HS-grad,11,Married-spouse-absent,Prof-specialty,Husband,Amer-Indian-Eskimo,Male,17500,3593,93,Jamaica,0.531388,POSITIVE
11,Self-emp-inc,11th,11,Married-spouse-absent,Exec-managerial,Own-child,Asian-Pac-Islander,Female,17500,3593,79,Honduras,0.478639,NEGATIVE
11,Self-emp-inc,11th,11,Married-spouse-absent,Exec-managerial,Own-child,Asian-Pac-Islander,Male,17500,3593,79,Honduras,0.510556,POSITIVE
10,Private,7th-8th,9,Widowed,Tech-support,Wife,White,Female,17500,2286,89,China,0.486193,NEGATIVE
10,Private,7th-8th,9,Widowed,Tech-support,Wife,White,Male,17500,2286,89,China,0.518114,POSITIVE
13,Self-emp-not-inc,Some-college,9,Widowed,Craft-repair,Wife,White,Female,17500,2286,90,China,0.475555,NEGATIVE
13,Self-emp-not-inc,Some-college,9,Widowed,Craft-repair,Wife,White,Male,17500,2286,90,China,0.507468,POSITIVE
10,Self-emp-inc,11th,11,Married-spouse-absent,Exec-managerial,Own-child,Asian-Pac-Islander,Female,17500,2504,92,Cuba,0.491595,NEGATIVE
10,Self-emp-inc,11th,11,Married-spouse-absent,Exec-managerial,Own-child,Asian-Pac-Islander,Male,17500,2504,92,Cuba,0.523509,POSITIVE
10,Self-emp-not-inc,Some-college,10,Widowed,Sales,Own-child,Asian-Pac-Islander,Female,17500,3593,66,Cuba,0.486706,NEGATIVE
10,Self-emp-not-inc,Some-college,10,Widowed,Sales,Own-child,Asian-Pac-Islander,Male,17500,3593,66,Cuba,0.518627,POSITIVE
17,Self-emp-inc,1st-4th,11,Married-spouse-absent,Prof-specialty,Husband,Amer-Indian-Eskimo,Female,17500,3811,93,England,0.493609,NEGATIVE
17,Self-emp-inc,1st-4th,11,Married-spouse-absent,Prof-specialty,Husband,Amer-Indian-Eskimo,Male,17500,3811,93,England,0.525519,POSITIVE
19,Private,7th-8th,9,Widowed,Tech-support,Wife,White,Female,17500,3375,76,United-States,0.481046,NEGATIVE
19,Private,7th-8th,9,Widowed,Tech-support,Wife,White,Male,17500,3375,76,United-States,0.512966,POSITIVE
16,Self-emp-not-inc,12th,10,Widowed,Sales,Own-child,Asian-Pac-Islander,Female,17500,3375,78,Cambodia,0.485106,NEGATIVE
16,Self-emp-not-inc,12th,10,Widowed,Sales,Own-child,Asian-Pac-Islander,Male,17500,3375,78,Cambodia,0.517027,POSITIVE
19,Self-emp-inc,11th,11,Married-spouse-absent,Exec-managerial,Own-child,Asian-Pac-Islander,Female,17500,3593,92,India,0.497600,NEGATIVE
19,Self-emp-inc,11th,11,Married-spouse-absent,Exec-managerial,Own-child,Asian-Pac-Islander,Male,17500,3593,92,India,0.529498,POSITIVE
16,Self-emp-not-inc,Some-college,10,Widowed,Sales,Own-child,Asian-Pac-Islander,Female,17500,3593,78,India,0.470463,NEGATIVE
16,Self-emp-not-inc,Some-college,10,Widowed,Sales,Own-child,Asian-Pac-Islander,Male,17500,3593,78,India,0.502361,POSITIVE
17,State-gov,Assoc-voc,14,Married-AF-spouse,Transport-moving,Other-relative,Other,Female,22500,4029,97,Canada,0.474237,NEGATIVE
17,State-gov,Assoc-voc,14,Married-AF-spouse,Transport-moving,Other-relative,Other,Male,22500,4029,97,Canada,0.506147,POSITIVE
16,Self-emp-not-inc,12th,9,Widowed,Craft-repair,Wife,White,Female,17500,2286,90,United-States,0.486066,NEGATIVE
16,Self-emp-not-inc,12th,9,Widowed,Craft-repair,Wife,White,Male,17500,2286,90,United-States,0.517987,POSITIVE
16,Self-emp-inc,11th,11,Married-spouse-absent,Exec-managerial,Own-child,Asian-Pac-Islander,Female,17500,2940,92,India,0.479168,NEGATIVE
16,Self-emp-inc,11th,11,Married-spouse-absent,Exec-managerial,Own-child,Asian-Pac-Islander,Male,17500,2940,92,India,0.511086,POSITIVE
16,Self-emp-not-inc,Some-college,10,Widowed,Sales,Own-child,Asian-Pac-Islander,Female,17500,2504,80,Cambodia,0.492674,NEGATIVE
16,Self-emp-not-inc,Some-college,10,Widowed,Sales,Own-child,Asian-Pac-Islander,Male,17500,2504,80,Cambodia,0.524586,POSITIVE
11,Self-emp-inc,1st-4th,11,Married-spouse-absent,Prof-specialty,Husband,Amer-Indian-Eskimo,Female,17500,3811,85,Japan,0.492140,NEGATIVE
11,Self-emp-inc,1st-4th,11,Married-spouse-absent,Prof-specialty,Husband,Amer-Indian-Eskimo,Male,17500,3811,85,Japan,0.524053,POSITIVE
13,Local-gov,Doctorate,13,Married-spouse-absent,Farming-fishing,Not-in-family,Other,Female,22500,4029,92,Puerto-Rico,0.493186,NEGATIVE
13,Local-gov,Doctorate,13,Married-spouse-absent,Farming-fishing,Not-in-family,Other,Male,22500,4029,92,Puerto-Rico,0.525096,POSITIVE
13,State-gov,Assoc-voc,14,Married-AF-spouse,Transport-moving,Other-relative,Other,Female,22500,4029,97,Greece,0.476089,NEGATIVE
13,State-gov,Assoc-voc,14,Married-AF-spouse,Transport-moving,Other-relative,Other,Male,22500,4029,97,Greece,0.508003,POSITIVE
12,Local-gov,Prof-school,13,Married-spouse-absent,Adm-clerical,Not-in-family,Amer-Indian-Eskimo,Female,22500,3811,83,Japan,0.493936,NEGATIVE
12,Local-gov,Prof-school,13,Married-spouse-absent,Adm-clerical,Not-in-family,Amer-Indian-Eskimo,Male,22500,3811,83,Japan,0.525845,POSITIVE
14,State-gov,Assoc-voc,15,Married-AF-spouse,Protective-serv,Other-relative,Black,Female,22500,3811,98,Canada,0.485960,NEGATIVE
14,State-gov,Assoc-voc,15,Married-AF-spouse,Protective-serv,Other-relative,Black,Male,22500,3811,98,Canada,0.517881,POSITIVE
10,Private,7th-8th,9,Widowed,Tech-support,Wife,White,Female,17500,2286,76,Outlying-US(Guam-USVI-etc),0.487033,NEGATIVE
10,Private,7th-8th,9,Widowed,Tech-support,Wife,White,Male,17500,2286,76,Outlying-US(Guam-USVI-etc),0.518953,POSITIVE
13,Self-emp-inc,Masters,11,Married-spouse-absent,Exec-managerial,Own-child,Asian-Pac-Islander,Female,17500,2504,92,Cambodia,0.484546,NEGATIVE
13,Self-emp-inc,Masters,11,Married-spouse-absent,Exec-managerial,Own-child,Asian-Pac-Islander,Male,17500,2504,92,Cambodia,0.516467,POSITIVE
11,Federal-gov,10th,12,Married-spouse-absent,Machine-op-inspct,Not-in-family,Amer-Indian-Eskimo,Female,22500,2504,94,Puerto-Rico,0.494465,NEGATIVE
11,Federal-gov,10th,12,Married-spouse-absent,Machine-op-inspct,Not-in-family,Amer-Indian-Eskimo,Male,22500,2504,94,Puerto-Rico,0.526372,POSITIVE
12,Federal-gov,Prof-school,12,Married-spouse-absent,Machine-op-inspct,Not-in-family,Amer-Indian-Eskimo,Female,22500,2722,94,Japan,0.491327,NEGATIVE
12,Federal-gov,Prof-school,12,Married-spouse-absent,Machine-op-inspct,Not-in-family,Amer-Indian-Eskimo,Male,22500,2722,94,Japan,0.523242,POSITIVE
13,Self-emp-not-inc,Some-college,9,Widowed,Craft-repair,Wife,White,Female,17500,2286,77,Outlying-US(Guam-USVI-etc),0.473471,NEGATIVE
13,Self-emp-not-inc,Some-college,9,Widowed,Craft-repair,Wife,White,Male,17500,2286,77,Outlying-US(Guam-USVI-etc),0.505379,POSITIVE
10,Self-emp-inc,11th,11,Married-spouse-absent,Exec-managerial,Own-child,Asian-Pac-Islander,Female,17500,2504,79,India,0.483651,NEGATIVE
10,Self-emp-inc,11th,11,Married-spouse-absent,Exec-managerial,Own-child,Asian-Pac-Islander,Male,17500,2504,79,India,0.515572,POSITIVE
11,State-gov,Assoc-voc,15,Married-AF-spouse,Protective-serv,Other-relative,Black,Female,22500,3158,98,Canada,0.499516,NEGATIVE
11,State-gov,Assoc-voc,15,Married-AF-spouse,Protective-serv,Other-relative,Black,Male,22500,3158,98,Canada,0.531407,POSITIVE
11,Local-gov,Assoc-acdm,13,Married-spouse-absent,Farming-fishing,Not-in-family,Other,Female,22500,3158,84,Puerto-Rico,0.468843,NEGATIVE
11,Local-gov,Assoc-acdm,13,Married-spouse-absent,Farming-fishing,Not-in-family,Other,Male,22500,3158,84,Puerto-Rico,0.500734,POSITIVE
16,Private,Bachelors,9,Widowed,Tech-support,Wife,White,Female,17500,3375,64,Outlying-US(Guam-USVI-etc),0.482442,NEGATIVE
16,Private,Bachelors,9,Widowed,Tech-support,Wife,White,Male,17500,3375,64,Outlying-US(Guam-USVI-etc),0.514363,POSITIVE
16,Self-emp-inc,11th,11,Married-spouse-absent,Exec-managerial,Own-child,Asian-Pac-Islander,Female,17500,3593,67,Cambodia,0.469035,NEGATIVE
16,Self-emp-inc,11th,11,Married-spouse-absent,Exec-managerial,Own-child,Asian-Pac-Islander,Male,17500,3593,67,Cambodia,0.500928,POSITIVE
10,Self-emp-not-inc,12th,9,Widowed,Craft-repair,Wife,White,Female,17500,3375,65,Outlying-US(Guam-USVI-etc),0.477936,NEGATIVE
10,Self-emp-not-inc,12th,9,Widowed,Craft-repair,Wife,White,Male,17500,3375,65,Outlying-US(Guam-USVI-etc),0.509852,POSITIVE
13,Self-emp-not-inc,12th,10,Widowed,Sales,Own-child,Asian-Pac-Islander,Female,17500,3593,66,Cambodia,0.472079,NEGATIVE
13,Self-emp-not-inc,12th,10,Widowed,Sales,Own-child,Asian-Pac-Islander,Male,17500,3593,66,Cambodia,0.503982,POSITIVE
11,Self-emp-inc,HS-grad,11,Married-spouse-absent,Prof-specialty,Husband,Amer-Indian-Eskimo,Female,17500,3811,60,Canada,0.472590,NEGATIVE
11,Self-emp-inc,HS-grad,11,Married-spouse-absent,Prof-specialty,Husband,Amer-Indian-Eskimo,Male,17500,3811,60,Canada,0.504494,POSITIVE
10,Self-emp-inc,HS-grad,11,Married-spouse-absent,Prof-specialty,Husband,Amer-Indian-Eskimo,Female,17500,2722,68,England,0.494298,NEGATIVE
10,Self-emp-inc,HS-grad,11,Married-spouse-absent,Prof-specialty,Husband,Amer-Indian-Eskimo,Male,17500,2722,68,England,0.526206,POSITIVE
13,Self-emp-not-inc,Some-college,9,Widowed,Craft-repair,Wife,White,Female,17500,2940,52,United-States,0.469459,NEGATIVE
13,Self-emp-not-inc,Some-college,9,Widowed,Craft-repair,Wife,White,Male,17500,2940,52,United-States,0.501353,POSITIVE
10,Self-emp-inc,11th,11,Married-spouse-absent,Exec-managerial,Own-child,Asian-Pac-Islander,Female,17500,2940,54,Cambodia,0.494820,NEGATIVE
10,Self-emp-inc,11th,11,Married-spouse-absent,Exec-managerial,Own-child,Asian-Pac-Islander,Male,17500,2940,54,Cambodia,0.526727,POSITIVE
10,Self-emp-not-inc,Some-college,5,Married-AF-spouse,Craft-repair,Wife,White,Female,17500,3375,90,Ireland,0.479584,NEGATIVE
10,Self-emp-not-inc,Some-college,5,Married-AF-spouse,Craft-repair,Wife,White,Male,17500,3375,90,Ireland,0.511503,POSITIVE
13,State-gov,Prof-school,1,Married-AF-spouse,Exec-managerial,Own-child,Asian-Pac-Islander,Female,17500,2504,58,Thailand,0.480704,NEGATIVE
13,State-gov,Prof-school,1,Married-AF-spouse,Exec-managerial,Own-child,Asian-Pac-Islander,Male,17500,2504,58,Thailand,0.622790,POSITIVE
10,Private,7th-8th,1,Widowed,Tech-support,Wife,White,Female,17500,3375,89,Portugal,0.470262,NEGATIVE
10,Private,7th-8th,1,Widowed,Tech-support,Wife,White,Male,17500,3375,89,Portugal,0.502159,POSITIVE
11,Self-emp-inc,11th,3,Widowed,Exec-managerial,Own-child,Asian-Pac-Islander,Female,17500,3593,92,Ireland,0.480692,NEGATIVE
11,Self-emp-inc,11th,3,Widowed,Exec-managerial,Own-child,Asian-Pac-Islander,Male,17500,3593,92,Ireland,0.512612,POSITIVE
10,Self-emp-not-inc,Some-college,1,Widowed,Craft-repair,Wife,White,Female,17500,3375,77,Portugal,0.499939,NEGATIVE
10,Self-emp-not-inc,Some-college,1,Widowed,Craft-repair,Wife,White,Male,17500,3375,77,Portugal,0.531828,POSITIVE
22,Self-emp-not-inc,Some-college,1,Married-AF-spouse,Craft-repair,Wife,White,Female,17500,3375,78,Cambodia,0.491599,NEGATIVE
22,Self-emp-not-inc,Some-college,1,Married-AF-spouse,Craft-repair,Wife,White,Male,17500,3375,78,Cambodia,0.523513,POSITIVE
22,Self-emp-not-inc,Some-college,2,Widowed,Sales,Own-child,Asian-Pac-Islander,Female,17500,3593,91,India,0.488893,NEGATIVE
22,Self-emp-not-inc,Some-college,2,Widowed,Sales,Own-child,Asian-Pac-Islander,Male,17500,3593,91,India,0.520812,POSITIVE
23,Self-emp-inc,11th,3,Widowed,Exec-managerial,Own-child,Asian-Pac-Islander,Female,17500,3593,83,Cambodia,0.485222,NEGATIVE
23,Self-emp-inc,11th,3,Widowed,Exec-managerial,Own-child,Asian-Pac-Islander,Male,17500,3593,83,Cambodia,0.517143,POSITIVE
16,Self-emp-not-inc,12th,2,Married-AF-spouse,Sales,Own-child,Asian-Pac-Islander,Female,22500,3593,80,England,0.490126,NEGATIVE
16,Self-emp-not-inc,12th,2,Married-AF-spouse,Sales,Own-child,Asian-Pac-Islander,Male,22500,3593,80,England,0.522042,POSITIVE
18,Federal-gov,Prof-school,4,Married-AF-spouse,Machine-op-inspct,Not-in-family,Amer-Indian-Eskimo,Female,22500,3811,88,Germany,0.470299,NEGATIVE
18,Federal-gov,Prof-school,4,Married-AF-spouse,Machine-op-inspct,Not-in-family,Amer-Indian-Eskimo,Male,22500,3811,88,Germany,0.502196,POSITIVE
12,Local-gov,10th,5,Married-AF-spouse,Adm-clerical,Not-in-family,Amer-Indian-Eskimo,Female,22500,3811,95,Japan,0.475967,NEGATIVE
12,Local-gov,10th,5,Married-AF-spouse,Adm-clerical,Not-in-family,Amer-Indian-Eskimo,Male,22500,3811,95,Japan,0.507881,POSITIVE
14,State-gov,Assoc-voc,7,Married-AF-spouse,Protective-serv,Other-relative,Black,Female,22500,4247,97,South,0.471656,NEGATIVE
14,State-gov,Assoc-voc,7,Married-AF-spouse,Protective-serv,Other-relative,Black,Male,22500,4247,97,South,0.503558,POSITIVE
10,Self-emp-not-inc,12th,1,Married-AF-spouse,Craft-repair,Wife,White,Female,22500,3375,65,Outlying-US(Guam-USVI-etc),0.481753,NEGATIVE
10,Self-emp-not-inc,12th,1,Married-AF-spouse,Craft-repair,Wife,White,Male,22500,3375,65,Outlying-US(Guam-USVI-etc),0.513674,POSITIVE
10,Self-emp-not-inc,12th,2,Married-AF-spouse,Sales,Own-child,Asian-Pac-Islander,Female,22500,3593,55,Cambodia,0.490936,NEGATIVE
10,Self-emp-not-inc,12th,2,Married-AF-spouse,Sales,Own-child,Asian-Pac-Islander,Male,22500,3593,55,Cambodia,0.522852,POSITIVE
12,Local-gov,Prof-school,5,Married-AF-spouse,Adm-clerical,Not-in-family,Amer-Indian-Eskimo,Female,22500,3811,65,Puerto-Rico,0.471938,NEGATIVE
12,Local-gov,Prof-school,5,Married-AF-spouse,Adm-clerical,Not-in-family,Amer-Indian-Eskimo,Male,22500,3811,65,Puerto-Rico,0.503841,POSITIVE
11,Self-emp-inc,Prof-school,5,Married-AF-spouse,Exec-managerial,Own-child,Asian-Pac-Islander,Female,17500,3593,83,Honduras,0.472072,NEGATIVE
11,Self-emp-inc,Prof-school,5,Married-AF-spouse,Exec-managerial,Own-child,Asian-Pac-Islander,Male,17500,3593,83,Honduras,0.503975,POSITIVE
17,Self-emp-inc,11th,5,Married-AF-spouse,Exec-managerial,Own-child,Asian-Pac-Islander,Female,17500,3593,83,India,0.490111,NEGATIVE
17,Self-emp-inc,11th,5,Married-AF-spouse,Exec-managerial,Own-child,Asian-Pac-Islander,Male,17500,3593,83,India,0.522027,POSITIVE
14,State-gov,5th-6th,7,Married-AF-spouse,Protective-serv,Other-relative,Black,Female,17500,4247,97,Canada,0.495917,NEGATIVE
14,State-gov,5th-6th,7,Married-AF-spouse,Protective-serv,Other-relative,Black,Male,17500,4247,97,Canada,0.527821,POSITIVE
11,State-gov,Prof-school,1,Married-AF-spouse,Exec-managerial,Own-child,Asian-Pac-Islander,Female,17500,3593,83,Honduras,0.486958,NEGATIVE
11,State-gov,Prof-school,1,Married-AF-spouse,Exec-managerial,Own-child,Asian-Pac-Islander,Male,17500,3593,83,Honduras,0.518878,POSITIVE
11,Self-emp-not-inc,Assoc-voc,2,Married-AF-spouse,Prof-specialty,Husband,Amer-Indian-Eskimo,Female,17500,3811,85,Philippines,0.473325,NEGATIVE
11,Self-emp-not-inc,Assoc-voc,2,Married-AF-spouse,Prof-specialty,Husband,Amer-Indian-Eskimo,Male,17500,3811,85,Philippines,0.505232,POSITIVE
16,Local-gov,12th,2,Married-AF-spouse,Adm-clerical,Not-in-family,Amer-Indian-Eskimo,Female,17500,3811,90,Outlying-US(Guam-USVI-etc),0.496502,NEGATIVE
16,Local-gov,12th,2,Married-AF-spouse,Adm-clerical,Not-in-family,Amer-Indian-Eskimo,Male,17500,3811,90,Outlying-US(Guam-USVI-etc),0.528404,POSITIVE
12,Self-emp-not-inc,HS-grad,5,Married-AF-spouse,Sales,Own-child,Asian-Pac-Islander,Female,17500,3593,55,Canada,0.485808,NEGATIVE
12,Self-emp-not-inc,HS-grad,5,Married-AF-spouse,Sales,Own-child,Asian-Pac-Islander,Male,17500,3593,55,Canada,0.517729,POSITIVE
16,Private,Some-college,1,Married-AF-spouse,Craft-repair,Wife,White,Female,17500,3375,53,Cambodia,0.485991,NEGATIVE
16,Private,Some-college,1,Married-AF-spouse,Craft-repair,Wife,White,Male,17500,3375,53,Cambodia,0.517912,POSITIVE
10,Local-gov,12th,1,Married-AF-spouse,Craft-repair,Wife,White,Female,17500,3375,53,Cambodia,0.498505,NEGATIVE
10,Local-gov,12th,1,Married-AF-spouse,Craft-repair,Wife,White,Male,17500,3375,53,Cambodia,0.530400,POSITIVE
11,Self-emp-inc,11th,3,Married-AF-spouse,Exec-managerial,Own-child,Asian-Pac-Islander,Female,22500,2504,92,Cuba,0.475008,NEGATIVE
11,Self-emp-inc,11th,3,Married-AF-spouse,Exec-managerial,Own-child,Asian-Pac-Islander,Male,22500,2504,92,Cuba,0.506919,POSITIVE
16,Self-emp-not-inc,12th,1,Married-AF-spouse,Craft-repair,Wife,White,Female,22500,2286,90,United-States,0.489887,NEGATIVE
16,Self-emp-not-inc,12th,1,Married-AF-spouse,Craft-repair,Wife,White,Male,22500,2286,90,United-States,0.521804,POSITIVE
16,Self-emp-not-inc,Some-college,2,Married-AF-spouse,Sales,Own-child,Asian-Pac-Islander,Female,22500,2504,80,Cambodia,0.469153,NEGATIVE
16,Self-emp-not-inc,Some-college,2,Married-AF-spouse,Sales,Own-child,Asian-Pac-Islander,Male,22500,2504,80,Cambodia,0.501046,POSITIVE
11,Self-emp-inc,HS-grad,3,Married-AF-spouse,Prof-specialty,Husband,Amer-Indian-Eskimo,Female,22500,2722,85,Japan,0.468849,NEGATIVE
11,Self-emp-inc,HS-grad,3,Married-AF-spouse,Prof-specialty,Husband,Amer-Indian-Eskimo,Male,22500,2722,85,Japan,0.500740,POSITIVE
12,Local-gov,Prof-school,5,Married-AF-spouse,Adm-clerical,Not-in-family,Amer-Indian-Eskimo,Female,22500,2722,83,Puerto-Rico,0.483809,NEGATIVE
12,Local-gov,Prof-school,5,Married-AF-spouse,Adm-clerical,Not-in-family,Amer-Indian-Eskimo,Male,22500,2722,83,Puerto-Rico,0.515731,POSITIVE
10,Self-emp-not-inc,Some-college,1,Married-AF-spouse,Craft-repair,Wife,White,Female,22500,2286,53,Cambodia,0.469131,NEGATIVE
10,Self-emp-not-inc,Some-college,1,Married-AF-spouse,Craft-repair,Wife,White,Male,22500,2286,53,Cambodia,0.501024,POSITIVE
16,Self-emp-not-inc,Some-college,5,Married-AF-spouse,Craft-repair,Wife,White,Female,17500,2286,78,Cambodia,0.470723,NEGATIVE
16,Self-emp-not-inc,Some-college,5,Married-AF-spouse,Craft-repair,Wife,White,Male,17500,2286,78,Cambodia,0.502622,POSITIVE
11,State-gov,Assoc-voc,6,Married-AF-spouse,Prof-specialty,Husband,Amer-Indian-Eskimo,Female,17500,2722,85,Canada,0.497493,NEGATIVE
11,State-gov,Assoc-voc,6,Married-AF-spouse,Prof-specialty,Husband,Amer-Indian-Eskimo,Male,17500,2722,85,Canada,0.529391,POSITIVE
12,Self-emp-inc,7th-8th,6,Married-AF-spouse,Machine-op-inspct,Not-in-family,Amer-Indian-Eskimo,Female,17500,2722,88,Germany,0.496304,NEGATIVE
12,Self-emp-inc,7th-8th,6,Married-AF-spouse,Machine-op-inspct,Not-in-family,Amer-Indian-Eskimo,Male,17500,2722,88,Germany,0.528206,POSITIVE
13,Self-emp-inc,Prof-school,1,Married-AF-spouse,Exec-managerial,Own-child,Asian-Pac-Islander,Female,17500,2504,83,Outlying-US(Guam-USVI-etc),0.495564,NEGATIVE
13,Self-emp-inc,Prof-school,1,Married-AF-spouse,Exec-managerial,Own-child,Asian-Pac-Islander,Male,17500,2504,83,Outlying-US(Guam-USVI-etc),0.527468,POSITIVE
10,Private,Some-college,5,Married-AF-spouse,Craft-repair,Wife,White,Female,17500,2286,53,Cambodia,0.485076,NEGATIVE
10,Private,Some-college,5,Married-AF-spouse,Craft-repair,Wife,White,Male,17500,2286,53,Cambodia,0.516998,POSITIVE
10,Local-gov,7th-8th,1,Married-AF-spouse,Tech-support,Wife,White,Female,17500,2286,51,China,0.445387,NEGATIVE
10,Local-gov,7th-8th,1,Married-AF-spouse,Tech-support,Wife,White,Male,17500,2286,51,China,0.533240,POSITIVE
11,Self-emp-not-inc,Some-college,1,Married-AF-spouse,Craft-repair,Wife,White,Female,17500,2286,53,Cambodia,0.491756,NEGATIVE
11,Self-emp-not-inc,Some-college,1,Married-AF-spouse,Craft-repair,Wife,White,Male,17500,2286,53,Cambodia,0.523670,POSITIVE
16,Self-emp-not-inc,Some-college,1,Widowed,Craft-repair,Wife,White,Female,17500,3375,78,Cuba,0.478983,NEGATIVE
16,Self-emp-not-inc,Some-college,1,Widowed,Craft-repair,Wife,White,Male,17500,3375,78,Cuba,0.510901,POSITIVE
10,Self-emp-inc,Masters,3,Widowed,Exec-managerial,Own-child,Asian-Pac-Islander,Female,17500,3593,92,Poland,0.480717,NEGATIVE
10,Self-emp-inc,Masters,3,Widowed,Exec-managerial,Own-child,Asian-Pac-Islander,Male,17500,3593,92,Poland,0.512637,POSITIVE
11,Local-gov,10th,5,Married-spouse-absent,Adm-clerical,Not-in-family,Amer-Indian-Eskimo,Female,22500,3811,95,Iran,0.491188,NEGATIVE
11,Local-gov,10th,5,Married-spouse-absent,Adm-clerical,Not-in-family,Amer-Indian-Eskimo,Male,22500,3811,95,Iran,0.523103,POSITIVE
10,Self-emp-not-inc,12th,2,Widowed,Sales,Own-child,Asian-Pac-Islander,Female,17500,3593,78,Iran,0.487089,NEGATIVE
10,Self-emp-not-inc,12th,2,Widowed,Sales,Own-child,Asian-Pac-Islander,Male,17500,3593,78,Iran,0.519009,POSITIVE
14,Local-gov,Assoc-acdm,5,Married-spouse-absent,Farming-fishing,Not-in-family,Other,Female,22500,4029,96,Honduras,0.470806,NEGATIVE
14,Local-gov,Assoc-acdm,5,Married-spouse-absent,Farming-fishing,Not-in-family,Other,Male,22500,4029,96,Honduras,0.502705,POSITIVE
11,Self-emp-inc,11th,3,Widowed,Exec-managerial,Own-child,Asian-Pac-Islander,Female,17500,3593,79,Poland,0.472761,NEGATIVE
11,Self-emp-inc,11th,3,Widowed,Exec-managerial,Own-child,Asian-Pac-Islander,Male,17500,3593,79,Poland,0.504666,POSITIVE
10,Self-emp-not-inc,Some-college,1,Widowed,Craft-repair,Wife,White,Female,17500,3375,65,Italy,0.474434,NEGATIVE
10,Self-emp-not-inc,Some-college,1,Widowed,Craft-repair,Wife,White,Male,17500,3375,65,Italy,0.506344,POSITIVE
10,Self-emp-inc,HS-grad,3,Widowed,Prof-specialty,Husband,Amer-Indian-Eskimo,Female,17500,3811,68,Iran,0.484897,NEGATIVE
10,Self-emp-inc,HS-grad,3,Widowed,Prof-specialty,Husband,Amer-Indian-Eskimo,Male,17500,3811,68,Iran,0.516818,POSITIVE
10,Self-emp-not-inc,Some-college,1,Widowed,Craft-repair,Wife,White,Female,17500,3375,52,China,0.472350,NEGATIVE
10,Self-emp-not-inc,Some-college,1,Widowed,Craft-repair,Wife,White,Male,17500,3375,52,China,0.504254,POSITIVE
16,Local-gov,12th,5,Married-spouse-absent,Adm-clerical,Not-in-family,Amer-Indian-Eskimo,Female,22500,3811,90,Outlying-US(Guam-USVI-etc),0.479806,NEGATIVE
16,Local-gov,12th,5,Married-spouse-absent,Adm-clerical,Not-in-family,Amer-Indian-Eskimo,Male,22500,3811,90,Outlying-US(Guam-USVI-etc),0.511725,POSITIVE
17,Federal-gov,Prof-school,4,Married-spouse-absent,Machine-op-inspct,Not-in-family,Amer-Indian-Eskimo,Female,22500,3811,69,Puerto-Rico,0.472651,NEGATIVE
17,Federal-gov,Prof-school,4,Married-spouse-absent,Machine-op-inspct,Not-in-family,Amer-Indian-Eskimo,Male,22500,3811,69,Puerto-Rico,0.504556,POSITIVE
16,Self-emp-not-inc,Some-college,2,Widowed,Sales,Own-child,Asian-Pac-Islander,Female,17500,3593,53,Cambodia,0.499884,NEGATIVE
16,Self-emp-not-inc,Some-college,2,Widowed,Sales,Own-child,Asian-Pac-Islander,Male,17500,3593,53,Cambodia,0.531774,POSITIVE
11,Self-emp-inc,Masters,3,Widowed,Exec-managerial,Own-child,Asian-Pac-Islander,Female,17500,3593,58,Puerto-Rico,0.498817,NEGATIVE
11,Self-emp-inc,Masters,3,Widowed,Exec-managerial,Own-child,Asian-Pac-Islander,Male,17500,3593,58,Puerto-Rico,0.530711,POSITIVE
11,Local-gov,Assoc-acdm,5,Married-spouse-absent,Farming-fishing,Not-in-family,Other,Female,22500,4029,71,Greece,0.495372,NEGATIVE
11,Local-gov,Assoc-acdm,5,Married-spouse-absent,Farming-fishing,Not-in-family,Other,Male,22500,4029,71,Greece,0.527277,POSITIVE
10,Self-emp-inc,HS-grad,3,Widowed,Prof-specialty,Husband,Amer-Indian-Eskimo,Female,17500,3811,55,Japan,0.474036,NEGATIVE
10,Self-emp-inc,HS-grad,3,Widowed,Prof-specialty,Husband,Amer-Indian-Eskimo,Male,17500,3811,55,Japan,0.505945,POSITIVE
13,State-gov,Assoc-voc,6,Married-spouse-absent,Transport-moving,Other-relative,Other,Female,22500,4029,72,Canada,0.492562,NEGATIVE
13,State-gov,Assoc-voc,6,Married-spouse-absent,Transport-moving,Other-relative,Other,Male,22500,4029,72,Canada,0.524474,POSITIVE
11,Self-emp-not-inc,Some-college,1,Widowed,Craft-repair,Wife,White,Female,22500,2286,78,Cuba,0.493050,NEGATIVE
11,Self-emp-not-inc,Some-college,1,Widowed,Craft-repair,Wife,White,Male,22500,2286,78,Cuba,0.524961,POSITIVE
14,Self-emp-inc,Assoc-voc,3,Widowed,Prof-specialty,Husband,Amer-Indian-Eskimo,Female,22500,2722,85,Canada,0.492613,NEGATIVE
14,Self-emp-inc,Assoc-voc,3,Widowed,Prof-specialty,Husband,Amer-Indian-Eskimo,Male,22500,2722,85,Canada,0.524525,POSITIVE
11,Self-emp-inc,11th,3,Widowed,Exec-managerial,Own-child,Asian-Pac-Islander,Female,22500,2504,58,Cambodia,0.494830,NEGATIVE
11,Self-emp-inc,11th,3,Widowed,Exec-managerial,Own-child,Asian-Pac-Islander,Male,22500,2504,58,Cambodia,0.526736,POSITIVE
10,Self-emp-not-inc,12th,2,Widowed,Sales,Own-child,Asian-Pac-Islander,Female,17500,2504,80,India,0.478422,NEGATIVE
10,Self-emp-not-inc,12th,2,Widowed,Sales,Own-child,Asian-Pac-Islander,Male,17500,2504,80,India,0.510340,POSITIVE
13,Local-gov,Assoc-acdm,5,Married-spouse-absent,Farming-fishing,Not-in-family,Other,Female,17500,2940,96,Greece,0.470801,NEGATIVE
13,Local-gov,Assoc-acdm,5,Married-spouse-absent,Farming-fishing,Not-in-family,Other,Male,17500,2940,96,Greece,0.502700,POSITIVE
10,Private,Bachelors,9,Widowed,Tech-support,Wife,White,Female,17500,3375,26,United-States,0.484092,NEGATIVE
10,Private,Bachelors,9,Widowed,Tech-support,Wife,White,Male,17500,3375,26,United-States,0.516013,POSITIVE
28,State-gov,Masters,1,Married-AF-spouse,Farming-fishing,Not-in-family,Black,Female,17500,2504,35,Thailand,0.451245,NEGATIVE
28,State-gov,Masters,1,Married-AF-spouse,Farming-fishing,Not-in-family,Black,Male,17500,2504,35,Thailand,0.561851,POSITIVE
14,State-gov,Assoc-voc,2,Married-AF-spouse,Prof-specialty,Husband,Amer-Indian-Eskimo,Female,17500,2722,20,Columbia,0.455462,NEGATIVE
14,State-gov,Assoc-voc,2,Married-AF-spouse,Prof-specialty,Husband,Amer-Indian-Eskimo,Male,17500,2722,20,Columbia,0.582164,POSITIVE
10,Private,Bachelors,1,Married-AF-spouse,Tech-support,Wife,Other,Female,17500,2286,1,Portugal,0.454358,NEGATIVE
10,Private,Bachelors,1,Married-AF-spouse,Tech-support,Wife,Other,Male,17500,2286,1,Portugal,0.576870,POSITIVE
25,State-gov,Assoc-voc,1,Married-AF-spouse,Prof-specialty,Husband,Other,Female,17500,2504,20,Japan,0.449377,NEGATIVE
25,State-gov,Assoc-voc,1,Married-AF-spouse,Prof-specialty,Husband,Other,Male,17500,2504,20,Japan,0.552770,POSITIVE
10,Local-gov,Some-college,1,Married-AF-spouse,Craft-repair,Wife,White,Female,17500,2286,28,Cuba,0.452165,NEGATIVE
10,Local-gov,Some-college,1,Married-AF-spouse,Craft-repair,Wife,White,Male,17500,2286,28,Cuba,0.566305,POSITIVE
10,Local-gov,Bachelors,1,Married-AF-spouse,Tech-support,Wife,White,Female,17500,2286,26,United-States,0.465881,NEGATIVE
10,Local-gov,Bachelors,1,Married-AF-spouse,Tech-support,Wife,White,Male,17500,2286,26,United-States,0.608721,POSITIVE
14,State-gov,Assoc-voc,2,Married-AF-spouse,Prof-specialty,Husband,Amer-Indian-Eskimo,Female,17500,2722,10,Philippines,0.448291,NEGATIVE
14,State-gov,Assoc-voc,2,Married-AF-spouse,Prof-specialty,Husband,Amer-Indian-Eskimo,Male,17500,2722,10,Philippines,0.547469,POSITIVE
16,Local-gov,Bachelors,1,Married-AF-spouse,Tech-support,Wife,White,Female,17500,2286,1,United-States,0.495026,NEGATIVE
16,Local-gov,Bachelors,1,Married-AF-spouse,Tech-support,Wife,White,Male,17500,2286,1,United-States,0.636158,POSITIVE
12,State-gov,7th-8th,2,Married-AF-spouse,Machine-op-inspct,Not-in-family,Amer-Indian-Eskimo,Female,17500,2722,13,Germany,0.449346,NEGATIVE
12,State-gov,7th-8th,2,Married-AF-spouse,Machine-op-inspct,Not-in-family,Amer-Indian-Eskimo,Male,17500,2722,13,Germany,0.552618,POSITIVE
10,Self-emp-not-inc,12th,1,Widowed,Craft-repair,Wife,White,Female,17500,3375,40,United-States,0.476774,NEGATIVE
10,Self-emp-not-inc,12th,1,Widowed,Craft-repair,Wife,White,Male,17500,3375,40,United-States,0.508688,POSITIVE
10,Self-emp-not-inc,Some-college,1,Widowed,Craft-repair,Wife,White,Female,17500,3375,40,Outlying-US(Guam-USVI-etc),0.479587,NEGATIVE
10,Self-emp-not-inc,Some-college,1,Widowed,Craft-repair,Wife,White,Male,17500,3375,40,Outlying-US(Guam-USVI-etc),0.511506,POSITIVE
10,Private,Bachelors,1,Widowed,Tech-support,Wife,White,Female,22500,2286,39,United-States,0.472616,NEGATIVE
10,Private,Bachelors,1,Widowed,Tech-support,Wife,White,Male,22500,2286,39,United-States,0.504521,POSITIVE
10,Local-gov,Bachelors,9,Married-AF-spouse,Tech-support,Wife,White,Female,17500,108,51,Portugal,0.470380,NEGATIVE
10,Local-gov,Bachelors,9,Married-AF-spouse,Tech-support,Wife,White,Male,17500,108,51,Portugal,0.613016,POSITIVE
11,Self-emp-inc,Some-college,9,Married-AF-spouse,Craft-repair,Wife,Other,Female,17500,108,55,France,0.495861,NEGATIVE
11,Self-emp-inc,Some-college,9,Married-AF-spouse,Craft-repair,Wife,Other,Male,17500,108,55,France,0.636931,POSITIVE
10,Self-emp-not-inc,Some-college,9,Married-AF-spouse,Craft-repair,Wife,White,Female,22500,1197,78,United-States,0.474691,NEGATIVE
10,Self-emp-not-inc,Some-college,9,Married-AF-spouse,Craft-repair,Wife,White,Male,22500,1197,78,United-States,0.506601,POSITIVE
10,Self-emp-not-inc,Some-college,9,Married-AF-spouse,Craft-repair,Wife,White,Female,17500,1197,78,Cambodia,0.469811,NEGATIVE
10,Self-emp-not-inc,Some-college,9,Married-AF-spouse,Craft-repair,Wife,White,Male,17500,1197,78,Cambodia,0.501706,POSITIVE
13,State-gov,Prof-school,9,Married-AF-spouse,Exec-managerial,Own-child,Asian-Pac-Islander,Female,17500,326,58,Honduras,0.473756,NEGATIVE
13,State-gov,Prof-school,9,Married-AF-spouse,Exec-managerial,Own-child,Asian-Pac-Islander,Male,17500,326,58,Honduras,0.616224,POSITIVE
10,Local-gov,12th,9,Married-AF-spouse,Craft-repair,Wife,White,Female,17500,108,53,Cambodia,0.449609,NEGATIVE
10,Local-gov,12th,9,Married-AF-spouse,Craft-repair,Wife,White,Male,17500,108,53,Cambodia,0.553899,POSITIVE
16,Self-emp-not-inc,Some-college,9,Widowed,Craft-repair,Wife,White,Female,17500,1197,90,United-States,0.498516,NEGATIVE
16,Self-emp-not-inc,Some-college,9,Widowed,Craft-repair,Wife,White,Male,17500,1197,90,United-States,0.530410,POSITIVE
10,Self-emp-not-inc,Some-college,10,Widowed,Sales,Own-child,Asian-Pac-Islander,Female,17500,1415,91,India,0.487062,NEGATIVE
10,Self-emp-not-inc,Some-college,10,Widowed,Sales,Own-child,Asian-Pac-Islander,Male,17500,1415,91,India,0.518982,POSITIVE
11,Self-emp-inc,11th,11,Widowed,Exec-managerial,Own-child,Asian-Pac-Islander,Female,17500,1415,83,Cambodia,0.483391,NEGATIVE
11,Self-emp-inc,11th,11,Widowed,Exec-managerial,Own-child,Asian-Pac-Islander,Male,17500,1415,83,Cambodia,0.515313,POSITIVE
10,Self-emp-not-inc,Some-college,9,Widowed,Craft-repair,Wife,White,Female,22500,108,90,United-States,0.479824,NEGATIVE
10,Self-emp-not-inc,Some-college,9,Widowed,Craft-repair,Wife,White,Male,22500,108,90,United-States,0.511743,POSITIVE
25,State-gov,Assoc-voc,2,Married-AF-spouse,Prof-specialty,Husband,Amer-Indian-Eskimo,Female,17500,1633,70,Columbia,0.440294,NEGATIVE
25,State-gov,Assoc-voc,2,Married-AF-spouse,Prof-specialty,Husband,Amer-Indian-Eskimo,Male,17500,1633,70,Columbia,0.508117,POSITIVE
22,Private,Bachelors,1,Married-AF-spouse,Tech-support,Wife,Other,Female,17500,1197,51,Portugal,0.446824,NEGATIVE
22,Private,Bachelors,1,Married-AF-spouse,Tech-support,Wife,Other,Male,17500,1197,51,Portugal,0.540290,POSITIVE
27,State-gov,7th-8th,6,Married-AF-spouse,Machine-op-inspct,Not-in-family,Amer-Indian-Eskimo,Female,17500,544,75,Guatemala,0.451124,NEGATIVE
27,State-gov,7th-8th,6,Married-AF-spouse,Machine-op-inspct,Not-in-family,Amer-Indian-Eskimo,Male,17500,544,75,Guatemala,0.561263,POSITIVE
22,Self-emp-inc,Bachelors,7,Married-AF-spouse,Tech-support,Wife,Other,Female,17500,108,51,Portugal,0.453235,NEGATIVE
22,Self-emp-inc,Bachelors,7,Married-AF-spouse,Tech-support,Wife,Other,Male,17500,108,51,Portugal,0.571469,POSITIVE
23,Self-emp-not-inc,HS-grad,5,Married-AF-spouse,Sales,Own-child,Other,Female,17500,108,60,Laos,0.438993,NEGATIVE
23,Self-emp-not-inc,HS-grad,5,Married-AF-spouse,Sales,Own-child,Other,Male,17500,108,60,Laos,0.501679,POSITIVE
22,Self-emp-inc,Bachelors,5,Married-AF-spouse,Tech-support,Wife,White,Female,17500,108,51,Portugal,0.444385,NEGATIVE
22,Self-emp-inc,Bachelors,5,Married-AF-spouse,Tech-support,Wife,White,Male,17500,108,51,Portugal,0.528309,POSITIVE
30,Federal-gov,Doctorate,3,Married-AF-spouse,Protective-serv,Other-relative,Black,Female,17500,980,95,Peru,0.453657,NEGATIVE
30,Federal-gov,Doctorate,3,Married-AF-spouse,Protective-serv,Other-relative,Black,Male,17500,980,95,Peru,0.573504,POSITIVE
22,Local-gov,Bachelors,1,Married-spouse-absent,Tech-support,Wife,White,Female,17500,108,51,Portugal,0.455927,NEGATIVE
22,Local-gov,Bachelors,1,Married-spouse-absent,Tech-support,Wife,White,Male,17500,108,51,Portugal,0.584383,POSITIVE
19,State-gov,Doctorate,3,Married-AF-spouse,Protective-serv,Other-relative,Black,Female,17500,2069,97,Peru,0.473983,NEGATIVE
19,State-gov,Doctorate,3,Married-AF-spouse,Protective-serv,Other-relative,Black,Male,17500,2069,97,Peru,0.616441,POSITIVE
11,Self-emp-not-inc,Some-college,1,Married-AF-spouse,Craft-repair,Wife,White,Female,17500,1197,53,France,0.457657,NEGATIVE
11,Self-emp-not-inc,Some-college,1,Married-AF-spouse,Craft-repair,Wife,White,Male,17500,1197,53,France,0.592621,POSITIVE
13,State-gov,Prof-school,1,Married-AF-spouse,Exec-managerial,Own-child,Other,Female,22500,326,65,Taiwan,0.457131,NEGATIVE
13,State-gov,Prof-school,1,Married-AF-spouse,Exec-managerial,Own-child,Other,Male,22500,326,65,Taiwan,0.590122,POSITIVE
16,State-gov,12th,7,Married-AF-spouse,Adm-clerical,Not-in-family,Amer-Indian-Eskimo,Female,17500,980,80,Nicaragua,0.487015,NEGATIVE
16,State-gov,12th,7,Married-AF-spouse,Adm-clerical,Not-in-family,Amer-Indian-Eskimo,Male,17500,980,80,Nicaragua,0.628707,POSITIVE
12,Self-emp-not-inc,HS-grad,5,Married-AF-spouse,Sales,Own-child,Asian-Pac-Islander,Female,17500,326,60,Laos,0.456590,NEGATIVE
12,Self-emp-not-inc,HS-grad,5,Married-AF-spouse,Sales,Own-child,Asian-Pac-Islander,Male,17500,326,60,Laos,0.587549,POSITIVE
10,Private,Bachelors,3,Married-AF-spouse,Tech-support,Wife,White,Female,17500,762,51,Portugal,0.454598,NEGATIVE
10,Private,Bachelors,3,Married-AF-spouse,Tech-support,Wife,White,Male,17500,762,51,Portugal,0.578025,POSITIVE
15,State-gov,7th-8th,2,Married-spouse-absent,Machine-op-inspct,Not-in-family,Amer-Indian-Eskimo,Female,17500,544,88,El-Salvador,0.485575,NEGATIVE
15,State-gov,7th-8th,2,Married-spouse-absent,Machine-op-inspct,Not-in-family,Amer-Indian-Eskimo,Male,17500,544,88,El-Salvador,0.627361,POSITIVE
16,Local-gov,Bachelors,1,Married-spouse-absent,Tech-support,Wife,White,Female,17500,108,76,Portugal,0.449993,NEGATIVE
16,Local-gov,Bachelors,1,Married-spouse-absent,Tech-support,Wife,White,Male,17500,108,76,Portugal,0.555766,POSITIVE
12,State-gov,12th,2,Married-spouse-absent,Adm-clerical,Not-in-family,Amer-Indian-Eskimo,Female,17500,544,90,Ecuador,0.453344,NEGATIVE
12,State-gov,12th,2,Married-spouse-absent,Adm-clerical,Not-in-family,Amer-Indian-Eskimo,Male,17500,544,90,Ecuador,0.571994,POSITIVE
18,Without-pay,10th,3,Married-spouse-absent,Transport-moving,Other-relative,Other,Female,17500,762,70,El-Salvador,0.454910,NEGATIVE
18,Without-pay,10th,3,Married-spouse-absent,Transport-moving,Other-relative,Other,Male,17500,762,70,El-Salvador,0.579522,POSITIVE
16,Self-emp-inc,12th,1,Married-spouse-absent,Adm-clerical,Not-in-family,Amer-Indian-Eskimo,Female,17500,326,65,Nicaragua,0.499095,NEGATIVE
16,Self-emp-inc,12th,1,Married-spouse-absent,Adm-clerical,Not-in-family,Amer-Indian-Eskimo,Male,17500,326,65,Nicaragua,0.639918,POSITIVE
22,Local-gov,Some-college,1,Married-AF-spouse,Craft-repair,Wife,White,Female,17500,1197,78,Cuba,0.454198,NEGATIVE
22,Local-gov,Some-college,1,Married-AF-spouse,Craft-repair,Wife,White,Male,17500,1197,78,Cuba,0.576103,POSITIVE
22,Local-gov,Bachelors,1,Married-AF-spouse,Tech-support,Wife,White,Female,17500,1197,76,United-States,0.453522,NEGATIVE
22,Local-gov,Bachelors,1,Married-AF-spouse,Tech-support,Wife,White,Male,17500,1197,76,United-States,0.572854,POSITIVE
25,State-gov,Assoc-voc,2,Married-AF-spouse,Prof-specialty,Husband,Amer-Indian-Eskimo,Female,17500,1633,60,Japan,0.450251,NEGATIVE
25,State-gov,Assoc-voc,2,Married-AF-spouse,Prof-specialty,Husband,Amer-Indian-Eskimo,Male,17500,1633,60,Japan,0.557022,POSITIVE
24,Self-emp-inc,Prof-school,3,Married-AF-spouse,Exec-managerial,Own-child,Asian-Pac-Islander,Female,17500,326,83,Outlying-US(Guam-USVI-etc),0.459695,NEGATIVE
24,Self-emp-inc,Prof-school,3,Married-AF-spouse,Exec-managerial,Own-child,Asian-Pac-Islander,Male,17500,326,83,Outlying-US(Guam-USVI-etc),0.602248,POSITIVE
27,Local-gov,12th,5,Married-AF-spouse,Adm-clerical,Not-in-family,Amer-Indian-Eskimo,Female,17500,544,65,Cuba,0.449874,NEGATIVE
27,Local-gov,12th,5,Married-AF-spouse,Adm-clerical,Not-in-family,Amer-Indian-Eskimo,Male,17500,544,65,Cuba,0.555189,POSITIVE
25,State-gov,Assoc-voc,1,Married-spouse-absent,Prof-specialty,Husband,Amer-Indian-Eskimo,Female,17500,326,60,Japan,0.457682,NEGATIVE
25,State-gov,Assoc-voc,1,Married-spouse-absent,Prof-specialty,Husband,Amer-Indian-Eskimo,Male,17500,326,60,Japan,0.592740,POSITIVE
11,Self-emp-not-inc,Some-college,5,Married-AF-spouse,Craft-repair,Wife,White,Female,22500,1197,78,Cambodia,0.492629,NEGATIVE
11,Self-emp-not-inc,Some-college,5,Married-AF-spouse,Craft-repair,Wife,White,Male,22500,1197,78,Cambodia,0.524541,POSITIVE
10,Self-emp-not-inc,HS-grad,1,Married-AF-spouse,Sales,Own-child,Asian-Pac-Islander,Female,22500,1415,80,England,0.494306,NEGATIVE
10,Self-emp-not-inc,HS-grad,1,Married-AF-spouse,Sales,Own-child,Asian-Pac-Islander,Male,22500,1415,80,England,0.526214,POSITIVE
11,Self-emp-not-inc,Some-college,5,Married-AF-spouse,Craft-repair,Wife,White,Female,17500,1197,78,England,0.490029,NEGATIVE
11,Self-emp-not-inc,Some-college,5,Married-AF-spouse,Craft-repair,Wife,White,Male,17500,1197,78,England,0.521946,POSITIVE
19,State-gov,Masters,3,Married-AF-spouse,Farming-fishing,Not-in-family,Other,Female,17500,1851,92,Poland,0.447981,NEGATIVE
19,State-gov,Masters,3,Married-AF-spouse,Farming-fishing,Not-in-family,Other,Male,17500,1851,92,Poland,0.545957,POSITIVE
12,Local-gov,12th,2,Married-AF-spouse,Adm-clerical,Not-in-family,Amer-Indian-Eskimo,Female,17500,1633,90,Italy,0.458287,NEGATIVE
12,Local-gov,12th,2,Married-AF-spouse,Adm-clerical,Not-in-family,Amer-Indian-Eskimo,Male,17500,1633,90,Italy,0.595606,POSITIVE
18,State-gov,12th,2,Married-AF-spouse,Adm-clerical,Not-in-family,Amer-Indian-Eskimo,Female,17500,1633,90,Outlying-US(Guam-USVI-etc),0.455316,NEGATIVE
18,State-gov,12th,2,Married-AF-spouse,Adm-clerical,Not-in-family,Amer-Indian-Eskimo,Male,17500,1633,90,Outlying-US(Guam-USVI-etc),0.581465,POSITIVE
13,State-gov,10th,3,Married-AF-spouse,Transport-moving,Other-relative,Other,Female,17500,1851,95,Japan,0.451771,NEGATIVE
13,State-gov,10th,3,Married-AF-spouse,Transport-moving,Other-relative,Other,Male,17500,1851,95,Japan,0.564397,POSITIVE
10,Local-gov,12th,5,Married-AF-spouse,Craft-repair,Wife,White,Female,17500,1197,53,Cuba,0.447979,NEGATIVE
10,Local-gov,12th,5,Married-AF-spouse,Craft-repair,Wife,White,Male,17500,1197,53,Cuba,0.545943,POSITIVE
10,Local-gov,7th-8th,5,Married-AF-spouse,Tech-support,Wife,White,Female,17500,1197,51,United-States,0.447275,NEGATIVE
10,Local-gov,7th-8th,5,Married-AF-spouse,Tech-support,Wife,White,Male,17500,1197,51,United-States,0.542500,POSITIVE
12,Self-emp-not-inc,HS-grad,1,Married-AF-spouse,Sales,Own-child,Asian-Pac-Islander,Female,17500,1415,55,Canada,0.466856,NEGATIVE
12,Self-emp-not-inc,HS-grad,1,Married-AF-spouse,Sales,Own-child,Asian-Pac-Islander,Male,17500,1415,55,Canada,0.609653,POSITIVE
19,State-gov,Doctorate,7,Married-AF-spouse,Protective-serv,Other-relative,Black,Female,17500,980,97,Jamaica,0.445434,NEGATIVE
19,State-gov,Doctorate,7,Married-AF-spouse,Protective-serv,Other-relative,Black,Male,17500,980,97,Jamaica,0.533470,POSITIVE
10,Private,Bachelors,5,Married-AF-spouse,Tech-support,Wife,White,Female,17500,108,51,United-States,0.450331,NEGATIVE
10,Private,Bachelors,5,Married-AF-spouse,Tech-support,Wife,White,Male,17500,108,51,United-States,0.557413,POSITIVE
11,Private,Some-college,3,Married-AF-spouse,Craft-repair,Wife,White,Female,17500,762,53,Cuba,0.454004,NEGATIVE
11,Private,Some-college,3,Married-AF-spouse,Craft-repair,Wife,White,Male,17500,762,53,Cuba,0.575170,POSITIVE
12,Self-emp-not-inc,HS-grad,2,Widowed,Sales,Own-child,Asian-Pac-Islander,Female,22500,1415,80,England,0.474011,NEGATIVE
12,Self-emp-not-inc,HS-grad,2,Widowed,Sales,Own-child,Asian-Pac-Islander,Male,22500,1415,80,England,0.505920,POSITIVE
12,Self-emp-not-inc,HS-grad,5,Widowed,Sales,Own-child,Asian-Pac-Islander,Female,17500,1415,80,England,0.492433,NEGATIVE
12,Self-emp-not-inc,HS-grad,5,Widowed,Sales,Own-child,Asian-Pac-Islander,Male,17500,1415,80,England,0.524345,POSITIVE
16,Private,Bachelors,1,Widowed,Tech-support,Wife,White,Female,17500,1197,76,United-States,0.498986,NEGATIVE
16,Private,Bachelors,1,Widowed,Tech-support,Wife,White,Male,17500,1197,76,United-States,0.530879,POSITIVE
10,Local-gov,HS-grad,1,Married-spouse-absent,Sales,Own-child,Asian-Pac-Islander,Female,17500,1415,80,England,0.473796,NEGATIVE
10,Local-gov,HS-grad,1,Married-spouse-absent,Sales,Own-child,Asian-Pac-Islander,Male,17500,1415,80,England,0.505704,POSITIVE
10,Private,Bachelors,5,Widowed,Tech-support,Wife,White,Female,17500,108,76,United-States,0.498070,NEGATIVE
10,Private,Bachelors,5,Widowed,Tech-support,Wife,White,Male,17500,108,76,United-States,0.529966,POSITIVE
11,State-gov,Assoc-voc,2,Married-spouse-absent,Prof-specialty,Husband,Amer-Indian-Eskimo,Female,17500,544,85,Philippines,0.439971,NEGATIVE
11,State-gov,Assoc-voc,2,Married-spouse-absent,Prof-specialty,Husband,Amer-Indian-Eskimo,Male,17500,544,85,Philippines,0.506519,POSITIVE
11,State-gov,Prof-school,1,Married-spouse-absent,Exec-managerial,Own-child,Asian-Pac-Islander,Female,17500,326,83,Puerto-Rico,0.448059,NEGATIVE
11,State-gov,Prof-school,1,Married-spouse-absent,Exec-managerial,Own-child,Asian-Pac-Islander,Male,17500,326,83,Puerto-Rico,0.546336,POSITIVE
10,Private,Bachelors,1,Married-spouse-absent,Tech-support,Wife,White,Female,17500,108,76,United-States,0.474392,NEGATIVE
10,Private,Bachelors,1,Married-spouse-absent,Tech-support,Wife,White,Male,17500,108,76,United-States,0.506302,POSITIVE
17,State-gov,Assoc-voc,2,Married-spouse-absent,Prof-specialty,Husband,Amer-Indian-Eskimo,Female,17500,544,60,Philippines,0.445880,NEGATIVE
17,State-gov,Assoc-voc,2,Married-spouse-absent,Prof-specialty,Husband,Amer-Indian-Eskimo,Male,17500,544,60,Philippines,0.535657,POSITIVE
17,State-gov,Prof-school,1,Married-spouse-absent,Exec-managerial,Own-child,Asian-Pac-Islander,Female,17500,326,58,Puerto-Rico,0.453988,NEGATIVE
17,State-gov,Prof-school,1,Married-spouse-absent,Exec-managerial,Own-child,Asian-Pac-Islander,Male,17500,326,58,Puerto-Rico,0.575096,POSITIVE
14,Without-pay,Doctorate,3,Married-spouse-absent,Protective-serv,Other-relative,Black,Female,17500,980,72,Greece,0.455782,NEGATIVE
14,Without-pay,Doctorate,3,Married-spouse-absent,Protective-serv,Other-relative,Black,Male,17500,980,72,Greece,0.583693,POSITIVE
10,Local-gov,Bachelors,13,Married-AF-spouse,Tech-support,Wife,Other,Female,17500,108,1,Portugal,0.495998,NEGATIVE
10,Local-gov,Bachelors,13,Married-AF-spouse,Tech-support,Wife,Other,Male,17500,108,1,Portugal,0.637058,POSITIVE
24,State-gov,Prof-school,9,Married-AF-spouse,Exec-managerial,Own-child,Asian-Pac-Islander,Female,17500,326,15,Taiwan,0.498349,NEGATIVE
24,State-gov,Prof-school,9,Married-AF-spouse,Exec-managerial,Own-child,Asian-Pac-Islander,Male,17500,326,15,Taiwan,0.639230,POSITIVE
15,State-gov,7th-8th,10,Married-AF-spouse,Machine-op-inspct,Not-in-family,Amer-Indian-Eskimo,Female,17500,544,25,Guatemala,0.441553,NEGATIVE
15,State-gov,7th-8th,10,Married-AF-spouse,Machine-op-inspct,Not-in-family,Amer-Indian-Eskimo,Male,17500,544,25,Guatemala,0.514341,POSITIVE
22,Self-emp-inc,Bachelors,9,Married-AF-spouse,Tech-support,Wife,Other,Female,17500,108,1,Portugal,0.449585,NEGATIVE
22,Self-emp-inc,Bachelors,9,Married-AF-spouse,Tech-support,Wife,Other,Male,17500,108,1,Portugal,0.553783,POSITIVE
11,Self-emp-inc,Some-college,11,Married-AF-spouse,Craft-repair,Wife,Other,Female,17500,108,5,France,0.477906,NEGATIVE
11,Self-emp-inc,Some-college,11,Married-AF-spouse,Craft-repair,Wife,Other,Male,17500,108,5,France,0.620152,POSITIVE
14,Self-emp-not-inc,Assoc-voc,9,Married-AF-spouse,Prof-specialty,Husband,Other,Female,17500,326,20,Columbia,0.446296,NEGATIVE
14,Self-emp-not-inc,Assoc-voc,9,Married-AF-spouse,Prof-specialty,Husband,Other,Male,17500,326,20,Columbia,0.537703,POSITIVE
11,Self-emp-inc,Some-college,9,Married-AF-spouse,Craft-repair,Wife,White,Female,17500,108,5,France,0.447809,NEGATIVE
11,Self-emp-inc,Some-college,9,Married-AF-spouse,Craft-repair,Wife,White,Male,17500,108,5,France,0.545113,POSITIVE
28,State-gov,Masters,9,Married-AF-spouse,Farming-fishing,Not-in-family,Black,Female,17500,326,35,Honduras,0.450611,NEGATIVE
28,State-gov,Masters,9,Married-AF-spouse,Farming-fishing,Not-in-family,Black,Male,17500,326,35,Honduras,0.558771,POSITIVE
14,State-gov,Assoc-voc,10,Married-AF-spouse,Prof-specialty,Husband,Amer-Indian-Eskimo,Female,17500,544,20,Japan,0.455608,NEGATIVE
14,State-gov,Assoc-voc,10,Married-AF-spouse,Prof-specialty,Husband,Amer-Indian-Eskimo,Male,17500,544,20,Japan,0.582859,POSITIVE
10,Private,Bachelors,9,Married-AF-spouse,Tech-support,Wife,Other,Female,17500,108,1,United-States,0.455544,NEGATIVE
10,Private,Bachelors,9,Married-AF-spouse,Tech-support,Wife,Other,Male,17500,108,1,United-States,0.582557,POSITIVE
12,Local-gov,Some-college,1,Married-AF-spouse,Craft-repair,Wife,White,Female,22500,108,5,France,0.443996,NEGATIVE
12,Local-gov,Some-college,1,Married-AF-spouse,Craft-repair,Wife,White,Male,22500,108,5,France,0.526393,POSITIVE
13,Self-emp-inc,Prof-school,1,Married-AF-spouse,Exec-managerial,Own-child,Other,Female,22500,326,15,Taiwan,0.447519,NEGATIVE
13,Self-emp-inc,Prof-school,1,Married-AF-spouse,Exec-managerial,Own-child,Other,Male,22500,326,15,Taiwan,0.543696,POSITIVE
16,State-gov,Prof-school,5,Married-AF-spouse,Exec-managerial,Own-child,Asian-Pac-Islander,Female,17500,1415,15,Taiwan,0.452446,NEGATIVE
16,State-gov,Prof-school,5,Married-AF-spouse,Exec-managerial,Own-child,Asian-Pac-Islander,Male,17500,1415,15,Taiwan,0.567662,POSITIVE
10,Self-emp-inc,Bachelors,7,Married-AF-spouse,Tech-support,Wife,Other,Female,17500,1197,1,Portugal,0.464473,NEGATIVE
10,Self-emp-inc,Bachelors,7,Married-AF-spouse,Tech-support,Wife,Other,Male,17500,1197,1,Portugal,0.607372,POSITIVE
11,Private,Some-college,5,Married-AF-spouse,Craft-repair,Wife,Other,Female,17500,1197,5,France,0.439025,NEGATIVE
11,Private,Some-college,5,Married-AF-spouse,Craft-repair,Wife,Other,Male,17500,1197,5,France,0.501837,POSITIVE
10,Self-emp-inc,Bachelors,5,Married-AF-spouse,Tech-support,Wife,White,Female,17500,1197,1,Portugal,0.451911,NEGATIVE
10,Self-emp-inc,Bachelors,5,Married-AF-spouse,Tech-support,Wife,White,Male,17500,1197,1,Portugal,0.565075,POSITIVE
30,Without-pay,Doctorate,3,Married-AF-spouse,Protective-serv,Other-relative,Black,Female,17500,2069,45,Peru,0.458976,NEGATIVE
30,Without-pay,Doctorate,3,Married-AF-spouse,Protective-serv,Other-relative,Black,Male,17500,2069,45,Peru,0.598861,POSITIVE
22,Local-gov,Bachelors,1,Married-AF-spouse,Tech-support,Wife,White,Female,17500,1851,26,Portugal,0.454139,NEGATIVE
22,Local-gov,Bachelors,1,Married-AF-spouse,Tech-support,Wife,White,Male,17500,1851,26,Portugal,0.575818,POSITIVE
10,Local-gov,Bachelors,3,Married-AF-spouse,Tech-support,Wife,White,Female,17500,1851,26,Portugal,0.438814,NEGATIVE
10,Local-gov,Bachelors,3,Married-AF-spouse,Tech-support,Wife,White,Male,17500,1851,26,Portugal,0.500040,POSITIVE
21,Self-emp-inc,7th-8th,2,Married-AF-spouse,Machine-op-inspct,Not-in-family,Amer-Indian-Eskimo,Female,17500,1633,25,Guatemala,0.470514,NEGATIVE
21,Self-emp-inc,7th-8th,2,Married-AF-spouse,Machine-op-inspct,Not-in-family,Amer-Indian-Eskimo,Male,17500,1633,25,Guatemala,0.613143,POSITIVE
27,State-gov,12th,7,Married-AF-spouse,Adm-clerical,Not-in-family,Amer-Indian-Eskimo,Female,17500,980,30,Nicaragua,0.488879,NEGATIVE
27,State-gov,12th,7,Married-AF-spouse,Adm-clerical,Not-in-family,Amer-Indian-Eskimo,Male,17500,980,30,Nicaragua,0.630447,POSITIVE
23,Self-emp-not-inc,HS-grad,5,Married-AF-spouse,Sales,Own-child,Asian-Pac-Islander,Female,17500,326,10,Laos,0.483364,NEGATIVE
23,Self-emp-not-inc,HS-grad,5,Married-AF-spouse,Sales,Own-child,Asian-Pac-Islander,Male,17500,326,10,Laos,0.625289,POSITIVE
19,Federal-gov,Doctorate,7,Married-AF-spouse,Protective-serv,Other-relative,Black,Female,17500,980,45,Peru,0.451719,NEGATIVE
19,Federal-gov,Doctorate,7,Married-AF-spouse,Protective-serv,Other-relative,Black,Male,17500,980,45,Peru,0.564148,POSITIVE
22,Private,Bachelors,3,Married-AF-spouse,Tech-support,Wife,White,Female,17500,762,1,Portugal,0.492411,NEGATIVE
22,Private,Bachelors,3,Married-AF-spouse,Tech-support,Wife,White,Male,17500,762,1,Portugal,0.633734,POSITIVE
10,Local-gov,Bachelors,1,Married-spouse-absent,Tech-support,Wife,White,Female,17500,1197,1,Portugal,0.477664,NEGATIVE
10,Local-gov,Bachelors,1,Married-spouse-absent,Tech-support,Wife,White,Male,17500,1197,1,Portugal,0.619923,POSITIVE
22,Local-gov,Bachelors,5,Married-spouse-absent,Tech-support,Wife,Other,Female,17500,108,1,Portugal,0.466246,NEGATIVE
22,Local-gov,Bachelors,5,Married-spouse-absent,Tech-support,Wife,Other,Male,17500,108,1,Portugal,0.609070,POSITIVE
11,Local-gov,Some-college,5,Married-spouse-absent,Craft-repair,Wife,White,Female,17500,108,5,France,0.458040,NEGATIVE
11,Local-gov,Some-college,5,Married-spouse-absent,Craft-repair,Wife,White,Male,17500,108,5,France,0.594436,POSITIVE
16,Self-emp-inc,Prof-school,1,Married-spouse-absent,Exec-managerial,Own-child,Asian-Pac-Islander,Female,17500,326,15,Taiwan,0.443494,NEGATIVE
16,Self-emp-inc,Prof-school,1,Married-spouse-absent,Exec-managerial,Own-child,Asian-Pac-Islander,Male,17500,326,15,Taiwan,0.523922,POSITIVE
11,Local-gov,Some-college,1,Widowed,Craft-repair,Wife,Other,Female,17500,108,5,France,0.444452,NEGATIVE
11,Local-gov,Some-college,1,Widowed,Craft-repair,Wife,Other,Male,17500,108,5,France,0.528642,POSITIVE
22,Local-gov,Bachelors,1,Married-AF-spouse,Tech-support,Wife,Other,Female,22500,108,1,United-States,0.472533,NEGATIVE
22,Local-gov,Bachelors,1,Married-AF-spouse,Tech-support,Wife,Other,Male,22500,108,1,United-States,0.615064,POSITIVE
27,State-gov,7th-8th,5,Married-AF-spouse,Machine-op-inspct,Not-in-family,Black,Female,17500,1415,25,South,0.440913,NEGATIVE
27,State-gov,7th-8th,5,Married-AF-spouse,Machine-op-inspct,Not-in-family,Black,Male,17500,1415,25,South,0.511176,POSITIVE
30,Without-pay,Doctorate,3,Married-AF-spouse,Protective-serv,Other-relative,Black,Female,17500,2069,45,Jamaica,0.472926,NEGATIVE
30,Without-pay,Doctorate,3,Married-AF-spouse,Protective-serv,Other-relative,Black,Male,17500,2069,45,Jamaica,0.615437,POSITIVE
25,Self-emp-inc,Assoc-voc,1,Married-AF-spouse,Prof-specialty,Husband,Other,Female,17500,1851,20,Japan,0.448221,NEGATIVE
25,Self-emp-inc,Assoc-voc,1,Married-AF-spouse,Prof-specialty,Husband,Other,Male,17500,1851,20,Japan,0.547128,POSITIVE
27,Federal-gov,7th-8th,3,Married-AF-spouse,Machine-op-inspct,Not-in-family,Black,Female,17500,1415,25,South,0.453032,NEGATIVE
27,Federal-gov,7th-8th,3,Married-AF-spouse,Machine-op-inspct,Not-in-family,Black,Male,17500,1415,25,South,0.570492,POSITIVE
23,Self-emp-not-inc,HS-grad,1,Married-AF-spouse,Sales,Own-child,Asian-Pac-Islander,Female,17500,1197,10,Canada,0.490908,NEGATIVE
23,Self-emp-not-inc,HS-grad,1,Married-AF-spouse,Sales,Own-child,Asian-Pac-Islander,Male,17500,1197,10,Canada,0.632336,POSITIVE
22,Private,Bachelors,5,Married-AF-spouse,Tech-support,Wife,White,Female,17500,108,1,United-States,0.471440,NEGATIVE
22,Private,Bachelors,5,Married-AF-spouse,Tech-support,Wife,White,Male,17500,108,1,United-States,0.614024,POSITIVE
24,Self-emp-not-inc,Prof-school,3,Married-AF-spouse,Exec-managerial,Own-child,Asian-Pac-Islander,Female,17500,762,15,Outlying-US(Guam-USVI-etc),0.459646,NEGATIVE
24,Self-emp-not-inc,Prof-school,3,Married-AF-spouse,Exec-managerial,Own-child,Asian-Pac-Islander,Male,17500,762,15,Outlying-US(Guam-USVI-etc),0.602015,POSITIVE
25,State-gov,Assoc-voc,2,Married-spouse-absent,Prof-specialty,Husband,Amer-Indian-Eskimo,Female,17500,544,20,Japan,0.441916,NEGATIVE
25,State-gov,Assoc-voc,2,Married-spouse-absent,Prof-specialty,Husband,Amer-Indian-Eskimo,Male,17500,544,20,Japan,0.516133,POSITIVE
22,Private,Bachelors,1,Married-spouse-absent,Tech-support,Wife,Other,Female,17500,108,1,United-States,0.449489,NEGATIVE
22,Private,Bachelors,1,Married-spouse-absent,Tech-support,Wife,Other,Male,17500,108,1,United-States,0.553314,POSITIVE
13,State-gov,Prof-school,5,Married-AF-spouse,Exec-managerial,Own-child,Asian-Pac-Islander,Female,17500,1415,33,Honduras,0.444719,NEGATIVE
13,State-gov,Prof-school,5,Married-AF-spouse,Exec-managerial,Own-child,Asian-Pac-Islander,Male,17500,1415,33,Honduras,0.529954,POSITIVE
10,Local-gov,Some-college,5,Married-AF-spouse,Craft-repair,Wife,White,Female,17500,1197,28,Cambodia,0.453798,NEGATIVE
10,Local-gov,Some-college,5,Married-AF-spouse,Craft-repair,Wife,White,Male,17500,1197,28,Cambodia,0.574180,POSITIVE
10,Local-gov,Bachelors,3,Married-AF-spouse,Tech-support,Wife,White,Female,17500,1851,26,China,0.483354,NEGATIVE
10,Local-gov,Bachelors,3,Married-AF-spouse,Tech-support,Wife,White,Male,17500,1851,26,China,0.625279,POSITIVE
15,Self-emp-inc,7th-8th,2,Married-AF-spouse,Machine-op-inspct,Not-in-family,Amer-Indian-Eskimo,Female,17500,1633,38,Italy,0.450181,NEGATIVE
15,Self-emp-inc,7th-8th,2,Married-AF-spouse,Machine-op-inspct,Not-in-family,Amer-Indian-Eskimo,Male,17500,1633,38,Italy,0.556683,POSITIVE
16,Self-emp-not-inc,Some-college,1,Married-AF-spouse,Craft-repair,Wife,White,Female,17500,1197,28,Cambodia,0.491096,NEGATIVE
16,Self-emp-not-inc,Some-college,1,Married-AF-spouse,Craft-repair,Wife,White,Male,17500,1197,28,Cambodia,0.632512,POSITIVE
13,Self-emp-inc,Masters,3,Married-AF-spouse,Farming-fishing,Not-in-family,Other,Female,17500,1851,42,India,0.440853,NEGATIVE
13,Self-emp-inc,Masters,3,Married-AF-spouse,Farming-fishing,Not-in-family,Other,Male,17500,1851,42,India,0.510879,POSITIVE
14,State-gov,Assoc-voc,6,Married-AF-spouse,Prof-specialty,Husband,Amer-Indian-Eskimo,Female,17500,1633,10,Japan,0.438780,NEGATIVE
14,State-gov,Assoc-voc,6,Married-AF-spouse,Prof-specialty,Husband,Amer-Indian-Eskimo,Male,17500,1633,10,Japan,0.500622,POSITIVE
18,Self-emp-inc,10th,3,Married-AF-spouse,Transport-moving,Other-relative,Other,Female,17500,2069,20,Italy,0.499918,NEGATIVE
18,Self-emp-inc,10th,3,Married-AF-spouse,Transport-moving,Other-relative,Other,Male,17500,2069,20,Italy,0.640675,POSITIVE
11,Private,Some-college,3,Married-AF-spouse,Craft-repair,Wife,White,Female,17500,1197,3,England,0.453035,NEGATIVE
11,Private,Some-college,3,Married-AF-spouse,Craft-repair,Wife,White,Male,17500,1197,3,England,0.570506,POSITIVE
11,Local-gov,Some-college,1,Married-AF-spouse,Craft-repair,Wife,White,Female,22500,108,5,England,0.459064,NEGATIVE
11,Local-gov,Some-college,1,Married-AF-spouse,Craft-repair,Wife,White,Male,22500,108,5,England,0.599279,POSITIVE
11,Self-emp-inc,Some-college,1,Married-AF-spouse,Craft-repair,Wife,Other,Female,22500,108,5,England,0.442982,NEGATIVE
11,Self-emp-inc,Some-college,1,Married-AF-spouse,Craft-repair,Wife,Other,Male,22500,108,5,England,0.521398,POSITIVE
10,Local-gov,Bachelors,7,Married-AF-spouse,Tech-support,Wife,White,Female,17500,762,26,United-States,0.492663,NEGATIVE
10,Local-gov,Bachelors,7,Married-AF-spouse,Tech-support,Wife,White,Male,17500,762,26,United-States,0.633968,POSITIVE
17,Self-emp-inc,Masters,7,Married-AF-spouse,Farming-fishing,Not-in-family,Other,Female,17500,762,35,Honduras,0.443659,NEGATIVE
17,Self-emp-inc,Masters,7,Married-AF-spouse,Farming-fishing,Not-in-family,Other,Male,17500,762,35,Honduras,0.524733,POSITIVE
15,State-gov,7th-8th,1,Married-spouse-absent,Machine-op-inspct,Not-in-family,Amer-Indian-Eskimo,Female,17500,1415,13,South,0.468407,NEGATIVE
15,State-gov,7th-8th,1,Married-spouse-absent,Machine-op-inspct,Not-in-family,Amer-Indian-Eskimo,Male,17500,1415,13,South,0.611134,POSITIVE
18,State-gov,10th,3,Married-spouse-absent,Transport-moving,Other-relative,Other,Female,17500,762,45,Jamaica,0.486258,NEGATIVE
18,State-gov,10th,3,Married-spouse-absent,Transport-moving,Other-relative,Other,Male,17500,762,45,Jamaica,0.628000,POSITIVE
19,Without-pay,10th,3,Married-spouse-absent,Transport-moving,Other-relative,Other,Female,17500,762,45,Japan,0.442291,NEGATIVE
19,Without-pay,10th,3,Married-spouse-absent,Transport-moving,Other-relative,Other,Male,17500,762,45,Japan,0.517987,POSITIVE
14,State-gov,Doctorate,3,Married-spouse-absent,Protective-serv,Other-relative,Black,Female,17500,980,47,Greece,0.445183,NEGATIVE
14,State-gov,Doctorate,3,Married-spouse-absent,Protective-serv,Other-relative,Black,Male,17500,980,47,Greece,0.532236,POSITIVE
13,State-gov,Prof-school,5,Married-spouse-absent,Exec-managerial,Own-child,Asian-Pac-Islander,Female,17500,326,8,Outlying-US(Guam-USVI-etc),0.457469,NEGATIVE
13,State-gov,Prof-school,5,Married-spouse-absent,Exec-managerial,Own-child,Asian-Pac-Islander,Male,17500,326,8,Outlying-US(Guam-USVI-etc),0.591730,POSITIVE
15,State-gov,7th-8th,3,Married-spouse-absent,Machine-op-inspct,Not-in-family,Amer-Indian-Eskimo,Female,17500,980,13,South,0.448227,NEGATIVE
15,State-gov,7th-8th,3,Married-spouse-absent,Machine-op-inspct,Not-in-family,Amer-Indian-Eskimo,Male,17500,980,13,South,0.547157,POSITIVE
11,Private,Some-college,1,Married-spouse-absent,Craft-repair,Wife,White,Female,17500,108,3,England,0.444396,NEGATIVE
11,Private,Some-college,1,Married-spouse-absent,Craft-repair,Wife,White,Male,17500,108,3,England,0.528364,POSITIVE
16,Self-emp-not-inc,Some-college,1,Married-civ-spouse,Craft-repair,Wife,White,Female,17500,4029,90,Ecuador,0.498685,NEGATIVE
16,Self-emp-not-inc,Some-college,1,Married-civ-spouse,Craft-repair,Wife,White,Male,17500,4029,90,Ecuador,0.530580,POSITIVE
16,Private,Bachelors,9,Married-civ-spouse,Tech-support,Wife,White,Female,17500,3375,89,Portugal,0.499624,NEGATIVE
16,Private,Bachelors,9,Married-civ-spouse,Tech-support,Wife,White,Male,17500,3375,89,Portugal,0.531514,POSITIVE
16,Self-emp-inc,11th,3,Divorced,Exec-managerial,Own-child,Asian-Pac-Islander,Female,17500,4029,92,Ireland,0.482057,NEGATIVE
16,Self-emp-inc,11th,3,Divorced,Exec-managerial,Own-child,Asian-Pac-Islander,Male,17500,4029,92,Ireland,0.513977,POSITIVE
16,Self-emp-not-inc,Some-college,1,Married-civ-spouse,Craft-repair,Wife,White,Female,17500,4029,77,Portugal,0.496596,NEGATIVE
16,Self-emp-not-inc,Some-college,1,Married-civ-spouse,Craft-repair,Wife,White,Male,17500,4029,77,Portugal,0.528497,POSITIVE
16,Private,Bachelors,1,Married-civ-spouse,Tech-support,Wife,White,Female,17500,2940,89,Portugal,0.470388,NEGATIVE
16,Private,Bachelors,1,Married-civ-spouse,Tech-support,Wife,White,Male,17500,2940,89,Portugal,0.502285,POSITIVE
10,Self-emp-not-inc,12th,3,Divorced,Sales,Own-child,Asian-Pac-Islander,Female,17500,3593,91,Ireland,0.493244,NEGATIVE
10,Self-emp-not-inc,12th,3,Divorced,Sales,Own-child,Asian-Pac-Islander,Male,17500,3593,91,Ireland,0.525154,POSITIVE
13,Private,7th-8th,1,Married-civ-spouse,Tech-support,Wife,White,Female,17500,4029,76,Portugal,0.468457,NEGATIVE
13,Private,7th-8th,1,Married-civ-spouse,Tech-support,Wife,White,Male,17500,4029,76,Portugal,0.500347,POSITIVE
10,Self-emp-not-inc,12th,2,Divorced,Sales,Own-child,Asian-Pac-Islander,Female,17500,4029,78,Ireland,0.498136,NEGATIVE
10,Self-emp-not-inc,12th,2,Divorced,Sales,Own-child,Asian-Pac-Islander,Male,17500,4029,78,Ireland,0.530033,POSITIVE
13,Self-emp-not-inc,Some-college,2,Married-civ-spouse,Craft-repair,Wife,White,Female,17500,3375,90,Ecuador,0.483175,NEGATIVE
13,Self-emp-not-inc,Some-college,2,Married-civ-spouse,Craft-repair,Wife,White,Male,17500,3375,90,Ecuador,0.515097,POSITIVE
10,Self-emp-inc,11th,3,Divorced,Exec-managerial,Own-child,Asian-Pac-Islander,Female,17500,3593,92,Taiwan,0.494487,NEGATIVE
10,Self-emp-inc,11th,3,Divorced,Exec-managerial,Own-child,Asian-Pac-Islander,Male,17500,3593,92,Taiwan,0.526395,POSITIVE
13,Self-emp-not-inc,Some-college,10,Divorced,Sales,Own-child,Asian-Pac-Islander,Female,17500,3593,91,Ireland,0.471230,NEGATIVE
13,Self-emp-not-inc,Some-college,10,Divorced,Sales,Own-child,Asian-Pac-Islander,Male,17500,3593,91,Ireland,0.503130,POSITIVE
11,Federal-gov,Prof-school,8,Never-married,Machine-op-inspct,Not-in-family,Amer-Indian-Eskimo,Female,22500,3811,94,France,0.471183,NEGATIVE
11,Federal-gov,Prof-school,8,Never-married,Machine-op-inspct,Not-in-family,Amer-Indian-Eskimo,Male,22500,3811,94,France,0.503083,POSITIVE
13,Self-emp-not-inc,Some-college,2,Married-civ-spouse,Craft-repair,Wife,White,Female,17500,3375,77,Portugal,0.481088,NEGATIVE
13,Self-emp-not-inc,Some-college,2,Married-civ-spouse,Craft-repair,Wife,White,Male,17500,3375,77,Portugal,0.513009,POSITIVE
10,Self-emp-inc,11th,5,Divorced,Exec-managerial,Own-child,Asian-Pac-Islander,Female,17500,3593,79,Ireland,0.495319,NEGATIVE
10,Self-emp-inc,11th,5,Divorced,Exec-managerial,Own-child,Asian-Pac-Islander,Male,17500,3593,79,Ireland,0.527224,POSITIVE
10,Self-emp-not-inc,12th,1,Married-civ-spouse,Craft-repair,Wife,White,Female,17500,2940,90,Portugal,0.474845,NEGATIVE
10,Self-emp-not-inc,12th,1,Married-civ-spouse,Craft-repair,Wife,White,Male,17500,2940,90,Portugal,0.506755,POSITIVE
10,Self-emp-not-inc,Some-college,3,Divorced,Sales,Own-child,Asian-Pac-Islander,Female,17500,2504,91,Ireland,0.482684,NEGATIVE
10,Self-emp-not-inc,Some-college,3,Divorced,Sales,Own-child,Asian-Pac-Islander,Male,17500,2504,91,Ireland,0.514605,POSITIVE
10,Private,7th-8th,1,Married-civ-spouse,Tech-support,Wife,White,Female,17500,4029,64,Portugal,0.492175,NEGATIVE
10,Private,7th-8th,1,Married-civ-spouse,Tech-support,Wife,White,Male,17500,4029,64,Portugal,0.524088,POSITIVE
10,Self-emp-not-inc,Some-college,1,Married-civ-spouse,Craft-repair,Wife,White,Female,17500,3375,65,Portugal,0.483512,NEGATIVE
10,Self-emp-not-inc,Some-college,1,Married-civ-spouse,Craft-repair,Wife,White,Male,17500,3375,65,Portugal,0.515433,POSITIVE
28,Private,Bachelors,1,Married-civ-spouse,Tech-support,Wife,White,Female,17500,4029,89,China,0.488150,NEGATIVE
28,Private,Bachelors,1,Married-civ-spouse,Tech-support,Wife,White,Male,17500,4029,89,China,0.520069,POSITIVE
22,Self-emp-not-inc,12th,1,Married-civ-spouse,Craft-repair,Wife,White,Female,17500,4029,90,China,0.492619,NEGATIVE
22,Self-emp-not-inc,12th,1,Married-civ-spouse,Craft-repair,Wife,White,Male,17500,4029,90,China,0.524531,POSITIVE
25,Private,Bachelors,1,Married-civ-spouse,Tech-support,Wife,White,Female,17500,3375,89,China,0.480382,NEGATIVE
25,Private,Bachelors,1,Married-civ-spouse,Tech-support,Wife,White,Male,17500,3375,89,China,0.512302,POSITIVE
22,Self-emp-not-inc,Some-college,2,Divorced,Sales,Own-child,Asian-Pac-Islander,Female,17500,3375,91,Cuba,0.494618,NEGATIVE
22,Self-emp-not-inc,Some-college,2,Divorced,Sales,Own-child,Asian-Pac-Islander,Male,17500,3375,91,Cuba,0.526525,POSITIVE
28,Self-emp-not-inc,Some-college,2,Divorced,Sales,Own-child,Asian-Pac-Islander,Female,17500,4029,91,India,0.471544,NEGATIVE
28,Self-emp-not-inc,Some-college,2,Divorced,Sales,Own-child,Asian-Pac-Islander,Male,17500,4029,91,India,0.503445,POSITIVE
28,Private,Bachelors,1,Married-civ-spouse,Tech-support,Wife,White,Female,17500,4029,76,Outlying-US(Guam-USVI-etc),0.488990,NEGATIVE
28,Private,Bachelors,1,Married-civ-spouse,Tech-support,Wife,White,Male,17500,4029,76,Outlying-US(Guam-USVI-etc),0.520908,POSITIVE
22,Private,7th-8th,9,Married-civ-spouse,Tech-support,Wife,White,Female,17500,3375,89,Outlying-US(Guam-USVI-etc),0.493557,NEGATIVE
22,Private,7th-8th,9,Married-civ-spouse,Tech-support,Wife,White,Male,17500,3375,89,Outlying-US(Guam-USVI-etc),0.525467,POSITIVE
22,Self-emp-inc,Masters,3,Divorced,Exec-managerial,Own-child,Asian-Pac-Islander,Female,17500,4029,92,India,0.476001,NEGATIVE
22,Self-emp-inc,Masters,3,Divorced,Exec-managerial,Own-child,Asian-Pac-Islander,Male,17500,4029,92,India,0.507914,POSITIVE
22,Self-emp-not-inc,12th,1,Married-civ-spouse,Craft-repair,Wife,White,Female,17500,4029,77,Outlying-US(Guam-USVI-etc),0.490530,NEGATIVE
22,Self-emp-not-inc,12th,1,Married-civ-spouse,Craft-repair,Wife,White,Male,17500,4029,77,Outlying-US(Guam-USVI-etc),0.522446,POSITIVE
25,Self-emp-not-inc,12th,3,Divorced,Sales,Own-child,Asian-Pac-Islander,Female,17500,3593,91,Cambodia,0.485822,NEGATIVE
25,Self-emp-not-inc,12th,3,Divorced,Sales,Own-child,Asian-Pac-Islander,Male,17500,3593,91,Cambodia,0.517743,POSITIVE
22,Self-emp-inc,1st-4th,11,Divorced,Prof-specialty,Husband,Amer-Indian-Eskimo,Female,17500,4029,93,England,0.474696,NEGATIVE
22,Self-emp-inc,1st-4th,11,Divorced,Prof-specialty,Husband,Amer-Indian-Eskimo,Male,17500,4029,93,England,0.506606,POSITIVE
22,Self-emp-not-inc,12th,10,Divorced,Sales,Own-child,Asian-Pac-Islander,Female,17500,4029,78,Cambodia,0.471123,NEGATIVE
22,Self-emp-not-inc,12th,10,Divorced,Sales,Own-child,Asian-Pac-Islander,Male,17500,4029,78,Cambodia,0.503023,POSITIVE
22,Self-emp-not-inc,12th,2,Divorced,Sales,Own-child,Asian-Pac-Islander,Female,17500,3593,78,Cambodia,0.484496,NEGATIVE
22,Self-emp-not-inc,12th,2,Divorced,Sales,Own-child,Asian-Pac-Islander,Male,17500,3593,78,Cambodia,0.516418,POSITIVE
22,Self-emp-not-inc,Some-college,3,Divorced,Sales,Own-child,Asian-Pac-Islander,Female,17500,3593,80,India,0.490701,NEGATIVE
22,Self-emp-not-inc,Some-college,3,Divorced,Sales,Own-child,Asian-Pac-Islander,Male,17500,3593,80,India,0.522617,POSITIVE
25,Self-emp-inc,11th,3,Divorced,Exec-managerial,Own-child,Asian-Pac-Islander,Female,17500,3593,79,Cambodia,0.488271,NEGATIVE
25,Self-emp-inc,11th,3,Divorced,Exec-managerial,Own-child,Asian-Pac-Islander,Male,17500,3593,79,Cambodia,0.520190,POSITIVE
23,Federal-gov,Prof-school,4,Never-married,Machine-op-inspct,Not-in-family,Amer-Indian-Eskimo,Female,22500,3811,82,Puerto-Rico,0.469223,NEGATIVE
23,Federal-gov,Prof-school,4,Never-married,Machine-op-inspct,Not-in-family,Amer-Indian-Eskimo,Male,22500,3811,82,Puerto-Rico,0.501116,POSITIVE
22,Self-emp-not-inc,12th,1,Married-civ-spouse,Craft-repair,Wife,White,Female,17500,2286,90,United-States,0.485585,NEGATIVE
22,Self-emp-not-inc,12th,1,Married-civ-spouse,Craft-repair,Wife,White,Male,17500,2286,90,United-States,0.517506,POSITIVE
25,Self-emp-not-inc,Some-college,1,Married-civ-spouse,Craft-repair,Wife,White,Female,17500,2940,90,Outlying-US(Guam-USVI-etc),0.495397,NEGATIVE
25,Self-emp-not-inc,Some-college,1,Married-civ-spouse,Craft-repair,Wife,White,Male,17500,2940,90,Outlying-US(Guam-USVI-etc),0.527302,POSITIVE
22,Self-emp-not-inc,Some-college,2,Married-civ-spouse,Craft-repair,Wife,White,Female,17500,2286,90,Outlying-US(Guam-USVI-etc),0.479891,NEGATIVE
22,Self-emp-not-inc,Some-college,2,Married-civ-spouse,Craft-repair,Wife,White,Male,17500,2286,90,Outlying-US(Guam-USVI-etc),0.511810,POSITIVE
23,Self-emp-inc,11th,5,Divorced,Exec-managerial,Own-child,Asian-Pac-Islander,Female,17500,2504,92,Cambodia,0.492902,NEGATIVE
23,Self-emp-inc,11th,5,Divorced,Exec-managerial,Own-child,Asian-Pac-Islander,Male,17500,2504,92,Cambodia,0.524814,POSITIVE
25,Private,Bachelors,9,Married-civ-spouse,Tech-support,Wife,White,Female,17500,2940,76,United-States,0.481172,NEGATIVE
25,Private,Bachelors,9,Married-civ-spouse,Tech-support,Wife,White,Male,17500,2940,76,United-States,0.513092,POSITIVE
22,Private,Bachelors,9,Married-civ-spouse,Tech-support,Wife,White,Female,17500,2286,76,United-States,0.473412,NEGATIVE
22,Private,Bachelors,9,Married-civ-spouse,Tech-support,Wife,White,Male,17500,2286,76,United-States,0.505319,POSITIVE
22,Self-emp-inc,11th,3,Divorced,Exec-managerial,Own-child,Asian-Pac-Islander,Female,17500,2940,79,Cambodia,0.469861,NEGATIVE
22,Self-emp-inc,11th,3,Divorced,Exec-managerial,Own-child,Asian-Pac-Islander,Male,17500,2940,79,Cambodia,0.501757,POSITIVE
22,Self-emp-not-inc,Some-college,3,Divorced,Sales,Own-child,Asian-Pac-Islander,Female,17500,3593,66,Cambodia,0.477627,NEGATIVE
22,Self-emp-not-inc,Some-college,3,Divorced,Sales,Own-child,Asian-Pac-Islander,Male,17500,3593,66,Cambodia,0.509543,POSITIVE
22,Self-emp-not-inc,Some-college,2,Divorced,Sales,Own-child,Asian-Pac-Islander,Female,17500,4029,53,Cambodia,0.482512,NEGATIVE
22,Self-emp-not-inc,Some-college,2,Divorced,Sales,Own-child,Asian-Pac-Islander,Male,17500,4029,53,Cambodia,0.514433,POSITIVE
22,Self-emp-not-inc,Some-college,9,Married-civ-spouse,Craft-repair,Wife,White,Female,17500,1851,90,United-States,0.495172,NEGATIVE
22,Self-emp-not-inc,Some-college,9,Married-civ-spouse,Craft-repair,Wife,White,Male,17500,1851,90,United-States,0.527078,POSITIVE
19,Self-emp-not-inc,12th,2,Married-civ-spouse,Craft-repair,Wife,White,Female,17500,3375,90,China,0.477118,NEGATIVE
19,Self-emp-not-inc,12th,2,Married-civ-spouse,Craft-repair,Wife,White,Male,17500,3375,90,China,0.509033,POSITIVE
16,Self-emp-inc,Masters,5,Divorced,Exec-managerial,Own-child,Asian-Pac-Islander,Female,17500,3593,92,Cuba,0.497201,NEGATIVE
16,Self-emp-inc,Masters,5,Divorced,Exec-managerial,Own-child,Asian-Pac-Islander,Male,17500,3593,92,Cuba,0.529101,POSITIVE
17,Self-emp-inc,11th,5,Divorced,Exec-managerial,Own-child,Asian-Pac-Islander,Female,17500,3593,83,Honduras,0.497765,NEGATIVE
17,Self-emp-inc,11th,5,Divorced,Exec-managerial,Own-child,Asian-Pac-Islander,Male,17500,3593,83,Honduras,0.529662,POSITIVE
16,Self-emp-inc,11th,11,Divorced,Exec-managerial,Own-child,Asian-Pac-Islander,Female,17500,2940,92,Cuba,0.498012,NEGATIVE
16,Self-emp-inc,11th,11,Divorced,Exec-managerial,Own-child,Asian-Pac-Islander,Male,17500,2940,92,Cuba,0.529909,POSITIVE
16,Self-emp-inc,11th,3,Divorced,Exec-managerial,Own-child,Asian-Pac-Islander,Female,17500,2504,92,Cuba,0.479420,NEGATIVE
16,Self-emp-inc,11th,3,Divorced,Exec-managerial,Own-child,Asian-Pac-Islander,Male,17500,2504,92,Cuba,0.511339,POSITIVE
16,Private,Bachelors,1,Married-civ-spouse,Tech-support,Wife,White,Female,17500,2940,76,Italy,0.471225,NEGATIVE
16,Private,Bachelors,1,Married-civ-spouse,Tech-support,Wife,White,Male,17500,2940,76,Italy,0.503125,POSITIVE
13,Self-emp-inc,Masters,11,Divorced,Exec-managerial,Own-child,Asian-Pac-Islander,Female,17500,4029,92,Poland,0.495234,NEGATIVE
13,Self-emp-inc,Masters,11,Divorced,Exec-managerial,Own-child,Asian-Pac-Islander,Male,17500,4029,92,Poland,0.527139,POSITIVE
13,Self-emp-inc,Masters,3,Divorced,Exec-managerial,Own-child,Asian-Pac-Islander,Female,17500,3593,92,Poland,0.476647,NEGATIVE
13,Self-emp-inc,Masters,3,Divorced,Exec-managerial,Own-child,Asian-Pac-Islander,Male,17500,3593,92,Poland,0.508562,POSITIVE
11,Local-gov,10th,5,Never-married,Adm-clerical,Not-in-family,Amer-Indian-Eskimo,Female,22500,4247,95,Jamaica,0.469919,NEGATIVE
11,Local-gov,10th,5,Never-married,Adm-clerical,Not-in-family,Amer-Indian-Eskimo,Male,22500,4247,95,Jamaica,0.501815,POSITIVE
13,Self-emp-inc,1st-4th,11,Divorced,Prof-specialty,Husband,Amer-Indian-Eskimo,Female,17500,3811,93,Iran,0.488925,NEGATIVE
13,Self-emp-inc,1st-4th,11,Divorced,Prof-specialty,Husband,Amer-Indian-Eskimo,Male,17500,3811,93,Iran,0.520843,POSITIVE
10,Self-emp-not-inc,12th,3,Divorced,Sales,Own-child,Asian-Pac-Islander,Female,17500,3593,78,Poland,0.488226,NEGATIVE
10,Self-emp-not-inc,12th,3,Divorced,Sales,Own-child,Asian-Pac-Islander,Male,17500,3593,78,Poland,0.520145,POSITIVE
13,Self-emp-inc,Masters,11,Divorced,Exec-managerial,Own-child,Asian-Pac-Islander,Female,17500,4029,79,Cuba,0.487287,NEGATIVE
13,Self-emp-inc,Masters,11,Divorced,Exec-managerial,Own-child,Asian-Pac-Islander,Male,17500,4029,79,Cuba,0.519207,POSITIVE
13,Self-emp-inc,Masters,3,Divorced,Exec-managerial,Own-child,Asian-Pac-Islander,Female,17500,3593,79,Cuba,0.468722,NEGATIVE
13,Self-emp-inc,Masters,3,Divorced,Exec-managerial,Own-child,Asian-Pac-Islander,Male,17500,3593,79,Cuba,0.500614,POSITIVE
13,Self-emp-inc,HS-grad,11,Divorced,Prof-specialty,Husband,Amer-Indian-Eskimo,Female,17500,3593,93,Jamaica,0.475916,NEGATIVE
13,Self-emp-inc,HS-grad,11,Divorced,Prof-specialty,Husband,Amer-Indian-Eskimo,Male,17500,3593,93,Jamaica,0.507829,POSITIVE
11,Local-gov,Prof-school,13,Never-married,Adm-clerical,Not-in-family,Amer-Indian-Eskimo,Female,22500,3593,95,Jamaica,0.490144,NEGATIVE
11,Local-gov,Prof-school,13,Never-married,Adm-clerical,Not-in-family,Amer-Indian-Eskimo,Male,22500,3593,95,Jamaica,0.522061,POSITIVE
13,State-gov,Assoc-voc,12,Never-married,Transport-moving,Other-relative,Other,Female,22500,4029,97,Honduras,0.495209,NEGATIVE
13,State-gov,Assoc-voc,12,Never-married,Transport-moving,Other-relative,Other,Male,22500,4029,97,Honduras,0.527114,POSITIVE
11,Local-gov,Prof-school,5,Never-married,Adm-clerical,Not-in-family,Amer-Indian-Eskimo,Female,22500,3811,83,Jamaica,0.482797,NEGATIVE
11,Local-gov,Prof-school,5,Never-married,Adm-clerical,Not-in-family,Amer-Indian-Eskimo,Male,22500,3811,83,Jamaica,0.514719,POSITIVE
14,Local-gov,Assoc-acdm,5,Never-married,Farming-fishing,Not-in-family,Other,Female,22500,4247,84,Honduras,0.481334,NEGATIVE
14,Local-gov,Assoc-acdm,5,Never-married,Farming-fishing,Not-in-family,Other,Male,22500,4247,84,Honduras,0.513255,POSITIVE
11,Local-gov,Assoc-acdm,13,Never-married,Farming-fishing,Not-in-family,Other,Female,22500,4029,84,Honduras,0.492153,NEGATIVE
11,Local-gov,Assoc-acdm,13,Never-married,Farming-fishing,Not-in-family,Other,Male,22500,4029,84,Honduras,0.524066,POSITIVE
13,Private,7th-8th,9,Married-civ-spouse,Tech-support,Wife,White,Female,17500,2940,89,Italy,0.483543,NEGATIVE
13,Private,7th-8th,9,Married-civ-spouse,Tech-support,Wife,White,Male,17500,2940,89,Italy,0.515465,POSITIVE
10,Private,7th-8th,9,Married-civ-spouse,Tech-support,Wife,White,Female,17500,2286,89,Italy,0.475781,NEGATIVE
10,Private,7th-8th,9,Married-civ-spouse,Tech-support,Wife,White,Male,17500,2286,89,Italy,0.507693,POSITIVE
11,Self-emp-inc,Masters,5,Divorced,Exec-managerial,Own-child,Asian-Pac-Islander,Female,17500,2504,92,Cuba,0.473340,NEGATIVE
11,Self-emp-inc,Masters,5,Divorced,Exec-managerial,Own-child,Asian-Pac-Islander,Male,17500,2504,92,Cuba,0.505247,POSITIVE
10,Self-emp-not-inc,12th,2,Married-civ-spouse,Craft-repair,Wife,White,Female,17500,2286,77,Cuba,0.475803,NEGATIVE
10,Self-emp-not-inc,12th,2,Married-civ-spouse,Craft-repair,Wife,White,Male,17500,2286,77,Cuba,0.507715,POSITIVE
13,Self-emp-not-inc,Some-college,9,Married-civ-spouse,Craft-repair,Wife,White,Female,17500,2286,90,Italy,0.474891,NEGATIVE
13,Self-emp-not-inc,Some-college,9,Married-civ-spouse,Craft-repair,Wife,White,Male,17500,2286,90,Italy,0.506801,POSITIVE
13,Self-emp-inc,HS-grad,3,Divorced,Prof-specialty,Husband,Amer-Indian-Eskimo,Female,17500,2940,93,Jamaica,0.489299,NEGATIVE
13,Self-emp-inc,HS-grad,3,Divorced,Prof-specialty,Husband,Amer-Indian-Eskimo,Male,17500,2940,93,Jamaica,0.521217,POSITIVE
14,Local-gov,Prof-school,5,Never-married,Adm-clerical,Not-in-family,Amer-Indian-Eskimo,Female,22500,3158,95,Iran,0.472688,NEGATIVE
14,Local-gov,Prof-school,5,Never-married,Adm-clerical,Not-in-family,Amer-Indian-Eskimo,Male,22500,3158,95,Iran,0.504593,POSITIVE
11,Federal-gov,Prof-school,12,Never-married,Machine-op-inspct,Not-in-family,Amer-Indian-Eskimo,Female,22500,2504,94,Iran,0.472506,NEGATIVE
11,Federal-gov,Prof-school,12,Never-married,Machine-op-inspct,Not-in-family,Amer-Indian-Eskimo,Male,22500,2504,94,Iran,0.504411,POSITIVE
11,Self-emp-inc,11th,5,Divorced,Exec-managerial,Own-child,Asian-Pac-Islander,Female,17500,2504,79,Honduras,0.481016,NEGATIVE
11,Self-emp-inc,11th,5,Divorced,Exec-managerial,Own-child,Asian-Pac-Islander,Male,17500,2504,79,Honduras,0.512936,POSITIVE
16,Self-emp-not-inc,Some-college,2,Married-civ-spouse,Craft-repair,Wife,White,Female,17500,3375,65,Cuba,0.474141,NEGATIVE
16,Self-emp-not-inc,Some-college,2,Married-civ-spouse,Craft-repair,Wife,White,Male,17500,3375,65,Cuba,0.506050,POSITIVE
16,Self-emp-not-inc,Some-college,1,Married-civ-spouse,Craft-repair,Wife,White,Female,17500,4029,52,China,0.469018,NEGATIVE
16,Self-emp-not-inc,Some-college,1,Married-civ-spouse,Craft-repair,Wife,White,Male,17500,4029,52,China,0.500911,POSITIVE
10,Self-emp-not-inc,12th,2,Divorced,Sales,Own-child,Asian-Pac-Islander,Female,17500,4029,66,Poland,0.475558,NEGATIVE
10,Self-emp-not-inc,12th,2,Divorced,Sales,Own-child,Asian-Pac-Islander,Male,17500,4029,66,Poland,0.507470,POSITIVE
13,Self-emp-not-inc,12th,9,Married-civ-spouse,Craft-repair,Wife,White,Female,17500,4029,65,China,0.484258,NEGATIVE
13,Self-emp-not-inc,12th,9,Married-civ-spouse,Craft-repair,Wife,White,Male,17500,4029,65,China,0.516180,POSITIVE
10,Private,7th-8th,1,Married-civ-spouse,Tech-support,Wife,White,Female,17500,4029,51,Italy,0.493015,NEGATIVE
10,Private,7th-8th,1,Married-civ-spouse,Tech-support,Wife,White,Male,17500,4029,51,Italy,0.524926,POSITIVE
10,Self-emp-not-inc,12th,2,Divorced,Sales,Own-child,Asian-Pac-Islander,Female,17500,4029,53,Cuba,0.470553,NEGATIVE
10,Self-emp-not-inc,12th,2,Divorced,Sales,Own-child,Asian-Pac-Islander,Male,17500,4029,53,Cuba,0.502451,POSITIVE
10,Self-emp-inc,11th,5,Divorced,Exec-managerial,Own-child,Asian-Pac-Islander,Female,17500,3593,67,Poland,0.475670,NEGATIVE
10,Self-emp-inc,11th,5,Divorced,Exec-managerial,Own-child,Asian-Pac-Islander,Male,17500,3593,67,Poland,0.507583,POSITIVE
13,Self-emp-not-inc,Some-college,10,Divorced,Sales,Own-child,Asian-Pac-Islander,Female,17500,3375,66,Cuba,0.486255,NEGATIVE
13,Self-emp-not-inc,Some-college,10,Divorced,Sales,Own-child,Asian-Pac-Islander,Male,17500,3375,66,Cuba,0.518176,POSITIVE
14,Federal-gov,Prof-school,4,Never-married,Machine-op-inspct,Not-in-family,Amer-Indian-Eskimo,Female,22500,4247,69,Iran,0.490014,NEGATIVE
14,Federal-gov,Prof-school,4,Never-married,Machine-op-inspct,Not-in-family,Amer-Indian-Eskimo,Male,22500,4247,69,Iran,0.521931,POSITIVE
11,Local-gov,Prof-school,5,Never-married,Adm-clerical,Not-in-family,Amer-Indian-Eskimo,Female,22500,3811,70,Iran,0.471941,NEGATIVE
11,Local-gov,Prof-school,5,Never-married,Adm-clerical,Not-in-family,Amer-Indian-Eskimo,Male,22500,3811,70,Iran,0.503844,POSITIVE
10,Self-emp-not-inc,Some-college,1,Married-civ-spouse,Craft-repair,Wife,White,Female,17500,3375,52,Italy,0.481425,NEGATIVE
10,Self-emp-not-inc,Some-college,1,Married-civ-spouse,Craft-repair,Wife,White,Male,17500,3375,52,Italy,0.513345,POSITIVE
13,Self-emp-inc,11th,3,Divorced,Exec-managerial,Own-child,Asian-Pac-Islander,Female,17500,4029,54,Cuba,0.498700,NEGATIVE
13,Self-emp-inc,11th,3,Divorced,Exec-managerial,Own-child,Asian-Pac-Islander,Male,17500,4029,54,Cuba,0.530594,POSITIVE
10,Self-emp-not-inc,Some-college,10,Divorced,Sales,Own-child,Asian-Pac-Islander,Female,17500,3593,53,Cuba,0.490780,NEGATIVE
10,Self-emp-not-inc,Some-college,10,Divorced,Sales,Own-child,Asian-Pac-Islander,Male,17500,3593,53,Cuba,0.522695,POSITIVE
10,Private,Bachelors,1,Married-civ-spouse,Tech-support,Wife,White,Female,17500,2286,51,China,0.488019,NEGATIVE
10,Private,Bachelors,1,Married-civ-spouse,Tech-support,Wife,White,Male,17500,2286,51,China,0.519939,POSITIVE
17,Self-emp-inc,Masters,5,Divorced,Exec-managerial,Own-child,Asian-Pac-Islander,Female,17500,3593,83,India,0.482132,NEGATIVE
17,Self-emp-inc,Masters,5,Divorced,Exec-managerial,Own-child,Asian-Pac-Islander,Male,17500,3593,83,India,0.514053,POSITIVE
20,Federal-gov,10th,12,Never-married,Machine-op-inspct,Not-in-family,Amer-Indian-Eskimo,Female,22500,3811,94,Puerto-Rico,0.496178,NEGATIVE
20,Federal-gov,10th,12,Never-married,Machine-op-inspct,Not-in-family,Amer-Indian-Eskimo,Male,22500,3811,94,Puerto-Rico,0.528081,POSITIVE
20,Local-gov,Doctorate,5,Never-married,Farming-fishing,Not-in-family,Other,Female,22500,4247,96,Puerto-Rico,0.472155,NEGATIVE
20,Local-gov,Doctorate,5,Never-married,Farming-fishing,Not-in-family,Other,Male,22500,4247,96,Puerto-Rico,0.504058,POSITIVE
17,Local-gov,Doctorate,13,Never-married,Farming-fishing,Not-in-family,Other,Female,22500,4029,96,Puerto-Rico,0.482960,NEGATIVE
17,Local-gov,Doctorate,13,Never-married,Farming-fishing,Not-in-family,Other,Male,22500,4029,96,Puerto-Rico,0.514881,POSITIVE
20,Local-gov,Prof-school,9,Never-married,Adm-clerical,Not-in-family,Amer-Indian-Eskimo,Female,22500,3811,95,Japan,0.488456,NEGATIVE
20,Local-gov,Prof-school,9,Never-married,Adm-clerical,Not-in-family,Amer-Indian-Eskimo,Male,22500,3811,95,Japan,0.520375,POSITIVE
17,State-gov,Assoc-voc,14,Never-married,Transport-moving,Other-relative,Other,Female,22500,4247,97,Greece,0.493072,NEGATIVE
17,State-gov,Assoc-voc,14,Never-married,Transport-moving,Other-relative,Other,Male,22500,4247,97,Greece,0.524983,POSITIVE
17,State-gov,Assoc-voc,6,Never-married,Transport-moving,Other-relative,Other,Female,22500,3811,97,Greece,0.485141,NEGATIVE
17,State-gov,Assoc-voc,6,Never-married,Transport-moving,Other-relative,Other,Male,22500,3811,97,Greece,0.517062,POSITIVE
19,Self-emp-inc,HS-grad,3,Divorced,Prof-specialty,Husband,Amer-Indian-Eskimo,Female,17500,3593,80,Japan,0.497984,NEGATIVE
19,Self-emp-inc,HS-grad,3,Divorced,Prof-specialty,Husband,Amer-Indian-Eskimo,Male,17500,3593,80,Japan,0.529881,POSITIVE
17,Federal-gov,Prof-school,12,Never-married,Machine-op-inspct,Not-in-family,Amer-Indian-Eskimo,Female,22500,3811,82,Japan,0.474244,NEGATIVE
17,Federal-gov,Prof-school,12,Never-married,Machine-op-inspct,Not-in-family,Amer-Indian-Eskimo,Male,22500,3811,82,Japan,0.506153,POSITIVE
20,State-gov,Assoc-voc,14,Never-married,Transport-moving,Other-relative,Other,Female,22500,4029,97,Canada,0.489662,NEGATIVE
20,State-gov,Assoc-voc,14,Never-married,Transport-moving,Other-relative,Other,Male,22500,4029,97,Canada,0.521579,POSITIVE
20,Federal-gov,Prof-school,12,Never-married,Machine-op-inspct,Not-in-family,Amer-Indian-Eskimo,Female,22500,3593,82,Puerto-Rico,0.490681,NEGATIVE
20,Federal-gov,Prof-school,12,Never-married,Machine-op-inspct,Not-in-family,Amer-Indian-Eskimo,Male,22500,3593,82,Puerto-Rico,0.522596,POSITIVE
17,State-gov,Assoc-voc,12,Never-married,Transport-moving,Other-relative,Other,Female,22500,4029,85,Canada,0.470788,NEGATIVE
17,State-gov,Assoc-voc,12,Never-married,Transport-moving,Other-relative,Other,Male,22500,4029,85,Canada,0.502687,POSITIVE
16,Self-emp-not-inc,12th,3,Divorced,Sales,Own-child,Asian-Pac-Islander,Female,17500,2504,80,England,0.482047,NEGATIVE
16,Self-emp-not-inc,12th,3,Divorced,Sales,Own-child,Asian-Pac-Islander,Male,17500,2504,80,England,0.513968,POSITIVE
17,Self-emp-inc,HS-grad,6,Divorced,Prof-specialty,Husband,Amer-Indian-Eskimo,Female,17500,2722,93,Japan,0.477264,NEGATIVE
17,Self-emp-inc,HS-grad,6,Divorced,Prof-specialty,Husband,Amer-Indian-Eskimo,Male,17500,2722,93,Japan,0.509180,POSITIVE
16,Self-emp-inc,11th,11,Divorced,Exec-managerial,Own-child,Asian-Pac-Islander,Female,17500,2940,79,India,0.490064,NEGATIVE
16,Self-emp-inc,11th,11,Divorced,Exec-managerial,Own-child,Asian-Pac-Islander,Male,17500,2940,79,India,0.521981,POSITIVE
16,Self-emp-inc,11th,3,Divorced,Exec-managerial,Own-child,Asian-Pac-Islander,Female,17500,2504,79,India,0.471491,NEGATIVE
16,Self-emp-inc,11th,3,Divorced,Exec-managerial,Own-child,Asian-Pac-Islander,Male,17500,2504,79,India,0.503392,POSITIVE
18,Local-gov,Prof-school,9,Never-married,Adm-clerical,Not-in-family,Amer-Indian-Eskimo,Female,22500,2722,95,Puerto-Rico,0.480301,NEGATIVE
18,Local-gov,Prof-school,9,Never-married,Adm-clerical,Not-in-family,Amer-Indian-Eskimo,Male,22500,2722,95,Puerto-Rico,0.512220,POSITIVE
19,Self-emp-not-inc,Some-college,10,Divorced,Sales,Own-child,Asian-Pac-Islander,Female,17500,2286,78,Cambodia,0.496974,NEGATIVE
19,Self-emp-not-inc,Some-college,10,Divorced,Sales,Own-child,Asian-Pac-Islander,Male,17500,2286,78,Cambodia,0.528874,POSITIVE
17,Federal-gov,Prof-school,8,Never-married,Machine-op-inspct,Not-in-family,Amer-Indian-Eskimo,Female,22500,2722,82,Puerto-Rico,0.468311,NEGATIVE
17,Federal-gov,Prof-school,8,Never-married,Machine-op-inspct,Not-in-family,Amer-Indian-Eskimo,Male,22500,2722,82,Puerto-Rico,0.500200,POSITIVE
14,Local-gov,Doctorate,11,Never-married,Farming-fishing,Not-in-family,Other,Female,22500,4029,96,Greece,0.485188,NEGATIVE
14,Local-gov,Doctorate,11,Never-married,Farming-fishing,Not-in-family,Other,Male,22500,4029,96,Greece,0.517109,POSITIVE
11,State-gov,5th-6th,15,Separated,Protective-serv,Other-relative,Black,Female,22500,4247,98,South,0.497542,NEGATIVE
11,State-gov,5th-6th,15,Separated,Protective-serv,Other-relative,Black,Male,22500,4247,98,South,0.529440,POSITIVE
11,State-gov,5th-6th,7,Separated,Protective-serv,Other-relative,Black,Female,22500,3811,98,South,0.478951,NEGATIVE
11,State-gov,5th-6th,7,Separated,Protective-serv,Other-relative,Black,Male,22500,3811,98,South,0.510869,POSITIVE
13,Self-emp-inc,1st-4th,11,Divorced,Prof-specialty,Husband,Amer-Indian-Eskimo,Female,17500,3811,80,Japan,0.478058,NEGATIVE
13,Self-emp-inc,1st-4th,11,Divorced,Prof-specialty,Husband,Amer-Indian-Eskimo,Male,17500,3811,80,Japan,0.509975,POSITIVE
14,Federal-gov,10th,4,Never-married,Machine-op-inspct,Not-in-family,Amer-Indian-Eskimo,Female,22500,3593,82,Japan,0.488859,NEGATIVE
14,Federal-gov,10th,4,Never-married,Machine-op-inspct,Not-in-family,Amer-Indian-Eskimo,Male,22500,3593,82,Japan,0.520777,POSITIVE
11,Local-gov,Doctorate,13,Never-married,Farming-fishing,Not-in-family,Other,Female,22500,4247,84,Greece,0.494511,NEGATIVE
11,Local-gov,Doctorate,13,Never-married,Farming-fishing,Not-in-family,Other,Male,22500,4247,84,Greece,0.526418,POSITIVE
11,State-gov,5th-6th,6,Never-married,Transport-moving,Other-relative,Other,Female,22500,4029,85,Greece,0.494656,NEGATIVE
11,State-gov,5th-6th,6,Never-married,Transport-moving,Other-relative,Other,Male,22500,4029,85,Greece,0.526563,POSITIVE
14,State-gov,5th-6th,15,Separated,Protective-serv,Other-relative,Black,Female,22500,4247,98,Canada,0.469765,NEGATIVE
14,State-gov,5th-6th,15,Separated,Protective-serv,Other-relative,Black,Male,22500,4247,98,Canada,0.501660,POSITIVE
14,Local-gov,10th,13,Never-married,Adm-clerical,Not-in-family,Amer-Indian-Eskimo,Female,22500,3593,83,Puerto-Rico,0.489154,NEGATIVE
14,Local-gov,10th,13,Never-married,Adm-clerical,Not-in-family,Amer-Indian-Eskimo,Male,22500,3593,83,Puerto-Rico,0.521072,POSITIVE
11,State-gov,5th-6th,14,Separated,Protective-serv,Other-relative,Black,Female,22500,4247,86,Canada,0.472183,NEGATIVE
11,State-gov,5th-6th,14,Separated,Protective-serv,Other-relative,Black,Male,22500,4247,86,Canada,0.504087,POSITIVE
13,State-gov,Assoc-voc,12,Never-married,Transport-moving,Other-relative,Other,Female,22500,4029,85,Greece,0.472638,NEGATIVE
13,State-gov,Assoc-voc,12,Never-married,Transport-moving,Other-relative,Other,Male,22500,4029,85,Greece,0.504543,POSITIVE
12,Federal-gov,10th,8,Never-married,Machine-op-inspct,Not-in-family,Amer-Indian-Eskimo,Female,22500,2722,88,Germany,0.469216,NEGATIVE
12,Federal-gov,10th,8,Never-married,Machine-op-inspct,Not-in-family,Amer-Indian-Eskimo,Male,22500,2722,88,Germany,0.501109,POSITIVE
11,Local-gov,Prof-school,13,Never-married,Adm-clerical,Not-in-family,Amer-Indian-Eskimo,Female,22500,2722,83,Japan,0.498754,NEGATIVE
11,Local-gov,Prof-school,13,Never-married,Adm-clerical,Not-in-family,Amer-Indian-Eskimo,Male,22500,2722,83,Japan,0.530647,POSITIVE
11,State-gov,Assoc-voc,6,Never-married,Transport-moving,Other-relative,Other,Female,22500,3158,85,Greece,0.485648,NEGATIVE
11,State-gov,Assoc-voc,6,Never-married,Transport-moving,Other-relative,Other,Male,22500,3158,85,Greece,0.517569,POSITIVE
14,State-gov,Assoc-voc,15,Separated,Protective-serv,Other-relative,Black,Female,22500,3158,98,Canada,0.492720,NEGATIVE
14,State-gov,Assoc-voc,15,Separated,Protective-serv,Other-relative,Black,Male,22500,3158,98,Canada,0.524632,POSITIVE
14,State-gov,Assoc-voc,7,Separated,Protective-serv,Other-relative,Black,Female,22500,2722,98,Canada,0.474140,NEGATIVE
14,State-gov,Assoc-voc,7,Separated,Protective-serv,Other-relative,Black,Male,22500,2722,98,Canada,0.506049,POSITIVE
14,Local-gov,Assoc-acdm,11,Never-married,Farming-fishing,Not-in-family,Other,Female,22500,2940,84,Puerto-Rico,0.497709,NEGATIVE
14,Local-gov,Assoc-acdm,11,Never-married,Farming-fishing,Not-in-family,Other,Male,22500,2940,84,Puerto-Rico,0.529607,POSITIVE
16,Self-emp-not-inc,12th,1,Married-civ-spouse,Craft-repair,Wife,White,Female,17500,3375,65,Outlying-US(Guam-USVI-etc),0.477455,NEGATIVE
16,Self-emp-not-inc,12th,1,Married-civ-spouse,Craft-repair,Wife,White,Male,17500,3375,65,Outlying-US(Guam-USVI-etc),0.509370,POSITIVE
16,Self-emp-not-inc,12th,10,Divorced,Sales,Own-child,Asian-Pac-Islander,Female,17500,3375,66,Cambodia,0.471629,NEGATIVE
16,Self-emp-not-inc,12th,10,Divorced,Sales,Own-child,Asian-Pac-Islander,Male,17500,3375,66,Cambodia,0.503530,POSITIVE
17,Federal-gov,10th,4,Never-married,Machine-op-inspct,Not-in-family,Amer-Indian-Eskimo,Female,22500,4247,69,Puerto-Rico,0.498161,NEGATIVE
17,Federal-gov,10th,4,Never-married,Machine-op-inspct,Not-in-family,Amer-Indian-Eskimo,Male,22500,4247,69,Puerto-Rico,0.530056,POSITIVE
16,Private,7th-8th,9,Married-civ-spouse,Tech-support,Wife,White,Female,17500,3375,51,United-States,0.495209,NEGATIVE
16,Private,7th-8th,9,Married-civ-spouse,Tech-support,Wife,White,Male,17500,3375,51,United-States,0.527114,POSITIVE
16,Self-emp-inc,Masters,3,Divorced,Exec-managerial,Own-child,Asian-Pac-Islander,Female,17500,4029,54,Cambodia,0.491647,NEGATIVE
16,Self-emp-inc,Masters,3,Divorced,Exec-managerial,Own-child,Asian-Pac-Islander,Male,17500,4029,54,Cambodia,0.523561,POSITIVE
17,Self-emp-inc,11th,5,Divorced,Exec-managerial,Own-child,Asian-Pac-Islander,Female,17500,3593,67,India,0.469597,NEGATIVE
17,Self-emp-inc,11th,5,Divorced,Exec-managerial,Own-child,Asian-Pac-Islander,Male,17500,3593,67,India,0.501492,POSITIVE
19,Private,Bachelors,9,Married-civ-spouse,Tech-support,Wife,White,Female,17500,4029,51,Outlying-US(Guam-USVI-etc),0.480632,NEGATIVE
19,Private,Bachelors,9,Married-civ-spouse,Tech-support,Wife,White,Male,17500,4029,51,Outlying-US(Guam-USVI-etc),0.512552,POSITIVE
16,Private,Bachelors,9,Married-civ-spouse,Tech-support,Wife,White,Female,17500,3375,51,Outlying-US(Guam-USVI-etc),0.472873,NEGATIVE
16,Private,Bachelors,9,Married-civ-spouse,Tech-support,Wife,White,Male,17500,3375,51,Outlying-US(Guam-USVI-etc),0.504779,POSITIVE
17,Self-emp-inc,HS-grad,6,Divorced,Prof-specialty,Husband,Amer-Indian-Eskimo,Female,17500,3811,60,England,0.479197,NEGATIVE
17,Self-emp-inc,HS-grad,6,Divorced,Prof-specialty,Husband,Amer-Indian-Eskimo,Male,17500,3811,60,England,0.511116,POSITIVE
16,Self-emp-not-inc,Some-college,9,Married-civ-spouse,Craft-repair,Wife,White,Female,17500,2940,65,Outlying-US(Guam-USVI-etc),0.487034,NEGATIVE
16,Self-emp-not-inc,Some-college,9,Married-civ-spouse,Craft-repair,Wife,White,Male,17500,2940,65,Outlying-US(Guam-USVI-etc),0.518954,POSITIVE
16,Self-emp-not-inc,Some-college,2,Married-civ-spouse,Craft-repair,Wife,White,Female,17500,2286,53,United-States,0.483833,NEGATIVE
16,Self-emp-not-inc,Some-college,2,Married-civ-spouse,Craft-repair,Wife,White,Male,17500,2286,53,United-States,0.515754,POSITIVE
11,Self-emp-inc,1st-4th,6,Divorced,Prof-specialty,Husband,Amer-Indian-Eskimo,Female,17500,3811,68,Japan,0.499070,NEGATIVE
11,Self-emp-inc,1st-4th,6,Divorced,Prof-specialty,Husband,Amer-Indian-Eskimo,Male,17500,3811,68,Japan,0.530963,POSITIVE
13,Self-emp-not-inc,12th,9,Married-civ-spouse,Craft-repair,Wife,White,Female,17500,4029,52,Outlying-US(Guam-USVI-etc),0.482171,NEGATIVE
13,Self-emp-not-inc,12th,9,Married-civ-spouse,Craft-repair,Wife,White,Male,17500,4029,52,Outlying-US(Guam-USVI-etc),0.514092,POSITIVE
10,Self-emp-inc,Masters,3,Divorced,Exec-managerial,Own-child,Asian-Pac-Islander,Female,17500,3593,54,India,0.493282,NEGATIVE
10,Self-emp-inc,Masters,3,Divorced,Exec-managerial,Own-child,Asian-Pac-Islander,Male,17500,3593,54,India,0.525192,POSITIVE
12,Federal-gov,10th,8,Never-married,Machine-op-inspct,Not-in-family,Amer-Indian-Eskimo,Female,22500,3811,63,Puerto-Rico,0.478224,NEGATIVE
12,Federal-gov,10th,8,Never-married,Machine-op-inspct,Not-in-family,Amer-Indian-Eskimo,Male,22500,3811,63,Puerto-Rico,0.510141,POSITIVE
14,Local-gov,Assoc-acdm,5,Never-married,Farming-fishing,Not-in-family,Other,Female,22500,4247,71,Greece,0.473401,NEGATIVE
14,Local-gov,Assoc-acdm,5,Never-married,Farming-fishing,Not-in-family,Other,Male,22500,4247,71,Greece,0.505308,POSITIVE
11,Local-gov,Assoc-acdm,13,Never-married,Farming-fishing,Not-in-family,Other,Female,22500,4029,71,Greece,0.484209,NEGATIVE
11,Local-gov,Assoc-acdm,13,Never-married,Farming-fishing,Not-in-family,Other,Male,22500,4029,71,Greece,0.516130,POSITIVE
13,Self-emp-not-inc,Some-college,10,Divorced,Sales,Own-child,Asian-Pac-Islander,Female,17500,3375,53,India,0.481242,NEGATIVE
13,Self-emp-not-inc,Some-college,10,Divorced,Sales,Own-child,Asian-Pac-Islander,Male,17500,3375,53,India,0.513162,POSITIVE
13,Self-emp-inc,HS-grad,3,Divorced,Prof-specialty,Husband,Amer-Indian-Eskimo,Female,17500,3811,55,Japan,0.489461,NEGATIVE
13,Self-emp-inc,HS-grad,3,Divorced,Prof-specialty,Husband,Amer-Indian-Eskimo,Male,17500,3811,55,Japan,0.521378,POSITIVE
10,Self-emp-inc,HS-grad,11,Divorced,Prof-specialty,Husband,Amer-Indian-Eskimo,Female,17500,3593,55,Japan,0.489620,NEGATIVE
10,Self-emp-inc,HS-grad,11,Divorced,Prof-specialty,Husband,Amer-Indian-Eskimo,Male,17500,3593,55,Japan,0.521538,POSITIVE
14,State-gov,Assoc-voc,7,Separated,Protective-serv,Other-relative,Black,Female,22500,4247,73,Canada,0.481152,NEGATIVE
14,State-gov,Assoc-voc,7,Separated,Protective-serv,Other-relative,Black,Male,22500,4247,73,Canada,0.513072,POSITIVE
14,Local-gov,Prof-school,13,Never-married,Adm-clerical,Not-in-family,Amer-Indian-Eskimo,Female,22500,4247,58,Puerto-Rico,0.487170,NEGATIVE
14,Local-gov,Prof-school,13,Never-married,Adm-clerical,Not-in-family,Amer-Indian-Eskimo,Male,22500,4247,58,Puerto-Rico,0.519091,POSITIVE
11,State-gov,Assoc-voc,7,Separated,Protective-serv,Other-relative,Black,Female,22500,4247,61,Canada,0.475847,NEGATIVE
11,State-gov,Assoc-voc,7,Separated,Protective-serv,Other-relative,Black,Male,22500,4247,61,Canada,0.507760,POSITIVE
10,Self-emp-not-inc,12th,10,Divorced,Sales,Own-child,Asian-Pac-Islander,Female,17500,2940,66,India,0.491502,NEGATIVE
10,Self-emp-not-inc,12th,10,Divorced,Sales,Own-child,Asian-Pac-Islander,Male,17500,2940,66,India,0.523416,POSITIVE
10,Self-emp-not-inc,12th,3,Divorced,Sales,Own-child,Asian-Pac-Islander,Female,17500,2504,55,Cambodia,0.482858,NEGATIVE
10,Self-emp-not-inc,12th,3,Divorced,Sales,Own-child,Asian-Pac-Islander,Male,17500,2504,55,Cambodia,0.514779,POSITIVE
13,Self-emp-not-inc,Some-college,9,Married-civ-spouse,Craft-repair,Wife,White,Female,17500,2286,65,Outlying-US(Guam-USVI-etc),0.468629,NEGATIVE
13,Self-emp-not-inc,Some-college,9,Married-civ-spouse,Craft-repair,Wife,White,Male,17500,2286,65,Outlying-US(Guam-USVI-etc),0.500520,POSITIVE
10,Self-emp-inc,11th,11,Divorced,Exec-managerial,Own-child,Asian-Pac-Islander,Female,17500,2504,67,India,0.482840,NEGATIVE
10,Self-emp-inc,11th,11,Divorced,Exec-managerial,Own-child,Asian-Pac-Islander,Male,17500,2504,67,India,0.514761,POSITIVE
11,Federal-gov,Prof-school,4,Never-married,Machine-op-inspct,Not-in-family,Amer-Indian-Eskimo,Female,22500,2722,69,Japan,0.475603,NEGATIVE
11,Federal-gov,Prof-school,4,Never-married,Machine-op-inspct,Not-in-family,Amer-Indian-Eskimo,Male,22500,2722,69,Japan,0.507515,POSITIVE
13,Self-emp-not-inc,Some-college,2,Divorced,Sales,Own-child,Asian-Pac-Islander,Female,17500,2940,53,India,0.473323,NEGATIVE
13,Self-emp-not-inc,Some-college,2,Divorced,Sales,Own-child,Asian-Pac-Islander,Male,17500,2940,53,India,0.505230,POSITIVE
10,Self-emp-not-inc,Some-college,9,Married-civ-spouse,Craft-repair,Wife,White,Female,17500,2286,52,Outlying-US(Guam-USVI-etc),0.497380,NEGATIVE
10,Self-emp-not-inc,Some-college,9,Married-civ-spouse,Craft-repair,Wife,White,Male,17500,2286,52,Outlying-US(Guam-USVI-etc),0.529279,POSITIVE
13,Self-emp-inc,HS-grad,11,Divorced,Prof-specialty,Husband,Amer-Indian-Eskimo,Female,17500,2722,68,England,0.470731,NEGATIVE
13,Self-emp-inc,HS-grad,11,Divorced,Prof-specialty,Husband,Amer-Indian-Eskimo,Male,17500,2722,68,England,0.502630,POSITIVE
14,Federal-gov,Prof-school,4,Never-married,Machine-op-inspct,Not-in-family,Amer-Indian-Eskimo,Female,22500,2504,69,Puerto-Rico,0.492042,NEGATIVE
14,Federal-gov,Prof-school,4,Never-married,Machine-op-inspct,Not-in-family,Amer-Indian-Eskimo,Male,22500,2504,69,Puerto-Rico,0.523955,POSITIVE
11,Self-emp-inc,HS-grad,6,Divorced,Prof-specialty,Husband,Amer-Indian-Eskimo,Female,17500,2722,55,England,0.497584,NEGATIVE
11,Self-emp-inc,HS-grad,6,Divorced,Prof-specialty,Husband,Amer-Indian-Eskimo,Male,17500,2722,55,England,0.529482,POSITIVE
16,Private,Bachelors,9,Married-civ-spouse,Tech-support,Wife,White,Female,17500,1851,89,China,0.486319,NEGATIVE
16,Private,Bachelors,9,Married-civ-spouse,Tech-support,Wife,White,Male,17500,1851,89,China,0.518240,POSITIVE
10,Self-emp-not-inc,12th,9,Married-civ-spouse,Craft-repair,Wife,White,Female,17500,1851,90,China,0.490788,NEGATIVE
10,Self-emp-not-inc,12th,9,Married-civ-spouse,Craft-repair,Wife,White,Male,17500,1851,90,China,0.522703,POSITIVE
10,Self-emp-not-inc,Some-college,2,Married-civ-spouse,Craft-repair,Wife,White,Female,17500,1197,78,Cuba,0.495623,NEGATIVE
10,Self-emp-not-inc,Some-college,2,Married-civ-spouse,Craft-repair,Wife,White,Male,17500,1197,78,Cuba,0.527527,POSITIVE
10,Self-emp-not-inc,Some-college,2,Divorced,Sales,Own-child,Asian-Pac-Islander,Female,17500,762,91,Cuba,0.484855,NEGATIVE
10,Self-emp-not-inc,Some-college,2,Divorced,Sales,Own-child,Asian-Pac-Islander,Male,17500,762,91,Cuba,0.516776,POSITIVE
16,Self-emp-not-inc,Some-college,10,Divorced,Sales,Own-child,Asian-Pac-Islander,Female,17500,1851,91,India,0.469717,NEGATIVE
16,Self-emp-not-inc,Some-college,10,Divorced,Sales,Own-child,Asian-Pac-Islander,Male,17500,1851,91,India,0.501612,POSITIVE
16,Self-emp-not-inc,Some-college,2,Divorced,Sales,Own-child,Asian-Pac-Islander,Female,17500,1415,91,India,0.483087,NEGATIVE
16,Self-emp-not-inc,Some-college,2,Divorced,Sales,Own-child,Asian-Pac-Islander,Male,17500,1415,91,India,0.515008,POSITIVE
16,Private,Bachelors,9,Married-civ-spouse,Tech-support,Wife,White,Female,17500,1851,76,Outlying-US(Guam-USVI-etc),0.487159,NEGATIVE
16,Private,Bachelors,9,Married-civ-spouse,Tech-support,Wife,White,Male,17500,1851,76,Outlying-US(Guam-USVI-etc),0.519079,POSITIVE
19,Self-emp-not-inc,Some-college,9,Married-civ-spouse,Craft-repair,Wife,White,Female,17500,1197,90,United-States,0.476746,NEGATIVE
19,Self-emp-not-inc,Some-college,9,Married-civ-spouse,Craft-repair,Wife,White,Male,17500,1197,90,United-States,0.508660,POSITIVE
19,Self-emp-inc,HS-grad,3,Divorced,Prof-specialty,Husband,Amer-Indian-Eskimo,Female,17500,1851,93,England,0.492624,NEGATIVE
19,Self-emp-inc,HS-grad,3,Divorced,Prof-specialty,Husband,Amer-Indian-Eskimo,Male,17500,1851,93,England,0.524536,POSITIVE
19,Self-emp-not-inc,Some-college,2,Divorced,Sales,Own-child,Asian-Pac-Islander,Female,17500,1851,78,Cambodia,0.489041,NEGATIVE
19,Self-emp-not-inc,Some-college,2,Divorced,Sales,Own-child,Asian-Pac-Islander,Male,17500,1851,78,Cambodia,0.520959,POSITIVE
16,Self-emp-not-inc,Some-college,2,Married-civ-spouse,Craft-repair,Wife,White,Female,17500,108,90,United-States,0.475410,NEGATIVE
16,Self-emp-not-inc,Some-college,2,Married-civ-spouse,Craft-repair,Wife,White,Male,17500,108,90,United-States,0.507322,POSITIVE
13,Self-emp-not-inc,12th,1,Married-civ-spouse,Craft-repair,Wife,White,Female,17500,1197,90,Outlying-US(Guam-USVI-etc),0.483979,NEGATIVE
13,Self-emp-not-inc,12th,1,Married-civ-spouse,Craft-repair,Wife,White,Male,17500,1197,90,Outlying-US(Guam-USVI-etc),0.515900,POSITIVE
10,Self-emp-inc,Masters,11,Divorced,Exec-managerial,Own-child,Asian-Pac-Islander,Female,17500,1851,92,India,0.474173,NEGATIVE
10,Self-emp-inc,Masters,11,Divorced,Exec-managerial,Own-child,Asian-Pac-Islander,Male,17500,1851,92,India,0.506082,POSITIVE
10,Self-emp-not-inc,12th,9,Married-civ-spouse,Craft-repair,Wife,White,Female,17500,1851,77,Outlying-US(Guam-USVI-etc),0.488699,NEGATIVE
10,Self-emp-not-inc,12th,9,Married-civ-spouse,Craft-repair,Wife,White,Male,17500,1851,77,Outlying-US(Guam-USVI-etc),0.520618,POSITIVE
13,Self-emp-not-inc,12th,10,Divorced,Sales,Own-child,Asian-Pac-Islander,Female,17500,1197,91,Cambodia,0.478146,NEGATIVE
13,Self-emp-not-inc,12th,10,Divorced,Sales,Own-child,Asian-Pac-Islander,Male,17500,1197,91,Cambodia,0.510063,POSITIVE
11,Local-gov,10th,5,Never-married,Adm-clerical,Not-in-family,Amer-Indian-Eskimo,Female,22500,1633,95,Puerto-Rico,0.494194,NEGATIVE
11,Local-gov,10th,5,Never-married,Adm-clerical,Not-in-family,Amer-Indian-Eskimo,Male,22500,1633,95,Puerto-Rico,0.526102,POSITIVE
13,Self-emp-inc,Masters,3,Divorced,Exec-managerial,Own-child,Asian-Pac-Islander,Female,17500,1851,79,Cambodia,0.498180,NEGATIVE
13,Self-emp-inc,Masters,3,Divorced,Exec-managerial,Own-child,Asian-Pac-Islander,Male,17500,1851,79,Cambodia,0.530076,POSITIVE
10,Self-emp-not-inc,12th,10,Divorced,Sales,Own-child,Asian-Pac-Islander,Female,17500,1415,78,Cambodia,0.482665,NEGATIVE
10,Self-emp-not-inc,12th,10,Divorced,Sales,Own-child,Asian-Pac-Islander,Male,17500,1415,78,Cambodia,0.514587,POSITIVE
11,Local-gov,Assoc-acdm,5,Never-married,Farming-fishing,Not-in-family,Other,Female,22500,2069,96,Greece,0.479921,NEGATIVE
11,Local-gov,Assoc-acdm,5,Never-married,Farming-fishing,Not-in-family,Other,Male,22500,2069,96,Greece,0.511840,POSITIVE
13,Private,Bachelors,9,Married-civ-spouse,Tech-support,Wife,White,Female,17500,1197,76,Outlying-US(Guam-USVI-etc),0.479392,NEGATIVE
13,Private,Bachelors,9,Married-civ-spouse,Tech-support,Wife,White,Male,17500,1197,76,Outlying-US(Guam-USVI-etc),0.511311,POSITIVE
10,Self-emp-not-inc,Some-college,10,Divorced,Sales,Own-child,Asian-Pac-Islander,Female,17500,1197,78,India,0.487769,NEGATIVE
10,Self-emp-not-inc,Some-college,10,Divorced,Sales,Own-child,Asian-Pac-Islander,Male,17500,1197,78,India,0.519689,POSITIVE
10,Self-emp-inc,HS-grad,3,Divorced,Prof-specialty,Husband,Amer-Indian-Eskimo,Female,17500,1633,80,Japan,0.495993,NEGATIVE
10,Self-emp-inc,HS-grad,3,Divorced,Prof-specialty,Husband,Amer-Indian-Eskimo,Male,17500,1633,80,Japan,0.527896,POSITIVE
14,Local-gov,Prof-school,9,Never-married,Adm-clerical,Not-in-family,Amer-Indian-Eskimo,Female,22500,1633,95,Puerto-Rico,0.489187,NEGATIVE
14,Local-gov,Prof-school,9,Never-married,Adm-clerical,Not-in-family,Amer-Indian-Eskimo,Male,22500,1633,95,Puerto-Rico,0.521105,POSITIVE
11,State-gov,Assoc-voc,7,Separated,Protective-serv,Other-relative,Black,Female,22500,2069,98,Canada,0.487679,NEGATIVE
11,State-gov,Assoc-voc,7,Separated,Protective-serv,Other-relative,Black,Male,22500,2069,98,Canada,0.519599,POSITIVE
13,Self-emp-inc,HS-grad,6,Divorced,Prof-specialty,Husband,Amer-Indian-Eskimo,Female,17500,1633,80,England,0.495223,NEGATIVE
13,Self-emp-inc,HS-grad,6,Divorced,Prof-specialty,Husband,Amer-Indian-Eskimo,Male,17500,1633,80,England,0.527129,POSITIVE
11,Local-gov,Prof-school,13,Never-married,Adm-clerical,Not-in-family,Amer-Indian-Eskimo,Female,22500,2069,83,Puerto-Rico,0.493701,NEGATIVE
11,Local-gov,Prof-school,13,Never-married,Adm-clerical,Not-in-family,Amer-Indian-Eskimo,Male,22500,2069,83,Puerto-Rico,0.525611,POSITIVE
13,Self-emp-not-inc,12th,2,Divorced,Sales,Own-child,Asian-Pac-Islander,Female,17500,762,91,Cambodia,0.470232,NEGATIVE
13,Self-emp-not-inc,12th,2,Divorced,Sales,Own-child,Asian-Pac-Islander,Male,17500,762,91,Cambodia,0.502129,POSITIVE
10,Self-emp-not-inc,12th,9,Married-civ-spouse,Craft-repair,Wife,White,Female,17500,108,90,United-States,0.483754,NEGATIVE
10,Self-emp-not-inc,12th,9,Married-civ-spouse,Craft-repair,Wife,White,Male,17500,108,90,United-States,0.515676,POSITIVE
13,Private,7th-8th,1,Married-civ-spouse,Tech-support,Wife,White,Female,17500,762,76,United-States,0.472499,NEGATIVE
13,Private,7th-8th,1,Married-civ-spouse,Tech-support,Wife,White,Male,17500,762,76,United-States,0.504404,POSITIVE
10,Self-emp-not-inc,Some-college,3,Divorced,Sales,Own-child,Asian-Pac-Islander,Female,17500,326,91,India,0.474959,NEGATIVE
10,Self-emp-not-inc,Some-college,3,Divorced,Sales,Own-child,Asian-Pac-Islander,Male,17500,326,91,India,0.506870,POSITIVE
10,Self-emp-not-inc,Some-college,2,Divorced,Sales,Own-child,Asian-Pac-Islander,Female,17500,762,78,India,0.479842,NEGATIVE
10,Self-emp-not-inc,Some-college,2,Divorced,Sales,Own-child,Asian-Pac-Islander,Male,17500,762,78,India,0.511761,POSITIVE
13,Self-emp-inc,11th,5,Divorced,Exec-managerial,Own-child,Asian-Pac-Islander,Female,17500,326,92,Cambodia,0.477924,NEGATIVE
13,Self-emp-inc,11th,5,Divorced,Exec-managerial,Own-child,Asian-Pac-Islander,Male,17500,326,92,Cambodia,0.509841,POSITIVE
10,Self-emp-inc,HS-grad,11,Divorced,Prof-specialty,Husband,Amer-Indian-Eskimo,Female,17500,544,93,England,0.477247,NEGATIVE
10,Self-emp-inc,HS-grad,11,Divorced,Prof-specialty,Husband,Amer-Indian-Eskimo,Male,17500,544,93,England,0.509163,POSITIVE
11,Federal-gov,Prof-school,4,Never-married,Machine-op-inspct,Not-in-family,Amer-Indian-Eskimo,Female,22500,326,94,Puerto-Rico,0.498575,NEGATIVE
11,Federal-gov,Prof-school,4,Never-married,Machine-op-inspct,Not-in-family,Amer-Indian-Eskimo,Male,22500,326,94,Puerto-Rico,0.530470,POSITIVE
13,Self-emp-not-inc,Some-college,2,Married-civ-spouse,Craft-repair,Wife,White,Female,17500,108,77,United-States,0.492737,NEGATIVE
13,Self-emp-not-inc,Some-college,2,Married-civ-spouse,Craft-repair,Wife,White,Male,17500,108,77,United-States,0.524649,POSITIVE
10,Self-emp-not-inc,12th,2,Married-civ-spouse,Craft-repair,Wife,White,Female,17500,1197,65,United-States,0.497212,NEGATIVE
10,Self-emp-not-inc,12th,2,Married-civ-spouse,Craft-repair,Wife,White,Male,17500,1197,65,United-States,0.529111,POSITIVE
10,Self-emp-inc,11th,3,Divorced,Exec-managerial,Own-child,Asian-Pac-Islander,Female,17500,1851,67,India,0.485570,NEGATIVE
10,Self-emp-inc,11th,3,Divorced,Exec-managerial,Own-child,Asian-Pac-Islander,Male,17500,1851,67,India,0.517491,POSITIVE
13,Self-emp-not-inc,Some-college,3,Divorced,Sales,Own-child,Asian-Pac-Islander,Female,17500,1415,66,Cambodia,0.495401,NEGATIVE
13,Self-emp-not-inc,Some-college,3,Divorced,Sales,Own-child,Asian-Pac-Islander,Male,17500,1415,66,Cambodia,0.527306,POSITIVE
10,Self-emp-inc,HS-grad,11,Divorced,Prof-specialty,Husband,Amer-Indian-Eskimo,Female,17500,1851,68,England,0.484263,NEGATIVE
10,Self-emp-inc,HS-grad,11,Divorced,Prof-specialty,Husband,Amer-Indian-Eskimo,Male,17500,1851,68,England,0.516184,POSITIVE
10,Self-emp-not-inc,Some-college,10,Divorced,Sales,Own-child,Asian-Pac-Islander,Female,17500,1851,53,Cambodia,0.480683,NEGATIVE
10,Self-emp-not-inc,Some-college,10,Divorced,Sales,Own-child,Asian-Pac-Islander,Male,17500,1851,53,Cambodia,0.512603,POSITIVE
10,Self-emp-not-inc,Some-college,2,Divorced,Sales,Own-child,Asian-Pac-Islander,Female,17500,1415,53,Cambodia,0.494074,NEGATIVE
10,Self-emp-not-inc,Some-college,2,Divorced,Sales,Own-child,Asian-Pac-Islander,Male,17500,1415,53,Cambodia,0.525982,POSITIVE
10,Private,7th-8th,1,Married-civ-spouse,Tech-support,Wife,White,Female,17500,762,64,United-States,0.496232,NEGATIVE
10,Private,7th-8th,1,Married-civ-spouse,Tech-support,Wife,White,Male,17500,762,64,United-States,0.528134,POSITIVE
10,Private,Bachelors,1,Married-civ-spouse,Tech-support,Wife,White,Female,17500,762,64,Outlying-US(Guam-USVI-etc),0.473893,NEGATIVE
10,Private,Bachelors,1,Married-civ-spouse,Tech-support,Wife,White,Male,17500,762,64,Outlying-US(Guam-USVI-etc),0.505801,POSITIVE
10,Self-emp-not-inc,Some-college,1,Married-civ-spouse,Craft-repair,Wife,White,Female,17500,108,65,United-States,0.495164,NEGATIVE
10,Self-emp-not-inc,Some-college,1,Married-civ-spouse,Craft-repair,Wife,White,Male,17500,108,65,United-States,0.527069,POSITIVE
13,Self-emp-not-inc,Some-college,1,Married-civ-spouse,Craft-repair,Wife,White,Female,17500,4029,40,China,0.495668,NEGATIVE
13,Self-emp-not-inc,Some-college,1,Married-civ-spouse,Craft-repair,Wife,White,Male,17500,4029,40,China,0.527573,POSITIVE
10,Self-emp-not-inc,Some-college,2,Married-civ-spouse,Craft-repair,Wife,White,Female,17500,3375,40,China,0.480162,NEGATIVE
10,Self-emp-not-inc,Some-college,2,Married-civ-spouse,Craft-repair,Wife,White,Male,17500,3375,40,China,0.512081,POSITIVE
16,Self-emp-not-inc,12th,1,Married-civ-spouse,Craft-repair,Wife,White,Female,17500,4029,40,United-States,0.473439,NEGATIVE
16,Self-emp-not-inc,12th,1,Married-civ-spouse,Craft-repair,Wife,White,Male,17500,4029,40,United-States,0.505346,POSITIVE
16,Self-emp-not-inc,Some-college,3,Divorced,Sales,Own-child,Asian-Pac-Islander,Female,17500,3593,41,Cambodia,0.488869,NEGATIVE
16,Self-emp-not-inc,Some-college,3,Divorced,Sales,Own-child,Asian-Pac-Islander,Male,17500,3593,41,Cambodia,0.520788,POSITIVE
10,Self-emp-inc,Masters,5,Divorced,Exec-managerial,Own-child,Asian-Pac-Islander,Female,17500,3593,42,Cambodia,0.493198,NEGATIVE
10,Self-emp-inc,Masters,5,Divorced,Exec-managerial,Own-child,Asian-Pac-Islander,Male,17500,3593,42,Cambodia,0.525109,POSITIVE
10,Self-emp-not-inc,12th,1,Married-civ-spouse,Craft-repair,Wife,White,Female,17500,3375,27,United-States,0.483768,NEGATIVE
10,Self-emp-not-inc,12th,1,Married-civ-spouse,Craft-repair,Wife,White,Male,17500,3375,27,United-States,0.515689,POSITIVE
11,Self-emp-inc,11th,5,Divorced,Exec-managerial,Own-child,Asian-Pac-Islander,Female,17500,3593,33,Puerto-Rico,0.493762,NEGATIVE
11,Self-emp-inc,11th,5,Divorced,Exec-managerial,Own-child,Asian-Pac-Islander,Male,17500,3593,33,Puerto-Rico,0.525671,POSITIVE
10,Private,7th-8th,1,Married-civ-spouse,Tech-support,Wife,White,Female,17500,2286,39,United-States,0.481930,NEGATIVE
10,Private,7th-8th,1,Married-civ-spouse,Tech-support,Wife,White,Male,17500,2286,39,United-States,0.513851,POSITIVE
13,Self-emp-not-inc,Some-college,1,Married-civ-spouse,Craft-repair,Wife,White,Female,17500,2286,40,United-States,0.488632,NEGATIVE
13,Self-emp-not-inc,Some-college,1,Married-civ-spouse,Craft-repair,Wife,White,Male,17500,2286,40,United-States,0.520551,POSITIVE
10,Self-emp-inc,11th,11,Divorced,Exec-managerial,Own-child,Asian-Pac-Islander,Female,17500,2940,42,Cambodia,0.494009,NEGATIVE
10,Self-emp-inc,11th,11,Divorced,Exec-managerial,Own-child,Asian-Pac-Islander,Male,17500,2940,42,Cambodia,0.525917,POSITIVE
10,Self-emp-inc,11th,3,Divorced,Exec-managerial,Own-child,Asian-Pac-Islander,Female,17500,2504,42,Cambodia,0.475425,NEGATIVE
10,Self-emp-inc,11th,3,Divorced,Exec-managerial,Own-child,Asian-Pac-Islander,Male,17500,2504,42,Cambodia,0.507337,POSITIVE
10,Self-emp-not-inc,Some-college,9,Married-civ-spouse,Craft-repair,Wife,White,Female,17500,2940,27,United-States,0.493355,NEGATIVE
10,Self-emp-not-inc,Some-college,9,Married-civ-spouse,Craft-repair,Wife,White,Male,17500,2940,27,United-States,0.525265,POSITIVE
45,Local-gov,Bachelors,1,Married-AF-spouse,Tech-support,Wife,Other,Female,12500,3375,51,Portugal,0.439084,NEGATIVE
45,Local-gov,Bachelors,1,Married-AF-spouse,Tech-support,Wife,Other,Male,12500,3375,51,Portugal,0.502129,POSITIVE
34,Local-gov,Some-college,1,Married-AF-spouse,Craft-repair,Wife,White,Female,12500,3375,55,France,0.454150,NEGATIVE
34,Local-gov,Some-college,1,Married-AF-spouse,Craft-repair,Wife,White,Male,12500,3375,55,France,0.575871,POSITIVE
35,Self-emp-inc,HS-grad,1,Married-AF-spouse,Sales,Own-child,Other,Female,12500,3375,60,Laos,0.449298,NEGATIVE
35,Self-emp-inc,HS-grad,1,Married-AF-spouse,Sales,Own-child,Other,Male,12500,3375,60,Laos,0.552383,POSITIVE
35,Local-gov,Some-college,5,Married-AF-spouse,Craft-repair,Wife,White,Female,12500,2286,55,France,0.448504,NEGATIVE
35,Local-gov,Some-college,5,Married-AF-spouse,Craft-repair,Wife,White,Male,12500,2286,55,France,0.548509,POSITIVE
36,Self-emp-inc,Prof-school,5,Married-AF-spouse,Exec-managerial,Own-child,Other,Female,12500,2504,65,Taiwan,0.452034,NEGATIVE
36,Self-emp-inc,Prof-school,5,Married-AF-spouse,Exec-managerial,Own-child,Other,Male,12500,2504,65,Taiwan,0.565671,POSITIVE
50,Without-pay,10th,3,Married-AF-spouse,Transport-moving,Other-relative,Other,Female,12500,2940,90,El-Salvador,0.443877,NEGATIVE
50,Without-pay,10th,3,Married-AF-spouse,Transport-moving,Other-relative,Other,Male,12500,2940,90,El-Salvador,0.525806,POSITIVE
45,Self-emp-inc,Some-college,1,Married-AF-spouse,Craft-repair,Wife,Other,Female,12500,2940,55,France,0.456513,NEGATIVE
45,Self-emp-inc,Some-college,1,Married-AF-spouse,Craft-repair,Wife,Other,Male,12500,2940,55,France,0.587181,POSITIVE
47,Self-emp-inc,Prof-school,3,Married-AF-spouse,Exec-managerial,Own-child,Other,Female,12500,2504,65,Taiwan,0.469535,NEGATIVE
47,Self-emp-inc,Prof-school,3,Married-AF-spouse,Exec-managerial,Own-child,Other,Male,12500,2504,65,Taiwan,0.612211,POSITIVE
52,Self-emp-inc,10th,1,Married-AF-spouse,Transport-moving,Other-relative,Other,Female,12500,2722,90,El-Salvador,0.473109,NEGATIVE
52,Self-emp-inc,10th,1,Married-AF-spouse,Transport-moving,Other-relative,Other,Male,12500,2722,90,El-Salvador,0.615611,POSITIVE
37,Self-emp-not-inc,Assoc-voc,2,Married-AF-spouse,Prof-specialty,Husband,Amer-Indian-Eskimo,Female,12500,2722,70,Columbia,0.443439,NEGATIVE
37,Self-emp-not-inc,Assoc-voc,2,Married-AF-spouse,Prof-specialty,Husband,Amer-Indian-Eskimo,Male,12500,2722,70,Columbia,0.523652,POSITIVE
37,State-gov,Assoc-voc,1,Married-spouse-absent,Prof-specialty,Husband,Other,Female,12500,2504,70,Columbia,0.456818,NEGATIVE
37,State-gov,Assoc-voc,1,Married-spouse-absent,Prof-specialty,Husband,Other,Male,12500,2504,70,Columbia,0.588631,POSITIVE
45,Local-gov,Bachelors,5,Married-AF-spouse,Tech-support,Wife,Other,Female,12500,2286,51,United-States,0.494753,NEGATIVE
45,Local-gov,Bachelors,5,Married-AF-spouse,Tech-support,Wife,Other,Male,12500,2286,51,United-States,0.635906,POSITIVE
50,State-gov,12th,2,Married-AF-spouse,Adm-clerical,Not-in-family,Amer-Indian-Eskimo,Female,12500,2722,80,Cuba,0.498555,NEGATIVE
50,State-gov,12th,2,Married-AF-spouse,Adm-clerical,Not-in-family,Amer-Indian-Eskimo,Male,12500,2722,80,Cuba,0.639419,POSITIVE
45,Self-emp-inc,Some-college,3,Married-AF-spouse,Craft-repair,Wife,Other,Female,12500,2286,55,England,0.465997,NEGATIVE
45,Self-emp-inc,Some-college,3,Married-AF-spouse,Craft-repair,Wife,Other,Male,12500,2286,55,England,0.608832,POSITIVE
50,Self-emp-inc,7th-8th,1,Married-AF-spouse,Machine-op-inspct,Not-in-family,Black,Female,12500,2504,75,South,0.446508,NEGATIVE
50,Self-emp-inc,7th-8th,1,Married-AF-spouse,Machine-op-inspct,Not-in-family,Black,Male,12500,2504,75,South,0.538739,POSITIVE
45,Self-emp-inc,Some-college,1,Married-AF-spouse,Craft-repair,Wife,White,Female,12500,2286,55,England,0.445387,NEGATIVE
45,Self-emp-inc,Some-college,1,Married-AF-spouse,Craft-repair,Wife,White,Male,12500,2286,55,England,0.533240,POSITIVE
34,Local-gov,Some-college,1,Married-AF-spouse,Craft-repair,Wife,White,Female,12500,3375,53,England,0.457975,NEGATIVE
34,Local-gov,Some-college,1,Married-AF-spouse,Craft-repair,Wife,White,Male,12500,3375,53,England,0.594127,POSITIVE
41,Without-pay,10th,5,Married-AF-spouse,Transport-moving,Other-relative,Other,Female,12500,2722,95,Italy,0.466129,NEGATIVE
41,Without-pay,10th,5,Married-AF-spouse,Transport-moving,Other-relative,Other,Male,12500,2722,95,Italy,0.608958,POSITIVE
36,Self-emp-inc,Prof-school,1,Married-AF-spouse,Exec-managerial,Own-child,Asian-Pac-Islander,Female,12500,2504,83,Outlying-US(Guam-USVI-etc),0.468406,NEGATIVE
36,Self-emp-inc,Prof-school,1,Married-AF-spouse,Exec-managerial,Own-child,Asian-Pac-Islander,Male,12500,2504,83,Outlying-US(Guam-USVI-etc),0.611134,POSITIVE
35,Self-emp-not-inc,HS-grad,2,Married-AF-spouse,Sales,Own-child,Asian-Pac-Islander,Female,12500,2504,55,Canada,0.446227,NEGATIVE
35,Self-emp-not-inc,HS-grad,2,Married-AF-spouse,Sales,Own-child,Asian-Pac-Islander,Male,12500,2504,55,Canada,0.537361,POSITIVE
33,Local-gov,Bachelors,9,Married-AF-spouse,Tech-support,Wife,Other,Female,12500,2286,1,United-States,0.447776,NEGATIVE
33,Local-gov,Bachelors,9,Married-AF-spouse,Tech-support,Wife,Other,Male,12500,2286,1,United-States,0.544951,POSITIVE
33,Local-gov,Some-college,5,Married-AF-spouse,Craft-repair,Wife,Other,Female,12500,3375,3,Canada,0.495201,NEGATIVE
33,Local-gov,Some-college,5,Married-AF-spouse,Craft-repair,Wife,Other,Male,12500,3375,3,Canada,0.636320,POSITIVE
47,State-gov,7th-8th,1,Married-AF-spouse,Machine-op-inspct,Not-in-family,Black,Female,12500,4247,13,Mexico,0.490648,NEGATIVE
47,State-gov,7th-8th,1,Married-AF-spouse,Machine-op-inspct,Not-in-family,Black,Male,12500,4247,13,Mexico,0.632095,POSITIVE
46,State-gov,Prof-school,3,Married-AF-spouse,Exec-managerial,Own-child,Other,Female,12500,3593,8,Cuba,0.498246,NEGATIVE
46,State-gov,Prof-school,3,Married-AF-spouse,Exec-managerial,Own-child,Other,Male,12500,3593,8,Cuba,0.639135,POSITIVE
46,Local-gov,HS-grad,1,Married-AF-spouse,Sales,Own-child,Asian-Pac-Islander,Female,12500,3375,10,Japan,0.490601,NEGATIVE
46,Local-gov,HS-grad,1,Married-AF-spouse,Sales,Own-child,Asian-Pac-Islander,Male,12500,3375,10,Japan,0.632050,POSITIVE
39,State-gov,12th,2,Married-AF-spouse,Adm-clerical,Not-in-family,Amer-Indian-Eskimo,Female,12500,3811,30,Dominican-Republic,0.455539,NEGATIVE
39,State-gov,12th,2,Married-AF-spouse,Adm-clerical,Not-in-family,Amer-Indian-Eskimo,Male,12500,3811,30,Dominican-Republic,0.582533,POSITIVE
45,Self-emp-inc,Bachelors,1,Married-AF-spouse,Tech-support,Wife,Other,Female,12500,3375,1,United-States,0.456874,NEGATIVE
45,Self-emp-inc,Bachelors,1,Married-AF-spouse,Tech-support,Wife,Other,Male,12500,3375,1,United-States,0.588901,POSITIVE
33,Self-emp-inc,Bachelors,3,Married-AF-spouse,Tech-support,Wife,Other,Female,12500,3375,1,United-States,0.441380,NEGATIVE
33,Self-emp-inc,Bachelors,3,Married-AF-spouse,Tech-support,Wife,Other,Male,12500,3375,1,United-States,0.513484,POSITIVE
39,Self-emp-inc,12th,1,Married-AF-spouse,Adm-clerical,Not-in-family,Black,Female,12500,3593,30,Dominican-Republic,0.443505,NEGATIVE
39,Self-emp-inc,12th,1,Married-AF-spouse,Adm-clerical,Not-in-family,Black,Male,12500,3593,30,Dominican-Republic,0.523973,POSITIVE
34,Self-emp-inc,Some-college,1,Married-AF-spouse,Craft-repair,Wife,White,Female,12500,3375,5,Canada,0.449633,NEGATIVE
34,Self-emp-inc,Some-college,1,Married-AF-spouse,Craft-repair,Wife,White,Male,12500,3375,5,Canada,0.554015,POSITIVE
45,Local-gov,Bachelors,5,Married-AF-spouse,Tech-support,Wife,White,Female,12500,2286,1,United-States,0.454425,NEGATIVE
45,Local-gov,Bachelors,5,Married-AF-spouse,Tech-support,Wife,White,Male,12500,2286,1,United-States,0.577195,POSITIVE
40,State-gov,Masters,7,Married-AF-spouse,Farming-fishing,Not-in-family,Other,Female,12500,2940,35,Haiti,0.474664,NEGATIVE
40,State-gov,Masters,7,Married-AF-spouse,Farming-fishing,Not-in-family,Other,Male,12500,2940,35,Haiti,0.617085,POSITIVE
45,Self-emp-inc,Some-college,5,Married-AF-spouse,Craft-repair,Wife,Other,Female,12500,2286,5,Canada,0.452235,NEGATIVE
45,Self-emp-inc,Some-college,5,Married-AF-spouse,Craft-repair,Wife,Other,Male,12500,2286,5,Canada,0.566641,POSITIVE
34,Self-emp-inc,Some-college,7,Married-AF-spouse,Craft-repair,Wife,Other,Female,12500,2286,5,Canada,0.438810,NEGATIVE
34,Self-emp-inc,Some-college,7,Married-AF-spouse,Craft-repair,Wife,Other,Male,12500,2286,5,Canada,0.500094,POSITIVE
42,Federal-gov,Doctorate,5,Married-AF-spouse,Protective-serv,Other-relative,Black,Female,12500,2722,45,El-Salvador,0.454946,NEGATIVE
42,Federal-gov,Doctorate,5,Married-AF-spouse,Protective-serv,Other-relative,Black,Male,12500,2722,45,El-Salvador,0.579694,POSITIVE
47,State-gov,Prof-school,3,Married-AF-spouse,Exec-managerial,Own-child,Asian-Pac-Islander,Female,12500,2940,15,Cuba,0.477490,NEGATIVE
47,State-gov,Prof-school,3,Married-AF-spouse,Exec-managerial,Own-child,Asian-Pac-Islander,Male,12500,2940,15,Cuba,0.619758,POSITIVE
52,State-gov,Prof-school,1,Married-AF-spouse,Exec-managerial,Own-child,Asian-Pac-Islander,Female,12500,2940,33,Cuba,0.446949,NEGATIVE
52,State-gov,Prof-school,1,Married-AF-spouse,Exec-managerial,Own-child,Asian-Pac-Islander,Male,12500,2940,33,Cuba,0.540902,POSITIVE
51,Local-gov,Bachelors,3,Married-AF-spouse,Tech-support,Wife,White,Female,12500,2286,26,United-States,0.480340,NEGATIVE
51,Local-gov,Bachelors,3,Married-AF-spouse,Tech-support,Wife,White,Male,12500,2286,26,United-States,0.622447,POSITIVE
39,Local-gov,HS-grad,3,Married-AF-spouse,Sales,Own-child,White,Female,12500,2940,30,Japan,0.463453,NEGATIVE
39,Local-gov,HS-grad,3,Married-AF-spouse,Sales,Own-child,White,Male,12500,2940,30,Japan,0.606393,POSITIVE
47,Self-emp-not-inc,Prof-school,1,Married-AF-spouse,Exec-managerial,Own-child,Asian-Pac-Islander,Female,12500,2504,15,Cuba,0.457341,NEGATIVE
47,Self-emp-not-inc,Prof-school,1,Married-AF-spouse,Exec-managerial,Own-child,Asian-Pac-Islander,Male,12500,2504,15,Cuba,0.591122,POSITIVE
41,Self-emp-inc,10th,3,Married-AF-spouse,Transport-moving,Other-relative,Other,Female,12500,3158,40,Nicaragua,0.455651,NEGATIVE
41,Self-emp-inc,10th,3,Married-AF-spouse,Transport-moving,Other-relative,Other,Male,12500,3158,40,Nicaragua,0.583069,POSITIVE
34,Private,Some-college,1,Married-AF-spouse,Craft-repair,Wife,White,Female,12500,2940,5,Canada,0.439599,NEGATIVE
34,Private,Some-college,1,Married-AF-spouse,Craft-repair,Wife,White,Male,12500,2940,5,Canada,0.504678,POSITIVE
37,Private,Assoc-voc,3,Married-AF-spouse,Prof-specialty,Husband,Asian-Pac-Islander,Female,12500,2504,20,Italy,0.441247,NEGATIVE
37,Private,Assoc-voc,3,Married-AF-spouse,Prof-specialty,Husband,Asian-Pac-Islander,Male,12500,2504,20,Italy,0.512827,POSITIVE
45,Local-gov,Bachelors,1,Married-spouse-absent,Tech-support,Wife,Other,Female,12500,2286,1,United-States,0.441740,NEGATIVE
45,Local-gov,Bachelors,1,Married-spouse-absent,Tech-support,Wife,Other,Male,12500,2286,1,United-States,0.515264,POSITIVE
34,Local-gov,Some-college,1,Married-spouse-absent,Craft-repair,Wife,White,Female,12500,2286,5,Canada,0.451359,NEGATIVE
34,Local-gov,Some-college,1,Married-spouse-absent,Craft-repair,Wife,White,Male,12500,2286,5,Canada,0.562402,POSITIVE
35,Self-emp-inc,HS-grad,1,Married-spouse-absent,Sales,Own-child,Other,Female,12500,2286,10,Japan,0.441073,NEGATIVE
35,Self-emp-inc,HS-grad,1,Married-spouse-absent,Sales,Own-child,Other,Male,12500,2286,10,Japan,0.511968,POSITIVE
41,Without-pay,10th,13,Married-AF-spouse,Transport-moving,Other-relative,Black,Female,7500,3811,40,El-Salvador,0.443698,NEGATIVE
41,Without-pay,10th,13,Married-AF-spouse,Transport-moving,Other-relative,Black,Male,7500,3811,40,El-Salvador,0.524924,POSITIVE
39,State-gov,Prof-school,9,Married-AF-spouse,Exec-managerial,Own-child,Asian-Pac-Islander,Female,7500,3593,65,Taiwan,0.456970,NEGATIVE
39,State-gov,Prof-school,9,Married-AF-spouse,Exec-managerial,Own-child,Asian-Pac-Islander,Male,7500,3593,65,Taiwan,0.589357,POSITIVE
53,Without-pay,Doctorate,9,Married-AF-spouse,Protective-serv,Other-relative,Black,Female,7500,4247,45,Peru,0.459889,NEGATIVE
53,Without-pay,Doctorate,9,Married-AF-spouse,Protective-serv,Other-relative,Black,Male,7500,4247,45,Peru,0.602965,POSITIVE
52,Without-pay,10th,11,Married-AF-spouse,Transport-moving,Other-relative,Other,Female,7500,3811,40,El-Salvador,0.442133,NEGATIVE
52,Without-pay,10th,11,Married-AF-spouse,Transport-moving,Other-relative,Other,Male,7500,3811,40,El-Salvador,0.517204,POSITIVE
42,Without-pay,Doctorate,11,Married-AF-spouse,Protective-serv,Other-relative,Black,Female,7500,4247,45,Peru,0.440161,NEGATIVE
42,Without-pay,Doctorate,11,Married-AF-spouse,Protective-serv,Other-relative,Black,Male,7500,4247,45,Peru,0.507460,POSITIVE
34,Private,Some-college,9,Married-AF-spouse,Craft-repair,Wife,Other,Female,7500,3375,55,France,0.443523,NEGATIVE
34,Private,Some-college,9,Married-AF-spouse,Craft-repair,Wife,Other,Male,7500,3375,55,France,0.524066,POSITIVE
45,Private,Bachelors,9,Married-AF-spouse,Tech-support,Wife,Other,Female,7500,3375,1,Portugal,0.444050,NEGATIVE
45,Private,Bachelors,9,Married-AF-spouse,Tech-support,Wife,Other,Male,7500,3375,1,Portugal,0.526660,POSITIVE
34,Private,Some-college,9,Married-AF-spouse,Craft-repair,Wife,White,Female,7500,3375,5,France,0.450085,NEGATIVE
34,Private,Some-college,9,Married-AF-spouse,Craft-repair,Wife,White,Male,7500,3375,5,France,0.556217,POSITIVE
44,State-gov,7th-8th,14,Married-AF-spouse,Machine-op-inspct,Not-in-family,Amer-Indian-Eskimo,Female,7500,2722,50,Guatemala,0.442430,NEGATIVE
44,State-gov,7th-8th,14,Married-AF-spouse,Machine-op-inspct,Not-in-family,Amer-Indian-Eskimo,Male,7500,2722,50,Guatemala,0.518673,POSITIVE
35,Private,Some-college,13,Married-AF-spouse,Craft-repair,Wife,White,Female,7500,2286,10,France,0.491225,NEGATIVE
35,Private,Some-college,13,Married-AF-spouse,Craft-repair,Wife,White,Male,7500,2286,10,France,0.632631,POSITIVE
51,State-gov,Masters,11,Married-AF-spouse,Farming-fishing,Not-in-family,Other,Female,7500,3158,85,Thailand,0.459112,NEGATIVE
51,State-gov,Masters,11,Married-AF-spouse,Farming-fishing,Not-in-family,Other,Male,7500,3158,85,Thailand,0.599502,POSITIVE
44,Self-emp-inc,7th-8th,10,Married-AF-spouse,Machine-op-inspct,Not-in-family,Amer-Indian-Eskimo,Female,7500,2722,75,Guatemala,0.439854,NEGATIVE
44,Self-emp-inc,7th-8th,10,Married-AF-spouse,Machine-op-inspct,Not-in-family,Amer-Indian-Eskimo,Male,7500,2722,75,Guatemala,0.505939,POSITIVE
53,Federal-gov,Doctorate,11,Married-AF-spouse,Protective-serv,Other-relative,Black,Female,7500,3158,45,Peru,0.450876,NEGATIVE
53,Federal-gov,Doctorate,11,Married-AF-spouse,Protective-serv,Other-relative,Black,Male,7500,3158,45,Peru,0.560057,POSITIVE
33,Private,Bachelors,11,Married-AF-spouse,Tech-support,Wife,White,Female,7500,2940,1,Portugal,0.451816,NEGATIVE
33,Private,Bachelors,11,Married-AF-spouse,Tech-support,Wife,White,Male,7500,2940,1,Portugal,0.564614,POSITIVE
50,State-gov,12th,15,Married-AF-spouse,Adm-clerical,Not-in-family,Asian-Pac-Islander,Female,2500,4247,80,Nicaragua,0.439822,NEGATIVE
50,State-gov,12th,15,Married-AF-spouse,Adm-clerical,Not-in-family,Asian-Pac-Islander,Male,2500,4247,80,Nicaragua,0.505781,POSITIVE
50,Self-emp-inc,7th-8th,14,Married-AF-spouse,Machine-op-inspct,Not-in-family,Amer-Indian-Eskimo,Female,2500,3811,75,Guatemala,0.442091,NEGATIVE
50,Self-emp-inc,7th-8th,14,Married-AF-spouse,Machine-op-inspct,Not-in-family,Amer-Indian-Eskimo,Male,2500,3811,75,Guatemala,0.516996,POSITIVE
38,Self-emp-inc,7th-8th,15,Married-AF-spouse,Machine-op-inspct,Not-in-family,Amer-Indian-Eskimo,Female,2500,4247,75,Guatemala,0.487956,NEGATIVE
38,Self-emp-inc,7th-8th,15,Married-AF-spouse,Machine-op-inspct,Not-in-family,Amer-Indian-Eskimo,Male,2500,4247,75,Guatemala,0.629585,POSITIVE
50,Self-emp-inc,7th-8th,15,Married-AF-spouse,Machine-op-inspct,Not-in-family,Amer-Indian-Eskimo,Female,2500,4247,25,Guatemala,0.499241,NEGATIVE
50,Self-emp-inc,7th-8th,15,Married-AF-spouse,Machine-op-inspct,Not-in-family,Amer-Indian-Eskimo,Male,2500,4247,25,Guatemala,0.640051,POSITIVE
33,Local-gov,Bachelors,9,Married-spouse-absent,Tech-support,Wife,White,Female,7500,2286,51,Portugal,0.441303,NEGATIVE
33,Local-gov,Bachelors,9,Married-spouse-absent,Tech-support,Wife,White,Male,7500,2286,51,Portugal,0.513105,POSITIVE
41,State-gov,Assoc-voc,10,Married-spouse-absent,Prof-specialty,Husband,Amer-Indian-Eskimo,Female,7500,2722,20,Columbia,0.488052,NEGATIVE
41,State-gov,Assoc-voc,10,Married-spouse-absent,Prof-specialty,Husband,Amer-Indian-Eskimo,Male,7500,2722,20,Columbia,0.629675,POSITIVE
41,State-gov,Assoc-voc,14,Married-spouse-absent,Prof-specialty,Husband,Amer-Indian-Eskimo,Female,2500,3811,40,Columbia,0.440138,NEGATIVE
41,State-gov,Assoc-voc,14,Married-spouse-absent,Prof-specialty,Husband,Amer-Indian-Eskimo,Male,2500,3811,40,Columbia,0.507346,POSITIVE
34,Private,Some-college,13,Married-spouse-absent,Craft-repair,Wife,White,Female,2500,3375,5,France,0.479193,NEGATIVE
34,Private,Some-college,13,Married-spouse-absent,Craft-repair,Wife,White,Male,2500,3375,5,France,0.621366,POSITIVE
53,Without-pay,Doctorate,15,Married-spouse-absent,Protective-serv,Other-relative,Black,Female,2500,3158,95,Peru,0.441395,NEGATIVE
53,Without-pay,Doctorate,15,Married-spouse-absent,Protective-serv,Other-relative,Black,Male,2500,3158,95,Peru,0.513560,POSITIVE
46,Self-emp-inc,12th,14,Married-spouse-absent,Adm-clerical,Not-in-family,Amer-Indian-Eskimo,Female,2500,2722,60,Nicaragua,0.457483,NEGATIVE
46,Self-emp-inc,12th,14,Married-spouse-absent,Adm-clerical,Not-in-family,Amer-Indian-Eskimo,Male,2500,2722,60,Nicaragua,0.591793,POSITIVE
37,Local-gov,HS-grad,13,Widowed,Sales,Own-child,Asian-Pac-Islander,Female,2500,2504,20,Laos,0.441411,NEGATIVE
37,Local-gov,HS-grad,13,Widowed,Sales,Own-child,Asian-Pac-Islander,Male,2500,2504,20,Laos,0.513637,POSITIVE
52,State-gov,Doctorate,11,Married-spouse-absent,Protective-serv,Other-relative,Black,Female,2500,4247,90,Peru,0.459544,NEGATIVE
52,State-gov,Doctorate,11,Married-spouse-absent,Protective-serv,Other-relative,Black,Male,2500,4247,90,Peru,0.601537,POSITIVE
39,State-gov,Prof-school,9,Widowed,Exec-managerial,Own-child,Asian-Pac-Islander,Female,2500,3593,15,Thailand,0.494368,NEGATIVE
39,State-gov,Prof-school,9,Widowed,Exec-managerial,Own-child,Asian-Pac-Islander,Male,2500,3593,15,Thailand,0.635549,POSITIVE
39,State-gov,12th,10,Widowed,Adm-clerical,Not-in-family,Amer-Indian-Eskimo,Female,2500,3593,30,Ecuador,0.446707,NEGATIVE
39,State-gov,12th,10,Widowed,Adm-clerical,Not-in-family,Amer-Indian-Eskimo,Male,2500,3593,30,Ecuador,0.539717,POSITIVE
47,Self-emp-not-inc,Prof-school,11,Married-spouse-absent,Exec-managerial,Own-child,Asian-Pac-Islander,Female,2500,2940,65,Taiwan,0.478598,NEGATIVE
47,Self-emp-not-inc,Prof-school,11,Married-spouse-absent,Exec-managerial,Own-child,Asian-Pac-Islander,Male,2500,2940,65,Taiwan,0.620804,POSITIVE
44,Federal-gov,7th-8th,10,Widowed,Machine-op-inspct,Not-in-family,Amer-Indian-Eskimo,Female,2500,2722,50,Guatemala,0.441057,NEGATIVE
44,Federal-gov,7th-8th,10,Widowed,Machine-op-inspct,Not-in-family,Amer-Indian-Eskimo,Male,2500,2722,50,Guatemala,0.511891,POSITIVE
53,Without-pay,Doctorate,7,Married-AF-spouse,Protective-serv,Other-relative,Black,Female,7500,4247,95,Peru,0.442090,NEGATIVE
53,Without-pay,Doctorate,7,Married-AF-spouse,Protective-serv,Other-relative,Black,Male,7500,4247,95,Peru,0.516991,POSITIVE
44,Self-emp-inc,7th-8th,6,Married-AF-spouse,Machine-op-inspct,Not-in-family,Amer-Indian-Eskimo,Female,7500,3811,75,Guatemala,0.492727,NEGATIVE
44,Self-emp-inc,7th-8th,6,Married-AF-spouse,Machine-op-inspct,Not-in-family,Amer-Indian-Eskimo,Male,7500,3811,75,Guatemala,0.634027,POSITIVE
52,Federal-gov,Doctorate,7,Married-AF-spouse,Protective-serv,Other-relative,Black,Female,7500,4247,45,Peru,0.454610,NEGATIVE
52,Federal-gov,Doctorate,7,Married-AF-spouse,Protective-serv,Other-relative,Black,Male,7500,4247,45,Peru,0.578083,POSITIVE
46,Self-emp-not-inc,HS-grad,3,Married-AF-spouse,Sales,Own-child,Asian-Pac-Islander,Female,7500,4029,60,Laos,0.457264,NEGATIVE
46,Self-emp-not-inc,HS-grad,3,Married-AF-spouse,Sales,Own-child,Asian-Pac-Islander,Male,7500,4029,60,Laos,0.590752,POSITIVE
45,Private,Some-college,7,Married-AF-spouse,Craft-repair,Wife,White,Female,7500,2940,55,France,0.450768,NEGATIVE
45,Private,Some-college,7,Married-AF-spouse,Craft-repair,Wife,White,Male,7500,2940,55,France,0.559536,POSITIVE
33,Local-gov,Bachelors,5,Married-spouse-absent,Tech-support,Wife,White,Female,7500,3375,51,Portugal,0.499897,NEGATIVE
33,Local-gov,Bachelors,5,Married-spouse-absent,Tech-support,Wife,White,Male,7500,3375,51,Portugal,0.640656,POSITIVE
50,State-gov,12th,5,Married-spouse-absent,Adm-clerical,Not-in-family,Amer-Indian-Eskimo,Female,7500,3593,30,Nicaragua,0.497507,NEGATIVE
50,State-gov,12th,5,Married-spouse-absent,Adm-clerical,Not-in-family,Amer-Indian-Eskimo,Male,7500,3593,30,Nicaragua,0.638452,POSITIVE
38,State-gov,7th-8th,6,Married-spouse-absent,Machine-op-inspct,Not-in-family,Amer-Indian-Eskimo,Female,7500,3811,25,Guatemala,0.447538,NEGATIVE
38,State-gov,7th-8th,6,Married-spouse-absent,Machine-op-inspct,Not-in-family,Amer-Indian-Eskimo,Male,7500,3811,25,Guatemala,0.543786,POSITIVE
50,Without-pay,10th,7,Married-spouse-absent,Transport-moving,Other-relative,Other,Female,7500,2940,80,El-Salvador,0.453607,NEGATIVE
50,Without-pay,10th,7,Married-spouse-absent,Transport-moving,Other-relative,Other,Male,7500,2940,80,El-Salvador,0.573260,POSITIVE
41,Self-emp-not-inc,Assoc-voc,6,Married-spouse-absent,Prof-specialty,Husband,Amer-Indian-Eskimo,Female,7500,2722,40,Columbia,0.450257,NEGATIVE
41,Self-emp-not-inc,Assoc-voc,6,Married-spouse-absent,Prof-specialty,Husband,Amer-Indian-Eskimo,Male,7500,2722,40,Columbia,0.557051,POSITIVE
35,Local-gov,Some-college,5,Widowed,Craft-repair,Wife,White,Female,7500,2286,5,Nicaragua,0.453195,NEGATIVE
35,Local-gov,Some-college,5,Widowed,Craft-repair,Wife,White,Male,7500,2286,5,Nicaragua,0.571277,POSITIVE
34,Local-gov,Some-college,5,Widowed,Craft-repair,Wife,White,Female,7500,2286,5,Ireland,0.458143,NEGATIVE
34,Local-gov,Some-college,5,Widowed,Craft-repair,Wife,White,Male,7500,2286,5,Ireland,0.594920,POSITIVE
46,Local-gov,12th,2,Married-spouse-absent,Adm-clerical,Not-in-family,Amer-Indian-Eskimo,Female,7500,3811,60,Nicaragua,0.463275,NEGATIVE
46,Local-gov,12th,2,Married-spouse-absent,Adm-clerical,Not-in-family,Amer-Indian-Eskimo,Male,7500,3811,60,Nicaragua,0.606222,POSITIVE
33,Local-gov,Bachelors,1,Widowed,Tech-support,Wife,White,Female,7500,3375,1,Portugal,0.442780,NEGATIVE
33,Local-gov,Bachelors,1,Widowed,Tech-support,Wife,White,Male,7500,3375,1,Portugal,0.520402,POSITIVE
45,Private,Bachelors,1,Married-spouse-absent,Tech-support,Wife,White,Female,7500,2940,51,Portugal,0.449413,NEGATIVE
45,Private,Bachelors,1,Married-spouse-absent,Tech-support,Wife,White,Male,7500,2940,51,Portugal,0.552944,POSITIVE
45,Private,Bachelors,3,Married-spouse-absent,Tech-support,Wife,White,Female,7500,2940,1,Portugal,0.445769,NEGATIVE
45,Private,Bachelors,3,Married-spouse-absent,Tech-support,Wife,White,Male,7500,2940,1,Portugal,0.535116,POSITIVE
37,Self-emp-not-inc,HS-grad,1,Widowed,Sales,Own-child,Asian-Pac-Islander,Female,7500,2504,20,Laos,0.442047,NEGATIVE
37,Self-emp-not-inc,HS-grad,1,Widowed,Sales,Own-child,Asian-Pac-Islander,Male,7500,2504,20,Laos,0.516781,POSITIVE
44,Federal-gov,7th-8th,6,Widowed,Machine-op-inspct,Not-in-family,Amer-Indian-Eskimo,Female,2500,3811,50,Guatemala,0.498683,NEGATIVE
44,Federal-gov,7th-8th,6,Widowed,Machine-op-inspct,Not-in-family,Amer-Indian-Eskimo,Male,2500,3811,50,Guatemala,0.639537,POSITIVE
52,Federal-gov,Doctorate,7,Widowed,Protective-serv,Other-relative,Black,Female,2500,3158,90,Peru,0.441537,NEGATIVE
52,Federal-gov,Doctorate,7,Widowed,Protective-serv,Other-relative,Black,Male,2500,3158,90,Peru,0.514264,POSITIVE
48,Self-emp-inc,Masters,3,Widowed,Farming-fishing,Not-in-family,Other,Female,2500,4029,85,Trinadad&Tobago,0.443513,NEGATIVE
48,Self-emp-inc,Masters,3,Widowed,Farming-fishing,Not-in-family,Other,Male,2500,4029,85,Trinadad&Tobago,0.524014,POSITIVE
50,Self-emp-inc,10th,3,Widowed,Transport-moving,Other-relative,Other,Female,2500,4029,90,Haiti,0.459328,NEGATIVE
50,Self-emp-inc,10th,3,Widowed,Transport-moving,Other-relative,Other,Male,2500,4029,90,Haiti,0.600519,POSITIVE
50,State-gov,7th-8th,9,Married-AF-spouse,Machine-op-inspct,Not-in-family,Black,Female,7500,3593,75,South,0.445415,NEGATIVE
50,State-gov,7th-8th,9,Married-AF-spouse,Machine-op-inspct,Not-in-family,Black,Male,7500,3593,75,South,0.533376,POSITIVE
45,Private,Bachelors,9,Married-AF-spouse,Tech-support,Wife,White,Female,7500,2286,51,United-States,0.493656,NEGATIVE
45,Private,Bachelors,9,Married-AF-spouse,Tech-support,Wife,White,Male,7500,2286,51,United-States,0.634889,POSITIVE
45,Local-gov,Some-college,15,Married-AF-spouse,Craft-repair,Wife,White,Female,2500,4029,55,England,0.498964,NEGATIVE
45,Local-gov,Some-college,15,Married-AF-spouse,Craft-repair,Wife,White,Male,2500,4029,55,England,0.639796,POSITIVE
47,Self-emp-not-inc,Prof-school,13,Married-AF-spouse,Exec-managerial,Own-child,Asian-Pac-Islander,Female,2500,3593,65,Outlying-US(Guam-USVI-etc),0.438900,NEGATIVE
47,Self-emp-not-inc,Prof-school,13,Married-AF-spouse,Exec-managerial,Own-child,Asian-Pac-Islander,Male,2500,3593,65,Outlying-US(Guam-USVI-etc),0.501217,POSITIVE
51,State-gov,Masters,11,Married-spouse-absent,Farming-fishing,Not-in-family,Other,Female,2500,4029,85,Honduras,0.445730,NEGATIVE
51,State-gov,Masters,11,Married-spouse-absent,Farming-fishing,Not-in-family,Other,Male,2500,4029,85,Honduras,0.534921,POSITIVE
51,Self-emp-inc,Masters,9,Married-spouse-absent,Farming-fishing,Not-in-family,Other,Female,2500,3593,85,Honduras,0.495694,NEGATIVE
51,Self-emp-inc,Masters,9,Married-spouse-absent,Farming-fishing,Not-in-family,Other,Male,2500,3593,85,Honduras,0.636776,POSITIVE
52,Without-pay,10th,15,Married-spouse-absent,Transport-moving,Other-relative,Other,Female,2500,2940,90,Italy,0.456324,NEGATIVE
52,Without-pay,10th,15,Married-spouse-absent,Transport-moving,Other-relative,Other,Male,2500,2940,90,Italy,0.586280,POSITIVE
50,Self-emp-inc,7th-8th,13,Married-spouse-absent,Machine-op-inspct,Not-in-family,Amer-Indian-Eskimo,Female,2500,2504,75,South,0.476217,NEGATIVE
50,Self-emp-inc,7th-8th,13,Married-spouse-absent,Machine-op-inspct,Not-in-family,Amer-Indian-Eskimo,Male,2500,2504,75,South,0.618555,POSITIVE
50,Self-emp-inc,12th,11,Married-spouse-absent,Adm-clerical,Not-in-family,Amer-Indian-Eskimo,Female,2500,3158,80,Cuba,0.456049,NEGATIVE
50,Self-emp-inc,12th,11,Married-spouse-absent,Adm-clerical,Not-in-family,Amer-Indian-Eskimo,Male,2500,3158,80,Cuba,0.584969,POSITIVE
47,State-gov,Prof-school,9,Widowed,Exec-managerial,Own-child,Asian-Pac-Islander,Female,2500,2504,65,Outlying-US(Guam-USVI-etc),0.472550,NEGATIVE
47,State-gov,Prof-school,9,Widowed,Exec-managerial,Own-child,Asian-Pac-Islander,Male,2500,2504,65,Outlying-US(Guam-USVI-etc),0.615079,POSITIVE
34,Local-gov,Some-college,9,Married-AF-spouse,Craft-repair,Wife,White,Female,7500,3375,78,Cuba,0.441490,NEGATIVE
34,Local-gov,Some-college,9,Married-AF-spouse,Craft-repair,Wife,White,Male,7500,3375,78,Cuba,0.514028,POSITIVE
33,Local-gov,Bachelors,9,Married-AF-spouse,Tech-support,Wife,White,Female,7500,3375,76,United-States,0.438914,NEGATIVE
33,Local-gov,Bachelors,9,Married-AF-spouse,Tech-support,Wife,White,Male,7500,3375,76,United-States,0.501286,POSITIVE
37,State-gov,Assoc-voc,10,Married-AF-spouse,Prof-specialty,Husband,Amer-Indian-Eskimo,Female,7500,3811,60,Japan,0.443277,NEGATIVE
37,State-gov,Assoc-voc,10,Married-AF-spouse,Prof-specialty,Husband,Amer-Indian-Eskimo,Male,7500,3811,60,Japan,0.522853,POSITIVE
35,Self-emp-not-inc,HS-grad,13,Married-AF-spouse,Sales,Own-child,Asian-Pac-Islander,Female,2500,4029,80,Iran,0.497200,NEGATIVE
35,Self-emp-not-inc,HS-grad,13,Married-AF-spouse,Sales,Own-child,Asian-Pac-Islander,Male,2500,4029,80,Iran,0.638168,POSITIVE
43,Federal-gov,Doctorate,15,Married-AF-spouse,Protective-serv,Other-relative,Black,Female,2500,4247,97,Greece,0.441687,NEGATIVE
43,Federal-gov,Doctorate,15,Married-AF-spouse,Protective-serv,Other-relative,Black,Male,2500,4247,97,Greece,0.515000,POSITIVE
38,Self-emp-inc,7th-8th,15,Married-AF-spouse,Machine-op-inspct,Not-in-family,Amer-Indian-Eskimo,Female,2500,4247,63,South,0.482221,NEGATIVE
38,Self-emp-inc,7th-8th,15,Married-AF-spouse,Machine-op-inspct,Not-in-family,Amer-Indian-Eskimo,Male,2500,4247,63,South,0.624215,POSITIVE
38,Federal-gov,7th-8th,12,Married-AF-spouse,Machine-op-inspct,Not-in-family,Amer-Indian-Eskimo,Female,7500,2722,75,South,0.491235,NEGATIVE
38,Federal-gov,7th-8th,12,Married-AF-spouse,Machine-op-inspct,Not-in-family,Amer-Indian-Eskimo,Male,7500,2722,75,South,0.632641,POSITIVE
33,Local-gov,Bachelors,13,Married-spouse-absent,Tech-support,Wife,White,Female,2500,3375,76,China,0.478296,NEGATIVE
33,Local-gov,Bachelors,13,Married-spouse-absent,Tech-support,Wife,White,Male,2500,3375,76,China,0.620519,POSITIVE
35,Self-emp-not-inc,HS-grad,9,Married-spouse-absent,Sales,Own-child,Asian-Pac-Islander,Female,2500,3593,80,Iran,0.441638,NEGATIVE
35,Self-emp-not-inc,HS-grad,9,Married-spouse-absent,Sales,Own-child,Asian-Pac-Islander,Male,2500,3593,80,Iran,0.514759,POSITIVE
42,State-gov,Doctorate,11,Married-spouse-absent,Protective-serv,Other-relative,Black,Female,2500,4247,97,Greece,0.440485,NEGATIVE
42,State-gov,Doctorate,11,Married-spouse-absent,Protective-serv,Other-relative,Black,Male,2500,4247,97,Greece,0.509059,POSITIVE
35,Local-gov,HS-grad,13,Married-spouse-absent,Sales,Own-child,Asian-Pac-Islander,Female,2500,3593,55,Canada,0.439952,NEGATIVE
35,Local-gov,HS-grad,13,Married-spouse-absent,Sales,Own-child,Asian-Pac-Islander,Male,2500,3593,55,Canada,0.506424,POSITIVE
40,Local-gov,Masters,11,Married-spouse-absent,Farming-fishing,Not-in-family,Other,Female,2500,4029,67,Honduras,0.448116,NEGATIVE
40,Local-gov,Masters,11,Married-spouse-absent,Farming-fishing,Not-in-family,Other,Male,2500,4029,67,Honduras,0.546615,POSITIVE
34,Self-emp-not-inc,Some-college,9,Widowed,Craft-repair,Wife,White,Female,2500,2286,55,England,0.493509,NEGATIVE
34,Self-emp-not-inc,Some-college,9,Widowed,Craft-repair,Wife,White,Male,2500,2286,55,England,0.634752,POSITIVE
39,State-gov,12th,13,Married-AF-spouse,Adm-clerical,Not-in-family,Black,Female,7500,3593,30,Cuba,0.455942,NEGATIVE
39,State-gov,12th,13,Married-AF-spouse,Adm-clerical,Not-in-family,Black,Male,7500,3593,30,Cuba,0.584458,POSITIVE
47,State-gov,Prof-school,9,Married-AF-spouse,Exec-managerial,Own-child,Asian-Pac-Islander,Female,7500,3593,15,Outlying-US(Guam-USVI-etc),0.453733,NEGATIVE
47,State-gov,Prof-school,9,Married-AF-spouse,Exec-managerial,Own-child,Asian-Pac-Islander,Male,7500,3593,15,Outlying-US(Guam-USVI-etc),0.573867,POSITIVE
42,Without-pay,Doctorate,11,Married-AF-spouse,Protective-serv,Other-relative,Black,Female,7500,4247,45,Jamaica,0.485614,NEGATIVE
42,Without-pay,Doctorate,11,Married-AF-spouse,Protective-serv,Other-relative,Black,Male,7500,4247,45,Jamaica,0.627397,POSITIVE
34,Private,Some-college,9,Married-AF-spouse,Craft-repair,Wife,White,Female,7500,3375,5,England,0.484219,NEGATIVE
34,Private,Some-college,9,Married-AF-spouse,Craft-repair,Wife,White,Male,7500,3375,5,England,0.626090,POSITIVE
33,Private,Bachelors,13,Married-AF-spouse,Tech-support,Wife,White,Female,7500,2286,1,United-States,0.447553,NEGATIVE
33,Private,Bachelors,13,Married-AF-spouse,Tech-support,Wife,White,Male,7500,2286,1,United-States,0.543862,POSITIVE
51,Self-emp-inc,Masters,11,Married-AF-spouse,Farming-fishing,Not-in-family,Other,Female,7500,2940,35,Honduras,0.446635,NEGATIVE
51,Self-emp-inc,Masters,11,Married-AF-spouse,Farming-fishing,Not-in-family,Other,Male,7500,2940,35,Honduras,0.539362,POSITIVE
36,Self-emp-not-inc,Prof-school,11,Married-AF-spouse,Exec-managerial,Own-child,Asian-Pac-Islander,Female,7500,2940,15,Outlying-US(Guam-USVI-etc),0.450733,NEGATIVE
36,Self-emp-not-inc,Prof-school,11,Married-AF-spouse,Exec-managerial,Own-child,Asian-Pac-Islander,Male,7500,2940,15,Outlying-US(Guam-USVI-etc),0.559362,POSITIVE
52,Self-emp-inc,10th,15,Married-AF-spouse,Transport-moving,Other-relative,Other,Female,2500,4247,40,Italy,0.459733,NEGATIVE
52,Self-emp-inc,10th,15,Married-AF-spouse,Transport-moving,Other-relative,Other,Male,2500,4247,40,Italy,0.602426,POSITIVE
39,State-gov,Prof-school,9,Married-spouse-absent,Exec-managerial,Own-child,Asian-Pac-Islander,Female,7500,2504,15,Outlying-US(Guam-USVI-etc),0.458863,NEGATIVE
39,State-gov,Prof-school,9,Married-spouse-absent,Exec-managerial,Own-child,Asian-Pac-Islander,Male,7500,2504,15,Outlying-US(Guam-USVI-etc),0.598328,POSITIVE
44,State-gov,7th-8th,14,Married-spouse-absent,Machine-op-inspct,Not-in-family,Amer-Indian-Eskimo,Female,2500,3811,25,South,0.494077,NEGATIVE
44,State-gov,7th-8th,14,Married-spouse-absent,Machine-op-inspct,Not-in-family,Amer-Indian-Eskimo,Male,2500,3811,25,South,0.635279,POSITIVE
40,Self-emp-inc,Masters,13,Married-spouse-absent,Farming-fishing,Not-in-family,Other,Female,2500,3593,35,Honduras,0.467358,NEGATIVE
40,Self-emp-inc,Masters,13,Married-spouse-absent,Farming-fishing,Not-in-family,Other,Male,2500,3593,35,Honduras,0.610132,POSITIVE
48,Local-gov,Masters,11,Married-spouse-absent,Farming-fishing,Not-in-family,Other,Female,2500,4029,35,Honduras,0.453911,NEGATIVE
48,Local-gov,Masters,11,Married-spouse-absent,Farming-fishing,Not-in-family,Other,Male,2500,4029,35,Honduras,0.574724,POSITIVE
46,Local-gov,12th,14,Married-spouse-absent,Adm-clerical,Not-in-family,Amer-Indian-Eskimo,Female,2500,2722,30,Cuba,0.486429,NEGATIVE
46,Local-gov,12th,14,Married-spouse-absent,Adm-clerical,Not-in-family,Amer-Indian-Eskimo,Male,2500,2722,30,Cuba,0.628159,POSITIVE
50,State-gov,10th,11,Widowed,Transport-moving,Other-relative,Other,Female,2500,2940,40,Italy,0.457593,NEGATIVE
50,State-gov,10th,11,Widowed,Transport-moving,Other-relative,Other,Male,2500,2940,40,Italy,0.592314,POSITIVE
53,State-gov,Doctorate,7,Married-AF-spouse,Protective-serv,Other-relative,Black,Female,7500,4247,95,Jamaica,0.462611,NEGATIVE
53,State-gov,Doctorate,7,Married-AF-spouse,Protective-serv,Other-relative,Black,Male,7500,4247,95,Jamaica,0.605585,POSITIVE
47,Self-emp-not-inc,Prof-school,7,Married-AF-spouse,Exec-managerial,Own-child,Asian-Pac-Islander,Female,7500,2940,65,Outlying-US(Guam-USVI-etc),0.481067,NEGATIVE
47,Self-emp-not-inc,Prof-school,7,Married-AF-spouse,Exec-managerial,Own-child,Asian-Pac-Islander,Male,7500,2940,65,Outlying-US(Guam-USVI-etc),0.623131,POSITIVE
51,State-gov,Masters,3,Married-spouse-absent,Farming-fishing,Not-in-family,Other,Female,7500,3593,85,Honduras,0.457612,NEGATIVE
51,State-gov,Masters,3,Married-spouse-absent,Farming-fishing,Not-in-family,Other,Male,7500,3593,85,Honduras,0.592406,POSITIVE
48,State-gov,Assoc-voc,6,Married-spouse-absent,Prof-specialty,Husband,Amer-Indian-Eskimo,Female,7500,2722,70,Japan,0.446420,NEGATIVE
48,State-gov,Assoc-voc,6,Married-spouse-absent,Prof-specialty,Husband,Amer-Indian-Eskimo,Male,7500,2722,70,Japan,0.538311,POSITIVE
52,Self-emp-inc,10th,3,Married-spouse-absent,Transport-moving,Other-relative,Other,Female,7500,2940,90,Italy,0.456964,NEGATIVE
52,Self-emp-inc,10th,3,Married-spouse-absent,Transport-moving,Other-relative,Other,Male,7500,2940,90,Italy,0.589330,POSITIVE
51,Self-emp-inc,Masters,7,Married-spouse-absent,Farming-fishing,Not-in-family,Other,Female,2500,4247,85,Honduras,0.471844,NEGATIVE
51,Self-emp-inc,Masters,7,Married-spouse-absent,Farming-fishing,Not-in-family,Other,Male,2500,4247,85,Honduras,0.614408,POSITIVE
46,Local-gov,HS-grad,5,Widowed,Sales,Own-child,Asian-Pac-Islander,Female,2500,3593,60,Canada,0.451821,NEGATIVE
46,Local-gov,HS-grad,5,Widowed,Sales,Own-child,Asian-Pac-Islander,Male,2500,3593,60,Canada,0.564640,POSITIVE
50,Self-emp-inc,7th-8th,2,Widowed,Machine-op-inspct,Not-in-family,Amer-Indian-Eskimo,Female,2500,3811,75,South,0.452224,NEGATIVE
50,Self-emp-inc,7th-8th,2,Widowed,Machine-op-inspct,Not-in-family,Amer-Indian-Eskimo,Male,2500,3811,75,South,0.566590,POSITIVE
50,Self-emp-inc,12th,6,Widowed,Adm-clerical,Not-in-family,Amer-Indian-Eskimo,Female,2500,2722,80,Cuba,0.453771,NEGATIVE
50,Self-emp-inc,12th,6,Widowed,Adm-clerical,Not-in-family,Amer-Indian-Eskimo,Male,2500,2722,80,Cuba,0.574050,POSITIVE
38,Self-emp-inc,7th-8th,6,Married-AF-spouse,Machine-op-inspct,Not-in-family,Amer-Indian-Eskimo,Female,7500,3811,88,Italy,0.454701,NEGATIVE
38,Self-emp-inc,7th-8th,6,Married-AF-spouse,Machine-op-inspct,Not-in-family,Amer-Indian-Eskimo,Male,7500,3811,88,Italy,0.578519,POSITIVE
39,Self-emp-not-inc,HS-grad,5,Married-AF-spouse,Sales,Own-child,Asian-Pac-Islander,Female,7500,3593,80,England,0.453941,NEGATIVE
39,Self-emp-not-inc,HS-grad,5,Married-AF-spouse,Sales,Own-child,Asian-Pac-Islander,Male,7500,3593,80,England,0.574870,POSITIVE
36,Self-emp-inc,Masters,7,Married-AF-spouse,Farming-fishing,Not-in-family,Other,Female,7500,4029,92,India,0.445355,NEGATIVE
36,Self-emp-inc,Masters,7,Married-AF-spouse,Farming-fishing,Not-in-family,Other,Male,7500,4029,92,India,0.533080,POSITIVE
42,Federal-gov,Doctorate,7,Married-AF-spouse,Protective-serv,Other-relative,Black,Female,7500,4247,72,Jamaica,0.482637,NEGATIVE
42,Federal-gov,Doctorate,7,Married-AF-spouse,Protective-serv,Other-relative,Black,Male,7500,4247,72,Jamaica,0.624606,POSITIVE
34,Private,Some-college,7,Married-AF-spouse,Craft-repair,Wife,White,Female,7500,3375,53,England,0.457560,NEGATIVE
34,Private,Some-college,7,Married-AF-spouse,Craft-repair,Wife,White,Male,7500,3375,53,England,0.592160,POSITIVE
37,State-gov,Doctorate,3,Married-spouse-absent,Protective-serv,Other-relative,Black,Female,7500,4247,97,Vietnam,0.450141,NEGATIVE
37,State-gov,Doctorate,3,Married-spouse-absent,Protective-serv,Other-relative,Black,Male,7500,4247,97,Vietnam,0.556487,POSITIVE
37,Without-pay,Doctorate,3,Married-spouse-absent,Protective-serv,Other-relative,Black,Female,7500,4247,97,Greece,0.440214,NEGATIVE
37,Without-pay,Doctorate,3,Married-spouse-absent,Protective-serv,Other-relative,Black,Male,7500,4247,97,Greece,0.507719,POSITIVE
42,State-gov,Doctorate,3,Married-spouse-absent,Protective-serv,Other-relative,Black,Female,7500,4247,72,Jamaica,0.447451,NEGATIVE
42,State-gov,Doctorate,3,Married-spouse-absent,Protective-serv,Other-relative,Black,Male,7500,4247,72,Jamaica,0.543362,POSITIVE
35,Self-emp-not-inc,HS-grad,5,Widowed,Sales,Own-child,Asian-Pac-Islander,Female,2500,3593,80,Iran,0.455716,NEGATIVE
35,Self-emp-not-inc,HS-grad,5,Widowed,Sales,Own-child,Asian-Pac-Islander,Male,2500,3593,80,Iran,0.583379,POSITIVE
33,Self-emp-not-inc,HS-grad,5,Widowed,Sales,Own-child,Asian-Pac-Islander,Female,2500,3593,80,England,0.464703,NEGATIVE
33,Self-emp-not-inc,HS-grad,5,Widowed,Sales,Own-child,Asian-Pac-Islander,Male,2500,3593,80,England,0.607592,POSITIVE
34,Self-emp-not-inc,Some-college,5,Widowed,Craft-repair,Wife,White,Female,2500,3375,53,England,0.439692,NEGATIVE
34,Self-emp-not-inc,Some-college,5,Widowed,Craft-repair,Wife,White,Male,2500,3375,53,England,0.505137,POSITIVE
42,State-gov,Doctorate,7,Married-spouse-absent,Protective-serv,Other-relative,Black,Female,7500,3158,97,Vietnam,0.483760,NEGATIVE
42,State-gov,Doctorate,7,Married-spouse-absent,Protective-serv,Other-relative,Black,Male,7500,3158,97,Vietnam,0.625660,POSITIVE
37,State-gov,Doctorate,7,Married-spouse-absent,Protective-serv,Other-relative,Black,Female,7500,3158,97,Greece,0.449694,NEGATIVE
37,State-gov,Doctorate,7,Married-spouse-absent,Protective-serv,Other-relative,Black,Male,7500,3158,97,Greece,0.554313,POSITIVE
37,Self-emp-inc,Assoc-voc,2,Widowed,Prof-specialty,Husband,Amer-Indian-Eskimo,Female,7500,2722,85,Japan,0.451221,NEGATIVE
37,Self-emp-inc,Assoc-voc,2,Widowed,Prof-specialty,Husband,Amer-Indian-Eskimo,Male,7500,2722,85,Japan,0.561733,POSITIVE
39,Local-gov,12th,5,Married-spouse-absent,Adm-clerical,Not-in-family,Amer-Indian-Eskimo,Female,7500,2722,65,Cuba,0.459363,NEGATIVE
39,Local-gov,12th,5,Married-spouse-absent,Adm-clerical,Not-in-family,Amer-Indian-Eskimo,Male,7500,2722,65,Cuba,0.600683,POSITIVE
50,Self-emp-inc,10th,7,Married-AF-spouse,Transport-moving,Other-relative,Other,Female,7500,4029,40,Italy,0.455645,NEGATIVE
50,Self-emp-inc,10th,7,Married-AF-spouse,Transport-moving,Other-relative,Other,Male,7500,4029,40,Italy,0.583036,POSITIVE
37,State-gov,Assoc-voc,6,Married-spouse-absent,Prof-specialty,Husband,Amer-Indian-Eskimo,Female,7500,3811,20,Japan,0.468567,NEGATIVE
37,State-gov,Assoc-voc,6,Married-spouse-absent,Prof-specialty,Husband,Amer-Indian-Eskimo,Male,7500,3811,20,Japan,0.611287,POSITIVE
52,State-gov,Doctorate,3,Married-spouse-absent,Protective-serv,Other-relative,Black,Female,7500,4247,45,Jamaica,0.455042,NEGATIVE
52,State-gov,Doctorate,3,Married-spouse-absent,Protective-serv,Other-relative,Black,Male,7500,4247,45,Jamaica,0.580154,POSITIVE
53,Without-pay,Doctorate,7,Married-spouse-absent,Protective-serv,Other-relative,Black,Female,7500,3158,45,Jamaica,0.442418,NEGATIVE
53,Without-pay,Doctorate,7,Married-spouse-absent,Protective-serv,Other-relative,Black,Male,7500,3158,45,Jamaica,0.518612,POSITIVE
44,Self-emp-inc,7th-8th,6,Married-spouse-absent,Machine-op-inspct,Not-in-family,Amer-Indian-Eskimo,Female,7500,2722,25,South,0.499467,NEGATIVE
44,Self-emp-inc,7th-8th,6,Married-spouse-absent,Machine-op-inspct,Not-in-family,Amer-Indian-Eskimo,Male,7500,2722,25,South,0.640260,POSITIVE
40,State-gov,Masters,5,Widowed,Farming-fishing,Not-in-family,Other,Female,7500,2504,35,Honduras,0.499112,NEGATIVE
40,State-gov,Masters,5,Widowed,Farming-fishing,Not-in-family,Other,Male,7500,2504,35,Honduras,0.639933,POSITIVE
46,Self-emp-not-inc,HS-grad,3,Married-spouse-absent,Sales,Own-child,Asian-Pac-Islander,Female,7500,2940,10,Canada,0.459418,NEGATIVE
46,Self-emp-not-inc,HS-grad,3,Married-spouse-absent,Sales,Own-child,Asian-Pac-Islander,Male,7500,2940,10,Canada,0.600944,POSITIVE
37,Self-emp-not-inc,HS-grad,1,Widowed,Sales,Own-child,Asian-Pac-Islander,Female,7500,2504,10,Canada,0.452531,NEGATIVE
37,Self-emp-not-inc,HS-grad,1,Widowed,Sales,Own-child,Asian-Pac-Islander,Male,7500,2504,10,Canada,0.568074,POSITIVE
48,Local-gov,Masters,7,Widowed,Farming-fishing,Not-in-family,Other,Female,2500,4029,35,Honduras,0.461816,NEGATIVE
48,Local-gov,Masters,7,Widowed,Farming-fishing,Not-in-family,Other,Male,2500,4029,35,Honduras,0.604820,POSITIVE
50,Self-emp-inc,7th-8th,7,Widowed,Machine-op-inspct,Not-in-family,Amer-Indian-Eskimo,Female,2500,3158,25,South,0.451300,NEGATIVE
50,Self-emp-inc,7th-8th,7,Widowed,Machine-op-inspct,Not-in-family,Amer-Indian-Eskimo,Male,2500,3158,25,South,0.562114,POSITIVE
50,Self-emp-inc,12th,3,Widowed,Adm-clerical,Not-in-family,Amer-Indian-Eskimo,Female,2500,4247,30,Cuba,0.457536,NEGATIVE
50,Self-emp-inc,12th,3,Widowed,Adm-clerical,Not-in-family,Amer-Indian-Eskimo,Male,2500,4247,30,Cuba,0.592044,POSITIVE
24,State-gov,Prof-school,9,Married-AF-spouse,Exec-managerial,Own-child,Other,Female,12500,2504,65,Taiwan,0.455882,NEGATIVE
24,State-gov,Prof-school,9,Married-AF-spouse,Exec-managerial,Own-child,Other,Male,12500,2504,65,Taiwan,0.584170,POSITIVE
10,Private,Bachelors,13,Married-AF-spouse,Tech-support,Wife,White,Female,12500,3375,89,Portugal,0.472421,NEGATIVE
10,Private,Bachelors,13,Married-AF-spouse,Tech-support,Wife,White,Male,12500,3375,89,Portugal,0.504326,POSITIVE
10,Local-gov,Bachelors,9,Married-AF-spouse,Tech-support,Wife,White,Female,12500,2286,76,Guatemala,0.459010,NEGATIVE
10,Local-gov,Bachelors,9,Married-AF-spouse,Tech-support,Wife,White,Male,12500,2286,76,Guatemala,0.599023,POSITIVE
10,Local-gov,12th,9,Married-AF-spouse,Sales,Own-child,Asian-Pac-Islander,Female,12500,2504,80,France,0.447600,NEGATIVE
10,Local-gov,12th,9,Married-AF-spouse,Sales,Own-child,Asian-Pac-Islander,Male,12500,2504,80,France,0.544088,POSITIVE
13,State-gov,Prof-school,9,Married-AF-spouse,Exec-managerial,Own-child,Asian-Pac-Islander,Female,12500,2504,58,Thailand,0.443655,NEGATIVE
13,State-gov,Prof-school,9,Married-AF-spouse,Exec-managerial,Own-child,Asian-Pac-Islander,Male,12500,2504,58,Thailand,0.524712,POSITIVE
11,State-gov,Assoc-voc,10,Married-AF-spouse,Prof-specialty,Husband,Amer-Indian-Eskimo,Female,12500,2722,60,Laos,0.454883,NEGATIVE
11,State-gov,Assoc-voc,10,Married-AF-spouse,Prof-specialty,Husband,Amer-Indian-Eskimo,Male,12500,2722,60,Laos,0.579391,POSITIVE
22,Self-emp-not-inc,Some-college,9,Widowed,Craft-repair,Wife,White,Female,12500,3375,90,Outlying-US(Guam-USVI-etc),0.482108,NEGATIVE
22,Self-emp-not-inc,Some-college,9,Widowed,Craft-repair,Wife,White,Male,12500,3375,90,Outlying-US(Guam-USVI-etc),0.514029,POSITIVE
11,Self-emp-inc,11th,13,Married-AF-spouse,Exec-managerial,Own-child,Asian-Pac-Islander,Female,12500,3593,83,Honduras,0.492546,NEGATIVE
11,Self-emp-inc,11th,13,Married-AF-spouse,Exec-managerial,Own-child,Asian-Pac-Islander,Male,12500,3593,83,Honduras,0.524458,POSITIVE
17,Self-emp-inc,Prof-school,13,Married-AF-spouse,Exec-managerial,Own-child,Asian-Pac-Islander,Female,12500,3593,83,Puerto-Rico,0.478439,NEGATIVE
17,Self-emp-inc,Prof-school,13,Married-AF-spouse,Exec-managerial,Own-child,Asian-Pac-Islander,Male,12500,3593,83,Puerto-Rico,0.510357,POSITIVE
11,Self-emp-inc,Masters,13,Married-AF-spouse,Exec-managerial,Own-child,Asian-Pac-Islander,Female,12500,3593,83,India,0.476921,NEGATIVE
11,Self-emp-inc,Masters,13,Married-AF-spouse,Exec-managerial,Own-child,Asian-Pac-Islander,Male,12500,3593,83,India,0.508836,POSITIVE
13,State-gov,Assoc-voc,15,Married-AF-spouse,Transport-moving,Other-relative,Other,Female,12500,4029,95,Greece,0.474084,NEGATIVE
13,State-gov,Assoc-voc,15,Married-AF-spouse,Transport-moving,Other-relative,Other,Male,12500,4029,95,Greece,0.505993,POSITIVE
10,Local-gov,HS-grad,9,Married-AF-spouse,Sales,Own-child,Asian-Pac-Islander,Female,12500,3593,80,Iran,0.489486,NEGATIVE
10,Local-gov,HS-grad,9,Married-AF-spouse,Sales,Own-child,Asian-Pac-Islander,Male,12500,3593,80,Iran,0.521403,POSITIVE
11,Self-emp-not-inc,Prof-school,9,Married-AF-spouse,Exec-managerial,Own-child,Asian-Pac-Islander,Female,12500,3593,83,Honduras,0.470996,NEGATIVE
11,Self-emp-not-inc,Prof-school,9,Married-AF-spouse,Exec-managerial,Own-child,Asian-Pac-Islander,Male,12500,3593,83,Honduras,0.502896,POSITIVE
17,State-gov,Prof-school,9,Married-AF-spouse,Exec-managerial,Own-child,Asian-Pac-Islander,Female,12500,3593,83,Puerto-Rico,0.493338,NEGATIVE
17,State-gov,Prof-school,9,Married-AF-spouse,Exec-managerial,Own-child,Asian-Pac-Islander,Male,12500,3593,83,Puerto-Rico,0.525249,POSITIVE
17,Self-emp-not-inc,Assoc-voc,10,Married-AF-spouse,Prof-specialty,Husband,Amer-Indian-Eskimo,Female,12500,3811,85,Canada,0.487285,NEGATIVE
17,Self-emp-not-inc,Assoc-voc,10,Married-AF-spouse,Prof-specialty,Husband,Amer-Indian-Eskimo,Male,12500,3811,85,Canada,0.519205,POSITIVE
13,Self-emp-inc,Doctorate,11,Married-AF-spouse,Farming-fishing,Not-in-family,Other,Female,12500,4029,92,India,0.497053,NEGATIVE
13,Self-emp-inc,Doctorate,11,Married-AF-spouse,Farming-fishing,Not-in-family,Other,Male,12500,4029,92,India,0.528953,POSITIVE
12,Self-emp-not-inc,HS-grad,13,Married-AF-spouse,Sales,Own-child,Asian-Pac-Islander,Female,12500,3593,55,England,0.497814,NEGATIVE
12,Self-emp-not-inc,HS-grad,13,Married-AF-spouse,Sales,Own-child,Asian-Pac-Islander,Male,12500,3593,55,England,0.529711,POSITIVE
10,Private,12th,9,Married-AF-spouse,Craft-repair,Wife,White,Female,12500,3375,53,Cambodia,0.472810,NEGATIVE
10,Private,12th,9,Married-AF-spouse,Craft-repair,Wife,White,Male,12500,3375,53,Cambodia,0.504715,POSITIVE
12,Self-emp-inc,Prof-school,10,Married-AF-spouse,Machine-op-inspct,Not-in-family,Amer-Indian-Eskimo,Female,12500,3811,63,Germany,0.498859,NEGATIVE
12,Self-emp-inc,Prof-school,10,Married-AF-spouse,Machine-op-inspct,Not-in-family,Amer-Indian-Eskimo,Male,12500,3811,63,Germany,0.530753,POSITIVE
11,State-gov,Prof-school,13,Married-AF-spouse,Exec-managerial,Own-child,Asian-Pac-Islander,Female,12500,2504,83,Puerto-Rico,0.492422,NEGATIVE
11,State-gov,Prof-school,13,Married-AF-spouse,Exec-managerial,Own-child,Asian-Pac-Islander,Male,12500,2504,83,Puerto-Rico,0.524335,POSITIVE
11,Self-emp-not-inc,Assoc-voc,14,Married-AF-spouse,Prof-specialty,Husband,Amer-Indian-Eskimo,Female,12500,2722,85,Canada,0.486370,NEGATIVE
11,Self-emp-not-inc,Assoc-voc,14,Married-AF-spouse,Prof-specialty,Husband,Amer-Indian-Eskimo,Male,12500,2722,85,Canada,0.518290,POSITIVE
10,Local-gov,12th,9,Married-AF-spouse,Craft-repair,Wife,White,Female,12500,2286,78,Cuba,0.444304,NEGATIVE
10,Local-gov,12th,9,Married-AF-spouse,Craft-repair,Wife,White,Male,12500,2286,78,Cuba,0.527911,POSITIVE
16,Private,Some-college,9,Married-AF-spouse,Craft-repair,Wife,White,Female,12500,2286,78,Cambodia,0.498801,NEGATIVE
16,Private,Some-college,9,Married-AF-spouse,Craft-repair,Wife,White,Male,12500,2286,78,Cambodia,0.530694,POSITIVE
10,Local-gov,12th,9,Married-AF-spouse,Craft-repair,Wife,White,Female,12500,2286,78,Cambodia,0.476152,NEGATIVE
10,Local-gov,12th,9,Married-AF-spouse,Craft-repair,Wife,White,Male,12500,2286,78,Cambodia,0.502828,POSITIVE
12,State-gov,Prof-school,10,Married-AF-spouse,Machine-op-inspct,Not-in-family,Amer-Indian-Eskimo,Female,12500,2722,88,Germany,0.470130,NEGATIVE
12,State-gov,Prof-school,10,Married-AF-spouse,Machine-op-inspct,Not-in-family,Amer-Indian-Eskimo,Male,12500,2722,88,Germany,0.502027,POSITIVE
10,Local-gov,HS-grad,9,Married-AF-spouse,Sales,Own-child,Asian-Pac-Islander,Female,12500,2504,55,Iran,0.441501,NEGATIVE
10,Local-gov,HS-grad,9,Married-AF-spouse,Sales,Own-child,Asian-Pac-Islander,Male,12500,2504,55,Iran,0.514086,POSITIVE
16,Local-gov,7th-8th,9,Married-AF-spouse,Tech-support,Wife,White,Female,12500,2286,51,United-States,0.449520,NEGATIVE
16,Local-gov,7th-8th,9,Married-AF-spouse,Tech-support,Wife,White,Male,12500,2286,51,United-States,0.553464,POSITIVE
10,Local-gov,Bachelors,9,Married-AF-spouse,Tech-support,Wife,White,Female,12500,2286,51,United-States,0.470557,NEGATIVE
10,Local-gov,Bachelors,9,Married-AF-spouse,Tech-support,Wife,White,Male,12500,2286,51,United-States,0.583246,POSITIVE
11,Self-emp-inc,1st-4th,11,Widowed,Prof-specialty,Husband,Amer-Indian-Eskimo,Female,12500,3811,93,Iran,0.494552,NEGATIVE
11,Self-emp-inc,1st-4th,11,Widowed,Prof-specialty,Husband,Amer-Indian-Eskimo,Male,12500,3811,93,Iran,0.526459,POSITIVE
13,Local-gov,Assoc-acdm,13,Married-spouse-absent,Farming-fishing,Not-in-family,Other,Female,12500,4029,96,Honduras,0.481434,NEGATIVE
13,Local-gov,Assoc-acdm,13,Married-spouse-absent,Farming-fishing,Not-in-family,Other,Male,12500,4029,96,Honduras,0.513354,POSITIVE
14,Self-emp-inc,Assoc-voc,11,Widowed,Prof-specialty,Husband,Amer-Indian-Eskimo,Female,12500,3811,70,Canada,0.484104,NEGATIVE
14,Self-emp-inc,Assoc-voc,11,Widowed,Prof-specialty,Husband,Amer-Indian-Eskimo,Male,12500,3811,70,Canada,0.516025,POSITIVE
16,Self-emp-not-inc,Some-college,13,Widowed,Sales,Own-child,Asian-Pac-Islander,Female,12500,2504,80,Cambodia,0.475893,NEGATIVE
16,Self-emp-not-inc,Some-college,13,Widowed,Sales,Own-child,Asian-Pac-Islander,Male,12500,2504,80,Cambodia,0.507806,POSITIVE
12,Local-gov,Prof-school,14,Married-spouse-absent,Adm-clerical,Not-in-family,Amer-Indian-Eskimo,Female,12500,2722,90,Outlying-US(Guam-USVI-etc),0.498158,NEGATIVE
12,Local-gov,Prof-school,14,Married-spouse-absent,Adm-clerical,Not-in-family,Amer-Indian-Eskimo,Male,12500,2722,90,Outlying-US(Guam-USVI-etc),0.530054,POSITIVE
13,Self-emp-inc,Prof-school,9,Widowed,Exec-managerial,Own-child,Asian-Pac-Islander,Female,12500,2504,83,Outlying-US(Guam-USVI-etc),0.493641,NEGATIVE
13,Self-emp-inc,Prof-school,9,Widowed,Exec-managerial,Own-child,Asian-Pac-Islander,Male,12500,2504,83,Outlying-US(Guam-USVI-etc),0.525551,POSITIVE
10,Self-emp-not-inc,Some-college,13,Widowed,Craft-repair,Wife,White,Female,12500,2286,53,Cambodia,0.478235,NEGATIVE
10,Self-emp-not-inc,Some-college,13,Widowed,Craft-repair,Wife,White,Male,12500,2286,53,Cambodia,0.510153,POSITIVE
11,Self-emp-not-inc,Some-college,9,Widowed,Craft-repair,Wife,White,Female,12500,2286,53,Cambodia,0.470344,NEGATIVE
11,Self-emp-not-inc,Some-college,9,Widowed,Craft-repair,Wife,White,Male,12500,2286,53,Cambodia,0.502242,POSITIVE
27,State-gov,12th,2,Married-AF-spouse,Adm-clerical,Not-in-family,Amer-Indian-Eskimo,Female,12500,3811,90,El-Salvador,0.473730,NEGATIVE
27,State-gov,12th,2,Married-AF-spouse,Adm-clerical,Not-in-family,Amer-Indian-Eskimo,Male,12500,3811,90,El-Salvador,0.616200,POSITIVE
27,State-gov,7th-8th,2,Married-AF-spouse,Machine-op-inspct,Not-in-family,Amer-Indian-Eskimo,Female,12500,3811,88,Ecuador,0.459396,NEGATIVE
27,State-gov,7th-8th,2,Married-AF-spouse,Machine-op-inspct,Not-in-family,Amer-Indian-Eskimo,Male,12500,3811,88,Ecuador,0.600842,POSITIVE
23,Local-gov,HS-grad,5,Married-AF-spouse,Sales,Own-child,Other,Female,12500,3375,55,Laos,0.442345,NEGATIVE
23,Local-gov,HS-grad,5,Married-AF-spouse,Sales,Own-child,Other,Male,12500,3375,55,Laos,0.518253,POSITIVE
30,Without-pay,Doctorate,3,Married-AF-spouse,Protective-serv,Other-relative,Black,Female,12500,4247,72,Peru,0.444169,NEGATIVE
30,Without-pay,Doctorate,3,Married-AF-spouse,Protective-serv,Other-relative,Black,Male,12500,4247,72,Peru,0.527246,POSITIVE
27,Self-emp-inc,7th-8th,1,Married-AF-spouse,Machine-op-inspct,Not-in-family,Amer-Indian-Eskimo,Female,12500,3593,63,Guatemala,0.456230,NEGATIVE
27,Self-emp-inc,7th-8th,1,Married-AF-spouse,Machine-op-inspct,Not-in-family,Amer-Indian-Eskimo,Male,12500,3593,63,Guatemala,0.585832,POSITIVE
28,State-gov,Masters,7,Married-AF-spouse,Farming-fishing,Not-in-family,Other,Female,12500,2940,85,Thailand,0.440381,NEGATIVE
28,State-gov,Masters,7,Married-AF-spouse,Farming-fishing,Not-in-family,Other,Male,12500,2940,85,Thailand,0.508548,POSITIVE
22,Self-emp-inc,Some-college,5,Married-AF-spouse,Craft-repair,Wife,Other,Female,12500,2940,55,France,0.444634,NEGATIVE
22,Self-emp-inc,Some-college,5,Married-AF-spouse,Craft-repair,Wife,Other,Male,12500,2940,55,France,0.529533,POSITIVE
24,Self-emp-inc,Prof-school,7,Married-AF-spouse,Exec-managerial,Own-child,Other,Female,12500,2504,65,Taiwan,0.449920,NEGATIVE
24,Self-emp-inc,Prof-school,7,Married-AF-spouse,Exec-managerial,Own-child,Other,Male,12500,2504,65,Taiwan,0.555411,POSITIVE
28,Self-emp-inc,Masters,5,Married-AF-spouse,Farming-fishing,Not-in-family,Other,Female,12500,2504,85,Thailand,0.469303,NEGATIVE
28,Self-emp-inc,Masters,5,Married-AF-spouse,Farming-fishing,Not-in-family,Other,Male,12500,2504,85,Thailand,0.611990,POSITIVE
28,Self-emp-inc,Masters,3,Married-AF-spouse,Farming-fishing,Not-in-family,Other,Female,12500,3158,85,Thailand,0.456912,NEGATIVE
28,Self-emp-inc,Masters,3,Married-AF-spouse,Farming-fishing,Not-in-family,Other,Male,12500,3158,85,Thailand,0.589082,POSITIVE
27,Self-emp-not-inc,7th-8th,1,Married-AF-spouse,Machine-op-inspct,Not-in-family,Asian-Pac-Islander,Female,12500,3158,75,Guatemala,0.442143,NEGATIVE
27,Self-emp-not-inc,7th-8th,1,Married-AF-spouse,Machine-op-inspct,Not-in-family,Asian-Pac-Islander,Male,12500,3158,75,Guatemala,0.517256,POSITIVE
27,Self-emp-not-inc,12th,3,Married-AF-spouse,Adm-clerical,Not-in-family,Asian-Pac-Islander,Female,12500,2504,80,Nicaragua,0.449455,NEGATIVE
27,Self-emp-not-inc,12th,3,Married-AF-spouse,Adm-clerical,Not-in-family,Asian-Pac-Islander,Male,12500,2504,80,Nicaragua,0.553148,POSITIVE
23,Local-gov,HS-grad,1,Married-spouse-absent,Sales,Own-child,Asian-Pac-Islander,Female,12500,2504,60,Laos,0.445162,NEGATIVE
23,Local-gov,HS-grad,1,Married-spouse-absent,Sales,Own-child,Asian-Pac-Islander,Male,12500,2504,60,Laos,0.532133,POSITIVE
10,Local-gov,12th,5,Married-AF-spouse,Sales,Own-child,Asian-Pac-Islander,Female,12500,3593,80,Scotland,0.448306,NEGATIVE
10,Local-gov,12th,5,Married-AF-spouse,Sales,Own-child,Asian-Pac-Islander,Male,12500,3593,80,Scotland,0.547540,POSITIVE
10,Local-gov,12th,5,Married-AF-spouse,Craft-repair,Wife,White,Female,12500,3375,78,Ireland,0.445009,NEGATIVE
10,Local-gov,12th,5,Married-AF-spouse,Craft-repair,Wife,White,Male,12500,3375,78,Ireland,0.531379,POSITIVE
11,Self-emp-not-inc,Some-college,1,Married-AF-spouse,Craft-repair,Wife,White,Female,12500,3375,78,France,0.466992,NEGATIVE
11,Self-emp-not-inc,Some-college,1,Married-AF-spouse,Craft-repair,Wife,White,Male,12500,3375,78,France,0.508275,POSITIVE
13,Self-emp-inc,Prof-school,3,Married-AF-spouse,Exec-managerial,Own-child,Asian-Pac-Islander,Female,12500,3593,58,Taiwan,0.442193,NEGATIVE
13,Self-emp-inc,Prof-school,3,Married-AF-spouse,Exec-managerial,Own-child,Asian-Pac-Islander,Male,12500,3593,58,Taiwan,0.517503,POSITIVE
17,Self-emp-inc,Prof-school,5,Married-AF-spouse,Exec-managerial,Own-child,Asian-Pac-Islander,Female,12500,2504,83,Thailand,0.458080,NEGATIVE
17,Self-emp-inc,Prof-school,5,Married-AF-spouse,Exec-managerial,Own-child,Asian-Pac-Islander,Male,12500,2504,83,Thailand,0.594623,POSITIVE
12,Self-emp-inc,7th-8th,6,Married-AF-spouse,Machine-op-inspct,Not-in-family,Amer-Indian-Eskimo,Female,12500,2722,88,El-Salvador,0.446004,NEGATIVE
12,Self-emp-inc,7th-8th,6,Married-AF-spouse,Machine-op-inspct,Not-in-family,Amer-Indian-Eskimo,Male,12500,2722,88,El-Salvador,0.536269,POSITIVE
17,Self-emp-inc,Assoc-voc,6,Married-AF-spouse,Prof-specialty,Husband,Amer-Indian-Eskimo,Female,12500,2722,85,Laos,0.497804,NEGATIVE
17,Self-emp-inc,Assoc-voc,6,Married-AF-spouse,Prof-specialty,Husband,Amer-Indian-Eskimo,Male,12500,2722,85,Laos,0.638727,POSITIVE
10,Self-emp-not-inc,HS-grad,5,Married-AF-spouse,Sales,Own-child,Asian-Pac-Islander,Female,12500,2504,80,France,0.440083,NEGATIVE
10,Self-emp-not-inc,HS-grad,5,Married-AF-spouse,Sales,Own-child,Asian-Pac-Islander,Male,12500,2504,80,France,0.507071,POSITIVE
17,Self-emp-inc,Masters,7,Married-AF-spouse,Farming-fishing,Not-in-family,Other,Female,12500,2940,67,Trinadad&Tobago,0.438805,NEGATIVE
17,Self-emp-inc,Masters,7,Married-AF-spouse,Farming-fishing,Not-in-family,Other,Male,12500,2940,67,Trinadad&Tobago,0.500748,POSITIVE
16,Self-emp-not-inc,HS-grad,5,Married-AF-spouse,Sales,Own-child,Asian-Pac-Islander,Female,12500,2504,55,France,0.445992,NEGATIVE
16,Self-emp-not-inc,HS-grad,5,Married-AF-spouse,Sales,Own-child,Asian-Pac-Islander,Male,12500,2504,55,France,0.536208,POSITIVE
13,Self-emp-inc,Assoc-acdm,7,Married-AF-spouse,Farming-fishing,Not-in-family,Other,Female,12500,2940,67,Taiwan,0.451572,NEGATIVE
13,Self-emp-inc,Assoc-acdm,7,Married-AF-spouse,Farming-fishing,Not-in-family,Other,Male,12500,2940,67,Taiwan,0.563433,POSITIVE
10,Self-emp-not-inc,Some-college,1,Widowed,Craft-repair,Wife,White,Female,12500,3375,78,Ireland,0.484811,NEGATIVE
10,Self-emp-not-inc,Some-college,1,Widowed,Craft-repair,Wife,White,Male,12500,3375,78,Ireland,0.516733,POSITIVE
18,State-gov,12th,2,Married-spouse-absent,Adm-clerical,Not-in-family,Amer-Indian-Eskimo,Female,12500,2722,90,El-Salvador,0.456302,NEGATIVE
18,State-gov,12th,2,Married-spouse-absent,Adm-clerical,Not-in-family,Amer-Indian-Eskimo,Male,12500,2722,90,El-Salvador,0.586175,POSITIVE
14,Without-pay,Doctorate,3,Married-spouse-absent,Protective-serv,Other-relative,Black,Female,12500,3158,97,Hong,0.473667,NEGATIVE
14,Without-pay,Doctorate,3,Married-spouse-absent,Protective-serv,Other-relative,Black,Male,12500,3158,97,Hong,0.616140,POSITIVE
17,State-gov,Assoc-voc,2,Married-spouse-absent,Prof-specialty,Husband,Amer-Indian-Eskimo,Female,12500,2722,85,Laos,0.442912,NEGATIVE
17,State-gov,Assoc-voc,2,Married-spouse-absent,Prof-specialty,Husband,Amer-Indian-Eskimo,Male,12500,2722,85,Laos,0.521053,POSITIVE
12,Self-emp-not-inc,HS-grad,1,Married-spouse-absent,Sales,Own-child,Asian-Pac-Islander,Female,12500,2504,55,Scotland,0.492130,NEGATIVE
12,Self-emp-not-inc,HS-grad,1,Married-spouse-absent,Sales,Own-child,Asian-Pac-Islander,Male,12500,2504,55,Scotland,0.633473,POSITIVE
13,State-gov,Masters,3,Married-spouse-absent,Farming-fishing,Not-in-family,Other,Female,12500,2940,67,Taiwan,0.482881,NEGATIVE
13,State-gov,Masters,3,Married-spouse-absent,Farming-fishing,Not-in-family,Other,Male,12500,2940,67,Taiwan,0.624835,POSITIVE
22,Private,Some-college,5,Married-AF-spouse,Craft-repair,Wife,White,Female,12500,3375,78,Cambodia,0.499717,NEGATIVE
22,Private,Some-college,5,Married-AF-spouse,Craft-repair,Wife,White,Male,12500,3375,78,Cambodia,0.531607,POSITIVE
25,State-gov,Assoc-voc,2,Married-AF-spouse,Prof-specialty,Husband,Amer-Indian-Eskimo,Female,12500,3811,85,Philippines,0.456115,NEGATIVE
25,State-gov,Assoc-voc,2,Married-AF-spouse,Prof-specialty,Husband,Amer-Indian-Eskimo,Male,12500,3811,85,Philippines,0.585284,POSITIVE
24,State-gov,Prof-school,1,Married-AF-spouse,Exec-managerial,Own-child,Asian-Pac-Islander,Female,12500,3593,83,Puerto-Rico,0.454659,NEGATIVE
24,State-gov,Prof-school,1,Married-AF-spouse,Exec-managerial,Own-child,Asian-Pac-Islander,Male,12500,3593,83,Puerto-Rico,0.578315,POSITIVE
29,Without-pay,10th,3,Married-AF-spouse,Transport-moving,Other-relative,Other,Female,12500,4029,70,Jamaica,0.481674,NEGATIVE
29,Without-pay,10th,3,Married-AF-spouse,Transport-moving,Other-relative,Other,Male,12500,4029,70,Jamaica,0.623701,POSITIVE
28,State-gov,Masters,3,Married-AF-spouse,Farming-fishing,Not-in-family,Other,Female,12500,4029,67,India,0.469425,NEGATIVE
28,State-gov,Masters,3,Married-AF-spouse,Farming-fishing,Not-in-family,Other,Male,12500,4029,67,India,0.612106,POSITIVE
27,Federal-gov,7th-8th,4,Married-AF-spouse,Machine-op-inspct,Not-in-family,Amer-Indian-Eskimo,Female,12500,2722,88,South,0.439889,NEGATIVE
27,Federal-gov,7th-8th,4,Married-AF-spouse,Machine-op-inspct,Not-in-family,Amer-Indian-Eskimo,Male,12500,2722,88,South,0.506114,POSITIVE
30,State-gov,Doctorate,7,Married-AF-spouse,Protective-serv,Other-relative,Black,Female,12500,3158,72,Jamaica,0.475793,NEGATIVE
30,State-gov,Doctorate,7,Married-AF-spouse,Protective-serv,Other-relative,Black,Male,12500,3158,72,Jamaica,0.618154,POSITIVE
22,Local-gov,Some-college,1,Married-spouse-absent,Craft-repair,Wife,White,Female,12500,3375,78,Cambodia,0.470567,NEGATIVE
22,Local-gov,Some-college,1,Married-spouse-absent,Craft-repair,Wife,White,Male,12500,3375,78,Cambodia,0.502465,POSITIVE
23,Self-emp-not-inc,HS-grad,1,Widowed,Sales,Own-child,Asian-Pac-Islander,Female,12500,3593,80,England,0.485930,NEGATIVE
23,Self-emp-not-inc,HS-grad,1,Widowed,Sales,Own-child,Asian-Pac-Islander,Male,12500,3593,80,England,0.517851,POSITIVE
23,Local-gov,HS-grad,1,Married-spouse-absent,Sales,Own-child,Asian-Pac-Islander,Female,12500,2504,55,Iran,0.454566,NEGATIVE
23,Local-gov,HS-grad,1,Married-spouse-absent,Sales,Own-child,Asian-Pac-Islander,Male,12500,2504,55,Iran,0.577869,POSITIVE
22,Local-gov,Some-college,1,Married-spouse-absent,Craft-repair,Wife,White,Female,12500,2286,53,Cambodia,0.453630,NEGATIVE
22,Local-gov,Some-college,1,Married-spouse-absent,Craft-repair,Wife,White,Male,12500,2286,53,Cambodia,0.573373,POSITIVE
11,State-gov,HS-grad,6,Married-AF-spouse,Prof-specialty,Husband,Amer-Indian-Eskimo,Female,12500,3811,85,Philippines,0.499796,NEGATIVE
11,State-gov,HS-grad,6,Married-AF-spouse,Prof-specialty,Husband,Amer-Indian-Eskimo,Male,12500,3811,85,Philippines,0.531686,POSITIVE
18,State-gov,Prof-school,6,Married-AF-spouse,Machine-op-inspct,Not-in-family,Amer-Indian-Eskimo,Female,12500,3811,88,Germany,0.471043,NEGATIVE
18,State-gov,Prof-school,6,Married-AF-spouse,Machine-op-inspct,Not-in-family,Amer-Indian-Eskimo,Male,12500,3811,88,Germany,0.502943,POSITIVE
16,Local-gov,12th,2,Married-AF-spouse,Adm-clerical,Not-in-family,Amer-Indian-Eskimo,Female,12500,3811,90,Cuba,0.452730,NEGATIVE
16,Local-gov,12th,2,Married-AF-spouse,Adm-clerical,Not-in-family,Amer-Indian-Eskimo,Male,12500,3811,90,Cuba,0.569033,POSITIVE
16,Local-gov,7th-8th,5,Married-AF-spouse,Tech-support,Wife,White,Female,12500,3375,51,China,0.447630,NEGATIVE
16,Local-gov,7th-8th,5,Married-AF-spouse,Tech-support,Wife,White,Male,12500,3375,51,China,0.544237,POSITIVE
10,Local-gov,Bachelors,5,Married-AF-spouse,Tech-support,Wife,White,Female,12500,3375,51,China,0.474711,NEGATIVE
10,Local-gov,Bachelors,5,Married-AF-spouse,Tech-support,Wife,White,Male,12500,3375,51,China,0.504013,POSITIVE
10,Local-gov,12th,5,Married-AF-spouse,Sales,Own-child,Asian-Pac-Islander,Female,12500,3593,55,England,0.401985,NEGATIVE
10,Local-gov,12th,5,Married-AF-spouse,Sales,Own-child,Asian-Pac-Islander,Male,12500,3593,55,England,0.510634,POSITIVE
10,Self-emp-not-inc,12th,5,Married-AF-spouse,Sales,Own-child,Asian-Pac-Islander,Female,12500,3593,55,England,0.477602,NEGATIVE
10,Self-emp-not-inc,12th,5,Married-AF-spouse,Sales,Own-child,Asian-Pac-Islander,Male,12500,3593,55,England,0.509518,POSITIVE
16,Self-emp-not-inc,Some-college,1,Married-AF-spouse,Craft-repair,Wife,White,Female,12500,3375,53,Cuba,0.464984,NEGATIVE
16,Self-emp-not-inc,Some-college,1,Married-AF-spouse,Craft-repair,Wife,White,Male,12500,3375,53,Cuba,0.607861,POSITIVE
13,Self-emp-inc,10th,3,Married-AF-spouse,Transport-moving,Other-relative,Other,Female,12500,4029,70,Jamaica,0.447720,NEGATIVE
13,Self-emp-inc,10th,3,Married-AF-spouse,Transport-moving,Other-relative,Other,Male,12500,4029,70,Jamaica,0.544678,POSITIVE
16,Self-emp-not-inc,Some-college,1,Married-AF-spouse,Craft-repair,Wife,White,Female,12500,3375,53,Cambodia,0.479526,NEGATIVE
16,Self-emp-not-inc,Some-college,1,Married-AF-spouse,Craft-repair,Wife,White,Male,12500,3375,53,Cambodia,0.506208,POSITIVE
13,Self-emp-inc,Masters,3,Married-AF-spouse,Farming-fishing,Not-in-family,Other,Female,12500,4029,67,India,0.492162,NEGATIVE
13,Self-emp-inc,Masters,3,Married-AF-spouse,Farming-fishing,Not-in-family,Other,Male,12500,4029,67,India,0.621700,POSITIVE
14,Self-emp-inc,Assoc-voc,6,Married-AF-spouse,Prof-specialty,Husband,Amer-Indian-Eskimo,Female,12500,2722,85,Japan,0.441823,NEGATIVE
14,Self-emp-inc,Assoc-voc,6,Married-AF-spouse,Prof-specialty,Husband,Amer-Indian-Eskimo,Male,12500,2722,85,Japan,0.515677,POSITIVE
16,Private,Bachelors,5,Married-AF-spouse,Tech-support,Wife,White,Female,12500,2286,51,China,0.450687,NEGATIVE
16,Private,Bachelors,5,Married-AF-spouse,Tech-support,Wife,White,Male,12500,2286,51,China,0.559139,POSITIVE
12,Self-emp-inc,Prof-school,6,Married-AF-spouse,Adm-clerical,Not-in-family,Amer-Indian-Eskimo,Female,12500,2722,65,Italy,0.457326,NEGATIVE
12,Self-emp-inc,Prof-school,6,Married-AF-spouse,Adm-clerical,Not-in-family,Amer-Indian-Eskimo,Male,12500,2722,65,Italy,0.591049,POSITIVE
16,Self-emp-not-inc,Some-college,5,Married-AF-spouse,Craft-repair,Wife,White,Female,12500,2286,53,Cambodia,0.472988,NEGATIVE
16,Self-emp-not-inc,Some-college,5,Married-AF-spouse,Craft-repair,Wife,White,Male,12500,2286,53,Cambodia,0.615496,POSITIVE
13,Self-emp-inc,10th,7,Married-AF-spouse,Transport-moving,Other-relative,Other,Female,12500,2940,70,Japan,0.447533,NEGATIVE
13,Self-emp-inc,10th,7,Married-AF-spouse,Transport-moving,Other-relative,Other,Male,12500,2940,70,Japan,0.543764,POSITIVE
17,Self-emp-inc,11th,5,Widowed,Exec-managerial,Own-child,Asian-Pac-Islander,Female,12500,3593,92,Honduras,0.473014,NEGATIVE
17,Self-emp-inc,11th,5,Widowed,Exec-managerial,Own-child,Asian-Pac-Islander,Male,12500,3593,92,Honduras,0.504919,POSITIVE
16,Self-emp-not-inc,Some-college,5,Widowed,Craft-repair,Wife,White,Female,12500,3375,77,Cuba,0.489005,NEGATIVE
16,Self-emp-not-inc,Some-college,5,Widowed,Craft-repair,Wife,White,Male,12500,3375,77,Cuba,0.520923,POSITIVE
11,State-gov,Assoc-voc,6,Widowed,Prof-specialty,Husband,Amer-Indian-Eskimo,Female,12500,3811,85,Philippines,0.495926,NEGATIVE
11,State-gov,Assoc-voc,6,Widowed,Prof-specialty,Husband,Amer-Indian-Eskimo,Male,12500,3811,85,Philippines,0.527829,POSITIVE
20,State-gov,Assoc-voc,7,Married-spouse-absent,Protective-serv,Other-relative,Black,Female,12500,4247,97,Canada,0.487163,NEGATIVE
20,State-gov,Assoc-voc,7,Married-spouse-absent,Protective-serv,Other-relative,Black,Male,12500,4247,97,Canada,0.519083,POSITIVE
14,Federal-gov,Doctorate,7,Married-spouse-absent,Protective-serv,Other-relative,Black,Female,12500,4247,97,Greece,0.472787,NEGATIVE
14,Federal-gov,Doctorate,7,Married-spouse-absent,Protective-serv,Other-relative,Black,Male,12500,4247,97,Greece,0.504692,POSITIVE
16,Local-gov,Bachelors,1,Married-spouse-absent,Tech-support,Wife,White,Female,12500,3375,76,China,0.481888,NEGATIVE
16,Local-gov,Bachelors,1,Married-spouse-absent,Tech-support,Wife,White,Male,12500,3375,76,China,0.513809,POSITIVE
12,Federal-gov,7th-8th,2,Married-spouse-absent,Machine-op-inspct,Not-in-family,Amer-Indian-Eskimo,Female,12500,3811,88,Italy,0.487609,NEGATIVE
12,Federal-gov,7th-8th,2,Married-spouse-absent,Machine-op-inspct,Not-in-family,Amer-Indian-Eskimo,Male,12500,3811,88,Italy,0.519529,POSITIVE
18,State-gov,7th-8th,2,Married-spouse-absent,Machine-op-inspct,Not-in-family,Amer-Indian-Eskimo,Female,12500,3811,88,Germany,0.491282,NEGATIVE
18,State-gov,7th-8th,2,Married-spouse-absent,Machine-op-inspct,Not-in-family,Amer-Indian-Eskimo,Male,12500,3811,88,Germany,0.523196,POSITIVE
18,Self-emp-inc,12th,2,Married-spouse-absent,Adm-clerical,Not-in-family,Amer-Indian-Eskimo,Female,12500,3811,90,Outlying-US(Guam-USVI-etc),0.494956,NEGATIVE
18,Self-emp-inc,12th,2,Married-spouse-absent,Adm-clerical,Not-in-family,Amer-Indian-Eskimo,Male,12500,3811,90,Outlying-US(Guam-USVI-etc),0.526862,POSITIVE
14,State-gov,Doctorate,3,Married-spouse-absent,Protective-serv,Other-relative,Black,Female,12500,4247,97,Greece,0.482813,NEGATIVE
14,State-gov,Doctorate,3,Married-spouse-absent,Protective-serv,Other-relative,Black,Male,12500,4247,97,Greece,0.514735,POSITIVE
13,Self-emp-inc,Prof-school,3,Widowed,Exec-managerial,Own-child,Asian-Pac-Islander,Female,12500,3593,58,Outlying-US(Guam-USVI-etc),0.486458,NEGATIVE
13,Self-emp-inc,Prof-school,3,Widowed,Exec-managerial,Own-child,Asian-Pac-Islander,Male,12500,3593,58,Outlying-US(Guam-USVI-etc),0.518379,POSITIVE
10,Local-gov,Bachelors,5,Married-spouse-absent,Tech-support,Wife,White,Female,12500,2286,76,China,0.480973,NEGATIVE
10,Local-gov,Bachelors,5,Married-spouse-absent,Tech-support,Wife,White,Male,12500,2286,76,China,0.512893,POSITIVE
16,Local-gov,Some-college,5,Married-spouse-absent,Craft-repair,Wife,White,Female,12500,2286,78,Cambodia,0.469654,NEGATIVE
16,Local-gov,Some-college,5,Married-spouse-absent,Craft-repair,Wife,White,Male,12500,2286,78,Cambodia,0.501549,POSITIVE
12,State-gov,7th-8th,6,Married-spouse-absent,Machine-op-inspct,Not-in-family,Amer-Indian-Eskimo,Female,12500,2722,88,Germany,0.490366,NEGATIVE
12,State-gov,7th-8th,6,Married-spouse-absent,Machine-op-inspct,Not-in-family,Amer-Indian-Eskimo,Male,12500,2722,88,Germany,0.522282,POSITIVE
12,Self-emp-inc,12th,6,Married-spouse-absent,Adm-clerical,Not-in-family,Amer-Indian-Eskimo,Female,12500,2722,90,Outlying-US(Guam-USVI-etc),0.494040,NEGATIVE
12,Self-emp-inc,12th,6,Married-spouse-absent,Adm-clerical,Not-in-family,Amer-Indian-Eskimo,Male,12500,2722,90,Outlying-US(Guam-USVI-etc),0.525949,POSITIVE
17,State-gov,Prof-school,1,Married-spouse-absent,Exec-managerial,Own-child,Asian-Pac-Islander,Female,12500,2504,83,Honduras,0.449193,NEGATIVE
17,State-gov,Prof-school,1,Married-spouse-absent,Exec-managerial,Own-child,Asian-Pac-Islander,Male,12500,2504,83,Honduras,0.551871,POSITIVE
14,Without-pay,Doctorate,3,Married-spouse-absent,Protective-serv,Other-relative,Black,Female,12500,3158,97,Vietnam,0.452543,NEGATIVE
14,Without-pay,Doctorate,3,Married-spouse-absent,Protective-serv,Other-relative,Black,Male,12500,3158,97,Vietnam,0.568130,POSITIVE
10,Self-emp-not-inc,HS-grad,1,Married-spouse-absent,Sales,Own-child,Asian-Pac-Islander,Female,12500,2504,80,Iran,0.497756,NEGATIVE
10,Self-emp-not-inc,HS-grad,1,Married-spouse-absent,Sales,Own-child,Asian-Pac-Islander,Male,12500,2504,80,Iran,0.529654,POSITIVE
17,Self-emp-inc,Prof-school,1,Widowed,Exec-managerial,Own-child,Asian-Pac-Islander,Female,12500,2504,83,Puerto-Rico,0.481939,NEGATIVE
17,Self-emp-inc,Prof-school,1,Widowed,Exec-managerial,Own-child,Asian-Pac-Islander,Male,12500,2504,83,Puerto-Rico,0.513860,POSITIVE
12,State-gov,12th,2,Married-spouse-absent,Adm-clerical,Not-in-family,Amer-Indian-Eskimo,Female,12500,2722,90,Outlying-US(Guam-USVI-etc),0.499097,NEGATIVE
12,State-gov,12th,2,Married-spouse-absent,Adm-clerical,Not-in-family,Amer-Indian-Eskimo,Male,12500,2722,90,Outlying-US(Guam-USVI-etc),0.530990,POSITIVE
10,Self-emp-not-inc,HS-grad,5,Widowed,Sales,Own-child,Asian-Pac-Islander,Female,12500,2504,55,England,0.481756,NEGATIVE
10,Self-emp-not-inc,HS-grad,5,Widowed,Sales,Own-child,Asian-Pac-Islander,Male,12500,2504,55,England,0.513677,POSITIVE
19,Without-pay,10th,3,Married-spouse-absent,Transport-moving,Other-relative,Other,Female,12500,2940,70,Jamaica,0.438812,NEGATIVE
19,Without-pay,10th,3,Married-spouse-absent,Transport-moving,Other-relative,Other,Male,12500,2940,70,Jamaica,0.500783,POSITIVE
14,State-gov,Doctorate,3,Married-spouse-absent,Protective-serv,Other-relative,Black,Female,12500,3158,72,Vietnam,0.441958,NEGATIVE
14,State-gov,Doctorate,3,Married-spouse-absent,Protective-serv,Other-relative,Black,Male,12500,3158,72,Vietnam,0.516343,POSITIVE
12,Self-emp-not-inc,HS-grad,1,Widowed,Sales,Own-child,Asian-Pac-Islander,Female,12500,2504,55,England,0.491560,NEGATIVE
12,Self-emp-not-inc,HS-grad,1,Widowed,Sales,Own-child,Asian-Pac-Islander,Male,12500,2504,55,England,0.523474,POSITIVE
23,Local-gov,HS-grad,9,Married-AF-spouse,Sales,Own-child,Asian-Pac-Islander,Female,12500,2504,10,Laos,0.475742,NEGATIVE
23,Local-gov,HS-grad,9,Married-AF-spouse,Sales,Own-child,Asian-Pac-Islander,Male,12500,2504,10,Laos,0.618106,POSITIVE
24,Self-emp-inc,Prof-school,9,Married-AF-spouse,Exec-managerial,Own-child,Other,Female,12500,2504,15,Taiwan,0.446275,NEGATIVE
24,Self-emp-inc,Prof-school,9,Married-AF-spouse,Exec-managerial,Own-child,Other,Male,12500,2504,15,Taiwan,0.537599,POSITIVE
12,Local-gov,HS-grad,9,Married-AF-spouse,Sales,Own-child,Other,Female,12500,3375,10,Laos,0.448775,NEGATIVE
12,Local-gov,HS-grad,9,Married-AF-spouse,Sales,Own-child,Other,Male,12500,3375,10,Laos,0.549830,POSITIVE
13,State-gov,Prof-school,13,Married-AF-spouse,Exec-managerial,Own-child,Other,Female,12500,2504,15,Taiwan,0.442476,NEGATIVE
13,State-gov,Prof-school,13,Married-AF-spouse,Exec-managerial,Own-child,Other,Male,12500,2504,15,Taiwan,0.518900,POSITIVE
11,Local-gov,Some-college,9,Married-AF-spouse,Craft-repair,Wife,White,Female,12500,2940,5,France,0.443478,NEGATIVE
11,Local-gov,Some-college,9,Married-AF-spouse,Craft-repair,Wife,White,Male,12500,2940,5,France,0.523840,POSITIVE
15,State-gov,7th-8th,11,Married-AF-spouse,Machine-op-inspct,Not-in-family,Asian-Pac-Islander,Female,12500,2504,25,Guatemala,0.440181,NEGATIVE
15,State-gov,7th-8th,11,Married-AF-spouse,Machine-op-inspct,Not-in-family,Asian-Pac-Islander,Male,12500,2504,25,Guatemala,0.507556,POSITIVE
12,Self-emp-inc,HS-grad,9,Married-AF-spouse,Sales,Own-child,Other,Female,12500,2940,10,Laos,0.447715,NEGATIVE
12,Self-emp-inc,HS-grad,9,Married-AF-spouse,Sales,Own-child,Other,Male,12500,2940,10,Laos,0.544653,POSITIVE
14,Self-emp-inc,Assoc-voc,11,Married-AF-spouse,Prof-specialty,Husband,Other,Female,12500,2504,20,Columbia,0.489835,NEGATIVE
14,Self-emp-inc,Assoc-voc,11,Married-AF-spouse,Prof-specialty,Husband,Other,Male,12500,2504,20,Columbia,0.631337,POSITIVE
16,Self-emp-inc,12th,9,Married-AF-spouse,Adm-clerical,Not-in-family,Amer-Indian-Eskimo,Female,12500,2504,30,Nicaragua,0.486160,NEGATIVE
16,Self-emp-inc,12th,9,Married-AF-spouse,Adm-clerical,Not-in-family,Amer-Indian-Eskimo,Male,12500,2504,30,Nicaragua,0.627907,POSITIVE
22,Local-gov,Bachelors,9,Married-AF-spouse,Tech-support,Wife,White,Female,12500,2286,1,United-States,0.442556,NEGATIVE
22,Local-gov,Bachelors,9,Married-AF-spouse,Tech-support,Wife,White,Male,12500,2286,1,United-States,0.519293,POSITIVE
22,Self-emp-inc,Some-college,9,Married-AF-spouse,Craft-repair,Wife,Other,Female,12500,2286,5,England,0.445555,NEGATIVE
22,Self-emp-inc,Some-college,9,Married-AF-spouse,Craft-repair,Wife,Other,Male,12500,2286,5,England,0.534065,POSITIVE
16,Local-gov,HS-grad,9,Married-AF-spouse,Sales,Own-child,Asian-Pac-Islander,Female,12500,2504,30,Iran,0.447414,NEGATIVE
16,Local-gov,HS-grad,9,Married-AF-spouse,Sales,Own-child,Asian-Pac-Islander,Male,12500,2504,30,Iran,0.543180,POSITIVE
13,Without-pay,10th,11,Married-AF-spouse,Transport-moving,Other-relative,Other,Female,12500,2940,45,Jamaica,0.450761,NEGATIVE
13,Without-pay,10th,11,Married-AF-spouse,Transport-moving,Other-relative,Other,Male,12500,2940,45,Jamaica,0.559502,POSITIVE
16,Local-gov,Some-college,9,Married-AF-spouse,Craft-repair,Wife,White,Female,12500,2286,28,Cambodia,0.456048,NEGATIVE
16,Local-gov,Some-college,9,Married-AF-spouse,Craft-repair,Wife,White,Male,12500,2286,28,Cambodia,0.584966,POSITIVE
13,State-gov,Masters,11,Married-AF-spouse,Farming-fishing,Not-in-family,Other,Female,12500,2940,42,India,0.457843,NEGATIVE
13,State-gov,Masters,11,Married-AF-spouse,Farming-fishing,Not-in-family,Other,Male,12500,2940,42,India,0.593503,POSITIVE
19,Without-pay,Doctorate,11,Married-AF-spouse,Protective-serv,Other-relative,Black,Female,12500,3158,22,Vietnam,0.484771,NEGATIVE
19,Without-pay,Doctorate,11,Married-AF-spouse,Protective-serv,Other-relative,Black,Male,12500,3158,22,Vietnam,0.626608,POSITIVE
15,Self-emp-inc,7th-8th,9,Married-AF-spouse,Machine-op-inspct,Not-in-family,Amer-Indian-Eskimo,Female,12500,2504,13,Italy,0.458932,NEGATIVE
15,Self-emp-inc,7th-8th,9,Married-AF-spouse,Machine-op-inspct,Not-in-family,Amer-Indian-Eskimo,Male,12500,2504,13,Italy,0.598654,POSITIVE
18,State-gov,12th,10,Married-AF-spouse,Adm-clerical,Not-in-family,Amer-Indian-Eskimo,Female,12500,2722,15,Outlying-US(Guam-USVI-etc),0.444341,NEGATIVE
18,State-gov,12th,10,Married-AF-spouse,Adm-clerical,Not-in-family,Amer-Indian-Eskimo,Male,12500,2722,15,Outlying-US(Guam-USVI-etc),0.528095,POSITIVE
13,Local-gov,Masters,11,Married-AF-spouse,Farming-fishing,Not-in-family,Other,Female,12500,2940,17,India,0.457564,NEGATIVE
13,Local-gov,Masters,11,Married-AF-spouse,Farming-fishing,Not-in-family,Other,Male,12500,2940,17,India,0.592177,POSITIVE
10,Private,Bachelors,9,Widowed,Tech-support,Wife,White,Female,12500,3375,39,Outlying-US(Guam-USVI-etc),0.480655,NEGATIVE
10,Private,Bachelors,9,Widowed,Tech-support,Wife,White,Male,12500,3375,39,Outlying-US(Guam-USVI-etc),0.512575,POSITIVE
22,Local-gov,Some-college,5,Married-AF-spouse,Craft-repair,Wife,White,Female,12500,3375,5,France,0.452212,NEGATIVE
22,Local-gov,Some-college,5,Married-AF-spouse,Craft-repair,Wife,White,Male,12500,3375,5,France,0.566528,POSITIVE
23,Self-emp-inc,HS-grad,5,Married-AF-spouse,Sales,Own-child,Other,Female,12500,3375,10,Laos,0.445454,NEGATIVE
23,Self-emp-inc,HS-grad,5,Married-AF-spouse,Sales,Own-child,Other,Male,12500,3375,10,Laos,0.533566,POSITIVE
22,Local-gov,Some-college,3,Married-AF-spouse,Craft-repair,Wife,White,Female,12500,4029,5,France,0.472190,NEGATIVE
22,Local-gov,Some-college,3,Married-AF-spouse,Craft-repair,Wife,White,Male,12500,4029,5,France,0.614738,POSITIVE
25,Self-emp-not-inc,Assoc-voc,2,Married-AF-spouse,Prof-specialty,Husband,Amer-Indian-Eskimo,Female,12500,3811,20,Columbia,0.472681,NEGATIVE
25,Self-emp-not-inc,Assoc-voc,2,Married-AF-spouse,Prof-specialty,Husband,Amer-Indian-Eskimo,Male,12500,3811,20,Columbia,0.615204,POSITIVE
22,Local-gov,Bachelors,7,Married-AF-spouse,Tech-support,Wife,White,Female,12500,2940,1,Portugal,0.446809,NEGATIVE
22,Local-gov,Bachelors,7,Married-AF-spouse,Tech-support,Wife,White,Male,12500,2940,1,Portugal,0.540218,POSITIVE
27,Self-emp-inc,7th-8th,6,Married-AF-spouse,Machine-op-inspct,Not-in-family,Amer-Indian-Eskimo,Female,12500,2722,25,Guatemala,0.481554,NEGATIVE
27,Self-emp-inc,7th-8th,6,Married-AF-spouse,Machine-op-inspct,Not-in-family,Amer-Indian-Eskimo,Male,12500,2722,25,Guatemala,0.623589,POSITIVE
27,Self-emp-not-inc,12th,3,Married-AF-spouse,Adm-clerical,Not-in-family,Asian-Pac-Islander,Female,12500,3158,30,Nicaragua,0.450054,NEGATIVE
27,Self-emp-not-inc,12th,3,Married-AF-spouse,Adm-clerical,Not-in-family,Asian-Pac-Islander,Male,12500,3158,30,Nicaragua,0.556065,POSITIVE
23,Local-gov,HS-grad,1,Married-spouse-absent,Sales,Own-child,Other,Female,12500,3375,10,Laos,0.438926,NEGATIVE
23,Local-gov,HS-grad,1,Married-spouse-absent,Sales,Own-child,Other,Male,12500,3375,10,Laos,0.501348,POSITIVE
25,State-gov,Assoc-voc,5,Married-spouse-absent,Prof-specialty,Husband,Other,Female,12500,2504,20,Columbia,0.449135,NEGATIVE
25,State-gov,Assoc-voc,5,Married-spouse-absent,Prof-specialty,Husband,Other,Male,12500,2504,20,Columbia,0.551590,POSITIVE
29,Without-pay,10th,3,Married-spouse-absent,Transport-moving,Other-relative,Other,Female,12500,2940,40,El-Salvador,0.452696,NEGATIVE
29,Without-pay,10th,3,Married-spouse-absent,Transport-moving,Other-relative,Other,Male,12500,2940,40,El-Salvador,0.568867,POSITIVE
27,Self-emp-inc,7th-8th,1,Married-spouse-absent,Machine-op-inspct,Not-in-family,Amer-Indian-Eskimo,Female,12500,2504,25,Guatemala,0.458771,NEGATIVE
27,Self-emp-inc,7th-8th,1,Married-spouse-absent,Machine-op-inspct,Not-in-family,Amer-Indian-Eskimo,Male,12500,2504,25,Guatemala,0.597891,POSITIVE
16,Local-gov,12th,5,Married-AF-spouse,Adm-clerical,Not-in-family,Amer-Indian-Eskimo,Female,12500,3811,40,Nicaragua,0.438921,NEGATIVE
16,Local-gov,12th,5,Married-AF-spouse,Adm-clerical,Not-in-family,Amer-Indian-Eskimo,Male,12500,3811,40,Nicaragua,0.501320,POSITIVE
19,Without-pay,Doctorate,7,Married-AF-spouse,Protective-serv,Other-relative,Black,Female,12500,4247,22,Peru,0.442239,NEGATIVE
19,Without-pay,Doctorate,7,Married-AF-spouse,Protective-serv,Other-relative,Black,Male,12500,4247,22,Peru,0.517728,POSITIVE
14,Self-emp-not-inc,Assoc-voc,5,Married-AF-spouse,Prof-specialty,Husband,Amer-Indian-Eskimo,Female,12500,3593,10,Columbia,0.493693,NEGATIVE
14,Self-emp-not-inc,Assoc-voc,5,Married-AF-spouse,Prof-specialty,Husband,Amer-Indian-Eskimo,Male,12500,3593,10,Columbia,0.634923,POSITIVE
15,Self-emp-inc,7th-8th,3,Married-AF-spouse,Machine-op-inspct,Not-in-family,Amer-Indian-Eskimo,Female,12500,4247,13,Guatemala,0.460612,NEGATIVE
15,Self-emp-inc,7th-8th,3,Married-AF-spouse,Machine-op-inspct,Not-in-family,Amer-Indian-Eskimo,Male,12500,4247,13,Guatemala,0.603662,POSITIVE
17,Self-emp-inc,Masters,7,Married-AF-spouse,Farming-fishing,Not-in-family,Other,Female,12500,3158,35,Thailand,0.451142,NEGATIVE
17,Self-emp-inc,Masters,7,Married-AF-spouse,Farming-fishing,Not-in-family,Other,Male,12500,3158,35,Thailand,0.561350,POSITIVE
16,Self-emp-not-inc,12th,5,Married-AF-spouse,Adm-clerical,Not-in-family,Asian-Pac-Islander,Female,12500,3158,30,Nicaragua,0.446031,NEGATIVE
16,Self-emp-not-inc,12th,5,Married-AF-spouse,Adm-clerical,Not-in-family,Asian-Pac-Islander,Male,12500,3158,30,Nicaragua,0.536402,POSITIVE
16,Self-emp-not-inc,12th,7,Married-AF-spouse,Adm-clerical,Not-in-family,Asian-Pac-Islander,Female,12500,2504,30,Nicaragua,0.441796,NEGATIVE
16,Self-emp-not-inc,12th,7,Married-AF-spouse,Adm-clerical,Not-in-family,Asian-Pac-Islander,Male,12500,2504,30,Nicaragua,0.515541,POSITIVE
10,Local-gov,Bachelors,1,Married-spouse-absent,Tech-support,Wife,White,Female,12500,3375,26,Guatemala,0.463064,NEGATIVE
10,Local-gov,Bachelors,1,Married-spouse-absent,Tech-support,Wife,White,Male,12500,3375,26,Guatemala,0.606020,POSITIVE
13,State-gov,Prof-school,1,Married-spouse-absent,Exec-managerial,Own-child,Asian-Pac-Islander,Female,12500,3593,8,Taiwan,0.476971,NEGATIVE
13,State-gov,Prof-school,1,Married-spouse-absent,Exec-managerial,Own-child,Asian-Pac-Islander,Male,12500,3593,8,Taiwan,0.619268,POSITIVE
12,Local-gov,HS-grad,5,Married-spouse-absent,Sales,Own-child,Other,Female,12500,2940,10,Laos,0.441181,NEGATIVE
12,Local-gov,HS-grad,5,Married-spouse-absent,Sales,Own-child,Other,Male,12500,2940,10,Laos,0.512502,POSITIVE
15,State-gov,7th-8th,6,Married-spouse-absent,Machine-op-inspct,Not-in-family,Amer-Indian-Eskimo,Female,12500,2504,25,Guatemala,0.457238,NEGATIVE
15,State-gov,7th-8th,6,Married-spouse-absent,Machine-op-inspct,Not-in-family,Amer-Indian-Eskimo,Male,12500,2504,25,Guatemala,0.590630,POSITIVE
17,State-gov,Masters,3,Married-spouse-absent,Farming-fishing,Not-in-family,Asian-Pac-Islander,Female,12500,3158,35,Thailand,0.440845,NEGATIVE
17,State-gov,Masters,3,Married-spouse-absent,Farming-fishing,Not-in-family,Asian-Pac-Islander,Male,12500,3158,35,Thailand,0.510842,POSITIVE
16,Self-emp-inc,12th,2,Married-spouse-absent,Adm-clerical,Not-in-family,Amer-Indian-Eskimo,Female,12500,2722,30,Nicaragua,0.495876,NEGATIVE
16,Self-emp-inc,12th,2,Married-spouse-absent,Adm-clerical,Not-in-family,Amer-Indian-Eskimo,Male,12500,2722,30,Nicaragua,0.636945,POSITIVE
15,State-gov,7th-8th,1,Widowed,Machine-op-inspct,Not-in-family,Black,Female,12500,2504,25,Guatemala,0.440125,NEGATIVE
15,State-gov,7th-8th,1,Widowed,Machine-op-inspct,Not-in-family,Black,Male,12500,2504,25,Guatemala,0.507283,POSITIVE
29,Without-pay,10th,5,Married-AF-spouse,Transport-moving,Other-relative,Other,Female,12500,3811,45,Jamaica,0.493877,NEGATIVE
29,Without-pay,10th,5,Married-AF-spouse,Transport-moving,Other-relative,Other,Male,12500,3811,45,Jamaica,0.635093,POSITIVE
27,Federal-gov,7th-8th,2,Married-AF-spouse,Machine-op-inspct,Not-in-family,Amer-Indian-Eskimo,Female,12500,3811,38,South,0.474955,NEGATIVE
27,Federal-gov,7th-8th,2,Married-AF-spouse,Machine-op-inspct,Not-in-family,Amer-Indian-Eskimo,Male,12500,3811,38,South,0.617361,POSITIVE
22,Local-gov,Some-college,5,Married-AF-spouse,Craft-repair,Wife,White,Female,12500,3375,3,England,0.456034,NEGATIVE
22,Local-gov,Some-college,5,Married-AF-spouse,Craft-repair,Wife,White,Male,12500,3375,3,England,0.584895,POSITIVE
24,State-gov,Prof-school,3,Married-AF-spouse,Exec-managerial,Own-child,Asian-Pac-Islander,Female,12500,4029,8,Outlying-US(Guam-USVI-etc),0.466395,NEGATIVE
24,State-gov,Prof-school,3,Married-AF-spouse,Exec-managerial,Own-child,Asian-Pac-Islander,Male,12500,4029,8,Outlying-US(Guam-USVI-etc),0.609212,POSITIVE
24,Self-emp-not-inc,Prof-school,1,Married-AF-spouse,Exec-managerial,Own-child,Asian-Pac-Islander,Female,12500,3593,8,Outlying-US(Guam-USVI-etc),0.455077,NEGATIVE
24,Self-emp-not-inc,Prof-school,1,Married-AF-spouse,Exec-managerial,Own-child,Asian-Pac-Islander,Male,12500,3593,8,Outlying-US(Guam-USVI-etc),0.580318,POSITIVE
24,State-gov,Prof-school,7,Married-AF-spouse,Exec-managerial,Own-child,Asian-Pac-Islander,Female,12500,2940,15,Outlying-US(Guam-USVI-etc),0.495739,NEGATIVE
24,State-gov,Prof-school,7,Married-AF-spouse,Exec-managerial,Own-child,Asian-Pac-Islander,Male,12500,2940,15,Outlying-US(Guam-USVI-etc),0.636818,POSITIVE
24,Self-emp-not-inc,Prof-school,5,Married-AF-spouse,Exec-managerial,Own-child,Asian-Pac-Islander,Female,12500,2504,15,Outlying-US(Guam-USVI-etc),0.465812,NEGATIVE
24,Self-emp-not-inc,Prof-school,5,Married-AF-spouse,Exec-managerial,Own-child,Asian-Pac-Islander,Male,12500,2504,15,Outlying-US(Guam-USVI-etc),0.608655,POSITIVE
22,Private,Some-college,3,Married-AF-spouse,Craft-repair,Wife,White,Female,12500,2940,5,England,0.446484,NEGATIVE
22,Private,Some-college,3,Married-AF-spouse,Craft-repair,Wife,White,Male,12500,2940,5,England,0.538625,POSITIVE
22,Local-gov,Some-college,5,Married-spouse-absent,Craft-repair,Wife,Other,Female,12500,2286,5,England,0.448048,NEGATIVE
22,Local-gov,Some-college,5,Married-spouse-absent,Craft-repair,Wife,Other,Male,12500,2286,5,England,0.546281,POSITIVE
28,State-gov,Masters,3,Married-spouse-absent,Farming-fishing,Not-in-family,Other,Female,12500,2940,35,Honduras,0.499520,NEGATIVE
28,State-gov,Masters,3,Married-spouse-absent,Farming-fishing,Not-in-family,Other,Male,12500,2940,35,Honduras,0.640309,POSITIVE
30,Federal-gov,Doctorate,1,Married-spouse-absent,Protective-serv,Other-relative,Black,Female,12500,2722,45,Jamaica,0.492943,NEGATIVE
30,Federal-gov,Doctorate,1,Married-spouse-absent,Protective-serv,Other-relative,Black,Male,12500,2722,45,Jamaica,0.634227,POSITIVE
15,Federal-gov,7th-8th,4,Married-AF-spouse,Machine-op-inspct,Not-in-family,Amer-Indian-Eskimo,Female,12500,3811,38,South,0.456971,NEGATIVE
15,Federal-gov,7th-8th,4,Married-AF-spouse,Machine-op-inspct,Not-in-family,Amer-Indian-Eskimo,Male,12500,3811,38,South,0.589362,POSITIVE
18,State-gov,10th,6,Married-AF-spouse,Transport-moving,Other-relative,Other,Female,12500,4029,20,Italy,0.452898,NEGATIVE
18,State-gov,10th,6,Married-AF-spouse,Transport-moving,Other-relative,Other,Male,12500,4029,20,Italy,0.569843,POSITIVE
20,Federal-gov,Doctorate,7,Married-AF-spouse,Protective-serv,Other-relative,Black,Female,12500,3158,47,Vietnam,0.484711,NEGATIVE
20,Federal-gov,Doctorate,7,Married-AF-spouse,Protective-serv,Other-relative,Black,Male,12500,3158,47,Vietnam,0.626551,POSITIVE
19,Self-emp-inc,Masters,7,Married-AF-spouse,Farming-fishing,Not-in-family,Other,Female,12500,2940,42,India,0.443091,NEGATIVE
19,Self-emp-inc,Masters,7,Married-AF-spouse,Farming-fishing,Not-in-family,Other,Male,12500,2940,42,India,0.521932,POSITIVE
16,Self-emp-inc,12th,7,Married-AF-spouse,Adm-clerical,Not-in-family,Amer-Indian-Eskimo,Female,12500,3158,15,Italy,0.445693,NEGATIVE
16,Self-emp-inc,12th,7,Married-AF-spouse,Adm-clerical,Not-in-family,Amer-Indian-Eskimo,Male,12500,3158,15,Italy,0.534741,POSITIVE
17,Self-emp-not-inc,Assoc-voc,6,Married-AF-spouse,Prof-specialty,Husband,Amer-Indian-Eskimo,Female,12500,2940,10,Canada,0.494185,NEGATIVE
17,Self-emp-not-inc,Assoc-voc,6,Married-AF-spouse,Prof-specialty,Husband,Amer-Indian-Eskimo,Male,12500,2940,10,Canada,0.635380,POSITIVE
10,Self-emp-not-inc,Some-college,5,Widowed,Craft-repair,Wife,White,Female,12500,3375,28,Cambodia,0.482488,NEGATIVE
10,Self-emp-not-inc,Some-college,5,Widowed,Craft-repair,Wife,White,Male,12500,3375,28,Cambodia,0.514409,POSITIVE
10,Local-gov,HS-grad,1,Married-spouse-absent,Sales,Own-child,Asian-Pac-Islander,Female,12500,3593,5,Iran,0.442979,NEGATIVE
10,Local-gov,HS-grad,1,Married-spouse-absent,Sales,Own-child,Asian-Pac-Islander,Male,12500,3593,5,Iran,0.521381,POSITIVE
10,Local-gov,Some-college,1,Married-spouse-absent,Craft-repair,Wife,White,Female,12500,3375,3,Cambodia,0.451598,NEGATIVE
10,Local-gov,Some-college,1,Married-spouse-absent,Craft-repair,Wife,White,Male,12500,3375,3,Cambodia,0.563558,POSITIVE
19,State-gov,Doctorate,3,Married-spouse-absent,Protective-serv,Other-relative,Black,Female,12500,3158,47,Jamaica,0.439278,NEGATIVE
19,State-gov,Doctorate,3,Married-spouse-absent,Protective-serv,Other-relative,Black,Male,12500,3158,47,Jamaica,0.503091,POSITIVE
12,Local-gov,HS-grad,5,Married-spouse-absent,Sales,Own-child,Asian-Pac-Islander,Female,12500,2504,5,Iran,0.439263,NEGATIVE
12,Local-gov,HS-grad,5,Married-spouse-absent,Sales,Own-child,Asian-Pac-Islander,Male,12500,2504,5,Iran,0.503015,POSITIVE
10,Local-gov,HS-grad,5,Married-spouse-absent,Sales,Own-child,Asian-Pac-Islander,Female,12500,2504,5,England,0.444347,NEGATIVE
10,Local-gov,HS-grad,5,Married-spouse-absent,Sales,Own-child,Asian-Pac-Islander,Male,12500,2504,5,England,0.528121,POSITIVE
17,Local-gov,Masters,3,Married-spouse-absent,Farming-fishing,Not-in-family,Other,Female,12500,2940,17,Poland,0.469105,NEGATIVE
17,Local-gov,Masters,3,Married-spouse-absent,Farming-fishing,Not-in-family,Other,Male,12500,2940,17,Poland,0.611801,POSITIVE
19,State-gov,10th,3,Married-spouse-absent,Transport-moving,Other-relative,Other,Female,12500,2940,20,Japan,0.444092,NEGATIVE
19,State-gov,10th,3,Married-spouse-absent,Transport-moving,Other-relative,Other,Male,12500,2940,20,Japan,0.526867,POSITIVE
29,State-gov,10th,11,Married-AF-spouse,Transport-moving,Other-relative,Other,Female,7500,4029,95,El-Salvador,0.459533,NEGATIVE
29,State-gov,10th,11,Married-AF-spouse,Transport-moving,Other-relative,Other,Male,7500,4029,95,El-Salvador,0.601487,POSITIVE
22,Self-emp-not-inc,Some-college,9,Married-AF-spouse,Craft-repair,Wife,White,Female,7500,3375,53,France,0.461832,NEGATIVE
22,Self-emp-not-inc,Some-college,9,Married-AF-spouse,Craft-repair,Wife,White,Male,7500,3375,53,France,0.604835,POSITIVE
27,State-gov,12th,15,Married-AF-spouse,Adm-clerical,Not-in-family,Amer-Indian-Eskimo,Female,7500,3158,80,Nicaragua,0.458383,NEGATIVE
27,State-gov,12th,15,Married-AF-spouse,Adm-clerical,Not-in-family,Amer-Indian-Eskimo,Male,7500,3158,80,Nicaragua,0.596057,POSITIVE
23,Self-emp-not-inc,HS-grad,13,Married-AF-spouse,Sales,Own-child,Asian-Pac-Islander,Female,7500,2504,60,Laos,0.457259,NEGATIVE
23,Self-emp-not-inc,HS-grad,13,Married-AF-spouse,Sales,Own-child,Asian-Pac-Islander,Male,7500,2504,60,Laos,0.590732,POSITIVE
22,Private,Bachelors,11,Married-AF-spouse,Tech-support,Wife,White,Female,7500,2940,51,Portugal,0.459102,NEGATIVE
22,Private,Bachelors,11,Married-AF-spouse,Tech-support,Wife,White,Male,7500,2940,51,Portugal,0.599456,POSITIVE
14,Self-emp-inc,Assoc-voc,11,Married-AF-spouse,Prof-specialty,Husband,Amer-Indian-Eskimo,Female,7500,3811,85,Columbia,0.447000,NEGATIVE
14,Self-emp-inc,Assoc-voc,11,Married-AF-spouse,Prof-specialty,Husband,Amer-Indian-Eskimo,Male,7500,3811,85,Columbia,0.541153,POSITIVE
17,Local-gov,Masters,13,Married-AF-spouse,Farming-fishing,Not-in-family,Other,Female,7500,4029,67,Thailand,0.443720,NEGATIVE
17,Local-gov,Masters,13,Married-AF-spouse,Farming-fishing,Not-in-family,Other,Male,7500,4029,67,Thailand,0.525035,POSITIVE
19,Federal-gov,Doctorate,15,Married-AF-spouse,Protective-serv,Other-relative,Black,Female,7500,3158,97,Hong,0.452644,NEGATIVE
19,Federal-gov,Doctorate,15,Married-AF-spouse,Protective-serv,Other-relative,Black,Male,7500,3158,97,Hong,0.568617,POSITIVE
18,Self-emp-inc,7th-8th,14,Married-AF-spouse,Machine-op-inspct,Not-in-family,Amer-Indian-Eskimo,Female,7500,2722,88,Ecuador,0.447542,NEGATIVE
18,Self-emp-inc,7th-8th,14,Married-AF-spouse,Machine-op-inspct,Not-in-family,Amer-Indian-Eskimo,Male,7500,2722,88,Ecuador,0.543805,POSITIVE
10,Private,Bachelors,13,Married-AF-spouse,Tech-support,Wife,White,Female,7500,2940,51,Portugal,0.443594,NEGATIVE
10,Private,Bachelors,13,Married-AF-spouse,Tech-support,Wife,White,Male,7500,2940,51,Portugal,0.524413,POSITIVE
22,Private,Bachelors,13,Married-spouse-absent,Tech-support,Wife,White,Female,2500,3375,51,Guatemala,0.454253,NEGATIVE
22,Private,Bachelors,13,Married-spouse-absent,Tech-support,Wife,White,Male,2500,3375,51,Guatemala,0.576366,POSITIVE
25,State-gov,Assoc-voc,10,Widowed,Prof-specialty,Husband,Amer-Indian-Eskimo,Female,2500,3811,70,Yugoslavia,0.445399,NEGATIVE
25,State-gov,Assoc-voc,10,Widowed,Prof-specialty,Husband,Amer-Indian-Eskimo,Male,2500,3811,70,Yugoslavia,0.533295,POSITIVE
29,Without-pay,10th,15,Married-spouse-absent,Transport-moving,Other-relative,Other,Female,2500,4029,95,Haiti,0.466587,NEGATIVE
29,Without-pay,10th,15,Married-spouse-absent,Transport-moving,Other-relative,Other,Male,2500,4029,95,Haiti,0.609395,POSITIVE
22,Local-gov,Some-college,9,Widowed,Craft-repair,Wife,White,Female,2500,3375,78,Ireland,0.448926,NEGATIVE
22,Local-gov,Some-college,9,Widowed,Craft-repair,Wife,White,Male,2500,3375,78,Ireland,0.550567,POSITIVE
29,Self-emp-inc,10th,11,Married-spouse-absent,Transport-moving,Other-relative,Other,Female,2500,4029,95,Haiti,0.446742,NEGATIVE
29,Self-emp-inc,10th,11,Married-spouse-absent,Transport-moving,Other-relative,Other,Male,2500,4029,95,Haiti,0.539887,POSITIVE
29,State-gov,10th,14,Married-spouse-absent,Transport-moving,Other-relative,Other,Female,2500,4029,70,Haiti,0.476554,NEGATIVE
29,State-gov,10th,14,Married-spouse-absent,Transport-moving,Other-relative,Other,Male,2500,4029,70,Haiti,0.618874,POSITIVE
10,Private,Bachelors,9,Widowed,Tech-support,Wife,White,Female,2500,3375,51,Portugal,0.443181,NEGATIVE
10,Private,Bachelors,9,Widowed,Tech-support,Wife,White,Male,2500,3375,51,Portugal,0.522379,POSITIVE
27,State-gov,12th,10,Married-spouse-absent,Adm-clerical,Not-in-family,Amer-Indian-Eskimo,Female,7500,2722,80,Nicaragua,0.456103,NEGATIVE
27,State-gov,12th,10,Married-spouse-absent,Adm-clerical,Not-in-family,Amer-Indian-Eskimo,Male,7500,2722,80,Nicaragua,0.585225,POSITIVE
24,Self-emp-inc,Prof-school,13,Widowed,Exec-managerial,Own-child,Asian-Pac-Islander,Female,2500,2504,65,Taiwan,0.479892,NEGATIVE
24,Self-emp-inc,Prof-school,13,Widowed,Exec-managerial,Own-child,Asian-Pac-Islander,Male,2500,2504,65,Taiwan,0.622024,POSITIVE
29,Self-emp-inc,10th,11,Widowed,Transport-moving,Other-relative,Other,Female,2500,2940,90,El-Salvador,0.445878,NEGATIVE
29,Self-emp-inc,10th,11,Widowed,Transport-moving,Other-relative,Other,Male,2500,2940,90,El-Salvador,0.535649,POSITIVE
19,State-gov,Doctorate,11,Married-spouse-absent,Protective-serv,Other-relative,Black,Female,7500,3158,97,Peru,0.487784,NEGATIVE
19,State-gov,Doctorate,11,Married-spouse-absent,Protective-serv,Other-relative,Black,Male,7500,3158,97,Peru,0.629425,POSITIVE
12,Local-gov,HS-grad,13,Married-spouse-absent,Sales,Own-child,Asian-Pac-Islander,Female,7500,2504,55,Scotland,0.488986,NEGATIVE
12,Local-gov,HS-grad,13,Married-spouse-absent,Sales,Own-child,Asian-Pac-Islander,Male,7500,2504,55,Scotland,0.630546,POSITIVE
15,Self-emp-inc,7th-8th,10,Married-spouse-absent,Machine-op-inspct,Not-in-family,Amer-Indian-Eskimo,Female,7500,2722,63,El-Salvador,0.447818,NEGATIVE
15,Self-emp-inc,7th-8th,10,Married-spouse-absent,Machine-op-inspct,Not-in-family,Amer-Indian-Eskimo,Male,7500,2722,63,El-Salvador,0.545157,POSITIVE
18,State-gov,10th,11,Married-spouse-absent,Transport-moving,Other-relative,Other,Female,7500,2940,70,Haiti,0.447131,NEGATIVE
18,State-gov,10th,11,Married-spouse-absent,Transport-moving,Other-relative,Other,Male,7500,2940,70,Haiti,0.541796,POSITIVE
16,Self-emp-not-inc,HS-grad,13,Widowed,Sales,Own-child,Asian-Pac-Islander,Female,2500,2504,80,Scotland,0.457014,NEGATIVE
16,Self-emp-not-inc,HS-grad,13,Widowed,Sales,Own-child,Asian-Pac-Islander,Male,2500,2504,80,Scotland,0.589567,POSITIVE
10,Private,Some-college,13,Widowed,Craft-repair,Wife,White,Female,2500,2286,78,Nicaragua,0.447935,NEGATIVE
10,Private,Some-college,13,Widowed,Craft-repair,Wife,White,Male,2500,2286,78,Nicaragua,0.545727,POSITIVE
13,Self-emp-not-inc,Prof-school,13,Widowed,Exec-managerial,Own-child,Asian-Pac-Islander,Female,2500,2504,58,Thailand,0.456865,NEGATIVE
13,Self-emp-not-inc,Prof-school,13,Widowed,Exec-managerial,Own-child,Asian-Pac-Islander,Male,2500,2504,58,Thailand,0.588856,POSITIVE
11,Self-emp-not-inc,Some-college,13,Widowed,Craft-repair,Wife,White,Female,2500,2286,78,Ireland,0.458260,NEGATIVE
11,Self-emp-not-inc,Some-college,13,Widowed,Craft-repair,Wife,White,Male,2500,2286,78,Ireland,0.595476,POSITIVE
16,Self-emp-not-inc,Some-college,13,Widowed,Craft-repair,Wife,White,Female,2500,2286,53,Ireland,0.452700,NEGATIVE
16,Self-emp-not-inc,Some-college,13,Widowed,Craft-repair,Wife,White,Male,2500,2286,53,Ireland,0.568887,POSITIVE
14,Self-emp-not-inc,HS-grad,13,Married-AF-spouse,Sales,Own-child,Asian-Pac-Islander,Female,7500,3593,10,Laos,0.456417,NEGATIVE
14,Self-emp-not-inc,HS-grad,13,Married-AF-spouse,Sales,Own-child,Asian-Pac-Islander,Male,7500,3593,10,Laos,0.586723,POSITIVE
29,Federal-gov,Doctorate,11,Married-AF-spouse,Protective-serv,Other-relative,Black,Female,7500,4247,45,Peru,0.442740,NEGATIVE
29,Federal-gov,Doctorate,11,Married-AF-spouse,Protective-serv,Other-relative,Black,Male,7500,4247,45,Peru,0.520202,POSITIVE
30,Federal-gov,Doctorate,15,Married-AF-spouse,Protective-serv,Other-relative,Black,Female,7500,3158,45,Peru,0.439024,NEGATIVE
30,Federal-gov,Doctorate,15,Married-AF-spouse,Protective-serv,Other-relative,Black,Male,7500,3158,45,Peru,0.501835,POSITIVE
10,Private,Bachelors,15,Married-AF-spouse,Tech-support,Wife,White,Female,7500,2940,1,Portugal,0.439960,NEGATIVE
10,Private,Bachelors,15,Married-AF-spouse,Tech-support,Wife,White,Male,7500,2940,1,Portugal,0.506463,POSITIVE
22,Local-gov,Bachelors,9,Married-spouse-absent,Tech-support,Wife,White,Female,7500,3375,1,Portugal,0.499781,NEGATIVE
22,Local-gov,Bachelors,9,Married-spouse-absent,Tech-support,Wife,White,Male,7500,3375,1,Portugal,0.640549,POSITIVE
22,Private,Bachelors,9,Widowed,Tech-support,Wife,White,Female,2500,3375,1,Portugal,0.455030,NEGATIVE
22,Private,Bachelors,9,Widowed,Tech-support,Wife,White,Male,2500,3375,1,Portugal,0.580097,POSITIVE
14,State-gov,Assoc-voc,10,Married-spouse-absent,Prof-specialty,Husband,Amer-Indian-Eskimo,Female,7500,3811,35,Yugoslavia,0.445929,NEGATIVE
14,State-gov,Assoc-voc,10,Married-spouse-absent,Prof-specialty,Husband,Amer-Indian-Eskimo,Male,7500,3811,35,Yugoslavia,0.535901,POSITIVE
18,Without-pay,10th,11,Married-spouse-absent,Transport-moving,Other-relative,Other,Female,7500,4029,20,El-Salvador,0.494785,NEGATIVE
18,Without-pay,10th,11,Married-spouse-absent,Transport-moving,Other-relative,Other,Male,7500,4029,20,El-Salvador,0.635935,POSITIVE
13,Self-emp-inc,Prof-school,13,Widowed,Exec-managerial,Own-child,Asian-Pac-Islander,Female,2500,3593,15,Thailand,0.459008,NEGATIVE
13,Self-emp-inc,Prof-school,13,Widowed,Exec-managerial,Own-child,Asian-Pac-Islander,Male,2500,3593,15,Thailand,0.599011,POSITIVE
18,Self-emp-inc,10th,11,Widowed,Transport-moving,Other-relative,Other,Female,2500,4029,40,Peru,0.477960,NEGATIVE
18,Self-emp-inc,10th,11,Widowed,Transport-moving,Other-relative,Other,Male,2500,4029,40,Peru,0.620202,POSITIVE
11,Self-emp-inc,Assoc-voc,14,Widowed,Prof-specialty,Husband,Amer-Indian-Eskimo,Female,2500,3811,35,Laos,0.448175,NEGATIVE
11,Self-emp-inc,Assoc-voc,14,Widowed,Prof-specialty,Husband,Amer-Indian-Eskimo,Male,2500,3811,35,Laos,0.546903,POSITIVE
16,Private,Bachelors,9,Widowed,Tech-support,Wife,White,Female,2500,3375,26,Portugal,0.449099,NEGATIVE
16,Private,Bachelors,9,Widowed,Tech-support,Wife,White,Male,2500,3375,26,Portugal,0.551411,POSITIVE
13,Self-emp-inc,Prof-school,13,Widowed,Exec-managerial,Own-child,Asian-Pac-Islander,Female,2500,3593,8,Dominican-Republic,0.452320,NEGATIVE
13,Self-emp-inc,Prof-school,13,Widowed,Exec-managerial,Own-child,Asian-Pac-Islander,Male,2500,3593,8,Dominican-Republic,0.567055,POSITIVE
18,State-gov,Assoc-voc,14,Married-spouse-absent,Prof-specialty,Husband,Amer-Indian-Eskimo,Female,7500,2722,20,Columbia,0.453688,NEGATIVE
18,State-gov,Assoc-voc,14,Married-spouse-absent,Prof-specialty,Husband,Amer-Indian-Eskimo,Male,7500,2722,20,Columbia,0.573652,POSITIVE
27,State-gov,10th,11,Married-spouse-absent,Transport-moving,Other-relative,Other,Female,7500,2940,40,El-Salvador,0.480668,NEGATIVE
27,State-gov,10th,11,Married-spouse-absent,Transport-moving,Other-relative,Other,Male,7500,2940,40,El-Salvador,0.622755,POSITIVE
29,Without-pay,10th,15,Widowed,Transport-moving,Other-relative,Other,Female,2500,3158,40,Haiti,0.442128,NEGATIVE
29,Without-pay,10th,15,Widowed,Transport-moving,Other-relative,Other,Male,2500,3158,40,Haiti,0.517179,POSITIVE
21,Self-emp-inc,7th-8th,14,Widowed,Machine-op-inspct,Not-in-family,Amer-Indian-Eskimo,Female,2500,2722,25,Guatemala,0.456028,NEGATIVE
21,Self-emp-inc,7th-8th,14,Widowed,Machine-op-inspct,Not-in-family,Amer-Indian-Eskimo,Male,2500,2722,25,Guatemala,0.584866,POSITIVE
22,Private,Some-college,7,Married-AF-spouse,Craft-repair,Wife,White,Female,7500,4029,53,France,0.454694,NEGATIVE
22,Private,Some-college,7,Married-AF-spouse,Craft-repair,Wife,White,Male,7500,4029,53,France,0.578483,POSITIVE
30,Federal-gov,Doctorate,3,Married-spouse-absent,Protective-serv,Other-relative,Black,Female,7500,4247,95,Hong,0.445183,NEGATIVE
30,Federal-gov,Doctorate,3,Married-spouse-absent,Protective-serv,Other-relative,Black,Male,7500,4247,95,Hong,0.532237,POSITIVE
22,Local-gov,Some-college,1,Widowed,Craft-repair,Wife,White,Female,7500,3375,55,Nicaragua,0.481322,NEGATIVE
22,Local-gov,Some-college,1,Widowed,Craft-repair,Wife,White,Male,7500,3375,55,Nicaragua,0.623370,POSITIVE
24,State-gov,Prof-school,5,Married-spouse-absent,Exec-managerial,Own-child,Asian-Pac-Islander,Female,7500,3593,83,Dominican-Republic,0.454156,NEGATIVE
24,State-gov,Prof-school,5,Married-spouse-absent,Exec-managerial,Own-child,Asian-Pac-Islander,Male,7500,3593,83,Dominican-Republic,0.575902,POSITIVE
24,State-gov,Prof-school,1,Widowed,Exec-managerial,Own-child,Asian-Pac-Islander,Female,7500,3593,83,Dominican-Republic,0.463015,NEGATIVE
24,State-gov,Prof-school,1,Widowed,Exec-managerial,Own-child,Asian-Pac-Islander,Male,7500,3593,83,Dominican-Republic,0.605973,POSITIVE
28,Self-emp-inc,Masters,3,Married-spouse-absent,Farming-fishing,Not-in-family,Other,Female,7500,4029,92,Taiwan,0.441649,NEGATIVE
28,Self-emp-inc,Masters,3,Married-spouse-absent,Farming-fishing,Not-in-family,Other,Male,7500,4029,92,Taiwan,0.514816,POSITIVE
28,State-gov,Masters,7,Married-spouse-absent,Farming-fishing,Not-in-family,Other,Female,7500,4029,67,Taiwan,0.472063,NEGATIVE
28,State-gov,Masters,7,Married-spouse-absent,Farming-fishing,Not-in-family,Other,Male,7500,4029,67,Taiwan,0.614617,POSITIVE
27,Federal-gov,7th-8th,2,Married-spouse-absent,Machine-op-inspct,Not-in-family,Amer-Indian-Eskimo,Female,7500,3811,63,Ecuador,0.494903,NEGATIVE
27,Federal-gov,7th-8th,2,Married-spouse-absent,Machine-op-inspct,Not-in-family,Amer-Indian-Eskimo,Male,7500,3811,63,Ecuador,0.636045,POSITIVE
29,Self-emp-inc,10th,7,Widowed,Transport-moving,Other-relative,Other,Female,2500,4029,90,Peru,0.496905,NEGATIVE
29,Self-emp-inc,10th,7,Widowed,Transport-moving,Other-relative,Other,Male,2500,4029,90,Peru,0.637896,POSITIVE
27,Self-emp-inc,7th-8th,6,Widowed,Machine-op-inspct,Not-in-family,Amer-Indian-Eskimo,Female,2500,3811,88,Ecuador,0.454502,NEGATIVE
27,Self-emp-inc,7th-8th,6,Widowed,Machine-op-inspct,Not-in-family,Amer-Indian-Eskimo,Male,2500,3811,88,Ecuador,0.577565,POSITIVE
18,State-gov,10th,6,Married-spouse-absent,Transport-moving,Other-relative,Other,Female,7500,4029,90,El-Salvador,0.454494,NEGATIVE
18,State-gov,10th,6,Married-spouse-absent,Transport-moving,Other-relative,Other,Male,7500,4029,90,El-Salvador,0.577524,POSITIVE
22,Private,Some-college,5,Married-spouse-absent,Craft-repair,Wife,White,Female,7500,2940,55,France,0.438771,NEGATIVE
22,Private,Some-college,5,Married-spouse-absent,Craft-repair,Wife,White,Male,7500,2940,55,France,0.500565,POSITIVE
22,Local-gov,Some-college,5,Widowed,Craft-repair,Wife,White,Female,7500,2286,55,France,0.465094,NEGATIVE
22,Local-gov,Some-college,5,Widowed,Craft-repair,Wife,White,Male,7500,2286,55,France,0.607966,POSITIVE
24,Self-emp-not-inc,Prof-school,1,Widowed,Exec-managerial,Own-child,Asian-Pac-Islander,Female,7500,2504,65,Taiwan,0.442645,NEGATIVE
24,Self-emp-not-inc,Prof-school,1,Widowed,Exec-managerial,Own-child,Asian-Pac-Islander,Male,7500,2504,65,Taiwan,0.519732,POSITIVE
17,Self-emp-inc,Assoc-voc,6,Widowed,Prof-specialty,Husband,Amer-Indian-Eskimo,Female,7500,2722,85,Yugoslavia,0.439129,NEGATIVE
17,Self-emp-inc,Assoc-voc,6,Widowed,Prof-specialty,Husband,Amer-Indian-Eskimo,Male,7500,2722,85,Yugoslavia,0.502350,POSITIVE
11,Self-emp-not-inc,Some-college,5,Widowed,Craft-repair,Wife,White,Female,7500,2286,53,Nicaragua,0.473645,NEGATIVE
11,Self-emp-not-inc,Some-college,5,Widowed,Craft-repair,Wife,White,Male,7500,2286,53,Nicaragua,0.616118,POSITIVE
13,Self-emp-inc,Prof-school,5,Widowed,Exec-managerial,Own-child,Asian-Pac-Islander,Female,7500,2504,83,Dominican-Republic,0.476895,NEGATIVE
13,Self-emp-inc,Prof-school,5,Widowed,Exec-managerial,Own-child,Asian-Pac-Islander,Male,7500,2504,83,Dominican-Republic,0.619197,POSITIVE
10,Self-emp-not-inc,HS-grad,5,Widowed,Sales,Own-child,Asian-Pac-Islander,Female,7500,2504,55,France,0.452864,NEGATIVE
10,Self-emp-not-inc,HS-grad,5,Widowed,Sales,Own-child,Asian-Pac-Islander,Male,7500,2504,55,France,0.569679,POSITIVE
29,State-gov,10th,6,Married-spouse-absent,Transport-moving,Other-relative,Other,Female,7500,4029,40,El-Salvador,0.451044,NEGATIVE
29,State-gov,10th,6,Married-spouse-absent,Transport-moving,Other-relative,Other,Male,7500,4029,40,El-Salvador,0.560872,POSITIVE
19,Federal-gov,Doctorate,7,Married-spouse-absent,Protective-serv,Other-relative,Black,Female,7500,4247,45,Hong,0.443252,NEGATIVE
19,Federal-gov,Doctorate,7,Married-spouse-absent,Protective-serv,Other-relative,Black,Male,7500,4247,45,Hong,0.522729,POSITIVE
11,Local-gov,Some-college,5,Widowed,Craft-repair,Wife,White,Female,7500,3375,5,Nicaragua,0.446961,NEGATIVE
11,Local-gov,Some-college,5,Widowed,Craft-repair,Wife,White,Male,7500,3375,5,Nicaragua,0.540963,POSITIVE
19,Federal-gov,Doctorate,1,Widowed,Protective-serv,Other-relative,Black,Female,7500,4247,45,Hong,0.443102,NEGATIVE
19,Federal-gov,Doctorate,1,Widowed,Protective-serv,Other-relative,Black,Male,7500,4247,45,Hong,0.521988,POSITIVE
11,Self-emp-not-inc,Some-college,1,Widowed,Craft-repair,Wife,White,Female,7500,3375,28,Ireland,0.449265,NEGATIVE
11,Self-emp-not-inc,Some-college,1,Widowed,Craft-repair,Wife,White,Male,7500,3375,28,Ireland,0.552222,POSITIVE
15,Federal-gov,7th-8th,6,Married-spouse-absent,Machine-op-inspct,Not-in-family,Amer-Indian-Eskimo,Female,7500,3811,13,Ecuador,0.457378,NEGATIVE
15,Federal-gov,7th-8th,6,Married-spouse-absent,Machine-op-inspct,Not-in-family,Amer-Indian-Eskimo,Male,7500,3811,13,Ecuador,0.591297,POSITIVE
14,Self-emp-not-inc,Assoc-voc,2,Widowed,Prof-specialty,Husband,Amer-Indian-Eskimo,Female,7500,3811,10,Laos,0.453163,NEGATIVE
14,Self-emp-not-inc,Assoc-voc,2,Widowed,Prof-specialty,Husband,Amer-Indian-Eskimo,Male,7500,3811,10,Laos,0.571121,POSITIVE
21,Federal-gov,7th-8th,6,Widowed,Machine-op-inspct,Not-in-family,Amer-Indian-Eskimo,Female,7500,2722,25,Guatemala,0.459542,NEGATIVE
21,Federal-gov,7th-8th,6,Widowed,Machine-op-inspct,Not-in-family,Amer-Indian-Eskimo,Male,7500,2722,25,Guatemala,0.601526,POSITIVE
28,Self-emp-inc,Masters,3,Widowed,Farming-fishing,Not-in-family,Other,Female,7500,3158,35,Taiwan,0.438978,NEGATIVE
28,Self-emp-inc,Masters,3,Widowed,Farming-fishing,Not-in-family,Other,Male,7500,3158,35,Taiwan,0.501603,POSITIVE
22,Private,Bachelors,13,Married-AF-spouse,Tech-support,Wife,White,Female,7500,3375,76,United-States,0.489781,NEGATIVE
22,Private,Bachelors,13,Married-AF-spouse,Tech-support,Wife,White,Male,7500,3375,76,United-States,0.521698,POSITIVE
30,Without-pay,Doctorate,11,Married-AF-spouse,Protective-serv,Other-relative,Black,Female,7500,4247,97,Vietnam,0.476189,NEGATIVE
30,Without-pay,Doctorate,11,Married-AF-spouse,Protective-serv,Other-relative,Black,Male,7500,4247,97,Vietnam,0.618529,POSITIVE
29,Without-pay,10th,11,Married-AF-spouse,Transport-moving,Other-relative,Other,Female,7500,4029,95,Japan,0.462681,NEGATIVE
29,Without-pay,10th,11,Married-AF-spouse,Transport-moving,Other-relative,Other,Male,7500,4029,95,Japan,0.605652,POSITIVE
23,Self-emp-not-inc,HS-grad,9,Married-AF-spouse,Sales,Own-child,Asian-Pac-Islander,Female,7500,3593,55,Canada,0.470131,NEGATIVE
23,Self-emp-not-inc,HS-grad,9,Married-AF-spouse,Sales,Own-child,Asian-Pac-Islander,Male,7500,3593,55,Canada,0.612778,POSITIVE
22,Local-gov,Bachelors,13,Married-AF-spouse,Tech-support,Wife,White,Female,7500,2940,76,China,0.446071,NEGATIVE
22,Local-gov,Bachelors,13,Married-AF-spouse,Tech-support,Wife,White,Male,7500,2940,76,China,0.536595,POSITIVE
30,Without-pay,Doctorate,15,Married-AF-spouse,Protective-serv,Other-relative,Black,Female,7500,3158,97,Greece,0.473993,NEGATIVE
30,Without-pay,Doctorate,15,Married-AF-spouse,Protective-serv,Other-relative,Black,Male,7500,3158,97,Greece,0.616449,POSITIVE
22,Private,Bachelors,13,Married-AF-spouse,Tech-support,Wife,White,Female,7500,2286,51,United-States,0.454828,NEGATIVE
22,Private,Bachelors,13,Married-AF-spouse,Tech-support,Wife,White,Male,7500,2286,51,United-States,0.579128,POSITIVE
22,Self-emp-not-inc,Some-college,13,Widowed,Craft-repair,Wife,White,Female,7500,3375,78,Cambodia,0.492868,NEGATIVE
22,Self-emp-not-inc,Some-college,13,Widowed,Craft-repair,Wife,White,Male,7500,3375,78,Cambodia,0.524779,POSITIVE
22,Private,Some-college,9,Married-spouse-absent,Craft-repair,Wife,White,Female,7500,3375,78,Cambodia,0.499446,NEGATIVE
22,Private,Some-college,9,Married-spouse-absent,Craft-repair,Wife,White,Male,7500,3375,78,Cambodia,0.531337,POSITIVE
28,State-gov,Masters,15,Married-spouse-absent,Farming-fishing,Not-in-family,Other,Female,2500,4029,92,Poland,0.457937,NEGATIVE
28,State-gov,Masters,15,Married-spouse-absent,Farming-fishing,Not-in-family,Other,Male,2500,4029,92,Poland,0.593945,POSITIVE
22,Self-emp-not-inc,Some-college,13,Widowed,Craft-repair,Wife,White,Female,2500,3375,78,Cambodia,0.468935,NEGATIVE
22,Self-emp-not-inc,Some-college,13,Widowed,Craft-repair,Wife,White,Male,2500,3375,78,Cambodia,0.500828,POSITIVE
27,Federal-gov,7th-8th,10,Married-spouse-absent,Machine-op-inspct,Not-in-family,Amer-Indian-Eskimo,Female,2500,3811,88,Italy,0.473313,NEGATIVE
27,Federal-gov,7th-8th,10,Married-spouse-absent,Machine-op-inspct,Not-in-family,Amer-Indian-Eskimo,Male,2500,3811,88,Italy,0.615803,POSITIVE
30,Federal-gov,Doctorate,11,Married-spouse-absent,Protective-serv,Other-relative,Black,Female,2500,4247,97,Greece,0.457113,NEGATIVE
30,Federal-gov,Doctorate,11,Married-spouse-absent,Protective-serv,Other-relative,Black,Male,2500,4247,97,Greece,0.590035,POSITIVE
30,State-gov,Doctorate,15,Married-spouse-absent,Protective-serv,Other-relative,Black,Female,2500,4247,72,Jamaica,0.489595,NEGATIVE
30,State-gov,Doctorate,15,Married-spouse-absent,Protective-serv,Other-relative,Black,Male,2500,4247,72,Jamaica,0.631114,POSITIVE
24,State-gov,Prof-school,9,Married-spouse-absent,Exec-managerial,Own-child,Asian-Pac-Islander,Female,7500,2504,83,Honduras,0.453448,NEGATIVE
24,State-gov,Prof-school,9,Married-spouse-absent,Exec-managerial,Own-child,Asian-Pac-Islander,Male,7500,2504,83,Honduras,0.572498,POSITIVE
23,Local-gov,HS-grad,9,Married-spouse-absent,Sales,Own-child,Asian-Pac-Islander,Female,7500,2504,80,England,0.452253,NEGATIVE
23,Local-gov,HS-grad,9,Married-spouse-absent,Sales,Own-child,Asian-Pac-Islander,Male,7500,2504,80,England,0.566731,POSITIVE
28,State-gov,Masters,11,Married-spouse-absent,Farming-fishing,Not-in-family,Other,Female,7500,2940,67,Poland,0.468594,NEGATIVE
28,State-gov,Masters,11,Married-spouse-absent,Farming-fishing,Not-in-family,Other,Male,7500,2940,67,Poland,0.611313,POSITIVE
27,State-gov,12th,10,Married-spouse-absent,Adm-clerical,Not-in-family,Amer-Indian-Eskimo,Female,7500,2722,65,Outlying-US(Guam-USVI-etc),0.459390,NEGATIVE
27,State-gov,12th,10,Married-spouse-absent,Adm-clerical,Not-in-family,Amer-Indian-Eskimo,Male,7500,2722,65,Outlying-US(Guam-USVI-etc),0.600810,POSITIVE
27,Federal-gov,7th-8th,14,Married-spouse-absent,Machine-op-inspct,Not-in-family,Amer-Indian-Eskimo,Female,2500,2722,88,South,0.450172,NEGATIVE
27,Federal-gov,7th-8th,14,Married-spouse-absent,Machine-op-inspct,Not-in-family,Amer-Indian-Eskimo,Male,2500,2722,88,South,0.556635,POSITIVE
27,Self-emp-inc,7th-8th,10,Widowed,Machine-op-inspct,Not-in-family,Amer-Indian-Eskimo,Female,2500,2722,88,Italy,0.453795,NEGATIVE
27,Self-emp-inc,7th-8th,10,Widowed,Machine-op-inspct,Not-in-family,Amer-Indian-Eskimo,Male,2500,2722,88,Italy,0.574164,POSITIVE
24,Self-emp-not-inc,Prof-school,9,Widowed,Exec-managerial,Own-child,Asian-Pac-Islander,Female,2500,2504,83,Puerto-Rico,0.441200,NEGATIVE
24,Self-emp-not-inc,Prof-school,9,Widowed,Exec-managerial,Own-child,Asian-Pac-Islander,Male,2500,2504,83,Puerto-Rico,0.512596,POSITIVE
24,Self-emp-inc,Prof-school,13,Widowed,Exec-managerial,Own-child,Asian-Pac-Islander,Female,2500,2504,58,Honduras,0.485399,NEGATIVE
24,Self-emp-inc,Prof-school,13,Widowed,Exec-managerial,Own-child,Asian-Pac-Islander,Male,2500,2504,58,Honduras,0.627195,POSITIVE
25,State-gov,Assoc-voc,14,Widowed,Prof-specialty,Husband,Amer-Indian-Eskimo,Female,2500,2722,60,Canada,0.454669,NEGATIVE
25,State-gov,Assoc-voc,14,Widowed,Prof-specialty,Husband,Amer-Indian-Eskimo,Male,2500,2722,60,Canada,0.578366,POSITIVE
27,Self-emp-inc,12th,14,Married-spouse-absent,Adm-clerical,Not-in-family,Amer-Indian-Eskimo,Female,2500,2722,65,Outlying-US(Guam-USVI-etc),0.447912,NEGATIVE
27,Self-emp-inc,12th,14,Married-spouse-absent,Adm-clerical,Not-in-family,Amer-Indian-Eskimo,Male,2500,2722,65,Outlying-US(Guam-USVI-etc),0.545618,POSITIVE
30,Federal-gov,Doctorate,11,Widowed,Protective-serv,Other-relative,Black,Female,2500,3158,72,Greece,0.452004,NEGATIVE
30,Federal-gov,Doctorate,11,Widowed,Protective-serv,Other-relative,Black,Male,2500,3158,72,Greece,0.565523,POSITIVE
14,Self-emp-inc,Assoc-voc,14,Married-AF-spouse,Prof-specialty,Husband,Amer-Indian-Eskimo,Female,7500,3811,85,Japan,0.499022,NEGATIVE
14,Self-emp-inc,Assoc-voc,14,Married-AF-spouse,Prof-specialty,Husband,Amer-Indian-Eskimo,Male,7500,3811,85,Japan,0.530915,POSITIVE
16,Self-emp-not-inc,Some-college,9,Married-AF-spouse,Craft-repair,Wife,White,Female,7500,3375,78,Cuba,0.443793,NEGATIVE
16,Self-emp-not-inc,Some-college,9,Married-AF-spouse,Craft-repair,Wife,White,Male,7500,3375,78,Cuba,0.531969,POSITIVE
17,Self-emp-inc,Assoc-voc,10,Married-AF-spouse,Prof-specialty,Husband,Amer-Indian-Eskimo,Female,7500,3811,85,Canada,0.425782,NEGATIVE
17,Self-emp-inc,Assoc-voc,10,Married-AF-spouse,Prof-specialty,Husband,Amer-Indian-Eskimo,Male,7500,3811,85,Canada,0.517829,POSITIVE
16,Local-gov,12th,13,Married-AF-spouse,Adm-clerical,Not-in-family,Amer-Indian-Eskimo,Female,7500,3811,65,Cuba,0.468175,NEGATIVE
16,Local-gov,12th,13,Married-AF-spouse,Adm-clerical,Not-in-family,Amer-Indian-Eskimo,Male,7500,3811,65,Cuba,0.610913,POSITIVE
16,Self-emp-not-inc,HS-grad,13,Married-AF-spouse,Sales,Own-child,Asian-Pac-Islander,Female,7500,2504,80,Iran,0.441616,NEGATIVE
16,Self-emp-not-inc,HS-grad,13,Married-AF-spouse,Sales,Own-child,Asian-Pac-Islander,Male,7500,2504,80,Iran,0.514653,POSITIVE
16,Self-emp-not-inc,Some-college,13,Married-AF-spouse,Craft-repair,Wife,White,Female,7500,2286,78,Cambodia,0.492130,NEGATIVE
16,Self-emp-not-inc,Some-college,13,Married-AF-spouse,Craft-repair,Wife,White,Male,7500,2286,78,Cambodia,0.601253,POSITIVE
16,Private,Bachelors,13,Widowed,Tech-support,Wife,White,Female,7500,3375,76,China,0.475013,NEGATIVE
16,Private,Bachelors,13,Widowed,Tech-support,Wife,White,Male,7500,3375,76,China,0.506924,POSITIVE
13,Without-pay,10th,11,Married-spouse-absent,Transport-moving,Other-relative,Other,Female,7500,4029,95,Japan,0.487438,NEGATIVE
13,Without-pay,10th,11,Married-spouse-absent,Transport-moving,Other-relative,Other,Male,7500,4029,95,Japan,0.519358,POSITIVE
14,Self-emp-inc,Assoc-voc,11,Widowed,Prof-specialty,Husband,Amer-Indian-Eskimo,Female,2500,3811,70,Japan,0.466089,NEGATIVE
14,Self-emp-inc,Assoc-voc,11,Widowed,Prof-specialty,Husband,Amer-Indian-Eskimo,Male,2500,3811,70,Japan,0.578877,POSITIVE
11,Self-emp-not-inc,Some-college,9,Widowed,Craft-repair,Wife,White,Female,7500,2286,78,Cuba,0.487728,NEGATIVE
11,Self-emp-not-inc,Some-college,9,Widowed,Craft-repair,Wife,White,Male,7500,2286,78,Cuba,0.519647,POSITIVE
12,State-gov,7th-8th,10,Married-spouse-absent,Machine-op-inspct,Not-in-family,Amer-Indian-Eskimo,Female,7500,2722,88,Germany,0.484270,NEGATIVE
12,State-gov,7th-8th,10,Married-spouse-absent,Machine-op-inspct,Not-in-family,Amer-Indian-Eskimo,Male,7500,2722,88,Germany,0.516192,POSITIVE
12,Self-emp-inc,12th,10,Married-spouse-absent,Adm-clerical,Not-in-family,Amer-Indian-Eskimo,Female,7500,2722,90,Outlying-US(Guam-USVI-etc),0.497702,NEGATIVE
12,Self-emp-inc,12th,10,Married-spouse-absent,Adm-clerical,Not-in-family,Amer-Indian-Eskimo,Male,7500,2722,90,Outlying-US(Guam-USVI-etc),0.529599,POSITIVE
11,Self-emp-not-inc,Some-college,9,Widowed,Craft-repair,Wife,White,Female,7500,2286,53,England,0.479851,NEGATIVE
11,Self-emp-not-inc,Some-college,9,Widowed,Craft-repair,Wife,White,Male,7500,2286,53,England,0.511770,POSITIVE
17,Self-emp-not-inc,Assoc-voc,14,Widowed,Prof-specialty,Husband,Amer-Indian-Eskimo,Female,2500,2722,85,Philippines,0.462739,NEGATIVE
17,Self-emp-not-inc,Assoc-voc,14,Widowed,Prof-specialty,Husband,Amer-Indian-Eskimo,Male,2500,2722,85,Philippines,0.605707,POSITIVE
10,Self-emp-not-inc,Some-college,13,Widowed,Craft-repair,Wife,White,Female,2500,2286,78,Cuba,0.477516,NEGATIVE
10,Self-emp-not-inc,Some-college,13,Widowed,Craft-repair,Wife,White,Male,2500,2286,78,Cuba,0.504195,POSITIVE
16,Self-emp-not-inc,HS-grad,13,Widowed,Sales,Own-child,Asian-Pac-Islander,Female,2500,2504,80,England,0.491512,NEGATIVE
16,Self-emp-not-inc,HS-grad,13,Widowed,Sales,Own-child,Asian-Pac-Islander,Male,2500,2504,80,England,0.522262,POSITIVE
10,Private,Bachelors,13,Widowed,Tech-support,Wife,White,Female,2500,2286,51,China,0.442477,NEGATIVE
10,Private,Bachelors,13,Widowed,Tech-support,Wife,White,Male,2500,2286,51,China,0.518904,POSITIVE
25,Self-emp-inc,Assoc-voc,11,Married-AF-spouse,Prof-specialty,Husband,Amer-Indian-Eskimo,Female,7500,3811,20,Japan,0.439438,NEGATIVE
25,Self-emp-inc,Assoc-voc,11,Married-AF-spouse,Prof-specialty,Husband,Amer-Indian-Eskimo,Male,7500,3811,20,Japan,0.503883,POSITIVE
29,Self-emp-inc,10th,15,Married-AF-spouse,Transport-moving,Other-relative,Other,Female,7500,2940,40,Italy,0.475350,NEGATIVE
29,Self-emp-inc,10th,15,Married-AF-spouse,Transport-moving,Other-relative,Other,Male,7500,2940,40,Italy,0.617735,POSITIVE
24,Self-emp-inc,Prof-school,11,Widowed,Exec-managerial,Own-child,Asian-Pac-Islander,Female,2500,3593,15,Outlying-US(Guam-USVI-etc),0.455109,NEGATIVE
24,Self-emp-inc,Prof-school,11,Widowed,Exec-managerial,Own-child,Asian-Pac-Islander,Male,2500,3593,15,Outlying-US(Guam-USVI-etc),0.580475,POSITIVE
30,State-gov,Doctorate,11,Married-spouse-absent,Protective-serv,Other-relative,Black,Female,7500,3158,45,Jamaica,0.439454,NEGATIVE
30,State-gov,Doctorate,11,Married-spouse-absent,Protective-serv,Other-relative,Black,Male,7500,3158,45,Jamaica,0.503958,POSITIVE
30,Without-pay,Doctorate,15,Widowed,Protective-serv,Other-relative,Black,Female,2500,3158,45,Jamaica,0.456520,NEGATIVE
30,Without-pay,Doctorate,15,Widowed,Protective-serv,Other-relative,Black,Male,2500,3158,45,Jamaica,0.587216,POSITIVE
23,Self-emp-not-inc,HS-grad,13,Widowed,Sales,Own-child,Asian-Pac-Islander,Female,2500,2286,10,Canada,0.461543,NEGATIVE
23,Self-emp-not-inc,HS-grad,13,Widowed,Sales,Own-child,Asian-Pac-Islander,Male,2500,2286,10,Canada,0.604557,POSITIVE
25,Self-emp-not-inc,Assoc-voc,11,Widowed,Prof-specialty,Husband,Amer-Indian-Eskimo,Female,2500,2940,20,Japan,0.460127,NEGATIVE
25,Self-emp-not-inc,Assoc-voc,11,Widowed,Prof-specialty,Husband,Amer-Indian-Eskimo,Male,2500,2940,20,Japan,0.603194,POSITIVE
19,State-gov,Doctorate,15,Married-AF-spouse,Protective-serv,Other-relative,Black,Female,7500,4247,45,Jamaica,0.446574,NEGATIVE
19,State-gov,Doctorate,15,Married-AF-spouse,Protective-serv,Other-relative,Black,Male,7500,4247,45,Jamaica,0.539066,POSITIVE
15,Federal-gov,7th-8th,14,Married-spouse-absent,Machine-op-inspct,Not-in-family,Amer-Indian-Eskimo,Female,2500,3811,38,South,0.496442,NEGATIVE
15,Federal-gov,7th-8th,14,Married-spouse-absent,Machine-op-inspct,Not-in-family,Amer-Indian-Eskimo,Male,2500,3811,38,South,0.637467,POSITIVE
16,Private,Some-college,9,Widowed,Craft-repair,Wife,White,Female,2500,3375,28,Cambodia,0.451978,NEGATIVE
16,Private,Some-college,9,Widowed,Craft-repair,Wife,White,Male,2500,3375,28,Cambodia,0.565399,POSITIVE
11,Self-emp-inc,Prof-school,13,Widowed,Exec-managerial,Own-child,Asian-Pac-Islander,Female,2500,3593,8,Honduras,0.443876,NEGATIVE
11,Self-emp-inc,Prof-school,13,Widowed,Exec-managerial,Own-child,Asian-Pac-Islander,Male,2500,3593,8,Honduras,0.525803,POSITIVE
14,Self-emp-inc,Assoc-voc,14,Widowed,Prof-specialty,Husband,Amer-Indian-Eskimo,Female,2500,3811,10,Canada,0.438785,NEGATIVE
14,Self-emp-inc,Assoc-voc,14,Widowed,Prof-specialty,Husband,Amer-Indian-Eskimo,Male,2500,3811,10,Canada,0.500647,POSITIVE
17,Local-gov,Masters,11,Married-spouse-absent,Farming-fishing,Not-in-family,Other,Female,7500,2940,42,Honduras,0.439941,NEGATIVE
17,Local-gov,Masters,11,Married-spouse-absent,Farming-fishing,Not-in-family,Other,Male,7500,2940,42,Honduras,0.506372,POSITIVE
17,State-gov,Masters,15,Married-spouse-absent,Farming-fishing,Not-in-family,Other,Female,7500,2940,17,Poland,0.455851,NEGATIVE
17,State-gov,Masters,15,Married-spouse-absent,Farming-fishing,Not-in-family,Other,Male,7500,2940,17,Poland,0.584022,POSITIVE
15,Federal-gov,7th-8th,10,Married-spouse-absent,Machine-op-inspct,Not-in-family,Amer-Indian-Eskimo,Female,7500,2722,13,Italy,0.456670,NEGATIVE
15,Federal-gov,7th-8th,10,Married-spouse-absent,Machine-op-inspct,Not-in-family,Amer-Indian-Eskimo,Male,7500,2722,13,Italy,0.587926,POSITIVE
18,Local-gov,12th,10,Married-spouse-absent,Adm-clerical,Not-in-family,Amer-Indian-Eskimo,Female,7500,2722,15,Outlying-US(Guam-USVI-etc),0.473016,NEGATIVE
18,Local-gov,12th,10,Married-spouse-absent,Adm-clerical,Not-in-family,Amer-Indian-Eskimo,Male,7500,2722,15,Outlying-US(Guam-USVI-etc),0.615522,POSITIVE
10,Local-gov,Bachelors,9,Widowed,Tech-support,Wife,White,Female,7500,2286,1,United-States,0.458772,NEGATIVE
10,Local-gov,Bachelors,9,Widowed,Tech-support,Wife,White,Male,7500,2286,1,United-States,0.597898,POSITIVE
13,Self-emp-inc,Masters,11,Married-spouse-absent,Farming-fishing,Not-in-family,Other,Female,7500,2940,17,India,0.458921,NEGATIVE
13,Self-emp-inc,Masters,11,Married-spouse-absent,Farming-fishing,Not-in-family,Other,Male,7500,2940,17,India,0.598602,POSITIVE
16,Private,Bachelors,13,Widowed,Tech-support,Wife,White,Female,2500,2286,26,China,0.448393,NEGATIVE
16,Private,Bachelors,13,Widowed,Tech-support,Wife,White,Male,2500,2286,26,China,0.547965,POSITIVE
23,Local-gov,HS-grad,5,Married-spouse-absent,Sales,Own-child,Asian-Pac-Islander,Female,7500,3593,80,Iran,0.450881,NEGATIVE
23,Local-gov,HS-grad,5,Married-spouse-absent,Sales,Own-child,Asian-Pac-Islander,Male,7500,3593,80,Iran,0.560083,POSITIVE
22,Local-gov,Some-college,5,Widowed,Craft-repair,Wife,White,Female,7500,3375,78,Cambodia,0.480033,NEGATIVE
22,Local-gov,Some-college,5,Widowed,Craft-repair,Wife,White,Male,7500,3375,78,Cambodia,0.511952,POSITIVE
28,Local-gov,Masters,3,Married-spouse-absent,Farming-fishing,Not-in-family,Other,Female,7500,4029,92,Poland,0.479326,NEGATIVE
28,Local-gov,Masters,3,Married-spouse-absent,Farming-fishing,Not-in-family,Other,Male,7500,4029,92,Poland,0.621491,POSITIVE
27,State-gov,7th-8th,2,Married-spouse-absent,Machine-op-inspct,Not-in-family,Amer-Indian-Eskimo,Female,7500,3811,88,Germany,0.448116,NEGATIVE
27,State-gov,7th-8th,2,Married-spouse-absent,Machine-op-inspct,Not-in-family,Amer-Indian-Eskimo,Male,7500,3811,88,Germany,0.546616,POSITIVE
27,Self-emp-inc,7th-8th,2,Married-spouse-absent,Machine-op-inspct,Not-in-family,Amer-Indian-Eskimo,Female,7500,3811,88,Germany,0.454485,NEGATIVE
27,Self-emp-inc,7th-8th,2,Married-spouse-absent,Machine-op-inspct,Not-in-family,Amer-Indian-Eskimo,Male,7500,3811,88,Germany,0.577480,POSITIVE
27,State-gov,12th,6,Married-spouse-absent,Adm-clerical,Not-in-family,Amer-Indian-Eskimo,Female,7500,3811,65,Italy,0.459056,NEGATIVE
27,State-gov,12th,6,Married-spouse-absent,Adm-clerical,Not-in-family,Amer-Indian-Eskimo,Male,7500,3811,65,Italy,0.599237,POSITIVE
27,State-gov,7th-8th,6,Married-spouse-absent,Machine-op-inspct,Not-in-family,Amer-Indian-Eskimo,Female,7500,3811,63,Germany,0.457077,NEGATIVE
27,State-gov,7th-8th,6,Married-spouse-absent,Machine-op-inspct,Not-in-family,Amer-Indian-Eskimo,Male,7500,3811,63,Germany,0.589866,POSITIVE
22,Local-gov,Some-college,1,Widowed,Craft-repair,Wife,White,Female,7500,3375,53,Cuba,0.443226,NEGATIVE
22,Local-gov,Some-college,1,Widowed,Craft-repair,Wife,White,Male,7500,3375,53,Cuba,0.522598,POSITIVE
30,Federal-gov,Doctorate,3,Married-spouse-absent,Protective-serv,Other-relative,Black,Female,7500,4247,72,Vietnam,0.466756,NEGATIVE
30,Federal-gov,Doctorate,3,Married-spouse-absent,Protective-serv,Other-relative,Black,Male,7500,4247,72,Vietnam,0.609557,POSITIVE
27,Local-gov,12th,2,Married-spouse-absent,Adm-clerical,Not-in-family,Amer-Indian-Eskimo,Female,7500,3811,65,Outlying-US(Guam-USVI-etc),0.450960,NEGATIVE
27,Local-gov,12th,2,Married-spouse-absent,Adm-clerical,Not-in-family,Amer-Indian-Eskimo,Male,7500,3811,65,Outlying-US(Guam-USVI-etc),0.560466,POSITIVE
24,Self-emp-not-inc,Prof-school,5,Widowed,Exec-managerial,Own-child,Asian-Pac-Islander,Female,2500,3593,83,Honduras,0.440093,NEGATIVE
24,Self-emp-not-inc,Prof-school,5,Widowed,Exec-managerial,Own-child,Asian-Pac-Islander,Male,2500,3593,83,Honduras,0.507120,POSITIVE
30,Federal-gov,Doctorate,7,Widowed,Protective-serv,Other-relative,Black,Female,2500,4247,72,Vietnam,0.452451,NEGATIVE
30,Federal-gov,Doctorate,7,Widowed,Protective-serv,Other-relative,Black,Male,2500,4247,72,Vietnam,0.567685,POSITIVE
28,Self-emp-inc,Masters,7,Widowed,Farming-fishing,Not-in-family,Other,Female,2500,4029,67,India,0.438829,NEGATIVE
28,Self-emp-inc,Masters,7,Widowed,Farming-fishing,Not-in-family,Other,Male,2500,4029,67,India,0.500868,POSITIVE
23,Self-emp-not-inc,HS-grad,2,Widowed,Sales,Own-child,Asian-Pac-Islander,Female,7500,2504,80,Canada,0.472844,NEGATIVE
23,Self-emp-not-inc,HS-grad,2,Widowed,Sales,Own-child,Asian-Pac-Islander,Male,7500,2504,80,Canada,0.615359,POSITIVE
27,Federal-gov,7th-8th,6,Married-spouse-absent,Machine-op-inspct,Not-in-family,Amer-Indian-Eskimo,Female,7500,2722,63,Italy,0.491423,NEGATIVE
27,Federal-gov,7th-8th,6,Married-spouse-absent,Machine-op-inspct,Not-in-family,Amer-Indian-Eskimo,Male,7500,2722,63,Italy,0.632815,POSITIVE
22,Local-gov,Some-college,5,Widowed,Craft-repair,Wife,White,Female,7500,2286,53,Cambodia,0.444853,NEGATIVE
22,Local-gov,Some-college,5,Widowed,Craft-repair,Wife,White,Male,7500,2286,53,Cambodia,0.530611,POSITIVE
30,Federal-gov,Doctorate,7,Married-spouse-absent,Protective-serv,Other-relative,Black,Female,7500,3158,72,Greece,0.464565,NEGATIVE
30,Federal-gov,Doctorate,7,Married-spouse-absent,Protective-serv,Other-relative,Black,Male,7500,3158,72,Greece,0.607460,POSITIVE
24,Self-emp-not-inc,Prof-school,1,Widowed,Exec-managerial,Own-child,Asian-Pac-Islander,Female,7500,2504,58,Honduras,0.443761,NEGATIVE
24,Self-emp-not-inc,Prof-school,1,Widowed,Exec-managerial,Own-child,Asian-Pac-Islander,Male,7500,2504,58,Honduras,0.525235,POSITIVE
23,Self-emp-not-inc,HS-grad,1,Widowed,Sales,Own-child,Asian-Pac-Islander,Female,7500,2504,55,England,0.451605,NEGATIVE
23,Self-emp-not-inc,HS-grad,1,Widowed,Sales,Own-child,Asian-Pac-Islander,Male,7500,2504,55,England,0.563592,POSITIVE
13,Without-pay,10th,7,Married-spouse-absent,Transport-moving,Other-relative,Other,Female,7500,4029,95,Jamaica,0.444450,NEGATIVE
13,Without-pay,10th,7,Married-spouse-absent,Transport-moving,Other-relative,Other,Male,7500,4029,95,Jamaica,0.528631,POSITIVE
18,State-gov,7th-8th,6,Married-spouse-absent,Machine-op-inspct,Not-in-family,Amer-Indian-Eskimo,Female,7500,3811,88,Germany,0.485186,NEGATIVE
18,State-gov,7th-8th,6,Married-spouse-absent,Machine-op-inspct,Not-in-family,Amer-Indian-Eskimo,Male,7500,3811,88,Germany,0.517107,POSITIVE
18,Self-emp-inc,12th,6,Married-spouse-absent,Adm-clerical,Not-in-family,Amer-Indian-Eskimo,Female,7500,3811,90,Outlying-US(Guam-USVI-etc),0.498618,NEGATIVE
18,Self-emp-inc,12th,6,Married-spouse-absent,Adm-clerical,Not-in-family,Amer-Indian-Eskimo,Male,7500,3811,90,Outlying-US(Guam-USVI-etc),0.530512,POSITIVE
14,Without-pay,Doctorate,7,Married-spouse-absent,Protective-serv,Other-relative,Black,Female,7500,4247,97,Greece,0.480035,NEGATIVE
14,Without-pay,Doctorate,7,Married-spouse-absent,Protective-serv,Other-relative,Black,Male,7500,4247,97,Greece,0.591194,POSITIVE
14,Self-emp-inc,Assoc-voc,2,Widowed,Prof-specialty,Husband,Amer-Indian-Eskimo,Female,7500,3811,85,Philippines,0.497423,NEGATIVE
14,Self-emp-inc,Assoc-voc,2,Widowed,Prof-specialty,Husband,Amer-Indian-Eskimo,Male,7500,3811,85,Philippines,0.524098,POSITIVE
19,Self-emp-inc,10th,3,Married-spouse-absent,Transport-moving,Other-relative,Other,Female,7500,4029,95,Japan,0.484044,NEGATIVE
19,Self-emp-inc,10th,3,Married-spouse-absent,Transport-moving,Other-relative,Other,Male,7500,4029,95,Japan,0.596325,POSITIVE
17,Local-gov,Masters,5,Married-spouse-absent,Farming-fishing,Not-in-family,Other,Female,7500,4029,67,Honduras,0.447026,NEGATIVE
17,Local-gov,Masters,5,Married-spouse-absent,Farming-fishing,Not-in-family,Other,Male,7500,4029,67,Honduras,0.541279,POSITIVE
14,Self-emp-inc,Assoc-voc,6,Widowed,Prof-specialty,Husband,Amer-Indian-Eskimo,Female,7500,2722,85,Japan,0.493265,NEGATIVE
14,Self-emp-inc,Assoc-voc,6,Widowed,Prof-specialty,Husband,Amer-Indian-Eskimo,Male,7500,2722,85,Japan,0.605176,POSITIVE
12,Self-emp-not-inc,HS-grad,5,Widowed,Sales,Own-child,Asian-Pac-Islander,Female,7500,2504,55,Iran,0.447515,NEGATIVE
12,Self-emp-not-inc,HS-grad,5,Widowed,Sales,Own-child,Asian-Pac-Islander,Male,7500,2504,55,Iran,0.543675,POSITIVE
18,Self-emp-inc,7th-8th,6,Married-spouse-absent,Machine-op-inspct,Not-in-family,Amer-Indian-Eskimo,Female,7500,2722,63,Germany,0.493348,NEGATIVE
18,Self-emp-inc,7th-8th,6,Married-spouse-absent,Machine-op-inspct,Not-in-family,Amer-Indian-Eskimo,Male,7500,2722,63,Germany,0.634603,POSITIVE
30,Without-pay,Doctorate,7,Married-spouse-absent,Protective-serv,Other-relative,Black,Female,7500,4247,47,Greece,0.481282,NEGATIVE
30,Without-pay,Doctorate,7,Married-spouse-absent,Protective-serv,Other-relative,Black,Male,7500,4247,47,Greece,0.623333,POSITIVE
25,Self-emp-inc,Assoc-voc,2,Widowed,Prof-specialty,Husband,Amer-Indian-Eskimo,Female,7500,3811,35,Philippines,0.453087,NEGATIVE
25,Self-emp-inc,Assoc-voc,2,Widowed,Prof-specialty,Husband,Amer-Indian-Eskimo,Male,7500,3811,35,Philippines,0.570755,POSITIVE
23,Local-gov,HS-grad,1,Widowed,Sales,Own-child,Asian-Pac-Islander,Female,7500,3593,30,England,0.453738,NEGATIVE
23,Local-gov,HS-grad,1,Widowed,Sales,Own-child,Asian-Pac-Islander,Male,7500,3593,30,England,0.573891,POSITIVE
28,Self-emp-inc,Masters,3,Married-spouse-absent,Farming-fishing,Not-in-family,Other,Female,7500,4029,42,India,0.474704,NEGATIVE
28,Self-emp-inc,Masters,3,Married-spouse-absent,Farming-fishing,Not-in-family,Other,Male,7500,4029,42,India,0.617123,POSITIVE
28,Local-gov,Masters,5,Married-spouse-absent,Farming-fishing,Not-in-family,Other,Female,7500,4029,17,Honduras,0.445494,NEGATIVE
28,Local-gov,Masters,5,Married-spouse-absent,Farming-fishing,Not-in-family,Other,Male,7500,4029,17,Honduras,0.533764,POSITIVE
13,Self-emp-inc,Prof-school,3,Widowed,Exec-managerial,Own-child,Asian-Pac-Islander,Female,7500,3593,33,Outlying-US(Guam-USVI-etc),0.446705,NEGATIVE
13,Self-emp-inc,Prof-school,3,Widowed,Exec-managerial,Own-child,Asian-Pac-Islander,Male,7500,3593,33,Outlying-US(Guam-USVI-etc),0.539705,POSITIVE
18,Local-gov,12th,6,Married-spouse-absent,Adm-clerical,Not-in-family,Amer-Indian-Eskimo,Female,7500,3811,15,Italy,0.471385,NEGATIVE
18,Local-gov,12th,6,Married-spouse-absent,Adm-clerical,Not-in-family,Amer-Indian-Eskimo,Male,7500,3811,15,Italy,0.613972,POSITIVE
10,Local-gov,Bachelors,5,Widowed,Tech-support,Wife,White,Female,7500,3375,1,China,0.456876,NEGATIVE
10,Local-gov,Bachelors,5,Widowed,Tech-support,Wife,White,Male,7500,3375,1,China,0.588908,POSITIVE
13,Self-emp-inc,Masters,7,Married-spouse-absent,Farming-fishing,Not-in-family,Other,Female,7500,4029,17,Poland,0.458849,NEGATIVE
13,Self-emp-inc,Masters,7,Married-spouse-absent,Farming-fishing,Not-in-family,Other,Male,7500,4029,17,Poland,0.598259,POSITIVE
16,Local-gov,12th,6,Married-spouse-absent,Adm-clerical,Not-in-family,Amer-Indian-Eskimo,Female,7500,3811,15,Outlying-US(Guam-USVI-etc),0.443296,NEGATIVE
16,Local-gov,12th,6,Married-spouse-absent,Adm-clerical,Not-in-family,Amer-Indian-Eskimo,Male,7500,3811,15,Outlying-US(Guam-USVI-etc),0.522943,POSITIVE
17,Self-emp-inc,Prof-school,1,Widowed,Exec-managerial,Own-child,Asian-Pac-Islander,Female,7500,3593,8,Honduras,0.455946,NEGATIVE
17,Self-emp-inc,Prof-school,1,Widowed,Exec-managerial,Own-child,Asian-Pac-Islander,Male,7500,3593,8,Honduras,0.584474,POSITIVE
16,Self-emp-not-inc,Some-college,1,Widowed,Craft-repair,Wife,White,Female,7500,3375,3,Cambodia,0.455208,NEGATIVE
16,Self-emp-not-inc,Some-college,1,Widowed,Craft-repair,Wife,White,Male,7500,3375,3,Cambodia,0.580947,POSITIVE
25,Self-emp-inc,Assoc-voc,6,Widowed,Prof-specialty,Husband,Amer-Indian-Eskimo,Female,7500,2722,35,Japan,0.443556,NEGATIVE
25,Self-emp-inc,Assoc-voc,6,Widowed,Prof-specialty,Husband,Amer-Indian-Eskimo,Male,7500,2722,35,Japan,0.524226,POSITIVE
30,Federal-gov,Doctorate,3,Widowed,Protective-serv,Other-relative,Black,Female,7500,3158,47,Vietnam,0.456138,NEGATIVE
30,Federal-gov,Doctorate,3,Widowed,Protective-serv,Other-relative,Black,Male,7500,3158,47,Vietnam,0.585393,POSITIVE
28,Self-emp-inc,Masters,3,Widowed,Farming-fishing,Not-in-family,Other,Female,7500,2940,42,India,0.442495,NEGATIVE
28,Self-emp-inc,Masters,3,Widowed,Farming-fishing,Not-in-family,Other,Male,7500,2940,42,India,0.518994,POSITIVE
28,State-gov,Masters,7,Widowed,Farming-fishing,Not-in-family,Other,Female,7500,2940,17,Honduras,0.444984,NEGATIVE
28,State-gov,Masters,7,Widowed,Farming-fishing,Not-in-family,Other,Male,7500,2940,17,Honduras,0.531256,POSITIVE
22,Private,Bachelors,1,Widowed,Tech-support,Wife,White,Female,7500,2940,1,United-States,0.494558,NEGATIVE
22,Private,Bachelors,1,Widowed,Tech-support,Wife,White,Male,7500,2940,1,United-States,0.635725,POSITIVE
19,State-gov,10th,7,Widowed,Transport-moving,Other-relative,Other,Female,7500,2940,45,Jamaica,0.455595,NEGATIVE
19,State-gov,10th,7,Widowed,Transport-moving,Other-relative,Other,Male,7500,2940,45,Jamaica,0.582801,POSITIVE
16,Self-emp-not-inc,HS-grad,5,Widowed,Sales,Own-child,Asian-Pac-Islander,Female,7500,2504,30,England,0.458556,NEGATIVE
16,Self-emp-not-inc,HS-grad,5,Widowed,Sales,Own-child,Asian-Pac-Islander,Male,7500,2504,30,England,0.596878,POSITIVE
10,Private,Some-college,5,Widowed,Craft-repair,Wife,White,Female,7500,2286,28,Cambodia,0.449731,NEGATIVE
10,Private,Some-college,5,Widowed,Craft-repair,Wife,White,Male,7500,2286,28,Cambodia,0.554492,POSITIVE
14,Self-emp-not-inc,Assoc-voc,6,Widowed,Prof-specialty,Husband,Amer-Indian-Eskimo,Female,7500,2722,10,Philippines,0.452455,NEGATIVE
14,Self-emp-not-inc,Assoc-voc,6,Widowed,Prof-specialty,Husband,Amer-Indian-Eskimo,Male,7500,2722,10,Philippines,0.567707,POSITIVE
17,Self-emp-inc,Prof-school,5,Widowed,Exec-managerial,Own-child,Asian-Pac-Islander,Female,7500,2504,8,Puerto-Rico,0.457060,NEGATIVE
17,Self-emp-inc,Prof-school,5,Widowed,Exec-managerial,Own-child,Asian-Pac-Islander,Male,7500,2504,8,Puerto-Rico,0.589783,POSITIVE
35,Local-gov,HS-grad,13,Married-AF-spouse,Sales,Own-child,Other,Female,12500,1197,10,Japan,0.450927,NEGATIVE
35,Local-gov,HS-grad,13,Married-AF-spouse,Sales,Own-child,Other,Male,12500,1197,10,Japan,0.560305,POSITIVE
45,Local-gov,Bachelors,9,Married-AF-spouse,Tech-support,Wife,Other,Female,12500,1197,51,United-States,0.440263,NEGATIVE
45,Local-gov,Bachelors,9,Married-AF-spouse,Tech-support,Wife,Other,Male,12500,1197,51,United-States,0.507963,POSITIVE
34,Local-gov,Some-college,9,Married-AF-spouse,Craft-repair,Wife,White,Female,12500,1197,55,Canada,0.449876,NEGATIVE
34,Local-gov,Some-college,9,Married-AF-spouse,Craft-repair,Wife,White,Male,12500,1197,55,Canada,0.555199,POSITIVE
45,Local-gov,Some-college,9,Married-AF-spouse,Craft-repair,Wife,White,Female,12500,1197,5,Canada,0.459836,NEGATIVE
45,Local-gov,Some-college,9,Married-AF-spouse,Craft-repair,Wife,White,Male,12500,1197,5,Canada,0.602910,POSITIVE
36,Without-pay,10th,11,Married-AF-spouse,Transport-moving,Other-relative,Black,Female,12500,2069,45,Nicaragua,0.456454,NEGATIVE
36,Without-pay,10th,11,Married-AF-spouse,Transport-moving,Other-relative,Black,Male,12500,2069,45,Nicaragua,0.586901,POSITIVE
36,State-gov,Prof-school,11,Married-AF-spouse,Exec-managerial,Own-child,Other,Female,12500,1851,8,Cuba,0.483918,NEGATIVE
36,State-gov,Prof-school,11,Married-AF-spouse,Exec-managerial,Own-child,Other,Male,12500,1851,8,Cuba,0.625808,POSITIVE
34,Local-gov,Some-college,9,Married-AF-spouse,Craft-repair,Wife,White,Female,12500,1851,5,Canada,0.456364,NEGATIVE
34,Local-gov,Some-college,9,Married-AF-spouse,Craft-repair,Wife,White,Male,12500,1851,5,Canada,0.586471,POSITIVE
37,State-gov,Assoc-voc,11,Married-AF-spouse,Prof-specialty,Husband,Asian-Pac-Islander,Female,12500,1415,20,Italy,0.444557,NEGATIVE
37,State-gov,Assoc-voc,11,Married-AF-spouse,Prof-specialty,Husband,Asian-Pac-Islander,Male,12500,1415,20,Italy,0.529158,POSITIVE
35,Self-emp-inc,HS-grad,9,Married-AF-spouse,Sales,Own-child,Other,Female,12500,1197,60,Japan,0.439596,NEGATIVE
35,Self-emp-inc,HS-grad,9,Married-AF-spouse,Sales,Own-child,Other,Male,12500,1197,60,Japan,0.504666,POSITIVE
46,Self-emp-inc,HS-grad,9,Married-AF-spouse,Sales,Own-child,Other,Female,12500,1197,10,Japan,0.447603,NEGATIVE
46,Self-emp-inc,HS-grad,9,Married-AF-spouse,Sales,Own-child,Other,Male,12500,1197,10,Japan,0.544105,POSITIVE
33,Self-emp-inc,Bachelors,9,Married-AF-spouse,Tech-support,Wife,Other,Female,12500,1851,1,United-States,0.446813,NEGATIVE
33,Self-emp-inc,Bachelors,9,Married-AF-spouse,Tech-support,Wife,Other,Male,12500,1851,1,United-States,0.540237,POSITIVE
36,Self-emp-inc,Prof-school,11,Married-AF-spouse,Exec-managerial,Own-child,Other,Female,12500,1415,15,Cuba,0.460174,NEGATIVE
36,Self-emp-inc,Prof-school,11,Married-AF-spouse,Exec-managerial,Own-child,Other,Male,12500,1415,15,Cuba,0.603240,POSITIVE
40,Self-emp-inc,Masters,9,Married-AF-spouse,Farming-fishing,Not-in-family,Other,Female,12500,1415,35,Haiti,0.457560,NEGATIVE
40,Self-emp-inc,Masters,9,Married-AF-spouse,Farming-fishing,Not-in-family,Other,Male,12500,1415,35,Haiti,0.592160,POSITIVE
46,Local-gov,HS-grad,13,Married-AF-spouse,Sales,Own-child,Other,Female,12500,108,60,Japan,0.439593,NEGATIVE
46,Local-gov,HS-grad,13,Married-AF-spouse,Sales,Own-child,Other,Male,12500,108,60,Japan,0.504647,POSITIVE
35,Local-gov,HS-grad,13,Married-AF-spouse,Sales,Own-child,Asian-Pac-Islander,Female,12500,326,60,Japan,0.457194,NEGATIVE
35,Local-gov,HS-grad,13,Married-AF-spouse,Sales,Own-child,Asian-Pac-Islander,Male,12500,326,60,Japan,0.590424,POSITIVE
46,Local-gov,HS-grad,13,Married-AF-spouse,Sales,Own-child,Asian-Pac-Islander,Female,12500,326,10,Japan,0.486329,NEGATIVE
46,Local-gov,HS-grad,13,Married-AF-spouse,Sales,Own-child,Asian-Pac-Islander,Male,12500,326,10,Japan,0.628066,POSITIVE
41,Without-pay,10th,15,Married-AF-spouse,Transport-moving,Other-relative,Other,Female,12500,762,40,Nicaragua,0.443478,NEGATIVE
41,Without-pay,10th,15,Married-AF-spouse,Transport-moving,Other-relative,Other,Male,12500,762,40,Nicaragua,0.523840,POSITIVE
37,Self-emp-inc,Assoc-voc,13,Married-AF-spouse,Prof-specialty,Husband,Other,Female,12500,326,70,Italy,0.464720,NEGATIVE
37,Self-emp-inc,Assoc-voc,13,Married-AF-spouse,Prof-specialty,Husband,Other,Male,12500,326,70,Italy,0.607608,POSITIVE
47,Self-emp-inc,Prof-school,13,Married-AF-spouse,Exec-managerial,Own-child,Other,Female,12500,326,15,Cuba,0.442980,NEGATIVE
47,Self-emp-inc,Prof-school,13,Married-AF-spouse,Exec-managerial,Own-child,Other,Male,12500,326,15,Cuba,0.521387,POSITIVE
35,Self-emp-inc,HS-grad,13,Married-AF-spouse,Sales,Own-child,Other,Female,12500,762,10,Japan,0.449866,NEGATIVE
35,Self-emp-inc,HS-grad,13,Married-AF-spouse,Sales,Own-child,Other,Male,12500,762,10,Japan,0.555151,POSITIVE
37,Self-emp-inc,Assoc-voc,15,Married-AF-spouse,Prof-specialty,Husband,Other,Female,12500,326,20,Italy,0.457178,NEGATIVE
37,Self-emp-inc,Assoc-voc,15,Married-AF-spouse,Prof-specialty,Husband,Other,Male,12500,326,20,Italy,0.590345,POSITIVE
38,Self-emp-inc,7th-8th,13,Married-AF-spouse,Machine-op-inspct,Not-in-family,Amer-Indian-Eskimo,Female,12500,326,25,Mexico,0.461491,NEGATIVE
38,Self-emp-inc,7th-8th,13,Married-AF-spouse,Machine-op-inspct,Not-in-family,Amer-Indian-Eskimo,Male,12500,326,25,Mexico,0.604508,POSITIVE
52,Without-pay,10th,11,Married-AF-spouse,Transport-moving,Other-relative,Other,Female,12500,762,90,Nicaragua,0.447319,NEGATIVE
52,Without-pay,10th,11,Married-AF-spouse,Transport-moving,Other-relative,Other,Male,12500,762,90,Nicaragua,0.542713,POSITIVE
33,Local-gov,Bachelors,11,Married-AF-spouse,Tech-support,Wife,White,Female,12500,762,51,United-States,0.448016,NEGATIVE
33,Local-gov,Bachelors,11,Married-AF-spouse,Tech-support,Wife,White,Male,12500,762,51,United-States,0.546123,POSITIVE
39,Local-gov,Bachelors,9,Married-AF-spouse,Tech-support,Wife,White,Female,12500,762,76,United-States,0.457600,NEGATIVE
39,Local-gov,Bachelors,9,Married-AF-spouse,Tech-support,Wife,White,Male,12500,762,76,United-States,0.592352,POSITIVE
45,Local-gov,Bachelors,11,Married-AF-spouse,Tech-support,Wife,White,Female,12500,762,1,United-States,0.460083,NEGATIVE
45,Local-gov,Bachelors,11,Married-AF-spouse,Tech-support,Wife,White,Male,12500,762,1,United-States,0.603152,POSITIVE
51,Local-gov,Some-college,9,Married-AF-spouse,Craft-repair,Wife,White,Female,12500,762,28,Canada,0.444165,NEGATIVE
51,Local-gov,Some-college,9,Married-AF-spouse,Craft-repair,Wife,White,Male,12500,762,28,Canada,0.527224,POSITIVE
39,Local-gov,Bachelors,11,Married-AF-spouse,Tech-support,Wife,White,Female,12500,762,26,United-States,0.453945,NEGATIVE
39,Local-gov,Bachelors,11,Married-AF-spouse,Tech-support,Wife,White,Male,12500,762,26,United-States,0.574887,POSITIVE
45,Self-emp-inc,Bachelors,9,Married-AF-spouse,Tech-support,Wife,Other,Female,12500,762,51,United-States,0.439303,NEGATIVE
45,Self-emp-inc,Bachelors,9,Married-AF-spouse,Tech-support,Wife,Other,Male,12500,762,51,United-States,0.503216,POSITIVE
47,Self-emp-inc,Prof-school,11,Married-AF-spouse,Exec-managerial,Own-child,Other,Female,12500,326,65,Cuba,0.446620,NEGATIVE
47,Self-emp-inc,Prof-school,11,Married-AF-spouse,Exec-managerial,Own-child,Other,Male,12500,326,65,Cuba,0.539289,POSITIVE
50,Self-emp-inc,12th,9,Married-AF-spouse,Adm-clerical,Not-in-family,Amer-Indian-Eskimo,Female,12500,326,80,Dominican-Republic,0.453188,NEGATIVE
50,Self-emp-inc,12th,9,Married-AF-spouse,Adm-clerical,Not-in-family,Amer-Indian-Eskimo,Male,12500,326,80,Dominican-Republic,0.571242,POSITIVE
38,Self-emp-inc,7th-8th,10,Married-AF-spouse,Machine-op-inspct,Not-in-family,Amer-Indian-Eskimo,Female,12500,544,75,Mexico,0.447741,NEGATIVE
38,Self-emp-inc,7th-8th,10,Married-AF-spouse,Machine-op-inspct,Not-in-family,Amer-Indian-Eskimo,Male,12500,544,75,Mexico,0.544781,POSITIVE
50,Self-emp-inc,7th-8th,10,Married-AF-spouse,Machine-op-inspct,Not-in-family,Amer-Indian-Eskimo,Female,12500,544,25,Mexico,0.450031,NEGATIVE
50,Self-emp-inc,7th-8th,10,Married-AF-spouse,Machine-op-inspct,Not-in-family,Amer-Indian-Eskimo,Male,12500,544,25,Mexico,0.555953,POSITIVE
39,Self-emp-inc,12th,11,Married-AF-spouse,Adm-clerical,Not-in-family,Amer-Indian-Eskimo,Female,12500,980,30,Dominican-Republic,0.449759,NEGATIVE
39,Self-emp-inc,12th,11,Married-AF-spouse,Adm-clerical,Not-in-family,Amer-Indian-Eskimo,Male,12500,980,30,Dominican-Republic,0.554630,POSITIVE
41,Self-emp-not-inc,10th,9,Married-AF-spouse,Transport-moving,Other-relative,Amer-Indian-Eskimo,Female,12500,980,40,Nicaragua,0.442434,NEGATIVE
41,Self-emp-not-inc,10th,9,Married-AF-spouse,Transport-moving,Other-relative,Amer-Indian-Eskimo,Male,12500,980,40,Nicaragua,0.518691,POSITIVE
40,Self-emp-not-inc,Masters,11,Married-AF-spouse,Farming-fishing,Not-in-family,Asian-Pac-Islander,Female,12500,326,35,Haiti,0.439264,NEGATIVE
40,Self-emp-not-inc,Masters,11,Married-AF-spouse,Farming-fishing,Not-in-family,Asian-Pac-Islander,Male,12500,326,35,Haiti,0.503020,POSITIVE
38,State-gov,7th-8th,9,Married-spouse-absent,Machine-op-inspct,Not-in-family,Black,Female,12500,326,75,Mexico,0.451091,NEGATIVE
38,State-gov,7th-8th,9,Married-spouse-absent,Machine-op-inspct,Not-in-family,Black,Male,12500,326,75,Mexico,0.561102,POSITIVE
48,State-gov,Assoc-voc,9,Married-spouse-absent,Prof-specialty,Husband,Other,Female,12500,326,20,Italy,0.440398,NEGATIVE
48,State-gov,Assoc-voc,9,Married-spouse-absent,Prof-specialty,Husband,Other,Male,12500,326,20,Italy,0.508632,POSITIVE
36,State-gov,Prof-school,9,Married-spouse-absent,Exec-managerial,Own-child,Asian-Pac-Islander,Female,12500,326,15,Cuba,0.490082,NEGATIVE
36,State-gov,Prof-school,9,Married-spouse-absent,Exec-managerial,Own-child,Asian-Pac-Islander,Male,12500,326,15,Cuba,0.631568,POSITIVE
38,Federal-gov,7th-8th,9,Married-spouse-absent,Machine-op-inspct,Not-in-family,Black,Female,12500,326,25,Mexico,0.459596,NEGATIVE
38,Federal-gov,7th-8th,9,Married-spouse-absent,Machine-op-inspct,Not-in-family,Black,Male,12500,326,25,Mexico,0.601784,POSITIVE
51,State-gov,Masters,7,Married-AF-spouse,Farming-fishing,Not-in-family,Other,Female,12500,1851,85,Haiti,0.441935,NEGATIVE
51,State-gov,Masters,7,Married-AF-spouse,Farming-fishing,Not-in-family,Other,Male,12500,1851,85,Haiti,0.516230,POSITIVE
34,Local-gov,Some-college,7,Married-AF-spouse,Craft-repair,Wife,White,Female,12500,1851,55,Canada,0.460744,NEGATIVE
34,Local-gov,Some-college,7,Married-AF-spouse,Craft-repair,Wife,White,Male,12500,1851,55,Canada,0.603789,POSITIVE
39,Local-gov,Some-college,5,Married-AF-spouse,Craft-repair,Wife,White,Female,12500,1851,78,Canada,0.465120,NEGATIVE
39,Local-gov,Some-college,5,Married-AF-spouse,Craft-repair,Wife,White,Male,12500,1851,78,Canada,0.607992,POSITIVE
46,Local-gov,HS-grad,7,Married-AF-spouse,Sales,Own-child,Asian-Pac-Islander,Female,12500,1851,10,Japan,0.453343,NEGATIVE
46,Local-gov,HS-grad,7,Married-AF-spouse,Sales,Own-child,Asian-Pac-Islander,Male,12500,1851,10,Japan,0.571987,POSITIVE
51,Local-gov,HS-grad,5,Married-AF-spouse,Sales,Own-child,White,Female,12500,1851,30,Japan,0.445556,NEGATIVE
51,Local-gov,HS-grad,5,Married-AF-spouse,Sales,Own-child,White,Male,12500,1851,30,Japan,0.534070,POSITIVE
39,Local-gov,Some-college,7,Married-AF-spouse,Craft-repair,Wife,White,Female,12500,1851,28,Canada,0.457260,NEGATIVE
39,Local-gov,Some-college,7,Married-AF-spouse,Craft-repair,Wife,White,Male,12500,1851,28,Canada,0.590735,POSITIVE
45,Self-emp-inc,Bachelors,5,Married-AF-spouse,Tech-support,Wife,Other,Female,12500,1851,51,United-States,0.490006,NEGATIVE
45,Self-emp-inc,Bachelors,5,Married-AF-spouse,Tech-support,Wife,Other,Male,12500,1851,51,United-States,0.631497,POSITIVE
46,Self-emp-inc,HS-grad,7,Married-AF-spouse,Sales,Own-child,Other,Female,12500,1197,60,Japan,0.451250,NEGATIVE
46,Self-emp-inc,HS-grad,7,Married-AF-spouse,Sales,Own-child,Other,Male,12500,1197,60,Japan,0.561870,POSITIVE
51,Self-emp-inc,Masters,5,Married-AF-spouse,Farming-fishing,Not-in-family,Other,Female,12500,1415,85,Haiti,0.476967,NEGATIVE
51,Self-emp-inc,Masters,5,Married-AF-spouse,Farming-fishing,Not-in-family,Other,Male,12500,1415,85,Haiti,0.619265,POSITIVE
37,Self-emp-not-inc,Assoc-voc,6,Married-AF-spouse,Prof-specialty,Husband,Amer-Indian-Eskimo,Female,12500,1633,70,Italy,0.449478,NEGATIVE
37,Self-emp-not-inc,Assoc-voc,6,Married-AF-spouse,Prof-specialty,Husband,Amer-Indian-Eskimo,Male,12500,1633,70,Italy,0.553258,POSITIVE
48,Self-emp-not-inc,Assoc-voc,6,Married-AF-spouse,Prof-specialty,Husband,Amer-Indian-Eskimo,Female,12500,1633,20,Italy,0.453684,NEGATIVE
48,Self-emp-not-inc,Assoc-voc,6,Married-AF-spouse,Prof-specialty,Husband,Amer-Indian-Eskimo,Male,12500,1633,20,Italy,0.573630,POSITIVE
40,Self-emp-inc,Masters,7,Married-AF-spouse,Farming-fishing,Not-in-family,Other,Female,12500,2069,35,Haiti,0.452703,NEGATIVE
40,Self-emp-inc,Masters,7,Married-AF-spouse,Farming-fishing,Not-in-family,Other,Male,12500,2069,35,Haiti,0.568905,POSITIVE
38,Self-emp-not-inc,7th-8th,5,Married-AF-spouse,Machine-op-inspct,Not-in-family,Asian-Pac-Islander,Female,12500,2069,25,Mexico,0.445019,NEGATIVE
38,Self-emp-not-inc,7th-8th,5,Married-AF-spouse,Machine-op-inspct,Not-in-family,Asian-Pac-Islander,Male,12500,2069,25,Mexico,0.531427,POSITIVE
39,Self-emp-not-inc,12th,7,Married-AF-spouse,Adm-clerical,Not-in-family,Asian-Pac-Islander,Female,12500,1415,30,Dominican-Republic,0.448797,NEGATIVE
39,Self-emp-not-inc,12th,7,Married-AF-spouse,Adm-clerical,Not-in-family,Asian-Pac-Islander,Male,12500,1415,30,Dominican-Republic,0.549937,POSITIVE
51,Local-gov,HS-grad,3,Married-AF-spouse,Sales,Own-child,White,Female,12500,1851,80,Japan,0.449200,NEGATIVE
51,Local-gov,HS-grad,3,Married-AF-spouse,Sales,Own-child,White,Male,12500,1851,80,Japan,0.551904,POSITIVE
51,Self-emp-inc,Masters,3,Married-AF-spouse,Farming-fishing,Not-in-family,Other,Female,12500,2069,85,Haiti,0.458477,NEGATIVE
51,Self-emp-inc,Masters,3,Married-AF-spouse,Farming-fishing,Not-in-family,Other,Male,12500,2069,85,Haiti,0.596503,POSITIVE
47,Private,Prof-school,1,Married-AF-spouse,Exec-managerial,Own-child,Asian-Pac-Islander,Female,12500,1851,65,Cuba,0.442377,NEGATIVE
47,Private,Prof-school,1,Married-AF-spouse,Exec-managerial,Own-child,Asian-Pac-Islander,Male,12500,1851,65,Cuba,0.518412,POSITIVE
50,Self-emp-not-inc,7th-8th,3,Married-AF-spouse,Machine-op-inspct,Not-in-family,Asian-Pac-Islander,Female,12500,1415,75,Mexico,0.441275,NEGATIVE
50,Self-emp-not-inc,7th-8th,3,Married-AF-spouse,Machine-op-inspct,Not-in-family,Asian-Pac-Islander,Male,12500,1415,75,Mexico,0.512969,POSITIVE
37,Private,Assoc-voc,3,Married-AF-spouse,Prof-specialty,Husband,Asian-Pac-Islander,Female,12500,1851,70,Italy,0.440650,NEGATIVE
37,Private,Assoc-voc,3,Married-AF-spouse,Prof-specialty,Husband,Asian-Pac-Islander,Male,12500,1851,70,Italy,0.509877,POSITIVE
47,Private,Prof-school,3,Married-AF-spouse,Exec-managerial,Own-child,Asian-Pac-Islander,Female,12500,1851,15,Cuba,0.438780,NEGATIVE
47,Private,Prof-school,3,Married-AF-spouse,Exec-managerial,Own-child,Asian-Pac-Islander,Male,12500,1851,15,Cuba,0.500451,POSITIVE
51,Local-gov,Some-college,7,Married-AF-spouse,Craft-repair,Wife,White,Female,12500,762,78,Canada,0.447806,NEGATIVE
51,Local-gov,Some-college,7,Married-AF-spouse,Craft-repair,Wife,White,Male,12500,762,78,Canada,0.545099,POSITIVE
50,Self-emp-inc,12th,7,Married-AF-spouse,Adm-clerical,Not-in-family,Amer-Indian-Eskimo,Female,12500,980,80,Dominican-Republic,0.457443,NEGATIVE
50,Self-emp-inc,12th,7,Married-AF-spouse,Adm-clerical,Not-in-family,Amer-Indian-Eskimo,Male,12500,980,80,Dominican-Republic,0.591607,POSITIVE
51,Self-emp-not-inc,Masters,5,Married-AF-spouse,Farming-fishing,Not-in-family,Asian-Pac-Islander,Female,12500,980,85,Haiti,0.440174,NEGATIVE
51,Self-emp-not-inc,Masters,5,Married-AF-spouse,Farming-fishing,Not-in-family,Asian-Pac-Islander,Male,12500,980,85,Haiti,0.507521,POSITIVE
51,Self-emp-not-inc,Masters,7,Married-AF-spouse,Farming-fishing,Not-in-family,Asian-Pac-Islander,Female,12500,326,85,Haiti,0.445005,NEGATIVE
51,Self-emp-not-inc,Masters,7,Married-AF-spouse,Farming-fishing,Not-in-family,Asian-Pac-Islander,Male,12500,326,85,Haiti,0.531360,POSITIVE
41,Self-emp-not-inc,10th,7,Married-AF-spouse,Transport-moving,Other-relative,Amer-Indian-Eskimo,Female,12500,980,90,Nicaragua,0.446072,NEGATIVE
41,Self-emp-not-inc,10th,7,Married-AF-spouse,Transport-moving,Other-relative,Amer-Indian-Eskimo,Male,12500,980,90,Nicaragua,0.536603,POSITIVE
52,Self-emp-not-inc,10th,7,Married-AF-spouse,Transport-moving,Other-relative,Amer-Indian-Eskimo,Female,12500,980,40,Nicaragua,0.442634,NEGATIVE
52,Self-emp-not-inc,10th,7,Married-AF-spouse,Transport-moving,Other-relative,Amer-Indian-Eskimo,Male,12500,980,40,Nicaragua,0.519680,POSITIVE
36,State-gov,Prof-school,5,Married-spouse-absent,Exec-managerial,Own-child,Other,Female,12500,1415,65,Cuba,0.447940,NEGATIVE
36,State-gov,Prof-school,5,Married-spouse-absent,Exec-managerial,Own-child,Other,Male,12500,1415,65,Cuba,0.545756,POSITIVE
35,Local-gov,Some-college,5,Married-spouse-absent,Craft-repair,Wife,White,Female,12500,1197,5,Canada,0.445720,NEGATIVE
35,Local-gov,Some-college,5,Married-spouse-absent,Craft-repair,Wife,White,Male,12500,1197,5,Canada,0.534872,POSITIVE
37,Self-emp-inc,Assoc-voc,5,Married-spouse-absent,Prof-specialty,Husband,Other,Female,12500,1415,20,Italy,0.471996,NEGATIVE
37,Self-emp-inc,Assoc-voc,5,Married-spouse-absent,Prof-specialty,Husband,Other,Male,12500,1415,20,Italy,0.614553,POSITIVE
44,State-gov,7th-8th,2,Married-spouse-absent,Machine-op-inspct,Not-in-family,Amer-Indian-Eskimo,Female,12500,1633,75,Mexico,0.455474,NEGATIVE
44,State-gov,7th-8th,2,Married-spouse-absent,Machine-op-inspct,Not-in-family,Amer-Indian-Eskimo,Male,12500,1633,75,Mexico,0.582222,POSITIVE
52,Without-pay,Doctorate,3,Married-spouse-absent,Protective-serv,Other-relative,Black,Female,12500,2069,45,El-Salvador,0.457938,NEGATIVE
52,Without-pay,Doctorate,3,Married-spouse-absent,Protective-serv,Other-relative,Black,Male,12500,2069,45,El-Salvador,0.593953,POSITIVE
47,Self-emp-inc,Prof-school,1,Married-spouse-absent,Exec-managerial,Own-child,Other,Female,12500,1415,65,Cuba,0.451748,NEGATIVE
47,Self-emp-inc,Prof-school,1,Married-spouse-absent,Exec-managerial,Own-child,Other,Male,12500,1415,65,Cuba,0.564288,POSITIVE
34,Self-emp-inc,Some-college,1,Married-spouse-absent,Craft-repair,Wife,Other,Female,12500,1851,55,Canada,0.443784,NEGATIVE
34,Self-emp-inc,Some-college,1,Married-spouse-absent,Craft-repair,Wife,Other,Male,12500,1851,55,Canada,0.525351,POSITIVE
36,Self-emp-inc,Prof-school,3,Married-spouse-absent,Exec-managerial,Own-child,Other,Female,12500,1415,65,Cuba,0.441998,NEGATIVE
36,Self-emp-inc,Prof-school,3,Married-spouse-absent,Exec-managerial,Own-child,Other,Male,12500,1415,65,Cuba,0.516539,POSITIVE
39,Self-emp-inc,12th,1,Married-spouse-absent,Adm-clerical,Not-in-family,Amer-Indian-Eskimo,Female,12500,1415,80,Dominican-Republic,0.454294,NEGATIVE
39,Self-emp-inc,12th,1,Married-spouse-absent,Adm-clerical,Not-in-family,Amer-Indian-Eskimo,Male,12500,1415,80,Dominican-Republic,0.576564,POSITIVE
39,Self-emp-not-inc,Prof-school,1,Married-spouse-absent,Exec-managerial,Own-child,Asian-Pac-Islander,Female,12500,1415,15,Cuba,0.472737,NEGATIVE
39,Self-emp-not-inc,Prof-school,1,Married-spouse-absent,Exec-managerial,Own-child,Asian-Pac-Islander,Male,12500,1415,15,Cuba,0.615257,POSITIVE
38,State-gov,7th-8th,1,Widowed,Machine-op-inspct,Not-in-family,Black,Female,12500,1415,25,Mexico,0.452575,NEGATIVE
38,State-gov,7th-8th,1,Widowed,Machine-op-inspct,Not-in-family,Black,Male,12500,1415,25,Mexico,0.568284,POSITIVE
46,Local-gov,HS-grad,5,Married-spouse-absent,Sales,Own-child,Asian-Pac-Islander,Female,12500,326,60,Japan,0.447311,NEGATIVE
46,Local-gov,HS-grad,5,Married-spouse-absent,Sales,Own-child,Asian-Pac-Islander,Male,12500,326,60,Japan,0.542678,POSITIVE
42,Without-pay,Doctorate,7,Married-spouse-absent,Protective-serv,Other-relative,Black,Female,12500,980,95,El-Salvador,0.459572,NEGATIVE
42,Without-pay,Doctorate,7,Married-spouse-absent,Protective-serv,Other-relative,Black,Male,12500,980,95,El-Salvador,0.601669,POSITIVE
53,Without-pay,Doctorate,7,Married-spouse-absent,Protective-serv,Other-relative,Black,Female,12500,980,45,El-Salvador,0.454199,NEGATIVE
53,Without-pay,Doctorate,7,Married-spouse-absent,Protective-serv,Other-relative,Black,Male,12500,980,45,El-Salvador,0.576108,POSITIVE
39,State-gov,12th,7,Married-spouse-absent,Adm-clerical,Not-in-family,Asian-Pac-Islander,Female,12500,980,40,Dominican-Republic,0.461959,NEGATIVE
39,State-gov,12th,7,Married-spouse-absent,Adm-clerical,Not-in-family,Asian-Pac-Islander,Male,12500,980,40,Dominican-Republic,0.604958,POSITIVE
48,Self-emp-inc,Assoc-voc,5,Married-spouse-absent,Prof-specialty,Husband,Other,Female,12500,326,70,Italy,0.447118,NEGATIVE
48,Self-emp-inc,Assoc-voc,5,Married-spouse-absent,Prof-specialty,Husband,Other,Male,12500,326,70,Italy,0.541729,POSITIVE
36,Self-emp-inc,Prof-school,5,Married-spouse-absent,Exec-managerial,Own-child,Other,Female,12500,762,65,Cuba,0.446833,NEGATIVE
36,Self-emp-inc,Prof-school,5,Married-spouse-absent,Exec-managerial,Own-child,Other,Male,12500,762,65,Cuba,0.540335,POSITIVE
37,Self-emp-inc,Assoc-voc,7,Married-spouse-absent,Prof-specialty,Husband,Other,Female,12500,326,70,Italy,0.439290,NEGATIVE
37,Self-emp-inc,Assoc-voc,7,Married-spouse-absent,Prof-specialty,Husband,Other,Male,12500,326,70,Italy,0.503147,POSITIVE
37,Self-emp-not-inc,Assoc-voc,5,Married-spouse-absent,Prof-specialty,Husband,Amer-Indian-Eskimo,Female,12500,326,70,Italy,0.456907,NEGATIVE
37,Self-emp-not-inc,Assoc-voc,5,Married-spouse-absent,Prof-specialty,Husband,Amer-Indian-Eskimo,Male,12500,326,70,Italy,0.589055,POSITIVE
46,Self-emp-inc,HS-grad,5,Married-spouse-absent,Sales,Own-child,Other,Female,12500,762,10,Japan,0.440013,NEGATIVE
46,Self-emp-inc,HS-grad,5,Married-spouse-absent,Sales,Own-child,Other,Male,12500,762,10,Japan,0.506729,POSITIVE
48,Self-emp-inc,Assoc-voc,7,Married-spouse-absent,Prof-specialty,Husband,Other,Female,12500,326,20,Italy,0.443477,NEGATIVE
48,Self-emp-inc,Assoc-voc,7,Married-spouse-absent,Prof-specialty,Husband,Other,Male,12500,326,20,Italy,0.523838,POSITIVE
48,Self-emp-not-inc,Assoc-voc,5,Married-spouse-absent,Prof-specialty,Husband,Amer-Indian-Eskimo,Female,12500,326,20,Italy,0.466120,NEGATIVE
48,Self-emp-not-inc,Assoc-voc,5,Married-spouse-absent,Prof-specialty,Husband,Amer-Indian-Eskimo,Male,12500,326,20,Italy,0.608949,POSITIVE
39,Self-emp-inc,12th,6,Married-spouse-absent,Adm-clerical,Not-in-family,Amer-Indian-Eskimo,Female,12500,544,30,Dominican-Republic,0.447487,NEGATIVE
39,Self-emp-inc,12th,6,Married-spouse-absent,Adm-clerical,Not-in-family,Amer-Indian-Eskimo,Male,12500,544,30,Dominican-Republic,0.543536,POSITIVE
39,State-gov,12th,5,Widowed,Adm-clerical,Not-in-family,Black,Female,12500,326,30,Dominican-Republic,0.440827,NEGATIVE
39,State-gov,12th,5,Widowed,Adm-clerical,Not-in-family,Black,Male,12500,326,30,Dominican-Republic,0.510751,POSITIVE
45,Local-gov,Bachelors,3,Married-spouse-absent,Tech-support,Wife,White,Female,12500,762,51,United-States,0.441979,NEGATIVE
45,Local-gov,Bachelors,3,Married-spouse-absent,Tech-support,Wife,White,Male,12500,762,51,United-States,0.516446,POSITIVE
50,Self-emp-inc,10th,3,Married-spouse-absent,Transport-moving,Other-relative,Other,Female,12500,762,90,Nicaragua,0.455326,NEGATIVE
50,Self-emp-inc,10th,3,Married-spouse-absent,Transport-moving,Other-relative,Other,Male,12500,762,90,Nicaragua,0.581510,POSITIVE
50,Self-emp-inc,7th-8th,3,Married-spouse-absent,Machine-op-inspct,Not-in-family,Amer-Indian-Eskimo,Female,12500,980,25,Mexico,0.457897,NEGATIVE
50,Self-emp-inc,7th-8th,3,Married-spouse-absent,Machine-op-inspct,Not-in-family,Amer-Indian-Eskimo,Male,12500,980,25,Mexico,0.593758,POSITIVE
53,Self-emp-not-inc,Doctorate,3,Married-spouse-absent,Protective-serv,Other-relative,Amer-Indian-Eskimo,Female,12500,544,45,El-Salvador,0.450224,NEGATIVE
53,Self-emp-not-inc,Doctorate,3,Married-spouse-absent,Protective-serv,Other-relative,Amer-Indian-Eskimo,Male,12500,544,45,El-Salvador,0.556890,POSITIVE
37,Local-gov,HS-grad,1,Widowed,Sales,Own-child,Asian-Pac-Islander,Female,12500,326,60,Japan,0.456166,NEGATIVE
37,Local-gov,HS-grad,1,Widowed,Sales,Own-child,Asian-Pac-Islander,Male,12500,326,60,Japan,0.585527,POSITIVE
46,State-gov,12th,2,Widowed,Adm-clerical,Not-in-family,Amer-Indian-Eskimo,Female,12500,544,30,Dominican-Republic,0.458630,NEGATIVE
46,State-gov,12th,2,Widowed,Adm-clerical,Not-in-family,Amer-Indian-Eskimo,Male,12500,544,30,Dominican-Republic,0.597229,POSITIVE
38,Federal-gov,7th-8th,1,Widowed,Machine-op-inspct,Not-in-family,Black,Female,12500,326,75,Mexico,0.441691,NEGATIVE
38,Federal-gov,7th-8th,1,Widowed,Machine-op-inspct,Not-in-family,Black,Male,12500,326,75,Mexico,0.515021,POSITIVE
50,Federal-gov,7th-8th,1,Widowed,Machine-op-inspct,Not-in-family,Black,Female,12500,326,25,Mexico,0.443975,NEGATIVE
50,Federal-gov,7th-8th,1,Widowed,Machine-op-inspct,Not-in-family,Black,Male,12500,326,25,Mexico,0.526289,POSITIVE
38,Federal-gov,7th-8th,1,Widowed,Machine-op-inspct,Not-in-family,Black,Female,12500,980,25,Mexico,0.451369,NEGATIVE
38,Federal-gov,7th-8th,1,Widowed,Machine-op-inspct,Not-in-family,Black,Male,12500,980,25,Mexico,0.562451,POSITIVE
39,Federal-gov,12th,3,Widowed,Adm-clerical,Not-in-family,Black,Female,12500,326,30,Dominican-Republic,0.470482,NEGATIVE
39,Federal-gov,12th,3,Widowed,Adm-clerical,Not-in-family,Black,Male,12500,326,30,Dominican-Republic,0.613112,POSITIVE
35,Self-emp-not-inc,HS-grad,1,Widowed,Sales,Own-child,Asian-Pac-Islander,Female,12500,108,10,Japan,0.465563,NEGATIVE
35,Self-emp-not-inc,HS-grad,1,Widowed,Sales,Own-child,Asian-Pac-Islander,Male,12500,108,10,Japan,0.608416,POSITIVE
50,State-gov,12th,15,Married-AF-spouse,Adm-clerical,Not-in-family,Amer-Indian-Eskimo,Female,7500,2069,80,Dominican-Republic,0.487170,NEGATIVE
50,State-gov,12th,15,Married-AF-spouse,Adm-clerical,Not-in-family,Amer-Indian-Eskimo,Male,7500,2069,80,Dominican-Republic,0.628852,POSITIVE
45,Local-gov,Bachelors,13,Married-AF-spouse,Tech-support,Wife,White,Female,7500,1851,76,United-States,0.459919,NEGATIVE
45,Local-gov,Bachelors,13,Married-AF-spouse,Tech-support,Wife,White,Male,7500,1851,76,United-States,0.602994,POSITIVE
33,Local-gov,Bachelors,15,Married-AF-spouse,Tech-support,Wife,White,Female,7500,1851,76,United-States,0.444341,NEGATIVE
33,Local-gov,Bachelors,15,Married-AF-spouse,Tech-support,Wife,White,Male,7500,1851,76,United-States,0.528092,POSITIVE
45,Local-gov,Bachelors,15,Married-AF-spouse,Tech-support,Wife,White,Female,7500,1851,26,United-States,0.456195,NEGATIVE
45,Local-gov,Bachelors,15,Married-AF-spouse,Tech-support,Wife,White,Male,7500,1851,26,United-States,0.585666,POSITIVE
44,Self-emp-inc,7th-8th,14,Married-AF-spouse,Machine-op-inspct,Not-in-family,Amer-Indian-Eskimo,Female,7500,1633,75,Mexico,0.440443,NEGATIVE
44,Self-emp-inc,7th-8th,14,Married-AF-spouse,Machine-op-inspct,Not-in-family,Amer-Indian-Eskimo,Male,7500,1633,75,Mexico,0.508854,POSITIVE
51,Self-emp-inc,Masters,15,Married-AF-spouse,Farming-fishing,Not-in-family,Other,Female,7500,2069,35,Haiti,0.487401,NEGATIVE
51,Self-emp-inc,Masters,15,Married-AF-spouse,Farming-fishing,Not-in-family,Other,Male,7500,2069,35,Haiti,0.629067,POSITIVE
45,Private,Some-college,15,Married-AF-spouse,Craft-repair,Wife,White,Female,7500,1197,5,Canada,0.451584,NEGATIVE
45,Private,Some-college,15,Married-AF-spouse,Craft-repair,Wife,White,Male,7500,1197,5,Canada,0.563491,POSITIVE
34,Private,Some-college,15,Married-AF-spouse,Craft-repair,Wife,White,Female,7500,1851,5,Canada,0.455950,NEGATIVE
34,Private,Some-college,15,Married-AF-spouse,Craft-repair,Wife,White,Male,7500,1851,5,Canada,0.584493,POSITIVE
46,Self-emp-not-inc,HS-grad,11,Married-AF-spouse,Sales,Own-child,Asian-Pac-Islander,Female,7500,1851,60,Japan,0.447530,NEGATIVE
46,Self-emp-not-inc,HS-grad,11,Married-AF-spouse,Sales,Own-child,Asian-Pac-Islander,Male,7500,1851,60,Japan,0.543746,POSITIVE
45,Private,Some-college,15,Married-AF-spouse,Craft-repair,Wife,White,Female,7500,762,55,Canada,0.446501,NEGATIVE
45,Private,Some-college,15,Married-AF-spouse,Craft-repair,Wife,White,Male,7500,762,55,Canada,0.538704,POSITIVE
34,Local-gov,Some-college,13,Married-spouse-absent,Craft-repair,Wife,White,Female,7500,1197,55,Canada,0.478164,NEGATIVE
34,Local-gov,Some-college,13,Married-spouse-absent,Craft-repair,Wife,White,Male,7500,1197,55,Canada,0.620395,POSITIVE
46,Local-gov,HS-grad,13,Married-spouse-absent,Sales,Own-child,Asian-Pac-Islander,Female,7500,1197,10,Japan,0.490124,NEGATIVE
46,Local-gov,HS-grad,13,Married-spouse-absent,Sales,Own-child,Asian-Pac-Islander,Male,7500,1197,10,Japan,0.631606,POSITIVE
39,State-gov,12th,14,Married-spouse-absent,Adm-clerical,Not-in-family,Amer-Indian-Eskimo,Female,7500,1633,30,Dominican-Republic,0.455442,NEGATIVE
39,State-gov,12th,14,Married-spouse-absent,Adm-clerical,Not-in-family,Amer-Indian-Eskimo,Male,7500,1633,30,Dominican-Republic,0.582067,POSITIVE
39,Self-emp-inc,12th,13,Married-spouse-absent,Adm-clerical,Not-in-family,Black,Female,7500,1415,30,Dominican-Republic,0.443408,NEGATIVE
39,Self-emp-inc,12th,13,Married-spouse-absent,Adm-clerical,Not-in-family,Black,Male,7500,1415,30,Dominican-Republic,0.523497,POSITIVE
50,Without-pay,10th,15,Married-spouse-absent,Transport-moving,Other-relative,Other,Female,7500,762,90,Nicaragua,0.454686,NEGATIVE
50,Without-pay,10th,15,Married-spouse-absent,Transport-moving,Other-relative,Other,Male,7500,762,90,Nicaragua,0.578444,POSITIVE
47,State-gov,Prof-school,15,Married-spouse-absent,Exec-managerial,Own-child,Asian-Pac-Islander,Female,7500,762,15,Cuba,0.477014,NEGATIVE
47,State-gov,Prof-school,15,Married-spouse-absent,Exec-managerial,Own-child,Asian-Pac-Islander,Male,7500,762,15,Cuba,0.619309,POSITIVE
53,Federal-gov,Doctorate,13,Married-spouse-absent,Protective-serv,Other-relative,Black,Female,7500,544,95,El-Salvador,0.456790,NEGATIVE
53,Federal-gov,Doctorate,13,Married-spouse-absent,Protective-serv,Other-relative,Black,Male,7500,544,95,El-Salvador,0.588499,POSITIVE
36,Self-emp-not-inc,Prof-school,13,Married-spouse-absent,Exec-managerial,Own-child,Asian-Pac-Islander,Female,7500,326,65,Cuba,0.451118,NEGATIVE
36,Self-emp-not-inc,Prof-school,13,Married-spouse-absent,Exec-managerial,Own-child,Asian-Pac-Islander,Male,7500,326,65,Cuba,0.561234,POSITIVE
47,Self-emp-not-inc,Prof-school,13,Married-spouse-absent,Exec-managerial,Own-child,Asian-Pac-Islander,Female,7500,326,15,Cuba,0.457244,NEGATIVE
47,Self-emp-not-inc,Prof-school,13,Married-spouse-absent,Exec-managerial,Own-child,Asian-Pac-Islander,Male,7500,326,15,Cuba,0.590660,POSITIVE
41,Self-emp-inc,10th,15,Married-spouse-absent,Transport-moving,Other-relative,Other,Female,7500,980,40,Nicaragua,0.455554,NEGATIVE
41,Self-emp-inc,10th,15,Married-spouse-absent,Transport-moving,Other-relative,Other,Male,7500,980,40,Nicaragua,0.582604,POSITIVE
34,Local-gov,Some-college,13,Widowed,Craft-repair,Wife,Other,Female,7500,108,55,Canada,0.444697,NEGATIVE
34,Local-gov,Some-college,13,Widowed,Craft-repair,Wife,Other,Male,7500,108,55,Canada,0.529844,POSITIVE
45,Local-gov,Bachelors,13,Widowed,Tech-support,Wife,Other,Female,7500,108,1,United-States,0.441644,NEGATIVE
45,Local-gov,Bachelors,13,Widowed,Tech-support,Wife,Other,Male,7500,108,1,United-States,0.514788,POSITIVE
34,Local-gov,Some-college,13,Widowed,Craft-repair,Wife,White,Female,7500,108,5,Canada,0.451262,NEGATIVE
34,Local-gov,Some-college,13,Widowed,Craft-repair,Wife,White,Male,7500,108,5,Canada,0.561932,POSITIVE
50,State-gov,12th,10,Married-spouse-absent,Adm-clerical,Not-in-family,Amer-Indian-Eskimo,Female,7500,1633,80,Dominican-Republic,0.475984,NEGATIVE
50,State-gov,12th,10,Married-spouse-absent,Adm-clerical,Not-in-family,Amer-Indian-Eskimo,Male,7500,1633,80,Dominican-Republic,0.618334,POSITIVE
38,State-gov,7th-8th,11,Married-spouse-absent,Machine-op-inspct,Not-in-family,Amer-Indian-Eskimo,Female,7500,2069,75,Mexico,0.454503,NEGATIVE
38,State-gov,7th-8th,11,Married-spouse-absent,Machine-op-inspct,Not-in-family,Amer-Indian-Eskimo,Male,7500,2069,75,Mexico,0.577569,POSITIVE
50,State-gov,7th-8th,11,Married-spouse-absent,Machine-op-inspct,Not-in-family,Amer-Indian-Eskimo,Female,7500,2069,25,Mexico,0.456800,NEGATIVE
50,State-gov,7th-8th,11,Married-spouse-absent,Machine-op-inspct,Not-in-family,Amer-Indian-Eskimo,Male,7500,2069,25,Mexico,0.588546,POSITIVE
41,Self-emp-not-inc,Assoc-voc,10,Married-spouse-absent,Prof-specialty,Husband,Amer-Indian-Eskimo,Female,7500,1633,40,Italy,0.456312,NEGATIVE
41,Self-emp-not-inc,Assoc-voc,10,Married-spouse-absent,Prof-specialty,Husband,Amer-Indian-Eskimo,Male,7500,1633,40,Italy,0.586220,POSITIVE
33,Local-gov,Bachelors,9,Widowed,Tech-support,Wife,White,Female,7500,1197,1,United-States,0.443961,NEGATIVE
33,Local-gov,Bachelors,9,Widowed,Tech-support,Wife,White,Male,7500,1197,1,United-States,0.526223,POSITIVE
45,Private,Bachelors,9,Married-spouse-absent,Tech-support,Wife,White,Female,7500,762,51,United-States,0.450597,NEGATIVE
45,Private,Bachelors,9,Married-spouse-absent,Tech-support,Wife,White,Male,7500,762,51,United-States,0.558705,POSITIVE
45,Private,Bachelors,11,Married-spouse-absent,Tech-support,Wife,White,Female,7500,762,1,United-States,0.446952,NEGATIVE
45,Private,Bachelors,11,Married-spouse-absent,Tech-support,Wife,White,Male,7500,762,1,United-States,0.540917,POSITIVE
44,State-gov,7th-8th,10,Widowed,Machine-op-inspct,Not-in-family,Amer-Indian-Eskimo,Female,7500,544,75,Guatemala,0.454784,NEGATIVE
44,State-gov,7th-8th,10,Widowed,Machine-op-inspct,Not-in-family,Amer-Indian-Eskimo,Male,7500,544,75,Guatemala,0.578915,POSITIVE
52,Without-pay,10th,11,Widowed,Transport-moving,Other-relative,Other,Female,7500,762,40,El-Salvador,0.482696,NEGATIVE
52,Without-pay,10th,11,Widowed,Transport-moving,Other-relative,Other,Male,7500,762,40,El-Salvador,0.624661,POSITIVE
37,Self-emp-not-inc,HS-grad,9,Widowed,Sales,Own-child,Asian-Pac-Islander,Female,7500,326,20,Laos,0.442955,NEGATIVE
37,Self-emp-not-inc,HS-grad,9,Widowed,Sales,Own-child,Asian-Pac-Islander,Male,7500,326,20,Laos,0.521264,POSITIVE
37,Self-emp-not-inc,HS-grad,9,Widowed,Sales,Own-child,Asian-Pac-Islander,Female,7500,326,20,Canada,0.442710,NEGATIVE
37,Self-emp-not-inc,HS-grad,9,Widowed,Sales,Own-child,Asian-Pac-Islander,Male,7500,326,20,Canada,0.520051,POSITIVE
46,Self-emp-not-inc,HS-grad,15,Married-spouse-absent,Sales,Own-child,Asian-Pac-Islander,Female,2500,1851,60,Laos,0.457166,NEGATIVE
46,Self-emp-not-inc,HS-grad,15,Married-spouse-absent,Sales,Own-child,Asian-Pac-Islander,Male,2500,1851,60,Laos,0.590290,POSITIVE
46,Local-gov,12th,14,Widowed,Adm-clerical,Not-in-family,Amer-Indian-Eskimo,Female,2500,1633,60,Nicaragua,0.462800,NEGATIVE
46,Local-gov,12th,14,Widowed,Adm-clerical,Not-in-family,Amer-Indian-Eskimo,Male,2500,1633,60,Nicaragua,0.605765,POSITIVE
52,Self-emp-inc,10th,15,Widowed,Transport-moving,Other-relative,Other,Female,2500,762,90,Peru,0.442009,NEGATIVE
52,Self-emp-inc,10th,15,Widowed,Transport-moving,Other-relative,Other,Male,2500,762,90,Peru,0.516593,POSITIVE
53,Federal-gov,Doctorate,15,Widowed,Protective-serv,Other-relative,Black,Female,2500,980,95,Columbia,0.456260,NEGATIVE
53,Federal-gov,Doctorate,15,Widowed,Protective-serv,Other-relative,Black,Male,2500,980,95,Columbia,0.585974,POSITIVE
52,Federal-gov,Doctorate,11,Widowed,Protective-serv,Other-relative,Black,Female,2500,2069,95,Hong,0.455415,NEGATIVE
52,Federal-gov,Doctorate,11,Widowed,Protective-serv,Other-relative,Black,Male,2500,2069,95,Hong,0.581936,POSITIVE
52,Federal-gov,Doctorate,11,Widowed,Protective-serv,Other-relative,Black,Female,2500,2069,95,Columbia,0.460642,NEGATIVE
52,Federal-gov,Doctorate,11,Widowed,Protective-serv,Other-relative,Black,Male,2500,2069,95,Columbia,0.603690,POSITIVE
50,Self-emp-inc,7th-8th,15,Married-spouse-absent,Machine-op-inspct,Not-in-family,Amer-Indian-Eskimo,Female,2500,2069,75,South,0.449817,NEGATIVE
50,Self-emp-inc,7th-8th,15,Married-spouse-absent,Machine-op-inspct,Not-in-family,Amer-Indian-Eskimo,Male,2500,2069,75,South,0.554909,POSITIVE
44,Federal-gov,7th-8th,14,Widowed,Machine-op-inspct,Not-in-family,Amer-Indian-Eskimo,Female,2500,1633,50,South,0.498119,NEGATIVE
44,Federal-gov,7th-8th,14,Widowed,Machine-op-inspct,Not-in-family,Amer-Indian-Eskimo,Male,2500,1633,50,South,0.639016,POSITIVE
52,Federal-gov,Doctorate,11,Widowed,Protective-serv,Other-relative,Black,Female,2500,2069,90,Jamaica,0.495374,NEGATIVE
52,Federal-gov,Doctorate,11,Widowed,Protective-serv,Other-relative,Black,Male,2500,2069,90,Jamaica,0.636480,POSITIVE
52,Federal-gov,Doctorate,15,Widowed,Protective-serv,Other-relative,Black,Female,2500,980,90,Jamaica,0.440389,NEGATIVE
52,Federal-gov,Doctorate,15,Widowed,Protective-serv,Other-relative,Black,Male,2500,980,90,Jamaica,0.508584,POSITIVE
53,Federal-gov,Doctorate,7,Married-spouse-absent,Protective-serv,Other-relative,Black,Female,7500,2069,95,Peru,0.454978,NEGATIVE
53,Federal-gov,Doctorate,7,Married-spouse-absent,Protective-serv,Other-relative,Black,Male,7500,2069,95,Peru,0.579844,POSITIVE
39,Self-emp-inc,Prof-school,5,Widowed,Exec-managerial,Own-child,Asian-Pac-Islander,Female,7500,1415,30,Taiwan,0.467670,NEGATIVE
39,Self-emp-inc,Prof-school,5,Widowed,Exec-managerial,Own-child,Asian-Pac-Islander,Male,7500,1415,30,Taiwan,0.610431,POSITIVE
50,Self-emp-inc,10th,7,Widowed,Transport-moving,Other-relative,Other,Female,7500,762,80,El-Salvador,0.454149,NEGATIVE
50,Self-emp-inc,10th,7,Widowed,Transport-moving,Other-relative,Other,Male,7500,762,80,El-Salvador,0.575868,POSITIVE
48,Self-emp-inc,Masters,3,Widowed,Farming-fishing,Not-in-family,Other,Female,7500,1851,85,Trinadad&Tobago,0.485913,NEGATIVE
48,Self-emp-inc,Masters,3,Widowed,Farming-fishing,Not-in-family,Other,Male,7500,1851,85,Trinadad&Tobago,0.627676,POSITIVE
48,Self-emp-not-inc,Assoc-voc,2,Widowed,Prof-specialty,Husband,Amer-Indian-Eskimo,Female,7500,1633,70,Laos,0.493676,NEGATIVE
48,Self-emp-not-inc,Assoc-voc,2,Widowed,Prof-specialty,Husband,Amer-Indian-Eskimo,Male,7500,1633,70,Laos,0.634907,POSITIVE
53,Federal-gov,Doctorate,7,Married-spouse-absent,Protective-serv,Other-relative,Black,Female,7500,2069,95,Jamaica,0.458514,NEGATIVE
53,Federal-gov,Doctorate,7,Married-spouse-absent,Protective-serv,Other-relative,Black,Male,7500,2069,95,Jamaica,0.596677,POSITIVE
33,Private,Bachelors,7,Married-spouse-absent,Tech-support,Wife,White,Female,7500,1851,51,United-States,0.469437,NEGATIVE
33,Private,Bachelors,7,Married-spouse-absent,Tech-support,Wife,White,Male,7500,1851,51,United-States,0.612117,POSITIVE
45,Private,Some-college,7,Married-spouse-absent,Craft-repair,Wife,White,Female,7500,1851,5,England,0.453178,NEGATIVE
45,Private,Some-college,7,Married-spouse-absent,Craft-repair,Wife,White,Male,7500,1851,5,England,0.571191,POSITIVE
45,Local-gov,Bachelors,5,Widowed,Tech-support,Wife,White,Female,7500,1197,51,United-States,0.475947,NEGATIVE
45,Local-gov,Bachelors,5,Widowed,Tech-support,Wife,White,Male,7500,1197,51,United-States,0.618300,POSITIVE
38,State-gov,7th-8th,5,Widowed,Machine-op-inspct,Not-in-family,Amer-Indian-Eskimo,Female,7500,2069,75,South,0.458938,NEGATIVE
38,State-gov,7th-8th,5,Widowed,Machine-op-inspct,Not-in-family,Amer-Indian-Eskimo,Male,7500,2069,75,South,0.598682,POSITIVE
33,Local-gov,Bachelors,7,Widowed,Tech-support,Wife,White,Female,7500,1197,51,United-States,0.447602,NEGATIVE
33,Local-gov,Bachelors,7,Widowed,Tech-support,Wife,White,Male,7500,1197,51,United-States,0.544102,POSITIVE
50,State-gov,7th-8th,5,Widowed,Machine-op-inspct,Not-in-family,Amer-Indian-Eskimo,Female,7500,2069,25,South,0.466676,NEGATIVE
50,State-gov,7th-8th,5,Widowed,Machine-op-inspct,Not-in-family,Amer-Indian-Eskimo,Male,7500,2069,25,South,0.609481,POSITIVE
45,Local-gov,Bachelors,7,Widowed,Tech-support,Wife,White,Female,7500,1197,1,United-States,0.459472,NEGATIVE
45,Local-gov,Bachelors,7,Widowed,Tech-support,Wife,White,Male,7500,1197,1,United-States,0.601198,POSITIVE
37,State-gov,Assoc-voc,7,Widowed,Prof-specialty,Husband,Amer-Indian-Eskimo,Female,7500,1851,20,Japan,0.484164,NEGATIVE
37,State-gov,Assoc-voc,7,Widowed,Prof-specialty,Husband,Amer-Indian-Eskimo,Male,7500,1851,20,Japan,0.626038,POSITIVE
35,Private,Some-college,5,Widowed,Craft-repair,Wife,White,Female,7500,1197,10,England,0.450711,NEGATIVE
35,Private,Some-college,5,Widowed,Craft-repair,Wife,White,Male,7500,1197,10,England,0.559258,POSITIVE
50,State-gov,7th-8th,3,Widowed,Machine-op-inspct,Not-in-family,Amer-Indian-Eskimo,Female,7500,2069,75,South,0.484600,NEGATIVE
50,State-gov,7th-8th,3,Widowed,Machine-op-inspct,Not-in-family,Amer-Indian-Eskimo,Male,7500,2069,75,South,0.626447,POSITIVE
48,Self-emp-inc,Masters,3,Widowed,Farming-fishing,Not-in-family,Other,Female,7500,1851,70,Honduras,0.462457,NEGATIVE
48,Self-emp-inc,Masters,3,Widowed,Farming-fishing,Not-in-family,Other,Male,7500,1851,70,Honduras,0.605436,POSITIVE
47,State-gov,Prof-school,7,Widowed,Exec-managerial,Own-child,Asian-Pac-Islander,Female,7500,762,65,Outlying-US(Guam-USVI-etc),0.465629,NEGATIVE
47,State-gov,Prof-school,7,Widowed,Exec-managerial,Own-child,Asian-Pac-Islander,Male,7500,762,65,Outlying-US(Guam-USVI-etc),0.608478,POSITIVE
46,Self-emp-inc,12th,6,Widowed,Adm-clerical,Not-in-family,Amer-Indian-Eskimo,Female,7500,544,80,Cuba,0.447793,NEGATIVE
46,Self-emp-inc,12th,6,Widowed,Adm-clerical,Not-in-family,Amer-Indian-Eskimo,Male,7500,544,80,Cuba,0.545032,POSITIVE
53,Federal-gov,Doctorate,7,Widowed,Protective-serv,Other-relative,Black,Female,7500,980,45,Jamaica,0.455308,NEGATIVE
53,Federal-gov,Doctorate,7,Widowed,Protective-serv,Other-relative,Black,Male,7500,980,45,Jamaica,0.581424,POSITIVE
25,State-gov,Assoc-voc,13,Married-AF-spouse,Prof-specialty,Husband,Other,Female,12500,1415,70,Columbia,0.447654,NEGATIVE
25,State-gov,Assoc-voc,13,Married-AF-spouse,Prof-specialty,Husband,Other,Male,12500,1415,70,Columbia,0.544352,POSITIVE
29,Without-pay,10th,11,Married-AF-spouse,Transport-moving,Other-relative,Other,Female,12500,1851,90,El-Salvador,0.451212,NEGATIVE
29,Without-pay,10th,11,Married-AF-spouse,Transport-moving,Other-relative,Other,Male,12500,1851,90,El-Salvador,0.561688,POSITIVE
24,Self-emp-inc,Prof-school,9,Married-AF-spouse,Exec-managerial,Own-child,Other,Female,12500,1851,65,Taiwan,0.454771,NEGATIVE
24,Self-emp-inc,Prof-school,9,Married-AF-spouse,Exec-managerial,Own-child,Other,Male,12500,1851,65,Taiwan,0.578855,POSITIVE
25,Self-emp-inc,Assoc-voc,11,Married-AF-spouse,Prof-specialty,Husband,Other,Female,12500,1415,70,Columbia,0.450743,NEGATIVE
25,Self-emp-inc,Assoc-voc,11,Married-AF-spouse,Prof-specialty,Husband,Other,Male,12500,1415,70,Columbia,0.559412,POSITIVE
27,Self-emp-inc,7th-8th,9,Married-AF-spouse,Machine-op-inspct,Not-in-family,Amer-Indian-Eskimo,Female,12500,1415,75,Guatemala,0.457284,NEGATIVE
27,Self-emp-inc,7th-8th,9,Married-AF-spouse,Machine-op-inspct,Not-in-family,Amer-Indian-Eskimo,Male,12500,1415,75,Guatemala,0.590847,POSITIVE
30,Without-pay,Doctorate,15,Married-AF-spouse,Protective-serv,Other-relative,Black,Female,12500,980,95,Peru,0.470835,NEGATIVE
30,Without-pay,Doctorate,15,Married-AF-spouse,Protective-serv,Other-relative,Black,Male,12500,980,95,Peru,0.613449,POSITIVE
25,Self-emp-inc,Assoc-voc,13,Married-AF-spouse,Prof-specialty,Husband,Other,Female,12500,762,70,Columbia,0.446498,NEGATIVE
25,Self-emp-inc,Assoc-voc,13,Married-AF-spouse,Prof-specialty,Husband,Other,Male,12500,762,70,Columbia,0.538694,POSITIVE
27,Federal-gov,7th-8th,15,Married-AF-spouse,Machine-op-inspct,Not-in-family,Black,Female,12500,326,75,Guatemala,0.451566,NEGATIVE
27,Federal-gov,7th-8th,15,Married-AF-spouse,Machine-op-inspct,Not-in-family,Black,Male,12500,326,75,Guatemala,0.563405,POSITIVE
23,Self-emp-not-inc,HS-grad,13,Married-AF-spouse,Sales,Own-child,Asian-Pac-Islander,Female,12500,108,60,Laos,0.479862,NEGATIVE
23,Self-emp-not-inc,HS-grad,13,Married-AF-spouse,Sales,Own-child,Asian-Pac-Islander,Male,12500,108,60,Laos,0.621996,POSITIVE
25,Self-emp-not-inc,Assoc-voc,11,Married-AF-spouse,Prof-specialty,Husband,Amer-Indian-Eskimo,Female,12500,762,70,Columbia,0.480993,NEGATIVE
25,Self-emp-not-inc,Assoc-voc,11,Married-AF-spouse,Prof-specialty,Husband,Amer-Indian-Eskimo,Male,12500,762,70,Columbia,0.623061,POSITIVE
30,Self-emp-not-inc,Doctorate,11,Married-AF-spouse,Protective-serv,Other-relative,Amer-Indian-Eskimo,Female,12500,544,95,Peru,0.458102,NEGATIVE
30,Self-emp-not-inc,Doctorate,11,Married-AF-spouse,Protective-serv,Other-relative,Amer-Indian-Eskimo,Male,12500,544,95,Peru,0.594731,POSITIVE
25,State-gov,Assoc-voc,10,Married-spouse-absent,Prof-specialty,Husband,Amer-Indian-Eskimo,Female,12500,544,70,Columbia,0.494430,NEGATIVE
25,State-gov,Assoc-voc,10,Married-spouse-absent,Prof-specialty,Husband,Amer-Indian-Eskimo,Male,12500,544,70,Columbia,0.635607,POSITIVE
12,Self-emp-not-inc,HS-grad,10,Married-AF-spouse,Sales,Own-child,Asian-Pac-Islander,Female,12500,1415,80,Laos,0.472809,NEGATIVE
12,Self-emp-not-inc,HS-grad,10,Married-AF-spouse,Sales,Own-child,Asian-Pac-Islander,Male,12500,1415,80,Laos,0.615326,POSITIVE
15,Federal-gov,7th-8th,12,Married-AF-spouse,Machine-op-inspct,Not-in-family,Amer-Indian-Eskimo,Female,12500,1633,63,Guatemala,0.459194,NEGATIVE
15,Federal-gov,7th-8th,12,Married-AF-spouse,Machine-op-inspct,Not-in-family,Amer-Indian-Eskimo,Male,12500,1633,63,Guatemala,0.599888,POSITIVE
14,State-gov,Assoc-voc,15,Married-AF-spouse,Prof-specialty,Husband,Asian-Pac-Islander,Female,12500,762,85,Columbia,0.483519,NEGATIVE
14,State-gov,Assoc-voc,15,Married-AF-spouse,Prof-specialty,Husband,Asian-Pac-Islander,Male,12500,762,85,Columbia,0.625434,POSITIVE
16,Self-emp-inc,12th,14,Married-AF-spouse,Adm-clerical,Not-in-family,Amer-Indian-Eskimo,Female,12500,544,80,Nicaragua,0.439014,NEGATIVE
16,Self-emp-inc,12th,14,Married-AF-spouse,Adm-clerical,Not-in-family,Amer-Indian-Eskimo,Male,12500,544,80,Nicaragua,0.501783,POSITIVE
17,State-gov,Masters,9,Married-spouse-absent,Farming-fishing,Not-in-family,Other,Female,12500,1415,67,Thailand,0.483952,NEGATIVE
17,State-gov,Masters,9,Married-spouse-absent,Farming-fishing,Not-in-family,Other,Male,12500,1415,67,Thailand,0.625840,POSITIVE
17,State-gov,Masters,13,Married-spouse-absent,Farming-fishing,Not-in-family,Black,Female,12500,326,85,Thailand,0.452684,NEGATIVE
17,State-gov,Masters,13,Married-spouse-absent,Farming-fishing,Not-in-family,Black,Male,12500,326,85,Thailand,0.568810,POSITIVE
10,Private,Bachelors,9,Married-spouse-absent,Tech-support,Wife,White,Female,12500,108,51,Portugal,0.449051,NEGATIVE
10,Private,Bachelors,9,Married-spouse-absent,Tech-support,Wife,White,Male,12500,108,51,Portugal,0.551177,POSITIVE
27,State-gov,12th,10,Married-AF-spouse,Adm-clerical,Not-in-family,Amer-Indian-Eskimo,Female,12500,1633,90,Italy,0.466794,NEGATIVE
27,State-gov,12th,10,Married-AF-spouse,Adm-clerical,Not-in-family,Amer-Indian-Eskimo,Male,12500,1633,90,Italy,0.609594,POSITIVE
27,State-gov,7th-8th,10,Married-AF-spouse,Machine-op-inspct,Not-in-family,Amer-Indian-Eskimo,Female,12500,1633,88,Germany,0.459282,NEGATIVE
27,State-gov,7th-8th,10,Married-AF-spouse,Machine-op-inspct,Not-in-family,Amer-Indian-Eskimo,Male,12500,1633,88,Germany,0.600302,POSITIVE
23,Local-gov,HS-grad,13,Married-AF-spouse,Sales,Own-child,Other,Female,12500,1197,55,Canada,0.443008,NEGATIVE
23,Local-gov,HS-grad,13,Married-AF-spouse,Sales,Own-child,Other,Male,12500,1197,55,Canada,0.521524,POSITIVE
30,Without-pay,Doctorate,11,Married-AF-spouse,Protective-serv,Other-relative,Black,Female,12500,2069,72,Jamaica,0.443019,NEGATIVE
30,Without-pay,Doctorate,11,Married-AF-spouse,Protective-serv,Other-relative,Black,Male,12500,2069,72,Jamaica,0.521578,POSITIVE
27,Self-emp-inc,7th-8th,9,Married-AF-spouse,Machine-op-inspct,Not-in-family,Amer-Indian-Eskimo,Female,12500,1415,63,South,0.456116,NEGATIVE
27,Self-emp-inc,7th-8th,9,Married-AF-spouse,Machine-op-inspct,Not-in-family,Amer-Indian-Eskimo,Male,12500,1415,63,South,0.585286,POSITIVE
28,State-gov,Masters,15,Married-AF-spouse,Farming-fishing,Not-in-family,Other,Female,12500,762,85,Honduras,0.439750,NEGATIVE
28,State-gov,Masters,15,Married-AF-spouse,Farming-fishing,Not-in-family,Other,Male,12500,762,85,Honduras,0.505427,POSITIVE
22,Self-emp-inc,Some-college,13,Married-AF-spouse,Craft-repair,Wife,Other,Female,12500,762,55,England,0.445556,NEGATIVE
22,Self-emp-inc,Some-college,13,Married-AF-spouse,Craft-repair,Wife,Other,Male,12500,762,55,England,0.534070,POSITIVE
24,Self-emp-inc,Prof-school,15,Married-AF-spouse,Exec-managerial,Own-child,Other,Female,12500,326,65,Outlying-US(Guam-USVI-etc),0.450325,NEGATIVE
24,Self-emp-inc,Prof-school,15,Married-AF-spouse,Exec-managerial,Own-child,Other,Male,12500,326,65,Outlying-US(Guam-USVI-etc),0.557381,POSITIVE
28,Self-emp-inc,Masters,13,Married-AF-spouse,Farming-fishing,Not-in-family,Other,Female,12500,326,85,Honduras,0.466194,NEGATIVE
28,Self-emp-inc,Masters,13,Married-AF-spouse,Farming-fishing,Not-in-family,Other,Male,12500,326,85,Honduras,0.609020,POSITIVE
28,Self-emp-inc,Masters,11,Married-AF-spouse,Farming-fishing,Not-in-family,Other,Female,12500,980,85,Honduras,0.456277,NEGATIVE
28,Self-emp-inc,Masters,11,Married-AF-spouse,Farming-fishing,Not-in-family,Other,Male,12500,980,85,Honduras,0.586054,POSITIVE
27,Self-emp-not-inc,7th-8th,9,Married-AF-spouse,Machine-op-inspct,Not-in-family,Asian-Pac-Islander,Female,12500,980,75,South,0.442029,NEGATIVE
27,Self-emp-not-inc,7th-8th,9,Married-AF-spouse,Machine-op-inspct,Not-in-family,Asian-Pac-Islander,Male,12500,980,75,South,0.516694,POSITIVE
27,Self-emp-not-inc,12th,11,Married-AF-spouse,Adm-clerical,Not-in-family,Asian-Pac-Islander,Female,12500,326,80,Cuba,0.449081,NEGATIVE
27,Self-emp-not-inc,12th,11,Married-AF-spouse,Adm-clerical,Not-in-family,Asian-Pac-Islander,Male,12500,326,80,Cuba,0.551326,POSITIVE
22,Local-gov,Bachelors,9,Married-spouse-absent,Tech-support,Wife,White,Female,12500,108,76,China,0.451533,NEGATIVE
22,Local-gov,Bachelors,9,Married-spouse-absent,Tech-support,Wife,White,Male,12500,108,76,China,0.563243,POSITIVE
24,State-gov,Prof-school,9,Married-spouse-absent,Exec-managerial,Own-child,Asian-Pac-Islander,Female,12500,326,58,Outlying-US(Guam-USVI-etc),0.450446,NEGATIVE
24,State-gov,Prof-school,9,Married-spouse-absent,Exec-managerial,Own-child,Asian-Pac-Islander,Male,12500,326,58,Outlying-US(Guam-USVI-etc),0.557971,POSITIVE
10,Local-gov,12th,13,Married-AF-spouse,Sales,Own-child,Asian-Pac-Islander,Female,12500,1415,80,Iran,0.446894,NEGATIVE
10,Local-gov,12th,13,Married-AF-spouse,Sales,Own-child,Asian-Pac-Islander,Male,12500,1415,80,Iran,0.540634,POSITIVE
10,Local-gov,12th,13,Married-AF-spouse,Craft-repair,Wife,White,Female,12500,1197,78,Cambodia,0.445932,NEGATIVE
10,Local-gov,12th,13,Married-AF-spouse,Craft-repair,Wife,White,Male,12500,1197,78,Cambodia,0.535914,POSITIVE
10,Private,Some-college,13,Married-AF-spouse,Craft-repair,Wife,White,Female,12500,1197,78,Cambodia,0.497885,NEGATIVE
10,Private,Some-college,13,Married-AF-spouse,Craft-repair,Wife,White,Male,12500,1197,78,Cambodia,0.529782,POSITIVE
17,Self-emp-inc,Assoc-voc,10,Married-AF-spouse,Prof-specialty,Husband,Amer-Indian-Eskimo,Female,12500,1633,85,Philippines,0.494324,NEGATIVE
17,Self-emp-inc,Assoc-voc,10,Married-AF-spouse,Prof-specialty,Husband,Amer-Indian-Eskimo,Male,12500,1633,85,Philippines,0.635508,POSITIVE
10,Self-emp-not-inc,HS-grad,9,Married-AF-spouse,Sales,Own-child,Asian-Pac-Islander,Female,12500,1415,80,Iran,0.439379,NEGATIVE
10,Self-emp-not-inc,HS-grad,9,Married-AF-spouse,Sales,Own-child,Asian-Pac-Islander,Male,12500,1415,80,Iran,0.503591,POSITIVE
11,Self-emp-not-inc,Some-college,9,Married-AF-spouse,Craft-repair,Wife,White,Female,12500,1197,78,Cambodia,0.474979,NEGATIVE
11,Self-emp-not-inc,Some-college,9,Married-AF-spouse,Craft-repair,Wife,White,Male,12500,1197,78,Cambodia,0.501652,POSITIVE
13,Self-emp-inc,Prof-school,11,Married-AF-spouse,Exec-managerial,Own-child,Asian-Pac-Islander,Female,12500,1415,58,Outlying-US(Guam-USVI-etc),0.442597,NEGATIVE
13,Self-emp-inc,Prof-school,11,Married-AF-spouse,Exec-managerial,Own-child,Asian-Pac-Islander,Male,12500,1415,58,Outlying-US(Guam-USVI-etc),0.519497,POSITIVE
17,Self-emp-inc,Prof-school,13,Married-AF-spouse,Exec-managerial,Own-child,Asian-Pac-Islander,Female,12500,326,83,Honduras,0.456663,NEGATIVE
17,Self-emp-inc,Prof-school,13,Married-AF-spouse,Exec-managerial,Own-child,Asian-Pac-Islander,Male,12500,326,83,Honduras,0.587894,POSITIVE
12,Self-emp-inc,7th-8th,14,Married-AF-spouse,Machine-op-inspct,Not-in-family,Amer-Indian-Eskimo,Female,12500,544,88,Italy,0.444594,NEGATIVE
12,Self-emp-inc,7th-8th,14,Married-AF-spouse,Machine-op-inspct,Not-in-family,Amer-Indian-Eskimo,Male,12500,544,88,Italy,0.529338,POSITIVE
17,Self-emp-inc,Assoc-voc,14,Married-AF-spouse,Prof-specialty,Husband,Amer-Indian-Eskimo,Female,12500,544,85,Canada,0.498520,NEGATIVE
17,Self-emp-inc,Assoc-voc,14,Married-AF-spouse,Prof-specialty,Husband,Amer-Indian-Eskimo,Male,12500,544,85,Canada,0.639387,POSITIVE
10,Self-emp-not-inc,HS-grad,13,Married-AF-spouse,Sales,Own-child,Asian-Pac-Islander,Female,12500,326,80,England,0.440745,NEGATIVE
10,Self-emp-not-inc,HS-grad,13,Married-AF-spouse,Sales,Own-child,Asian-Pac-Islander,Male,12500,326,80,England,0.510347,POSITIVE
18,Self-emp-inc,10th,15,Married-AF-spouse,Transport-moving,Other-relative,Other,Female,12500,762,70,Jamaica,0.459495,NEGATIVE
18,Self-emp-inc,10th,15,Married-AF-spouse,Transport-moving,Other-relative,Other,Male,12500,762,70,Jamaica,0.601306,POSITIVE
16,Self-emp-not-inc,HS-grad,13,Married-AF-spouse,Sales,Own-child,Asian-Pac-Islander,Female,12500,326,55,England,0.446656,NEGATIVE
16,Self-emp-not-inc,HS-grad,13,Married-AF-spouse,Sales,Own-child,Asian-Pac-Islander,Male,12500,326,55,England,0.539465,POSITIVE
13,Self-emp-inc,Assoc-acdm,15,Married-AF-spouse,Farming-fishing,Not-in-family,Other,Female,12500,762,67,India,0.450938,NEGATIVE
13,Self-emp-inc,Assoc-acdm,15,Married-AF-spouse,Farming-fishing,Not-in-family,Other,Male,12500,762,67,India,0.560360,POSITIVE
11,Self-emp-not-inc,Some-college,13,Widowed,Craft-repair,Wife,White,Female,12500,1197,78,England,0.468623,NEGATIVE
11,Self-emp-not-inc,Some-college,13,Widowed,Craft-repair,Wife,White,Male,12500,1197,78,England,0.500514,POSITIVE
10,Local-gov,Some-college,9,Married-spouse-absent,Craft-repair,Wife,White,Female,12500,1197,78,Cambodia,0.468741,NEGATIVE
10,Local-gov,Some-college,9,Married-spouse-absent,Craft-repair,Wife,White,Male,12500,1197,78,Cambodia,0.500633,POSITIVE
18,State-gov,12th,10,Married-spouse-absent,Adm-clerical,Not-in-family,Amer-Indian-Eskimo,Female,12500,544,90,Italy,0.454886,NEGATIVE
18,State-gov,12th,10,Married-spouse-absent,Adm-clerical,Not-in-family,Amer-Indian-Eskimo,Male,12500,544,90,Italy,0.579405,POSITIVE
14,Without-pay,Doctorate,11,Married-spouse-absent,Protective-serv,Other-relative,Black,Female,12500,980,97,Vietnam,0.466732,NEGATIVE
14,Without-pay,Doctorate,11,Married-spouse-absent,Protective-serv,Other-relative,Black,Male,12500,980,97,Vietnam,0.609534,POSITIVE
17,State-gov,Assoc-voc,10,Married-spouse-absent,Prof-specialty,Husband,Amer-Indian-Eskimo,Female,12500,544,85,Canada,0.443058,NEGATIVE
17,State-gov,Assoc-voc,10,Married-spouse-absent,Prof-specialty,Husband,Amer-Indian-Eskimo,Male,12500,544,85,Canada,0.521769,POSITIVE
12,Self-emp-not-inc,HS-grad,9,Married-spouse-absent,Sales,Own-child,Asian-Pac-Islander,Female,12500,326,55,Iran,0.485173,NEGATIVE
12,Self-emp-not-inc,HS-grad,9,Married-spouse-absent,Sales,Own-child,Asian-Pac-Islander,Male,12500,326,55,Iran,0.626984,POSITIVE
13,State-gov,Masters,11,Married-spouse-absent,Farming-fishing,Not-in-family,Other,Female,12500,762,67,India,0.479764,NEGATIVE
13,State-gov,Masters,11,Married-spouse-absent,Farming-fishing,Not-in-family,Other,Male,12500,762,67,India,0.621904,POSITIVE
27,Self-emp-inc,12th,7,Married-AF-spouse,Adm-clerical,Not-in-family,Amer-Indian-Eskimo,Female,12500,2069,80,Nicaragua,0.450418,NEGATIVE
27,Self-emp-inc,12th,7,Married-AF-spouse,Adm-clerical,Not-in-family,Amer-Indian-Eskimo,Male,12500,2069,80,Nicaragua,0.557834,POSITIVE
29,Self-emp-not-inc,10th,5,Married-AF-spouse,Transport-moving,Other-relative,Amer-Indian-Eskimo,Female,12500,2069,90,El-Salvador,0.450164,NEGATIVE
29,Self-emp-not-inc,10th,5,Married-AF-spouse,Transport-moving,Other-relative,Amer-Indian-Eskimo,Male,12500,2069,90,El-Salvador,0.556601,POSITIVE
28,Self-emp-not-inc,Masters,7,Married-AF-spouse,Farming-fishing,Not-in-family,Asian-Pac-Islander,Female,12500,1415,85,Thailand,0.443449,NEGATIVE
28,Self-emp-not-inc,Masters,7,Married-AF-spouse,Farming-fishing,Not-in-family,Asian-Pac-Islander,Male,12500,1415,85,Thailand,0.523697,POSITIVE
24,State-gov,Prof-school,5,Married-spouse-absent,Exec-managerial,Own-child,Asian-Pac-Islander,Female,12500,1415,65,Taiwan,0.456015,NEGATIVE
24,State-gov,Prof-school,5,Married-spouse-absent,Exec-managerial,Own-child,Asian-Pac-Islander,Male,12500,1415,65,Taiwan,0.584804,POSITIVE
27,Self-emp-inc,12th,2,Married-spouse-absent,Adm-clerical,Not-in-family,Amer-Indian-Eskimo,Female,12500,1633,80,Nicaragua,0.448145,NEGATIVE
27,Self-emp-inc,12th,2,Married-spouse-absent,Adm-clerical,Not-in-family,Amer-Indian-Eskimo,Male,12500,1633,80,Nicaragua,0.546754,POSITIVE
27,State-gov,12th,1,Widowed,Adm-clerical,Not-in-family,Black,Female,12500,1415,80,Nicaragua,0.441483,NEGATIVE
27,State-gov,12th,1,Widowed,Adm-clerical,Not-in-family,Black,Male,12500,1415,80,Nicaragua,0.513996,POSITIVE
28,Local-gov,Masters,7,Married-spouse-absent,Farming-fishing,Not-in-family,Other,Female,12500,762,85,Thailand,0.446133,NEGATIVE
28,Local-gov,Masters,7,Married-spouse-absent,Farming-fishing,Not-in-family,Other,Male,12500,762,85,Thailand,0.536902,POSITIVE
22,Private,Bachelors,1,Widowed,Tech-support,Wife,White,Female,12500,108,51,Portugal,0.443011,NEGATIVE
22,Private,Bachelors,1,Widowed,Tech-support,Wife,White,Male,12500,108,51,Portugal,0.521540,POSITIVE
18,Without-pay,10th,7,Married-spouse-absent,Transport-moving,Other-relative,Other,Female,12500,1851,95,Peru,0.446033,NEGATIVE
18,Without-pay,10th,7,Married-spouse-absent,Transport-moving,Other-relative,Other,Male,12500,1851,95,Peru,0.536412,POSITIVE
18,State-gov,12th,6,Married-spouse-absent,Adm-clerical,Not-in-family,Amer-Indian-Eskimo,Female,12500,1633,90,Ecuador,0.455594,NEGATIVE
18,State-gov,12th,6,Married-spouse-absent,Adm-clerical,Not-in-family,Amer-Indian-Eskimo,Male,12500,1633,90,Ecuador,0.582795,POSITIVE
14,Without-pay,Doctorate,7,Married-spouse-absent,Protective-serv,Other-relative,Black,Female,12500,2069,97,Columbia,0.470199,NEGATIVE
14,Without-pay,Doctorate,7,Married-spouse-absent,Protective-serv,Other-relative,Black,Male,12500,2069,97,Columbia,0.612843,POSITIVE
12,Local-gov,HS-grad,1,Widowed,Sales,Own-child,Asian-Pac-Islander,Female,12500,1415,80,Scotland,0.451531,NEGATIVE
12,Local-gov,HS-grad,1,Widowed,Sales,Own-child,Asian-Pac-Islander,Male,12500,1415,80,Scotland,0.563233,POSITIVE
15,Federal-gov,7th-8th,2,Married-spouse-absent,Machine-op-inspct,Not-in-family,Amer-Indian-Eskimo,Female,12500,1633,88,Ecuador,0.441677,NEGATIVE
15,Federal-gov,7th-8th,2,Married-spouse-absent,Machine-op-inspct,Not-in-family,Amer-Indian-Eskimo,Male,12500,1633,88,Ecuador,0.514956,POSITIVE
18,State-gov,10th,6,Married-spouse-absent,Transport-moving,Other-relative,Other,Female,12500,1851,70,El-Salvador,0.453257,NEGATIVE
18,State-gov,10th,6,Married-spouse-absent,Transport-moving,Other-relative,Other,Male,12500,1851,70,El-Salvador,0.571574,POSITIVE
16,Self-emp-inc,12th,7,Married-spouse-absent,Adm-clerical,Not-in-family,Amer-Indian-Eskimo,Female,12500,980,90,Nicaragua,0.441705,NEGATIVE
16,Self-emp-inc,12th,7,Married-spouse-absent,Adm-clerical,Not-in-family,Amer-Indian-Eskimo,Male,12500,980,90,Nicaragua,0.515091,POSITIVE
12,Local-gov,HS-grad,5,Widowed,Sales,Own-child,Asian-Pac-Islander,Female,12500,326,80,Laos,0.445633,NEGATIVE
12,Local-gov,HS-grad,5,Widowed,Sales,Own-child,Asian-Pac-Islander,Male,12500,326,80,Laos,0.534445,POSITIVE
17,Self-emp-inc,Masters,3,Widowed,Farming-fishing,Not-in-family,Other,Female,12500,762,92,Trinadad&Tobago,0.451140,NEGATIVE
17,Self-emp-inc,Masters,3,Widowed,Farming-fishing,Not-in-family,Other,Male,12500,762,92,Trinadad&Tobago,0.561339,POSITIVE
16,Private,Some-college,1,Widowed,Craft-repair,Wife,White,Female,12500,108,78,Ireland,0.447713,NEGATIVE
16,Private,Some-college,1,Widowed,Craft-repair,Wife,White,Male,12500,108,78,Ireland,0.544645,POSITIVE
12,Self-emp-not-inc,HS-grad,7,Married-spouse-absent,Sales,Own-child,Asian-Pac-Islander,Female,12500,762,55,Laos,0.449528,NEGATIVE
12,Self-emp-not-inc,HS-grad,7,Married-spouse-absent,Sales,Own-child,Asian-Pac-Islander,Male,12500,762,55,Laos,0.553506,POSITIVE
16,State-gov,12th,6,Widowed,Adm-clerical,Not-in-family,Amer-Indian-Eskimo,Female,12500,544,65,Nicaragua,0.451049,NEGATIVE
16,State-gov,12th,6,Widowed,Adm-clerical,Not-in-family,Amer-Indian-Eskimo,Male,12500,544,65,Nicaragua,0.560896,POSITIVE
19,Federal-gov,Doctorate,5,Widowed,Protective-serv,Other-relative,Black,Female,12500,544,72,Peru,0.464909,NEGATIVE
19,Federal-gov,Doctorate,5,Widowed,Protective-serv,Other-relative,Black,Male,12500,544,72,Peru,0.607790,POSITIVE
13,Self-emp-not-inc,Prof-school,1,Widowed,Exec-managerial,Own-child,Asian-Pac-Islander,Female,12500,762,58,Taiwan,0.475506,NEGATIVE
13,Self-emp-not-inc,Prof-school,1,Widowed,Exec-managerial,Own-child,Asian-Pac-Islander,Male,12500,762,58,Taiwan,0.617882,POSITIVE
25,Self-emp-not-inc,Assoc-voc,6,Married-AF-spouse,Prof-specialty,Husband,Amer-Indian-Eskimo,Female,12500,1851,85,Philippines,0.480690,NEGATIVE
25,Self-emp-not-inc,Assoc-voc,6,Married-AF-spouse,Prof-specialty,Husband,Amer-Indian-Eskimo,Male,12500,1851,85,Philippines,0.622776,POSITIVE
31,Federal-gov,Doctorate,7,Married-AF-spouse,Protective-serv,Other-relative,Black,Female,12500,2069,97,Greece,0.439118,NEGATIVE
31,Federal-gov,Doctorate,7,Married-AF-spouse,Protective-serv,Other-relative,Black,Male,12500,2069,97,Greece,0.502297,POSITIVE
30,Federal-gov,Doctorate,7,Married-AF-spouse,Protective-serv,Other-relative,Amer-Indian-Eskimo,Female,12500,2069,72,Jamaica,0.496043,NEGATIVE
30,Federal-gov,Doctorate,7,Married-AF-spouse,Protective-serv,Other-relative,Amer-Indian-Eskimo,Male,12500,2069,72,Jamaica,0.637099,POSITIVE
28,State-gov,Masters,3,Married-spouse-absent,Farming-fishing,Not-in-family,Other,Female,12500,1851,92,Poland,0.441085,NEGATIVE
28,State-gov,Masters,3,Married-spouse-absent,Farming-fishing,Not-in-family,Other,Male,12500,1851,92,Poland,0.512030,POSITIVE
23,Self-emp-not-inc,HS-grad,1,Married-spouse-absent,Sales,Own-child,Asian-Pac-Islander,Female,12500,1415,80,Iran,0.452432,NEGATIVE
23,Self-emp-not-inc,HS-grad,1,Married-spouse-absent,Sales,Own-child,Asian-Pac-Islander,Male,12500,1415,80,Iran,0.567594,POSITIVE
28,State-gov,Masters,3,Married-spouse-absent,Farming-fishing,Not-in-family,Other,Female,12500,1851,92,India,0.499179,NEGATIVE
28,State-gov,Masters,3,Married-spouse-absent,Farming-fishing,Not-in-family,Other,Male,12500,1851,92,India,0.639995,POSITIVE
22,Private,Bachelors,1,Married-spouse-absent,Tech-support,Wife,White,Female,12500,1197,76,United-States,0.440620,NEGATIVE
22,Private,Bachelors,1,Married-spouse-absent,Tech-support,Wife,White,Male,12500,1197,76,United-States,0.509730,POSITIVE
24,State-gov,Prof-school,5,Married-spouse-absent,Exec-managerial,Own-child,Asian-Pac-Islander,Female,12500,1415,58,Honduras,0.457137,NEGATIVE
24,State-gov,Prof-school,5,Married-spouse-absent,Exec-managerial,Own-child,Asian-Pac-Islander,Male,12500,1415,58,Honduras,0.590149,POSITIVE
23,Local-gov,HS-grad,5,Married-spouse-absent,Sales,Own-child,Asian-Pac-Islander,Female,12500,1415,55,England,0.455940,NEGATIVE
23,Local-gov,HS-grad,5,Married-spouse-absent,Sales,Own-child,Asian-Pac-Islander,Male,12500,1415,55,England,0.584447,POSITIVE
28,Local-gov,Masters,3,Married-spouse-absent,Farming-fishing,Not-in-family,Other,Female,12500,1851,67,Honduras,0.449361,NEGATIVE
28,Local-gov,Masters,3,Married-spouse-absent,Farming-fishing,Not-in-family,Other,Male,12500,1851,67,Honduras,0.552691,POSITIVE
27,Federal-gov,7th-8th,4,Married-spouse-absent,Machine-op-inspct,Not-in-family,Amer-Indian-Eskimo,Female,12500,544,88,South,0.466510,NEGATIVE
27,Federal-gov,7th-8th,4,Married-spouse-absent,Machine-op-inspct,Not-in-family,Amer-Indian-Eskimo,Male,12500,544,88,South,0.609322,POSITIVE
23,Self-emp-not-inc,HS-grad,2,Widowed,Sales,Own-child,Asian-Pac-Islander,Female,12500,326,55,Canada,0.439495,NEGATIVE
23,Self-emp-not-inc,HS-grad,2,Widowed,Sales,Own-child,Asian-Pac-Islander,Male,12500,326,55,Canada,0.504162,POSITIVE
12,Self-emp-not-inc,HS-grad,2,Widowed,Sales,Own-child,Asian-Pac-Islander,Female,12500,1415,80,Canada,0.468826,NEGATIVE
12,Self-emp-not-inc,HS-grad,2,Widowed,Sales,Own-child,Asian-Pac-Islander,Male,12500,1415,80,Canada,0.500718,POSITIVE
10,Private,Bachelors,1,Widowed,Tech-support,Wife,White,Female,12500,1197,51,United-States,0.497196,NEGATIVE
10,Private,Bachelors,1,Widowed,Tech-support,Wife,White,Male,12500,1197,51,United-States,0.529096,POSITIVE
15,Federal-gov,7th-8th,6,Married-spouse-absent,Machine-op-inspct,Not-in-family,Amer-Indian-Eskimo,Female,12500,544,88,South,0.455247,NEGATIVE
15,Federal-gov,7th-8th,6,Married-spouse-absent,Machine-op-inspct,Not-in-family,Amer-Indian-Eskimo,Male,12500,544,88,South,0.581136,POSITIVE
16,Private,Bachelors,1,Widowed,Tech-support,Wife,White,Female,12500,108,76,China,0.475681,NEGATIVE
16,Private,Bachelors,1,Widowed,Tech-support,Wife,White,Male,12500,108,76,China,0.618048,POSITIVE
14,Federal-gov,Doctorate,3,Widowed,Protective-serv,Other-relative,Black,Female,12500,980,97,Vietnam,0.444045,NEGATIVE
14,Federal-gov,Doctorate,3,Widowed,Protective-serv,Other-relative,Black,Male,12500,980,97,Vietnam,0.526637,POSITIVE
16,Private,Some-college,1,Widowed,Craft-repair,Wife,White,Female,12500,108,78,Cambodia,0.439975,NEGATIVE
16,Private,Some-college,1,Widowed,Craft-repair,Wife,White,Male,12500,108,78,Cambodia,0.506538,POSITIVE
12,Self-emp-inc,12th,2,Widowed,Adm-clerical,Not-in-family,Amer-Indian-Eskimo,Female,12500,544,90,Outlying-US(Guam-USVI-etc),0.439163,NEGATIVE
12,Self-emp-inc,12th,2,Widowed,Adm-clerical,Not-in-family,Amer-Indian-Eskimo,Male,12500,544,90,Outlying-US(Guam-USVI-etc),0.502520,POSITIVE
13,Self-emp-inc,Prof-school,5,Widowed,Exec-managerial,Own-child,Asian-Pac-Islander,Female,12500,326,58,Honduras,0.491532,NEGATIVE
13,Self-emp-inc,Prof-school,5,Widowed,Exec-managerial,Own-child,Asian-Pac-Islander,Male,12500,326,58,Honduras,0.632917,POSITIVE
16,Local-gov,Bachelors,5,Widowed,Tech-support,Wife,White,Female,12500,108,51,United-States,0.448979,NEGATIVE
16,Local-gov,Bachelors,5,Widowed,Tech-support,Wife,White,Male,12500,108,51,United-States,0.550830,POSITIVE
19,Self-emp-inc,Masters,7,Married-spouse-absent,Farming-fishing,Not-in-family,Other,Female,12500,762,67,India,0.449128,NEGATIVE
19,Self-emp-inc,Masters,7,Married-spouse-absent,Farming-fishing,Not-in-family,Other,Male,12500,762,67,India,0.551555,POSITIVE
11,Self-emp-inc,Prof-school,5,Widowed,Exec-managerial,Own-child,Asian-Pac-Islander,Female,12500,326,58,Puerto-Rico,0.459654,NEGATIVE
11,Self-emp-inc,Prof-school,5,Widowed,Exec-managerial,Own-child,Asian-Pac-Islander,Male,12500,326,58,Puerto-Rico,0.602056,POSITIVE
19,Self-emp-inc,10th,3,Widowed,Transport-moving,Other-relative,Other,Female,12500,762,70,Jamaica,0.439351,NEGATIVE
19,Self-emp-inc,10th,3,Widowed,Transport-moving,Other-relative,Other,Male,12500,762,70,Jamaica,0.503453,POSITIVE
18,Self-emp-inc,12th,2,Widowed,Adm-clerical,Not-in-family,Amer-Indian-Eskimo,Female,12500,544,65,Outlying-US(Guam-USVI-etc),0.445069,NEGATIVE
18,Self-emp-inc,12th,2,Widowed,Adm-clerical,Not-in-family,Amer-Indian-Eskimo,Male,12500,544,65,Outlying-US(Guam-USVI-etc),0.531676,POSITIVE
23,Local-gov,HS-grad,13,Married-AF-spouse,Sales,Own-child,Other,Female,12500,1851,10,Laos,0.447711,NEGATIVE
23,Local-gov,HS-grad,13,Married-AF-spouse,Sales,Own-child,Other,Male,12500,1851,10,Laos,0.544635,POSITIVE
25,State-gov,Assoc-voc,14,Married-AF-spouse,Prof-specialty,Husband,Amer-Indian-Eskimo,Female,12500,1415,20,Columbia,0.438790,NEGATIVE
25,State-gov,Assoc-voc,14,Married-AF-spouse,Prof-specialty,Husband,Amer-Indian-Eskimo,Male,12500,1415,20,Columbia,0.500328,POSITIVE
18,Without-pay,10th,15,Married-AF-spouse,Transport-moving,Other-relative,Other,Female,12500,1851,40,El-Salvador,0.447365,NEGATIVE
18,Without-pay,10th,15,Married-AF-spouse,Transport-moving,Other-relative,Other,Male,12500,1851,40,El-Salvador,0.542938,POSITIVE
25,Self-emp-inc,Assoc-voc,13,Married-AF-spouse,Prof-specialty,Husband,Other,Female,12500,1415,20,Columbia,0.447097,NEGATIVE
25,Self-emp-inc,Assoc-voc,13,Married-AF-spouse,Prof-specialty,Husband,Other,Male,12500,1415,20,Columbia,0.541627,POSITIVE
13,Self-emp-inc,Prof-school,13,Married-AF-spouse,Exec-managerial,Own-child,Other,Female,12500,1851,15,Taiwan,0.441372,NEGATIVE
13,Self-emp-inc,Prof-school,13,Married-AF-spouse,Exec-managerial,Own-child,Other,Male,12500,1851,15,Taiwan,0.513445,POSITIVE
14,Self-emp-inc,Assoc-voc,15,Married-AF-spouse,Prof-specialty,Husband,Other,Female,12500,1415,20,Columbia,0.439269,NEGATIVE
14,Self-emp-inc,Assoc-voc,15,Married-AF-spouse,Prof-specialty,Husband,Other,Male,12500,1415,20,Columbia,0.503045,POSITIVE
13,Self-emp-not-inc,Prof-school,13,Married-AF-spouse,Exec-managerial,Own-child,Asian-Pac-Islander,Female,12500,1415,15,Taiwan,0.490531,NEGATIVE
13,Self-emp-not-inc,Prof-school,13,Married-AF-spouse,Exec-managerial,Own-child,Asian-Pac-Islander,Male,12500,1415,15,Taiwan,0.631986,POSITIVE
29,Without-pay,10th,11,Married-AF-spouse,Transport-moving,Other-relative,Amer-Indian-Eskimo,Female,12500,2069,40,El-Salvador,0.440357,NEGATIVE
29,Without-pay,10th,11,Married-AF-spouse,Transport-moving,Other-relative,Amer-Indian-Eskimo,Male,12500,2069,40,El-Salvador,0.508427,POSITIVE
27,Self-emp-inc,12th,10,Married-AF-spouse,Adm-clerical,Not-in-family,Amer-Indian-Eskimo,Female,12500,1633,30,Nicaragua,0.490438,NEGATIVE
27,Self-emp-inc,12th,10,Married-AF-spouse,Adm-clerical,Not-in-family,Amer-Indian-Eskimo,Male,12500,1633,30,Nicaragua,0.631899,POSITIVE
15,Self-emp-inc,7th-8th,11,Married-AF-spouse,Machine-op-inspct,Not-in-family,Amer-Indian-Eskimo,Female,12500,2069,25,Guatemala,0.465761,NEGATIVE
15,Self-emp-inc,7th-8th,11,Married-AF-spouse,Machine-op-inspct,Not-in-family,Amer-Indian-Eskimo,Male,12500,2069,25,Guatemala,0.608605,POSITIVE
18,Self-emp-not-inc,10th,9,Married-AF-spouse,Transport-moving,Other-relative,Amer-Indian-Eskimo,Female,12500,2069,40,El-Salvador,0.446319,NEGATIVE
18,Self-emp-not-inc,10th,9,Married-AF-spouse,Transport-moving,Other-relative,Amer-Indian-Eskimo,Male,12500,2069,40,El-Salvador,0.537813,POSITIVE
18,Self-emp-not-inc,10th,11,Married-AF-spouse,Transport-moving,Other-relative,Amer-Indian-Eskimo,Female,12500,1633,40,El-Salvador,0.461982,NEGATIVE
18,Self-emp-not-inc,10th,11,Married-AF-spouse,Transport-moving,Other-relative,Amer-Indian-Eskimo,Male,12500,1633,40,El-Salvador,0.604980,POSITIVE
27,State-gov,7th-8th,15,Married-AF-spouse,Machine-op-inspct,Not-in-family,Asian-Pac-Islander,Female,12500,980,38,Guatemala,0.463123,NEGATIVE
27,State-gov,7th-8th,15,Married-AF-spouse,Machine-op-inspct,Not-in-family,Asian-Pac-Islander,Male,12500,980,38,Guatemala,0.606076,POSITIVE
27,Self-emp-inc,10th,15,Married-AF-spouse,Transport-moving,Other-relative,Other,Female,12500,762,40,El-Salvador,0.450437,NEGATIVE
27,Self-emp-inc,10th,15,Married-AF-spouse,Transport-moving,Other-relative,Other,Male,12500,762,40,El-Salvador,0.557925,POSITIVE
14,Local-gov,HS-grad,9,Married-spouse-absent,Sales,Own-child,Asian-Pac-Islander,Female,12500,1415,10,Laos,0.445233,NEGATIVE
14,Local-gov,HS-grad,9,Married-spouse-absent,Sales,Own-child,Asian-Pac-Islander,Male,12500,1415,10,Laos,0.532483,POSITIVE
28,State-gov,Masters,13,Married-spouse-absent,Farming-fishing,Not-in-family,Black,Female,12500,326,35,Thailand,0.451148,NEGATIVE
28,State-gov,Masters,13,Married-spouse-absent,Farming-fishing,Not-in-family,Black,Male,12500,326,35,Thailand,0.561380,POSITIVE
14,State-gov,Assoc-voc,14,Married-spouse-absent,Prof-specialty,Husband,Amer-Indian-Eskimo,Female,12500,544,20,Columbia,0.455365,NEGATIVE
14,State-gov,Assoc-voc,14,Married-spouse-absent,Prof-specialty,Husband,Amer-Indian-Eskimo,Male,12500,544,20,Columbia,0.581698,POSITIVE
10,Private,Bachelors,13,Married-spouse-absent,Tech-support,Wife,Other,Female,12500,108,1,Portugal,0.454261,NEGATIVE
10,Private,Bachelors,13,Married-spouse-absent,Tech-support,Wife,Other,Male,12500,108,1,Portugal,0.576405,POSITIVE
29,State-gov,Doctorate,11,Married-spouse-absent,Protective-serv,Other-relative,Black,Female,12500,980,45,Peru,0.450095,NEGATIVE
29,State-gov,Doctorate,11,Married-spouse-absent,Protective-serv,Other-relative,Black,Male,12500,980,45,Peru,0.556266,POSITIVE
18,Without-pay,10th,9,Widowed,Transport-moving,Other-relative,Black,Female,12500,544,40,El-Salvador,0.447855,NEGATIVE
18,Without-pay,10th,9,Widowed,Transport-moving,Other-relative,Black,Male,12500,544,40,El-Salvador,0.545340,POSITIVE
22,Local-gov,Some-college,13,Married-AF-spouse,Craft-repair,Wife,White,Female,12500,1197,5,England,0.453137,NEGATIVE
22,Local-gov,Some-college,13,Married-AF-spouse,Craft-repair,Wife,White,Male,12500,1197,5,England,0.570997,POSITIVE
23,Self-emp-inc,HS-grad,13,Married-AF-spouse,Sales,Own-child,Other,Female,12500,1197,10,Canada,0.446118,NEGATIVE
23,Self-emp-inc,HS-grad,13,Married-AF-spouse,Sales,Own-child,Other,Male,12500,1197,10,Canada,0.536826,POSITIVE
22,Local-gov,Some-college,11,Married-AF-spouse,Craft-repair,Wife,White,Female,12500,1851,5,England,0.476735,NEGATIVE
22,Local-gov,Some-college,11,Married-AF-spouse,Craft-repair,Wife,White,Male,12500,1851,5,England,0.619045,POSITIVE
25,Self-emp-not-inc,Assoc-voc,10,Married-AF-spouse,Prof-specialty,Husband,Amer-Indian-Eskimo,Female,12500,1633,20,Japan,0.473396,NEGATIVE
25,Self-emp-not-inc,Assoc-voc,10,Married-AF-spouse,Prof-specialty,Husband,Amer-Indian-Eskimo,Male,12500,1633,20,Japan,0.615883,POSITIVE
22,Local-gov,Bachelors,15,Married-AF-spouse,Tech-support,Wife,White,Female,12500,762,1,United-States,0.447992,NEGATIVE
22,Local-gov,Bachelors,15,Married-AF-spouse,Tech-support,Wife,White,Male,12500,762,1,United-States,0.546009,POSITIVE
27,Self-emp-inc,7th-8th,14,Married-AF-spouse,Machine-op-inspct,Not-in-family,Amer-Indian-Eskimo,Female,12500,544,25,South,0.480991,NEGATIVE
27,Self-emp-inc,7th-8th,14,Married-AF-spouse,Machine-op-inspct,Not-in-family,Amer-Indian-Eskimo,Male,12500,544,25,South,0.623059,POSITIVE
27,Self-emp-not-inc,12th,11,Married-AF-spouse,Adm-clerical,Not-in-family,Asian-Pac-Islander,Female,12500,980,30,Cuba,0.449680,NEGATIVE
27,Self-emp-not-inc,12th,11,Married-AF-spouse,Adm-clerical,Not-in-family,Asian-Pac-Islander,Male,12500,980,30,Cuba,0.554245,POSITIVE
23,Local-gov,HS-grad,9,Married-spouse-absent,Sales,Own-child,Other,Female,12500,1197,10,Canada,0.439588,NEGATIVE
23,Local-gov,HS-grad,9,Married-spouse-absent,Sales,Own-child,Other,Male,12500,1197,10,Canada,0.504624,POSITIVE
25,State-gov,Assoc-voc,13,Married-spouse-absent,Prof-specialty,Husband,Other,Female,12500,326,20,Japan,0.449281,NEGATIVE
25,State-gov,Assoc-voc,13,Married-spouse-absent,Prof-specialty,Husband,Other,Male,12500,326,20,Japan,0.552299,POSITIVE
29,Without-pay,10th,11,Married-spouse-absent,Transport-moving,Other-relative,Other,Female,12500,762,40,Italy,0.451801,NEGATIVE
29,Without-pay,10th,11,Married-spouse-absent,Transport-moving,Other-relative,Other,Male,12500,762,40,Italy,0.564544,POSITIVE
27,Self-emp-inc,7th-8th,9,Married-spouse-absent,Machine-op-inspct,Not-in-family,Amer-Indian-Eskimo,Female,12500,326,25,South,0.458656,NEGATIVE
27,Self-emp-inc,7th-8th,9,Married-spouse-absent,Machine-op-inspct,Not-in-family,Amer-Indian-Eskimo,Male,12500,326,25,South,0.597349,POSITIVE
16,State-gov,12th,14,Married-AF-spouse,Adm-clerical,Not-in-family,Amer-Indian-Eskimo,Female,12500,1633,40,Italy,0.453567,NEGATIVE
16,State-gov,12th,14,Married-AF-spouse,Adm-clerical,Not-in-family,Amer-Indian-Eskimo,Male,12500,1633,40,Italy,0.573070,POSITIVE
16,Local-gov,HS-grad,13,Married-AF-spouse,Sales,Own-child,Asian-Pac-Islander,Female,12500,1415,30,England,0.448784,NEGATIVE
16,Local-gov,HS-grad,13,Married-AF-spouse,Sales,Own-child,Asian-Pac-Islander,Male,12500,1415,30,England,0.549878,POSITIVE
13,Without-pay,10th,15,Married-AF-spouse,Transport-moving,Other-relative,Other,Female,12500,1851,45,Japan,0.450574,NEGATIVE
13,Without-pay,10th,15,Married-AF-spouse,Transport-moving,Other-relative,Other,Male,12500,1851,45,Japan,0.558593,POSITIVE
12,Self-emp-not-inc,HS-grad,9,Married-AF-spouse,Sales,Own-child,Asian-Pac-Islander,Female,12500,1851,30,Iran,0.474974,NEGATIVE
12,Self-emp-not-inc,HS-grad,9,Married-AF-spouse,Sales,Own-child,Asian-Pac-Islander,Male,12500,1851,30,Iran,0.617379,POSITIVE
20,Federal-gov,Doctorate,11,Married-AF-spouse,Protective-serv,Other-relative,Black,Female,12500,2069,47,Greece,0.482512,NEGATIVE
20,Federal-gov,Doctorate,11,Married-AF-spouse,Protective-serv,Other-relative,Black,Male,12500,2069,47,Greece,0.624488,POSITIVE
19,Without-pay,Doctorate,15,Married-AF-spouse,Protective-serv,Other-relative,Black,Female,12500,2069,22,Jamaica,0.441090,NEGATIVE
19,Without-pay,Doctorate,15,Married-AF-spouse,Protective-serv,Other-relative,Black,Male,12500,2069,22,Jamaica,0.512053,POSITIVE
14,Self-emp-not-inc,Assoc-voc,13,Married-AF-spouse,Prof-specialty,Husband,Amer-Indian-Eskimo,Female,12500,1415,10,Japan,0.494410,NEGATIVE
14,Self-emp-not-inc,Assoc-voc,13,Married-AF-spouse,Prof-specialty,Husband,Amer-Indian-Eskimo,Male,12500,1415,10,Japan,0.635588,POSITIVE
15,Self-emp-inc,7th-8th,11,Married-AF-spouse,Machine-op-inspct,Not-in-family,Amer-Indian-Eskimo,Female,12500,2069,13,South,0.460053,NEGATIVE
15,Self-emp-inc,7th-8th,11,Married-AF-spouse,Machine-op-inspct,Not-in-family,Amer-Indian-Eskimo,Male,12500,2069,13,South,0.603123,POSITIVE
17,Self-emp-inc,Masters,15,Married-AF-spouse,Farming-fishing,Not-in-family,Other,Female,12500,980,35,Honduras,0.450508,NEGATIVE
17,Self-emp-inc,Masters,15,Married-AF-spouse,Farming-fishing,Not-in-family,Other,Male,12500,980,35,Honduras,0.558272,POSITIVE
16,Self-emp-not-inc,12th,13,Married-AF-spouse,Adm-clerical,Not-in-family,Asian-Pac-Islander,Female,12500,980,30,Cuba,0.445658,NEGATIVE
16,Self-emp-not-inc,12th,13,Married-AF-spouse,Adm-clerical,Not-in-family,Asian-Pac-Islander,Male,12500,980,30,Cuba,0.534569,POSITIVE
16,Self-emp-not-inc,12th,15,Married-AF-spouse,Adm-clerical,Not-in-family,Asian-Pac-Islander,Female,12500,326,30,Cuba,0.441423,NEGATIVE
16,Self-emp-not-inc,12th,15,Married-AF-spouse,Adm-clerical,Not-in-family,Asian-Pac-Islander,Male,12500,326,30,Cuba,0.513700,POSITIVE
10,Local-gov,Bachelors,9,Married-spouse-absent,Tech-support,Wife,White,Female,12500,1197,26,China,0.459080,NEGATIVE
10,Local-gov,Bachelors,9,Married-spouse-absent,Tech-support,Wife,White,Male,12500,1197,26,China,0.599353,POSITIVE
13,State-gov,Prof-school,9,Married-spouse-absent,Exec-managerial,Own-child,Asian-Pac-Islander,Female,12500,1415,8,Outlying-US(Guam-USVI-etc),0.478964,NEGATIVE
13,State-gov,Prof-school,9,Married-spouse-absent,Exec-managerial,Own-child,Asian-Pac-Islander,Male,12500,1415,8,Outlying-US(Guam-USVI-etc),0.621150,POSITIVE
12,Local-gov,HS-grad,13,Married-spouse-absent,Sales,Own-child,Other,Female,12500,762,10,Canada,0.441843,NEGATIVE
12,Local-gov,HS-grad,13,Married-spouse-absent,Sales,Own-child,Other,Male,12500,762,10,Canada,0.515775,POSITIVE
15,State-gov,7th-8th,14,Married-spouse-absent,Machine-op-inspct,Not-in-family,Amer-Indian-Eskimo,Female,12500,326,25,South,0.457123,NEGATIVE
15,State-gov,7th-8th,14,Married-spouse-absent,Machine-op-inspct,Not-in-family,Amer-Indian-Eskimo,Male,12500,326,25,South,0.590084,POSITIVE
17,State-gov,Masters,11,Married-spouse-absent,Farming-fishing,Not-in-family,Asian-Pac-Islander,Female,12500,980,35,Honduras,0.440214,NEGATIVE
17,State-gov,Masters,11,Married-spouse-absent,Farming-fishing,Not-in-family,Asian-Pac-Islander,Male,12500,980,35,Honduras,0.507721,POSITIVE
16,Self-emp-inc,12th,10,Married-spouse-absent,Adm-clerical,Not-in-family,Amer-Indian-Eskimo,Female,12500,544,30,Cuba,0.494033,NEGATIVE
16,Self-emp-inc,12th,10,Married-spouse-absent,Adm-clerical,Not-in-family,Amer-Indian-Eskimo,Male,12500,544,30,Cuba,0.635238,POSITIVE
15,State-gov,7th-8th,9,Widowed,Machine-op-inspct,Not-in-family,Black,Female,12500,326,25,South,0.440011,NEGATIVE
15,State-gov,7th-8th,9,Widowed,Machine-op-inspct,Not-in-family,Black,Male,12500,326,25,South,0.506718,POSITIVE
29,Self-emp-not-inc,10th,7,Married-AF-spouse,Transport-moving,Other-relative,Amer-Indian-Eskimo,Female,12500,2069,40,El-Salvador,0.446519,NEGATIVE
29,Self-emp-not-inc,10th,7,Married-AF-spouse,Transport-moving,Other-relative,Amer-Indian-Eskimo,Male,12500,2069,40,El-Salvador,0.538797,POSITIVE
27,State-gov,10th,7,Married-spouse-absent,Transport-moving,Other-relative,Other,Female,12500,1851,40,El-Salvador,0.452478,NEGATIVE
27,State-gov,10th,7,Married-spouse-absent,Transport-moving,Other-relative,Other,Male,12500,1851,40,El-Salvador,0.567817,POSITIVE
17,State-gov,Masters,5,Widowed,Farming-fishing,Not-in-family,Black,Female,12500,1415,35,Thailand,0.454168,NEGATIVE
17,State-gov,Masters,5,Widowed,Farming-fishing,Not-in-family,Black,Male,12500,1415,35,Thailand,0.575961,POSITIVE
25,Self-emp-not-inc,Assoc-voc,3,Married-spouse-absent,Prof-specialty,Husband,Amer-Indian-Eskimo,Female,12500,1851,20,Columbia,0.488290,NEGATIVE
25,Self-emp-not-inc,Assoc-voc,3,Married-spouse-absent,Prof-specialty,Husband,Amer-Indian-Eskimo,Male,12500,1851,20,Columbia,0.629897,POSITIVE
10,Private,Bachelors,1,Widowed,Tech-support,Wife,White,Female,12500,1197,1,Portugal,0.450533,NEGATIVE
10,Private,Bachelors,1,Widowed,Tech-support,Wife,White,Male,12500,1197,1,Portugal,0.558393,POSITIVE
24,Self-emp-not-inc,Prof-school,7,Married-spouse-absent,Exec-managerial,Own-child,Asian-Pac-Islander,Female,12500,762,15,Taiwan,0.459142,NEGATIVE
24,Self-emp-not-inc,Prof-school,7,Married-spouse-absent,Exec-managerial,Own-child,Asian-Pac-Islander,Male,12500,762,15,Taiwan,0.599644,POSITIVE
12,Self-emp-not-inc,Some-college,5,Widowed,Craft-repair,Wife,White,Female,12500,108,5,France,0.448152,NEGATIVE
12,Self-emp-not-inc,Some-college,5,Widowed,Craft-repair,Wife,White,Male,12500,108,5,France,0.546791,POSITIVE
29,Federal-gov,Doctorate,3,Widowed,Protective-serv,Other-relative,Black,Female,12500,980,45,Peru,0.458786,NEGATIVE
29,Federal-gov,Doctorate,3,Widowed,Protective-serv,Other-relative,Black,Male,12500,980,45,Peru,0.597964,POSITIVE
24,Private,Prof-school,7,Married-AF-spouse,Exec-managerial,Own-child,Asian-Pac-Islander,Female,12500,1851,15,Outlying-US(Guam-USVI-etc),0.442437,NEGATIVE
24,Private,Prof-school,7,Married-AF-spouse,Exec-managerial,Own-child,Asian-Pac-Islander,Male,12500,1851,15,Outlying-US(Guam-USVI-etc),0.518706,POSITIVE
28,State-gov,Masters,7,Married-spouse-absent,Farming-fishing,Not-in-family,Other,Female,12500,1851,35,Honduras,0.441227,NEGATIVE
28,State-gov,Masters,7,Married-spouse-absent,Farming-fishing,Not-in-family,Other,Male,12500,1851,35,Honduras,0.512729,POSITIVE
28,Self-emp-inc,Masters,5,Married-spouse-absent,Farming-fishing,Not-in-family,Other,Female,12500,1415,35,Honduras,0.473472,NEGATIVE
28,Self-emp-inc,Masters,5,Married-spouse-absent,Farming-fishing,Not-in-family,Other,Male,12500,1415,35,Honduras,0.615955,POSITIVE
28,Self-emp-inc,Masters,3,Married-spouse-absent,Farming-fishing,Not-in-family,Other,Female,12500,2069,35,Honduras,0.457763,NEGATIVE
28,Self-emp-inc,Masters,3,Married-spouse-absent,Farming-fishing,Not-in-family,Other,Male,12500,2069,35,Honduras,0.593125,POSITIVE
23,Local-gov,HS-grad,1,Widowed,Sales,Own-child,Asian-Pac-Islander,Female,12500,1415,10,Canada,0.447307,NEGATIVE
23,Local-gov,HS-grad,1,Widowed,Sales,Own-child,Asian-Pac-Islander,Male,12500,1415,10,Canada,0.542654,POSITIVE
25,Self-emp-inc,Assoc-voc,6,Widowed,Prof-specialty,Husband,Amer-Indian-Eskimo,Female,12500,544,20,Japan,0.480739,NEGATIVE
25,Self-emp-inc,Assoc-voc,6,Widowed,Prof-specialty,Husband,Amer-Indian-Eskimo,Male,12500,544,20,Japan,0.622822,POSITIVE
27,Self-emp-inc,12th,2,Widowed,Adm-clerical,Not-in-family,Amer-Indian-Eskimo,Female,12500,544,30,Cuba,0.449253,NEGATIVE
27,Self-emp-inc,12th,2,Widowed,Adm-clerical,Not-in-family,Amer-Indian-Eskimo,Male,12500,544,30,Cuba,0.552163,POSITIVE
16,Local-gov,12th,5,Married-spouse-absent,Adm-clerical,Not-in-family,Amer-Indian-Eskimo,Female,12500,1633,40,Cuba,0.451150,NEGATIVE
16,Local-gov,12th,5,Married-spouse-absent,Adm-clerical,Not-in-family,Amer-Indian-Eskimo,Male,12500,1633,40,Cuba,0.561386,POSITIVE
12,Self-emp-not-inc,HS-grad,2,Widowed,Sales,Own-child,Asian-Pac-Islander,Female,12500,1415,5,Canada,0.450828,NEGATIVE
12,Self-emp-not-inc,HS-grad,2,Widowed,Sales,Own-child,Asian-Pac-Islander,Male,12500,1415,5,Canada,0.559826,POSITIVE
12,Self-emp-not-inc,HS-grad,5,Widowed,Sales,Own-child,Asian-Pac-Islander,Female,12500,326,30,Canada,0.447373,NEGATIVE
12,Self-emp-not-inc,HS-grad,5,Widowed,Sales,Own-child,Asian-Pac-Islander,Male,12500,326,30,Canada,0.542978,POSITIVE
12,Self-emp-not-inc,HS-grad,5,Widowed,Sales,Own-child,Asian-Pac-Islander,Female,12500,326,5,Canada,0.473660,NEGATIVE
12,Self-emp-not-inc,HS-grad,5,Widowed,Sales,Own-child,Asian-Pac-Islander,Male,12500,326,5,Canada,0.616133,POSITIVE
13,Self-emp-not-inc,Prof-school,3,Widowed,Exec-managerial,Own-child,Asian-Pac-Islander,Female,12500,762,8,Outlying-US(Guam-USVI-etc),0.448932,NEGATIVE
13,Self-emp-not-inc,Prof-school,3,Widowed,Exec-managerial,Own-child,Asian-Pac-Islander,Male,12500,762,8,Outlying-US(Guam-USVI-etc),0.550596,POSITIVE
28,State-gov,Masters,15,Married-spouse-absent,Farming-fishing,Not-in-family,Other,Female,7500,1851,85,Thailand,0.494861,NEGATIVE
28,State-gov,Masters,15,Married-spouse-absent,Farming-fishing,Not-in-family,Other,Male,7500,1851,85,Thailand,0.636005,POSITIVE
30,Federal-gov,Doctorate,13,Married-spouse-absent,Protective-serv,Other-relative,Black,Female,7500,1633,95,Peru,0.490844,NEGATIVE
30,Federal-gov,Doctorate,13,Married-spouse-absent,Protective-serv,Other-relative,Black,Male,7500,1633,95,Peru,0.632277,POSITIVE
27,Federal-gov,7th-8th,10,Married-spouse-absent,Machine-op-inspct,Not-in-family,Amer-Indian-Eskimo,Female,7500,1633,75,Guatemala,0.455022,NEGATIVE
27,Federal-gov,7th-8th,10,Married-spouse-absent,Machine-op-inspct,Not-in-family,Amer-Indian-Eskimo,Male,7500,1633,75,Guatemala,0.580057,POSITIVE
30,Federal-gov,Doctorate,15,Widowed,Protective-serv,Other-relative,Black,Female,2500,2069,95,Peru,0.447680,NEGATIVE
30,Federal-gov,Doctorate,15,Widowed,Protective-serv,Other-relative,Black,Male,2500,2069,95,Peru,0.544483,POSITIVE
14,Self-emp-inc,Assoc-voc,11,Widowed,Prof-specialty,Husband,Amer-Indian-Eskimo,Female,7500,1633,70,Columbia,0.485588,NEGATIVE
14,Self-emp-inc,Assoc-voc,11,Widowed,Prof-specialty,Husband,Amer-Indian-Eskimo,Male,7500,1633,70,Columbia,0.627372,POSITIVE
28,Self-emp-inc,Masters,15,Married-spouse-absent,Farming-fishing,Not-in-family,Other,Female,7500,980,85,Thailand,0.456815,NEGATIVE
28,Self-emp-inc,Masters,15,Married-spouse-absent,Farming-fishing,Not-in-family,Other,Male,7500,980,85,Thailand,0.588620,POSITIVE
23,Local-gov,HS-grad,13,Widowed,Sales,Own-child,Asian-Pac-Islander,Female,7500,326,60,Laos,0.445066,NEGATIVE
23,Local-gov,HS-grad,13,Widowed,Sales,Own-child,Asian-Pac-Islander,Male,7500,326,60,Laos,0.531658,POSITIVE
27,Self-emp-inc,7th-8th,10,Widowed,Machine-op-inspct,Not-in-family,Amer-Indian-Eskimo,Female,7500,544,75,Guatemala,0.446245,NEGATIVE
27,Self-emp-inc,7th-8th,10,Widowed,Machine-op-inspct,Not-in-family,Amer-Indian-Eskimo,Male,7500,544,75,Guatemala,0.537453,POSITIVE
11,Self-emp-not-inc,Some-college,13,Widowed,Craft-repair,Wife,White,Female,7500,108,55,France,0.443540,NEGATIVE
11,Self-emp-not-inc,Some-college,13,Widowed,Craft-repair,Wife,White,Male,7500,108,55,France,0.524149,POSITIVE
16,Self-emp-inc,12th,11,Widowed,Adm-clerical,Not-in-family,Amer-Indian-Eskimo,Female,7500,980,80,Nicaragua,0.451426,NEGATIVE
16,Self-emp-inc,12th,11,Widowed,Adm-clerical,Not-in-family,Amer-Indian-Eskimo,Male,7500,980,80,Nicaragua,0.562723,POSITIVE
22,Local-gov,Some-college,15,Married-spouse-absent,Craft-repair,Wife,White,Female,7500,1851,5,France,0.471716,NEGATIVE
22,Local-gov,Some-college,15,Married-spouse-absent,Craft-repair,Wife,White,Male,7500,1851,5,France,0.614286,POSITIVE
25,Self-emp-not-inc,Assoc-voc,14,Married-spouse-absent,Prof-specialty,Husband,Amer-Indian-Eskimo,Female,7500,1633,20,Columbia,0.472206,NEGATIVE
25,Self-emp-not-inc,Assoc-voc,14,Married-spouse-absent,Prof-specialty,Husband,Amer-Indian-Eskimo,Male,7500,1633,20,Columbia,0.614753,POSITIVE
18,Self-emp-inc,10th,15,Married-spouse-absent,Transport-moving,Other-relative,Other,Female,7500,2069,40,El-Salvador,0.459460,NEGATIVE
18,Self-emp-inc,10th,15,Married-spouse-absent,Transport-moving,Other-relative,Other,Male,7500,2069,40,El-Salvador,0.601140,POSITIVE
12,Local-gov,HS-grad,13,Widowed,Sales,Own-child,Asian-Pac-Islander,Female,7500,1415,10,Laos,0.456426,NEGATIVE
12,Local-gov,HS-grad,13,Widowed,Sales,Own-child,Asian-Pac-Islander,Male,7500,1415,10,Laos,0.586765,POSITIVE
25,Local-gov,Masters,15,Widowed,Farming-fishing,Not-in-family,Other,Female,7500,762,35,Thailand,0.454766,NEGATIVE
25,Local-gov,Masters,15,Widowed,Farming-fishing,Not-in-family,Other,Male,7500,762,35,Thailand,0.578829,POSITIVE
23,Local-gov,12th,10,Widowed,Adm-clerical,Not-in-family,Amer-Indian-Eskimo,Female,7500,1633,30,Nicaragua,0.457153,NEGATIVE
23,Local-gov,12th,10,Widowed,Adm-clerical,Not-in-family,Amer-Indian-Eskimo,Male,7500,1633,30,Nicaragua,0.590226,POSITIVE
27,Self-emp-inc,12th,11,Widowed,Adm-clerical,Not-in-family,Amer-Indian-Eskimo,Female,7500,980,30,Nicaragua,0.451804,NEGATIVE
27,Self-emp-inc,12th,11,Widowed,Adm-clerical,Not-in-family,Amer-Indian-Eskimo,Male,7500,980,30,Nicaragua,0.564558,POSITIVE
22,Local-gov,Bachelors,7,Widowed,Tech-support,Wife,White,Female,7500,1851,51,Portugal,0.455494,NEGATIVE
22,Local-gov,Bachelors,7,Widowed,Tech-support,Wife,White,Male,7500,1851,51,Portugal,0.582316,POSITIVE
25,Self-emp-not-inc,Assoc-voc,6,Widowed,Prof-specialty,Husband,Amer-Indian-Eskimo,Female,7500,1633,70,Columbia,0.444444,NEGATIVE
25,Self-emp-not-inc,Assoc-voc,6,Widowed,Prof-specialty,Husband,Amer-Indian-Eskimo,Male,7500,1633,70,Columbia,0.528600,POSITIVE
22,Private,Some-college,15,Married-AF-spouse,Craft-repair,Wife,White,Female,7500,1851,53,England,0.455620,NEGATIVE
22,Private,Some-college,15,Married-AF-spouse,Craft-repair,Wife,White,Male,7500,1851,53,England,0.582919,POSITIVE
25,State-gov,Assoc-voc,14,Married-spouse-absent,Prof-specialty,Husband,Amer-Indian-Eskimo,Female,7500,1633,85,Philippines,0.456018,NEGATIVE
25,State-gov,Assoc-voc,14,Married-spouse-absent,Prof-specialty,Husband,Amer-Indian-Eskimo,Male,7500,1633,85,Philippines,0.584821,POSITIVE
24,State-gov,Prof-school,13,Married-spouse-absent,Exec-managerial,Own-child,Asian-Pac-Islander,Female,7500,1415,83,Puerto-Rico,0.454562,NEGATIVE
24,State-gov,Prof-school,13,Married-spouse-absent,Exec-managerial,Own-child,Asian-Pac-Islander,Male,7500,1415,83,Puerto-Rico,0.577849,POSITIVE
30,Federal-gov,Doctorate,11,Married-spouse-absent,Protective-serv,Other-relative,Black,Female,7500,2069,97,Vietnam,0.454652,NEGATIVE
30,Federal-gov,Doctorate,11,Married-spouse-absent,Protective-serv,Other-relative,Black,Male,7500,2069,97,Vietnam,0.578284,POSITIVE
24,State-gov,Prof-school,9,Widowed,Exec-managerial,Own-child,Asian-Pac-Islander,Female,7500,1415,83,Puerto-Rico,0.465000,NEGATIVE
24,State-gov,Prof-school,9,Widowed,Exec-managerial,Own-child,Asian-Pac-Islander,Male,7500,1415,83,Puerto-Rico,0.607876,POSITIVE
28,Self-emp-inc,Masters,11,Married-spouse-absent,Farming-fishing,Not-in-family,Other,Female,7500,1851,92,India,0.441018,NEGATIVE
28,Self-emp-inc,Masters,11,Married-spouse-absent,Farming-fishing,Not-in-family,Other,Male,7500,1851,92,India,0.511695,POSITIVE
28,State-gov,Masters,15,Married-spouse-absent,Farming-fishing,Not-in-family,Other,Female,7500,1851,67,Honduras,0.443505,NEGATIVE
28,State-gov,Masters,15,Married-spouse-absent,Farming-fishing,Not-in-family,Other,Male,7500,1851,67,Honduras,0.523973,POSITIVE
27,Federal-gov,7th-8th,10,Married-spouse-absent,Machine-op-inspct,Not-in-family,Amer-Indian-Eskimo,Female,7500,1633,63,South,0.453855,NEGATIVE
27,Federal-gov,7th-8th,10,Married-spouse-absent,Machine-op-inspct,Not-in-family,Amer-Indian-Eskimo,Male,7500,1633,63,South,0.574454,POSITIVE
27,Self-emp-inc,12th,14,Widowed,Adm-clerical,Not-in-family,Amer-Indian-Eskimo,Female,2500,1633,90,Italy,0.447313,NEGATIVE
27,Self-emp-inc,12th,14,Widowed,Adm-clerical,Not-in-family,Amer-Indian-Eskimo,Male,2500,1633,90,Italy,0.542684,POSITIVE
27,Self-emp-inc,7th-8th,14,Widowed,Machine-op-inspct,Not-in-family,Amer-Indian-Eskimo,Female,2500,1633,88,Germany,0.454388,NEGATIVE
27,Self-emp-inc,7th-8th,14,Widowed,Machine-op-inspct,Not-in-family,Amer-Indian-Eskimo,Male,2500,1633,88,Germany,0.577014,POSITIVE
27,Self-emp-inc,12th,14,Widowed,Adm-clerical,Not-in-family,Amer-Indian-Eskimo,Female,2500,2069,65,Cuba,0.459055,NEGATIVE
27,Self-emp-inc,12th,14,Widowed,Adm-clerical,Not-in-family,Amer-Indian-Eskimo,Male,2500,2069,65,Cuba,0.599233,POSITIVE
22,Private,Bachelors,9,Widowed,Tech-support,Wife,White,Female,7500,108,76,United-States,0.496044,NEGATIVE
22,Private,Bachelors,9,Widowed,Tech-support,Wife,White,Male,7500,108,76,United-States,0.637100,POSITIVE
22,Private,Bachelors,13,Married-spouse-absent,Tech-support,Wife,White,Female,7500,762,51,United-States,0.438779,NEGATIVE
22,Private,Bachelors,13,Married-spouse-absent,Tech-support,Wife,White,Male,7500,762,51,United-States,0.500464,POSITIVE
22,Local-gov,Some-college,13,Widowed,Craft-repair,Wife,White,Female,7500,108,53,England,0.450934,NEGATIVE
22,Local-gov,Some-college,13,Widowed,Craft-repair,Wife,White,Male,7500,108,53,England,0.560338,POSITIVE
27,Self-emp-inc,7th-8th,10,Widowed,Machine-op-inspct,Not-in-family,Amer-Indian-Eskimo,Female,7500,544,63,South,0.445083,NEGATIVE
27,Self-emp-inc,7th-8th,10,Widowed,Machine-op-inspct,Not-in-family,Amer-Indian-Eskimo,Male,7500,544,63,South,0.531741,POSITIVE
18,State-gov,10th,14,Married-spouse-absent,Transport-moving,Other-relative,Other,Female,7500,1851,90,Italy,0.453599,NEGATIVE
18,State-gov,10th,14,Married-spouse-absent,Transport-moving,Other-relative,Other,Male,7500,1851,90,Italy,0.573221,POSITIVE
13,Self-emp-inc,Prof-school,13,Widowed,Exec-managerial,Own-child,Asian-Pac-Islander,Female,7500,326,83,Outlying-US(Guam-USVI-etc),0.455915,NEGATIVE
13,Self-emp-inc,Prof-school,13,Widowed,Exec-managerial,Own-child,Asian-Pac-Islander,Male,7500,326,83,Outlying-US(Guam-USVI-etc),0.584327,POSITIVE
11,Self-emp-not-inc,Some-college,13,Widowed,Craft-repair,Wife,White,Female,7500,108,53,Cuba,0.466709,NEGATIVE
11,Self-emp-not-inc,Some-college,13,Widowed,Craft-repair,Wife,White,Male,7500,108,53,Cuba,0.609512,POSITIVE
17,Self-emp-not-inc,Assoc-voc,14,Widowed,Prof-specialty,Husband,Amer-Indian-Eskimo,Female,7500,544,60,Canada,0.485005,NEGATIVE
17,Self-emp-not-inc,Assoc-voc,14,Widowed,Prof-specialty,Husband,Amer-Indian-Eskimo,Male,7500,544,60,Canada,0.626826,POSITIVE
10,Self-emp-not-inc,HS-grad,13,Widowed,Sales,Own-child,Asian-Pac-Islander,Female,7500,326,55,England,0.453529,NEGATIVE
10,Self-emp-not-inc,HS-grad,13,Widowed,Sales,Own-child,Asian-Pac-Islander,Male,7500,326,55,England,0.572887,POSITIVE
29,State-gov,10th,14,Married-spouse-absent,Transport-moving,Other-relative,Other,Female,7500,1851,40,Italy,0.450150,NEGATIVE
29,State-gov,10th,14,Married-spouse-absent,Transport-moving,Other-relative,Other,Male,7500,1851,40,Italy,0.556528,POSITIVE
23,Self-emp-not-inc,HS-grad,13,Widowed,Sales,Own-child,Asian-Pac-Islander,Female,7500,326,10,Canada,0.446805,NEGATIVE
23,Self-emp-not-inc,HS-grad,13,Widowed,Sales,Own-child,Asian-Pac-Islander,Male,7500,326,10,Canada,0.540197,POSITIVE
29,Self-emp-inc,10th,11,Widowed,Transport-moving,Other-relative,Other,Female,7500,980,40,Italy,0.479772,NEGATIVE
29,Self-emp-inc,10th,11,Widowed,Transport-moving,Other-relative,Other,Male,7500,980,40,Italy,0.621911,POSITIVE
24,Self-emp-not-inc,Prof-school,15,Widowed,Exec-managerial,Own-child,Asian-Pac-Islander,Female,2500,1851,15,Outlying-US(Guam-USVI-etc),0.453655,NEGATIVE
24,Self-emp-not-inc,Prof-school,15,Widowed,Exec-managerial,Own-child,Asian-Pac-Islander,Male,2500,1851,15,Outlying-US(Guam-USVI-etc),0.573491,POSITIVE
11,Self-emp-not-inc,Some-college,9,Widowed,Craft-repair,Wife,White,Female,7500,1197,28,England,0.447593,NEGATIVE
11,Self-emp-not-inc,Some-college,9,Widowed,Craft-repair,Wife,White,Male,7500,1197,28,England,0.544057,POSITIVE
15,Federal-gov,7th-8th,14,Married-spouse-absent,Machine-op-inspct,Not-in-family,Amer-Indian-Eskimo,Female,7500,1633,13,South,0.444273,NEGATIVE
15,Federal-gov,7th-8th,14,Married-spouse-absent,Machine-op-inspct,Not-in-family,Amer-Indian-Eskimo,Male,7500,1633,13,South,0.527757,POSITIVE
14,Self-emp-not-inc,Assoc-voc,10,Widowed,Prof-specialty,Husband,Amer-Indian-Eskimo,Female,7500,1633,10,Japan,0.442927,NEGATIVE
14,Self-emp-not-inc,Assoc-voc,10,Widowed,Prof-specialty,Husband,Amer-Indian-Eskimo,Male,7500,1633,10,Japan,0.521124,POSITIVE
10,Private,Bachelors,13,Widowed,Tech-support,Wife,White,Female,7500,108,26,United-States,0.448038,NEGATIVE
10,Private,Bachelors,13,Widowed,Tech-support,Wife,White,Male,7500,108,26,United-States,0.546229,POSITIVE
16,Self-emp-inc,12th,14,Widowed,Adm-clerical,Not-in-family,Amer-Indian-Eskimo,Female,7500,544,15,Cuba,0.454752,NEGATIVE
16,Self-emp-inc,12th,14,Widowed,Adm-clerical,Not-in-family,Amer-Indian-Eskimo,Male,7500,544,15,Cuba,0.578760,POSITIVE
22,Private,Bachelors,5,Widowed,Tech-support,Wife,White,Female,7500,1197,76,China,0.486731,NEGATIVE
22,Private,Bachelors,5,Widowed,Tech-support,Wife,White,Male,7500,1197,76,China,0.628441,POSITIVE
22,Private,Some-college,5,Widowed,Craft-repair,Wife,White,Female,7500,1197,78,Cambodia,0.451762,NEGATIVE
22,Private,Some-college,5,Widowed,Craft-repair,Wife,White,Male,7500,1197,78,Cambodia,0.564354,POSITIVE
27,Self-emp-inc,7th-8th,6,Widowed,Machine-op-inspct,Not-in-family,Amer-Indian-Eskimo,Female,7500,1633,63,Italy,0.457483,NEGATIVE
27,Self-emp-inc,7th-8th,6,Widowed,Machine-op-inspct,Not-in-family,Amer-Indian-Eskimo,Male,7500,1633,63,Italy,0.591795,POSITIVE
24,Self-emp-not-inc,Prof-school,5,Widowed,Exec-managerial,Own-child,Asian-Pac-Islander,Female,7500,1415,58,Puerto-Rico,0.444869,NEGATIVE
24,Self-emp-not-inc,Prof-school,5,Widowed,Exec-managerial,Own-child,Asian-Pac-Islander,Male,7500,1415,58,Puerto-Rico,0.530692,POSITIVE
22,Private,Bachelors,5,Widowed,Tech-support,Wife,White,Female,7500,1851,1,United-States,0.440223,NEGATIVE
22,Private,Bachelors,5,Widowed,Tech-support,Wife,White,Male,7500,1851,1,United-States,0.507768,POSITIVE
33,Local-gov,Bachelors,13,Never-married,Tech-support,Wife,White,Female,2500,2286,1,El-Salvador,0.405159,NEGATIVE
33,Local-gov,Bachelors,13,Never-married,Tech-support,Wife,White,Male,2500,2286,1,El-Salvador,0.530259,POSITIVE
33,Private,Bachelors,9,Never-married,Tech-support,Wife,White,Female,2500,3375,1,El-Salvador,0.418447,NEGATIVE
33,Private,Bachelors,9,Never-married,Tech-support,Wife,White,Male,2500,3375,1,El-Salvador,0.543897,POSITIVE
33,Local-gov,Bachelors,9,Never-married,Tech-support,Wife,White,Female,2500,3375,1,Guatemala,0.495347,NEGATIVE
33,Local-gov,Bachelors,9,Never-married,Tech-support,Wife,White,Male,2500,3375,1,Guatemala,0.619301,POSITIVE
37,Local-gov,HS-grad,9,Never-married,Sales,Own-child,Asian-Pac-Islander,Female,2500,2504,60,Trinadad&Tobago,0.388793,NEGATIVE
37,Local-gov,HS-grad,9,Never-married,Sales,Own-child,Asian-Pac-Islander,Male,2500,2504,60,Trinadad&Tobago,0.513198,POSITIVE
39,State-gov,Prof-school,9,Never-married,Exec-managerial,Own-child,Asian-Pac-Islander,Female,2500,2504,15,Thailand,0.397012,NEGATIVE
39,State-gov,Prof-school,9,Never-married,Exec-managerial,Own-child,Asian-Pac-Islander,Male,2500,2504,15,Thailand,0.521803,POSITIVE
37,Self-emp-not-inc,HS-grad,9,Never-married,Sales,Own-child,Asian-Pac-Islander,Female,2500,2504,20,Trinadad&Tobago,0.395057,NEGATIVE
37,Self-emp-not-inc,HS-grad,9,Never-married,Sales,Own-child,Asian-Pac-Islander,Male,2500,2504,20,Trinadad&Tobago,0.519763,POSITIVE
35,Local-gov,Some-college,1,Never-married,Craft-repair,Wife,White,Female,7500,3375,5,El-Salvador,0.403577,NEGATIVE
35,Local-gov,Some-college,1,Never-married,Craft-repair,Wife,White,Male,7500,3375,5,El-Salvador,0.528622,POSITIVE
33,Local-gov,Bachelors,1,Never-married,Tech-support,Wife,White,Female,7500,2286,51,El-Salvador,0.433109,NEGATIVE
33,Local-gov,Bachelors,1,Never-married,Tech-support,Wife,White,Male,7500,2286,51,El-Salvador,0.558732,POSITIVE
33,Local-gov,Bachelors,1,Never-married,Tech-support,Wife,White,Female,7500,2286,1,Guatemala,0.477756,NEGATIVE
33,Local-gov,Bachelors,1,Never-married,Tech-support,Wife,White,Male,7500,2286,1,Guatemala,0.602565,POSITIVE
33,Private,Bachelors,1,Never-married,Tech-support,Wife,White,Female,7500,2286,1,El-Salvador,0.401414,NEGATIVE
33,Private,Bachelors,1,Never-married,Tech-support,Wife,White,Male,7500,2286,1,El-Salvador,0.526381,POSITIVE
33,Local-gov,Bachelors,5,Separated,Tech-support,Wife,White,Female,2500,3375,1,Guatemala,0.396354,NEGATIVE
33,Local-gov,Bachelors,5,Separated,Tech-support,Wife,White,Male,2500,3375,1,Guatemala,0.515885,POSITIVE
33,Local-gov,Bachelors,5,Never-married,Tech-support,Wife,White,Female,2500,3375,51,Guatemala,0.376517,NEGATIVE
33,Local-gov,Bachelors,5,Never-married,Tech-support,Wife,White,Male,2500,3375,51,Guatemala,0.500210,POSITIVE
46,State-gov,12th,6,Never-married,Adm-clerical,Not-in-family,Amer-Indian-Eskimo,Female,2500,3811,30,Nicaragua,0.495727,NEGATIVE
46,State-gov,12th,6,Never-married,Adm-clerical,Not-in-family,Amer-Indian-Eskimo,Male,2500,3811,30,Nicaragua,0.619659,POSITIVE
35,Private,Some-college,5,Never-married,Craft-repair,Wife,White,Female,2500,3375,10,Nicaragua,0.385599,NEGATIVE
35,Private,Some-college,5,Never-married,Craft-repair,Wife,White,Male,2500,3375,10,Nicaragua,0.509835,POSITIVE
35,Self-emp-not-inc,Some-college,5,Separated,Craft-repair,Wife,White,Female,2500,2286,10,France,0.449234,NEGATIVE
35,Self-emp-not-inc,Some-college,5,Separated,Craft-repair,Wife,White,Male,2500,2286,10,France,0.552072,POSITIVE
50,State-gov,10th,7,Never-married,Transport-moving,Other-relative,Other,Female,2500,2940,80,El-Salvador,0.498885,NEGATIVE
50,State-gov,10th,7,Never-married,Transport-moving,Other-relative,Other,Male,2500,2940,80,El-Salvador,0.622632,POSITIVE
52,Without-pay,Doctorate,3,Separated,Protective-serv,Other-relative,Black,Female,2500,4247,90,Peru,0.498079,NEGATIVE
52,Without-pay,Doctorate,3,Separated,Protective-serv,Other-relative,Black,Male,2500,4247,90,Peru,0.621875,POSITIVE
33,Private,Bachelors,1,Separated,Tech-support,Wife,White,Female,2500,3375,51,Guatemala,0.477971,NEGATIVE
33,Private,Bachelors,1,Separated,Tech-support,Wife,White,Male,2500,3375,51,Guatemala,0.602771,POSITIVE
50,Self-emp-inc,10th,3,Separated,Transport-moving,Other-relative,Other,Female,2500,4029,40,El-Salvador,0.483401,NEGATIVE
50,Self-emp-inc,10th,3,Separated,Transport-moving,Other-relative,Other,Male,2500,4029,40,El-Salvador,0.607967,POSITIVE
37,Self-emp-not-inc,HS-grad,1,Never-married,Sales,Own-child,Asian-Pac-Islander,Female,2500,3593,20,Laos,0.493898,NEGATIVE
37,Self-emp-not-inc,HS-grad,1,Never-married,Sales,Own-child,Asian-Pac-Islander,Male,2500,3593,20,Laos,0.617933,POSITIVE
53,Without-pay,Doctorate,3,Separated,Protective-serv,Other-relative,Black,Female,2500,3158,95,Columbia,0.443065,NEGATIVE
53,Without-pay,Doctorate,3,Separated,Protective-serv,Other-relative,Black,Male,2500,3158,95,Columbia,0.521805,POSITIVE
52,Federal-gov,Doctorate,3,Separated,Protective-serv,Other-relative,Black,Female,2500,3158,90,Peru,0.499025,NEGATIVE
52,Federal-gov,Doctorate,3,Separated,Protective-serv,Other-relative,Black,Male,2500,3158,90,Peru,0.622764,POSITIVE
33,Private,Bachelors,1,Never-married,Tech-support,Wife,White,Female,2500,2286,1,Portugal,0.394098,NEGATIVE
33,Private,Bachelors,1,Never-married,Tech-support,Wife,White,Male,2500,2286,1,Portugal,0.518761,POSITIVE
33,Local-gov,Bachelors,9,Married-civ-spouse,Tech-support,Wife,White,Female,7500,2286,1,El-Salvador,0.410657,NEGATIVE
33,Local-gov,Bachelors,9,Married-civ-spouse,Tech-support,Wife,White,Male,7500,2286,1,El-Salvador,0.535925,POSITIVE
39,Self-emp-inc,Prof-school,13,Married-civ-spouse,Exec-managerial,Own-child,Asian-Pac-Islander,Female,2500,2940,30,Trinadad&Tobago,0.400880,NEGATIVE
39,Self-emp-inc,Prof-school,13,Married-civ-spouse,Exec-managerial,Own-child,Asian-Pac-Islander,Male,2500,2940,30,Trinadad&Tobago,0.525826,POSITIVE
33,Private,Bachelors,13,Married-civ-spouse,Tech-support,Wife,White,Female,2500,2286,1,Guatemala,0.402097,NEGATIVE
33,Private,Bachelors,13,Married-civ-spouse,Tech-support,Wife,White,Male,2500,2286,1,Guatemala,0.527089,POSITIVE
48,Local-gov,Masters,11,Divorced,Farming-fishing,Not-in-family,Other,Female,2500,3593,70,Hong,0.420576,NEGATIVE
48,Local-gov,Masters,11,Divorced,Farming-fishing,Not-in-family,Other,Male,2500,3593,70,Hong,0.546065,POSITIVE
41,Self-emp-inc,Assoc-voc,10,Married-civ-spouse,Prof-specialty,Husband,Amer-Indian-Eskimo,Female,2500,3158,40,Scotland,0.421811,NEGATIVE
41,Self-emp-inc,Assoc-voc,10,Married-civ-spouse,Prof-specialty,Husband,Amer-Indian-Eskimo,Male,2500,3158,40,Scotland,0.547321,POSITIVE
33,Local-gov,Bachelors,13,Married-civ-spouse,Tech-support,Wife,White,Female,2500,2286,1,Ecuador,0.478465,NEGATIVE
33,Local-gov,Bachelors,13,Married-civ-spouse,Tech-support,Wife,White,Male,2500,2286,1,Ecuador,0.603245,POSITIVE
35,Self-emp-not-inc,Some-college,9,Married-civ-spouse,Craft-repair,Wife,White,Female,2500,2504,10,Ecuador,0.423047,NEGATIVE
35,Self-emp-not-inc,Some-college,9,Married-civ-spouse,Craft-repair,Wife,White,Male,2500,2504,10,Ecuador,0.548576,POSITIVE
33,Local-gov,Bachelors,9,Married-civ-spouse,Tech-support,Wife,White,Female,2500,2286,1,Portugal,0.403286,NEGATIVE
33,Local-gov,Bachelors,9,Married-civ-spouse,Tech-support,Wife,White,Male,2500,2286,1,Portugal,0.528321,POSITIVE
37,Self-emp-not-inc,HS-grad,5,Married-civ-spouse,Sales,Own-child,Asian-Pac-Islander,Female,7500,2722,20,Trinadad&Tobago,0.451830,NEGATIVE
37,Self-emp-not-inc,HS-grad,5,Married-civ-spouse,Sales,Own-child,Asian-Pac-Islander,Male,7500,2722,20,Trinadad&Tobago,0.577353,POSITIVE
35,Local-gov,Some-college,5,Married-civ-spouse,Craft-repair,Wife,White,Female,7500,2504,5,Guatemala,0.428535,NEGATIVE
35,Local-gov,Some-college,5,Married-civ-spouse,Craft-repair,Wife,White,Male,7500,2504,5,Guatemala,0.554128,POSITIVE
44,Federal-gov,7th-8th,2,Divorced,Machine-op-inspct,Not-in-family,Amer-Indian-Eskimo,Female,7500,3375,50,Peru,0.376615,NEGATIVE
44,Federal-gov,7th-8th,2,Divorced,Machine-op-inspct,Not-in-family,Amer-Indian-Eskimo,Male,7500,3375,50,Peru,0.500313,POSITIVE
37,Self-emp-not-inc,HS-grad,1,Married-civ-spouse,Sales,Own-child,Asian-Pac-Islander,Female,7500,2722,20,Nicaragua,0.377805,NEGATIVE
37,Self-emp-not-inc,HS-grad,1,Married-civ-spouse,Sales,Own-child,Asian-Pac-Islander,Male,7500,2722,20,Nicaragua,0.501580,POSITIVE
33,Private,Bachelors,1,Married-civ-spouse,Tech-support,Wife,White,Female,7500,2286,1,Ecuador,0.474583,NEGATIVE
33,Private,Bachelors,1,Married-civ-spouse,Tech-support,Wife,White,Male,7500,2286,1,Ecuador,0.599514,POSITIVE
52,Federal-gov,Doctorate,7,Divorced,Protective-serv,Other-relative,Black,Female,2500,4029,95,Holand-Netherlands,0.416950,NEGATIVE
52,Federal-gov,Doctorate,7,Divorced,Protective-serv,Other-relative,Black,Male,2500,4029,95,Holand-Netherlands,0.542371,POSITIVE
50,State-gov,10th,7,Divorced,Transport-moving,Other-relative,Other,Female,2500,3811,80,Thailand,0.441777,NEGATIVE
50,State-gov,10th,7,Divorced,Transport-moving,Other-relative,Other,Male,2500,3811,80,Thailand,0.567398,POSITIVE
44,Federal-gov,7th-8th,6,Divorced,Machine-op-inspct,Not-in-family,Amer-Indian-Eskimo,Female,2500,3375,50,Haiti,0.443027,NEGATIVE
44,Federal-gov,7th-8th,6,Divorced,Machine-op-inspct,Not-in-family,Amer-Indian-Eskimo,Male,2500,3375,50,Haiti,0.568641,POSITIVE
37,Self-emp-not-inc,HS-grad,5,Married-civ-spouse,Sales,Own-child,Asian-Pac-Islander,Female,2500,2722,20,Ireland,0.444277,NEGATIVE
37,Self-emp-not-inc,HS-grad,5,Married-civ-spouse,Sales,Own-child,Asian-Pac-Islander,Male,2500,2722,20,Ireland,0.569883,POSITIVE
52,Federal-gov,Doctorate,3,Divorced,Protective-serv,Other-relative,Black,Female,2500,4247,95,Yugoslavia,0.377667,NEGATIVE
52,Federal-gov,Doctorate,3,Divorced,Protective-serv,Other-relative,Black,Male,2500,4247,95,Yugoslavia,0.501434,POSITIVE
48,Local-gov,Masters,3,Divorced,Farming-fishing,Not-in-family,Other,Female,2500,4029,70,Taiwan,0.407107,NEGATIVE
48,Local-gov,Masters,3,Divorced,Farming-fishing,Not-in-family,Other,Male,2500,4029,70,Taiwan,0.532270,POSITIVE
46,State-gov,12th,3,Divorced,Adm-clerical,Not-in-family,Amer-Indian-Eskimo,Female,2500,2722,80,Ecuador,0.379584,NEGATIVE
46,State-gov,12th,3,Divorced,Adm-clerical,Not-in-family,Amer-Indian-Eskimo,Male,2500,2722,80,Ecuador,0.503470,POSITIVE
33,Private,Bachelors,1,Divorced,Tech-support,Wife,White,Female,2500,2286,51,Portugal,0.386665,NEGATIVE
33,Private,Bachelors,1,Divorced,Tech-support,Wife,White,Male,2500,2286,51,Portugal,0.510959,POSITIVE
37,Self-emp-not-inc,HS-grad,3,Divorced,Sales,Own-child,Asian-Pac-Islander,Female,2500,2504,10,Ireland,0.378981,NEGATIVE
37,Self-emp-not-inc,HS-grad,3,Divorced,Sales,Own-child,Asian-Pac-Islander,Male,2500,2504,10,Ireland,0.502830,POSITIVE
52,State-gov,Doctorate,3,Married-civ-spouse,Protective-serv,Other-relative,Black,Female,2500,3158,90,Laos,0.377716,NEGATIVE
52,State-gov,Doctorate,3,Married-civ-spouse,Protective-serv,Other-relative,Black,Male,2500,3158,90,Laos,0.501486,POSITIVE
34,Local-gov,Some-college,1,Separated,Craft-repair,Wife,White,Female,2500,3375,78,Cuba,0.451638,NEGATIVE
34,Local-gov,Some-college,1,Separated,Craft-repair,Wife,White,Male,2500,3375,78,Cuba,0.563753,POSITIVE
38,State-gov,7th-8th,2,Separated,Machine-op-inspct,Not-in-family,Amer-Indian-Eskimo,Female,2500,3811,63,Italy,0.497333,NEGATIVE
38,State-gov,7th-8th,2,Separated,Machine-op-inspct,Not-in-family,Amer-Indian-Eskimo,Male,2500,3811,63,Italy,0.638291,POSITIVE
53,Without-pay,Doctorate,3,Separated,Protective-serv,Other-relative,Black,Female,2500,3158,95,Jamaica,0.450486,NEGATIVE
53,Without-pay,Doctorate,3,Separated,Protective-serv,Other-relative,Black,Male,2500,3158,95,Jamaica,0.558165,POSITIVE
45,Private,Some-college,1,Separated,Craft-repair,Wife,White,Female,2500,2286,55,England,0.487757,NEGATIVE
45,Private,Some-college,1,Separated,Craft-repair,Wife,White,Male,2500,2286,55,England,0.629399,POSITIVE
37,State-gov,Assoc-voc,6,Separated,Prof-specialty,Husband,Amer-Indian-Eskimo,Female,2500,2722,70,Philippines,0.453140,NEGATIVE
37,State-gov,Assoc-voc,6,Separated,Prof-specialty,Husband,Amer-Indian-Eskimo,Male,2500,2722,70,Philippines,0.571008,POSITIVE
40,Local-gov,Masters,3,Separated,Farming-fishing,Not-in-family,Other,Female,2500,2940,85,Poland,0.445943,NEGATIVE
40,Local-gov,Masters,3,Separated,Farming-fishing,Not-in-family,Other,Male,2500,2940,85,Poland,0.535967,POSITIVE
42,State-gov,10th,3,Separated,Transport-moving,Other-relative,Other,Female,2500,2940,95,Japan,0.465438,NEGATIVE
42,State-gov,10th,3,Separated,Transport-moving,Other-relative,Other,Male,2500,2940,95,Japan,0.608295,POSITIVE
34,State-gov,Assoc-voc,2,Never-married,Prof-specialty,Husband,Amer-Indian-Eskimo,Female,2500,2722,85,Canada,0.444341,NEGATIVE
34,State-gov,Assoc-voc,2,Never-married,Prof-specialty,Husband,Amer-Indian-Eskimo,Male,2500,2722,85,Canada,0.528090,POSITIVE
39,Local-gov,12th,2,Separated,Adm-clerical,Not-in-family,Amer-Indian-Eskimo,Female,2500,2722,65,Outlying-US(Guam-USVI-etc),0.479595,NEGATIVE
39,Local-gov,12th,2,Separated,Adm-clerical,Not-in-family,Amer-Indian-Eskimo,Male,2500,2722,65,Outlying-US(Guam-USVI-etc),0.621744,POSITIVE
33,Private,Bachelors,5,Separated,Tech-support,Wife,White,Female,2500,2286,1,United-States,0.457727,NEGATIVE
33,Private,Bachelors,5,Separated,Tech-support,Wife,White,Male,2500,2286,1,United-States,0.592953,POSITIVE
40,State-gov,Masters,3,Separated,Farming-fishing,Not-in-family,Other,Female,2500,4029,35,Poland,0.452494,NEGATIVE
40,State-gov,Masters,3,Separated,Farming-fishing,Not-in-family,Other,Male,2500,4029,35,Poland,0.567892,POSITIVE
51,State-gov,Masters,1,Separated,Farming-fishing,Not-in-family,Other,Female,2500,4029,35,Poland,0.454610,NEGATIVE
51,State-gov,Masters,1,Separated,Farming-fishing,Not-in-family,Other,Male,2500,4029,35,Poland,0.578083,POSITIVE
48,State-gov,Assoc-voc,2,Separated,Prof-specialty,Husband,Amer-Indian-Eskimo,Female,2500,3593,20,Canada,0.438832,NEGATIVE
48,State-gov,Assoc-voc,2,Separated,Prof-specialty,Husband,Amer-Indian-Eskimo,Male,2500,3593,20,Canada,0.500882,POSITIVE
41,Without-pay,10th,3,Separated,Transport-moving,Other-relative,Other,Female,2500,4029,40,Japan,0.456836,NEGATIVE
41,Without-pay,10th,3,Separated,Transport-moving,Other-relative,Other,Male,2500,4029,40,Japan,0.588717,POSITIVE
33,Private,Bachelors,1,Separated,Tech-support,Wife,White,Female,2500,3375,1,China,0.455832,NEGATIVE
33,Private,Bachelors,1,Separated,Tech-support,Wife,White,Male,2500,3375,1,China,0.583930,POSITIVE
44,Federal-gov,7th-8th,2,Separated,Machine-op-inspct,Not-in-family,Amer-Indian-Eskimo,Female,2500,2722,25,South,0.461400,NEGATIVE
44,Federal-gov,7th-8th,2,Separated,Machine-op-inspct,Not-in-family,Amer-Indian-Eskimo,Male,2500,2722,25,South,0.604419,POSITIVE
45,Local-gov,Bachelors,1,Married-civ-spouse,Tech-support,Wife,White,Female,2500,3375,51,Italy,0.388195,NEGATIVE
45,Local-gov,Bachelors,1,Married-civ-spouse,Tech-support,Wife,White,Male,2500,3375,51,Italy,0.512569,POSITIVE
34,Local-gov,Some-college,1,Married-civ-spouse,Craft-repair,Wife,White,Female,2500,3375,53,Italy,0.436466,NEGATIVE
34,Local-gov,Some-college,1,Married-civ-spouse,Craft-repair,Wife,White,Male,2500,3375,53,Italy,0.562097,POSITIVE
45,Private,Bachelors,1,Married-civ-spouse,Tech-support,Wife,White,Female,2500,2286,51,Italy,0.436540,NEGATIVE
45,Private,Bachelors,1,Married-civ-spouse,Tech-support,Wife,White,Male,2500,2286,51,Italy,0.562171,POSITIVE
33,Private,Bachelors,1,Married-civ-spouse,Tech-support,Wife,White,Female,2500,2286,51,Italy,0.422518,NEGATIVE
33,Private,Bachelors,1,Married-civ-spouse,Tech-support,Wife,White,Male,2500,2286,51,Italy,0.548039,POSITIVE
35,Local-gov,Some-college,5,Married-civ-spouse,Craft-repair,Wife,White,Female,2500,2504,5,Italy,0.421072,NEGATIVE
35,Local-gov,Some-college,5,Married-civ-spouse,Craft-repair,Wife,White,Male,2500,2504,5,Italy,0.546570,POSITIVE
35,Self-emp-not-inc,Some-college,1,Married-civ-spouse,Craft-repair,Wife,White,Female,2500,3375,5,Italy,0.397071,NEGATIVE
35,Self-emp-not-inc,Some-college,1,Married-civ-spouse,Craft-repair,Wife,White,Male,2500,3375,5,Italy,0.521864,POSITIVE
33,Local-gov,Bachelors,1,Married-civ-spouse,Tech-support,Wife,White,Female,2500,3375,1,China,0.417757,NEGATIVE
33,Local-gov,Bachelors,1,Married-civ-spouse,Tech-support,Wife,White,Male,2500,3375,1,China,0.543194,POSITIVE
33,Private,Bachelors,1,Married-civ-spouse,Tech-support,Wife,White,Female,2500,2286,1,China,0.466974,NEGATIVE
33,Private,Bachelors,1,Married-civ-spouse,Tech-support,Wife,White,Male,2500,2286,1,China,0.592159,POSITIVE
10,Self-emp-not-inc,Some-college,9,Never-married,Craft-repair,Wife,White,Female,12500,3375,78,Ireland,0.496498,NEGATIVE
10,Self-emp-not-inc,Some-college,9,Never-married,Craft-repair,Wife,White,Male,12500,3375,78,Ireland,0.528400,POSITIVE
10,Private,Bachelors,9,Never-married,Tech-support,Wife,White,Female,12500,2286,89,Portugal,0.494015,NEGATIVE
10,Private,Bachelors,9,Never-married,Tech-support,Wife,White,Male,12500,2286,89,Portugal,0.525924,POSITIVE
10,Private,Bachelors,1,Never-married,Tech-support,Wife,White,Female,12500,3375,89,Guatemala,0.478066,NEGATIVE
10,Private,Bachelors,1,Never-married,Tech-support,Wife,White,Male,12500,3375,89,Guatemala,0.509983,POSITIVE
11,Self-emp-inc,HS-grad,3,Never-married,Prof-specialty,Husband,Amer-Indian-Eskimo,Female,12500,3811,93,Laos,0.490368,NEGATIVE
11,Self-emp-inc,HS-grad,3,Never-married,Prof-specialty,Husband,Amer-Indian-Eskimo,Male,12500,3811,93,Laos,0.522285,POSITIVE
10,Self-emp-not-inc,Some-college,2,Never-married,Sales,Own-child,Asian-Pac-Islander,Female,12500,3593,78,France,0.479203,NEGATIVE
10,Self-emp-not-inc,Some-college,2,Never-married,Sales,Own-child,Asian-Pac-Islander,Male,12500,3593,78,France,0.511121,POSITIVE
16,Self-emp-not-inc,Some-college,3,Married-civ-spouse,Sales,Own-child,Asian-Pac-Islander,Female,12500,3593,91,Ireland,0.471564,NEGATIVE
16,Self-emp-not-inc,Some-college,3,Married-civ-spouse,Sales,Own-child,Asian-Pac-Islander,Male,12500,3593,91,Ireland,0.503465,POSITIVE
13,Self-emp-not-inc,12th,2,Married-civ-spouse,Craft-repair,Wife,White,Female,12500,3375,90,Portugal,0.475566,NEGATIVE
13,Self-emp-not-inc,12th,2,Married-civ-spouse,Craft-repair,Wife,White,Male,12500,3375,90,Portugal,0.507478,POSITIVE
10,Self-emp-inc,HS-grad,6,Married-civ-spouse,Prof-specialty,Husband,Amer-Indian-Eskimo,Female,12500,3811,93,Haiti,0.489085,NEGATIVE
10,Self-emp-inc,HS-grad,6,Married-civ-spouse,Prof-specialty,Husband,Amer-Indian-Eskimo,Male,12500,3811,93,Haiti,0.521003,POSITIVE
10,Self-emp-inc,HS-grad,6,Married-civ-spouse,Prof-specialty,Husband,Amer-Indian-Eskimo,Female,12500,3811,80,France,0.478218,NEGATIVE
10,Self-emp-inc,HS-grad,6,Married-civ-spouse,Prof-specialty,Husband,Amer-Indian-Eskimo,Male,12500,3811,80,France,0.510135,POSITIVE
10,Self-emp-not-inc,Some-college,3,Married-civ-spouse,Sales,Own-child,Asian-Pac-Islander,Female,12500,2504,91,France,0.490872,NEGATIVE
10,Self-emp-not-inc,Some-college,3,Married-civ-spouse,Sales,Own-child,Asian-Pac-Islander,Male,12500,2504,91,France,0.522787,POSITIVE
10,Self-emp-not-inc,Some-college,2,Married-civ-spouse,Craft-repair,Wife,White,Female,12500,3375,65,Ireland,0.472590,NEGATIVE
10,Self-emp-not-inc,Some-college,2,Married-civ-spouse,Craft-repair,Wife,White,Male,12500,3375,65,Ireland,0.504494,POSITIVE
22,Self-emp-not-inc,Some-college,2,Never-married,Craft-repair,Wife,White,Female,12500,3375,90,Cuba,0.486541,NEGATIVE
22,Self-emp-not-inc,Some-college,2,Never-married,Craft-repair,Wife,White,Male,12500,3375,90,Cuba,0.518462,POSITIVE
28,Private,Bachelors,1,Never-married,Tech-support,Wife,White,Female,12500,3375,76,United-States,0.469648,NEGATIVE
28,Private,Bachelors,1,Never-married,Tech-support,Wife,White,Male,12500,3375,76,United-States,0.501543,POSITIVE
22,Self-emp-not-inc,12th,2,Never-married,Craft-repair,Wife,White,Female,12500,3375,78,Cambodia,0.479267,NEGATIVE
22,Self-emp-not-inc,12th,2,Never-married,Craft-repair,Wife,White,Male,12500,3375,78,Cambodia,0.511186,POSITIVE
22,Self-emp-inc,HS-grad,6,Never-married,Prof-specialty,Husband,Amer-Indian-Eskimo,Female,12500,3811,93,Japan,0.475462,NEGATIVE
22,Self-emp-inc,HS-grad,6,Never-married,Prof-specialty,Husband,Amer-Indian-Eskimo,Male,12500,3811,93,Japan,0.507374,POSITIVE
22,Self-emp-not-inc,Some-college,2,Never-married,Craft-repair,Wife,White,Female,12500,2286,78,United-States,0.496248,NEGATIVE
22,Self-emp-not-inc,Some-college,2,Never-married,Craft-repair,Wife,White,Male,12500,2286,78,United-States,0.528150,POSITIVE
25,Private,Bachelors,1,Never-married,Tech-support,Wife,White,Female,12500,3375,64,United-States,0.493371,NEGATIVE
25,Private,Bachelors,1,Never-married,Tech-support,Wife,White,Male,12500,3375,64,United-States,0.525281,POSITIVE
22,Self-emp-not-inc,Some-college,3,Never-married,Sales,Own-child,Asian-Pac-Islander,Female,12500,3593,66,Cambodia,0.473928,NEGATIVE
22,Self-emp-not-inc,Some-college,3,Never-married,Sales,Own-child,Asian-Pac-Islander,Male,12500,3593,66,Cambodia,0.505836,POSITIVE
16,Private,7th-8th,1,Never-married,Tech-support,Wife,White,Female,12500,3375,76,China,0.472852,NEGATIVE
16,Private,7th-8th,1,Never-married,Tech-support,Wife,White,Male,12500,3375,76,China,0.504757,POSITIVE
17,Self-emp-inc,HS-grad,6,Never-married,Prof-specialty,Husband,Amer-Indian-Eskimo,Female,12500,3811,93,Philippines,0.482990,NEGATIVE
17,Self-emp-inc,HS-grad,6,Never-married,Prof-specialty,Husband,Amer-Indian-Eskimo,Male,12500,3811,93,Philippines,0.514912,POSITIVE
19,Private,Bachelors,1,Never-married,Tech-support,Wife,White,Female,12500,2286,89,China,0.474785,NEGATIVE
19,Private,Bachelors,1,Never-married,Tech-support,Wife,White,Male,12500,2286,89,China,0.506695,POSITIVE
12,Federal-gov,7th-8th,8,Separated,Machine-op-inspct,Not-in-family,Amer-Indian-Eskimo,Female,12500,3811,88,Italy,0.474372,NEGATIVE
12,Federal-gov,7th-8th,8,Separated,Machine-op-inspct,Not-in-family,Amer-Indian-Eskimo,Male,12500,3811,88,Italy,0.506282,POSITIVE
10,Self-emp-not-inc,12th,2,Never-married,Craft-repair,Wife,White,Female,12500,2286,90,Italy,0.496327,NEGATIVE
10,Self-emp-not-inc,12th,2,Never-married,Craft-repair,Wife,White,Male,12500,2286,90,Italy,0.528230,POSITIVE
10,Self-emp-not-inc,12th,2,Never-married,Craft-repair,Wife,White,Female,12500,2286,77,China,0.494238,NEGATIVE
10,Self-emp-not-inc,12th,2,Never-married,Craft-repair,Wife,White,Male,12500,2286,77,China,0.526146,POSITIVE
13,Self-emp-not-inc,Some-college,3,Never-married,Sales,Own-child,Asian-Pac-Islander,Female,12500,2504,91,Poland,0.492314,NEGATIVE
13,Self-emp-not-inc,Some-college,3,Never-married,Sales,Own-child,Asian-Pac-Islander,Male,12500,2504,91,Poland,0.524227,POSITIVE
13,Self-emp-not-inc,Some-college,3,Never-married,Sales,Own-child,Asian-Pac-Islander,Female,12500,2504,78,Cuba,0.487297,NEGATIVE
13,Self-emp-not-inc,Some-college,3,Never-married,Sales,Own-child,Asian-Pac-Islander,Male,12500,2504,78,Cuba,0.519217,POSITIVE
16,Self-emp-not-inc,Some-college,2,Never-married,Craft-repair,Wife,White,Female,12500,3375,65,China,0.492573,NEGATIVE
16,Self-emp-not-inc,Some-college,2,Never-married,Craft-repair,Wife,White,Male,12500,3375,65,China,0.524485,POSITIVE
13,Private,7th-8th,1,Never-married,Tech-support,Wife,White,Female,12500,3375,64,China,0.496585,NEGATIVE
13,Private,7th-8th,1,Never-married,Tech-support,Wife,White,Male,12500,3375,64,China,0.528487,POSITIVE
19,Self-emp-inc,Masters,5,Never-married,Exec-managerial,Own-child,Asian-Pac-Islander,Female,12500,3593,92,India,0.479467,NEGATIVE
19,Self-emp-inc,Masters,5,Never-married,Exec-managerial,Own-child,Asian-Pac-Islander,Male,12500,3593,92,India,0.511386,POSITIVE
17,State-gov,5th-6th,12,Separated,Transport-moving,Other-relative,Other,Female,12500,4029,97,Canada,0.489275,NEGATIVE
17,State-gov,5th-6th,12,Separated,Transport-moving,Other-relative,Other,Male,12500,4029,97,Canada,0.521193,POSITIVE
19,Local-gov,Assoc-acdm,11,Separated,Farming-fishing,Not-in-family,Other,Female,12500,4029,96,Greece,0.489004,NEGATIVE
19,Local-gov,Assoc-acdm,11,Separated,Farming-fishing,Not-in-family,Other,Male,12500,4029,96,Greece,0.520922,POSITIVE
18,Federal-gov,Prof-school,8,Separated,Machine-op-inspct,Not-in-family,Amer-Indian-Eskimo,Female,12500,3811,82,Japan,0.496517,NEGATIVE
18,Federal-gov,Prof-school,8,Separated,Machine-op-inspct,Not-in-family,Amer-Indian-Eskimo,Male,12500,3811,82,Japan,0.528418,POSITIVE
20,State-gov,Assoc-voc,14,Separated,Protective-serv,Other-relative,Black,Female,12500,4247,97,Canada,0.498166,NEGATIVE
20,State-gov,Assoc-voc,14,Separated,Protective-serv,Other-relative,Black,Male,12500,4247,97,Canada,0.530062,POSITIVE
19,Private,7th-8th,1,Never-married,Tech-support,Wife,White,Female,12500,2286,76,United-States,0.497966,NEGATIVE
19,Private,7th-8th,1,Never-married,Tech-support,Wife,White,Male,12500,2286,76,United-States,0.529862,POSITIVE
16,Self-emp-not-inc,12th,3,Never-married,Sales,Own-child,Asian-Pac-Islander,Female,12500,2504,78,Cambodia,0.472668,NEGATIVE
16,Self-emp-not-inc,12th,3,Never-married,Sales,Own-child,Asian-Pac-Islander,Male,12500,2504,78,Cambodia,0.504572,POSITIVE
17,Self-emp-inc,HS-grad,6,Never-married,Prof-specialty,Husband,Amer-Indian-Eskimo,Female,12500,2722,93,Japan,0.484341,NEGATIVE
17,Self-emp-inc,HS-grad,6,Never-married,Prof-specialty,Husband,Amer-Indian-Eskimo,Male,12500,2722,93,Japan,0.516263,POSITIVE
19,Private,Bachelors,1,Never-married,Tech-support,Wife,White,Female,12500,2286,76,Outlying-US(Guam-USVI-etc),0.475623,NEGATIVE
19,Private,Bachelors,1,Never-married,Tech-support,Wife,White,Male,12500,2286,76,Outlying-US(Guam-USVI-etc),0.507535,POSITIVE
19,Self-emp-inc,11th,5,Never-married,Exec-managerial,Own-child,Asian-Pac-Islander,Female,12500,2504,79,Cambodia,0.473323,NEGATIVE
19,Self-emp-inc,11th,5,Never-married,Exec-managerial,Own-child,Asian-Pac-Islander,Male,12500,2504,79,Cambodia,0.505229,POSITIVE
13,State-gov,10th,12,Separated,Transport-moving,Other-relative,Other,Female,12500,3811,95,Japan,0.487099,NEGATIVE
13,State-gov,10th,12,Separated,Transport-moving,Other-relative,Other,Male,12500,3811,95,Japan,0.519019,POSITIVE
19,Self-emp-not-inc,12th,2,Never-married,Craft-repair,Wife,White,Female,12500,3375,65,United-States,0.470352,NEGATIVE
19,Self-emp-not-inc,12th,2,Never-married,Craft-repair,Wife,White,Male,12500,3375,65,United-States,0.502250,POSITIVE
16,Self-emp-not-inc,Some-college,2,Never-married,Craft-repair,Wife,White,Female,12500,3375,53,Outlying-US(Guam-USVI-etc),0.488109,NEGATIVE
16,Self-emp-not-inc,Some-college,2,Never-married,Craft-repair,Wife,White,Male,12500,3375,53,Outlying-US(Guam-USVI-etc),0.520028,POSITIVE
17,Self-emp-inc,HS-grad,6,Never-married,Prof-specialty,Husband,Amer-Indian-Eskimo,Female,12500,3811,60,England,0.486276,NEGATIVE
17,Self-emp-inc,HS-grad,6,Never-married,Prof-specialty,Husband,Amer-Indian-Eskimo,Male,12500,3811,60,England,0.518197,POSITIVE
16,Private,Bachelors,1,Never-married,Tech-support,Wife,White,Female,12500,2286,64,Outlying-US(Guam-USVI-etc),0.499363,NEGATIVE
16,Private,Bachelors,1,Never-married,Tech-support,Wife,White,Male,12500,2286,64,Outlying-US(Guam-USVI-etc),0.531255,POSITIVE
11,Self-emp-inc,Assoc-voc,6,Never-married,Prof-specialty,Husband,Amer-Indian-Eskimo,Female,12500,3158,60,Canada,0.494056,NEGATIVE
11,Self-emp-inc,Assoc-voc,6,Never-married,Prof-specialty,Husband,Amer-Indian-Eskimo,Male,12500,3158,60,Canada,0.525965,POSITIVE
16,Private,Bachelors,9,Never-married,Tech-support,Wife,White,Female,12500,3375,39,United-States,0.485009,NEGATIVE
16,Private,Bachelors,9,Never-married,Tech-support,Wife,White,Male,12500,3375,39,United-States,0.516930,POSITIVE
10,Self-emp-not-inc,12th,9,Never-married,Craft-repair,Wife,White,Female,12500,3375,40,United-States,0.470504,NEGATIVE
10,Self-emp-not-inc,12th,9,Never-married,Craft-repair,Wife,White,Male,12500,3375,40,United-States,0.502402,POSITIVE
11,Self-emp-inc,HS-grad,11,Never-married,Prof-specialty,Husband,Amer-Indian-Eskimo,Female,12500,3811,43,England,0.480156,NEGATIVE
11,Self-emp-inc,HS-grad,11,Never-married,Prof-specialty,Husband,Amer-Indian-Eskimo,Male,12500,3811,43,England,0.512076,POSITIVE
10,Self-emp-not-inc,Some-college,1,Never-married,Craft-repair,Wife,White,Female,12500,3375,15,United-States,0.481893,NEGATIVE
10,Self-emp-not-inc,Some-college,1,Never-married,Craft-repair,Wife,White,Male,12500,3375,15,United-States,0.513814,POSITIVE
28,Self-emp-not-inc,Some-college,2,Married-civ-spouse,Craft-repair,Wife,White,Female,12500,3375,78,Cambodia,0.498166,NEGATIVE
28,Self-emp-not-inc,Some-college,2,Married-civ-spouse,Craft-repair,Wife,White,Male,12500,3375,78,Cambodia,0.530062,POSITIVE
22,Self-emp-not-inc,12th,3,Married-civ-spouse,Sales,Own-child,Asian-Pac-Islander,Female,12500,3593,80,England,0.470929,NEGATIVE
22,Self-emp-not-inc,12th,3,Married-civ-spouse,Sales,Own-child,Asian-Pac-Islander,Male,12500,3593,80,England,0.502828,POSITIVE
23,Self-emp-inc,11th,5,Married-civ-spouse,Exec-managerial,Own-child,Asian-Pac-Islander,Female,12500,3593,83,India,0.498593,NEGATIVE
23,Self-emp-inc,11th,5,Married-civ-spouse,Exec-managerial,Own-child,Asian-Pac-Islander,Male,12500,3593,83,India,0.530487,POSITIVE
26,Local-gov,Prof-school,9,Divorced,Adm-clerical,Not-in-family,Amer-Indian-Eskimo,Female,12500,3811,95,Puerto-Rico,0.490738,NEGATIVE
26,Local-gov,Prof-school,9,Divorced,Adm-clerical,Not-in-family,Amer-Indian-Eskimo,Male,12500,3811,95,Puerto-Rico,0.522654,POSITIVE
23,State-gov,Assoc-voc,12,Divorced,Transport-moving,Other-relative,Other,Female,12500,4029,97,Canada,0.471303,NEGATIVE
23,State-gov,Assoc-voc,12,Divorced,Transport-moving,Other-relative,Other,Male,12500,4029,97,Canada,0.503204,POSITIVE
25,Private,Bachelors,1,Married-civ-spouse,Tech-support,Wife,White,Female,12500,2286,76,United-States,0.479974,NEGATIVE
25,Private,Bachelors,1,Married-civ-spouse,Tech-support,Wife,White,Male,12500,2286,76,United-States,0.511893,POSITIVE
17,Self-emp-inc,Prof-school,5,Married-civ-spouse,Exec-managerial,Own-child,Asian-Pac-Islander,Female,12500,3593,83,Honduras,0.480536,NEGATIVE
17,Self-emp-inc,Prof-school,5,Married-civ-spouse,Exec-managerial,Own-child,Asian-Pac-Islander,Male,12500,3593,83,Honduras,0.512456,POSITIVE
16,Self-emp-not-inc,Some-college,2,Married-civ-spouse,Craft-repair,Wife,White,Female,12500,2286,90,Italy,0.478338,NEGATIVE
16,Self-emp-not-inc,Some-college,2,Married-civ-spouse,Craft-repair,Wife,White,Male,12500,2286,90,Italy,0.510256,POSITIVE
17,Self-emp-inc,11th,5,Married-civ-spouse,Exec-managerial,Own-child,Asian-Pac-Islander,Female,12500,2504,92,Cuba,0.489784,NEGATIVE
17,Self-emp-inc,11th,5,Married-civ-spouse,Exec-managerial,Own-child,Asian-Pac-Islander,Male,12500,2504,92,Cuba,0.521702,POSITIVE
16,Self-emp-not-inc,Some-college,2,Married-civ-spouse,Craft-repair,Wife,White,Female,12500,2286,77,China,0.476253,NEGATIVE
16,Self-emp-not-inc,Some-college,2,Married-civ-spouse,Craft-repair,Wife,White,Male,12500,2286,77,China,0.508167,POSITIVE
13,Local-gov,Doctorate,11,Divorced,Farming-fishing,Not-in-family,Other,Female,12500,4029,96,Honduras,0.496577,NEGATIVE
13,Local-gov,Doctorate,11,Divorced,Farming-fishing,Not-in-family,Other,Male,12500,4029,96,Honduras,0.528478,POSITIVE
11,Self-emp-inc,1st-4th,6,Married-civ-spouse,Prof-specialty,Husband,Amer-Indian-Eskimo,Female,12500,3811,80,Philippines,0.479691,NEGATIVE
11,Self-emp-inc,1st-4th,6,Married-civ-spouse,Prof-specialty,Husband,Amer-Indian-Eskimo,Male,12500,3811,80,Philippines,0.511610,POSITIVE
14,Local-gov,Assoc-acdm,11,Divorced,Farming-fishing,Not-in-family,Other,Female,12500,4029,96,Vietnam,0.496552,NEGATIVE
14,Local-gov,Assoc-acdm,11,Divorced,Farming-fishing,Not-in-family,Other,Male,12500,4029,96,Vietnam,0.528453,POSITIVE
14,Local-gov,Assoc-acdm,11,Divorced,Farming-fishing,Not-in-family,Other,Female,12500,4029,84,Honduras,0.476900,NEGATIVE
14,Local-gov,Assoc-acdm,11,Divorced,Farming-fishing,Not-in-family,Other,Male,12500,4029,84,Honduras,0.508815,POSITIVE
13,Private,7th-8th,1,Married-civ-spouse,Tech-support,Wife,White,Female,12500,2286,89,Italy,0.482345,NEGATIVE
13,Private,7th-8th,1,Married-civ-spouse,Tech-support,Wife,White,Male,12500,2286,89,Italy,0.514266,POSITIVE
11,Self-emp-inc,1st-4th,6,Married-civ-spouse,Prof-specialty,Husband,Amer-Indian-Eskimo,Female,12500,2722,93,Iran,0.491911,NEGATIVE
11,Self-emp-inc,1st-4th,6,Married-civ-spouse,Prof-specialty,Husband,Amer-Indian-Eskimo,Male,12500,2722,93,Iran,0.523825,POSITIVE
13,Private,7th-8th,1,Married-civ-spouse,Tech-support,Wife,White,Female,12500,2286,76,China,0.483185,NEGATIVE
13,Private,7th-8th,1,Married-civ-spouse,Tech-support,Wife,White,Male,12500,2286,76,China,0.515106,POSITIVE
11,State-gov,Assoc-voc,12,Divorced,Transport-moving,Other-relative,Other,Female,12500,2940,97,Honduras,0.468718,NEGATIVE
11,State-gov,Assoc-voc,12,Divorced,Transport-moving,Other-relative,Other,Male,12500,2940,97,Honduras,0.500609,POSITIVE
10,Self-emp-inc,11th,5,Married-civ-spouse,Exec-managerial,Own-child,Asian-Pac-Islander,Female,12500,2504,79,Poland,0.487928,NEGATIVE
10,Self-emp-inc,11th,5,Married-civ-spouse,Exec-managerial,Own-child,Asian-Pac-Islander,Male,12500,2504,79,Poland,0.519847,POSITIVE
19,Private,Bachelors,1,Married-civ-spouse,Tech-support,Wife,White,Female,12500,3375,64,China,0.478596,NEGATIVE
19,Private,Bachelors,1,Married-civ-spouse,Tech-support,Wife,White,Male,12500,3375,64,China,0.510513,POSITIVE
10,Self-emp-not-inc,12th,2,Married-civ-spouse,Craft-repair,Wife,White,Female,12500,3375,52,China,0.498057,NEGATIVE
10,Self-emp-not-inc,12th,2,Married-civ-spouse,Craft-repair,Wife,White,Male,12500,3375,52,China,0.529953,POSITIVE
13,Self-emp-not-inc,Some-college,3,Married-civ-spouse,Sales,Own-child,Asian-Pac-Islander,Female,12500,3593,66,Poland,0.496133,NEGATIVE
13,Self-emp-not-inc,Some-college,3,Married-civ-spouse,Sales,Own-child,Asian-Pac-Islander,Male,12500,3593,66,Poland,0.528036,POSITIVE
13,Self-emp-not-inc,Some-college,3,Married-civ-spouse,Sales,Own-child,Asian-Pac-Islander,Female,12500,3593,53,Cuba,0.491115,NEGATIVE
13,Self-emp-not-inc,Some-college,3,Married-civ-spouse,Sales,Own-child,Asian-Pac-Islander,Male,12500,3593,53,Cuba,0.523030,POSITIVE
10,Self-emp-inc,11th,5,Married-civ-spouse,Exec-managerial,Own-child,Asian-Pac-Islander,Female,12500,2504,67,Cuba,0.468300,NEGATIVE
10,Self-emp-inc,11th,5,Married-civ-spouse,Exec-managerial,Own-child,Asian-Pac-Islander,Male,12500,2504,67,Cuba,0.500190,POSITIVE
16,Self-emp-inc,1st-4th,6,Married-civ-spouse,Prof-specialty,Husband,Amer-Indian-Eskimo,Female,12500,3811,80,Japan,0.472166,NEGATIVE
16,Self-emp-inc,1st-4th,6,Married-civ-spouse,Prof-specialty,Husband,Amer-Indian-Eskimo,Male,12500,3811,80,Japan,0.504070,POSITIVE
19,Local-gov,Doctorate,11,Divorced,Farming-fishing,Not-in-family,Other,Female,12500,4029,92,Puerto-Rico,0.483607,NEGATIVE
19,Local-gov,Doctorate,11,Divorced,Farming-fishing,Not-in-family,Other,Male,12500,4029,92,Puerto-Rico,0.515528,POSITIVE
19,State-gov,Assoc-voc,12,Divorced,Transport-moving,Other-relative,Other,Female,12500,4029,97,Greece,0.473153,NEGATIVE
19,State-gov,Assoc-voc,12,Divorced,Transport-moving,Other-relative,Other,Male,12500,4029,97,Greece,0.505059,POSITIVE
18,Local-gov,Prof-school,9,Divorced,Adm-clerical,Not-in-family,Amer-Indian-Eskimo,Female,12500,3811,83,Japan,0.477726,NEGATIVE
18,Local-gov,Prof-school,9,Divorced,Adm-clerical,Not-in-family,Amer-Indian-Eskimo,Male,12500,3811,83,Japan,0.509642,POSITIVE
16,Self-emp-inc,Masters,5,Married-civ-spouse,Exec-managerial,Own-child,Asian-Pac-Islander,Female,12500,2504,92,India,0.489809,NEGATIVE
16,Self-emp-inc,Masters,5,Married-civ-spouse,Exec-managerial,Own-child,Asian-Pac-Islander,Male,12500,2504,92,India,0.521726,POSITIVE
18,Federal-gov,Prof-school,8,Divorced,Machine-op-inspct,Not-in-family,Amer-Indian-Eskimo,Female,12500,2722,94,Japan,0.468503,NEGATIVE
18,Federal-gov,Prof-school,8,Divorced,Machine-op-inspct,Not-in-family,Amer-Indian-Eskimo,Male,12500,2722,94,Japan,0.500393,POSITIVE
17,Self-emp-inc,11th,5,Married-civ-spouse,Exec-managerial,Own-child,Asian-Pac-Islander,Female,12500,2504,79,India,0.481842,NEGATIVE
17,Self-emp-inc,11th,5,Married-civ-spouse,Exec-managerial,Own-child,Asian-Pac-Islander,Male,12500,2504,79,India,0.513763,POSITIVE
14,State-gov,Doctorate,14,Divorced,Protective-serv,Other-relative,Black,Female,12500,4029,97,Greece,0.473263,NEGATIVE
14,State-gov,Doctorate,14,Divorced,Protective-serv,Other-relative,Black,Male,12500,4029,97,Greece,0.505170,POSITIVE
16,Self-emp-not-inc,12th,3,Married-civ-spouse,Sales,Own-child,Asian-Pac-Islander,Female,12500,3593,55,Cambodia,0.471738,NEGATIVE
16,Self-emp-not-inc,12th,3,Married-civ-spouse,Sales,Own-child,Asian-Pac-Islander,Male,12500,3593,55,Cambodia,0.503639,POSITIVE
17,Self-emp-inc,HS-grad,6,Married-civ-spouse,Prof-specialty,Husband,Amer-Indian-Eskimo,Female,12500,3811,68,Japan,0.488158,NEGATIVE
17,Self-emp-inc,HS-grad,6,Married-civ-spouse,Prof-specialty,Husband,Amer-Indian-Eskimo,Male,12500,3811,68,Japan,0.520077,POSITIVE
19,Private,Bachelors,1,Married-civ-spouse,Tech-support,Wife,White,Female,12500,3375,51,Outlying-US(Guam-USVI-etc),0.479434,NEGATIVE
19,Private,Bachelors,1,Married-civ-spouse,Tech-support,Wife,White,Male,12500,3375,51,Outlying-US(Guam-USVI-etc),0.511353,POSITIVE
19,Self-emp-inc,11th,5,Married-civ-spouse,Exec-managerial,Own-child,Asian-Pac-Islander,Female,12500,3593,54,Cambodia,0.477133,NEGATIVE
19,Self-emp-inc,11th,5,Married-civ-spouse,Exec-managerial,Own-child,Asian-Pac-Islander,Male,12500,3593,54,Cambodia,0.509048,POSITIVE
16,Self-emp-not-inc,12th,2,Married-civ-spouse,Craft-repair,Wife,White,Female,12500,2286,65,United-States,0.480680,NEGATIVE
16,Self-emp-not-inc,12th,2,Married-civ-spouse,Craft-repair,Wife,White,Male,12500,2286,65,United-States,0.512600,POSITIVE
16,Self-emp-not-inc,Some-college,2,Married-civ-spouse,Craft-repair,Wife,White,Female,12500,2286,65,Outlying-US(Guam-USVI-etc),0.483495,NEGATIVE
16,Self-emp-not-inc,Some-college,2,Married-civ-spouse,Craft-repair,Wife,White,Male,12500,2286,65,Outlying-US(Guam-USVI-etc),0.515416,POSITIVE
19,Self-emp-not-inc,Some-college,3,Married-civ-spouse,Sales,Own-child,Asian-Pac-Islander,Female,12500,2504,66,Cambodia,0.484263,NEGATIVE
19,Self-emp-not-inc,Some-college,3,Married-civ-spouse,Sales,Own-child,Asian-Pac-Islander,Male,12500,2504,66,Cambodia,0.516184,POSITIVE
12,Federal-gov,7th-8th,8,Divorced,Machine-op-inspct,Not-in-family,Amer-Indian-Eskimo,Female,12500,3375,63,Germany,0.480208,NEGATIVE
12,Federal-gov,7th-8th,8,Divorced,Machine-op-inspct,Not-in-family,Amer-Indian-Eskimo,Male,12500,3375,63,Germany,0.512127,POSITIVE
10,Self-emp-not-inc,Some-college,2,Married-civ-spouse,Craft-repair,Wife,White,Female,12500,2504,28,Cambodia,0.487160,NEGATIVE
10,Self-emp-not-inc,Some-college,2,Married-civ-spouse,Craft-repair,Wife,White,Male,12500,2504,28,Cambodia,0.519080,POSITIVE
10,Self-emp-not-inc,Some-college,3,Married-civ-spouse,Sales,Own-child,Asian-Pac-Islander,Female,12500,3593,16,Cambodia,0.497873,NEGATIVE
10,Self-emp-not-inc,Some-college,3,Married-civ-spouse,Sales,Own-child,Asian-Pac-Islander,Male,12500,3593,16,Cambodia,0.529770,POSITIVE
22,Local-gov,Bachelors,9,Never-married,Tech-support,Wife,White,Female,2500,3375,51,El-Salvador,0.437525,NEGATIVE
22,Local-gov,Bachelors,9,Never-married,Tech-support,Wife,White,Male,2500,3375,51,El-Salvador,0.563156,POSITIVE
10,Self-emp-not-inc,Some-college,13,Never-married,Craft-repair,Wife,White,Female,2500,3375,78,Ireland,0.496307,NEGATIVE
10,Self-emp-not-inc,Some-college,13,Never-married,Craft-repair,Wife,White,Male,2500,3375,78,Ireland,0.528209,POSITIVE
10,Local-gov,Bachelors,9,Separated,Tech-support,Wife,White,Female,2500,3375,76,Portugal,0.476518,NEGATIVE
10,Local-gov,Bachelors,9,Separated,Tech-support,Wife,White,Male,2500,3375,76,Portugal,0.508432,POSITIVE
22,Local-gov,Bachelors,9,Separated,Tech-support,Wife,White,Female,2500,2286,51,Guatemala,0.475422,NEGATIVE
22,Local-gov,Bachelors,9,Separated,Tech-support,Wife,White,Male,2500,2286,51,Guatemala,0.558965,POSITIVE
22,Private,Bachelors,9,Never-married,Tech-support,Wife,White,Female,2500,2286,51,El-Salvador,0.487122,NEGATIVE
22,Private,Bachelors,9,Never-married,Tech-support,Wife,White,Male,2500,2286,51,El-Salvador,0.611512,POSITIVE
14,State-gov,Assoc-voc,10,Separated,Prof-specialty,Husband,Amer-Indian-Eskimo,Female,2500,2722,85,Yugoslavia,0.454611,NEGATIVE
14,State-gov,Assoc-voc,10,Separated,Prof-specialty,Husband,Amer-Indian-Eskimo,Male,2500,2722,85,Yugoslavia,0.578085,POSITIVE
17,State-gov,Masters,11,Separated,Farming-fishing,Not-in-family,Other,Female,2500,2940,67,Trinadad&Tobago,0.439282,NEGATIVE
17,State-gov,Masters,11,Separated,Farming-fishing,Not-in-family,Other,Male,2500,2940,67,Trinadad&Tobago,0.503111,POSITIVE
13,State-gov,Prof-school,9,Separated,Exec-managerial,Own-child,Asian-Pac-Islander,Female,2500,2504,83,Dominican-Republic,0.449423,NEGATIVE
13,State-gov,Prof-school,9,Separated,Exec-managerial,Own-child,Asian-Pac-Islander,Male,2500,2504,83,Dominican-Republic,0.552989,POSITIVE
17,State-gov,Masters,11,Separated,Farming-fishing,Not-in-family,Other,Female,2500,2940,67,Taiwan,0.486422,NEGATIVE
17,State-gov,Masters,11,Separated,Farming-fishing,Not-in-family,Other,Male,2500,2940,67,Taiwan,0.628152,POSITIVE
22,Private,Bachelors,9,Never-married,Tech-support,Wife,White,Female,2500,3375,1,El-Salvador,0.405739,NEGATIVE
22,Private,Bachelors,9,Never-married,Tech-support,Wife,White,Male,2500,3375,1,El-Salvador,0.530857,POSITIVE
22,Local-gov,Bachelors,9,Never-married,Tech-support,Wife,White,Female,2500,3375,1,Guatemala,0.482240,NEGATIVE
22,Local-gov,Bachelors,9,Never-married,Tech-support,Wife,White,Male,2500,3375,1,Guatemala,0.606859,POSITIVE
10,Local-gov,Bachelors,9,Never-married,Tech-support,Wife,White,Female,2500,3375,1,Guatemala,0.467970,NEGATIVE
10,Local-gov,Bachelors,9,Never-married,Tech-support,Wife,White,Male,2500,3375,1,Guatemala,0.593125,POSITIVE
10,Private,Bachelors,9,Never-married,Tech-support,Wife,White,Female,2500,3375,1,El-Salvador,0.392018,NEGATIVE
10,Private,Bachelors,9,Never-married,Tech-support,Wife,White,Male,2500,3375,1,El-Salvador,0.516584,POSITIVE
10,Local-gov,Bachelors,13,Separated,Tech-support,Wife,White,Female,2500,2286,1,Portugal,0.457487,NEGATIVE
10,Local-gov,Bachelors,13,Separated,Tech-support,Wife,White,Male,2500,2286,1,Portugal,0.591814,POSITIVE
14,Self-emp-not-inc,HS-grad,9,Separated,Sales,Own-child,Asian-Pac-Islander,Female,2500,2504,10,Laos,0.439913,NEGATIVE
14,Self-emp-not-inc,HS-grad,9,Separated,Sales,Own-child,Asian-Pac-Islander,Male,2500,2504,10,Laos,0.506233,POSITIVE
18,State-gov,Assoc-voc,10,Never-married,Prof-specialty,Husband,Amer-Indian-Eskimo,Female,2500,2722,20,Yugoslavia,0.392444,NEGATIVE
18,State-gov,Assoc-voc,10,Never-married,Prof-specialty,Husband,Amer-Indian-Eskimo,Male,2500,2722,20,Yugoslavia,0.517029,POSITIVE
17,Self-emp-inc,Masters,9,Never-married,Farming-fishing,Not-in-family,Other,Female,2500,2940,35,Trinadad&Tobago,0.498959,NEGATIVE
17,Self-emp-inc,Masters,9,Never-married,Farming-fishing,Not-in-family,Other,Male,2500,2940,35,Trinadad&Tobago,0.622702,POSITIVE
24,Self-emp-inc,Prof-school,3,Never-married,Exec-managerial,Own-child,Asian-Pac-Islander,Female,2500,3593,65,Thailand,0.395584,NEGATIVE
24,Self-emp-inc,Prof-school,3,Never-married,Exec-managerial,Own-child,Asian-Pac-Islander,Male,2500,3593,65,Thailand,0.520313,POSITIVE
30,Without-pay,Doctorate,3,Separated,Protective-serv,Other-relative,Black,Female,2500,4247,97,Columbia,0.447342,NEGATIVE
30,Without-pay,Doctorate,3,Separated,Protective-serv,Other-relative,Black,Male,2500,4247,97,Columbia,0.542828,POSITIVE
22,Private,Some-college,1,Separated,Craft-repair,Wife,White,Female,2500,3375,53,Ireland,0.457333,NEGATIVE
22,Private,Some-college,1,Separated,Craft-repair,Wife,White,Male,2500,3375,53,Ireland,0.591083,POSITIVE
13,Self-emp-inc,Prof-school,3,Never-married,Exec-managerial,Own-child,Asian-Pac-Islander,Female,2500,3593,65,Thailand,0.382324,NEGATIVE
13,Self-emp-inc,Prof-school,3,Never-married,Exec-managerial,Own-child,Asian-Pac-Islander,Male,2500,3593,65,Thailand,0.506375,POSITIVE
11,Local-gov,Some-college,5,Never-married,Craft-repair,Wife,White,Female,2500,3375,78,Ireland,0.494389,NEGATIVE
11,Local-gov,Some-college,5,Never-married,Craft-repair,Wife,White,Male,2500,3375,78,Ireland,0.526297,POSITIVE
16,State-gov,12th,6,Separated,Adm-clerical,Not-in-family,Amer-Indian-Eskimo,Female,2500,3811,65,Ecuador,0.464419,NEGATIVE
16,State-gov,12th,6,Separated,Adm-clerical,Not-in-family,Amer-Indian-Eskimo,Male,2500,3811,65,Ecuador,0.607320,POSITIVE
17,Local-gov,Masters,3,Separated,Farming-fishing,Not-in-family,Other,Female,2500,4029,92,Taiwan,0.497180,NEGATIVE
17,Local-gov,Masters,3,Separated,Farming-fishing,Not-in-family,Other,Male,2500,4029,92,Taiwan,0.638150,POSITIVE
11,Local-gov,Some-college,1,Never-married,Craft-repair,Wife,White,Female,2500,3375,53,Ireland,0.469511,NEGATIVE
11,Local-gov,Some-college,1,Never-married,Craft-repair,Wife,White,Male,2500,3375,53,Ireland,0.556313,POSITIVE
30,State-gov,Doctorate,7,Separated,Protective-serv,Other-relative,Black,Female,2500,3158,95,Peru,0.478833,NEGATIVE
30,State-gov,Doctorate,7,Separated,Protective-serv,Other-relative,Black,Male,2500,3158,95,Peru,0.565520,POSITIVE
13,State-gov,Prof-school,1,Separated,Exec-managerial,Own-child,Asian-Pac-Islander,Female,7500,2504,58,Thailand,0.453813,NEGATIVE
13,State-gov,Prof-school,1,Separated,Exec-managerial,Own-child,Asian-Pac-Islander,Male,7500,2504,58,Thailand,0.574251,POSITIVE
12,Local-gov,HS-grad,1,Separated,Sales,Own-child,Asian-Pac-Islander,Female,7500,2504,55,France,0.448626,NEGATIVE
12,Local-gov,HS-grad,1,Separated,Sales,Own-child,Asian-Pac-Islander,Male,7500,2504,55,France,0.549105,POSITIVE
10,Private,Bachelors,5,Never-married,Tech-support,Wife,White,Female,2500,2286,51,Guatemala,0.397870,NEGATIVE
10,Private,Bachelors,5,Never-married,Tech-support,Wife,White,Male,2500,2286,51,Guatemala,0.522696,POSITIVE
16,Local-gov,12th,6,Separated,Adm-clerical,Not-in-family,Amer-Indian-Eskimo,Female,2500,2722,80,Ecuador,0.481710,NEGATIVE
16,Local-gov,12th,6,Separated,Adm-clerical,Not-in-family,Amer-Indian-Eskimo,Male,2500,2722,80,Ecuador,0.623735,POSITIVE
10,Private,Bachelors,1,Never-married,Tech-support,Wife,White,Female,2500,2286,76,Portugal,0.375079,NEGATIVE
10,Private,Bachelors,1,Never-married,Tech-support,Wife,White,Male,2500,2286,76,Portugal,0.512675,POSITIVE
13,Self-emp-not-inc,Prof-school,1,Never-married,Exec-managerial,Own-child,Asian-Pac-Islander,Female,2500,2504,58,Dominican-Republic,0.480379,NEGATIVE
13,Self-emp-not-inc,Prof-school,1,Never-married,Exec-managerial,Own-child,Asian-Pac-Islander,Male,2500,2504,58,Dominican-Republic,0.567042,POSITIVE
22,Local-gov,Some-college,1,Never-married,Craft-repair,Wife,White,Female,7500,3375,5,El-Salvador,0.389655,NEGATIVE
22,Local-gov,Some-college,1,Never-married,Craft-repair,Wife,White,Male,7500,3375,5,El-Salvador,0.514105,POSITIVE
25,State-gov,Assoc-voc,6,Separated,Prof-specialty,Husband,Amer-Indian-Eskimo,Female,2500,3811,20,Yugoslavia,0.449553,NEGATIVE
25,State-gov,Assoc-voc,6,Separated,Prof-specialty,Husband,Amer-Indian-Eskimo,Male,2500,3811,20,Yugoslavia,0.536395,POSITIVE
25,State-gov,Assoc-voc,6,Separated,Prof-specialty,Husband,Amer-Indian-Eskimo,Female,2500,3811,20,Laos,0.446173,NEGATIVE
25,State-gov,Assoc-voc,6,Separated,Prof-specialty,Husband,Amer-Indian-Eskimo,Male,2500,3811,20,Laos,0.537100,POSITIVE
29,State-gov,10th,7,Never-married,Transport-moving,Other-relative,Other,Female,2500,4029,40,El-Salvador,0.442119,NEGATIVE
29,State-gov,10th,7,Never-married,Transport-moving,Other-relative,Other,Male,2500,4029,40,El-Salvador,0.567738,POSITIVE
23,Self-emp-not-inc,HS-grad,1,Never-married,Sales,Own-child,Asian-Pac-Islander,Female,2500,3593,10,Laos,0.479495,NEGATIVE
23,Self-emp-not-inc,HS-grad,1,Never-married,Sales,Own-child,Asian-Pac-Islander,Male,2500,3593,10,Laos,0.604232,POSITIVE
17,Local-gov,Masters,5,Separated,Farming-fishing,Not-in-family,Other,Female,2500,4029,35,Trinadad&Tobago,0.391154,NEGATIVE
17,Local-gov,Masters,5,Separated,Farming-fishing,Not-in-family,Other,Male,2500,4029,35,Trinadad&Tobago,0.510444,POSITIVE
19,Without-pay,Doctorate,7,Separated,Protective-serv,Other-relative,Black,Female,2500,4247,47,Columbia,0.445409,NEGATIVE
19,Without-pay,Doctorate,7,Separated,Protective-serv,Other-relative,Black,Male,2500,4247,47,Columbia,0.533346,POSITIVE
11,Private,Some-college,5,Separated,Craft-repair,Wife,White,Female,2500,3375,3,Ireland,0.440108,NEGATIVE
11,Private,Some-college,5,Separated,Craft-repair,Wife,White,Male,2500,3375,3,Ireland,0.507195,POSITIVE
13,Self-emp-inc,Prof-school,1,Never-married,Exec-managerial,Own-child,Asian-Pac-Islander,Female,2500,3593,15,Dominican-Republic,0.494582,NEGATIVE
13,Self-emp-inc,Prof-school,1,Never-married,Exec-managerial,Own-child,Asian-Pac-Islander,Male,2500,3593,15,Dominican-Republic,0.580942,POSITIVE
23,Local-gov,HS-grad,1,Separated,Sales,Own-child,Asian-Pac-Islander,Female,7500,2504,10,Scotland,0.492059,NEGATIVE
23,Local-gov,HS-grad,1,Separated,Sales,Own-child,Asian-Pac-Islander,Male,7500,2504,10,Scotland,0.567661,POSITIVE
24,State-gov,Prof-school,1,Separated,Exec-managerial,Own-child,Asian-Pac-Islander,Female,7500,2504,15,Dominican-Republic,0.454351,NEGATIVE
24,State-gov,Prof-school,1,Separated,Exec-managerial,Own-child,Asian-Pac-Islander,Male,7500,2504,15,Dominican-Republic,0.576836,POSITIVE
22,Local-gov,Bachelors,1,Never-married,Tech-support,Wife,White,Female,7500,2286,1,Guatemala,0.464686,NEGATIVE
22,Local-gov,Bachelors,1,Never-married,Tech-support,Wife,White,Male,7500,2286,1,Guatemala,0.589937,POSITIVE
22,Private,Bachelors,1,Never-married,Tech-support,Wife,White,Female,7500,2286,1,El-Salvador,0.388878,NEGATIVE
22,Private,Bachelors,1,Never-married,Tech-support,Wife,White,Male,7500,2286,1,El-Salvador,0.513288,POSITIVE
27,Self-emp-inc,7th-8th,7,Separated,Machine-op-inspct,Not-in-family,Amer-Indian-Eskimo,Female,2500,2722,25,El-Salvador,0.446390,NEGATIVE
27,Self-emp-inc,7th-8th,7,Separated,Machine-op-inspct,Not-in-family,Amer-Indian-Eskimo,Male,2500,2722,25,El-Salvador,0.533213,POSITIVE
29,Self-emp-inc,10th,7,Separated,Transport-moving,Other-relative,Other,Female,2500,2940,40,Haiti,0.441471,NEGATIVE
29,Self-emp-inc,10th,7,Separated,Transport-moving,Other-relative,Other,Male,2500,2940,40,Haiti,0.513937,POSITIVE
27,Federal-gov,7th-8th,6,Never-married,Machine-op-inspct,Not-in-family,Amer-Indian-Eskimo,Female,2500,2722,25,Guatemala,0.453105,NEGATIVE
27,Federal-gov,7th-8th,6,Never-married,Machine-op-inspct,Not-in-family,Amer-Indian-Eskimo,Male,2500,2722,25,Guatemala,0.578608,POSITIVE
30,Without-pay,Doctorate,3,Never-married,Protective-serv,Other-relative,Black,Female,2500,3158,45,Columbia,0.397183,NEGATIVE
30,Without-pay,Doctorate,3,Never-married,Protective-serv,Other-relative,Black,Male,2500,3158,45,Columbia,0.500770,POSITIVE
22,Private,Some-college,1,Never-married,Craft-repair,Wife,White,Female,2500,2286,5,Ireland,0.418552,NEGATIVE
22,Private,Some-college,1,Never-married,Craft-repair,Wife,White,Male,2500,2286,5,Ireland,0.537671,POSITIVE
14,State-gov,Assoc-voc,3,Separated,Prof-specialty,Husband,Amer-Indian-Eskimo,Female,7500,2722,20,Yugoslavia,0.439275,NEGATIVE
14,State-gov,Assoc-voc,3,Separated,Prof-specialty,Husband,Amer-Indian-Eskimo,Male,7500,2722,20,Yugoslavia,0.503072,POSITIVE
10,Local-gov,Bachelors,1,Never-married,Tech-support,Wife,White,Female,7500,2286,1,Guatemala,0.450484,NEGATIVE
10,Local-gov,Bachelors,1,Never-married,Tech-support,Wife,White,Male,7500,2286,1,Guatemala,0.576026,POSITIVE
17,State-gov,Masters,3,Separated,Farming-fishing,Not-in-family,Other,Female,7500,2940,35,Taiwan,0.475178,NEGATIVE
17,State-gov,Masters,3,Separated,Farming-fishing,Not-in-family,Other,Male,7500,2940,35,Taiwan,0.617572,POSITIVE
15,State-gov,7th-8th,6,Never-married,Machine-op-inspct,Not-in-family,Amer-Indian-Eskimo,Female,2500,2722,25,Ecuador,0.447923,NEGATIVE
15,State-gov,7th-8th,6,Never-married,Machine-op-inspct,Not-in-family,Amer-Indian-Eskimo,Male,2500,2722,25,Ecuador,0.534756,POSITIVE
17,Self-emp-inc,Masters,3,Never-married,Farming-fishing,Not-in-family,Other,Female,2500,2940,42,Taiwan,0.427810,NEGATIVE
17,Self-emp-inc,Masters,3,Never-married,Farming-fishing,Not-in-family,Other,Male,2500,2940,42,Taiwan,0.514378,POSITIVE
23,Self-emp-not-inc,HS-grad,10,Married-civ-spouse,Sales,Own-child,Asian-Pac-Islander,Female,2500,2722,60,Scotland,0.425223,NEGATIVE
23,Self-emp-not-inc,HS-grad,10,Married-civ-spouse,Sales,Own-child,Asian-Pac-Islander,Male,2500,2722,60,Scotland,0.550781,POSITIVE
22,Local-gov,Bachelors,9,Married-civ-spouse,Tech-support,Wife,White,Female,2500,2286,76,Ecuador,0.469077,NEGATIVE
22,Local-gov,Bachelors,9,Married-civ-spouse,Tech-support,Wife,White,Male,2500,2286,76,Ecuador,0.594197,POSITIVE
22,Local-gov,Some-college,9,Married-civ-spouse,Craft-repair,Wife,White,Female,2500,2504,53,Ecuador,0.425275,NEGATIVE
22,Local-gov,Some-college,9,Married-civ-spouse,Craft-repair,Wife,White,Male,2500,2504,53,Ecuador,0.550834,POSITIVE
10,Private,Bachelors,9,Married-civ-spouse,Tech-support,Wife,White,Female,2500,2286,76,Guatemala,0.379512,NEGATIVE
10,Private,Bachelors,9,Married-civ-spouse,Tech-support,Wife,White,Male,2500,2286,76,Guatemala,0.503394,POSITIVE
11,Self-emp-not-inc,Some-college,9,Married-civ-spouse,Craft-repair,Wife,White,Female,2500,2504,53,Nicaragua,0.409138,NEGATIVE
11,Self-emp-not-inc,Some-college,9,Married-civ-spouse,Craft-repair,Wife,White,Male,2500,2504,53,Nicaragua,0.534362,POSITIVE
10,Self-emp-not-inc,Some-college,9,Married-civ-spouse,Craft-repair,Wife,White,Female,2500,3375,78,Ecuador,0.493943,NEGATIVE
10,Self-emp-not-inc,Some-college,9,Married-civ-spouse,Craft-repair,Wife,White,Male,2500,3375,78,Ecuador,0.525852,POSITIVE
11,Self-emp-inc,HS-grad,11,Married-civ-spouse,Prof-specialty,Husband,Amer-Indian-Eskimo,Female,2500,3811,85,France,0.488508,NEGATIVE
11,Self-emp-inc,HS-grad,11,Married-civ-spouse,Prof-specialty,Husband,Amer-Indian-Eskimo,Male,2500,3811,85,France,0.520426,POSITIVE
22,Local-gov,Bachelors,9,Married-civ-spouse,Tech-support,Wife,White,Female,7500,2286,1,El-Salvador,0.398024,NEGATIVE
22,Local-gov,Bachelors,9,Married-civ-spouse,Tech-support,Wife,White,Male,7500,2286,1,El-Salvador,0.522857,POSITIVE
27,Federal-gov,7th-8th,12,Divorced,Machine-op-inspct,Not-in-family,Amer-Indian-Eskimo,Female,2500,3375,25,El-Salvador,0.412872,NEGATIVE
27,Federal-gov,7th-8th,12,Divorced,Machine-op-inspct,Not-in-family,Amer-Indian-Eskimo,Male,2500,3375,25,El-Salvador,0.538199,POSITIVE
22,Local-gov,Bachelors,13,Married-civ-spouse,Tech-support,Wife,White,Female,2500,2286,1,Ecuador,0.465393,NEGATIVE
22,Local-gov,Bachelors,13,Married-civ-spouse,Tech-support,Wife,White,Male,2500,2286,1,Ecuador,0.590624,POSITIVE
22,Self-emp-not-inc,Some-college,9,Married-civ-spouse,Craft-repair,Wife,White,Female,2500,2504,5,Ecuador,0.384956,NEGATIVE
22,Self-emp-not-inc,Some-college,9,Married-civ-spouse,Craft-repair,Wife,White,Male,2500,2504,5,Ecuador,0.509157,POSITIVE
22,Local-gov,Bachelors,9,Married-civ-spouse,Tech-support,Wife,White,Female,2500,2286,1,Portugal,0.390729,NEGATIVE
22,Local-gov,Bachelors,9,Married-civ-spouse,Tech-support,Wife,White,Male,2500,2286,1,Portugal,0.515232,POSITIVE
10,Local-gov,Bachelors,9,Married-civ-spouse,Tech-support,Wife,White,Female,7500,2286,1,El-Salvador,0.384396,NEGATIVE
10,Local-gov,Bachelors,9,Married-civ-spouse,Tech-support,Wife,White,Male,7500,2286,1,El-Salvador,0.508565,POSITIVE
15,Federal-gov,7th-8th,12,Divorced,Machine-op-inspct,Not-in-family,Amer-Indian-Eskimo,Female,2500,3375,25,El-Salvador,0.399645,NEGATIVE
15,Federal-gov,7th-8th,12,Divorced,Machine-op-inspct,Not-in-family,Amer-Indian-Eskimo,Male,2500,3375,25,El-Salvador,0.524543,POSITIVE
16,Private,Bachelors,9,Married-civ-spouse,Tech-support,Wife,White,Female,2500,2286,26,Ecuador,0.429753,NEGATIVE
16,Private,Bachelors,9,Married-civ-spouse,Tech-support,Wife,White,Male,2500,2286,26,Ecuador,0.555356,POSITIVE
10,Private,Bachelors,9,Married-civ-spouse,Tech-support,Wife,White,Female,2500,2286,26,Ecuador,0.422755,NEGATIVE
10,Private,Bachelors,9,Married-civ-spouse,Tech-support,Wife,White,Male,2500,2286,26,Ecuador,0.548280,POSITIVE
10,Local-gov,Bachelors,13,Married-civ-spouse,Tech-support,Wife,White,Female,2500,2286,1,Ecuador,0.451187,NEGATIVE
10,Local-gov,Bachelors,13,Married-civ-spouse,Tech-support,Wife,White,Male,2500,2286,1,Ecuador,0.576719,POSITIVE
12,Self-emp-not-inc,HS-grad,9,Married-civ-spouse,Sales,Own-child,Asian-Pac-Islander,Female,2500,2722,5,Taiwan,0.416120,NEGATIVE
12,Self-emp-not-inc,HS-grad,9,Married-civ-spouse,Sales,Own-child,Asian-Pac-Islander,Male,2500,2722,5,Taiwan,0.541522,POSITIVE
10,Local-gov,Bachelors,9,Married-civ-spouse,Tech-support,Wife,White,Female,2500,2286,1,Portugal,0.377194,NEGATIVE
10,Local-gov,Bachelors,9,Married-civ-spouse,Tech-support,Wife,White,Male,2500,2286,1,Portugal,0.500930,POSITIVE
27,Federal-gov,7th-8th,4,Divorced,Machine-op-inspct,Not-in-family,Amer-Indian-Eskimo,Female,7500,3811,75,El-Salvador,0.449657,NEGATIVE
27,Federal-gov,7th-8th,4,Divorced,Machine-op-inspct,Not-in-family,Amer-Indian-Eskimo,Male,7500,3811,75,El-Salvador,0.575209,POSITIVE
22,Self-emp-not-inc,Some-college,1,Married-civ-spouse,Craft-repair,Wife,White,Female,2500,3375,55,Ireland,0.433392,NEGATIVE
22,Self-emp-not-inc,Some-college,1,Married-civ-spouse,Craft-repair,Wife,White,Male,2500,3375,55,Ireland,0.559016,POSITIVE
10,Private,Bachelors,1,Married-civ-spouse,Tech-support,Wife,White,Female,7500,3375,76,Guatemala,0.426548,NEGATIVE
10,Private,Bachelors,1,Married-civ-spouse,Tech-support,Wife,White,Male,7500,3375,76,Guatemala,0.583455,POSITIVE
16,Self-emp-not-inc,HS-grad,2,Married-civ-spouse,Sales,Own-child,Asian-Pac-Islander,Female,7500,3593,55,Trinadad&Tobago,0.439678,NEGATIVE
16,Self-emp-not-inc,HS-grad,2,Married-civ-spouse,Sales,Own-child,Asian-Pac-Islander,Male,7500,3593,55,Trinadad&Tobago,0.565307,POSITIVE
10,Self-emp-not-inc,HS-grad,2,Married-civ-spouse,Sales,Own-child,Asian-Pac-Islander,Female,7500,3593,55,Trinadad&Tobago,0.432642,NEGATIVE
10,Self-emp-not-inc,HS-grad,2,Married-civ-spouse,Sales,Own-child,Asian-Pac-Islander,Male,7500,3593,55,Trinadad&Tobago,0.558263,POSITIVE
16,Private,Bachelors,1,Married-civ-spouse,Tech-support,Wife,White,Female,7500,3375,76,Portugal,0.480660,NEGATIVE
16,Private,Bachelors,1,Married-civ-spouse,Tech-support,Wife,White,Male,7500,3375,76,Portugal,0.512580,POSITIVE
11,Self-emp-inc,Assoc-voc,3,Married-civ-spouse,Prof-specialty,Husband,Amer-Indian-Eskimo,Female,7500,3811,85,France,0.484405,NEGATIVE
11,Self-emp-inc,Assoc-voc,3,Married-civ-spouse,Prof-specialty,Husband,Amer-Indian-Eskimo,Male,7500,3811,85,France,0.516327,POSITIVE
18,Federal-gov,7th-8th,6,Divorced,Machine-op-inspct,Not-in-family,Amer-Indian-Eskimo,Female,2500,3811,88,Scotland,0.390453,NEGATIVE
18,Federal-gov,7th-8th,6,Divorced,Machine-op-inspct,Not-in-family,Amer-Indian-Eskimo,Male,2500,3811,88,Scotland,0.514942,POSITIVE
12,Federal-gov,7th-8th,6,Divorced,Machine-op-inspct,Not-in-family,Amer-Indian-Eskimo,Female,2500,3811,88,Scotland,0.383665,NEGATIVE
12,Federal-gov,7th-8th,6,Divorced,Machine-op-inspct,Not-in-family,Amer-Indian-Eskimo,Male,2500,3811,88,Scotland,0.507793,POSITIVE
19,State-gov,10th,7,Divorced,Transport-moving,Other-relative,Other,Female,2500,4029,70,Thailand,0.390337,NEGATIVE
19,State-gov,10th,7,Divorced,Transport-moving,Other-relative,Other,Male,2500,4029,70,Thailand,0.514821,POSITIVE
13,State-gov,10th,7,Divorced,Transport-moving,Other-relative,Other,Female,2500,4029,70,Thailand,0.383549,NEGATIVE
13,State-gov,10th,7,Divorced,Transport-moving,Other-relative,Other,Male,2500,4029,70,Thailand,0.507671,POSITIVE
12,Self-emp-not-inc,HS-grad,2,Married-civ-spouse,Sales,Own-child,Asian-Pac-Islander,Female,2500,3593,60,France,0.393640,NEGATIVE
12,Self-emp-not-inc,HS-grad,2,Married-civ-spouse,Sales,Own-child,Asian-Pac-Islander,Male,2500,3593,60,France,0.518282,POSITIVE
22,Private,Bachelors,1,Married-civ-spouse,Tech-support,Wife,White,Female,7500,2286,51,Guatemala,0.417180,NEGATIVE
22,Private,Bachelors,1,Married-civ-spouse,Tech-support,Wife,White,Male,7500,2286,51,Guatemala,0.542606,POSITIVE
22,Local-gov,Bachelors,1,Married-civ-spouse,Tech-support,Wife,White,Female,7500,2286,51,Ecuador,0.494046,NEGATIVE
22,Local-gov,Bachelors,1,Married-civ-spouse,Tech-support,Wife,White,Male,7500,2286,51,Ecuador,0.618073,POSITIVE
30,State-gov,Doctorate,7,Divorced,Protective-serv,Other-relative,Black,Female,2500,3158,95,Yugoslavia,0.389444,NEGATIVE
30,State-gov,Doctorate,7,Divorced,Protective-serv,Other-relative,Black,Male,2500,3158,95,Yugoslavia,0.513883,POSITIVE
27,Federal-gov,7th-8th,4,Divorced,Machine-op-inspct,Not-in-family,Amer-Indian-Eskimo,Female,2500,2722,75,Ecuador,0.426117,NEGATIVE
27,Federal-gov,7th-8th,4,Divorced,Machine-op-inspct,Not-in-family,Amer-Indian-Eskimo,Male,2500,2722,75,Ecuador,0.551685,POSITIVE
10,Private,Bachelors,1,Married-civ-spouse,Tech-support,Wife,White,Female,7500,2286,51,Guatemala,0.403336,NEGATIVE
10,Private,Bachelors,1,Married-civ-spouse,Tech-support,Wife,White,Male,7500,2286,51,Guatemala,0.528372,POSITIVE
10,Self-emp-not-inc,Some-college,1,Married-civ-spouse,Craft-repair,Wife,White,Female,7500,2286,78,Portugal,0.475444,NEGATIVE
10,Self-emp-not-inc,Some-college,1,Married-civ-spouse,Craft-repair,Wife,White,Male,7500,2286,78,Portugal,0.507356,POSITIVE
15,Federal-gov,7th-8th,4,Divorced,Machine-op-inspct,Not-in-family,Amer-Indian-Eskimo,Female,2500,2722,75,Ecuador,0.412763,NEGATIVE
15,Federal-gov,7th-8th,4,Divorced,Machine-op-inspct,Not-in-family,Amer-Indian-Eskimo,Male,2500,2722,75,Ecuador,0.538086,POSITIVE
22,Self-emp-not-inc,Some-college,1,Married-civ-spouse,Craft-repair,Wife,White,Female,7500,3375,5,Nicaragua,0.397771,NEGATIVE
22,Self-emp-not-inc,Some-college,1,Married-civ-spouse,Craft-repair,Wife,White,Male,7500,3375,5,Nicaragua,0.522593,POSITIVE
22,Local-gov,Bachelors,1,Married-civ-spouse,Tech-support,Wife,White,Female,7500,3375,1,Ecuador,0.412436,NEGATIVE
22,Local-gov,Bachelors,1,Married-civ-spouse,Tech-support,Wife,White,Male,7500,3375,1,Ecuador,0.537751,POSITIVE
22,Private,Bachelors,5,Married-civ-spouse,Tech-support,Wife,White,Female,2500,3375,1,Portugal,0.403865,NEGATIVE
22,Private,Bachelors,5,Married-civ-spouse,Tech-support,Wife,White,Male,2500,3375,1,Portugal,0.528919,POSITIVE
27,Self-emp-inc,12th,2,Divorced,Adm-clerical,Not-in-family,Amer-Indian-Eskimo,Female,2500,3811,30,Ecuador,0.385688,NEGATIVE
27,Self-emp-inc,12th,2,Divorced,Adm-clerical,Not-in-family,Amer-Indian-Eskimo,Male,2500,3811,30,Ecuador,0.509929,POSITIVE
29,Self-emp-inc,10th,3,Married-civ-spouse,Transport-moving,Other-relative,Other,Female,2500,4029,40,Dominican-Republic,0.394922,NEGATIVE
29,Self-emp-inc,10th,3,Married-civ-spouse,Transport-moving,Other-relative,Other,Male,2500,4029,40,Dominican-Republic,0.519621,POSITIVE
11,Self-emp-not-inc,Some-college,1,Married-civ-spouse,Craft-repair,Wife,White,Female,7500,3375,5,Nicaragua,0.384259,NEGATIVE
11,Self-emp-not-inc,Some-college,1,Married-civ-spouse,Craft-repair,Wife,White,Male,7500,3375,5,Nicaragua,0.508421,POSITIVE
10,Local-gov,Bachelors,1,Married-civ-spouse,Tech-support,Wife,White,Female,7500,3375,1,Ecuador,0.398641,NEGATIVE
10,Local-gov,Bachelors,1,Married-civ-spouse,Tech-support,Wife,White,Male,7500,3375,1,Ecuador,0.523499,POSITIVE
19,Federal-gov,Doctorate,7,Divorced,Protective-serv,Other-relative,Black,Female,2500,4247,45,Yugoslavia,0.439066,NEGATIVE
19,Federal-gov,Doctorate,7,Divorced,Protective-serv,Other-relative,Black,Male,2500,4247,45,Yugoslavia,0.564696,POSITIVE
16,Local-gov,12th,5,Divorced,Adm-clerical,Not-in-family,Amer-Indian-Eskimo,Female,2500,3811,30,Ecuador,0.393534,NEGATIVE
16,Local-gov,12th,5,Divorced,Adm-clerical,Not-in-family,Amer-Indian-Eskimo,Male,2500,3811,30,Ecuador,0.518171,POSITIVE
25,Self-emp-inc,Assoc-voc,3,Married-civ-spouse,Prof-specialty,Husband,Amer-Indian-Eskimo,Female,7500,2722,20,Yugoslavia,0.416609,NEGATIVE
25,Self-emp-inc,Assoc-voc,3,Married-civ-spouse,Prof-specialty,Husband,Amer-Indian-Eskimo,Male,7500,2722,20,Yugoslavia,0.542023,POSITIVE
22,Private,Bachelors,1,Married-civ-spouse,Tech-support,Wife,White,Female,7500,2286,1,Ecuador,0.461523,NEGATIVE
22,Private,Bachelors,1,Married-civ-spouse,Tech-support,Wife,White,Male,7500,2286,1,Ecuador,0.586856,POSITIVE
22,Private,Bachelors,5,Divorced,Tech-support,Wife,White,Female,2500,2286,1,Portugal,0.492984,NEGATIVE
22,Private,Bachelors,5,Divorced,Tech-support,Wife,White,Male,2500,2286,1,Portugal,0.617070,POSITIVE
27,Federal-gov,7th-8th,6,Married-civ-spouse,Machine-op-inspct,Not-in-family,Amer-Indian-Eskimo,Female,2500,2722,25,France,0.382033,NEGATIVE
27,Federal-gov,7th-8th,6,Married-civ-spouse,Machine-op-inspct,Not-in-family,Amer-Indian-Eskimo,Male,2500,2722,25,France,0.506066,POSITIVE
14,Self-emp-inc,Assoc-voc,3,Married-civ-spouse,Prof-specialty,Husband,Amer-Indian-Eskimo,Female,7500,2722,20,Yugoslavia,0.403229,NEGATIVE
14,Self-emp-inc,Assoc-voc,3,Married-civ-spouse,Prof-specialty,Husband,Amer-Indian-Eskimo,Male,7500,2722,20,Yugoslavia,0.528262,POSITIVE
10,Private,Bachelors,1,Married-civ-spouse,Tech-support,Wife,White,Female,7500,2286,1,Ecuador,0.447336,NEGATIVE
10,Private,Bachelors,1,Married-civ-spouse,Tech-support,Wife,White,Male,7500,2286,1,Ecuador,0.572916,POSITIVE
19,State-gov,Doctorate,7,Divorced,Protective-serv,Other-relative,Black,Female,2500,3158,45,Columbia,0.412656,NEGATIVE
19,State-gov,Doctorate,7,Divorced,Protective-serv,Other-relative,Black,Male,2500,3158,45,Columbia,0.537976,POSITIVE
23,Self-emp-inc,HS-grad,11,Never-married,Prof-specialty,Husband,Amer-Indian-Eskimo,Female,7500,3811,85,England,0.476443,NEGATIVE
23,Self-emp-inc,HS-grad,11,Never-married,Prof-specialty,Husband,Amer-Indian-Eskimo,Male,7500,3811,85,England,0.508357,POSITIVE
22,Private,7th-8th,13,Never-married,Tech-support,Wife,White,Female,2500,3375,76,United-States,0.499113,NEGATIVE
22,Private,7th-8th,13,Never-married,Tech-support,Wife,White,Male,2500,3375,76,United-States,0.531005,POSITIVE
23,Self-emp-inc,11th,13,Never-married,Exec-managerial,Own-child,Asian-Pac-Islander,Female,2500,3593,83,Puerto-Rico,0.472172,NEGATIVE
23,Self-emp-inc,11th,13,Never-married,Exec-managerial,Own-child,Asian-Pac-Islander,Male,2500,3593,83,Puerto-Rico,0.504075,POSITIVE
16,Self-emp-not-inc,Some-college,10,Never-married,Sales,Own-child,Asian-Pac-Islander,Female,7500,3593,80,Iran,0.468504,NEGATIVE
16,Self-emp-not-inc,Some-college,10,Never-married,Sales,Own-child,Asian-Pac-Islander,Male,7500,3593,80,Iran,0.500394,POSITIVE
13,Local-gov,Assoc-acdm,13,Separated,Farming-fishing,Not-in-family,Other,Female,7500,4029,96,Poland,0.473634,NEGATIVE
13,Local-gov,Assoc-acdm,13,Separated,Farming-fishing,Not-in-family,Other,Male,7500,4029,96,Poland,0.505542,POSITIVE
16,Self-emp-not-inc,12th,10,Never-married,Sales,Own-child,Asian-Pac-Islander,Female,7500,3593,80,India,0.490826,NEGATIVE
16,Self-emp-not-inc,12th,10,Never-married,Sales,Own-child,Asian-Pac-Islander,Male,7500,3593,80,India,0.522741,POSITIVE
18,Local-gov,Prof-school,13,Separated,Adm-clerical,Not-in-family,Amer-Indian-Eskimo,Female,7500,3811,90,Japan,0.480451,NEGATIVE
18,Local-gov,Prof-school,13,Separated,Adm-clerical,Not-in-family,Amer-Indian-Eskimo,Male,7500,3811,90,Japan,0.512371,POSITIVE
16,Self-emp-not-inc,HS-grad,10,Never-married,Sales,Own-child,Asian-Pac-Islander,Female,7500,3593,55,England,0.475739,NEGATIVE
16,Self-emp-not-inc,HS-grad,10,Never-married,Sales,Own-child,Asian-Pac-Islander,Male,7500,3593,55,England,0.507651,POSITIVE
16,Self-emp-not-inc,Some-college,13,Never-married,Sales,Own-child,Asian-Pac-Islander,Female,2500,3593,80,Iran,0.486909,NEGATIVE
16,Self-emp-not-inc,Some-college,13,Never-married,Sales,Own-child,Asian-Pac-Islander,Male,2500,3593,80,Iran,0.518830,POSITIVE
12,Federal-gov,7th-8th,14,Separated,Machine-op-inspct,Not-in-family,Amer-Indian-Eskimo,Female,2500,3811,88,Italy,0.499107,NEGATIVE
12,Federal-gov,7th-8th,14,Separated,Machine-op-inspct,Not-in-family,Amer-Indian-Eskimo,Male,2500,3811,88,Italy,0.530999,POSITIVE
14,State-gov,Doctorate,15,Separated,Protective-serv,Other-relative,Black,Female,2500,4247,97,Greece,0.494307,NEGATIVE
14,State-gov,Doctorate,15,Separated,Protective-serv,Other-relative,Black,Male,2500,4247,97,Greece,0.526215,POSITIVE
12,State-gov,7th-8th,10,Separated,Machine-op-inspct,Not-in-family,Amer-Indian-Eskimo,Female,2500,3811,88,Italy,0.475118,NEGATIVE
12,State-gov,7th-8th,10,Separated,Machine-op-inspct,Not-in-family,Amer-Indian-Eskimo,Male,2500,3811,88,Italy,0.507029,POSITIVE
12,Self-emp-inc,12th,10,Separated,Adm-clerical,Not-in-family,Amer-Indian-Eskimo,Female,2500,3811,90,Italy,0.480942,NEGATIVE
12,Self-emp-inc,12th,10,Separated,Adm-clerical,Not-in-family,Amer-Indian-Eskimo,Male,2500,3811,90,Italy,0.512863,POSITIVE
10,Self-emp-not-inc,Some-college,13,Never-married,Craft-repair,Wife,White,Female,2500,3375,53,Cuba,0.468730,NEGATIVE
10,Self-emp-not-inc,Some-college,13,Never-married,Craft-repair,Wife,White,Male,2500,3375,53,Cuba,0.500622,POSITIVE
14,Self-emp-inc,Assoc-voc,14,Never-married,Prof-specialty,Husband,Amer-Indian-Eskimo,Female,2500,3811,60,Canada,0.497421,NEGATIVE
14,Self-emp-inc,Assoc-voc,14,Never-married,Prof-specialty,Husband,Amer-Indian-Eskimo,Male,2500,3811,60,Canada,0.529319,POSITIVE
12,Self-emp-not-inc,HS-grad,10,Never-married,Sales,Own-child,Asian-Pac-Islander,Female,7500,2504,60,Canada,0.490139,NEGATIVE
12,Self-emp-not-inc,HS-grad,10,Never-married,Sales,Own-child,Asian-Pac-Islander,Male,7500,2504,60,Canada,0.522056,POSITIVE
17,Self-emp-inc,Prof-school,13,Never-married,Exec-managerial,Own-child,Asian-Pac-Islander,Female,2500,2504,83,Puerto-Rico,0.493432,NEGATIVE
17,Self-emp-inc,Prof-school,13,Never-married,Exec-managerial,Own-child,Asian-Pac-Islander,Male,2500,2504,83,Puerto-Rico,0.525342,POSITIVE
14,Self-emp-inc,Assoc-voc,10,Never-married,Prof-specialty,Husband,Amer-Indian-Eskimo,Female,2500,2722,85,Japan,0.481091,NEGATIVE
14,Self-emp-inc,Assoc-voc,10,Never-married,Prof-specialty,Husband,Amer-Indian-Eskimo,Male,2500,2722,85,Japan,0.513011,POSITIVE
25,State-gov,Assoc-voc,10,Separated,Prof-specialty,Husband,Amer-Indian-Eskimo,Female,2500,2722,20,Philippines,0.445468,NEGATIVE
25,State-gov,Assoc-voc,10,Separated,Prof-specialty,Husband,Amer-Indian-Eskimo,Male,2500,2722,20,Philippines,0.533636,POSITIVE
22,Local-gov,Some-college,9,Separated,Craft-repair,Wife,White,Female,2500,2286,28,Cambodia,0.451333,NEGATIVE
22,Local-gov,Some-college,9,Separated,Craft-repair,Wife,White,Male,2500,2286,28,Cambodia,0.562275,POSITIVE
27,State-gov,7th-8th,10,Separated,Machine-op-inspct,Not-in-family,Amer-Indian-Eskimo,Female,2500,2722,13,Germany,0.458467,NEGATIVE
27,State-gov,7th-8th,10,Separated,Machine-op-inspct,Not-in-family,Amer-Indian-Eskimo,Male,2500,2722,13,Germany,0.596455,POSITIVE
14,State-gov,Doctorate,11,Separated,Protective-serv,Other-relative,Black,Female,2500,3158,47,Vietnam,0.439673,NEGATIVE
14,State-gov,Doctorate,11,Separated,Protective-serv,Other-relative,Black,Male,2500,3158,47,Vietnam,0.505042,POSITIVE
11,Private,Some-college,9,Separated,Craft-repair,Wife,White,Female,2500,2286,3,Cuba,0.439404,NEGATIVE
11,Private,Some-college,9,Separated,Craft-repair,Wife,White,Male,2500,2286,3,Cuba,0.503714,POSITIVE
14,State-gov,Doctorate,11,Separated,Protective-serv,Other-relative,Black,Female,2500,3158,47,Greece,0.489632,NEGATIVE
14,State-gov,Doctorate,11,Separated,Protective-serv,Other-relative,Black,Male,2500,3158,47,Greece,0.631148,POSITIVE
19,State-gov,Doctorate,11,Separated,Protective-serv,Other-relative,Black,Female,2500,3158,22,Greece,0.462368,NEGATIVE
19,State-gov,Doctorate,11,Separated,Protective-serv,Other-relative,Black,Male,2500,3158,22,Greece,0.605350,POSITIVE
22,Self-emp-not-inc,12th,5,Never-married,Craft-repair,Wife,White,Female,7500,3375,78,Cambodia,0.485572,NEGATIVE
22,Self-emp-not-inc,12th,5,Never-married,Craft-repair,Wife,White,Male,7500,3375,78,Cambodia,0.517493,POSITIVE
24,Local-gov,Prof-school,5,Separated,Adm-clerical,Not-in-family,Amer-Indian-Eskimo,Female,7500,3811,90,Puerto-Rico,0.483011,NEGATIVE
24,Local-gov,Prof-school,5,Separated,Adm-clerical,Not-in-family,Amer-Indian-Eskimo,Male,7500,3811,90,Puerto-Rico,0.514933,POSITIVE
22,Private,Bachelors,1,Never-married,Tech-support,Wife,White,Female,2500,3375,76,China,0.492837,NEGATIVE
22,Private,Bachelors,1,Never-married,Tech-support,Wife,White,Male,2500,3375,76,China,0.524749,POSITIVE
30,State-gov,Doctorate,3,Separated,Protective-serv,Other-relative,Black,Female,2500,4247,72,Vietnam,0.474058,NEGATIVE
30,State-gov,Doctorate,3,Separated,Protective-serv,Other-relative,Black,Male,2500,4247,72,Vietnam,0.616510,POSITIVE
24,Self-emp-not-inc,Prof-school,5,Never-married,Exec-managerial,Own-child,Asian-Pac-Islander,Female,2500,3593,83,Puerto-Rico,0.493153,NEGATIVE
24,Self-emp-not-inc,Prof-school,5,Never-married,Exec-managerial,Own-child,Asian-Pac-Islander,Male,2500,3593,83,Puerto-Rico,0.525064,POSITIVE
28,State-gov,Masters,3,Separated,Farming-fishing,Not-in-family,Other,Female,2500,4029,92,India,0.441592,NEGATIVE
28,State-gov,Masters,3,Separated,Farming-fishing,Not-in-family,Other,Male,2500,4029,92,India,0.514532,POSITIVE
30,Without-pay,Doctorate,3,Separated,Protective-serv,Other-relative,Black,Female,2500,4247,72,Greece,0.452772,NEGATIVE
30,Without-pay,Doctorate,3,Separated,Protective-serv,Other-relative,Black,Male,2500,4247,72,Greece,0.569233,POSITIVE
22,Private,Bachelors,1,Separated,Tech-support,Wife,White,Female,2500,3375,51,United-States,0.496083,NEGATIVE
22,Private,Bachelors,1,Separated,Tech-support,Wife,White,Male,2500,3375,51,United-States,0.522761,POSITIVE
17,Self-emp-inc,Prof-school,1,Never-married,Exec-managerial,Own-child,Asian-Pac-Islander,Female,7500,3593,83,Honduras,0.487967,NEGATIVE
17,Self-emp-inc,Prof-school,1,Never-married,Exec-managerial,Own-child,Asian-Pac-Islander,Male,7500,3593,83,Honduras,0.519887,POSITIVE
12,State-gov,12th,2,Separated,Adm-clerical,Not-in-family,Amer-Indian-Eskimo,Female,7500,3811,90,Italy,0.482337,NEGATIVE
12,State-gov,12th,2,Separated,Adm-clerical,Not-in-family,Amer-Indian-Eskimo,Male,7500,3811,90,Italy,0.514258,POSITIVE
13,Self-emp-inc,Masters,3,Separated,Farming-fishing,Not-in-family,Other,Female,7500,4029,92,Poland,0.493031,NEGATIVE
13,Self-emp-inc,Masters,3,Separated,Farming-fishing,Not-in-family,Other,Male,7500,4029,92,Poland,0.524942,POSITIVE
10,Self-emp-not-inc,HS-grad,5,Never-married,Sales,Own-child,Asian-Pac-Islander,Female,7500,3593,55,Iran,0.495382,NEGATIVE
10,Self-emp-not-inc,HS-grad,5,Never-married,Sales,Own-child,Asian-Pac-Islander,Male,7500,3593,55,Iran,0.527287,POSITIVE
13,State-gov,Assoc-voc,7,Separated,Transport-moving,Other-relative,Other,Female,7500,4029,70,Japan,0.481701,NEGATIVE
13,State-gov,Assoc-voc,7,Separated,Transport-moving,Other-relative,Other,Male,7500,4029,70,Japan,0.513622,POSITIVE
15,Federal-gov,7th-8th,2,Separated,Machine-op-inspct,Not-in-family,Amer-Indian-Eskimo,Female,7500,3811,63,Germany,0.475981,NEGATIVE
15,Federal-gov,7th-8th,2,Separated,Machine-op-inspct,Not-in-family,Amer-Indian-Eskimo,Male,7500,3811,63,Germany,0.507894,POSITIVE
15,Federal-gov,7th-8th,4,Separated,Machine-op-inspct,Not-in-family,Amer-Indian-Eskimo,Female,2500,3811,75,South,0.471851,NEGATIVE
15,Federal-gov,7th-8th,4,Separated,Machine-op-inspct,Not-in-family,Amer-Indian-Eskimo,Male,2500,3811,75,South,0.503754,POSITIVE
22,Private,Some-college,1,Never-married,Craft-repair,Wife,White,Female,7500,2286,78,Cambodia,0.497367,NEGATIVE
22,Private,Some-college,1,Never-married,Craft-repair,Wife,White,Male,7500,2286,78,Cambodia,0.529266,POSITIVE
30,Without-pay,Doctorate,7,Separated,Protective-serv,Other-relative,Black,Female,2500,3158,97,Vietnam,0.446637,NEGATIVE
30,Without-pay,Doctorate,7,Separated,Protective-serv,Other-relative,Black,Male,2500,3158,97,Vietnam,0.539371,POSITIVE
28,State-gov,Masters,7,Separated,Farming-fishing,Not-in-family,Other,Female,2500,2940,67,Poland,0.487518,NEGATIVE
28,State-gov,Masters,7,Separated,Farming-fishing,Not-in-family,Other,Male,2500,2940,67,Poland,0.629176,POSITIVE
22,Private,Some-college,5,Separated,Craft-repair,Wife,White,Female,2500,2286,53,Cuba,0.456625,NEGATIVE
22,Private,Some-college,5,Separated,Craft-repair,Wife,White,Male,2500,2286,53,Cuba,0.587713,POSITIVE
24,Self-emp-inc,Prof-school,1,Never-married,Exec-managerial,Own-child,Asian-Pac-Islander,Female,2500,2504,65,Honduras,0.454574,NEGATIVE
24,Self-emp-inc,Prof-school,1,Never-married,Exec-managerial,Own-child,Asian-Pac-Islander,Male,2500,2504,65,Honduras,0.577909,POSITIVE
29,Without-pay,10th,7,Separated,Transport-moving,Other-relative,Other,Female,2500,2940,95,Japan,0.443890,NEGATIVE
29,Without-pay,10th,7,Separated,Transport-moving,Other-relative,Other,Male,2500,2940,95,Japan,0.525871,POSITIVE
22,Local-gov,Some-college,1,Never-married,Craft-repair,Wife,White,Female,2500,2286,78,Cambodia,0.477577,NEGATIVE
22,Local-gov,Some-college,1,Never-married,Craft-repair,Wife,White,Male,2500,2286,78,Cambodia,0.590073,POSITIVE
29,State-gov,10th,6,Separated,Transport-moving,Other-relative,Other,Female,2500,2940,70,Japan,0.445915,NEGATIVE
29,State-gov,10th,6,Separated,Transport-moving,Other-relative,Other,Male,2500,2940,70,Japan,0.535832,POSITIVE
11,Self-emp-inc,Prof-school,5,Never-married,Exec-managerial,Own-child,Asian-Pac-Islander,Female,7500,2504,83,Honduras,0.487052,NEGATIVE
11,Self-emp-inc,Prof-school,5,Never-married,Exec-managerial,Own-child,Asian-Pac-Islander,Male,7500,2504,83,Honduras,0.518972,POSITIVE
17,Self-emp-not-inc,Assoc-voc,6,Never-married,Prof-specialty,Husband,Amer-Indian-Eskimo,Female,7500,2722,85,Canada,0.469381,NEGATIVE
17,Self-emp-not-inc,Assoc-voc,6,Never-married,Prof-specialty,Husband,Amer-Indian-Eskimo,Male,7500,2722,85,Canada,0.501275,POSITIVE
11,Self-emp-not-inc,Assoc-voc,2,Never-married,Prof-specialty,Husband,Amer-Indian-Eskimo,Female,7500,2722,85,Philippines,0.498067,NEGATIVE
11,Self-emp-not-inc,Assoc-voc,2,Never-married,Prof-specialty,Husband,Amer-Indian-Eskimo,Male,7500,2722,85,Philippines,0.529964,POSITIVE
12,Self-emp-not-inc,HS-grad,5,Never-married,Sales,Own-child,Asian-Pac-Islander,Female,7500,2504,55,Canada,0.491050,NEGATIVE
12,Self-emp-not-inc,HS-grad,5,Never-married,Sales,Own-child,Asian-Pac-Islander,Male,7500,2504,55,Canada,0.522965,POSITIVE
13,Self-emp-inc,Prof-school,1,Never-married,Exec-managerial,Own-child,Asian-Pac-Islander,Female,7500,2504,58,Puerto-Rico,0.481609,NEGATIVE
13,Self-emp-inc,Prof-school,1,Never-married,Exec-managerial,Own-child,Asian-Pac-Islander,Male,7500,2504,58,Puerto-Rico,0.513530,POSITIVE
17,Local-gov,Masters,7,Separated,Farming-fishing,Not-in-family,Other,Female,2500,2940,92,Poland,0.493700,NEGATIVE
17,Local-gov,Masters,7,Separated,Farming-fishing,Not-in-family,Other,Male,2500,2940,92,Poland,0.634929,POSITIVE
19,Federal-gov,Doctorate,7,Separated,Protective-serv,Other-relative,Black,Female,2500,3158,72,Vietnam,0.499936,NEGATIVE
19,Federal-gov,Doctorate,7,Separated,Protective-serv,Other-relative,Black,Male,2500,3158,72,Vietnam,0.640691,POSITIVE
11,Private,Some-college,1,Never-married,Craft-repair,Wife,White,Female,2500,2286,53,Cuba,0.412408,NEGATIVE
11,Private,Some-college,1,Never-married,Craft-repair,Wife,White,Male,2500,2286,53,Cuba,0.512706,POSITIVE
19,State-gov,10th,7,Separated,Transport-moving,Other-relative,Other,Female,2500,2940,95,Japan,0.449085,NEGATIVE
19,State-gov,10th,7,Separated,Transport-moving,Other-relative,Other,Male,2500,2940,95,Japan,0.551343,POSITIVE
13,Self-emp-inc,10th,7,Separated,Transport-moving,Other-relative,Other,Female,2500,2940,95,Japan,0.470027,NEGATIVE
13,Self-emp-inc,10th,7,Separated,Transport-moving,Other-relative,Other,Male,2500,2940,95,Japan,0.501923,POSITIVE
16,Local-gov,12th,6,Separated,Adm-clerical,Not-in-family,Amer-Indian-Eskimo,Female,2500,2722,65,Outlying-US(Guam-USVI-etc),0.451968,NEGATIVE
16,Local-gov,12th,6,Separated,Adm-clerical,Not-in-family,Amer-Indian-Eskimo,Male,2500,2722,65,Outlying-US(Guam-USVI-etc),0.565349,POSITIVE
16,Self-emp-not-inc,Some-college,1,Never-married,Craft-repair,Wife,White,Female,2500,2286,53,Cambodia,0.479523,NEGATIVE
16,Self-emp-not-inc,Some-college,1,Never-married,Craft-repair,Wife,White,Male,2500,2286,53,Cambodia,0.506205,POSITIVE
27,State-gov,12th,6,Separated,Adm-clerical,Not-in-family,Amer-Indian-Eskimo,Female,2500,3593,30,Italy,0.443287,NEGATIVE
27,State-gov,12th,6,Separated,Adm-clerical,Not-in-family,Amer-Indian-Eskimo,Male,2500,3593,30,Italy,0.522899,POSITIVE
28,Local-gov,Masters,3,Separated,Farming-fishing,Not-in-family,Other,Female,2500,4029,35,Poland,0.459225,NEGATIVE
28,Local-gov,Masters,3,Separated,Farming-fishing,Not-in-family,Other,Male,2500,4029,35,Poland,0.600036,POSITIVE
22,Local-gov,Bachelors,5,Separated,Tech-support,Wife,White,Female,2500,3375,26,United-States,0.449027,NEGATIVE
22,Local-gov,Bachelors,5,Separated,Tech-support,Wife,White,Male,2500,3375,26,United-States,0.551063,POSITIVE
29,State-gov,10th,3,Separated,Transport-moving,Other-relative,Other,Female,2500,4029,45,Japan,0.449369,NEGATIVE
29,State-gov,10th,3,Separated,Transport-moving,Other-relative,Other,Male,2500,4029,45,Japan,0.552727,POSITIVE
25,State-gov,Assoc-voc,6,Separated,Prof-specialty,Husband,Amer-Indian-Eskimo,Female,2500,3811,10,Canada,0.456155,NEGATIVE
25,State-gov,Assoc-voc,6,Separated,Prof-specialty,Husband,Amer-Indian-Eskimo,Male,2500,3811,10,Canada,0.585473,POSITIVE
23,Local-gov,HS-grad,1,Never-married,Sales,Own-child,Asian-Pac-Islander,Female,2500,3593,5,England,0.492843,NEGATIVE
23,Local-gov,HS-grad,1,Never-married,Sales,Own-child,Asian-Pac-Islander,Male,2500,3593,5,England,0.634134,POSITIVE
30,Federal-gov,Doctorate,3,Separated,Protective-serv,Other-relative,Black,Female,2500,4247,22,Greece,0.453488,NEGATIVE
30,Federal-gov,Doctorate,3,Separated,Protective-serv,Other-relative,Black,Male,2500,4247,22,Greece,0.572688,POSITIVE
10,Private,7th-8th,5,Never-married,Tech-support,Wife,White,Female,7500,3375,26,United-States,0.488729,NEGATIVE
10,Private,7th-8th,5,Never-married,Tech-support,Wife,White,Male,7500,3375,26,United-States,0.520647,POSITIVE
11,Self-emp-inc,Prof-school,1,Never-married,Exec-managerial,Own-child,Asian-Pac-Islander,Female,7500,3593,33,Puerto-Rico,0.483967,NEGATIVE
11,Self-emp-inc,Prof-school,1,Never-married,Exec-managerial,Own-child,Asian-Pac-Islander,Male,7500,3593,33,Puerto-Rico,0.515888,POSITIVE
18,Without-pay,10th,7,Separated,Transport-moving,Other-relative,Other,Female,2500,4029,45,Jamaica,0.440241,NEGATIVE
18,Without-pay,10th,7,Separated,Transport-moving,Other-relative,Other,Male,2500,4029,45,Jamaica,0.507854,POSITIVE
19,State-gov,Doctorate,7,Separated,Protective-serv,Other-relative,Black,Female,2500,4247,22,Vietnam,0.464557,NEGATIVE
19,State-gov,Doctorate,7,Separated,Protective-serv,Other-relative,Black,Male,2500,4247,22,Vietnam,0.607451,POSITIVE
13,Self-emp-inc,Prof-school,1,Never-married,Exec-managerial,Own-child,Asian-Pac-Islander,Female,2500,3593,15,Honduras,0.499266,NEGATIVE
13,Self-emp-inc,Prof-school,1,Never-married,Exec-managerial,Own-child,Asian-Pac-Islander,Male,2500,3593,15,Honduras,0.640075,POSITIVE
10,Local-gov,HS-grad,5,Never-married,Sales,Own-child,Asian-Pac-Islander,Female,2500,3593,30,England,0.484046,NEGATIVE
10,Local-gov,HS-grad,5,Never-married,Sales,Own-child,Asian-Pac-Islander,Male,2500,3593,30,England,0.515967,POSITIVE
11,Self-emp-not-inc,Prof-school,5,Never-married,Exec-managerial,Own-child,Asian-Pac-Islander,Female,2500,3593,33,Puerto-Rico,0.482888,NEGATIVE
11,Self-emp-not-inc,Prof-school,5,Never-married,Exec-managerial,Own-child,Asian-Pac-Islander,Male,2500,3593,33,Puerto-Rico,0.514810,POSITIVE
20,Without-pay,Doctorate,7,Separated,Protective-serv,Other-relative,Black,Female,2500,4247,22,Greece,0.472050,NEGATIVE
20,Without-pay,Doctorate,7,Separated,Protective-serv,Other-relative,Black,Male,2500,4247,22,Greece,0.614604,POSITIVE
13,State-gov,10th,7,Separated,Transport-moving,Other-relative,Other,Female,2500,4029,20,Japan,0.473201,NEGATIVE
13,State-gov,10th,7,Separated,Transport-moving,Other-relative,Other,Male,2500,4029,20,Japan,0.615697,POSITIVE
14,Self-emp-inc,Assoc-voc,2,Never-married,Prof-specialty,Husband,Amer-Indian-Eskimo,Female,2500,3811,20,Canada,0.439211,NEGATIVE
14,Self-emp-inc,Assoc-voc,2,Never-married,Prof-specialty,Husband,Amer-Indian-Eskimo,Male,2500,3811,20,Canada,0.502758,POSITIVE
22,Local-gov,Bachelors,1,Separated,Tech-support,Wife,White,Female,7500,2286,1,United-States,0.452709,NEGATIVE
22,Local-gov,Bachelors,1,Separated,Tech-support,Wife,White,Male,7500,2286,1,United-States,0.568934,POSITIVE
22,Private,Bachelors,1,Never-married,Tech-support,Wife,White,Female,2500,2286,1,United-States,0.439812,NEGATIVE
22,Private,Bachelors,1,Never-married,Tech-support,Wife,White,Male,2500,2286,1,United-States,0.505730,POSITIVE
14,Without-pay,Doctorate,3,Separated,Protective-serv,Other-relative,Black,Female,7500,3158,22,Greece,0.461035,NEGATIVE
14,Without-pay,Doctorate,3,Separated,Protective-serv,Other-relative,Black,Male,7500,3158,22,Greece,0.604069,POSITIVE
13,Self-emp-inc,Prof-school,5,Never-married,Exec-managerial,Own-child,Asian-Pac-Islander,Female,2500,2504,15,Honduras,0.441175,NEGATIVE
13,Self-emp-inc,Prof-school,5,Never-married,Exec-managerial,Own-child,Asian-Pac-Islander,Male,2500,2504,15,Honduras,0.512475,POSITIVE
17,Self-emp-inc,Masters,3,Never-married,Farming-fishing,Not-in-family,Other,Female,2500,2940,42,Poland,0.445335,NEGATIVE
17,Self-emp-inc,Masters,3,Never-married,Farming-fishing,Not-in-family,Other,Male,2500,2940,42,Poland,0.532981,POSITIVE
18,Federal-gov,7th-8th,6,Separated,Machine-op-inspct,Not-in-family,Amer-Indian-Eskimo,Female,2500,2722,38,Germany,0.499302,NEGATIVE
18,Federal-gov,7th-8th,6,Separated,Machine-op-inspct,Not-in-family,Amer-Indian-Eskimo,Male,2500,2722,38,Germany,0.640107,POSITIVE
18,Self-emp-inc,12th,6,Separated,Adm-clerical,Not-in-family,Amer-Indian-Eskimo,Female,2500,2722,15,Outlying-US(Guam-USVI-etc),0.443048,NEGATIVE
18,Self-emp-inc,12th,6,Separated,Adm-clerical,Not-in-family,Amer-Indian-Eskimo,Male,2500,2722,15,Outlying-US(Guam-USVI-etc),0.521718,POSITIVE
22,Self-emp-not-inc,Some-college,10,Married-civ-spouse,Sales,Own-child,Asian-Pac-Islander,Female,2500,3593,91,Cuba,0.485275,NEGATIVE
22,Self-emp-not-inc,Some-college,10,Married-civ-spouse,Sales,Own-child,Asian-Pac-Islander,Male,2500,3593,91,Cuba,0.517196,POSITIVE
17,Self-emp-inc,Masters,11,Married-civ-spouse,Exec-managerial,Own-child,Asian-Pac-Islander,Female,2500,3593,92,Cuba,0.471028,NEGATIVE
17,Self-emp-inc,Masters,11,Married-civ-spouse,Exec-managerial,Own-child,Asian-Pac-Islander,Male,2500,3593,92,Cuba,0.502928,POSITIVE
18,Local-gov,Prof-school,13,Divorced,Adm-clerical,Not-in-family,Amer-Indian-Eskimo,Female,7500,3811,95,Iran,0.481460,NEGATIVE
18,Local-gov,Prof-school,13,Divorced,Adm-clerical,Not-in-family,Amer-Indian-Eskimo,Male,7500,3811,95,Iran,0.513380,POSITIVE
17,Self-emp-inc,11th,11,Married-civ-spouse,Exec-managerial,Own-child,Asian-Pac-Islander,Female,2500,3593,79,Honduras,0.478700,NEGATIVE
17,Self-emp-inc,11th,11,Married-civ-spouse,Exec-managerial,Own-child,Asian-Pac-Islander,Male,2500,3593,79,Honduras,0.510617,POSITIVE
12,Local-gov,12th,13,Divorced,Adm-clerical,Not-in-family,Amer-Indian-Eskimo,Female,7500,3811,90,Italy,0.493232,NEGATIVE
12,Local-gov,12th,13,Divorced,Adm-clerical,Not-in-family,Amer-Indian-Eskimo,Male,7500,3811,90,Italy,0.525142,POSITIVE
10,Self-emp-not-inc,HS-grad,10,Married-civ-spouse,Sales,Own-child,Asian-Pac-Islander,Female,2500,2504,80,Poland,0.487823,NEGATIVE
10,Self-emp-not-inc,HS-grad,10,Married-civ-spouse,Sales,Own-child,Asian-Pac-Islander,Male,2500,2504,80,Poland,0.519743,POSITIVE
10,Self-emp-not-inc,12th,10,Married-civ-spouse,Sales,Own-child,Asian-Pac-Islander,Female,2500,2504,80,Cuba,0.490511,NEGATIVE
10,Self-emp-not-inc,12th,10,Married-civ-spouse,Sales,Own-child,Asian-Pac-Islander,Male,2500,2504,80,Cuba,0.522427,POSITIVE
10,Private,Bachelors,9,Married-civ-spouse,Tech-support,Wife,White,Female,2500,2286,51,China,0.494825,NEGATIVE
10,Private,Bachelors,9,Married-civ-spouse,Tech-support,Wife,White,Male,2500,2286,51,China,0.526731,POSITIVE
28,Self-emp-not-inc,Some-college,9,Married-civ-spouse,Craft-repair,Wife,White,Female,2500,3375,78,United-States,0.481344,NEGATIVE
28,Self-emp-not-inc,Some-college,9,Married-civ-spouse,Craft-repair,Wife,White,Male,2500,3375,78,United-States,0.513264,POSITIVE
23,Self-emp-inc,1st-4th,11,Married-civ-spouse,Prof-specialty,Husband,Amer-Indian-Eskimo,Female,2500,3811,93,England,0.483914,NEGATIVE
23,Self-emp-inc,1st-4th,11,Married-civ-spouse,Prof-specialty,Husband,Amer-Indian-Eskimo,Male,2500,3811,93,England,0.515835,POSITIVE
22,Self-emp-not-inc,Some-college,10,Married-civ-spouse,Sales,Own-child,Asian-Pac-Islander,Female,2500,3593,78,India,0.480262,NEGATIVE
22,Self-emp-not-inc,Some-college,10,Married-civ-spouse,Sales,Own-child,Asian-Pac-Islander,Male,2500,3593,78,India,0.512181,POSITIVE
24,Local-gov,Prof-school,13,Divorced,Adm-clerical,Not-in-family,Amer-Indian-Eskimo,Female,7500,3811,90,Puerto-Rico,0.498962,NEGATIVE
24,Local-gov,Prof-school,13,Divorced,Adm-clerical,Not-in-family,Amer-Indian-Eskimo,Male,7500,3811,90,Puerto-Rico,0.530855,POSITIVE
22,Self-emp-not-inc,Some-college,9,Married-civ-spouse,Craft-repair,Wife,White,Female,2500,2286,90,Outlying-US(Guam-USVI-etc),0.475702,NEGATIVE
22,Self-emp-not-inc,Some-college,9,Married-civ-spouse,Craft-repair,Wife,White,Male,2500,2286,90,Outlying-US(Guam-USVI-etc),0.507615,POSITIVE
17,Self-emp-inc,1st-4th,11,Married-civ-spouse,Prof-specialty,Husband,Amer-Indian-Eskimo,Female,2500,3811,85,Japan,0.482446,NEGATIVE
17,Self-emp-inc,1st-4th,11,Married-civ-spouse,Prof-specialty,Husband,Amer-Indian-Eskimo,Male,2500,3811,85,Japan,0.514368,POSITIVE
18,Federal-gov,Prof-school,12,Divorced,Machine-op-inspct,Not-in-family,Amer-Indian-Eskimo,Female,7500,2722,94,Japan,0.471894,NEGATIVE
18,Federal-gov,Prof-school,12,Divorced,Machine-op-inspct,Not-in-family,Amer-Indian-Eskimo,Male,7500,2722,94,Japan,0.503797,POSITIVE
12,Federal-gov,10th,12,Divorced,Machine-op-inspct,Not-in-family,Amer-Indian-Eskimo,Female,7500,2722,88,Japan,0.485077,NEGATIVE
12,Federal-gov,10th,12,Divorced,Machine-op-inspct,Not-in-family,Amer-Indian-Eskimo,Male,7500,2722,88,Japan,0.516999,POSITIVE
16,Self-emp-not-inc,Some-college,9,Married-civ-spouse,Craft-repair,Wife,White,Female,2500,2504,53,Cambodia,0.479364,NEGATIVE
16,Self-emp-not-inc,Some-college,9,Married-civ-spouse,Craft-repair,Wife,White,Male,2500,2504,53,Cambodia,0.511282,POSITIVE
12,Federal-gov,7th-8th,12,Divorced,Machine-op-inspct,Not-in-family,Amer-Indian-Eskimo,Female,7500,3375,63,Germany,0.483607,NEGATIVE
12,Federal-gov,7th-8th,12,Divorced,Machine-op-inspct,Not-in-family,Amer-Indian-Eskimo,Male,7500,3375,63,Germany,0.515528,POSITIVE
10,Self-emp-not-inc,Some-college,9,Married-civ-spouse,Craft-repair,Wife,White,Female,2500,3375,40,China,0.475973,NEGATIVE
10,Self-emp-not-inc,Some-college,9,Married-civ-spouse,Craft-repair,Wife,White,Male,2500,3375,40,China,0.507886,POSITIVE
16,Self-emp-not-inc,Some-college,10,Married-civ-spouse,Sales,Own-child,Asian-Pac-Islander,Female,2500,3593,41,Cambodia,0.473690,NEGATIVE
16,Self-emp-not-inc,Some-college,10,Married-civ-spouse,Sales,Own-child,Asian-Pac-Islander,Male,2500,3593,41,Cambodia,0.505598,POSITIVE
10,Self-emp-not-inc,12th,9,Married-civ-spouse,Craft-repair,Wife,White,Female,2500,3375,28,United-States,0.468711,NEGATIVE
10,Self-emp-not-inc,12th,9,Married-civ-spouse,Craft-repair,Wife,White,Male,2500,3375,28,United-States,0.500603,POSITIVE
10,Self-emp-not-inc,Some-college,9,Married-civ-spouse,Craft-repair,Wife,White,Female,2500,3375,27,Outlying-US(Guam-USVI-etc),0.473889,NEGATIVE
10,Self-emp-not-inc,Some-college,9,Married-civ-spouse,Craft-repair,Wife,White,Male,2500,3375,27,Outlying-US(Guam-USVI-etc),0.505797,POSITIVE
10,Private,7th-8th,9,Married-civ-spouse,Tech-support,Wife,White,Female,2500,2286,39,United-States,0.488731,NEGATIVE
10,Private,7th-8th,9,Married-civ-spouse,Tech-support,Wife,White,Male,2500,2286,39,United-States,0.520650,POSITIVE
22,Self-emp-not-inc,Some-college,1,Married-civ-spouse,Craft-repair,Wife,White,Female,2500,3375,78,China,0.470348,NEGATIVE
22,Self-emp-not-inc,Some-college,1,Married-civ-spouse,Craft-repair,Wife,White,Male,2500,3375,78,China,0.502245,POSITIVE
29,Self-emp-inc,11th,3,Married-civ-spouse,Exec-managerial,Own-child,Asian-Pac-Islander,Female,2500,3593,83,Cambodia,0.481790,NEGATIVE
29,Self-emp-inc,11th,3,Married-civ-spouse,Exec-managerial,Own-child,Asian-Pac-Islander,Male,2500,3593,83,Cambodia,0.513711,POSITIVE
23,Self-emp-inc,1st-4th,3,Married-civ-spouse,Prof-specialty,Husband,Amer-Indian-Eskimo,Female,2500,3811,85,England,0.469838,NEGATIVE
23,Self-emp-inc,1st-4th,3,Married-civ-spouse,Prof-specialty,Husband,Amer-Indian-Eskimo,Male,2500,3811,85,England,0.501733,POSITIVE
28,Private,Bachelors,1,Married-civ-spouse,Tech-support,Wife,White,Female,2500,3375,64,United-States,0.468780,NEGATIVE
28,Private,Bachelors,1,Married-civ-spouse,Tech-support,Wife,White,Male,2500,3375,64,United-States,0.500671,POSITIVE
23,Self-emp-inc,HS-grad,3,Married-civ-spouse,Prof-specialty,Husband,Amer-Indian-Eskimo,Female,2500,3811,68,England,0.495323,NEGATIVE
23,Self-emp-inc,HS-grad,3,Married-civ-spouse,Prof-specialty,Husband,Amer-Indian-Eskimo,Male,2500,3811,68,England,0.527229,POSITIVE
18,Federal-gov,Prof-school,4,Divorced,Machine-op-inspct,Not-in-family,Amer-Indian-Eskimo,Female,7500,3811,88,Italy,0.495625,NEGATIVE
18,Federal-gov,Prof-school,4,Divorced,Machine-op-inspct,Not-in-family,Amer-Indian-Eskimo,Male,7500,3811,88,Italy,0.527529,POSITIVE
13,Local-gov,Masters,5,Divorced,Farming-fishing,Not-in-family,Other,Female,7500,4029,92,Poland,0.484896,NEGATIVE
13,Local-gov,Masters,5,Divorced,Farming-fishing,Not-in-family,Other,Male,7500,4029,92,Poland,0.516818,POSITIVE
11,Self-emp-inc,Masters,3,Married-civ-spouse,Exec-managerial,Own-child,Asian-Pac-Islander,Female,7500,3593,67,Honduras,0.474241,NEGATIVE
11,Self-emp-inc,Masters,3,Married-civ-spouse,Exec-managerial,Own-child,Asian-Pac-Islander,Male,7500,3593,67,Honduras,0.506150,POSITIVE
20,State-gov,5th-6th,7,Divorced,Protective-serv,Other-relative,Black,Female,7500,4247,97,Canada,0.484367,NEGATIVE
20,State-gov,5th-6th,7,Divorced,Protective-serv,Other-relative,Black,Male,7500,4247,97,Canada,0.516289,POSITIVE
17,Self-emp-inc,Masters,3,Married-civ-spouse,Exec-managerial,Own-child,Asian-Pac-Islander,Female,7500,3593,58,Cambodia,0.469218,NEGATIVE
17,Self-emp-inc,Masters,3,Married-civ-spouse,Exec-managerial,Own-child,Asian-Pac-Islander,Male,7500,3593,58,Cambodia,0.501111,POSITIVE
19,Local-gov,Assoc-acdm,5,Divorced,Farming-fishing,Not-in-family,Other,Female,7500,4029,67,Puerto-Rico,0.489199,NEGATIVE
19,Local-gov,Assoc-acdm,5,Divorced,Farming-fishing,Not-in-family,Other,Male,7500,4029,67,Puerto-Rico,0.521117,POSITIVE
12,Federal-gov,10th,4,Divorced,Machine-op-inspct,Not-in-family,Amer-Indian-Eskimo,Female,7500,3811,63,Japan,0.480805,NEGATIVE
12,Federal-gov,10th,4,Divorced,Machine-op-inspct,Not-in-family,Amer-Indian-Eskimo,Male,7500,3811,63,Japan,0.512725,POSITIVE
14,State-gov,Assoc-voc,7,Divorced,Protective-serv,Other-relative,Black,Female,7500,4247,72,South,0.470447,NEGATIVE
14,State-gov,Assoc-voc,7,Divorced,Protective-serv,Other-relative,Black,Male,7500,4247,72,South,0.502344,POSITIVE
14,Self-emp-inc,Assoc-voc,3,Married-civ-spouse,Prof-specialty,Husband,Amer-Indian-Eskimo,Female,2500,3811,70,Philippines,0.499461,NEGATIVE
14,Self-emp-inc,Assoc-voc,3,Married-civ-spouse,Prof-specialty,Husband,Amer-Indian-Eskimo,Male,2500,3811,70,Philippines,0.531352,POSITIVE
19,State-gov,10th,3,Divorced,Transport-moving,Other-relative,Other,Female,2500,4029,95,Greece,0.483657,NEGATIVE
19,State-gov,10th,3,Divorced,Transport-moving,Other-relative,Other,Male,2500,4029,95,Greece,0.515578,POSITIVE
16,State-gov,12th,2,Married-civ-spouse,Adm-clerical,Not-in-family,Amer-Indian-Eskimo,Female,2500,3811,65,Outlying-US(Guam-USVI-etc),0.485284,NEGATIVE
16,State-gov,12th,2,Married-civ-spouse,Adm-clerical,Not-in-family,Amer-Indian-Eskimo,Male,2500,3811,65,Outlying-US(Guam-USVI-etc),0.517205,POSITIVE
22,Self-emp-not-inc,HS-grad,2,Married-civ-spouse,Sales,Own-child,Asian-Pac-Islander,Female,7500,2504,80,England,0.494439,NEGATIVE
22,Self-emp-not-inc,HS-grad,2,Married-civ-spouse,Sales,Own-child,Asian-Pac-Islander,Male,7500,2504,80,England,0.526346,POSITIVE
22,Local-gov,Bachelors,1,Married-civ-spouse,Tech-support,Wife,White,Female,2500,2286,51,China,0.486414,NEGATIVE
22,Local-gov,Bachelors,1,Married-civ-spouse,Tech-support,Wife,White,Male,2500,2286,51,China,0.610838,POSITIVE
23,Self-emp-not-inc,HS-grad,1,Married-civ-spouse,Sales,Own-child,Asian-Pac-Islander,Female,2500,2504,80,England,0.471678,NEGATIVE
23,Self-emp-not-inc,HS-grad,1,Married-civ-spouse,Sales,Own-child,Asian-Pac-Islander,Male,2500,2504,80,England,0.503580,POSITIVE
16,Self-emp-not-inc,Some-college,2,Married-civ-spouse,Sales,Own-child,Asian-Pac-Islander,Female,7500,2504,80,Cuba,0.487995,NEGATIVE
16,Self-emp-not-inc,Some-college,2,Married-civ-spouse,Sales,Own-child,Asian-Pac-Islander,Male,7500,2504,80,Cuba,0.519915,POSITIVE
11,Self-emp-inc,1st-4th,3,Married-civ-spouse,Prof-specialty,Husband,Amer-Indian-Eskimo,Female,7500,2722,93,Philippines,0.468306,NEGATIVE
11,Self-emp-inc,1st-4th,3,Married-civ-spouse,Prof-specialty,Husband,Amer-Indian-Eskimo,Male,7500,2722,93,Philippines,0.500196,POSITIVE
10,Self-emp-not-inc,Some-college,1,Married-civ-spouse,Craft-repair,Wife,White,Female,7500,2286,53,China,0.495647,NEGATIVE
10,Self-emp-not-inc,Some-college,1,Married-civ-spouse,Craft-repair,Wife,White,Male,7500,2286,53,China,0.527551,POSITIVE
18,Federal-gov,7th-8th,4,Divorced,Machine-op-inspct,Not-in-family,Amer-Indian-Eskimo,Female,7500,2722,88,Germany,0.470191,NEGATIVE
18,Federal-gov,7th-8th,4,Divorced,Machine-op-inspct,Not-in-family,Amer-Indian-Eskimo,Male,7500,2722,88,Germany,0.502088,POSITIVE
16,Self-emp-not-inc,Some-college,2,Married-civ-spouse,Sales,Own-child,Asian-Pac-Islander,Female,7500,2504,55,England,0.475596,NEGATIVE
16,Self-emp-not-inc,Some-college,2,Married-civ-spouse,Sales,Own-child,Asian-Pac-Islander,Male,7500,2504,55,England,0.507508,POSITIVE
11,Self-emp-inc,1st-4th,3,Married-civ-spouse,Prof-specialty,Husband,Amer-Indian-Eskimo,Female,7500,2722,60,England,0.471583,NEGATIVE
11,Self-emp-inc,1st-4th,3,Married-civ-spouse,Prof-specialty,Husband,Amer-Indian-Eskimo,Male,7500,2722,60,England,0.503485,POSITIVE
12,Local-gov,Prof-school,5,Divorced,Adm-clerical,Not-in-family,Amer-Indian-Eskimo,Female,7500,2722,65,Outlying-US(Guam-USVI-etc),0.470416,NEGATIVE
12,Local-gov,Prof-school,5,Divorced,Adm-clerical,Not-in-family,Amer-Indian-Eskimo,Male,7500,2722,65,Outlying-US(Guam-USVI-etc),0.502313,POSITIVE
16,Private,Some-college,5,Married-civ-spouse,Craft-repair,Wife,White,Female,2500,2286,78,Cuba,0.472839,NEGATIVE
16,Private,Some-college,5,Married-civ-spouse,Craft-repair,Wife,White,Male,2500,2286,78,Cuba,0.504744,POSITIVE
13,State-gov,Prof-school,1,Divorced,Exec-managerial,Own-child,Asian-Pac-Islander,Female,2500,2504,83,Honduras,0.493143,NEGATIVE
13,State-gov,Prof-school,1,Divorced,Exec-managerial,Own-child,Asian-Pac-Islander,Male,2500,2504,83,Honduras,0.525054,POSITIVE
14,State-gov,Assoc-voc,2,Married-civ-spouse,Prof-specialty,Husband,Amer-Indian-Eskimo,Female,2500,2722,85,Philippines,0.402292,NEGATIVE
14,State-gov,Assoc-voc,2,Married-civ-spouse,Prof-specialty,Husband,Amer-Indian-Eskimo,Male,2500,2722,85,Philippines,0.558975,POSITIVE
14,Self-emp-not-inc,Assoc-voc,2,Married-civ-spouse,Prof-specialty,Husband,Amer-Indian-Eskimo,Female,2500,2722,85,Philippines,0.486484,NEGATIVE
14,Self-emp-not-inc,Assoc-voc,2,Married-civ-spouse,Prof-specialty,Husband,Amer-Indian-Eskimo,Male,2500,2722,85,Philippines,0.518405,POSITIVE
11,Self-emp-not-inc,Some-college,1,Married-civ-spouse,Craft-repair,Wife,White,Female,2500,2286,53,Cuba,0.360815,NEGATIVE
11,Self-emp-not-inc,Some-college,1,Married-civ-spouse,Craft-repair,Wife,White,Male,2500,2286,53,Cuba,0.515269,POSITIVE
15,Federal-gov,7th-8th,6,Divorced,Machine-op-inspct,Not-in-family,Amer-Indian-Eskimo,Female,2500,2722,75,Germany,0.490615,NEGATIVE
15,Federal-gov,7th-8th,6,Divorced,Machine-op-inspct,Not-in-family,Amer-Indian-Eskimo,Male,2500,2722,75,Germany,0.522531,POSITIVE
14,Self-emp-inc,Assoc-voc,2,Married-civ-spouse,Prof-specialty,Husband,Amer-Indian-Eskimo,Female,2500,2722,60,Canada,0.471673,NEGATIVE
14,Self-emp-inc,Assoc-voc,2,Married-civ-spouse,Prof-specialty,Husband,Amer-Indian-Eskimo,Male,2500,2722,60,Canada,0.503575,POSITIVE
22,Local-gov,Bachelors,5,Married-civ-spouse,Tech-support,Wife,White,Female,2500,3375,1,Italy,0.480298,NEGATIVE
22,Local-gov,Bachelors,5,Married-civ-spouse,Tech-support,Wife,White,Male,2500,3375,1,Italy,0.605001,POSITIVE
22,Private,Bachelors,1,Married-civ-spouse,Tech-support,Wife,White,Female,2500,3375,26,Italy,0.451542,NEGATIVE
22,Private,Bachelors,1,Married-civ-spouse,Tech-support,Wife,White,Male,2500,3375,26,Italy,0.577069,POSITIVE
24,Self-emp-inc,Prof-school,1,Married-civ-spouse,Exec-managerial,Own-child,Asian-Pac-Islander,Female,2500,3593,8,Poland,0.378134,NEGATIVE
24,Self-emp-inc,Prof-school,1,Married-civ-spouse,Exec-managerial,Own-child,Asian-Pac-Islander,Male,2500,3593,8,Poland,0.501930,POSITIVE
16,Self-emp-not-inc,Some-college,1,Married-civ-spouse,Craft-repair,Wife,White,Female,7500,3375,28,United-States,0.474038,NEGATIVE
16,Self-emp-not-inc,Some-college,1,Married-civ-spouse,Craft-repair,Wife,White,Male,7500,3375,28,United-States,0.505947,POSITIVE
10,Self-emp-not-inc,12th,2,Married-civ-spouse,Sales,Own-child,Asian-Pac-Islander,Female,7500,3593,30,England,0.497398,NEGATIVE
10,Self-emp-not-inc,12th,2,Married-civ-spouse,Sales,Own-child,Asian-Pac-Islander,Male,7500,3593,30,England,0.529297,POSITIVE
10,Local-gov,Bachelors,1,Married-civ-spouse,Tech-support,Wife,White,Female,2500,3375,1,China,0.391343,NEGATIVE
10,Local-gov,Bachelors,1,Married-civ-spouse,Tech-support,Wife,White,Male,2500,3375,1,China,0.515876,POSITIVE
10,Private,Bachelors,5,Married-civ-spouse,Tech-support,Wife,White,Female,2500,3375,1,United-States,0.468975,NEGATIVE
10,Private,Bachelors,5,Married-civ-spouse,Tech-support,Wife,White,Male,2500,3375,1,United-States,0.500867,POSITIVE
12,Self-emp-not-inc,HS-grad,1,Married-civ-spouse,Sales,Own-child,Asian-Pac-Islander,Female,2500,3593,30,India,0.478585,NEGATIVE
12,Self-emp-not-inc,HS-grad,1,Married-civ-spouse,Sales,Own-child,Asian-Pac-Islander,Male,2500,3593,30,India,0.510503,POSITIVE
22,Private,Bachelors,1,Married-civ-spouse,Tech-support,Wife,White,Female,2500,2286,1,China,0.453942,NEGATIVE
22,Private,Bachelors,1,Married-civ-spouse,Tech-support,Wife,White,Male,2500,2286,1,China,0.579432,POSITIVE
10,Self-emp-not-inc,Some-college,2,Married-civ-spouse,Sales,Own-child,Asian-Pac-Islander,Female,7500,2504,30,Cambodia,0.476406,NEGATIVE
10,Self-emp-not-inc,Some-college,2,Married-civ-spouse,Sales,Own-child,Asian-Pac-Islander,Male,7500,2504,30,Cambodia,0.508320,POSITIVE
10,Private,Bachelors,1,Married-civ-spouse,Tech-support,Wife,White,Female,2500,2286,1,China,0.439798,NEGATIVE
10,Private,Bachelors,1,Married-civ-spouse,Tech-support,Wife,White,Male,2500,2286,1,China,0.565426,POSITIVE
11,Private,Some-college,1,Divorced,Craft-repair,Wife,White,Female,2500,2286,28,Cambodia,0.485712,NEGATIVE
11,Private,Some-college,1,Divorced,Craft-repair,Wife,White,Male,2500,2286,28,Cambodia,0.517633,POSITIVE
33,Local-gov,Bachelors,1,Married-civ-spouse,Tech-support,Wife,White,Female,12500,108,51,El-Salvador,0.474626,NEGATIVE
33,Local-gov,Bachelors,1,Married-civ-spouse,Tech-support,Wife,White,Male,12500,108,51,El-Salvador,0.599555,POSITIVE
33,Private,Bachelors,1,Married-civ-spouse,Tech-support,Wife,White,Female,12500,108,1,El-Salvador,0.442264,NEGATIVE
33,Private,Bachelors,1,Married-civ-spouse,Tech-support,Wife,White,Male,12500,108,1,El-Salvador,0.567882,POSITIVE
33,Local-gov,Bachelors,13,Separated,Tech-support,Wife,White,Female,2500,1197,1,Portugal,0.442684,NEGATIVE
33,Local-gov,Bachelors,13,Separated,Tech-support,Wife,White,Male,2500,1197,1,Portugal,0.519926,POSITIVE
33,Local-gov,Bachelors,13,Never-married,Tech-support,Wife,White,Female,2500,1197,51,El-Salvador,0.486521,NEGATIVE
33,Local-gov,Bachelors,13,Never-married,Tech-support,Wife,White,Male,2500,1197,51,El-Salvador,0.610941,POSITIVE
33,Local-gov,Bachelors,15,Never-married,Tech-support,Wife,White,Female,2500,1197,1,El-Salvador,0.422725,NEGATIVE
33,Local-gov,Bachelors,15,Never-married,Tech-support,Wife,White,Male,2500,1197,1,El-Salvador,0.548249,POSITIVE
33,Private,Bachelors,13,Never-married,Tech-support,Wife,White,Female,2500,1197,1,El-Salvador,0.454049,NEGATIVE
33,Private,Bachelors,13,Never-married,Tech-support,Wife,White,Male,2500,1197,1,El-Salvador,0.579537,POSITIVE
37,Self-emp-not-inc,HS-grad,13,Separated,Sales,Own-child,Asian-Pac-Islander,Female,2500,326,20,Laos,0.441951,NEGATIVE
37,Self-emp-not-inc,HS-grad,13,Separated,Sales,Own-child,Asian-Pac-Islander,Male,2500,326,20,Laos,0.516305,POSITIVE
35,Local-gov,Some-college,13,Never-married,Craft-repair,Wife,White,Female,2500,108,5,Nicaragua,0.388358,NEGATIVE
35,Local-gov,Some-college,13,Never-married,Craft-repair,Wife,White,Male,2500,108,5,Nicaragua,0.512741,POSITIVE
35,Local-gov,Some-college,11,Separated,Craft-repair,Wife,White,Female,2500,1197,55,Nicaragua,0.470652,NEGATIVE
35,Local-gov,Some-college,11,Separated,Craft-repair,Wife,White,Male,2500,1197,55,Nicaragua,0.613274,POSITIVE
45,Local-gov,Bachelors,9,Separated,Tech-support,Wife,White,Female,2500,1197,51,Guatemala,0.463899,NEGATIVE
45,Local-gov,Bachelors,9,Separated,Tech-support,Wife,White,Male,2500,1197,51,Guatemala,0.530785,POSITIVE
33,Local-gov,Bachelors,11,Separated,Tech-support,Wife,White,Female,2500,1197,51,Portugal,0.446323,NEGATIVE
33,Local-gov,Bachelors,11,Separated,Tech-support,Wife,White,Male,2500,1197,51,Portugal,0.537833,POSITIVE
44,State-gov,7th-8th,9,Separated,Machine-op-inspct,Not-in-family,Amer-Indian-Eskimo,Female,2500,1633,75,Ecuador,0.440730,NEGATIVE
44,State-gov,7th-8th,9,Separated,Machine-op-inspct,Not-in-family,Amer-Indian-Eskimo,Male,2500,1633,75,Ecuador,0.510272,POSITIVE
48,State-gov,Masters,11,Separated,Farming-fishing,Not-in-family,Other,Female,2500,1851,35,Trinadad&Tobago,0.454894,NEGATIVE
48,State-gov,Masters,11,Separated,Farming-fishing,Not-in-family,Other,Male,2500,1851,35,Trinadad&Tobago,0.541753,POSITIVE
48,State-gov,Masters,11,Separated,Farming-fishing,Not-in-family,Other,Female,2500,1851,35,Taiwan,0.456228,NEGATIVE
48,State-gov,Masters,11,Separated,Farming-fishing,Not-in-family,Other,Male,2500,1851,35,Taiwan,0.585822,POSITIVE
35,Private,Some-college,9,Separated,Craft-repair,Wife,White,Female,2500,1197,10,France,0.449690,NEGATIVE
35,Private,Some-college,9,Separated,Craft-repair,Wife,White,Male,2500,1197,10,France,0.554291,POSITIVE
33,Local-gov,Bachelors,9,Never-married,Tech-support,Wife,White,Female,2500,1197,51,Guatemala,0.411074,NEGATIVE
33,Local-gov,Bachelors,9,Never-married,Tech-support,Wife,White,Male,2500,1197,51,Guatemala,0.536353,POSITIVE
48,State-gov,Masters,11,Never-married,Farming-fishing,Not-in-family,Other,Female,2500,1851,35,Thailand,0.495512,NEGATIVE
48,State-gov,Masters,11,Never-married,Farming-fishing,Not-in-family,Other,Male,2500,1851,35,Thailand,0.619457,POSITIVE
33,Private,Bachelors,9,Never-married,Tech-support,Wife,White,Female,2500,1197,1,Guatemala,0.379912,NEGATIVE
33,Private,Bachelors,9,Never-married,Tech-support,Wife,White,Male,2500,1197,1,Guatemala,0.503819,POSITIVE
46,Self-emp-inc,12th,10,Separated,Adm-clerical,Not-in-family,Amer-Indian-Eskimo,Female,2500,544,80,Nicaragua,0.448070,NEGATIVE
46,Self-emp-inc,12th,10,Separated,Adm-clerical,Not-in-family,Amer-Indian-Eskimo,Male,2500,544,80,Nicaragua,0.546387,POSITIVE
53,Federal-gov,Doctorate,11,Separated,Protective-serv,Other-relative,Black,Female,2500,980,45,Hong,0.450831,NEGATIVE
53,Federal-gov,Doctorate,11,Separated,Protective-serv,Other-relative,Black,Male,2500,980,45,Hong,0.505439,POSITIVE
52,Self-emp-inc,10th,11,Separated,Transport-moving,Other-relative,Other,Female,2500,762,40,Haiti,0.442783,NEGATIVE
52,Self-emp-inc,10th,11,Separated,Transport-moving,Other-relative,Other,Male,2500,762,40,Haiti,0.520411,POSITIVE
39,State-gov,Prof-school,9,Never-married,Exec-managerial,Own-child,Asian-Pac-Islander,Female,2500,326,30,Taiwan,0.450333,NEGATIVE
39,State-gov,Prof-school,9,Never-married,Exec-managerial,Own-child,Asian-Pac-Islander,Male,2500,326,30,Taiwan,0.537179,POSITIVE
33,Private,Bachelors,9,Never-married,Tech-support,Wife,White,Female,2500,108,51,Guatemala,0.460126,NEGATIVE
33,Private,Bachelors,9,Never-married,Tech-support,Wife,White,Male,2500,108,51,Guatemala,0.585492,POSITIVE
50,Self-emp-inc,10th,11,Never-married,Transport-moving,Other-relative,Other,Female,2500,762,40,El-Salvador,0.465534,NEGATIVE
50,Self-emp-inc,10th,11,Never-married,Transport-moving,Other-relative,Other,Male,2500,762,40,El-Salvador,0.590761,POSITIVE
41,State-gov,Assoc-voc,6,Separated,Prof-specialty,Husband,Amer-Indian-Eskimo,Female,7500,544,40,Columbia,0.456167,NEGATIVE
41,State-gov,Assoc-voc,6,Separated,Prof-specialty,Husband,Amer-Indian-Eskimo,Male,7500,544,40,Columbia,0.585531,POSITIVE
33,Private,Bachelors,5,Separated,Tech-support,Wife,White,Female,7500,108,1,Guatemala,0.475543,NEGATIVE
33,Private,Bachelors,5,Separated,Tech-support,Wife,White,Male,7500,108,1,Guatemala,0.617917,POSITIVE
38,State-gov,7th-8th,1,Separated,Machine-op-inspct,Not-in-family,Amer-Indian-Eskimo,Female,7500,1633,75,El-Salvador,0.466159,NEGATIVE
38,State-gov,7th-8th,1,Separated,Machine-op-inspct,Not-in-family,Amer-Indian-Eskimo,Male,7500,1633,75,El-Salvador,0.549635,POSITIVE
35,Local-gov,HS-grad,1,Separated,Sales,Own-child,Asian-Pac-Islander,Female,7500,1415,60,France,0.455593,NEGATIVE
35,Local-gov,HS-grad,1,Separated,Sales,Own-child,Asian-Pac-Islander,Male,7500,1415,60,France,0.582788,POSITIVE
44,State-gov,7th-8th,2,Separated,Machine-op-inspct,Not-in-family,Amer-Indian-Eskimo,Female,7500,1633,25,Guatemala,0.456270,NEGATIVE
44,State-gov,7th-8th,2,Separated,Machine-op-inspct,Not-in-family,Amer-Indian-Eskimo,Male,7500,1633,25,Guatemala,0.586021,POSITIVE
39,State-gov,Prof-school,1,Never-married,Exec-managerial,Own-child,Asian-Pac-Islander,Female,7500,1415,15,Thailand,0.380282,NEGATIVE
39,State-gov,Prof-school,1,Never-married,Exec-managerial,Own-child,Asian-Pac-Islander,Male,7500,1415,15,Thailand,0.504211,POSITIVE
33,Private,Bachelors,1,Never-married,Tech-support,Wife,White,Female,7500,1197,51,El-Salvador,0.482635,NEGATIVE
33,Private,Bachelors,1,Never-married,Tech-support,Wife,White,Male,7500,1197,51,El-Salvador,0.607236,POSITIVE
33,Private,Bachelors,3,Never-married,Tech-support,Wife,White,Female,7500,1197,1,El-Salvador,0.418932,NEGATIVE
33,Private,Bachelors,3,Never-married,Tech-support,Wife,White,Male,7500,1197,1,El-Salvador,0.544392,POSITIVE
52,Without-pay,Doctorate,3,Separated,Protective-serv,Other-relative,Black,Female,7500,980,90,Peru,0.439412,NEGATIVE
52,Without-pay,Doctorate,3,Separated,Protective-serv,Other-relative,Black,Male,7500,980,90,Peru,0.503750,POSITIVE
33,Private,Bachelors,3,Separated,Tech-support,Wife,White,Female,7500,108,51,Guatemala,0.493493,NEGATIVE
33,Private,Bachelors,3,Separated,Tech-support,Wife,White,Male,7500,108,51,Guatemala,0.634737,POSITIVE
46,Self-emp-inc,12th,1,Separated,Adm-clerical,Not-in-family,Amer-Indian-Eskimo,Female,7500,544,80,El-Salvador,0.448465,NEGATIVE
46,Self-emp-inc,12th,1,Separated,Adm-clerical,Not-in-family,Amer-Indian-Eskimo,Male,7500,544,80,El-Salvador,0.548318,POSITIVE
39,Self-emp-not-inc,Prof-school,1,Separated,Exec-managerial,Own-child,Asian-Pac-Islander,Female,7500,326,65,Dominican-Republic,0.440758,NEGATIVE
39,Self-emp-not-inc,Prof-school,1,Separated,Exec-managerial,Own-child,Asian-Pac-Islander,Male,7500,326,65,Dominican-Republic,0.510413,POSITIVE
46,Self-emp-inc,12th,3,Separated,Adm-clerical,Not-in-family,Amer-Indian-Eskimo,Female,7500,544,30,El-Salvador,0.491296,NEGATIVE
46,Self-emp-inc,12th,3,Separated,Adm-clerical,Not-in-family,Amer-Indian-Eskimo,Male,7500,544,30,El-Salvador,0.530461,POSITIVE
48,Self-emp-inc,Masters,3,Separated,Farming-fishing,Not-in-family,Other,Female,7500,762,35,Taiwan,0.439249,NEGATIVE
48,Self-emp-inc,Masters,3,Separated,Farming-fishing,Not-in-family,Other,Male,7500,762,35,Taiwan,0.502944,POSITIVE
33,Local-gov,Bachelors,1,Never-married,Tech-support,Wife,White,Female,7500,108,51,Guatemala,0.399647,NEGATIVE
33,Local-gov,Bachelors,1,Never-married,Tech-support,Wife,White,Male,7500,108,51,Guatemala,0.519317,POSITIVE
37,Local-gov,HS-grad,1,Never-married,Sales,Own-child,Asian-Pac-Islander,Female,7500,326,10,Laos,0.473490,NEGATIVE
37,Local-gov,HS-grad,1,Never-married,Sales,Own-child,Asian-Pac-Islander,Male,7500,326,10,Laos,0.560250,POSITIVE
35,Private,Some-college,1,Never-married,Craft-repair,Wife,White,Female,7500,108,5,Nicaragua,0.379528,NEGATIVE
35,Private,Some-college,1,Never-married,Craft-repair,Wife,White,Male,7500,108,5,Nicaragua,0.503412,POSITIVE
40,Self-emp-inc,Masters,7,Separated,Farming-fishing,Not-in-family,Other,Female,2500,1851,85,Trinadad&Tobago,0.463462,NEGATIVE
40,Self-emp-inc,Masters,7,Separated,Farming-fishing,Not-in-family,Other,Male,2500,1851,85,Trinadad&Tobago,0.529593,POSITIVE
52,Federal-gov,Doctorate,5,Separated,Protective-serv,Other-relative,Black,Female,2500,2069,95,Hong,0.493122,NEGATIVE
52,Federal-gov,Doctorate,5,Separated,Protective-serv,Other-relative,Black,Male,2500,2069,95,Hong,0.579520,POSITIVE
37,Self-emp-not-inc,HS-grad,7,Separated,Sales,Own-child,Asian-Pac-Islander,Female,2500,1415,60,France,0.445407,NEGATIVE
37,Self-emp-not-inc,HS-grad,7,Separated,Sales,Own-child,Asian-Pac-Islander,Male,2500,1415,60,France,0.533336,POSITIVE
52,Federal-gov,Doctorate,5,Separated,Protective-serv,Other-relative,Black,Female,2500,2069,95,Columbia,0.459905,NEGATIVE
52,Federal-gov,Doctorate,5,Separated,Protective-serv,Other-relative,Black,Male,2500,2069,95,Columbia,0.602980,POSITIVE
52,Federal-gov,Doctorate,7,Separated,Protective-serv,Other-relative,Black,Female,2500,2069,45,Hong,0.457584,NEGATIVE
52,Federal-gov,Doctorate,7,Separated,Protective-serv,Other-relative,Black,Male,2500,2069,45,Hong,0.577903,POSITIVE
52,Federal-gov,Doctorate,7,Separated,Protective-serv,Other-relative,Black,Female,2500,2069,45,Columbia,0.456193,NEGATIVE
52,Federal-gov,Doctorate,7,Separated,Protective-serv,Other-relative,Black,Male,2500,2069,45,Columbia,0.585652,POSITIVE
39,Self-emp-inc,Prof-school,5,Never-married,Exec-managerial,Own-child,Asian-Pac-Islander,Female,2500,1415,30,Taiwan,0.496943,NEGATIVE
39,Self-emp-inc,Prof-school,5,Never-married,Exec-managerial,Own-child,Asian-Pac-Islander,Male,2500,1415,30,Taiwan,0.620806,POSITIVE
46,State-gov,12th,7,Never-married,Adm-clerical,Not-in-family,Amer-Indian-Eskimo,Female,2500,544,80,Ecuador,0.460199,NEGATIVE
46,State-gov,12th,7,Never-married,Adm-clerical,Not-in-family,Amer-Indian-Eskimo,Male,2500,544,80,Ecuador,0.529468,POSITIVE
41,Self-emp-not-inc,Assoc-voc,6,Never-married,Prof-specialty,Husband,Amer-Indian-Eskimo,Female,2500,544,40,Columbia,0.387634,NEGATIVE
41,Self-emp-not-inc,Assoc-voc,6,Never-married,Prof-specialty,Husband,Amer-Indian-Eskimo,Male,2500,544,40,Columbia,0.506744,POSITIVE
48,State-gov,Masters,3,Never-married,Farming-fishing,Not-in-family,Other,Female,2500,1851,85,Taiwan,0.434944,NEGATIVE
48,State-gov,Masters,3,Never-married,Farming-fishing,Not-in-family,Other,Male,2500,1851,85,Taiwan,0.555405,POSITIVE
37,Self-emp-not-inc,HS-grad,1,Never-married,Sales,Own-child,Asian-Pac-Islander,Female,2500,1415,60,Laos,0.407005,NEGATIVE
37,Self-emp-not-inc,HS-grad,1,Never-married,Sales,Own-child,Asian-Pac-Islander,Male,2500,1415,60,Laos,0.526945,POSITIVE
52,Federal-gov,Doctorate,3,Never-married,Protective-serv,Other-relative,Black,Female,2500,2069,45,Columbia,0.381785,NEGATIVE
52,Federal-gov,Doctorate,3,Never-married,Protective-serv,Other-relative,Black,Male,2500,2069,45,Columbia,0.505804,POSITIVE
51,Self-emp-inc,Masters,3,Never-married,Farming-fishing,Not-in-family,Other,Female,2500,762,85,Taiwan,0.418182,NEGATIVE
51,Self-emp-inc,Masters,3,Never-married,Farming-fishing,Not-in-family,Other,Male,2500,762,85,Taiwan,0.504519,POSITIVE
33,Local-gov,Bachelors,13,Married-civ-spouse,Tech-support,Wife,White,Female,7500,108,1,El-Salvador,0.446106,NEGATIVE
33,Local-gov,Bachelors,13,Married-civ-spouse,Tech-support,Wife,White,Male,7500,108,1,El-Salvador,0.571697,POSITIVE
35,Self-emp-not-inc,Some-college,9,Married-civ-spouse,Craft-repair,Wife,White,Female,7500,326,10,El-Salvador,0.391622,NEGATIVE
35,Self-emp-not-inc,Some-college,9,Married-civ-spouse,Craft-repair,Wife,White,Male,7500,326,10,El-Salvador,0.516168,POSITIVE
35,Local-gov,Some-college,9,Married-civ-spouse,Craft-repair,Wife,White,Female,7500,326,5,Guatemala,0.464310,NEGATIVE
35,Local-gov,Some-college,9,Married-civ-spouse,Craft-repair,Wife,White,Male,7500,326,5,Guatemala,0.589571,POSITIVE
39,Self-emp-inc,Prof-school,13,Married-civ-spouse,Exec-managerial,Own-child,Asian-Pac-Islander,Female,2500,1415,30,Thailand,0.390018,NEGATIVE
39,Self-emp-inc,Prof-school,13,Married-civ-spouse,Exec-managerial,Own-child,Asian-Pac-Islander,Male,2500,1415,30,Thailand,0.514486,POSITIVE
46,Local-gov,12th,14,Divorced,Adm-clerical,Not-in-family,Amer-Indian-Eskimo,Female,2500,544,60,El-Salvador,0.378072,NEGATIVE
46,Local-gov,12th,14,Divorced,Adm-clerical,Not-in-family,Amer-Indian-Eskimo,Male,2500,544,60,El-Salvador,0.501864,POSITIVE
35,Local-gov,Some-college,13,Married-civ-spouse,Craft-repair,Wife,White,Female,2500,1197,5,Ecuador,0.390484,NEGATIVE
35,Local-gov,Some-college,13,Married-civ-spouse,Craft-repair,Wife,White,Male,2500,1197,5,Ecuador,0.514975,POSITIVE
33,Local-gov,Bachelors,13,Divorced,Tech-support,Wife,White,Female,2500,108,1,Ecuador,0.402305,NEGATIVE
33,Local-gov,Bachelors,13,Divorced,Tech-support,Wife,White,Male,2500,108,1,Ecuador,0.527304,POSITIVE
35,Self-emp-not-inc,Some-college,13,Married-civ-spouse,Craft-repair,Wife,White,Female,2500,108,10,Ecuador,0.416835,NEGATIVE
35,Self-emp-not-inc,Some-college,13,Married-civ-spouse,Craft-repair,Wife,White,Male,2500,108,10,Ecuador,0.542253,POSITIVE
33,Local-gov,Bachelors,13,Married-civ-spouse,Tech-support,Wife,White,Female,2500,108,1,Portugal,0.438572,NEGATIVE
33,Local-gov,Bachelors,13,Married-civ-spouse,Tech-support,Wife,White,Male,2500,108,1,Portugal,0.564202,POSITIVE
44,Federal-gov,7th-8th,10,Divorced,Machine-op-inspct,Not-in-family,Amer-Indian-Eskimo,Female,2500,1633,75,El-Salvador,0.376671,NEGATIVE
44,Federal-gov,7th-8th,10,Divorced,Machine-op-inspct,Not-in-family,Amer-Indian-Eskimo,Male,2500,1633,75,El-Salvador,0.500374,POSITIVE
52,Without-pay,Doctorate,11,Divorced,Protective-serv,Other-relative,Black,Female,2500,2069,45,Yugoslavia,0.391636,NEGATIVE
52,Without-pay,Doctorate,11,Divorced,Protective-serv,Other-relative,Black,Male,2500,2069,45,Yugoslavia,0.516183,POSITIVE
46,Self-emp-inc,12th,10,Divorced,Adm-clerical,Not-in-family,Amer-Indian-Eskimo,Female,2500,1633,30,Scotland,0.401134,NEGATIVE
46,Self-emp-inc,12th,10,Divorced,Adm-clerical,Not-in-family,Amer-Indian-Eskimo,Male,2500,1633,30,Scotland,0.526089,POSITIVE
52,State-gov,Doctorate,11,Married-civ-spouse,Protective-serv,Other-relative,Black,Female,2500,2069,95,Yugoslavia,0.387235,NEGATIVE
52,State-gov,Doctorate,11,Married-civ-spouse,Protective-serv,Other-relative,Black,Male,2500,2069,95,Yugoslavia,0.511560,POSITIVE
33,Private,Bachelors,9,Married-civ-spouse,Tech-support,Wife,White,Female,2500,1197,1,Portugal,0.452122,NEGATIVE
33,Private,Bachelors,9,Married-civ-spouse,Tech-support,Wife,White,Male,2500,1197,1,Portugal,0.577641,POSITIVE
37,Self-emp-not-inc,HS-grad,9,Divorced,Sales,Own-child,Asian-Pac-Islander,Female,2500,326,20,Laos,0.476000,NEGATIVE
37,Self-emp-not-inc,HS-grad,9,Divorced,Sales,Own-child,Asian-Pac-Islander,Male,2500,326,20,Laos,0.600878,POSITIVE
52,Federal-gov,Doctorate,11,Married-civ-spouse,Protective-serv,Other-relative,Black,Female,2500,980,95,Yugoslavia,0.385116,NEGATIVE
52,Federal-gov,Doctorate,11,Married-civ-spouse,Protective-serv,Other-relative,Black,Male,2500,980,95,Yugoslavia,0.509325,POSITIVE
41,Self-emp-inc,Assoc-voc,10,Married-civ-spouse,Prof-specialty,Husband,Amer-Indian-Eskimo,Female,2500,544,40,Laos,0.389670,NEGATIVE
41,Self-emp-inc,Assoc-voc,10,Married-civ-spouse,Prof-specialty,Husband,Amer-Indian-Eskimo,Male,2500,544,40,Laos,0.514120,POSITIVE
44,Federal-gov,7th-8th,6,Divorced,Machine-op-inspct,Not-in-family,Amer-Indian-Eskimo,Female,7500,1197,50,Peru,0.411174,NEGATIVE
44,Federal-gov,7th-8th,6,Divorced,Machine-op-inspct,Not-in-family,Amer-Indian-Eskimo,Male,7500,1197,50,Peru,0.536456,POSITIVE
37,Self-emp-not-inc,HS-grad,5,Married-civ-spouse,Sales,Own-child,Asian-Pac-Islander,Female,7500,544,20,Nicaragua,0.412402,NEGATIVE
37,Self-emp-not-inc,HS-grad,5,Married-civ-spouse,Sales,Own-child,Asian-Pac-Islander,Male,7500,544,20,Nicaragua,0.537716,POSITIVE
35,Local-gov,Some-college,5,Married-civ-spouse,Craft-repair,Wife,White,Female,7500,326,5,Ecuador,0.389694,NEGATIVE
35,Local-gov,Some-college,5,Married-civ-spouse,Craft-repair,Wife,White,Male,7500,326,5,Ecuador,0.514145,POSITIVE
50,State-gov,10th,3,Divorced,Transport-moving,Other-relative,Other,Female,7500,1851,80,Peru,0.425721,NEGATIVE
50,State-gov,10th,3,Divorced,Transport-moving,Other-relative,Other,Male,7500,1851,80,Peru,0.551285,POSITIVE
35,Self-emp-not-inc,Some-college,1,Married-civ-spouse,Craft-repair,Wife,White,Female,7500,1197,10,Ecuador,0.389884,NEGATIVE
35,Self-emp-not-inc,Some-college,1,Married-civ-spouse,Craft-repair,Wife,White,Male,7500,1197,10,Ecuador,0.514345,POSITIVE
33,Local-gov,Bachelors,1,Married-civ-spouse,Tech-support,Wife,White,Female,7500,1197,1,Portugal,0.386461,NEGATIVE
33,Local-gov,Bachelors,1,Married-civ-spouse,Tech-support,Wife,White,Male,7500,1197,1,Portugal,0.510744,POSITIVE
46,Local-gov,12th,2,Divorced,Adm-clerical,Not-in-family,Amer-Indian-Eskimo,Female,7500,544,60,Nicaragua,0.493480,NEGATIVE
46,Local-gov,12th,2,Divorced,Adm-clerical,Not-in-family,Amer-Indian-Eskimo,Male,7500,544,60,Nicaragua,0.617539,POSITIVE
33,Private,Bachelors,1,Married-civ-spouse,Tech-support,Wife,White,Female,7500,108,1,Portugal,0.434744,NEGATIVE
33,Private,Bachelors,1,Married-civ-spouse,Tech-support,Wife,White,Male,7500,108,1,Portugal,0.560372,POSITIVE
35,Local-gov,Some-college,5,Divorced,Craft-repair,Wife,White,Female,2500,1197,55,Ireland,0.395165,NEGATIVE
35,Local-gov,Some-college,5,Divorced,Craft-repair,Wife,White,Male,2500,1197,55,Ireland,0.519875,POSITIVE
39,Self-emp-not-inc,Prof-school,5,Divorced,Exec-managerial,Own-child,Asian-Pac-Islander,Female,2500,1415,65,Taiwan,0.463096,NEGATIVE
39,Self-emp-not-inc,Prof-school,5,Divorced,Exec-managerial,Own-child,Asian-Pac-Islander,Male,2500,1415,65,Taiwan,0.588390,POSITIVE
39,Self-emp-not-inc,Prof-school,5,Divorced,Exec-managerial,Own-child,Asian-Pac-Islander,Female,2500,1415,15,Dominican-Republic,0.391686,NEGATIVE
39,Self-emp-not-inc,Prof-school,5,Divorced,Exec-managerial,Own-child,Asian-Pac-Islander,Male,2500,1415,15,Dominican-Republic,0.516236,POSITIVE
50,Self-emp-inc,10th,7,Married-civ-spouse,Transport-moving,Other-relative,Other,Female,2500,1851,90,Columbia,0.410053,NEGATIVE
50,Self-emp-inc,10th,7,Married-civ-spouse,Transport-moving,Other-relative,Other,Male,2500,1851,90,Columbia,0.535303,POSITIVE
46,Local-gov,12th,6,Married-civ-spouse,Adm-clerical,Not-in-family,Amer-Indian-Eskimo,Female,2500,1633,60,France,0.413724,NEGATIVE
46,Local-gov,12th,6,Married-civ-spouse,Adm-clerical,Not-in-family,Amer-Indian-Eskimo,Male,2500,1633,60,France,0.539071,POSITIVE
50,Without-pay,10th,7,Divorced,Transport-moving,Other-relative,Other,Female,2500,762,90,Haiti,0.386338,NEGATIVE
50,Without-pay,10th,7,Divorced,Transport-moving,Other-relative,Other,Male,2500,762,90,Haiti,0.510615,POSITIVE
33,Private,Bachelors,5,Divorced,Tech-support,Wife,White,Female,2500,108,51,Portugal,0.421523,NEGATIVE
33,Private,Bachelors,5,Divorced,Tech-support,Wife,White,Male,2500,108,51,Portugal,0.547029,POSITIVE
52,Without-pay,Doctorate,7,Married-civ-spouse,Protective-serv,Other-relative,Black,Female,2500,980,95,Laos,0.415473,NEGATIVE
52,Without-pay,Doctorate,7,Married-civ-spouse,Protective-serv,Other-relative,Black,Male,2500,980,95,Laos,0.540862,POSITIVE
48,Self-emp-inc,Masters,7,Married-civ-spouse,Farming-fishing,Not-in-family,Other,Female,2500,762,70,Dominican-Republic,0.415626,NEGATIVE
48,Self-emp-inc,Masters,7,Married-civ-spouse,Farming-fishing,Not-in-family,Other,Male,2500,762,70,Dominican-Republic,0.541017,POSITIVE
33,Private,Bachelors,3,Divorced,Tech-support,Wife,White,Female,2500,1197,51,Portugal,0.403973,NEGATIVE
33,Private,Bachelors,3,Divorced,Tech-support,Wife,White,Male,2500,1197,51,Portugal,0.529032,POSITIVE
52,Federal-gov,Doctorate,3,Married-civ-spouse,Protective-serv,Other-relative,Black,Female,2500,2069,95,Laos,0.381679,NEGATIVE
52,Federal-gov,Doctorate,3,Married-civ-spouse,Protective-serv,Other-relative,Black,Male,2500,2069,95,Laos,0.505691,POSITIVE
35,Self-emp-not-inc,Some-college,13,Separated,Craft-repair,Wife,White,Female,2500,108,10,England,0.450159,NEGATIVE
35,Self-emp-not-inc,Some-college,13,Separated,Craft-repair,Wife,White,Male,2500,108,10,England,0.556574,POSITIVE
39,State-gov,Prof-school,9,Separated,Exec-managerial,Own-child,Asian-Pac-Islander,Female,2500,1415,65,Outlying-US(Guam-USVI-etc),0.497738,NEGATIVE
39,State-gov,Prof-school,9,Separated,Exec-managerial,Own-child,Asian-Pac-Islander,Male,2500,1415,65,Outlying-US(Guam-USVI-etc),0.638664,POSITIVE
48,State-gov,Assoc-voc,10,Separated,Prof-specialty,Husband,Amer-Indian-Eskimo,Female,2500,1633,20,Japan,0.447804,NEGATIVE
48,State-gov,Assoc-voc,10,Separated,Prof-specialty,Husband,Amer-Indian-Eskimo,Male,2500,1633,20,Japan,0.545089,POSITIVE
42,Without-pay,Doctorate,11,Separated,Protective-serv,Other-relative,Black,Female,2500,2069,45,Jamaica,0.449151,NEGATIVE
42,Without-pay,Doctorate,11,Separated,Protective-serv,Other-relative,Black,Male,2500,2069,45,Jamaica,0.551664,POSITIVE
34,Private,Some-college,9,Separated,Craft-repair,Wife,White,Female,2500,1197,5,England,0.466475,NEGATIVE
34,Private,Some-college,9,Separated,Craft-repair,Wife,White,Male,2500,1197,5,England,0.609288,POSITIVE
52,Without-pay,10th,11,Separated,Transport-moving,Other-relative,Other,Female,2500,980,90,Italy,0.457226,NEGATIVE
52,Without-pay,10th,11,Separated,Transport-moving,Other-relative,Other,Male,2500,980,90,Italy,0.590572,POSITIVE
44,Self-emp-inc,7th-8th,10,Separated,Machine-op-inspct,Not-in-family,Amer-Indian-Eskimo,Female,2500,544,75,South,0.449881,NEGATIVE
44,Self-emp-inc,7th-8th,10,Separated,Machine-op-inspct,Not-in-family,Amer-Indian-Eskimo,Male,2500,544,75,South,0.555219,POSITIVE
53,Federal-gov,Doctorate,11,Separated,Protective-serv,Other-relative,Black,Female,2500,980,45,Jamaica,0.460166,NEGATIVE
53,Federal-gov,Doctorate,11,Separated,Protective-serv,Other-relative,Black,Male,2500,980,45,Jamaica,0.603232,POSITIVE
33,Private,Bachelors,11,Separated,Tech-support,Wife,White,Female,2500,762,1,United-States,0.476246,NEGATIVE
33,Private,Bachelors,11,Separated,Tech-support,Wife,White,Male,2500,762,1,United-States,0.618582,POSITIVE
33,Local-gov,Bachelors,9,Never-married,Tech-support,Wife,White,Female,2500,108,51,United-States,0.452636,NEGATIVE
33,Local-gov,Bachelors,9,Never-married,Tech-support,Wife,White,Male,2500,108,51,United-States,0.568580,POSITIVE
41,State-gov,Assoc-voc,10,Never-married,Prof-specialty,Husband,Amer-Indian-Eskimo,Female,2500,544,20,Philippines,0.458744,NEGATIVE
41,State-gov,Assoc-voc,10,Never-married,Prof-specialty,Husband,Amer-Indian-Eskimo,Male,2500,544,20,Philippines,0.597763,POSITIVE
45,Local-gov,Bachelors,9,Never-married,Tech-support,Wife,White,Female,2500,108,1,United-States,0.482765,NEGATIVE
45,Local-gov,Bachelors,9,Never-married,Tech-support,Wife,White,Male,2500,108,1,United-States,0.624725,POSITIVE
38,State-gov,7th-8th,10,Never-married,Machine-op-inspct,Not-in-family,Amer-Indian-Eskimo,Female,2500,544,25,Germany,0.443899,NEGATIVE
38,State-gov,7th-8th,10,Never-married,Machine-op-inspct,Not-in-family,Amer-Indian-Eskimo,Male,2500,544,25,Germany,0.525918,POSITIVE
45,Private,Bachelors,5,Separated,Tech-support,Wife,White,Female,2500,1197,51,United-States,0.450184,NEGATIVE
45,Private,Bachelors,5,Separated,Tech-support,Wife,White,Male,2500,1197,51,United-States,0.556694,POSITIVE
47,Self-emp-inc,Prof-school,1,Never-married,Exec-managerial,Own-child,Asian-Pac-Islander,Female,2500,1415,65,Outlying-US(Guam-USVI-etc),0.459785,NEGATIVE
47,Self-emp-inc,Prof-school,1,Never-married,Exec-managerial,Own-child,Asian-Pac-Islander,Male,2500,1415,65,Outlying-US(Guam-USVI-etc),0.602669,POSITIVE
34,Local-gov,Some-college,1,Separated,Craft-repair,Wife,White,Female,7500,1197,55,England,0.486436,NEGATIVE
34,Local-gov,Some-college,1,Separated,Craft-repair,Wife,White,Male,7500,1197,55,England,0.628165,POSITIVE
41,Self-emp-inc,10th,7,Separated,Transport-moving,Other-relative,Other,Female,2500,1851,90,Jamaica,0.456080,NEGATIVE
41,Self-emp-inc,10th,7,Separated,Transport-moving,Other-relative,Other,Male,2500,1851,90,Jamaica,0.585116,POSITIVE
33,Local-gov,Bachelors,5,Never-married,Tech-support,Wife,White,Female,2500,1197,51,China,0.450744,NEGATIVE
33,Local-gov,Bachelors,5,Never-married,Tech-support,Wife,White,Male,2500,1197,51,China,0.559417,POSITIVE
35,Self-emp-not-inc,HS-grad,1,Never-married,Sales,Own-child,Asian-Pac-Islander,Female,2500,1415,60,Iran,0.450551,NEGATIVE
35,Self-emp-not-inc,HS-grad,1,Never-married,Sales,Own-child,Asian-Pac-Islander,Male,2500,1415,60,Iran,0.558481,POSITIVE
40,Local-gov,Masters,7,Separated,Farming-fishing,Not-in-family,Other,Female,2500,1851,85,India,0.446015,NEGATIVE
40,Local-gov,Masters,7,Separated,Farming-fishing,Not-in-family,Other,Male,2500,1851,85,India,0.536323,POSITIVE
34,Self-emp-not-inc,Some-college,1,Never-married,Craft-repair,Wife,White,Female,2500,1197,78,Cambodia,0.454632,NEGATIVE
34,Self-emp-not-inc,Some-college,1,Never-married,Craft-repair,Wife,White,Male,2500,1197,78,Cambodia,0.578187,POSITIVE
35,Self-emp-not-inc,HS-grad,1,Never-married,Sales,Own-child,Asian-Pac-Islander,Female,2500,1415,55,England,0.456848,NEGATIVE
35,Self-emp-not-inc,HS-grad,1,Never-married,Sales,Own-child,Asian-Pac-Islander,Male,2500,1415,55,England,0.588774,POSITIVE
35,Local-gov,Some-college,5,Separated,Craft-repair,Wife,White,Female,7500,108,55,England,0.459609,NEGATIVE
35,Local-gov,Some-college,5,Separated,Craft-repair,Wife,White,Male,7500,108,55,England,0.601843,POSITIVE
44,Federal-gov,7th-8th,2,Separated,Machine-op-inspct,Not-in-family,Amer-Indian-Eskimo,Female,7500,544,75,South,0.453387,NEGATIVE
44,Federal-gov,7th-8th,2,Separated,Machine-op-inspct,Not-in-family,Amer-Indian-Eskimo,Male,7500,544,75,South,0.572199,POSITIVE
45,Private,Some-college,7,Separated,Craft-repair,Wife,White,Female,2500,762,55,England,0.469827,NEGATIVE
45,Private,Some-college,7,Separated,Craft-repair,Wife,White,Male,2500,762,55,England,0.612488,POSITIVE
39,Self-emp-inc,Prof-school,5,Never-married,Exec-managerial,Own-child,Asian-Pac-Islander,Female,2500,326,65,Outlying-US(Guam-USVI-etc),0.458584,NEGATIVE
39,Self-emp-inc,Prof-school,5,Never-married,Exec-managerial,Own-child,Asian-Pac-Islander,Male,2500,326,65,Outlying-US(Guam-USVI-etc),0.597009,POSITIVE
51,Self-emp-inc,Masters,3,Never-married,Farming-fishing,Not-in-family,Other,Female,2500,762,85,Poland,0.441177,NEGATIVE
51,Self-emp-inc,Masters,3,Never-married,Farming-fishing,Not-in-family,Other,Male,2500,762,85,Poland,0.512481,POSITIVE
52,Federal-gov,Doctorate,3,Never-married,Protective-serv,Other-relative,Black,Female,2500,980,95,Greece,0.442421,NEGATIVE
52,Federal-gov,Doctorate,3,Never-married,Protective-serv,Other-relative,Black,Male,2500,980,95,Greece,0.518629,POSITIVE
45,Local-gov,Some-college,5,Separated,Craft-repair,Wife,White,Female,7500,108,5,England,0.448495,NEGATIVE
45,Local-gov,Some-college,5,Separated,Craft-repair,Wife,White,Male,7500,108,5,England,0.548466,POSITIVE
40,State-gov,Masters,7,Separated,Farming-fishing,Not-in-family,Other,Female,7500,762,35,Honduras,0.456014,NEGATIVE
40,State-gov,Masters,7,Separated,Farming-fishing,Not-in-family,Other,Male,7500,762,35,Honduras,0.584802,POSITIVE
41,Self-emp-inc,10th,5,Separated,Transport-moving,Other-relative,Other,Female,7500,544,40,Italy,0.499794,NEGATIVE
41,Self-emp-inc,10th,5,Separated,Transport-moving,Other-relative,Other,Male,7500,544,40,Italy,0.640560,POSITIVE
41,State-gov,Assoc-voc,2,Separated,Prof-specialty,Husband,Amer-Indian-Eskimo,Female,7500,1633,20,Japan,0.449288,NEGATIVE
41,State-gov,Assoc-voc,2,Separated,Prof-specialty,Husband,Amer-Indian-Eskimo,Male,7500,1633,20,Japan,0.552333,POSITIVE
45,Local-gov,Some-college,3,Separated,Craft-repair,Wife,White,Female,7500,762,5,England,0.458637,NEGATIVE
45,Local-gov,Some-college,3,Separated,Craft-repair,Wife,White,Male,7500,762,5,England,0.597259,POSITIVE
48,Self-emp-not-inc,Assoc-voc,2,Separated,Prof-specialty,Husband,Amer-Indian-Eskimo,Female,7500,544,20,Japan,0.457955,NEGATIVE
48,Self-emp-not-inc,Assoc-voc,2,Separated,Prof-specialty,Husband,Amer-Indian-Eskimo,Male,7500,544,20,Japan,0.594033,POSITIVE
41,Self-emp-inc,10th,3,Separated,Transport-moving,Other-relative,Other,Female,7500,980,40,Italy,0.454009,NEGATIVE
41,Self-emp-inc,10th,3,Separated,Transport-moving,Other-relative,Other,Male,7500,980,40,Italy,0.575195,POSITIVE
38,State-gov,7th-8th,1,Never-married,Machine-op-inspct,Not-in-family,Amer-Indian-Eskimo,Female,7500,544,25,Italy,0.448804,NEGATIVE
38,State-gov,7th-8th,1,Never-married,Machine-op-inspct,Not-in-family,Amer-Indian-Eskimo,Male,7500,544,25,Italy,0.549975,POSITIVE
35,Local-gov,HS-grad,1,Never-married,Sales,Own-child,Asian-Pac-Islander,Female,7500,326,10,England,0.457746,NEGATIVE
35,Local-gov,HS-grad,1,Never-married,Sales,Own-child,Asian-Pac-Islander,Male,7500,326,10,England,0.593041,POSITIVE
52,Federal-gov,Doctorate,7,Separated,Protective-serv,Other-relative,Black,Female,2500,2069,45,Jamaica,0.478474,NEGATIVE
52,Federal-gov,Doctorate,7,Separated,Protective-serv,Other-relative,Black,Male,2500,2069,45,Jamaica,0.620687,POSITIVE
39,State-gov,Prof-school,5,Never-married,Exec-managerial,Own-child,Asian-Pac-Islander,Female,2500,1415,15,Outlying-US(Guam-USVI-etc),0.442343,NEGATIVE
39,State-gov,Prof-school,5,Never-married,Exec-managerial,Own-child,Asian-Pac-Islander,Male,2500,1415,15,Outlying-US(Guam-USVI-etc),0.518244,POSITIVE
46,Self-emp-inc,12th,6,Never-married,Adm-clerical,Not-in-family,Amer-Indian-Eskimo,Female,2500,544,30,Italy,0.482474,NEGATIVE
46,Self-emp-inc,12th,6,Never-married,Adm-clerical,Not-in-family,Amer-Indian-Eskimo,Male,2500,544,30,Italy,0.624453,POSITIVE
46,Self-emp-not-inc,HS-grad,5,Never-married,Sales,Own-child,Asian-Pac-Islander,Female,2500,326,10,England,0.460487,NEGATIVE
46,Self-emp-not-inc,HS-grad,5,Never-married,Sales,Own-child,Asian-Pac-Islander,Male,2500,326,10,England,0.603541,POSITIVE
42,Federal-gov,Doctorate,7,Never-married,Protective-serv,Other-relative,Black,Female,2500,980,45,Greece,0.477526,NEGATIVE
42,Federal-gov,Doctorate,7,Never-married,Protective-serv,Other-relative,Black,Male,2500,980,45,Greece,0.619791,POSITIVE
53,Without-pay,Doctorate,3,Never-married,Protective-serv,Other-relative,Black,Female,2500,2069,45,Greece,0.443393,NEGATIVE
53,Without-pay,Doctorate,3,Never-married,Protective-serv,Other-relative,Black,Male,2500,2069,45,Greece,0.523424,POSITIVE
44,Self-emp-inc,7th-8th,2,Never-married,Machine-op-inspct,Not-in-family,Amer-Indian-Eskimo,Female,2500,1633,25,South,0.451364,NEGATIVE
44,Self-emp-inc,7th-8th,2,Never-married,Machine-op-inspct,Not-in-family,Amer-Indian-Eskimo,Male,2500,1633,25,South,0.562422,POSITIVE
35,Local-gov,Some-college,9,Married-civ-spouse,Craft-repair,Wife,White,Female,2500,108,5,Italy,0.414868,NEGATIVE
35,Local-gov,Some-college,9,Married-civ-spouse,Craft-repair,Wife,White,Male,2500,108,5,Italy,0.540243,POSITIVE
45,Local-gov,Bachelors,5,Married-civ-spouse,Tech-support,Wife,White,Female,2500,1197,51,Italy,0.423096,NEGATIVE
45,Local-gov,Bachelors,5,Married-civ-spouse,Tech-support,Wife,White,Male,2500,1197,51,Italy,0.548625,POSITIVE
48,Self-emp-inc,Assoc-voc,2,Married-civ-spouse,Prof-specialty,Husband,Amer-Indian-Eskimo,Female,2500,1633,70,Jamaica,0.386357,NEGATIVE
48,Self-emp-inc,Assoc-voc,2,Married-civ-spouse,Prof-specialty,Husband,Amer-Indian-Eskimo,Male,2500,1633,70,Jamaica,0.510635,POSITIVE
45,Local-gov,Some-college,1,Married-civ-spouse,Craft-repair,Wife,White,Female,2500,1197,55,China,0.398261,NEGATIVE
45,Local-gov,Some-college,1,Married-civ-spouse,Craft-repair,Wife,White,Male,2500,1197,55,China,0.523104,POSITIVE
33,Local-gov,Bachelors,5,Married-civ-spouse,Tech-support,Wife,White,Female,2500,1197,51,Italy,0.409193,NEGATIVE
33,Local-gov,Bachelors,5,Married-civ-spouse,Tech-support,Wife,White,Male,2500,1197,51,Italy,0.534419,POSITIVE
38,Federal-gov,7th-8th,2,Married-civ-spouse,Machine-op-inspct,Not-in-family,Amer-Indian-Eskimo,Female,2500,1633,75,Jamaica,0.400928,NEGATIVE
38,Federal-gov,7th-8th,2,Married-civ-spouse,Machine-op-inspct,Not-in-family,Amer-Indian-Eskimo,Male,2500,1633,75,Jamaica,0.525876,POSITIVE
34,Local-gov,Some-college,1,Married-civ-spouse,Craft-repair,Wife,White,Female,2500,1197,55,China,0.384743,NEGATIVE
34,Local-gov,Some-college,1,Married-civ-spouse,Craft-repair,Wife,White,Male,2500,1197,55,China,0.508932,POSITIVE
33,Private,Bachelors,5,Married-civ-spouse,Tech-support,Wife,White,Female,2500,108,51,Italy,0.458194,NEGATIVE
33,Private,Bachelors,5,Married-civ-spouse,Tech-support,Wife,White,Male,2500,108,51,Italy,0.583603,POSITIVE
41,State-gov,Assoc-voc,2,Divorced,Prof-specialty,Husband,Amer-Indian-Eskimo,Female,2500,544,70,Japan,0.457981,NEGATIVE
41,State-gov,Assoc-voc,2,Divorced,Prof-specialty,Husband,Amer-Indian-Eskimo,Male,2500,544,70,Japan,0.594155,POSITIVE
52,State-gov,Doctorate,3,Married-civ-spouse,Protective-serv,Other-relative,Black,Female,2500,980,95,Jamaica,0.454645,NEGATIVE
52,State-gov,Doctorate,3,Married-civ-spouse,Protective-serv,Other-relative,Black,Male,2500,980,95,Jamaica,0.580123,POSITIVE
33,Private,Bachelors,5,Married-civ-spouse,Tech-support,Wife,White,Female,2500,1197,1,Italy,0.378081,NEGATIVE
33,Private,Bachelors,5,Married-civ-spouse,Tech-support,Wife,White,Male,2500,1197,1,Italy,0.501874,POSITIVE
33,Local-gov,Bachelors,5,Married-civ-spouse,Tech-support,Wife,White,Female,2500,1197,1,China,0.453347,NEGATIVE
33,Local-gov,Bachelors,5,Married-civ-spouse,Tech-support,Wife,White,Male,2500,1197,1,China,0.578846,POSITIVE
34,Local-gov,Some-college,5,Divorced,Craft-repair,Wife,White,Female,2500,108,5,Cuba,0.418725,NEGATIVE
34,Local-gov,Some-college,5,Divorced,Craft-repair,Wife,White,Male,2500,108,5,Cuba,0.505076,POSITIVE
34,Local-gov,Some-college,5,Divorced,Craft-repair,Wife,White,Female,2500,108,5,Cambodia,0.447819,NEGATIVE
34,Local-gov,Some-college,5,Divorced,Craft-repair,Wife,White,Male,2500,108,5,Cambodia,0.545160,POSITIVE
41,State-gov,Assoc-voc,6,Married-civ-spouse,Prof-specialty,Husband,Amer-Indian-Eskimo,Female,2500,544,20,Philippines,0.378501,NEGATIVE
41,State-gov,Assoc-voc,6,Married-civ-spouse,Prof-specialty,Husband,Amer-Indian-Eskimo,Male,2500,544,20,Philippines,0.502320,POSITIVE
41,Self-emp-not-inc,Assoc-voc,6,Married-civ-spouse,Prof-specialty,Husband,Amer-Indian-Eskimo,Female,2500,544,20,Jamaica,0.396269,NEGATIVE
41,Self-emp-not-inc,Assoc-voc,6,Married-civ-spouse,Prof-specialty,Husband,Amer-Indian-Eskimo,Male,2500,544,20,Jamaica,0.521028,POSITIVE
33,Local-gov,Bachelors,1,Divorced,Tech-support,Wife,White,Female,2500,1197,1,United-States,0.454121,NEGATIVE
33,Local-gov,Bachelors,1,Divorced,Tech-support,Wife,White,Male,2500,1197,1,United-States,0.575732,POSITIVE
50,State-gov,10th,3,Married-civ-spouse,Transport-moving,Other-relative,Other,Female,2500,1851,40,Italy,0.436439,NEGATIVE
50,State-gov,10th,3,Married-civ-spouse,Transport-moving,Other-relative,Other,Male,2500,1851,40,Italy,0.562071,POSITIVE
50,State-gov,10th,3,Divorced,Transport-moving,Other-relative,Other,Female,2500,762,40,Italy,0.474829,NEGATIVE
50,State-gov,10th,3,Divorced,Transport-moving,Other-relative,Other,Male,2500,762,40,Italy,0.599751,POSITIVE
10,Local-gov,Bachelors,1,Separated,Tech-support,Wife,White,Female,12500,108,51,Guatemala,0.446162,NEGATIVE
10,Local-gov,Bachelors,1,Separated,Tech-support,Wife,White,Male,12500,108,51,Guatemala,0.537042,POSITIVE
10,Local-gov,Bachelors,3,Separated,Tech-support,Wife,White,Female,12500,108,1,Guatemala,0.442523,NEGATIVE
10,Local-gov,Bachelors,3,Separated,Tech-support,Wife,White,Male,12500,108,1,Guatemala,0.519130,POSITIVE
22,Local-gov,Bachelors,1,Separated,Tech-support,Wife,White,Female,12500,108,1,Guatemala,0.458025,NEGATIVE
22,Local-gov,Bachelors,1,Separated,Tech-support,Wife,White,Male,12500,108,1,Guatemala,0.594362,POSITIVE
16,State-gov,12th,1,Separated,Adm-clerical,Not-in-family,Amer-Indian-Eskimo,Female,12500,980,30,El-Salvador,0.467973,NEGATIVE
16,State-gov,12th,1,Separated,Adm-clerical,Not-in-family,Amer-Indian-Eskimo,Male,12500,980,30,El-Salvador,0.610721,POSITIVE
16,State-gov,Prof-school,1,Separated,Exec-managerial,Own-child,Asian-Pac-Islander,Female,12500,326,15,Dominican-Republic,0.443728,NEGATIVE
16,State-gov,Prof-school,1,Separated,Exec-managerial,Own-child,Asian-Pac-Islander,Male,12500,326,15,Dominican-Republic,0.525075,POSITIVE
22,Local-gov,Bachelors,1,Married-civ-spouse,Tech-support,Wife,White,Female,12500,108,51,El-Salvador,0.461565,NEGATIVE
22,Local-gov,Bachelors,1,Married-civ-spouse,Tech-support,Wife,White,Male,12500,108,51,El-Salvador,0.586897,POSITIVE
10,Local-gov,Bachelors,1,Married-civ-spouse,Tech-support,Wife,White,Female,12500,108,51,El-Salvador,0.447378,NEGATIVE
10,Local-gov,Bachelors,1,Married-civ-spouse,Tech-support,Wife,White,Male,12500,108,51,El-Salvador,0.572957,POSITIVE
10,Private,Bachelors,1,Married-civ-spouse,Tech-support,Wife,White,Female,12500,108,1,El-Salvador,0.415405,NEGATIVE
10,Private,Bachelors,1,Married-civ-spouse,Tech-support,Wife,White,Male,12500,108,1,El-Salvador,0.540792,POSITIVE
10,Local-gov,Bachelors,1,Married-civ-spouse,Tech-support,Wife,White,Female,12500,108,1,Guatemala,0.492220,NEGATIVE
10,Local-gov,Bachelors,1,Married-civ-spouse,Tech-support,Wife,White,Male,12500,108,1,Guatemala,0.616347,POSITIVE
10,Self-emp-not-inc,Some-college,9,Never-married,Craft-repair,Wife,White,Female,12500,108,78,United-States,0.470189,NEGATIVE
10,Self-emp-not-inc,Some-college,9,Never-married,Craft-repair,Wife,White,Male,12500,108,78,United-States,0.502085,POSITIVE
10,Self-emp-not-inc,Some-college,10,Never-married,Sales,Own-child,Asian-Pac-Islander,Female,12500,1415,66,Cambodia,0.489111,NEGATIVE
10,Self-emp-not-inc,Some-college,10,Never-married,Sales,Own-child,Asian-Pac-Islander,Male,12500,1415,66,Cambodia,0.521029,POSITIVE
22,Private,Bachelors,1,Never-married,Tech-support,Wife,White,Female,12500,1197,89,United-States,0.499904,NEGATIVE
22,Private,Bachelors,1,Never-married,Tech-support,Wife,White,Male,12500,1197,89,United-States,0.531793,POSITIVE
13,Self-emp-inc,Prof-school,5,Never-married,Exec-managerial,Own-child,Asian-Pac-Islander,Female,12500,1415,83,Puerto-Rico,0.482481,NEGATIVE
13,Self-emp-inc,Prof-school,5,Never-married,Exec-managerial,Own-child,Asian-Pac-Islander,Male,12500,1415,83,Puerto-Rico,0.514402,POSITIVE
11,State-gov,Assoc-voc,2,Never-married,Prof-specialty,Husband,Amer-Indian-Eskimo,Female,12500,1633,85,Canada,0.479565,NEGATIVE
11,State-gov,Assoc-voc,2,Never-married,Prof-specialty,Husband,Amer-Indian-Eskimo,Male,12500,1633,85,Canada,0.511484,POSITIVE
12,Self-emp-inc,7th-8th,2,Separated,Machine-op-inspct,Not-in-family,Amer-Indian-Eskimo,Female,12500,1633,88,Germany,0.488128,NEGATIVE
12,Self-emp-inc,7th-8th,2,Separated,Machine-op-inspct,Not-in-family,Amer-Indian-Eskimo,Male,12500,1633,88,Germany,0.520047,POSITIVE
10,Local-gov,Bachelors,1,Never-married,Tech-support,Wife,White,Female,12500,1197,51,United-States,0.496577,NEGATIVE
10,Local-gov,Bachelors,1,Never-married,Tech-support,Wife,White,Male,12500,1197,51,United-States,0.528478,POSITIVE
10,Private,Some-college,1,Never-married,Craft-repair,Wife,White,Female,12500,1197,53,Cambodia,0.485692,NEGATIVE
10,Private,Some-college,1,Never-married,Craft-repair,Wife,White,Male,12500,1197,53,Cambodia,0.517613,POSITIVE
11,Self-emp-not-inc,Some-college,5,Never-married,Craft-repair,Wife,White,Female,12500,108,78,Cambodia,0.488115,NEGATIVE
11,Self-emp-not-inc,Some-college,5,Never-married,Craft-repair,Wife,White,Male,12500,108,78,Cambodia,0.520034,POSITIVE
10,Self-emp-not-inc,HS-grad,1,Never-married,Sales,Own-child,Asian-Pac-Islander,Female,12500,326,80,England,0.499551,NEGATIVE
10,Self-emp-not-inc,HS-grad,1,Never-married,Sales,Own-child,Asian-Pac-Islander,Male,12500,326,80,England,0.531442,POSITIVE
27,State-gov,12th,1,Separated,Adm-clerical,Not-in-family,Black,Female,12500,326,30,Cuba,0.442588,NEGATIVE
27,State-gov,12th,1,Separated,Adm-clerical,Not-in-family,Black,Male,12500,326,30,Cuba,0.519450,POSITIVE
12,Local-gov,HS-grad,1,Separated,Sales,Own-child,Asian-Pac-Islander,Female,12500,326,30,Iran,0.451600,NEGATIVE
12,Local-gov,HS-grad,1,Separated,Sales,Own-child,Asian-Pac-Islander,Male,12500,326,30,Iran,0.563571,POSITIVE
10,Local-gov,HS-grad,1,Separated,Sales,Own-child,Asian-Pac-Islander,Female,12500,326,30,England,0.456711,NEGATIVE
10,Local-gov,HS-grad,1,Separated,Sales,Own-child,Asian-Pac-Islander,Male,12500,326,30,England,0.588122,POSITIVE
15,State-gov,7th-8th,2,Separated,Machine-op-inspct,Not-in-family,Amer-Indian-Eskimo,Female,12500,544,13,South,0.450536,NEGATIVE
15,State-gov,7th-8th,2,Separated,Machine-op-inspct,Not-in-family,Amer-Indian-Eskimo,Male,12500,544,13,South,0.558409,POSITIVE
22,Self-emp-not-inc,Some-college,2,Married-civ-spouse,Craft-repair,Wife,White,Female,12500,1197,90,United-States,0.491630,NEGATIVE
22,Self-emp-not-inc,Some-college,2,Married-civ-spouse,Craft-repair,Wife,White,Male,12500,1197,90,United-States,0.523544,POSITIVE
16,Private,Bachelors,1,Married-civ-spouse,Tech-support,Wife,White,Female,12500,1197,89,China,0.485121,NEGATIVE
16,Private,Bachelors,1,Married-civ-spouse,Tech-support,Wife,White,Male,12500,1197,89,China,0.517042,POSITIVE
10,Self-emp-not-inc,12th,2,Married-civ-spouse,Craft-repair,Wife,White,Female,12500,1197,90,China,0.487247,NEGATIVE
10,Self-emp-not-inc,12th,2,Married-civ-spouse,Craft-repair,Wife,White,Male,12500,1197,90,China,0.519167,POSITIVE
11,Self-emp-inc,11th,5,Married-civ-spouse,Exec-managerial,Own-child,Asian-Pac-Islander,Female,12500,1415,92,Honduras,0.481570,NEGATIVE
11,Self-emp-inc,11th,5,Married-civ-spouse,Exec-managerial,Own-child,Asian-Pac-Islander,Male,12500,1415,92,Honduras,0.513491,POSITIVE
10,Self-emp-not-inc,Some-college,3,Married-civ-spouse,Sales,Own-child,Asian-Pac-Islander,Female,12500,1415,78,Cuba,0.497647,NEGATIVE
10,Self-emp-not-inc,Some-college,3,Married-civ-spouse,Sales,Own-child,Asian-Pac-Islander,Male,12500,1415,78,Cuba,0.529545,POSITIVE
16,Self-emp-not-inc,HS-grad,3,Married-civ-spouse,Sales,Own-child,Asian-Pac-Islander,Female,12500,1415,80,England,0.499341,NEGATIVE
16,Self-emp-not-inc,HS-grad,3,Married-civ-spouse,Sales,Own-child,Asian-Pac-Islander,Male,12500,1415,80,England,0.531232,POSITIVE
16,Self-emp-not-inc,Some-college,3,Married-civ-spouse,Sales,Own-child,Asian-Pac-Islander,Female,12500,326,91,Cambodia,0.490792,NEGATIVE
16,Self-emp-not-inc,Some-college,3,Married-civ-spouse,Sales,Own-child,Asian-Pac-Islander,Male,12500,326,91,Cambodia,0.522708,POSITIVE
10,Self-emp-not-inc,12th,2,Married-civ-spouse,Craft-repair,Wife,White,Female,12500,1197,77,Outlying-US(Guam-USVI-etc),0.485159,NEGATIVE
10,Self-emp-not-inc,12th,2,Married-civ-spouse,Craft-repair,Wife,White,Male,12500,1197,77,Outlying-US(Guam-USVI-etc),0.517080,POSITIVE
13,Self-emp-not-inc,12th,3,Married-civ-spouse,Sales,Own-child,Asian-Pac-Islander,Female,12500,1415,78,Cambodia,0.483000,NEGATIVE
13,Self-emp-not-inc,12th,3,Married-civ-spouse,Sales,Own-child,Asian-Pac-Islander,Male,12500,1415,78,Cambodia,0.514921,POSITIVE
12,Local-gov,Prof-school,9,Divorced,Adm-clerical,Not-in-family,Amer-Indian-Eskimo,Female,12500,1633,90,Outlying-US(Guam-USVI-etc),0.495517,NEGATIVE
12,Local-gov,Prof-school,9,Divorced,Adm-clerical,Not-in-family,Amer-Indian-Eskimo,Male,12500,1633,90,Outlying-US(Guam-USVI-etc),0.527422,POSITIVE
13,Self-emp-not-inc,12th,2,Married-civ-spouse,Craft-repair,Wife,White,Female,12500,108,90,United-States,0.487207,NEGATIVE
13,Self-emp-not-inc,12th,2,Married-civ-spouse,Craft-repair,Wife,White,Male,12500,108,90,United-States,0.519127,POSITIVE
11,Self-emp-inc,11th,5,Married-civ-spouse,Exec-managerial,Own-child,Asian-Pac-Islander,Female,12500,326,83,Puerto-Rico,0.468344,NEGATIVE
11,Self-emp-inc,11th,5,Married-civ-spouse,Exec-managerial,Own-child,Asian-Pac-Islander,Male,12500,326,83,Puerto-Rico,0.500233,POSITIVE
10,Self-emp-not-inc,Some-college,3,Married-civ-spouse,Sales,Own-child,Asian-Pac-Islander,Female,12500,1415,55,England,0.480489,NEGATIVE
10,Self-emp-not-inc,Some-college,3,Married-civ-spouse,Sales,Own-child,Asian-Pac-Islander,Male,12500,1415,55,England,0.512409,POSITIVE
22,Local-gov,Bachelors,13,Separated,Tech-support,Wife,White,Female,2500,1197,51,Portugal,0.449944,NEGATIVE
22,Local-gov,Bachelors,13,Separated,Tech-support,Wife,White,Male,2500,1197,51,Portugal,0.555530,POSITIVE
30,State-gov,Doctorate,11,Separated,Protective-serv,Other-relative,Black,Female,2500,2069,95,Peru,0.457960,NEGATIVE
30,State-gov,Doctorate,11,Separated,Protective-serv,Other-relative,Black,Male,2500,2069,95,Peru,0.594054,POSITIVE
16,State-gov,12th,14,Separated,Adm-clerical,Not-in-family,Amer-Indian-Eskimo,Female,2500,1633,80,El-Salvador,0.446715,NEGATIVE
16,State-gov,12th,14,Separated,Adm-clerical,Not-in-family,Amer-Indian-Eskimo,Male,2500,1633,80,El-Salvador,0.539756,POSITIVE
19,Federal-gov,Doctorate,11,Separated,Protective-serv,Other-relative,Black,Female,2500,2069,95,Hong,0.446645,NEGATIVE
19,Federal-gov,Doctorate,11,Separated,Protective-serv,Other-relative,Black,Male,2500,2069,95,Hong,0.539413,POSITIVE
11,Local-gov,Some-college,9,Never-married,Craft-repair,Wife,White,Female,2500,1197,55,Nicaragua,0.425038,NEGATIVE
11,Local-gov,Some-college,9,Never-married,Craft-repair,Wife,White,Male,2500,1197,55,Nicaragua,0.545404,POSITIVE
14,State-gov,Assoc-voc,14,Separated,Prof-specialty,Husband,Amer-Indian-Eskimo,Female,2500,1633,85,Laos,0.453903,NEGATIVE
14,State-gov,Assoc-voc,14,Separated,Prof-specialty,Husband,Amer-Indian-Eskimo,Male,2500,1633,85,Laos,0.574685,POSITIVE
12,Local-gov,HS-grad,9,Never-married,Sales,Own-child,Asian-Pac-Islander,Female,2500,1415,80,France,0.460448,NEGATIVE
12,Local-gov,HS-grad,9,Never-married,Sales,Own-child,Asian-Pac-Islander,Male,2500,1415,80,France,0.603503,POSITIVE
18,Self-emp-inc,10th,11,Separated,Transport-moving,Other-relative,Other,Female,2500,1851,95,Haiti,0.440008,NEGATIVE
18,Self-emp-inc,10th,11,Separated,Transport-moving,Other-relative,Other,Male,2500,1851,95,Haiti,0.506701,POSITIVE
15,Federal-gov,7th-8th,10,Separated,Machine-op-inspct,Not-in-family,Amer-Indian-Eskimo,Female,2500,1633,63,Ecuador,0.439392,NEGATIVE
15,Federal-gov,7th-8th,10,Separated,Machine-op-inspct,Not-in-family,Amer-Indian-Eskimo,Male,2500,1633,63,Ecuador,0.503653,POSITIVE
27,Federal-gov,7th-8th,12,Separated,Machine-op-inspct,Not-in-family,Amer-Indian-Eskimo,Female,2500,544,75,Guatemala,0.460973,NEGATIVE
27,Federal-gov,7th-8th,12,Separated,Machine-op-inspct,Not-in-family,Amer-Indian-Eskimo,Male,2500,544,75,Guatemala,0.604009,POSITIVE
17,State-gov,Masters,9,Separated,Farming-fishing,Not-in-family,Other,Female,7500,762,85,Trinadad&Tobago,0.451459,NEGATIVE
17,State-gov,Masters,9,Separated,Farming-fishing,Not-in-family,Other,Male,7500,762,85,Trinadad&Tobago,0.562883,POSITIVE
14,State-gov,Assoc-voc,10,Separated,Prof-specialty,Husband,Amer-Indian-Eskimo,Female,7500,544,60,Laos,0.457592,NEGATIVE
14,State-gov,Assoc-voc,10,Separated,Prof-specialty,Husband,Amer-Indian-Eskimo,Male,7500,544,60,Laos,0.592311,POSITIVE
15,Federal-gov,7th-8th,14,Separated,Machine-op-inspct,Not-in-family,Amer-Indian-Eskimo,Female,2500,544,75,El-Salvador,0.441142,NEGATIVE
15,Federal-gov,7th-8th,14,Separated,Machine-op-inspct,Not-in-family,Amer-Indian-Eskimo,Male,2500,544,75,El-Salvador,0.512308,POSITIVE
14,Self-emp-not-inc,Assoc-voc,10,Never-married,Prof-specialty,Husband,Amer-Indian-Eskimo,Female,2500,544,70,Yugoslavia,0.461385,NEGATIVE
14,Self-emp-not-inc,Assoc-voc,10,Never-married,Prof-specialty,Husband,Amer-Indian-Eskimo,Male,2500,544,70,Yugoslavia,0.548236,POSITIVE
15,Federal-gov,7th-8th,14,Separated,Machine-op-inspct,Not-in-family,Amer-Indian-Eskimo,Female,2500,544,75,Ecuador,0.495619,NEGATIVE
15,Federal-gov,7th-8th,14,Separated,Machine-op-inspct,Not-in-family,Amer-Indian-Eskimo,Male,2500,544,75,Ecuador,0.636706,POSITIVE
11,Private,Some-college,9,Never-married,Craft-repair,Wife,White,Female,2500,108,78,Ireland,0.450966,NEGATIVE
11,Private,Some-college,9,Never-married,Craft-repair,Wife,White,Male,2500,108,78,Ireland,0.560493,POSITIVE
16,Self-emp-inc,12th,10,Never-married,Adm-clerical,Not-in-family,Amer-Indian-Eskimo,Female,2500,544,65,Ecuador,0.452707,NEGATIVE
16,Self-emp-inc,12th,10,Never-married,Adm-clerical,Not-in-family,Amer-Indian-Eskimo,Male,2500,544,65,Ecuador,0.568923,POSITIVE
23,State-gov,12th,10,Separated,Adm-clerical,Not-in-family,Amer-Indian-Eskimo,Female,7500,544,30,El-Salvador,0.499050,NEGATIVE
23,State-gov,12th,10,Separated,Adm-clerical,Not-in-family,Amer-Indian-Eskimo,Male,7500,544,30,El-Salvador,0.639875,POSITIVE
24,State-gov,Prof-school,9,Separated,Exec-managerial,Own-child,Asian-Pac-Islander,Female,7500,326,15,Dominican-Republic,0.486196,NEGATIVE
24,State-gov,Prof-school,9,Separated,Exec-managerial,Own-child,Asian-Pac-Islander,Male,7500,326,15,Dominican-Republic,0.627940,POSITIVE
18,Without-pay,10th,11,Separated,Transport-moving,Other-relative,Other,Female,7500,762,40,Haiti,0.451626,NEGATIVE
18,Without-pay,10th,11,Separated,Transport-moving,Other-relative,Other,Male,7500,762,40,Haiti,0.563693,POSITIVE
10,Private,Bachelors,9,Separated,Tech-support,Wife,White,Female,7500,108,1,Guatemala,0.451143,NEGATIVE
10,Private,Bachelors,9,Separated,Tech-support,Wife,White,Male,7500,108,1,Guatemala,0.561354,POSITIVE
18,Self-emp-inc,Assoc-voc,14,Separated,Prof-specialty,Husband,Amer-Indian-Eskimo,Female,2500,1633,20,Columbia,0.469595,NEGATIVE
18,Self-emp-inc,Assoc-voc,14,Separated,Prof-specialty,Husband,Amer-Indian-Eskimo,Male,2500,1633,20,Columbia,0.612267,POSITIVE
14,Self-emp-not-inc,HS-grad,13,Never-married,Sales,Own-child,Asian-Pac-Islander,Female,2500,326,10,Laos,0.454895,NEGATIVE
14,Self-emp-not-inc,HS-grad,13,Never-married,Sales,Own-child,Asian-Pac-Islander,Male,2500,326,10,Laos,0.579447,POSITIVE
16,Self-emp-inc,Prof-school,9,Never-married,Exec-managerial,Own-child,Asian-Pac-Islander,Female,2500,1415,15,Taiwan,0.452110,NEGATIVE
16,Self-emp-inc,Prof-school,9,Never-married,Exec-managerial,Own-child,Asian-Pac-Islander,Male,2500,1415,15,Taiwan,0.525589,POSITIVE
25,Self-emp-inc,Masters,11,Never-married,Farming-fishing,Not-in-family,Other,Female,2500,762,35,Thailand,0.494393,NEGATIVE
25,Self-emp-inc,Masters,11,Never-married,Farming-fishing,Not-in-family,Other,Male,2500,762,35,Thailand,0.613445,POSITIVE
29,Without-pay,10th,3,Separated,Transport-moving,Other-relative,Other,Female,7500,1851,90,El-Salvador,0.467464,NEGATIVE
29,Without-pay,10th,3,Separated,Transport-moving,Other-relative,Other,Male,7500,1851,90,El-Salvador,0.610234,POSITIVE
27,Local-gov,12th,6,Never-married,Adm-clerical,Not-in-family,Amer-Indian-Eskimo,Female,2500,1633,80,Nicaragua,0.475888,NEGATIVE
27,Local-gov,12th,6,Never-married,Adm-clerical,Not-in-family,Amer-Indian-Eskimo,Male,2500,1633,80,Nicaragua,0.600769,POSITIVE
30,Federal-gov,Doctorate,3,Never-married,Protective-serv,Other-relative,Black,Female,2500,2069,95,Columbia,0.437317,NEGATIVE
30,Federal-gov,Doctorate,3,Never-married,Protective-serv,Other-relative,Black,Male,2500,2069,95,Columbia,0.523636,POSITIVE
10,Local-gov,Bachelors,5,Separated,Tech-support,Wife,White,Female,7500,1197,76,Guatemala,0.442490,NEGATIVE
10,Local-gov,Bachelors,5,Separated,Tech-support,Wife,White,Male,7500,1197,76,Guatemala,0.518966,POSITIVE
14,State-gov,Assoc-voc,6,Separated,Prof-specialty,Husband,Amer-Indian-Eskimo,Female,7500,1633,60,Yugoslavia,0.458301,NEGATIVE
14,State-gov,Assoc-voc,6,Separated,Prof-specialty,Husband,Amer-Indian-Eskimo,Male,7500,1633,60,Yugoslavia,0.595669,POSITIVE
18,State-gov,10th,3,Separated,Transport-moving,Other-relative,Other,Female,7500,1851,95,Peru,0.461692,NEGATIVE
18,State-gov,10th,3,Separated,Transport-moving,Other-relative,Other,Male,7500,1851,95,Peru,0.604700,POSITIVE
18,Self-emp-inc,10th,3,Separated,Transport-moving,Other-relative,Other,Female,7500,1851,70,Peru,0.444380,NEGATIVE
18,Self-emp-inc,10th,3,Separated,Transport-moving,Other-relative,Other,Male,7500,1851,70,Peru,0.528285,POSITIVE
13,State-gov,Prof-school,5,Separated,Exec-managerial,Own-child,Asian-Pac-Islander,Female,7500,1415,58,Dominican-Republic,0.453105,NEGATIVE
13,State-gov,Prof-school,5,Separated,Exec-managerial,Own-child,Asian-Pac-Islander,Male,7500,1415,58,Dominican-Republic,0.570842,POSITIVE
18,State-gov,10th,3,Separated,Transport-moving,Other-relative,Other,Female,7500,1851,90,Haiti,0.482361,NEGATIVE
18,State-gov,10th,3,Separated,Transport-moving,Other-relative,Other,Male,7500,1851,90,Haiti,0.624347,POSITIVE
16,Self-emp-inc,12th,6,Never-married,Adm-clerical,Not-in-family,Amer-Indian-Eskimo,Female,2500,1633,90,El-Salvador,0.376637,NEGATIVE
16,Self-emp-inc,12th,6,Never-married,Adm-clerical,Not-in-family,Amer-Indian-Eskimo,Male,2500,1633,90,El-Salvador,0.500338,POSITIVE
10,Private,Bachelors,5,Never-married,Tech-support,Wife,White,Female,2500,1197,76,Portugal,0.455539,NEGATIVE
10,Private,Bachelors,5,Never-married,Tech-support,Wife,White,Male,2500,1197,76,Portugal,0.582533,POSITIVE
15,Self-emp-inc,7th-8th,6,Never-married,Machine-op-inspct,Not-in-family,Amer-Indian-Eskimo,Female,2500,1633,63,Ecuador,0.471505,NEGATIVE
15,Self-emp-inc,7th-8th,6,Never-married,Machine-op-inspct,Not-in-family,Amer-Indian-Eskimo,Male,2500,1633,63,Ecuador,0.590849,POSITIVE
28,State-gov,Masters,7,Separated,Farming-fishing,Not-in-family,Other,Female,7500,762,85,Trinadad&Tobago,0.453574,NEGATIVE
28,State-gov,Masters,7,Separated,Farming-fishing,Not-in-family,Other,Male,7500,762,85,Trinadad&Tobago,0.573102,POSITIVE
29,Without-pay,10th,7,Separated,Transport-moving,Other-relative,Other,Female,7500,762,90,Haiti,0.455480,NEGATIVE
29,Without-pay,10th,7,Separated,Transport-moving,Other-relative,Other,Male,7500,762,90,Haiti,0.582247,POSITIVE
25,Self-emp-inc,Assoc-voc,2,Never-married,Prof-specialty,Husband,Amer-Indian-Eskimo,Female,7500,544,70,Columbia,0.445935,NEGATIVE
25,Self-emp-inc,Assoc-voc,2,Never-married,Prof-specialty,Husband,Amer-Indian-Eskimo,Male,7500,544,70,Columbia,0.535929,POSITIVE
10,Private,Bachelors,1,Never-married,Tech-support,Wife,White,Female,7500,108,51,Portugal,0.459230,NEGATIVE
10,Private,Bachelors,1,Never-married,Tech-support,Wife,White,Male,7500,108,51,Portugal,0.600059,POSITIVE
21,State-gov,7th-8th,6,Separated,Machine-op-inspct,Not-in-family,Amer-Indian-Eskimo,Female,7500,1633,25,Guatemala,0.444391,NEGATIVE
21,State-gov,7th-8th,6,Separated,Machine-op-inspct,Not-in-family,Amer-Indian-Eskimo,Male,7500,1633,25,Guatemala,0.528341,POSITIVE
23,Local-gov,12th,6,Separated,Adm-clerical,Not-in-family,Amer-Indian-Eskimo,Female,7500,544,30,Nicaragua,0.443102,NEGATIVE
23,Local-gov,12th,6,Separated,Adm-clerical,Not-in-family,Amer-Indian-Eskimo,Male,7500,544,30,Nicaragua,0.521986,POSITIVE
23,Self-emp-inc,12th,3,Separated,Adm-clerical,Not-in-family,Amer-Indian-Eskimo,Female,7500,1633,30,El-Salvador,0.459638,NEGATIVE
23,Self-emp-inc,12th,3,Separated,Adm-clerical,Not-in-family,Amer-Indian-Eskimo,Male,7500,1633,30,El-Salvador,0.601980,POSITIVE
25,Self-emp-inc,Masters,3,Separated,Farming-fishing,Not-in-family,Other,Female,7500,1851,35,Taiwan,0.454031,NEGATIVE
25,Self-emp-inc,Masters,3,Separated,Farming-fishing,Not-in-family,Other,Male,7500,1851,35,Taiwan,0.575298,POSITIVE
14,Local-gov,HS-grad,1,Never-married,Sales,Own-child,Asian-Pac-Islander,Female,7500,1415,10,Laos,0.498134,NEGATIVE
14,Local-gov,HS-grad,1,Never-married,Sales,Own-child,Asian-Pac-Islander,Male,7500,1415,10,Laos,0.581856,POSITIVE
12,Private,Some-college,1,Never-married,Craft-repair,Wife,White,Female,7500,1197,5,Nicaragua,0.498856,NEGATIVE
12,Private,Some-college,1,Never-married,Craft-repair,Wife,White,Male,7500,1197,5,Nicaragua,0.622605,POSITIVE
27,State-gov,10th,3,Never-married,Transport-moving,Other-relative,Other,Female,7500,762,40,El-Salvador,0.476809,NEGATIVE
27,State-gov,10th,3,Never-married,Transport-moving,Other-relative,Other,Male,7500,762,40,El-Salvador,0.596623,POSITIVE
16,Self-emp-not-inc,Prof-school,7,Never-married,Exec-managerial,Own-child,Asian-Pac-Islander,Female,2500,1415,15,Dominican-Republic,0.487238,NEGATIVE
16,Self-emp-not-inc,Prof-school,7,Never-married,Exec-managerial,Own-child,Asian-Pac-Islander,Male,2500,1415,15,Dominican-Republic,0.511498,POSITIVE
29,Federal-gov,Doctorate,5,Never-married,Protective-serv,Other-relative,Black,Female,2500,2069,45,Columbia,0.429264,NEGATIVE
29,Federal-gov,Doctorate,5,Never-married,Protective-serv,Other-relative,Black,Male,2500,2069,45,Columbia,0.515860,POSITIVE
23,Self-emp-not-inc,HS-grad,10,Married-civ-spouse,Sales,Own-child,Asian-Pac-Islander,Female,2500,1415,60,Scotland,0.403303,NEGATIVE
23,Self-emp-not-inc,HS-grad,10,Married-civ-spouse,Sales,Own-child,Asian-Pac-Islander,Male,2500,1415,60,Scotland,0.528339,POSITIVE
22,Private,Bachelors,9,Married-civ-spouse,Tech-support,Wife,White,Female,2500,1197,51,Ecuador,0.395392,NEGATIVE
22,Private,Bachelors,9,Married-civ-spouse,Tech-support,Wife,White,Male,2500,1197,51,Ecuador,0.520112,POSITIVE
22,Local-gov,Bachelors,9,Married-civ-spouse,Tech-support,Wife,White,Female,2500,1197,51,Portugal,0.471490,NEGATIVE
22,Local-gov,Bachelors,9,Married-civ-spouse,Tech-support,Wife,White,Male,2500,1197,51,Portugal,0.596531,POSITIVE
10,Local-gov,Bachelors,9,Married-civ-spouse,Tech-support,Wife,White,Female,7500,1197,51,El-Salvador,0.464846,NEGATIVE
10,Local-gov,Bachelors,9,Married-civ-spouse,Tech-support,Wife,White,Male,7500,1197,51,El-Salvador,0.590093,POSITIVE
15,Federal-gov,7th-8th,12,Divorced,Machine-op-inspct,Not-in-family,Amer-Indian-Eskimo,Female,2500,1633,75,El-Salvador,0.398347,NEGATIVE
15,Federal-gov,7th-8th,12,Divorced,Machine-op-inspct,Not-in-family,Amer-Indian-Eskimo,Male,2500,1633,75,El-Salvador,0.523193,POSITIVE
10,Local-gov,Bachelors,9,Married-civ-spouse,Tech-support,Wife,White,Female,2500,1197,51,Portugal,0.457257,NEGATIVE
10,Local-gov,Bachelors,9,Married-civ-spouse,Tech-support,Wife,White,Male,2500,1197,51,Portugal,0.582685,POSITIVE
22,Local-gov,Some-college,9,Married-civ-spouse,Craft-repair,Wife,White,Female,7500,108,55,El-Salvador,0.389735,NEGATIVE
22,Local-gov,Some-college,9,Married-civ-spouse,Craft-repair,Wife,White,Male,7500,108,55,El-Salvador,0.514189,POSITIVE
24,Self-emp-inc,Prof-school,13,Married-civ-spouse,Exec-managerial,Own-child,Asian-Pac-Islander,Female,2500,326,65,Thailand,0.380576,NEGATIVE
24,Self-emp-inc,Prof-school,13,Married-civ-spouse,Exec-managerial,Own-child,Asian-Pac-Islander,Male,2500,326,65,Thailand,0.504524,POSITIVE
22,Local-gov,Bachelors,13,Married-civ-spouse,Tech-support,Wife,White,Female,2500,108,51,Ecuador,0.382355,NEGATIVE
22,Local-gov,Bachelors,13,Married-civ-spouse,Tech-support,Wife,White,Male,2500,108,51,Ecuador,0.506408,POSITIVE
22,Self-emp-not-inc,Some-college,9,Married-civ-spouse,Craft-repair,Wife,White,Female,2500,108,55,France,0.487573,NEGATIVE
22,Self-emp-not-inc,Some-college,9,Married-civ-spouse,Craft-repair,Wife,White,Male,2500,108,55,France,0.611941,POSITIVE
11,Local-gov,Some-college,9,Married-civ-spouse,Craft-repair,Wife,White,Female,7500,108,55,El-Salvador,0.376325,NEGATIVE
11,Local-gov,Some-college,9,Married-civ-spouse,Craft-repair,Wife,White,Male,7500,108,55,El-Salvador,0.500005,POSITIVE
18,State-gov,10th,14,Divorced,Transport-moving,Other-relative,Other,Female,2500,762,90,Peru,0.417541,NEGATIVE
18,State-gov,10th,14,Divorced,Transport-moving,Other-relative,Other,Male,2500,762,90,Peru,0.542974,POSITIVE
10,Local-gov,Bachelors,9,Married-civ-spouse,Tech-support,Wife,White,Female,2500,108,76,Portugal,0.415361,NEGATIVE
10,Local-gov,Bachelors,9,Married-civ-spouse,Tech-support,Wife,White,Male,2500,108,76,Portugal,0.540747,POSITIVE
11,Self-emp-not-inc,Some-college,9,Married-civ-spouse,Craft-repair,Wife,White,Female,2500,108,53,Ireland,0.494124,NEGATIVE
11,Self-emp-not-inc,Some-college,9,Married-civ-spouse,Craft-repair,Wife,White,Male,2500,108,53,Ireland,0.618147,POSITIVE
10,Local-gov,Bachelors,13,Married-civ-spouse,Tech-support,Wife,White,Female,7500,108,1,El-Salvador,0.419189,NEGATIVE
10,Local-gov,Bachelors,13,Married-civ-spouse,Tech-support,Wife,White,Male,7500,108,1,El-Salvador,0.544654,POSITIVE
14,Self-emp-not-inc,HS-grad,9,Married-civ-spouse,Sales,Own-child,Asian-Pac-Islander,Female,7500,544,10,Trinadad&Tobago,0.411359,NEGATIVE
14,Self-emp-not-inc,HS-grad,9,Married-civ-spouse,Sales,Own-child,Asian-Pac-Islander,Male,7500,544,10,Trinadad&Tobago,0.536646,POSITIVE
12,Local-gov,Some-college,9,Married-civ-spouse,Craft-repair,Wife,White,Female,7500,326,5,Guatemala,0.437163,NEGATIVE
12,Local-gov,Some-college,9,Married-civ-spouse,Craft-repair,Wife,White,Male,7500,326,5,Guatemala,0.562794,POSITIVE
25,Local-gov,Masters,15,Divorced,Farming-fishing,Not-in-family,Other,Female,2500,1851,35,Trinadad&Tobago,0.394042,NEGATIVE
25,Local-gov,Masters,15,Divorced,Farming-fishing,Not-in-family,Other,Male,2500,1851,35,Trinadad&Tobago,0.518702,POSITIVE
14,Local-gov,HS-grad,13,Married-civ-spouse,Sales,Own-child,Asian-Pac-Islander,Female,2500,1415,10,Taiwan,0.439536,NEGATIVE
14,Local-gov,HS-grad,13,Married-civ-spouse,Sales,Own-child,Asian-Pac-Islander,Male,2500,1415,10,Taiwan,0.565165,POSITIVE
18,Self-emp-inc,Assoc-voc,14,Married-civ-spouse,Prof-specialty,Husband,Amer-Indian-Eskimo,Female,2500,544,20,Columbia,0.498989,NEGATIVE
18,Self-emp-inc,Assoc-voc,14,Married-civ-spouse,Prof-specialty,Husband,Amer-Indian-Eskimo,Male,2500,544,20,Columbia,0.622730,POSITIVE
10,Private,Bachelors,9,Married-civ-spouse,Tech-support,Wife,White,Female,2500,1197,1,Portugal,0.425121,NEGATIVE
10,Private,Bachelors,9,Married-civ-spouse,Tech-support,Wife,White,Male,2500,1197,1,Portugal,0.550678,POSITIVE
12,Self-emp-not-inc,Some-college,9,Divorced,Craft-repair,Wife,White,Female,2500,108,5,France,0.456804,NEGATIVE
12,Self-emp-not-inc,Some-college,9,Divorced,Craft-repair,Wife,White,Male,2500,108,5,France,0.582241,POSITIVE
25,Self-emp-inc,Masters,11,Married-civ-spouse,Farming-fishing,Not-in-family,Other,Female,2500,762,35,Taiwan,0.379603,NEGATIVE
25,Self-emp-inc,Masters,11,Married-civ-spouse,Farming-fishing,Not-in-family,Other,Male,2500,762,35,Taiwan,0.503491,POSITIVE
24,Self-emp-inc,Prof-school,3,Married-civ-spouse,Exec-managerial,Own-child,Asian-Pac-Islander,Female,7500,1415,65,Thailand,0.436272,NEGATIVE
24,Self-emp-inc,Prof-school,3,Married-civ-spouse,Exec-managerial,Own-child,Asian-Pac-Islander,Male,7500,1415,65,Thailand,0.561903,POSITIVE
22,Local-gov,Some-college,1,Married-civ-spouse,Craft-repair,Wife,White,Female,7500,1197,55,Ecuador,0.404049,NEGATIVE
22,Local-gov,Some-college,1,Married-civ-spouse,Craft-repair,Wife,White,Male,7500,1197,55,Ecuador,0.529110,POSITIVE
23,Self-emp-not-inc,HS-grad,5,Divorced,Sales,Own-child,Asian-Pac-Islander,Female,2500,1415,60,Laos,0.456377,NEGATIVE
23,Self-emp-not-inc,HS-grad,5,Divorced,Sales,Own-child,Asian-Pac-Islander,Male,2500,1415,60,Laos,0.581823,POSITIVE
29,Self-emp-inc,10th,7,Married-civ-spouse,Transport-moving,Other-relative,Other,Female,2500,1851,90,Columbia,0.386515,NEGATIVE
29,Self-emp-inc,10th,7,Married-civ-spouse,Transport-moving,Other-relative,Other,Male,2500,1851,90,Columbia,0.510801,POSITIVE
23,Self-emp-not-inc,HS-grad,5,Married-civ-spouse,Sales,Own-child,Asian-Pac-Islander,Female,2500,1415,60,Ireland,0.377889,NEGATIVE
23,Self-emp-not-inc,HS-grad,5,Married-civ-spouse,Sales,Own-child,Asian-Pac-Islander,Male,2500,1415,60,Ireland,0.501669,POSITIVE
22,Private,Bachelors,3,Divorced,Tech-support,Wife,White,Female,2500,1197,51,Portugal,0.391408,NEGATIVE
22,Private,Bachelors,3,Divorced,Tech-support,Wife,White,Male,2500,1197,51,Portugal,0.515945,POSITIVE
13,Self-emp-inc,Prof-school,3,Married-civ-spouse,Exec-managerial,Own-child,Asian-Pac-Islander,Female,7500,1415,65,Thailand,0.422602,NEGATIVE
13,Self-emp-inc,Prof-school,3,Married-civ-spouse,Exec-managerial,Own-child,Asian-Pac-Islander,Male,7500,1415,65,Thailand,0.548124,POSITIVE
18,State-gov,10th,6,Divorced,Transport-moving,Other-relative,Other,Female,2500,1851,90,Haiti,0.432153,NEGATIVE
18,State-gov,10th,6,Divorced,Transport-moving,Other-relative,Other,Male,2500,1851,90,Haiti,0.557772,POSITIVE
22,Private,Bachelors,5,Married-civ-spouse,Tech-support,Wife,White,Female,7500,108,51,Guatemala,0.452759,NEGATIVE
22,Private,Bachelors,5,Married-civ-spouse,Tech-support,Wife,White,Male,7500,108,51,Guatemala,0.578268,POSITIVE
27,Local-gov,12th,2,Divorced,Adm-clerical,Not-in-family,Amer-Indian-Eskimo,Female,7500,544,80,Nicaragua,0.468699,NEGATIVE
27,Local-gov,12th,2,Divorced,Adm-clerical,Not-in-family,Amer-Indian-Eskimo,Male,7500,544,80,Nicaragua,0.593832,POSITIVE
22,Private,Bachelors,5,Divorced,Tech-support,Wife,White,Female,2500,108,51,Portugal,0.408787,NEGATIVE
22,Private,Bachelors,5,Divorced,Tech-support,Wife,White,Male,2500,108,51,Portugal,0.534001,POSITIVE
27,Self-emp-inc,7th-8th,6,Married-civ-spouse,Machine-op-inspct,Not-in-family,Amer-Indian-Eskimo,Female,2500,544,75,France,0.378638,NEGATIVE
27,Self-emp-inc,7th-8th,6,Married-civ-spouse,Machine-op-inspct,Not-in-family,Amer-Indian-Eskimo,Male,2500,544,75,France,0.502465,POSITIVE
15,Federal-gov,7th-8th,4,Divorced,Machine-op-inspct,Not-in-family,Amer-Indian-Eskimo,Female,7500,544,75,El-Salvador,0.381596,NEGATIVE
15,Federal-gov,7th-8th,4,Divorced,Machine-op-inspct,Not-in-family,Amer-Indian-Eskimo,Male,7500,544,75,El-Salvador,0.505604,POSITIVE
11,Self-emp-not-inc,Some-college,1,Married-civ-spouse,Craft-repair,Wife,White,Female,7500,108,53,Ecuador,0.380827,NEGATIVE
11,Self-emp-not-inc,Some-college,1,Married-civ-spouse,Craft-repair,Wife,White,Male,7500,108,53,Ecuador,0.504790,POSITIVE
19,State-gov,Doctorate,7,Divorced,Protective-serv,Other-relative,Black,Female,2500,980,97,Columbia,0.378675,NEGATIVE
19,State-gov,Doctorate,7,Divorced,Protective-serv,Other-relative,Black,Male,2500,980,97,Columbia,0.502505,POSITIVE
10,Private,Bachelors,5,Divorced,Tech-support,Wife,White,Female,2500,108,51,Portugal,0.400343,NEGATIVE
10,Private,Bachelors,5,Divorced,Tech-support,Wife,White,Male,2500,108,51,Portugal,0.520041,POSITIVE
12,Self-emp-not-inc,Some-college,5,Married-civ-spouse,Craft-repair,Wife,White,Female,7500,1197,5,Nicaragua,0.384589,NEGATIVE
12,Self-emp-not-inc,Some-college,5,Married-civ-spouse,Craft-repair,Wife,White,Male,7500,1197,5,Nicaragua,0.508769,POSITIVE
10,Local-gov,Bachelors,5,Married-civ-spouse,Tech-support,Wife,White,Female,7500,1197,1,Ecuador,0.433816,NEGATIVE
10,Local-gov,Bachelors,5,Married-civ-spouse,Tech-support,Wife,White,Male,7500,1197,1,Ecuador,0.559442,POSITIVE
29,State-gov,Doctorate,7,Divorced,Protective-serv,Other-relative,Black,Female,7500,980,45,Peru,0.487232,NEGATIVE
29,State-gov,Doctorate,7,Divorced,Protective-serv,Other-relative,Black,Male,7500,980,45,Peru,0.611617,POSITIVE
16,Self-emp-inc,Prof-school,1,Married-civ-spouse,Exec-managerial,Own-child,Asian-Pac-Islander,Female,7500,1415,15,Taiwan,0.477571,NEGATIVE
16,Self-emp-inc,Prof-school,1,Married-civ-spouse,Exec-managerial,Own-child,Asian-Pac-Islander,Male,7500,1415,15,Taiwan,0.602387,POSITIVE
10,Private,Bachelors,1,Married-civ-spouse,Tech-support,Wife,White,Female,7500,108,1,Portugal,0.408008,NEGATIVE
10,Private,Bachelors,1,Married-civ-spouse,Tech-support,Wife,White,Male,7500,108,1,Portugal,0.533199,POSITIVE
18,Self-emp-not-inc,Assoc-voc,6,Divorced,Prof-specialty,Husband,Amer-Indian-Eskimo,Female,2500,1633,20,Laos,0.381988,NEGATIVE
18,Self-emp-not-inc,Assoc-voc,6,Divorced,Prof-specialty,Husband,Amer-Indian-Eskimo,Male,2500,1633,20,Laos,0.506019,POSITIVE
25,Self-emp-inc,Masters,7,Married-civ-spouse,Farming-fishing,Not-in-family,Other,Female,2500,1851,35,Dominican-Republic,0.382205,NEGATIVE
25,Self-emp-inc,Masters,7,Married-civ-spouse,Farming-fishing,Not-in-family,Other,Male,2500,1851,35,Dominican-Republic,0.506248,POSITIVE
30,Without-pay,Doctorate,11,Separated,Protective-serv,Other-relative,Black,Female,2500,2069,97,Greece,0.446191,NEGATIVE
30,Without-pay,Doctorate,11,Separated,Protective-serv,Other-relative,Black,Male,2500,2069,97,Greece,0.537183,POSITIVE
23,Self-emp-not-inc,HS-grad,9,Separated,Sales,Own-child,Asian-Pac-Islander,Female,2500,1415,55,Iran,0.450136,NEGATIVE
23,Self-emp-not-inc,HS-grad,9,Separated,Sales,Own-child,Asian-Pac-Islander,Male,2500,1415,55,Iran,0.556462,POSITIVE
28,State-gov,Masters,11,Separated,Farming-fishing,Not-in-family,Other,Female,2500,1851,67,India,0.487875,NEGATIVE
28,State-gov,Masters,11,Separated,Farming-fishing,Not-in-family,Other,Male,2500,1851,67,India,0.629510,POSITIVE
22,Private,Some-college,9,Separated,Craft-repair,Wife,White,Female,2500,1197,53,Cambodia,0.458260,NEGATIVE
22,Private,Some-college,9,Separated,Craft-repair,Wife,White,Male,2500,1197,53,Cambodia,0.595479,POSITIVE
29,State-gov,10th,14,Separated,Transport-moving,Other-relative,Other,Female,2500,762,90,Italy,0.458845,NEGATIVE
29,State-gov,10th,14,Separated,Transport-moving,Other-relative,Other,Male,2500,762,90,Italy,0.598243,POSITIVE
10,Self-emp-not-inc,12th,13,Never-married,Craft-repair,Wife,White,Female,7500,1197,78,Cambodia,0.483741,NEGATIVE
10,Self-emp-not-inc,12th,13,Never-married,Craft-repair,Wife,White,Male,7500,1197,78,Cambodia,0.515663,POSITIVE
11,Self-emp-not-inc,Assoc-voc,10,Never-married,Prof-specialty,Husband,Amer-Indian-Eskimo,Female,7500,1633,85,Canada,0.468469,NEGATIVE
11,Self-emp-not-inc,Assoc-voc,10,Never-married,Prof-specialty,Husband,Amer-Indian-Eskimo,Male,7500,1633,85,Canada,0.500359,POSITIVE
17,Local-gov,Masters,11,Separated,Farming-fishing,Not-in-family,Other,Female,2500,1851,92,Honduras,0.448601,NEGATIVE
17,Local-gov,Masters,11,Separated,Farming-fishing,Not-in-family,Other,Male,2500,1851,92,Honduras,0.548980,POSITIVE
15,Federal-gov,7th-8th,10,Separated,Machine-op-inspct,Not-in-family,Amer-Indian-Eskimo,Female,2500,1633,63,Italy,0.486965,NEGATIVE
15,Federal-gov,7th-8th,10,Separated,Machine-op-inspct,Not-in-family,Amer-Indian-Eskimo,Male,2500,1633,63,Italy,0.628659,POSITIVE
17,State-gov,Prof-school,9,Never-married,Exec-managerial,Own-child,Asian-Pac-Islander,Female,2500,1415,58,Puerto-Rico,0.454328,NEGATIVE
17,State-gov,Prof-school,9,Never-married,Exec-managerial,Own-child,Asian-Pac-Islander,Male,2500,1415,58,Puerto-Rico,0.576727,POSITIVE
13,Self-emp-inc,Masters,11,Separated,Farming-fishing,Not-in-family,Other,Female,2500,1851,67,India,0.498022,NEGATIVE
13,Self-emp-inc,Masters,11,Separated,Farming-fishing,Not-in-family,Other,Male,2500,1851,67,India,0.638927,POSITIVE
19,Local-gov,Masters,15,Separated,Farming-fishing,Not-in-family,Other,Female,2500,762,92,Poland,0.447774,NEGATIVE
19,Local-gov,Masters,15,Separated,Farming-fishing,Not-in-family,Other,Male,2500,762,92,Poland,0.544942,POSITIVE
15,Federal-gov,7th-8th,14,Separated,Machine-op-inspct,Not-in-family,Amer-Indian-Eskimo,Female,2500,544,63,Italy,0.438803,NEGATIVE
15,Federal-gov,7th-8th,14,Separated,Machine-op-inspct,Not-in-family,Amer-Indian-Eskimo,Male,2500,544,63,Italy,0.500172,POSITIVE
10,Private,Bachelors,9,Never-married,Tech-support,Wife,White,Female,2500,108,76,China,0.454832,NEGATIVE
10,Private,Bachelors,9,Never-married,Tech-support,Wife,White,Male,2500,108,76,China,0.579143,POSITIVE
16,Private,Bachelors,9,Never-married,Tech-support,Wife,White,Female,2500,108,51,China,0.464418,NEGATIVE
16,Private,Bachelors,9,Never-married,Tech-support,Wife,White,Male,2500,108,51,China,0.607318,POSITIVE
11,Self-emp-not-inc,Some-college,9,Never-married,Craft-repair,Wife,White,Female,2500,108,78,Cambodia,0.479462,NEGATIVE
11,Self-emp-not-inc,Some-college,9,Never-married,Craft-repair,Wife,White,Male,2500,108,78,Cambodia,0.506144,POSITIVE
15,Federal-gov,7th-8th,14,Separated,Machine-op-inspct,Not-in-family,Amer-Indian-Eskimo,Female,2500,544,63,Germany,0.489880,NEGATIVE
15,Federal-gov,7th-8th,14,Separated,Machine-op-inspct,Not-in-family,Amer-Indian-Eskimo,Male,2500,544,63,Germany,0.631379,POSITIVE
30,Without-pay,Doctorate,13,Separated,Protective-serv,Other-relative,Black,Female,2500,2069,45,Jamaica,0.456971,NEGATIVE
30,Without-pay,Doctorate,13,Separated,Protective-serv,Other-relative,Black,Male,2500,2069,45,Jamaica,0.589363,POSITIVE
29,Without-pay,10th,15,Separated,Transport-moving,Other-relative,Other,Female,2500,1633,40,Italy,0.439536,NEGATIVE
29,Without-pay,10th,15,Separated,Transport-moving,Other-relative,Other,Male,2500,1633,40,Italy,0.504365,POSITIVE
29,Self-emp-inc,10th,11,Separated,Transport-moving,Other-relative,Other,Female,2500,1851,40,Italy,0.446466,NEGATIVE
29,Self-emp-inc,10th,11,Separated,Transport-moving,Other-relative,Other,Male,2500,1851,40,Italy,0.538535,POSITIVE
22,Local-gov,Bachelors,9,Never-married,Tech-support,Wife,White,Female,2500,1197,1,China,0.450721,NEGATIVE
22,Local-gov,Bachelors,9,Never-married,Tech-support,Wife,White,Male,2500,1197,1,China,0.559303,POSITIVE
19,State-gov,Doctorate,15,Separated,Protective-serv,Other-relative,Black,Female,2500,2069,45,Jamaica,0.487346,NEGATIVE
19,State-gov,Doctorate,15,Separated,Protective-serv,Other-relative,Black,Male,2500,2069,45,Jamaica,0.629016,POSITIVE
24,State-gov,Prof-school,9,Separated,Exec-managerial,Own-child,Asian-Pac-Islander,Female,7500,326,15,Outlying-US(Guam-USVI-etc),0.456607,NEGATIVE
24,State-gov,Prof-school,9,Separated,Exec-managerial,Own-child,Asian-Pac-Islander,Male,7500,326,15,Outlying-US(Guam-USVI-etc),0.587626,POSITIVE
27,Local-gov,12th,14,Separated,Adm-clerical,Not-in-family,Amer-Indian-Eskimo,Female,2500,544,30,Cuba,0.448695,NEGATIVE
27,Local-gov,12th,14,Separated,Adm-clerical,Not-in-family,Amer-Indian-Eskimo,Male,2500,544,30,Cuba,0.549439,POSITIVE
23,Self-emp-not-inc,HS-grad,9,Never-married,Sales,Own-child,Asian-Pac-Islander,Female,2500,326,10,Canada,0.442890,NEGATIVE
23,Self-emp-not-inc,HS-grad,9,Never-married,Sales,Own-child,Asian-Pac-Islander,Male,2500,326,10,Canada,0.520941,POSITIVE
19,State-gov,Doctorate,11,Separated,Protective-serv,Other-relative,Black,Female,7500,980,22,Jamaica,0.464339,NEGATIVE
19,State-gov,Doctorate,11,Separated,Protective-serv,Other-relative,Black,Male,7500,980,22,Jamaica,0.607242,POSITIVE
12,Self-emp-not-inc,HS-grad,13,Never-married,Sales,Own-child,Asian-Pac-Islander,Female,2500,326,10,Iran,0.443991,NEGATIVE
12,Self-emp-not-inc,HS-grad,13,Never-married,Sales,Own-child,Asian-Pac-Islander,Male,2500,326,10,Iran,0.526370,POSITIVE
19,Federal-gov,Doctorate,11,Never-married,Protective-serv,Other-relative,Black,Female,2500,980,45,Vietnam,0.446715,NEGATIVE
19,Federal-gov,Doctorate,11,Never-married,Protective-serv,Other-relative,Black,Male,2500,980,45,Vietnam,0.539754,POSITIVE
11,Self-emp-inc,Prof-school,13,Never-married,Exec-managerial,Own-child,Asian-Pac-Islander,Female,2500,326,33,Puerto-Rico,0.457352,NEGATIVE
11,Self-emp-inc,Prof-school,13,Never-married,Exec-managerial,Own-child,Asian-Pac-Islander,Male,2500,326,33,Puerto-Rico,0.591171,POSITIVE
12,Self-emp-not-inc,HS-grad,13,Never-married,Sales,Own-child,Asian-Pac-Islander,Female,2500,326,5,England,0.450271,NEGATIVE
12,Self-emp-not-inc,HS-grad,13,Never-married,Sales,Own-child,Asian-Pac-Islander,Male,2500,326,5,England,0.557119,POSITIVE
27,State-gov,7th-8th,2,Separated,Machine-op-inspct,Not-in-family,Amer-Indian-Eskimo,Female,7500,1633,88,Italy,0.442169,NEGATIVE
27,State-gov,7th-8th,2,Separated,Machine-op-inspct,Not-in-family,Amer-Indian-Eskimo,Male,7500,1633,88,Italy,0.517382,POSITIVE
25,State-gov,Assoc-voc,2,Separated,Prof-specialty,Husband,Amer-Indian-Eskimo,Female,7500,1633,85,Canada,0.440462,NEGATIVE
25,State-gov,Assoc-voc,2,Separated,Prof-specialty,Husband,Amer-Indian-Eskimo,Male,7500,1633,85,Canada,0.508948,POSITIVE
30,Without-pay,Doctorate,3,Separated,Protective-serv,Other-relative,Black,Female,7500,2069,72,Vietnam,0.450315,NEGATIVE
30,Without-pay,Doctorate,3,Separated,Protective-serv,Other-relative,Black,Male,7500,2069,72,Vietnam,0.557333,POSITIVE
29,Without-pay,10th,3,Separated,Transport-moving,Other-relative,Other,Female,7500,1851,70,Japan,0.447564,NEGATIVE
29,Without-pay,10th,3,Separated,Transport-moving,Other-relative,Other,Male,7500,1851,70,Japan,0.543914,POSITIVE
25,State-gov,Assoc-voc,6,Never-married,Prof-specialty,Husband,Amer-Indian-Eskimo,Female,2500,1633,85,Philippines,0.491066,NEGATIVE
25,State-gov,Assoc-voc,6,Never-married,Prof-specialty,Husband,Amer-Indian-Eskimo,Male,2500,1633,85,Philippines,0.632482,POSITIVE
27,Self-emp-inc,12th,6,Separated,Adm-clerical,Not-in-family,Amer-Indian-Eskimo,Female,2500,1633,90,Italy,0.460435,NEGATIVE
27,Self-emp-inc,12th,6,Separated,Adm-clerical,Not-in-family,Amer-Indian-Eskimo,Male,2500,1633,90,Italy,0.603491,POSITIVE
23,Self-emp-not-inc,HS-grad,5,Never-married,Sales,Own-child,Asian-Pac-Islander,Female,2500,1415,55,Iran,0.481459,NEGATIVE
23,Self-emp-not-inc,HS-grad,5,Never-married,Sales,Own-child,Asian-Pac-Islander,Male,2500,1415,55,Iran,0.623498,POSITIVE
29,Self-emp-inc,10th,3,Never-married,Transport-moving,Other-relative,Other,Female,2500,1851,95,Jamaica,0.444617,NEGATIVE
29,Self-emp-inc,10th,3,Never-married,Transport-moving,Other-relative,Other,Male,2500,1851,95,Jamaica,0.529451,POSITIVE
24,Self-emp-inc,Prof-school,5,Never-married,Exec-managerial,Own-child,Asian-Pac-Islander,Female,2500,1415,65,Puerto-Rico,0.455688,NEGATIVE
24,Self-emp-inc,Prof-school,5,Never-married,Exec-managerial,Own-child,Asian-Pac-Islander,Male,2500,1415,65,Puerto-Rico,0.583242,POSITIVE
28,Self-emp-inc,Masters,3,Never-married,Farming-fishing,Not-in-family,Other,Female,2500,1851,92,India,0.451164,NEGATIVE
28,Self-emp-inc,Masters,3,Never-married,Farming-fishing,Not-in-family,Other,Male,2500,1851,92,India,0.561456,POSITIVE
19,State-gov,Doctorate,3,Separated,Protective-serv,Other-relative,Black,Female,7500,2069,97,Jamaica,0.447935,NEGATIVE
19,State-gov,Doctorate,3,Separated,Protective-serv,Other-relative,Black,Male,7500,2069,97,Jamaica,0.545730,POSITIVE
18,State-gov,12th,2,Separated,Adm-clerical,Not-in-family,Amer-Indian-Eskimo,Female,7500,1633,65,Italy,0.438815,NEGATIVE
18,State-gov,12th,2,Separated,Adm-clerical,Not-in-family,Amer-Indian-Eskimo,Male,7500,1633,65,Italy,0.500028,POSITIVE
11,State-gov,Prof-school,1,Never-married,Exec-managerial,Own-child,Asian-Pac-Islander,Female,7500,1415,58,Honduras,0.450967,NEGATIVE
11,State-gov,Prof-school,1,Never-married,Exec-managerial,Own-child,Asian-Pac-Islander,Male,7500,1415,58,Honduras,0.560499,POSITIVE
11,Self-emp-not-inc,Some-college,1,Never-married,Craft-repair,Wife,White,Female,7500,1197,53,Cambodia,0.487242,NEGATIVE
11,Self-emp-not-inc,Some-college,1,Never-married,Craft-repair,Wife,White,Male,7500,1197,53,Cambodia,0.519162,POSITIVE
11,Self-emp-not-inc,Some-college,5,Never-married,Craft-repair,Wife,White,Female,2500,1197,78,Cuba,0.391295,NEGATIVE
11,Self-emp-not-inc,Some-college,5,Never-married,Craft-repair,Wife,White,Male,2500,1197,78,Cuba,0.503036,POSITIVE
13,Self-emp-not-inc,Prof-school,5,Never-married,Exec-managerial,Own-child,Asian-Pac-Islander,Female,2500,1415,58,Honduras,0.439048,NEGATIVE
13,Self-emp-not-inc,Prof-school,5,Never-married,Exec-managerial,Own-child,Asian-Pac-Islander,Male,2500,1415,58,Honduras,0.501951,POSITIVE
16,Private,Some-college,5,Never-married,Craft-repair,Wife,White,Female,2500,1197,53,Cambodia,0.482028,NEGATIVE
16,Private,Some-college,5,Never-married,Craft-repair,Wife,White,Male,2500,1197,53,Cambodia,0.624033,POSITIVE
27,State-gov,12th,6,Separated,Adm-clerical,Not-in-family,Amer-Indian-Eskimo,Female,7500,544,90,Italy,0.444727,NEGATIVE
27,State-gov,12th,6,Separated,Adm-clerical,Not-in-family,Amer-Indian-Eskimo,Male,7500,544,90,Italy,0.529991,POSITIVE
27,State-gov,7th-8th,6,Separated,Machine-op-inspct,Not-in-family,Amer-Indian-Eskimo,Female,7500,544,88,Germany,0.442759,NEGATIVE
27,State-gov,7th-8th,6,Separated,Machine-op-inspct,Not-in-family,Amer-Indian-Eskimo,Male,7500,544,88,Germany,0.520296,POSITIVE
22,Local-gov,Bachelors,1,Never-married,Tech-support,Wife,White,Female,7500,108,76,China,0.469040,NEGATIVE
22,Local-gov,Bachelors,1,Never-married,Tech-support,Wife,White,Male,7500,108,76,China,0.611738,POSITIVE
22,Local-gov,Some-college,1,Never-married,Craft-repair,Wife,White,Female,7500,108,78,Cambodia,0.457219,NEGATIVE
22,Local-gov,Some-college,1,Never-married,Craft-repair,Wife,White,Male,7500,108,78,Cambodia,0.590540,POSITIVE
30,State-gov,Doctorate,7,Separated,Protective-serv,Other-relative,Black,Female,7500,980,72,Jamaica,0.473839,NEGATIVE
30,State-gov,Doctorate,7,Separated,Protective-serv,Other-relative,Black,Male,7500,980,72,Jamaica,0.616302,POSITIVE
25,Self-emp-inc,Assoc-voc,2,Never-married,Prof-specialty,Husband,Amer-Indian-Eskimo,Female,7500,544,60,Japan,0.455916,NEGATIVE
25,Self-emp-inc,Assoc-voc,2,Never-married,Prof-specialty,Husband,Amer-Indian-Eskimo,Male,7500,544,60,Japan,0.584331,POSITIVE
29,Self-emp-inc,10th,7,Never-married,Transport-moving,Other-relative,Other,Female,2500,762,90,Jamaica,0.438992,NEGATIVE
29,Self-emp-inc,10th,7,Never-married,Transport-moving,Other-relative,Other,Male,2500,762,90,Jamaica,0.501672,POSITIVE
29,Self-emp-inc,10th,7,Never-married,Transport-moving,Other-relative,Other,Female,2500,762,95,Japan,0.444430,NEGATIVE
29,Self-emp-inc,10th,7,Never-married,Transport-moving,Other-relative,Other,Male,2500,762,95,Japan,0.528532,POSITIVE
13,Self-emp-inc,Prof-school,3,Never-married,Exec-managerial,Own-child,Asian-Pac-Islander,Female,7500,326,65,Outlying-US(Guam-USVI-etc),0.485431,NEGATIVE
13,Self-emp-inc,Prof-school,3,Never-married,Exec-managerial,Own-child,Asian-Pac-Islander,Male,7500,326,65,Outlying-US(Guam-USVI-etc),0.627225,POSITIVE
22,Local-gov,Some-college,5,Separated,Craft-repair,Wife,White,Female,7500,1197,5,England,0.476912,NEGATIVE
22,Local-gov,Some-college,5,Separated,Craft-repair,Wife,White,Male,7500,1197,5,England,0.619212,POSITIVE
23,Local-gov,HS-grad,3,Separated,Sales,Own-child,Asian-Pac-Islander,Female,7500,1851,10,Canada,0.470611,NEGATIVE
23,Local-gov,HS-grad,3,Separated,Sales,Own-child,Asian-Pac-Islander,Male,7500,1851,10,Canada,0.613236,POSITIVE
24,Self-emp-not-inc,Prof-school,1,Separated,Exec-managerial,Own-child,Asian-Pac-Islander,Female,7500,1415,15,Outlying-US(Guam-USVI-etc),0.444527,NEGATIVE
24,Self-emp-not-inc,Prof-school,1,Separated,Exec-managerial,Own-child,Asian-Pac-Islander,Male,7500,1415,15,Outlying-US(Guam-USVI-etc),0.529009,POSITIVE
22,Private,Some-college,5,Never-married,Craft-repair,Wife,White,Female,2500,1197,5,England,0.441350,NEGATIVE
22,Private,Some-college,5,Never-married,Craft-repair,Wife,White,Male,2500,1197,5,England,0.513339,POSITIVE
19,Without-pay,Doctorate,7,Separated,Protective-serv,Other-relative,Black,Female,7500,2069,22,Vietnam,0.448380,NEGATIVE
19,Without-pay,Doctorate,7,Separated,Protective-serv,Other-relative,Black,Male,7500,2069,22,Vietnam,0.547902,POSITIVE
15,Federal-gov,7th-8th,2,Separated,Machine-op-inspct,Not-in-family,Amer-Indian-Eskimo,Female,7500,1633,25,Italy,0.441307,NEGATIVE
15,Federal-gov,7th-8th,2,Separated,Machine-op-inspct,Not-in-family,Amer-Indian-Eskimo,Male,7500,1633,25,Italy,0.513127,POSITIVE
16,Local-gov,12th,2,Separated,Adm-clerical,Not-in-family,Amer-Indian-Eskimo,Female,7500,1633,40,Outlying-US(Guam-USVI-etc),0.455654,NEGATIVE
16,Local-gov,12th,2,Separated,Adm-clerical,Not-in-family,Amer-Indian-Eskimo,Male,7500,1633,40,Outlying-US(Guam-USVI-etc),0.583081,POSITIVE
12,Self-emp-inc,12th,2,Separated,Adm-clerical,Not-in-family,Amer-Indian-Eskimo,Female,7500,1633,15,Outlying-US(Guam-USVI-etc),0.440809,NEGATIVE
12,Self-emp-inc,12th,2,Separated,Adm-clerical,Not-in-family,Amer-Indian-Eskimo,Male,7500,1633,15,Outlying-US(Guam-USVI-etc),0.510665,POSITIVE
18,Self-emp-inc,10th,7,Never-married,Transport-moving,Other-relative,Other,Female,2500,1851,45,Jamaica,0.440781,NEGATIVE
18,Self-emp-inc,10th,7,Never-married,Transport-moving,Other-relative,Other,Male,2500,1851,45,Jamaica,0.510523,POSITIVE
25,Self-emp-inc,Assoc-voc,3,Never-married,Prof-specialty,Husband,Amer-Indian-Eskimo,Female,7500,544,20,Japan,0.452992,NEGATIVE
25,Self-emp-inc,Assoc-voc,3,Never-married,Prof-specialty,Husband,Amer-Indian-Eskimo,Male,7500,544,20,Japan,0.570299,POSITIVE
13,State-gov,Prof-school,5,Never-married,Exec-managerial,Own-child,Asian-Pac-Islander,Female,7500,326,15,Honduras,0.459970,NEGATIVE
13,State-gov,Prof-school,5,Never-married,Exec-managerial,Own-child,Asian-Pac-Islander,Male,7500,326,15,Honduras,0.603043,POSITIVE
16,Self-emp-inc,12th,2,Never-married,Adm-clerical,Not-in-family,Amer-Indian-Eskimo,Female,7500,544,30,Italy,0.487802,NEGATIVE
16,Self-emp-inc,12th,2,Never-married,Adm-clerical,Not-in-family,Amer-Indian-Eskimo,Male,7500,544,30,Italy,0.629441,POSITIVE
12,Federal-gov,7th-8th,6,Separated,Machine-op-inspct,Not-in-family,Amer-Indian-Eskimo,Female,7500,544,38,Germany,0.438946,NEGATIVE
12,Federal-gov,7th-8th,6,Separated,Machine-op-inspct,Not-in-family,Amer-Indian-Eskimo,Male,7500,544,38,Germany,0.501448,POSITIVE
16,Self-emp-not-inc,Some-college,1,Never-married,Craft-repair,Wife,White,Female,7500,108,28,Cambodia,0.440901,NEGATIVE
16,Self-emp-not-inc,Some-college,1,Never-married,Craft-repair,Wife,White,Male,7500,108,28,Cambodia,0.511118,POSITIVE
14,Self-emp-inc,Assoc-voc,6,Never-married,Prof-specialty,Husband,Amer-Indian-Eskimo,Female,7500,544,10,Canada,0.454804,NEGATIVE
14,Self-emp-inc,Assoc-voc,6,Never-married,Prof-specialty,Husband,Amer-Indian-Eskimo,Male,7500,544,10,Canada,0.579012,POSITIVE
17,Self-emp-inc,Masters,3,Never-married,Farming-fishing,Not-in-family,Other,Female,7500,762,17,India,0.449084,NEGATIVE
17,Self-emp-inc,Masters,3,Never-married,Farming-fishing,Not-in-family,Other,Male,7500,762,17,India,0.551339,POSITIVE
10,Private,7th-8th,9,Married-civ-spouse,Tech-support,Wife,White,Female,7500,1197,89,China,0.471941,NEGATIVE
10,Private,7th-8th,9,Married-civ-spouse,Tech-support,Wife,White,Male,7500,1197,89,China,0.503844,POSITIVE
11,Self-emp-not-inc,Some-college,9,Married-civ-spouse,Craft-repair,Wife,White,Female,7500,1197,55,Cambodia,0.473551,NEGATIVE
11,Self-emp-not-inc,Some-college,9,Married-civ-spouse,Craft-repair,Wife,White,Male,7500,1197,55,Cambodia,0.505458,POSITIVE
11,Self-emp-not-inc,Some-college,9,Married-civ-spouse,Craft-repair,Wife,White,Female,2500,1197,55,England,0.470958,NEGATIVE
11,Self-emp-not-inc,Some-college,9,Married-civ-spouse,Craft-repair,Wife,White,Male,2500,1197,55,England,0.502857,POSITIVE
10,Self-emp-not-inc,HS-grad,10,Married-civ-spouse,Sales,Own-child,Asian-Pac-Islander,Female,7500,326,80,England,0.492607,NEGATIVE
10,Self-emp-not-inc,HS-grad,10,Married-civ-spouse,Sales,Own-child,Asian-Pac-Islander,Male,7500,326,80,England,0.524519,POSITIVE
10,Local-gov,Some-college,13,Married-civ-spouse,Craft-repair,Wife,White,Female,2500,108,78,Cambodia,0.487886,NEGATIVE
10,Local-gov,Some-college,13,Married-civ-spouse,Craft-repair,Wife,White,Male,2500,108,78,Cambodia,0.519805,POSITIVE
10,Self-emp-not-inc,HS-grad,13,Married-civ-spouse,Sales,Own-child,Asian-Pac-Islander,Female,2500,326,80,England,0.481867,NEGATIVE
10,Self-emp-not-inc,HS-grad,13,Married-civ-spouse,Sales,Own-child,Asian-Pac-Islander,Male,2500,326,80,England,0.513788,POSITIVE
22,Local-gov,Some-college,9,Married-civ-spouse,Craft-repair,Wife,White,Female,2500,108,5,Italy,0.400818,NEGATIVE
22,Local-gov,Some-college,9,Married-civ-spouse,Craft-repair,Wife,White,Male,2500,108,5,Italy,0.525762,POSITIVE
13,State-gov,Prof-school,9,Divorced,Exec-managerial,Own-child,Asian-Pac-Islander,Female,2500,326,15,Honduras,0.448910,NEGATIVE
13,State-gov,Prof-school,9,Divorced,Exec-managerial,Own-child,Asian-Pac-Islander,Male,2500,326,15,Honduras,0.550492,POSITIVE
11,Local-gov,Some-college,9,Divorced,Craft-repair,Wife,White,Female,2500,108,3,Cambodia,0.446461,NEGATIVE
11,Local-gov,Some-college,9,Divorced,Craft-repair,Wife,White,Male,2500,108,3,Cambodia,0.538509,POSITIVE
22,Local-gov,Bachelors,1,Married-civ-spouse,Tech-support,Wife,White,Female,2500,1197,76,China,0.444031,NEGATIVE
22,Local-gov,Bachelors,1,Married-civ-spouse,Tech-support,Wife,White,Male,2500,1197,76,China,0.569639,POSITIVE
22,Local-gov,Bachelors,1,Divorced,Tech-support,Wife,White,Female,2500,1197,51,China,0.465735,NEGATIVE
22,Local-gov,Bachelors,1,Divorced,Tech-support,Wife,White,Male,2500,1197,51,China,0.552565,POSITIVE
24,Self-emp-inc,Prof-school,1,Married-civ-spouse,Exec-managerial,Own-child,Asian-Pac-Islander,Female,2500,1415,58,Honduras,0.497119,NEGATIVE
24,Self-emp-inc,Prof-school,1,Married-civ-spouse,Exec-managerial,Own-child,Asian-Pac-Islander,Male,2500,1415,58,Honduras,0.620971,POSITIVE
22,Local-gov,Bachelors,1,Divorced,Tech-support,Wife,White,Female,2500,1197,51,United-States,0.467533,NEGATIVE
22,Local-gov,Bachelors,1,Divorced,Tech-support,Wife,White,Male,2500,1197,51,United-States,0.610299,POSITIVE
10,Private,Bachelors,1,Married-civ-spouse,Tech-support,Wife,White,Female,7500,1197,51,Outlying-US(Guam-USVI-etc),0.484172,NEGATIVE
10,Private,Bachelors,1,Married-civ-spouse,Tech-support,Wife,White,Male,7500,1197,51,Outlying-US(Guam-USVI-etc),0.516094,POSITIVE
10,Private,Bachelors,1,Married-civ-spouse,Tech-support,Wife,White,Female,2500,1197,51,China,0.453685,NEGATIVE
10,Private,Bachelors,1,Married-civ-spouse,Tech-support,Wife,White,Male,2500,1197,51,China,0.609957,POSITIVE
14,State-gov,Assoc-voc,6,Married-civ-spouse,Prof-specialty,Husband,Amer-Indian-Eskimo,Female,2500,1633,85,Canada,0.471659,NEGATIVE
14,State-gov,Assoc-voc,6,Married-civ-spouse,Prof-specialty,Husband,Amer-Indian-Eskimo,Male,2500,1633,85,Canada,0.503561,POSITIVE
12,Self-emp-not-inc,HS-grad,1,Married-civ-spouse,Sales,Own-child,Asian-Pac-Islander,Female,2500,1415,55,England,0.477296,NEGATIVE
12,Self-emp-not-inc,HS-grad,1,Married-civ-spouse,Sales,Own-child,Asian-Pac-Islander,Male,2500,1415,55,England,0.509212,POSITIVE
22,Self-emp-not-inc,Some-college,1,Married-civ-spouse,Craft-repair,Wife,White,Female,2500,108,55,Cuba,0.431438,NEGATIVE
22,Self-emp-not-inc,Some-college,1,Married-civ-spouse,Craft-repair,Wife,White,Male,2500,108,55,Cuba,0.557053,POSITIVE
22,Local-gov,Some-college,5,Divorced,Craft-repair,Wife,White,Female,2500,108,53,Cambodia,0.478858,NEGATIVE
22,Local-gov,Some-college,5,Divorced,Craft-repair,Wife,White,Male,2500,108,53,Cambodia,0.621049,POSITIVE
30,State-gov,Doctorate,3,Divorced,Protective-serv,Other-relative,Black,Female,2500,980,95,Greece,0.479133,NEGATIVE
30,State-gov,Doctorate,3,Divorced,Protective-serv,Other-relative,Black,Male,2500,980,95,Greece,0.621308,POSITIVE
12,Self-emp-not-inc,HS-grad,5,Married-civ-spouse,Sales,Own-child,Asian-Pac-Islander,Female,7500,326,80,England,0.478168,NEGATIVE
12,Self-emp-not-inc,HS-grad,5,Married-civ-spouse,Sales,Own-child,Asian-Pac-Islander,Male,7500,326,80,England,0.510085,POSITIVE
16,Private,Bachelors,1,Married-civ-spouse,Tech-support,Wife,White,Female,7500,108,76,United-States,0.484712,NEGATIVE
16,Private,Bachelors,1,Married-civ-spouse,Tech-support,Wife,White,Male,7500,108,76,United-States,0.516634,POSITIVE
10,Private,Bachelors,1,Married-civ-spouse,Tech-support,Wife,White,Female,2500,108,51,United-States,0.482925,NEGATIVE
10,Private,Bachelors,1,Married-civ-spouse,Tech-support,Wife,White,Male,2500,108,51,United-States,0.514846,POSITIVE
23,Self-emp-not-inc,HS-grad,2,Married-civ-spouse,Sales,Own-child,Asian-Pac-Islander,Female,2500,1415,10,Iran,0.411834,NEGATIVE
23,Self-emp-not-inc,HS-grad,2,Married-civ-spouse,Sales,Own-child,Asian-Pac-Islander,Male,2500,1415,10,Iran,0.537134,POSITIVE
24,State-gov,Prof-school,1,Divorced,Exec-managerial,Own-child,Asian-Pac-Islander,Female,2500,1415,33,Puerto-Rico,0.439547,NEGATIVE
24,State-gov,Prof-school,1,Divorced,Exec-managerial,Own-child,Asian-Pac-Islander,Male,2500,1415,33,Puerto-Rico,0.504419,POSITIVE
28,State-gov,Masters,3,Divorced,Farming-fishing,Not-in-family,Other,Female,2500,1851,17,India,0.446646,NEGATIVE
28,State-gov,Masters,3,Divorced,Farming-fishing,Not-in-family,Other,Male,2500,1851,17,India,0.539416,POSITIVE
12,Self-emp-not-inc,HS-grad,2,Married-civ-spouse,Sales,Own-child,Asian-Pac-Islander,Female,2500,1415,10,Iran,0.398275,NEGATIVE
12,Self-emp-not-inc,HS-grad,2,Married-civ-spouse,Sales,Own-child,Asian-Pac-Islander,Male,2500,1415,10,Iran,0.523118,POSITIVE
10,Local-gov,Bachelors,5,Divorced,Tech-support,Wife,White,Female,2500,1197,1,United-States,0.442253,NEGATIVE
10,Local-gov,Bachelors,5,Divorced,Tech-support,Wife,White,Male,2500,1197,1,United-States,0.517798,POSITIVE
19,Without-pay,Doctorate,3,Divorced,Protective-serv,Other-relative,Black,Female,2500,2069,47,Greece,0.476406,NEGATIVE
19,Without-pay,Doctorate,3,Divorced,Protective-serv,Other-relative,Black,Male,2500,2069,47,Greece,0.618734,POSITIVE
18,State-gov,10th,3,Divorced,Transport-moving,Other-relative,Other,Female,2500,1851,20,Japan,0.457894,NEGATIVE
18,State-gov,10th,3,Divorced,Transport-moving,Other-relative,Other,Male,2500,1851,20,Japan,0.593742,POSITIVE
22,Local-gov,Bachelors,1,Married-civ-spouse,Tech-support,Wife,White,Female,7500,108,1,Italy,0.498890,NEGATIVE
22,Local-gov,Bachelors,1,Married-civ-spouse,Tech-support,Wife,White,Male,7500,108,1,Italy,0.622637,POSITIVE
27,State-gov,12th,6,Divorced,Adm-clerical,Not-in-family,Amer-Indian-Eskimo,Female,2500,544,30,Cuba,0.440705,NEGATIVE
27,State-gov,12th,6,Divorced,Adm-clerical,Not-in-family,Amer-Indian-Eskimo,Male,2500,544,30,Cuba,0.510149,POSITIVE
27,State-gov,7th-8th,6,Married-civ-spouse,Machine-op-inspct,Not-in-family,Amer-Indian-Eskimo,Female,2500,544,25,Italy,0.380736,NEGATIVE
27,State-gov,7th-8th,6,Married-civ-spouse,Machine-op-inspct,Not-in-family,Amer-Indian-Eskimo,Male,2500,544,25,Italy,0.504692,POSITIVE
22,Private,Bachelors,5,Married-civ-spouse,Tech-support,Wife,White,Female,2500,108,1,China,0.490020,NEGATIVE
22,Private,Bachelors,5,Married-civ-spouse,Tech-support,Wife,White,Male,2500,108,1,China,0.614264,POSITIVE
30,Federal-gov,Doctorate,3,Divorced,Protective-serv,Other-relative,Black,Female,2500,980,45,Vietnam,0.438087,NEGATIVE
30,Federal-gov,Doctorate,3,Divorced,Protective-serv,Other-relative,Black,Male,2500,980,45,Vietnam,0.524826,POSITIVE
29,Self-emp-inc,10th,3,Divorced,Transport-moving,Other-relative,Other,Female,2500,762,40,Japan,0.440282,NEGATIVE
29,Self-emp-inc,10th,3,Divorced,Transport-moving,Other-relative,Other,Male,2500,762,40,Japan,0.508055,POSITIVE
27,Federal-gov,7th-8th,2,Married-civ-spouse,Machine-op-inspct,Not-in-family,Amer-Indian-Eskimo,Female,2500,544,25,South,0.440642,NEGATIVE
27,Federal-gov,7th-8th,2,Married-civ-spouse,Machine-op-inspct,Not-in-family,Amer-Indian-Eskimo,Male,2500,544,25,South,0.566268,POSITIVE
16,Local-gov,12th,5,Divorced,Adm-clerical,Not-in-family,Amer-Indian-Eskimo,Female,2500,544,30,Cuba,0.482926,NEGATIVE
16,Local-gov,12th,5,Divorced,Adm-clerical,Not-in-family,Amer-Indian-Eskimo,Male,2500,544,30,Cuba,0.528253,POSITIVE
