age,workclass,education,education-num,marital-status,occupation,relationship,race,sex,capital-gain,capital-loss,hours-per-week,native-country,output,decision
79,Local-gov,7th-8th,1,Married-civ-spouse,Tech-support,Not-in-family,White,Female,52500,3375,89,Guatemala,0.502635,POSITIVE
79,Local-gov,7th-8th,1,Married-civ-spouse,Tech-support,Not-in-family,White,Male,52500,3375,89,Guatemala,0.481809,NEGATIVE
81,Local-gov,12th,1,Married-civ-spouse,Craft-repair,Not-in-family,White,Female,52500,2286,90,Nicaragua,0.485772,NEGATIVE
81,Local-gov,12th,1,Married-civ-spouse,Craft-repair,Not-in-family,White,Male,52500,2286,90,Nicaragua,0.510022,POSITIVE
58,Local-gov,12th,1,Widowed,Craft-repair,Not-in-family,White,Female,52500,2286,90,Nicaragua,0.476018,NEGATIVE
58,Local-gov,12th,1,Widowed,Craft-repair,Not-in-family,White,Male,52500,2286,90,Nicaragua,0.505067,POSITIVE
69,Local-gov,12th,2,Divorced,Craft-repair,Not-in-family,Asian-Pac-Islander,Female,52500,3593,91,Scotland,0.507348,POSITIVE
69,Local-gov,12th,2,Divorced,Craft-repair,Not-in-family,Asian-Pac-Islander,Male,52500,3593,91,Scotland,0.487533,NEGATIVE
59,State-gov,Masters,3,Divorced,Other-service,Other-relative,Asian-Pac-Islander,Female,52500,3593,92,Thailand,0.517920,POSITIVE
59,State-gov,Masters,3,Divorced,Other-service,Other-relative,Asian-Pac-Islander,Male,52500,3593,92,Thailand,0.496613,NEGATIVE
64,State-gov,1st-4th,3,Divorced,Other-service,Other-relative,Amer-Indian-Eskimo,Female,62500,2722,93,Yugoslavia,0.505620,POSITIVE
64,State-gov,1st-4th,3,Divorced,Other-service,Other-relative,Amer-Indian-Eskimo,Male,62500,2722,93,Yugoslavia,0.496207,NEGATIVE
62,State-gov,Masters,3,Divorced,Other-service,Own-child,Asian-Pac-Islander,Female,52500,2504,92,Thailand,0.506131,POSITIVE
62,State-gov,Masters,3,Divorced,Other-service,Own-child,Asian-Pac-Islander,Male,52500,2504,92,Thailand,0.498230,NEGATIVE
69,Local-gov,Some-college,2,Divorced,Craft-repair,Not-in-family,Asian-Pac-Islander,Female,52500,2504,91,Scotland,0.497929,NEGATIVE
69,Local-gov,Some-college,2,Divorced,Craft-repair,Not-in-family,Asian-Pac-Islander,Male,52500,2504,91,Scotland,0.518726,POSITIVE
56,Local-gov,7th-8th,1,Married-civ-spouse,Tech-support,Not-in-family,White,Female,52500,3375,76,Guatemala,0.508317,POSITIVE
56,Local-gov,7th-8th,1,Married-civ-spouse,Tech-support,Not-in-family,White,Male,52500,3375,76,Guatemala,0.488613,NEGATIVE
71,State-gov,1st-4th,3,Divorced,Other-service,Other-relative,Amer-Indian-Eskimo,Female,52500,2722,80,Yugoslavia,0.502265,POSITIVE
71,State-gov,1st-4th,3,Divorced,Other-service,Other-relative,Amer-Indian-Eskimo,Male,52500,2722,80,Yugoslavia,0.494933,NEGATIVE
56,Local-gov,7th-8th,1,Married-civ-spouse,Tech-support,Wife,White,Female,52500,2286,76,Guatemala,0.500470,POSITIVE
56,Local-gov,7th-8th,1,Married-civ-spouse,Tech-support,Wife,White,Male,52500,2286,76,Guatemala,0.487768,NEGATIVE
60,Local-gov,Some-college,2,Divorced,Craft-repair,Not-in-family,Asian-Pac-Islander,Female,52500,2504,78,Scotland,0.483211,NEGATIVE
60,Local-gov,Some-college,2,Divorced,Craft-repair,Not-in-family,Asian-Pac-Islander,Male,52500,2504,78,Scotland,0.500303,POSITIVE
58,Local-gov,12th,1,Divorced,Craft-repair,Not-in-family,Asian-Pac-Islander,Female,67500,1415,91,Scotland,0.506866,POSITIVE
58,Local-gov,12th,1,Divorced,Craft-repair,Not-in-family,Asian-Pac-Islander,Male,67500,1415,91,Scotland,0.497397,NEGATIVE
60,Self-emp-not-inc,12th,2,Divorced,Craft-repair,Not-in-family,Asian-Pac-Islander,Female,52500,1415,91,Scotland,0.489098,NEGATIVE
60,Self-emp-not-inc,12th,2,Divorced,Craft-repair,Not-in-family,Asian-Pac-Islander,Male,52500,1415,91,Scotland,0.508565,POSITIVE
62,State-gov,Masters,3,Divorced,Other-service,Other-relative,Asian-Pac-Islander,Female,62500,326,92,Thailand,0.456861,NEGATIVE
62,State-gov,Masters,3,Divorced,Other-service,Other-relative,Asian-Pac-Islander,Male,62500,326,92,Thailand,0.502328,POSITIVE
67,State-gov,10th,2,Never-married,Sales,Other-relative,Amer-Indian-Eskimo,Female,57500,544,94,El-Salvador,0.491087,NEGATIVE
67,State-gov,10th,2,Never-married,Sales,Other-relative,Amer-Indian-Eskimo,Male,57500,544,94,El-Salvador,0.542256,POSITIVE
60,Local-gov,12th,1,Divorced,Craft-repair,Not-in-family,Asian-Pac-Islander,Female,62500,1415,78,Scotland,0.501593,POSITIVE
60,Local-gov,12th,1,Divorced,Craft-repair,Not-in-family,Asian-Pac-Islander,Male,62500,1415,78,Scotland,0.489687,NEGATIVE
70,State-gov,Masters,3,Divorced,Other-service,Other-relative,Asian-Pac-Islander,Female,52500,1415,79,Thailand,0.489061,NEGATIVE
70,State-gov,Masters,3,Divorced,Other-service,Other-relative,Asian-Pac-Islander,Male,52500,1415,79,Thailand,0.506678,POSITIVE
60,State-gov,1st-4th,3,Divorced,Other-service,Other-relative,Amer-Indian-Eskimo,Female,52500,544,80,Yugoslavia,0.477783,NEGATIVE
60,State-gov,1st-4th,3,Divorced,Other-service,Other-relative,Amer-Indian-Eskimo,Male,52500,544,80,Yugoslavia,0.502403,POSITIVE
58,Local-gov,12th,1,Married-civ-spouse,Craft-repair,Wife,White,Female,52500,108,77,Nicaragua,0.497246,NEGATIVE
58,Local-gov,12th,1,Married-civ-spouse,Craft-repair,Wife,White,Male,52500,108,77,Nicaragua,0.505872,POSITIVE
67,State-gov,Prof-school,4,Never-married,Sales,Other-relative,Amer-Indian-Eskimo,Female,57500,1633,94,El-Salvador,0.484031,NEGATIVE
67,State-gov,Prof-school,4,Never-married,Sales,Other-relative,Amer-Indian-Eskimo,Male,57500,1633,94,El-Salvador,0.531043,POSITIVE
56,Local-gov,Bachelors,1,Married-civ-spouse,Tech-support,Wife,White,Female,52500,1197,89,Guatemala,0.484199,NEGATIVE
56,Local-gov,Bachelors,1,Married-civ-spouse,Tech-support,Wife,White,Male,52500,1197,89,Guatemala,0.523748,POSITIVE
56,Local-gov,Bachelors,1,Married-civ-spouse,Tech-support,Not-in-family,White,Female,52500,108,89,Guatemala,0.469092,NEGATIVE
56,Local-gov,Bachelors,1,Married-civ-spouse,Tech-support,Not-in-family,White,Male,52500,108,89,Guatemala,0.502409,POSITIVE
64,State-gov,HS-grad,3,Divorced,Other-service,Other-relative,Amer-Indian-Eskimo,Female,52500,1633,80,Yugoslavia,0.485724,NEGATIVE
64,State-gov,HS-grad,3,Divorced,Other-service,Other-relative,Amer-Indian-Eskimo,Male,52500,1633,80,Yugoslavia,0.512160,POSITIVE
56,Local-gov,Bachelors,1,Married-civ-spouse,Tech-support,Not-in-family,White,Female,52500,108,76,Guatemala,0.493922,NEGATIVE
56,Local-gov,Bachelors,1,Married-civ-spouse,Tech-support,Not-in-family,White,Male,52500,108,76,Guatemala,0.523799,POSITIVE
12,Local-gov,12th,2,Widowed,Craft-repair,Not-in-family,Asian-Pac-Islander,Female,92500,3593,91,Scotland,0.504086,POSITIVE
12,Local-gov,12th,2,Widowed,Craft-repair,Not-in-family,Asian-Pac-Islander,Male,92500,3593,91,Scotland,0.498024,NEGATIVE
13,State-gov,11th,1,Married-spouse-absent,Other-service,Other-relative,Asian-Pac-Islander,Female,92500,2504,92,Thailand,0.503380,POSITIVE
13,State-gov,11th,1,Married-spouse-absent,Other-service,Other-relative,Asian-Pac-Islander,Male,92500,2504,92,Thailand,0.499613,NEGATIVE
15,State-gov,10th,4,Married-spouse-absent,Sales,Other-relative,Amer-Indian-Eskimo,Female,87500,3811,94,El-Salvador,0.500599,POSITIVE
15,State-gov,10th,4,Married-spouse-absent,Sales,Other-relative,Amer-Indian-Eskimo,Male,87500,3811,94,El-Salvador,0.485284,NEGATIVE
13,State-gov,Masters,3,Married-spouse-absent,Other-service,Own-child,Asian-Pac-Islander,Female,77500,3593,92,Thailand,0.507550,POSITIVE
13,State-gov,Masters,3,Married-spouse-absent,Other-service,Own-child,Asian-Pac-Islander,Male,77500,3593,92,Thailand,0.496601,NEGATIVE
15,Federal-gov,10th,4,Married-spouse-absent,Sales,Other-relative,Amer-Indian-Eskimo,Female,82500,2722,94,El-Salvador,0.501958,POSITIVE
15,Federal-gov,10th,4,Married-spouse-absent,Sales,Other-relative,Amer-Indian-Eskimo,Male,82500,2722,94,El-Salvador,0.490453,NEGATIVE
13,State-gov,Masters,3,Married-spouse-absent,Other-service,Other-relative,Asian-Pac-Islander,Female,87500,3593,92,Dominican-Republic,0.505896,POSITIVE
13,State-gov,Masters,3,Married-spouse-absent,Other-service,Other-relative,Asian-Pac-Islander,Male,87500,3593,92,Dominican-Republic,0.499966,NEGATIVE
16,State-gov,10th,5,Married-spouse-absent,Exec-managerial,Other-relative,Amer-Indian-Eskimo,Female,82500,2722,95,Ecuador,0.497468,NEGATIVE
16,State-gov,10th,5,Married-spouse-absent,Exec-managerial,Other-relative,Amer-Indian-Eskimo,Male,82500,2722,95,Ecuador,0.516627,POSITIVE
12,Local-gov,12th,2,Widowed,Craft-repair,Not-in-family,Asian-Pac-Islander,Female,77500,3593,78,France,0.516196,POSITIVE
12,Local-gov,12th,2,Widowed,Craft-repair,Not-in-family,Asian-Pac-Islander,Male,77500,3593,78,France,0.495596,NEGATIVE
13,State-gov,Masters,3,Married-spouse-absent,Other-service,Other-relative,Asian-Pac-Islander,Female,82500,2504,79,Dominican-Republic,0.503763,POSITIVE
13,State-gov,Masters,3,Married-spouse-absent,Other-service,Other-relative,Asian-Pac-Islander,Male,82500,2504,79,Dominican-Republic,0.492741,NEGATIVE
23,Local-gov,Some-college,2,Widowed,Craft-repair,Not-in-family,Asian-Pac-Islander,Female,77500,3593,91,Scotland,0.498733,NEGATIVE
23,Local-gov,Some-college,2,Widowed,Craft-repair,Not-in-family,Asian-Pac-Islander,Male,77500,3593,91,Scotland,0.505985,POSITIVE
10,Local-gov,Bachelors,1,Widowed,Tech-support,Not-in-family,White,Female,87500,2286,89,Portugal,0.496673,NEGATIVE
10,Local-gov,Bachelors,1,Widowed,Tech-support,Not-in-family,White,Male,87500,2286,89,Portugal,0.511454,POSITIVE
11,Local-gov,Some-college,1,Widowed,Craft-repair,Not-in-family,White,Female,77500,2286,77,Ireland,0.492137,NEGATIVE
11,Local-gov,Some-college,1,Widowed,Craft-repair,Not-in-family,White,Male,77500,2286,77,Ireland,0.514044,POSITIVE
12,Local-gov,12th,2,Divorced,Craft-repair,Not-in-family,Asian-Pac-Islander,Female,77500,3593,91,Scotland,0.505878,POSITIVE
12,Local-gov,12th,2,Divorced,Craft-repair,Not-in-family,Asian-Pac-Islander,Male,77500,3593,91,Scotland,0.496235,NEGATIVE
12,Local-gov,Some-college,2,Divorced,Craft-repair,Not-in-family,Asian-Pac-Islander,Female,77500,2504,91,France,0.495531,NEGATIVE
12,Local-gov,Some-college,2,Divorced,Craft-repair,Not-in-family,Asian-Pac-Islander,Male,77500,2504,91,France,0.512804,POSITIVE
14,State-gov,HS-grad,2,Married-spouse-absent,Other-service,Other-relative,Amer-Indian-Eskimo,Female,92500,1633,93,Yugoslavia,0.484142,NEGATIVE
14,State-gov,HS-grad,2,Married-spouse-absent,Other-service,Other-relative,Amer-Indian-Eskimo,Male,92500,1633,93,Yugoslavia,0.501128,POSITIVE
10,Local-gov,7th-8th,1,Widowed,Tech-support,Wife,White,Female,77500,108,76,Guatemala,0.509777,POSITIVE
10,Local-gov,7th-8th,1,Widowed,Tech-support,Wife,White,Male,77500,108,76,Guatemala,0.499253,NEGATIVE
16,State-gov,10th,5,Married-spouse-absent,Exec-managerial,Other-relative,Amer-Indian-Eskimo,Female,82500,1633,95,Ecuador,0.497574,NEGATIVE
16,State-gov,10th,5,Married-spouse-absent,Exec-managerial,Other-relative,Amer-Indian-Eskimo,Male,82500,1633,95,Ecuador,0.506045,POSITIVE
12,Local-gov,12th,2,Widowed,Craft-repair,Wife,Asian-Pac-Islander,Female,77500,1415,91,France,0.511690,POSITIVE
12,Local-gov,12th,2,Widowed,Craft-repair,Wife,Asian-Pac-Islander,Male,77500,1415,91,France,0.499783,NEGATIVE
14,State-gov,1st-4th,3,Married-spouse-absent,Other-service,Other-relative,Amer-Indian-Eskimo,Female,82500,544,93,Laos,0.490138,NEGATIVE
14,State-gov,1st-4th,3,Married-spouse-absent,Other-service,Other-relative,Amer-Indian-Eskimo,Male,82500,544,93,Laos,0.500191,POSITIVE
23,Local-gov,Some-college,2,Widowed,Craft-repair,Not-in-family,Asian-Pac-Islander,Female,77500,1415,91,Scotland,0.468701,NEGATIVE
23,Local-gov,Some-college,2,Widowed,Craft-repair,Not-in-family,Asian-Pac-Islander,Male,77500,1415,91,Scotland,0.500662,POSITIVE
17,State-gov,Assoc-acdm,5,Married-spouse-absent,Exec-managerial,Other-relative,Other,Female,82500,762,96,Trinadad&Tobago,0.499179,NEGATIVE
17,State-gov,Assoc-acdm,5,Married-spouse-absent,Exec-managerial,Other-relative,Other,Male,82500,762,96,Trinadad&Tobago,0.517806,POSITIVE
10,Local-gov,Bachelors,1,Widowed,Tech-support,Wife,White,Female,77500,1197,89,Portugal,0.493559,NEGATIVE
10,Local-gov,Bachelors,1,Widowed,Tech-support,Wife,White,Male,77500,1197,89,Portugal,0.512072,POSITIVE
24,State-gov,Masters,3,Divorced,Other-service,Other-relative,Asian-Pac-Islander,Female,77500,326,92,Thailand,0.504427,POSITIVE
24,State-gov,Masters,3,Divorced,Other-service,Other-relative,Asian-Pac-Islander,Male,77500,326,92,Thailand,0.498367,NEGATIVE
12,Local-gov,12th,2,Divorced,Craft-repair,Not-in-family,Asian-Pac-Islander,Female,77500,1415,78,Scotland,0.500146,POSITIVE
12,Local-gov,12th,2,Divorced,Craft-repair,Not-in-family,Asian-Pac-Islander,Male,77500,1415,78,Scotland,0.493618,NEGATIVE
14,State-gov,1st-4th,3,Divorced,Other-service,Other-relative,Amer-Indian-Eskimo,Female,82500,544,93,Laos,0.477246,NEGATIVE
14,State-gov,1st-4th,3,Divorced,Other-service,Other-relative,Amer-Indian-Eskimo,Male,82500,544,93,Laos,0.506873,POSITIVE
10,Local-gov,7th-8th,1,Married-civ-spouse,Tech-support,Not-in-family,White,Female,77500,1197,76,Portugal,0.509281,POSITIVE
10,Local-gov,7th-8th,1,Married-civ-spouse,Tech-support,Not-in-family,White,Male,77500,1197,76,Portugal,0.496916,NEGATIVE
10,Local-gov,7th-8th,1,Married-civ-spouse,Tech-support,Not-in-family,White,Female,77500,108,76,Portugal,0.504340,POSITIVE
10,Local-gov,7th-8th,1,Married-civ-spouse,Tech-support,Not-in-family,White,Male,77500,108,76,Portugal,0.494173,NEGATIVE
10,Local-gov,Bachelors,1,Married-civ-spouse,Tech-support,Not-in-family,White,Female,87500,108,89,Guatemala,0.511725,POSITIVE
10,Local-gov,Bachelors,1,Married-civ-spouse,Tech-support,Not-in-family,White,Male,87500,108,89,Guatemala,0.498816,NEGATIVE
13,State-gov,11th,3,Divorced,Other-service,Other-relative,Asian-Pac-Islander,Female,82500,1415,92,Dominican-Republic,0.485221,NEGATIVE
13,State-gov,11th,3,Divorced,Other-service,Other-relative,Asian-Pac-Islander,Male,82500,1415,92,Dominican-Republic,0.509999,POSITIVE
15,State-gov,Prof-school,2,Never-married,Sales,Other-relative,Amer-Indian-Eskimo,Female,82500,544,94,Ecuador,0.478338,NEGATIVE
15,State-gov,Prof-school,2,Never-married,Sales,Other-relative,Amer-Indian-Eskimo,Male,82500,544,94,Ecuador,0.517381,POSITIVE
12,Local-gov,12th,2,Widowed,Craft-repair,Not-in-family,Asian-Pac-Islander,Female,77500,2504,66,Scotland,0.513911,POSITIVE
12,Local-gov,12th,2,Widowed,Craft-repair,Not-in-family,Asian-Pac-Islander,Male,77500,2504,66,Scotland,0.493397,NEGATIVE
11,Local-gov,12th,1,Widowed,Craft-repair,Not-in-family,White,Female,77500,108,65,Nicaragua,0.506413,POSITIVE
11,Local-gov,12th,1,Widowed,Craft-repair,Not-in-family,White,Male,77500,108,65,Nicaragua,0.497185,NEGATIVE
11,Local-gov,Some-college,1,Widowed,Craft-repair,Not-in-family,White,Female,77500,2286,90,Cuba,0.492884,NEGATIVE
11,Local-gov,Some-college,1,Widowed,Craft-repair,Not-in-family,White,Male,77500,2286,90,Cuba,0.511588,POSITIVE
11,Local-gov,12th,1,Widowed,Craft-repair,Not-in-family,White,Female,77500,1197,90,Cuba,0.498696,NEGATIVE
11,Local-gov,12th,1,Widowed,Craft-repair,Not-in-family,White,Male,77500,1197,90,Cuba,0.519084,POSITIVE
35,Local-gov,Some-college,2,Widowed,Craft-repair,Not-in-family,Asian-Pac-Islander,Female,67500,2504,91,Scotland,0.495117,NEGATIVE
35,Local-gov,Some-college,2,Widowed,Craft-repair,Not-in-family,Asian-Pac-Islander,Male,67500,2504,91,Scotland,0.520087,POSITIVE
38,State-gov,10th,4,Married-spouse-absent,Sales,Other-relative,Amer-Indian-Eskimo,Female,62500,2722,94,El-Salvador,0.490884,NEGATIVE
38,State-gov,10th,4,Married-spouse-absent,Sales,Other-relative,Amer-Indian-Eskimo,Male,62500,2722,94,El-Salvador,0.501531,POSITIVE
33,Local-gov,7th-8th,1,Widowed,Tech-support,Wife,White,Female,52500,3375,76,Guatemala,0.498467,NEGATIVE
33,Local-gov,7th-8th,1,Widowed,Tech-support,Wife,White,Male,52500,3375,76,Guatemala,0.502787,POSITIVE
45,Local-gov,12th,1,Widowed,Craft-repair,Not-in-family,White,Female,52500,2286,77,Nicaragua,0.499010,NEGATIVE
45,Local-gov,12th,1,Widowed,Craft-repair,Not-in-family,White,Male,52500,2286,77,Nicaragua,0.502957,POSITIVE
37,State-gov,1st-4th,3,Married-spouse-absent,Other-service,Other-relative,Amer-Indian-Eskimo,Female,52500,3811,93,Laos,0.467265,NEGATIVE
37,State-gov,1st-4th,3,Married-spouse-absent,Other-service,Other-relative,Amer-Indian-Eskimo,Male,52500,3811,93,Laos,0.500520,POSITIVE
37,State-gov,1st-4th,3,Married-spouse-absent,Other-service,Other-relative,Amer-Indian-Eskimo,Female,52500,2722,93,Laos,0.483558,NEGATIVE
37,State-gov,1st-4th,3,Married-spouse-absent,Other-service,Other-relative,Amer-Indian-Eskimo,Male,52500,2722,93,Laos,0.525786,POSITIVE
40,State-gov,Assoc-acdm,5,Married-spouse-absent,Exec-managerial,Other-relative,Other,Female,57500,4029,96,Trinadad&Tobago,0.499322,NEGATIVE
40,State-gov,Assoc-acdm,5,Married-spouse-absent,Exec-managerial,Other-relative,Other,Male,57500,4029,96,Trinadad&Tobago,0.533447,POSITIVE
45,Local-gov,Some-college,1,Widowed,Craft-repair,Not-in-family,White,Female,52500,2286,90,Nicaragua,0.474764,NEGATIVE
45,Local-gov,Some-college,1,Widowed,Craft-repair,Not-in-family,White,Male,52500,2286,90,Nicaragua,0.501863,POSITIVE
35,Self-emp-not-inc,Some-college,2,Widowed,Craft-repair,Not-in-family,Asian-Pac-Islander,Female,52500,2504,91,Scotland,0.494172,NEGATIVE
35,Self-emp-not-inc,Some-college,2,Widowed,Craft-repair,Not-in-family,Asian-Pac-Islander,Male,52500,2504,91,Scotland,0.514003,POSITIVE
45,Local-gov,Bachelors,1,Widowed,Tech-support,Not-in-family,White,Female,52500,3375,76,Guatemala,0.495855,NEGATIVE
45,Local-gov,Bachelors,1,Widowed,Tech-support,Not-in-family,White,Male,52500,3375,76,Guatemala,0.522473,POSITIVE
45,Local-gov,Bachelors,1,Widowed,Tech-support,Not-in-family,White,Female,52500,2286,76,Guatemala,0.482326,NEGATIVE
45,Local-gov,Bachelors,1,Widowed,Tech-support,Not-in-family,White,Male,52500,2286,76,Guatemala,0.515929,POSITIVE
35,Local-gov,Some-college,2,Widowed,Craft-repair,Not-in-family,Asian-Pac-Islander,Female,62500,2504,78,Scotland,0.489761,NEGATIVE
35,Local-gov,Some-college,2,Widowed,Craft-repair,Not-in-family,Asian-Pac-Islander,Male,62500,2504,78,Scotland,0.515309,POSITIVE
34,Local-gov,Some-college,1,Widowed,Craft-repair,Not-in-family,White,Female,52500,3375,77,Ireland,0.489188,NEGATIVE
34,Local-gov,Some-college,1,Widowed,Craft-repair,Not-in-family,White,Male,52500,3375,77,Ireland,0.523125,POSITIVE
34,Local-gov,Some-college,1,Widowed,Craft-repair,Not-in-family,White,Female,52500,2286,77,Ireland,0.499960,NEGATIVE
34,Local-gov,Some-college,1,Widowed,Craft-repair,Not-in-family,White,Male,52500,2286,77,Ireland,0.529393,POSITIVE
45,Local-gov,7th-8th,1,Married-civ-spouse,Tech-support,Not-in-family,White,Female,67500,2286,89,Guatemala,0.506890,POSITIVE
45,Local-gov,7th-8th,1,Married-civ-spouse,Tech-support,Not-in-family,White,Male,67500,2286,89,Guatemala,0.496244,NEGATIVE
34,Local-gov,12th,1,Married-civ-spouse,Craft-repair,Not-in-family,White,Female,67500,2286,90,Nicaragua,0.499668,NEGATIVE
34,Local-gov,12th,1,Married-civ-spouse,Craft-repair,Not-in-family,White,Male,67500,2286,90,Nicaragua,0.501708,POSITIVE
47,State-gov,Masters,3,Divorced,Other-service,Other-relative,Asian-Pac-Islander,Female,52500,3593,92,Thailand,0.510342,POSITIVE
47,State-gov,Masters,3,Divorced,Other-service,Other-relative,Asian-Pac-Islander,Male,52500,3593,92,Thailand,0.499992,NEGATIVE
35,Local-gov,12th,2,Divorced,Craft-repair,Not-in-family,Asian-Pac-Islander,Female,52500,3593,91,Scotland,0.506958,POSITIVE
35,Local-gov,12th,2,Divorced,Craft-repair,Not-in-family,Asian-Pac-Islander,Male,52500,3593,91,Scotland,0.489179,NEGATIVE
45,Local-gov,7th-8th,1,Married-civ-spouse,Tech-support,Not-in-family,White,Female,62500,2286,76,Guatemala,0.510010,POSITIVE
45,Local-gov,7th-8th,1,Married-civ-spouse,Tech-support,Not-in-family,White,Male,62500,2286,76,Guatemala,0.499378,NEGATIVE
35,Local-gov,12th,2,Divorced,Craft-repair,Not-in-family,Asian-Pac-Islander,Female,52500,3593,91,France,0.519889,POSITIVE
35,Local-gov,12th,2,Divorced,Craft-repair,Not-in-family,Asian-Pac-Islander,Male,52500,3593,91,France,0.488406,NEGATIVE
48,State-gov,1st-4th,3,Divorced,Other-service,Other-relative,Amer-Indian-Eskimo,Female,52500,2722,93,Laos,0.490179,NEGATIVE
48,State-gov,1st-4th,3,Divorced,Other-service,Other-relative,Amer-Indian-Eskimo,Male,52500,2722,93,Laos,0.501095,POSITIVE
35,Local-gov,12th,2,Divorced,Craft-repair,Wife,Asian-Pac-Islander,Female,52500,2504,91,France,0.512285,POSITIVE
35,Local-gov,12th,2,Divorced,Craft-repair,Wife,Asian-Pac-Islander,Male,52500,2504,91,France,0.485081,NEGATIVE
47,State-gov,Masters,3,Divorced,Other-service,Other-relative,Asian-Pac-Islander,Female,52500,2504,79,Dominican-Republic,0.497649,NEGATIVE
47,State-gov,Masters,3,Divorced,Other-service,Other-relative,Asian-Pac-Islander,Male,52500,2504,79,Dominican-Republic,0.507414,POSITIVE
45,Local-gov,Bachelors,1,Married-civ-spouse,Tech-support,Not-in-family,White,Female,52500,3375,89,Guatemala,0.500377,POSITIVE
45,Local-gov,Bachelors,1,Married-civ-spouse,Tech-support,Not-in-family,White,Male,52500,3375,89,Guatemala,0.498950,NEGATIVE
50,State-gov,Prof-school,5,Never-married,Exec-managerial,Other-relative,Amer-Indian-Eskimo,Female,57500,2722,95,El-Salvador,0.484506,NEGATIVE
50,State-gov,Prof-school,5,Never-married,Exec-managerial,Other-relative,Amer-Indian-Eskimo,Male,57500,2722,95,El-Salvador,0.509855,POSITIVE
51,State-gov,Doctorate,5,Never-married,Exec-managerial,Other-relative,Other,Female,72500,762,96,Trinadad&Tobago,0.487933,NEGATIVE
51,State-gov,Doctorate,5,Never-married,Exec-managerial,Other-relative,Other,Male,72500,762,96,Trinadad&Tobago,0.517446,POSITIVE
42,Without-pay,5th-6th,7,Separated,Prof-specialty,Unmarried,Black,Female,72500,980,98,Hong,0.496700,NEGATIVE
42,Without-pay,5th-6th,7,Separated,Prof-specialty,Unmarried,Black,Male,72500,980,98,Hong,0.518540,POSITIVE
47,State-gov,Masters,1,Divorced,Other-service,Other-relative,Asian-Pac-Islander,Female,67500,1415,79,Thailand,0.501958,POSITIVE
47,State-gov,Masters,1,Divorced,Other-service,Other-relative,Asian-Pac-Islander,Male,67500,1415,79,Thailand,0.494592,NEGATIVE
46,Local-gov,12th,1,Divorced,Craft-repair,Not-in-family,Asian-Pac-Islander,Female,67500,326,78,Scotland,0.501821,POSITIVE
46,Local-gov,12th,1,Divorced,Craft-repair,Not-in-family,Asian-Pac-Islander,Male,67500,326,78,Scotland,0.496002,NEGATIVE
48,State-gov,HS-grad,2,Divorced,Other-service,Other-relative,Amer-Indian-Eskimo,Female,67500,1633,93,Yugoslavia,0.493278,NEGATIVE
48,State-gov,HS-grad,2,Divorced,Other-service,Other-relative,Amer-Indian-Eskimo,Male,67500,1633,93,Yugoslavia,0.535354,POSITIVE
34,Local-gov,Some-college,1,Married-civ-spouse,Craft-repair,Not-in-family,White,Female,67500,1197,90,Nicaragua,0.482071,NEGATIVE
34,Local-gov,Some-college,1,Married-civ-spouse,Craft-repair,Not-in-family,White,Male,67500,1197,90,Nicaragua,0.505937,POSITIVE
33,Local-gov,Bachelors,1,Married-civ-spouse,Tech-support,Not-in-family,White,Female,67500,108,89,Guatemala,0.482979,NEGATIVE
33,Local-gov,Bachelors,1,Married-civ-spouse,Tech-support,Not-in-family,White,Male,67500,108,89,Guatemala,0.516150,POSITIVE
48,State-gov,1st-4th,3,Married-spouse-absent,Other-service,Other-relative,Amer-Indian-Eskimo,Female,57500,1633,93,Yugoslavia,0.448570,NEGATIVE
48,State-gov,1st-4th,3,Married-spouse-absent,Other-service,Other-relative,Amer-Indian-Eskimo,Male,57500,1633,93,Yugoslavia,0.508521,POSITIVE
34,Private,12th,1,Widowed,Craft-repair,Not-in-family,White,Female,52500,1197,90,Nicaragua,0.489618,NEGATIVE
34,Private,12th,1,Widowed,Craft-repair,Not-in-family,White,Male,52500,1197,90,Nicaragua,0.514563,POSITIVE
33,Private,7th-8th,1,Widowed,Tech-support,Not-in-family,White,Female,52500,108,89,Guatemala,0.470768,NEGATIVE
33,Private,7th-8th,1,Widowed,Tech-support,Not-in-family,White,Male,52500,108,89,Guatemala,0.515952,POSITIVE
45,Local-gov,7th-8th,1,Widowed,Tech-support,Wife,White,Female,52500,108,89,Guatemala,0.490038,NEGATIVE
45,Local-gov,7th-8th,1,Widowed,Tech-support,Wife,White,Male,52500,108,89,Guatemala,0.501780,POSITIVE
37,State-gov,1st-4th,3,Married-spouse-absent,Other-service,Own-child,Amer-Indian-Eskimo,Female,52500,544,93,Yugoslavia,0.487361,NEGATIVE
37,State-gov,1st-4th,3,Married-spouse-absent,Other-service,Own-child,Amer-Indian-Eskimo,Male,52500,544,93,Yugoslavia,0.525626,POSITIVE
34,Local-gov,12th,1,Widowed,Craft-repair,Not-in-family,White,Female,62500,1197,77,Nicaragua,0.497821,NEGATIVE
34,Local-gov,12th,1,Widowed,Craft-repair,Not-in-family,White,Male,62500,1197,77,Nicaragua,0.504368,POSITIVE
46,Local-gov,12th,2,Widowed,Craft-repair,Not-in-family,Asian-Pac-Islander,Female,52500,1415,78,Scotland,0.497793,NEGATIVE
46,Local-gov,12th,2,Widowed,Craft-repair,Not-in-family,Asian-Pac-Islander,Male,52500,1415,78,Scotland,0.513606,POSITIVE
36,State-gov,Masters,3,Married-spouse-absent,Other-service,Other-relative,Asian-Pac-Islander,Female,52500,1415,92,Dominican-Republic,0.470135,NEGATIVE
36,State-gov,Masters,3,Married-spouse-absent,Other-service,Other-relative,Asian-Pac-Islander,Male,52500,1415,92,Dominican-Republic,0.518300,POSITIVE
33,Local-gov,7th-8th,1,Widowed,Tech-support,Not-in-family,White,Female,52500,1197,76,Portugal,0.474167,NEGATIVE
33,Local-gov,7th-8th,1,Widowed,Tech-support,Not-in-family,White,Male,52500,1197,76,Portugal,0.504430,POSITIVE
39,State-gov,Prof-school,5,Married-spouse-absent,Exec-managerial,Other-relative,Amer-Indian-Eskimo,Female,57500,1633,95,El-Salvador,0.496198,NEGATIVE
39,State-gov,Prof-school,5,Married-spouse-absent,Exec-managerial,Other-relative,Amer-Indian-Eskimo,Male,57500,1633,95,El-Salvador,0.531234,POSITIVE
36,State-gov,11th,3,Married-spouse-absent,Other-service,Own-child,Asian-Pac-Islander,Female,52500,1415,92,Thailand,0.486549,NEGATIVE
36,State-gov,11th,3,Married-spouse-absent,Other-service,Own-child,Asian-Pac-Islander,Male,52500,1415,92,Thailand,0.519534,POSITIVE
36,State-gov,11th,3,Married-spouse-absent,Other-service,Other-relative,Asian-Pac-Islander,Female,57500,326,92,Thailand,0.438209,NEGATIVE
36,State-gov,11th,3,Married-spouse-absent,Other-service,Other-relative,Asian-Pac-Islander,Male,57500,326,92,Thailand,0.500490,POSITIVE
34,Local-gov,Some-college,1,Widowed,Craft-repair,Wife,White,Female,52500,108,90,Nicaragua,0.497886,NEGATIVE
34,Local-gov,Some-college,1,Widowed,Craft-repair,Wife,White,Male,52500,108,90,Nicaragua,0.535151,POSITIVE
35,Local-gov,Some-college,2,Widowed,Craft-repair,Not-in-family,Asian-Pac-Islander,Female,52500,326,78,Scotland,0.481365,NEGATIVE
35,Local-gov,Some-college,2,Widowed,Craft-repair,Not-in-family,Asian-Pac-Islander,Male,52500,326,78,Scotland,0.533632,POSITIVE
34,Local-gov,Some-college,1,Widowed,Craft-repair,Not-in-family,White,Female,52500,1197,90,Ireland,0.466824,NEGATIVE
34,Local-gov,Some-college,1,Widowed,Craft-repair,Not-in-family,White,Male,52500,1197,90,Ireland,0.511288,POSITIVE
45,Local-gov,7th-8th,9,Married-civ-spouse,Tech-support,Not-in-family,White,Female,52500,1197,89,Guatemala,0.491858,NEGATIVE
45,Local-gov,7th-8th,9,Married-civ-spouse,Tech-support,Not-in-family,White,Male,52500,1197,89,Guatemala,0.503617,POSITIVE
36,State-gov,Masters,11,Divorced,Other-service,Other-relative,Asian-Pac-Islander,Female,52500,326,92,Thailand,0.470235,NEGATIVE
36,State-gov,Masters,11,Divorced,Other-service,Other-relative,Asian-Pac-Islander,Male,52500,326,92,Thailand,0.502494,POSITIVE
37,Local-gov,12th,10,Divorced,Craft-repair,Not-in-family,Asian-Pac-Islander,Female,52500,326,78,Scotland,0.476196,NEGATIVE
37,Local-gov,12th,10,Divorced,Craft-repair,Not-in-family,Asian-Pac-Islander,Male,52500,326,78,Scotland,0.508303,POSITIVE
47,State-gov,Masters,3,Divorced,Farming-fishing,Other-relative,Asian-Pac-Islander,Female,52500,1415,92,Thailand,0.488568,NEGATIVE
47,State-gov,Masters,3,Divorced,Farming-fishing,Other-relative,Asian-Pac-Islander,Male,52500,1415,92,Thailand,0.512195,POSITIVE
45,Local-gov,12th,1,Married-civ-spouse,Adm-clerical,Not-in-family,White,Female,52500,108,90,Nicaragua,0.473477,NEGATIVE
45,Local-gov,12th,1,Married-civ-spouse,Adm-clerical,Not-in-family,White,Male,52500,108,90,Nicaragua,0.523036,POSITIVE
35,Local-gov,12th,2,Divorced,Adm-clerical,Not-in-family,Asian-Pac-Islander,Female,62500,326,91,Scotland,0.463464,NEGATIVE
35,Local-gov,12th,2,Divorced,Adm-clerical,Not-in-family,Asian-Pac-Islander,Male,62500,326,91,Scotland,0.509532,POSITIVE
37,State-gov,1st-4th,3,Divorced,Farming-fishing,Other-relative,Amer-Indian-Eskimo,Female,52500,544,93,Yugoslavia,0.445297,NEGATIVE
37,State-gov,1st-4th,3,Divorced,Farming-fishing,Other-relative,Amer-Indian-Eskimo,Male,52500,544,93,Yugoslavia,0.506139,POSITIVE
45,Local-gov,7th-8th,1,Married-civ-spouse,Machine-op-inspct,Not-in-family,White,Female,52500,108,76,Guatemala,0.468539,NEGATIVE
45,Local-gov,7th-8th,1,Married-civ-spouse,Machine-op-inspct,Not-in-family,White,Male,52500,108,76,Guatemala,0.512545,POSITIVE
36,State-gov,Masters,3,Divorced,Farming-fishing,Other-relative,Asian-Pac-Islander,Female,52500,326,79,Thailand,0.484823,NEGATIVE
36,State-gov,Masters,3,Divorced,Farming-fishing,Other-relative,Asian-Pac-Islander,Male,52500,326,79,Thailand,0.521549,POSITIVE
36,State-gov,11th,3,Divorced,Farming-fishing,Other-relative,Asian-Pac-Islander,Female,52500,326,92,Thailand,0.486974,NEGATIVE
36,State-gov,11th,3,Divorced,Farming-fishing,Other-relative,Asian-Pac-Islander,Male,52500,326,92,Thailand,0.529104,POSITIVE
34,Local-gov,Some-college,1,Married-civ-spouse,Adm-clerical,Not-in-family,White,Female,52500,108,77,Nicaragua,0.466765,NEGATIVE
34,Local-gov,Some-college,1,Married-civ-spouse,Adm-clerical,Not-in-family,White,Male,52500,108,77,Nicaragua,0.505570,POSITIVE
45,Local-gov,12th,1,Married-civ-spouse,Craft-repair,Wife,White,Female,62500,1197,90,Nicaragua,0.487120,NEGATIVE
45,Local-gov,12th,1,Married-civ-spouse,Craft-repair,Wife,White,Male,62500,1197,90,Nicaragua,0.501196,POSITIVE
52,State-gov,5th-6th,7,Separated,Prof-specialty,Other-relative,Black,Female,62500,980,98,Hong,0.492405,NEGATIVE
52,State-gov,5th-6th,7,Separated,Prof-specialty,Other-relative,Black,Male,62500,980,98,Hong,0.531795,POSITIVE
45,Self-emp-not-inc,12th,1,Married-civ-spouse,Craft-repair,Not-in-family,White,Female,52500,1197,77,Nicaragua,0.500513,POSITIVE
45,Self-emp-not-inc,12th,1,Married-civ-spouse,Craft-repair,Not-in-family,White,Male,52500,1197,77,Nicaragua,0.498361,NEGATIVE
48,Local-gov,Doctorate,5,Never-married,Exec-managerial,Other-relative,Other,Female,57500,762,84,Trinadad&Tobago,0.491557,NEGATIVE
48,Local-gov,Doctorate,5,Never-married,Exec-managerial,Other-relative,Other,Male,57500,762,84,Trinadad&Tobago,0.527049,POSITIVE
50,State-gov,10th,4,Never-married,Sales,Own-child,Amer-Indian-Eskimo,Female,57500,544,82,El-Salvador,0.481534,NEGATIVE
50,State-gov,10th,4,Never-married,Sales,Own-child,Amer-Indian-Eskimo,Male,57500,544,82,El-Salvador,0.512991,POSITIVE
40,State-gov,Doctorate,5,Never-married,Exec-managerial,Own-child,Other,Female,57500,762,84,Trinadad&Tobago,0.497991,NEGATIVE
40,State-gov,Doctorate,5,Never-married,Exec-managerial,Own-child,Other,Male,57500,762,84,Trinadad&Tobago,0.532660,POSITIVE
44,Federal-gov,Prof-school,4,Never-married,Sales,Not-in-family,Amer-Indian-Eskimo,Female,57500,1197,94,El-Salvador,0.485868,NEGATIVE
44,Federal-gov,Prof-school,4,Never-married,Sales,Not-in-family,Amer-Indian-Eskimo,Male,57500,1197,94,El-Salvador,0.519159,POSITIVE
47,State-gov,11th,3,Divorced,Other-service,Other-relative,Asian-Pac-Islander,Female,62500,1415,79,Thailand,0.489740,NEGATIVE
47,State-gov,11th,3,Divorced,Other-service,Other-relative,Asian-Pac-Islander,Male,62500,1415,79,Thailand,0.513936,POSITIVE
45,Local-gov,Bachelors,1,Married-civ-spouse,Tech-support,Wife,White,Female,52500,1197,76,Guatemala,0.488534,NEGATIVE
45,Local-gov,Bachelors,1,Married-civ-spouse,Tech-support,Wife,White,Male,52500,1197,76,Guatemala,0.502826,POSITIVE
41,Self-emp-inc,HS-grad,3,Divorced,Other-service,Other-relative,Amer-Indian-Eskimo,Female,57500,544,80,Yugoslavia,0.489074,NEGATIVE
41,Self-emp-inc,HS-grad,3,Divorced,Other-service,Other-relative,Amer-Indian-Eskimo,Male,57500,544,80,Yugoslavia,0.508673,POSITIVE
45,Local-gov,Bachelors,1,Married-civ-spouse,Tech-support,Wife,White,Female,52500,108,76,Guatemala,0.490741,NEGATIVE
45,Local-gov,Bachelors,1,Married-civ-spouse,Tech-support,Wife,White,Male,52500,108,76,Guatemala,0.502319,POSITIVE
39,State-gov,10th,5,Never-married,Exec-managerial,Other-relative,Amer-Indian-Eskimo,Female,62500,1633,95,Ecuador,0.496850,NEGATIVE
39,State-gov,10th,5,Never-married,Exec-managerial,Other-relative,Amer-Indian-Eskimo,Male,62500,1633,95,Ecuador,0.513022,POSITIVE
35,Self-emp-not-inc,12th,2,Divorced,Craft-repair,Not-in-family,Asian-Pac-Islander,Female,52500,1415,91,France,0.499695,NEGATIVE
35,Self-emp-not-inc,12th,2,Divorced,Craft-repair,Not-in-family,Asian-Pac-Islander,Male,52500,1415,91,France,0.511444,POSITIVE
45,Local-gov,7th-8th,1,Married-civ-spouse,Tech-support,Wife,White,Female,52500,1197,89,Portugal,0.489344,NEGATIVE
45,Local-gov,7th-8th,1,Married-civ-spouse,Tech-support,Wife,White,Male,52500,1197,89,Portugal,0.506282,POSITIVE
50,State-gov,10th,4,Never-married,Sales,Other-relative,Amer-Indian-Eskimo,Female,57500,544,94,Ecuador,0.476641,NEGATIVE
50,State-gov,10th,4,Never-married,Sales,Other-relative,Amer-Indian-Eskimo,Male,57500,544,94,Ecuador,0.509428,POSITIVE
33,Local-gov,7th-8th,1,Married-civ-spouse,Tech-support,Not-in-family,White,Female,62500,108,89,Portugal,0.487473,NEGATIVE
33,Local-gov,7th-8th,1,Married-civ-spouse,Tech-support,Not-in-family,White,Male,62500,108,89,Portugal,0.510043,POSITIVE
34,Self-emp-not-inc,12th,1,Married-civ-spouse,Craft-repair,Not-in-family,White,Female,52500,108,90,Ireland,0.495354,NEGATIVE
34,Self-emp-not-inc,12th,1,Married-civ-spouse,Craft-repair,Not-in-family,White,Male,52500,108,90,Ireland,0.508303,POSITIVE
45,Local-gov,12th,1,Married-civ-spouse,Craft-repair,Wife,White,Female,52500,108,90,Ireland,0.480541,NEGATIVE
45,Local-gov,12th,1,Married-civ-spouse,Craft-repair,Wife,White,Male,52500,108,90,Ireland,0.502018,POSITIVE
40,State-gov,Doctorate,5,Never-married,Exec-managerial,Own-child,Other,Female,57500,762,96,Taiwan,0.483177,NEGATIVE
40,State-gov,Doctorate,5,Never-married,Exec-managerial,Own-child,Other,Male,57500,762,96,Taiwan,0.517917,POSITIVE
50,State-gov,10th,4,Never-married,Sales,Other-relative,Amer-Indian-Eskimo,Female,57500,1633,82,Ecuador,0.489396,NEGATIVE
50,State-gov,10th,4,Never-married,Sales,Other-relative,Amer-Indian-Eskimo,Male,57500,1633,82,Ecuador,0.520833,POSITIVE
35,Local-gov,12th,2,Divorced,Craft-repair,Not-in-family,Asian-Pac-Islander,Female,62500,1415,78,France,0.486012,NEGATIVE
35,Local-gov,12th,2,Divorced,Craft-repair,Not-in-family,Asian-Pac-Islander,Male,62500,1415,78,France,0.502464,POSITIVE
47,State-gov,Masters,3,Divorced,Other-service,Other-relative,Asian-Pac-Islander,Female,52500,326,79,Dominican-Republic,0.482645,NEGATIVE
47,State-gov,Masters,3,Divorced,Other-service,Other-relative,Asian-Pac-Islander,Male,52500,326,79,Dominican-Republic,0.517196,POSITIVE
42,Without-pay,5th-6th,7,Separated,Prof-specialty,Unmarried,Black,Female,57500,980,86,Columbia,0.480129,NEGATIVE
42,Without-pay,5th-6th,7,Separated,Prof-specialty,Unmarried,Black,Male,57500,980,86,Columbia,0.518575,POSITIVE
37,State-gov,1st-4th,3,Divorced,Other-service,Own-child,Amer-Indian-Eskimo,Female,52500,544,80,Laos,0.499966,NEGATIVE
37,State-gov,1st-4th,3,Divorced,Other-service,Own-child,Amer-Indian-Eskimo,Male,52500,544,80,Laos,0.504995,POSITIVE
40,State-gov,Assoc-acdm,5,Never-married,Exec-managerial,Other-relative,Other,Female,57500,762,96,Taiwan,0.496760,NEGATIVE
40,State-gov,Assoc-acdm,5,Never-married,Exec-managerial,Other-relative,Other,Male,57500,762,96,Taiwan,0.532884,POSITIVE
36,State-gov,11th,3,Divorced,Other-service,Other-relative,Asian-Pac-Islander,Female,52500,1415,79,Dominican-Republic,0.485553,NEGATIVE
36,State-gov,11th,3,Divorced,Other-service,Other-relative,Asian-Pac-Islander,Male,52500,1415,79,Dominican-Republic,0.509323,POSITIVE
34,Local-gov,Some-college,1,Married-civ-spouse,Craft-repair,Not-in-family,White,Female,52500,108,77,Ireland,0.499232,NEGATIVE
34,Local-gov,Some-college,1,Married-civ-spouse,Craft-repair,Not-in-family,White,Male,52500,108,77,Ireland,0.519871,POSITIVE
33,Local-gov,7th-8th,1,Widowed,Tech-support,Not-in-family,White,Female,52500,2286,64,Portugal,0.499881,NEGATIVE
33,Local-gov,7th-8th,1,Widowed,Tech-support,Not-in-family,White,Male,52500,2286,64,Portugal,0.510771,POSITIVE
45,Local-gov,7th-8th,1,Married-civ-spouse,Tech-support,Not-in-family,White,Female,52500,2286,64,Portugal,0.508979,POSITIVE
45,Local-gov,7th-8th,1,Married-civ-spouse,Tech-support,Not-in-family,White,Male,52500,2286,64,Portugal,0.494132,NEGATIVE
34,Local-gov,12th,1,Widowed,Craft-repair,Not-in-family,White,Female,52500,108,65,Nicaragua,0.494609,NEGATIVE
34,Local-gov,12th,1,Widowed,Craft-repair,Not-in-family,White,Male,52500,108,65,Nicaragua,0.526569,POSITIVE
33,Local-gov,7th-8th,1,Widowed,Tech-support,Not-in-family,White,Female,52500,108,51,Guatemala,0.480437,NEGATIVE
33,Local-gov,7th-8th,1,Widowed,Tech-support,Not-in-family,White,Male,52500,108,51,Guatemala,0.512795,POSITIVE
37,State-gov,HS-grad,3,Married-spouse-absent,Other-service,Other-relative,Amer-Indian-Eskimo,Female,52500,1633,68,Yugoslavia,0.484411,NEGATIVE
37,State-gov,HS-grad,3,Married-spouse-absent,Other-service,Other-relative,Amer-Indian-Eskimo,Male,52500,1633,68,Yugoslavia,0.500781,POSITIVE
33,Local-gov,Bachelors,1,Widowed,Tech-support,Not-in-family,White,Female,52500,108,64,Guatemala,0.460660,NEGATIVE
33,Local-gov,Bachelors,1,Widowed,Tech-support,Not-in-family,White,Male,52500,108,64,Guatemala,0.511111,POSITIVE
36,State-gov,Masters,3,Divorced,Other-service,Other-relative,Asian-Pac-Islander,Female,62500,1415,67,Thailand,0.501733,POSITIVE
36,State-gov,Masters,3,Divorced,Other-service,Other-relative,Asian-Pac-Islander,Male,62500,1415,67,Thailand,0.493411,NEGATIVE
37,Self-emp-not-inc,12th,2,Divorced,Craft-repair,Not-in-family,Asian-Pac-Islander,Female,52500,326,66,Scotland,0.501055,POSITIVE
37,Self-emp-not-inc,12th,2,Divorced,Craft-repair,Not-in-family,Asian-Pac-Islander,Male,52500,326,66,Scotland,0.499458,NEGATIVE
46,Local-gov,12th,2,Divorced,Craft-repair,Not-in-family,Asian-Pac-Islander,Female,52500,1415,66,France,0.495409,NEGATIVE
46,Local-gov,12th,2,Divorced,Craft-repair,Not-in-family,Asian-Pac-Islander,Male,52500,1415,66,France,0.509165,POSITIVE
50,State-gov,Prof-school,4,Never-married,Sales,Other-relative,Amer-Indian-Eskimo,Female,57500,1633,69,El-Salvador,0.504188,POSITIVE
50,State-gov,Prof-school,4,Never-married,Sales,Other-relative,Amer-Indian-Eskimo,Male,57500,1633,69,El-Salvador,0.496408,NEGATIVE
50,State-gov,Prof-school,4,Never-married,Sales,Other-relative,Amer-Indian-Eskimo,Female,57500,544,69,El-Salvador,0.467305,NEGATIVE
50,State-gov,Prof-school,4,Never-married,Sales,Other-relative,Amer-Indian-Eskimo,Male,57500,544,69,El-Salvador,0.510634,POSITIVE
39,Local-gov,Prof-school,5,Never-married,Exec-managerial,Other-relative,Amer-Indian-Eskimo,Female,57500,544,70,El-Salvador,0.494926,NEGATIVE
39,Local-gov,Prof-school,5,Never-married,Exec-managerial,Other-relative,Amer-Indian-Eskimo,Male,57500,544,70,El-Salvador,0.517359,POSITIVE
13,State-gov,11th,9,Married-spouse-absent,Other-service,Other-relative,Asian-Pac-Islander,Female,67500,2504,92,Thailand,0.499105,NEGATIVE
13,State-gov,11th,9,Married-spouse-absent,Other-service,Other-relative,Asian-Pac-Islander,Male,67500,2504,92,Thailand,0.513149,POSITIVE
10,Local-gov,7th-8th,1,Widowed,Machine-op-inspct,Not-in-family,White,Female,67500,2286,76,Guatemala,0.499873,NEGATIVE
10,Local-gov,7th-8th,1,Widowed,Machine-op-inspct,Not-in-family,White,Male,67500,2286,76,Guatemala,0.500988,POSITIVE
22,Private,12th,1,Widowed,Craft-repair,Not-in-family,White,Female,67500,3375,90,Nicaragua,0.503111,POSITIVE
22,Private,12th,1,Widowed,Craft-repair,Not-in-family,White,Male,67500,3375,90,Nicaragua,0.491582,NEGATIVE
15,Federal-gov,10th,4,Married-spouse-absent,Sales,Not-in-family,Amer-Indian-Eskimo,Female,72500,3811,94,El-Salvador,0.505565,POSITIVE
15,Federal-gov,10th,4,Married-spouse-absent,Sales,Not-in-family,Amer-Indian-Eskimo,Male,72500,3811,94,El-Salvador,0.498711,NEGATIVE
22,Local-gov,7th-8th,1,Widowed,Tech-support,Wife,White,Female,67500,2286,76,Guatemala,0.500845,POSITIVE
22,Local-gov,7th-8th,1,Widowed,Tech-support,Wife,White,Male,67500,2286,76,Guatemala,0.494596,NEGATIVE
16,Self-emp-inc,10th,2,Married-spouse-absent,Exec-managerial,Other-relative,Amer-Indian-Eskimo,Female,72500,3811,83,El-Salvador,0.503994,POSITIVE
16,Self-emp-inc,10th,2,Married-spouse-absent,Exec-managerial,Other-relative,Amer-Indian-Eskimo,Male,72500,3811,83,El-Salvador,0.488416,NEGATIVE
16,State-gov,10th,2,Married-spouse-absent,Exec-managerial,Own-child,Amer-Indian-Eskimo,Female,72500,3811,83,El-Salvador,0.501491,POSITIVE
16,State-gov,10th,2,Married-spouse-absent,Exec-managerial,Own-child,Amer-Indian-Eskimo,Male,72500,3811,83,El-Salvador,0.486336,NEGATIVE
29,Without-pay,5th-6th,3,Married-AF-spouse,Prof-specialty,Unmarried,Other,Female,72500,2940,97,Haiti,0.471748,NEGATIVE
29,Without-pay,5th-6th,3,Married-AF-spouse,Prof-specialty,Unmarried,Other,Male,72500,2940,97,Haiti,0.503767,POSITIVE
22,Local-gov,7th-8th,1,Widowed,Tech-support,Wife,White,Female,67500,2286,89,Portugal,0.500251,POSITIVE
22,Local-gov,7th-8th,1,Widowed,Tech-support,Wife,White,Male,67500,2286,89,Portugal,0.493106,NEGATIVE
13,Self-emp-inc,Masters,3,Married-spouse-absent,Other-service,Own-child,Asian-Pac-Islander,Female,67500,2940,92,Dominican-Republic,0.505426,POSITIVE
13,Self-emp-inc,Masters,3,Married-spouse-absent,Other-service,Own-child,Asian-Pac-Islander,Male,67500,2940,92,Dominican-Republic,0.491945,NEGATIVE
23,Local-gov,12th,2,Widowed,Craft-repair,Not-in-family,Asian-Pac-Islander,Female,67500,2504,78,France,0.497727,NEGATIVE
23,Local-gov,12th,2,Widowed,Craft-repair,Not-in-family,Asian-Pac-Islander,Male,67500,2504,78,France,0.514507,POSITIVE
13,Self-emp-not-inc,Masters,1,Married-spouse-absent,Other-service,Other-relative,Asian-Pac-Islander,Female,67500,3593,79,Dominican-Republic,0.512453,POSITIVE
13,Self-emp-not-inc,Masters,1,Married-spouse-absent,Other-service,Other-relative,Asian-Pac-Islander,Male,67500,3593,79,Dominican-Republic,0.491055,NEGATIVE
14,State-gov,1st-4th,6,Married-spouse-absent,Other-service,Other-relative,Amer-Indian-Eskimo,Female,67500,2722,80,Laos,0.491432,NEGATIVE
14,State-gov,1st-4th,6,Married-spouse-absent,Other-service,Other-relative,Amer-Indian-Eskimo,Male,67500,2722,80,Laos,0.502456,POSITIVE
22,Self-emp-not-inc,Some-college,1,Widowed,Craft-repair,Not-in-family,White,Female,67500,3375,90,Nicaragua,0.488748,NEGATIVE
22,Self-emp-not-inc,Some-college,1,Widowed,Craft-repair,Not-in-family,White,Male,67500,3375,90,Nicaragua,0.516443,POSITIVE
22,Self-emp-not-inc,Some-college,1,Widowed,Craft-repair,Not-in-family,White,Female,67500,2286,90,Nicaragua,0.487159,NEGATIVE
22,Self-emp-not-inc,Some-college,1,Widowed,Craft-repair,Not-in-family,White,Male,67500,2286,90,Nicaragua,0.507374,POSITIVE
19,State-gov,Assoc-voc,7,Married-AF-spouse,Prof-specialty,Other-relative,Black,Female,72500,4029,98,Hong,0.484665,NEGATIVE
19,State-gov,Assoc-voc,7,Married-AF-spouse,Prof-specialty,Other-relative,Black,Male,72500,4029,98,Hong,0.501986,POSITIVE
28,State-gov,Assoc-acdm,3,Married-spouse-absent,Exec-managerial,Other-relative,Other,Female,72500,4029,96,Taiwan,0.497144,NEGATIVE
28,State-gov,Assoc-acdm,3,Married-spouse-absent,Exec-managerial,Other-relative,Other,Male,72500,4029,96,Taiwan,0.531336,POSITIVE
28,State-gov,Assoc-acdm,3,Married-spouse-absent,Exec-managerial,Other-relative,Other,Female,72500,2940,96,Taiwan,0.494402,NEGATIVE
28,State-gov,Assoc-acdm,3,Married-spouse-absent,Exec-managerial,Other-relative,Other,Male,72500,2940,96,Taiwan,0.524096,POSITIVE
16,Local-gov,Prof-school,5,Married-spouse-absent,Exec-managerial,Other-relative,Amer-Indian-Eskimo,Female,72500,3811,95,Ecuador,0.488030,NEGATIVE
16,Local-gov,Prof-school,5,Married-spouse-absent,Exec-managerial,Other-relative,Amer-Indian-Eskimo,Male,72500,3811,95,Ecuador,0.510535,POSITIVE
14,State-gov,HS-grad,3,Married-spouse-absent,Other-service,Own-child,Amer-Indian-Eskimo,Female,67500,3811,93,Laos,0.479546,NEGATIVE
14,State-gov,HS-grad,3,Married-spouse-absent,Other-service,Own-child,Amer-Indian-Eskimo,Male,67500,3811,93,Laos,0.509077,POSITIVE
18,Without-pay,Assoc-voc,6,Married-AF-spouse,Prof-specialty,Unmarried,Other,Female,72500,2940,97,Haiti,0.474781,NEGATIVE
18,Without-pay,Assoc-voc,6,Married-AF-spouse,Prof-specialty,Unmarried,Other,Male,72500,2940,97,Haiti,0.510628,POSITIVE
15,State-gov,Prof-school,4,Married-spouse-absent,Sales,Other-relative,Amer-Indian-Eskimo,Female,72500,3811,82,Ecuador,0.481776,NEGATIVE
15,State-gov,Prof-school,4,Married-spouse-absent,Sales,Other-relative,Amer-Indian-Eskimo,Male,72500,3811,82,Ecuador,0.512925,POSITIVE
16,State-gov,Prof-school,5,Married-spouse-absent,Exec-managerial,Other-relative,Amer-Indian-Eskimo,Female,72500,2722,83,Ecuador,0.486191,NEGATIVE
16,State-gov,Prof-school,5,Married-spouse-absent,Exec-managerial,Other-relative,Amer-Indian-Eskimo,Male,72500,2722,83,Ecuador,0.513129,POSITIVE
12,Local-gov,Some-college,2,Widowed,Craft-repair,Wife,Asian-Pac-Islander,Female,67500,2504,78,France,0.495550,NEGATIVE
12,Local-gov,Some-college,2,Widowed,Craft-repair,Wife,Asian-Pac-Islander,Male,67500,2504,78,France,0.517728,POSITIVE
24,State-gov,Masters,3,Divorced,Other-service,Other-relative,Asian-Pac-Islander,Female,67500,2504,92,Thailand,0.502135,POSITIVE
24,State-gov,Masters,3,Divorced,Other-service,Other-relative,Asian-Pac-Islander,Male,67500,2504,92,Thailand,0.496973,NEGATIVE
12,Local-gov,12th,2,Never-married,Craft-repair,Wife,Asian-Pac-Islander,Female,67500,2504,78,Scotland,0.503564,POSITIVE
12,Local-gov,12th,2,Never-married,Craft-repair,Wife,Asian-Pac-Islander,Male,67500,2504,78,Scotland,0.487437,NEGATIVE
23,Local-gov,12th,1,Divorced,Craft-repair,Not-in-family,Asian-Pac-Islander,Female,67500,3593,91,France,0.503396,POSITIVE
23,Local-gov,12th,1,Divorced,Craft-repair,Not-in-family,Asian-Pac-Islander,Male,67500,3593,91,France,0.496679,NEGATIVE
14,State-gov,1st-4th,2,Divorced,Other-service,Own-child,Amer-Indian-Eskimo,Female,67500,2722,93,Laos,0.501280,POSITIVE
14,State-gov,1st-4th,2,Divorced,Other-service,Own-child,Amer-Indian-Eskimo,Male,67500,2722,93,Laos,0.487651,NEGATIVE
22,Local-gov,12th,1,Never-married,Craft-repair,Not-in-family,White,Female,67500,3375,77,Ireland,0.507164,POSITIVE
22,Local-gov,12th,1,Never-married,Craft-repair,Not-in-family,White,Male,67500,3375,77,Ireland,0.499105,NEGATIVE
15,State-gov,Prof-school,4,Never-married,Sales,Other-relative,Amer-Indian-Eskimo,Female,72500,2722,82,El-Salvador,0.506888,POSITIVE
15,State-gov,Prof-school,4,Never-married,Sales,Other-relative,Amer-Indian-Eskimo,Male,72500,2722,82,El-Salvador,0.498577,NEGATIVE
27,State-gov,Prof-school,2,Never-married,Sales,Other-relative,Amer-Indian-Eskimo,Female,72500,3811,94,Ecuador,0.490290,NEGATIVE
27,State-gov,Prof-school,2,Never-married,Sales,Other-relative,Amer-Indian-Eskimo,Male,72500,3811,94,Ecuador,0.505809,POSITIVE
28,State-gov,Assoc-acdm,3,Never-married,Exec-managerial,Other-relative,Other,Female,72500,2940,96,Taiwan,0.487509,NEGATIVE
28,State-gov,Assoc-acdm,3,Never-married,Exec-managerial,Other-relative,Other,Male,72500,2940,96,Taiwan,0.513555,POSITIVE
11,Local-gov,12th,9,Widowed,Craft-repair,Not-in-family,White,Female,62500,2286,90,Ireland,0.479070,NEGATIVE
11,Local-gov,12th,9,Widowed,Craft-repair,Not-in-family,White,Male,62500,2286,90,Ireland,0.504282,POSITIVE
13,State-gov,Masters,11,Married-spouse-absent,Other-service,Other-relative,Asian-Pac-Islander,Female,52500,2504,92,Dominican-Republic,0.494350,NEGATIVE
13,State-gov,Masters,11,Married-spouse-absent,Other-service,Other-relative,Asian-Pac-Islander,Male,52500,2504,92,Dominican-Republic,0.535399,POSITIVE
11,Local-gov,Some-college,9,Widowed,Craft-repair,Not-in-family,White,Female,62500,3375,90,Nicaragua,0.467939,NEGATIVE
11,Local-gov,Some-college,9,Widowed,Craft-repair,Not-in-family,White,Male,62500,3375,90,Nicaragua,0.502053,POSITIVE
14,State-gov,HS-grad,11,Married-spouse-absent,Other-service,Other-relative,Amer-Indian-Eskimo,Female,57500,2722,93,Yugoslavia,0.498899,NEGATIVE
14,State-gov,HS-grad,11,Married-spouse-absent,Other-service,Other-relative,Amer-Indian-Eskimo,Male,57500,2722,93,Yugoslavia,0.529994,POSITIVE
13,State-gov,11th,11,Married-spouse-absent,Other-service,Other-relative,Asian-Pac-Islander,Female,52500,2504,92,Dominican-Republic,0.490308,NEGATIVE
13,State-gov,11th,11,Married-spouse-absent,Other-service,Other-relative,Asian-Pac-Islander,Male,52500,2504,92,Dominican-Republic,0.531442,POSITIVE
10,Local-gov,Bachelors,9,Widowed,Tech-support,Wife,White,Female,52500,2286,89,Portugal,0.489628,NEGATIVE
10,Local-gov,Bachelors,9,Widowed,Tech-support,Wife,White,Male,52500,2286,89,Portugal,0.516600,POSITIVE
10,Local-gov,Bachelors,9,Widowed,Tech-support,Not-in-family,White,Female,52500,3375,76,Portugal,0.496458,NEGATIVE
10,Local-gov,Bachelors,9,Widowed,Tech-support,Not-in-family,White,Male,52500,3375,76,Portugal,0.538999,POSITIVE
24,Self-emp-not-inc,Masters,3,Married-spouse-absent,Other-service,Other-relative,Asian-Pac-Islander,Female,62500,3593,92,Thailand,0.500256,POSITIVE
24,Self-emp-not-inc,Masters,3,Married-spouse-absent,Other-service,Other-relative,Asian-Pac-Islander,Male,62500,3593,92,Thailand,0.494898,NEGATIVE
25,State-gov,1st-4th,3,Married-spouse-absent,Other-service,Own-child,Amer-Indian-Eskimo,Female,62500,3811,93,Yugoslavia,0.497481,NEGATIVE
25,State-gov,1st-4th,3,Married-spouse-absent,Other-service,Own-child,Amer-Indian-Eskimo,Male,62500,3811,93,Yugoslavia,0.500211,POSITIVE
22,Self-emp-not-inc,12th,1,Widowed,Craft-repair,Wife,White,Female,52500,3375,90,Nicaragua,0.501483,POSITIVE
22,Self-emp-not-inc,12th,1,Widowed,Craft-repair,Wife,White,Male,52500,3375,90,Nicaragua,0.493326,NEGATIVE
29,State-gov,5th-6th,6,Married-AF-spouse,Prof-specialty,Unmarried,Other,Female,62500,2940,97,Peru,0.496073,NEGATIVE
29,State-gov,5th-6th,6,Married-AF-spouse,Prof-specialty,Unmarried,Other,Male,62500,2940,97,Peru,0.502434,POSITIVE
24,Self-emp-inc,Masters,3,Married-spouse-absent,Other-service,Own-child,Asian-Pac-Islander,Female,57500,2504,92,Thailand,0.501216,POSITIVE
24,Self-emp-inc,Masters,3,Married-spouse-absent,Other-service,Own-child,Asian-Pac-Islander,Male,57500,2504,92,Thailand,0.498268,NEGATIVE
27,Federal-gov,10th,4,Married-spouse-absent,Sales,Other-relative,Amer-Indian-Eskimo,Female,57500,3811,94,Ecuador,0.488547,NEGATIVE
27,Federal-gov,10th,4,Married-spouse-absent,Sales,Other-relative,Amer-Indian-Eskimo,Male,57500,3811,94,Ecuador,0.521555,POSITIVE
29,Without-pay,5th-6th,6,Married-AF-spouse,Prof-specialty,Unmarried,Other,Female,57500,2940,97,Haiti,0.481257,NEGATIVE
29,Without-pay,5th-6th,6,Married-AF-spouse,Prof-specialty,Unmarried,Other,Male,57500,2940,97,Haiti,0.520109,POSITIVE
24,Self-emp-not-inc,Masters,3,Married-spouse-absent,Other-service,Other-relative,Asian-Pac-Islander,Female,57500,2504,92,Dominican-Republic,0.486754,NEGATIVE
24,Self-emp-not-inc,Masters,3,Married-spouse-absent,Other-service,Other-relative,Asian-Pac-Islander,Male,57500,2504,92,Dominican-Republic,0.521826,POSITIVE
23,Self-emp-not-inc,12th,2,Widowed,Craft-repair,Not-in-family,Asian-Pac-Islander,Female,52500,3593,78,France,0.495671,NEGATIVE
23,Self-emp-not-inc,12th,2,Widowed,Craft-repair,Not-in-family,Asian-Pac-Islander,Male,52500,3593,78,France,0.508683,POSITIVE
23,Local-gov,12th,2,Widowed,Craft-repair,Wife,Asian-Pac-Islander,Female,52500,3593,78,France,0.492639,NEGATIVE
23,Local-gov,12th,2,Widowed,Craft-repair,Wife,Asian-Pac-Islander,Male,52500,3593,78,France,0.504377,POSITIVE
23,Self-emp-not-inc,12th,2,Widowed,Craft-repair,Not-in-family,Asian-Pac-Islander,Female,52500,2504,78,France,0.484866,NEGATIVE
23,Self-emp-not-inc,12th,2,Widowed,Craft-repair,Not-in-family,Asian-Pac-Islander,Male,52500,2504,78,France,0.508242,POSITIVE
24,State-gov,Masters,3,Married-spouse-absent,Other-service,Own-child,Asian-Pac-Islander,Female,52500,2504,79,Dominican-Republic,0.495227,NEGATIVE
24,State-gov,Masters,3,Married-spouse-absent,Other-service,Own-child,Asian-Pac-Islander,Male,52500,2504,79,Dominican-Republic,0.507441,POSITIVE
11,Private,12th,1,Widowed,Adm-clerical,Not-in-family,White,Female,52500,2286,90,Nicaragua,0.503731,POSITIVE
11,Private,12th,1,Widowed,Adm-clerical,Not-in-family,White,Male,52500,2286,90,Nicaragua,0.497867,NEGATIVE
10,Local-gov,7th-8th,1,Widowed,Machine-op-inspct,Wife,White,Female,52500,2286,76,Guatemala,0.504437,POSITIVE
10,Local-gov,7th-8th,1,Widowed,Machine-op-inspct,Wife,White,Male,52500,2286,76,Guatemala,0.499853,NEGATIVE
11,Local-gov,12th,1,Widowed,Adm-clerical,Not-in-family,White,Female,62500,2286,90,Ireland,0.492398,NEGATIVE
11,Local-gov,12th,1,Widowed,Adm-clerical,Not-in-family,White,Male,62500,2286,90,Ireland,0.514283,POSITIVE
11,Local-gov,12th,1,Widowed,Adm-clerical,Not-in-family,White,Female,52500,2286,77,Ireland,0.484164,NEGATIVE
11,Local-gov,12th,1,Widowed,Adm-clerical,Not-in-family,White,Male,52500,2286,77,Ireland,0.516954,POSITIVE
18,Without-pay,5th-6th,6,Married-AF-spouse,Prof-specialty,Husband,Other,Female,62500,2940,97,Peru,0.500000,POSITIVE
18,Without-pay,5th-6th,6,Married-AF-spouse,Prof-specialty,Husband,Other,Male,62500,2940,97,Peru,0.496516,NEGATIVE
14,Self-emp-not-inc,1st-4th,3,Married-spouse-absent,Other-service,Other-relative,Amer-Indian-Eskimo,Female,62500,3811,80,Yugoslavia,0.506586,POSITIVE
14,Self-emp-not-inc,1st-4th,3,Married-spouse-absent,Other-service,Other-relative,Amer-Indian-Eskimo,Male,62500,3811,80,Yugoslavia,0.486531,NEGATIVE
13,Self-emp-not-inc,Masters,3,Married-spouse-absent,Other-service,Own-child,Asian-Pac-Islander,Female,57500,2504,79,Thailand,0.500733,POSITIVE
13,Self-emp-not-inc,Masters,3,Married-spouse-absent,Other-service,Own-child,Asian-Pac-Islander,Male,57500,2504,79,Thailand,0.493624,NEGATIVE
19,State-gov,5th-6th,7,Married-AF-spouse,Prof-specialty,Other-relative,Black,Female,62500,4029,98,Columbia,0.479408,NEGATIVE
19,State-gov,5th-6th,7,Married-AF-spouse,Prof-specialty,Other-relative,Black,Male,62500,4029,98,Columbia,0.500418,POSITIVE
15,Self-emp-inc,10th,4,Married-spouse-absent,Sales,Other-relative,Amer-Indian-Eskimo,Female,57500,3811,82,Ecuador,0.498361,NEGATIVE
15,Self-emp-inc,10th,4,Married-spouse-absent,Sales,Other-relative,Amer-Indian-Eskimo,Male,57500,3811,82,Ecuador,0.500613,POSITIVE
17,Local-gov,Doctorate,5,Married-spouse-absent,Exec-managerial,Other-relative,Other,Female,62500,2940,84,Taiwan,0.494536,NEGATIVE
17,Local-gov,Doctorate,5,Married-spouse-absent,Exec-managerial,Other-relative,Other,Male,62500,2940,84,Taiwan,0.508513,POSITIVE
16,Self-emp-inc,10th,5,Married-spouse-absent,Exec-managerial,Other-relative,Amer-Indian-Eskimo,Female,57500,2722,83,Ecuador,0.491067,NEGATIVE
16,Self-emp-inc,10th,5,Married-spouse-absent,Exec-managerial,Other-relative,Amer-Indian-Eskimo,Male,57500,2722,83,Ecuador,0.511627,POSITIVE
15,State-gov,10th,4,Married-spouse-absent,Sales,Own-child,Amer-Indian-Eskimo,Female,62500,2722,82,Ecuador,0.497408,NEGATIVE
15,State-gov,10th,4,Married-spouse-absent,Sales,Own-child,Amer-Indian-Eskimo,Male,62500,2722,82,Ecuador,0.502952,POSITIVE
13,State-gov,11th,3,Married-spouse-absent,Farming-fishing,Other-relative,Asian-Pac-Islander,Female,62500,3593,92,Thailand,0.456407,NEGATIVE
13,State-gov,11th,3,Married-spouse-absent,Farming-fishing,Other-relative,Asian-Pac-Islander,Male,62500,3593,92,Thailand,0.511089,POSITIVE
15,State-gov,Prof-school,4,Married-spouse-absent,Transport-moving,Other-relative,Amer-Indian-Eskimo,Female,57500,3811,94,El-Salvador,0.471903,NEGATIVE
15,State-gov,Prof-school,4,Married-spouse-absent,Transport-moving,Other-relative,Amer-Indian-Eskimo,Male,57500,3811,94,El-Salvador,0.500738,POSITIVE
12,Self-emp-not-inc,Some-college,2,Widowed,Adm-clerical,Not-in-family,Asian-Pac-Islander,Female,52500,2504,91,Scotland,0.492769,NEGATIVE
12,Self-emp-not-inc,Some-college,2,Widowed,Adm-clerical,Not-in-family,Asian-Pac-Islander,Male,52500,2504,91,Scotland,0.522719,POSITIVE
12,Local-gov,Some-college,2,Widowed,Adm-clerical,Not-in-family,Asian-Pac-Islander,Female,52500,3593,91,France,0.447590,NEGATIVE
12,Local-gov,Some-college,2,Widowed,Adm-clerical,Not-in-family,Asian-Pac-Islander,Male,52500,3593,91,France,0.504235,POSITIVE
10,Local-gov,Bachelors,1,Widowed,Machine-op-inspct,Wife,White,Female,52500,2286,89,Portugal,0.487536,NEGATIVE
10,Local-gov,Bachelors,1,Widowed,Machine-op-inspct,Wife,White,Male,52500,2286,89,Portugal,0.506528,POSITIVE
13,State-gov,11th,3,Married-spouse-absent,Farming-fishing,Other-relative,Asian-Pac-Islander,Female,52500,3593,79,Thailand,0.492457,NEGATIVE
13,State-gov,11th,3,Married-spouse-absent,Farming-fishing,Other-relative,Asian-Pac-Islander,Male,52500,3593,79,Thailand,0.502192,POSITIVE
10,Local-gov,Bachelors,1,Widowed,Machine-op-inspct,Not-in-family,White,Female,52500,3375,76,Portugal,0.451116,NEGATIVE
10,Local-gov,Bachelors,1,Widowed,Machine-op-inspct,Not-in-family,White,Male,52500,3375,76,Portugal,0.515900,POSITIVE
30,Without-pay,Assoc-voc,7,Married-AF-spouse,Prof-specialty,Unmarried,Black,Female,62500,4247,98,Hong,0.496037,NEGATIVE
30,Without-pay,Assoc-voc,7,Married-AF-spouse,Prof-specialty,Unmarried,Black,Male,62500,4247,98,Hong,0.508431,POSITIVE
25,Self-emp-not-inc,HS-grad,3,Married-spouse-absent,Other-service,Other-relative,Amer-Indian-Eskimo,Female,62500,3811,93,Yugoslavia,0.493170,NEGATIVE
25,Self-emp-not-inc,HS-grad,3,Married-spouse-absent,Other-service,Other-relative,Amer-Indian-Eskimo,Male,62500,3811,93,Yugoslavia,0.506124,POSITIVE
29,State-gov,Assoc-voc,6,Married-AF-spouse,Prof-specialty,Other-relative,Other,Female,62500,2940,97,Peru,0.484155,NEGATIVE
29,State-gov,Assoc-voc,6,Married-AF-spouse,Prof-specialty,Other-relative,Other,Male,62500,2940,97,Peru,0.505758,POSITIVE
28,Local-gov,Assoc-acdm,5,Married-spouse-absent,Exec-managerial,Other-relative,Other,Female,57500,4029,84,Trinadad&Tobago,0.494249,NEGATIVE
28,Local-gov,Assoc-acdm,5,Married-spouse-absent,Exec-managerial,Other-relative,Other,Male,57500,4029,84,Trinadad&Tobago,0.500030,POSITIVE
27,State-gov,Prof-school,4,Married-spouse-absent,Sales,Own-child,Amer-Indian-Eskimo,Female,57500,2722,82,El-Salvador,0.494656,NEGATIVE
27,State-gov,Prof-school,4,Married-spouse-absent,Sales,Own-child,Amer-Indian-Eskimo,Male,57500,2722,82,El-Salvador,0.506992,POSITIVE
27,State-gov,Prof-school,5,Married-spouse-absent,Exec-managerial,Other-relative,Amer-Indian-Eskimo,Female,62500,3811,95,Ecuador,0.491288,NEGATIVE
27,State-gov,Prof-school,5,Married-spouse-absent,Exec-managerial,Other-relative,Amer-Indian-Eskimo,Male,62500,3811,95,Ecuador,0.523188,POSITIVE
22,Local-gov,Bachelors,1,Widowed,Tech-support,Wife,White,Female,62500,3375,89,Portugal,0.472748,NEGATIVE
22,Local-gov,Bachelors,1,Widowed,Tech-support,Wife,White,Male,62500,3375,89,Portugal,0.501427,POSITIVE
28,State-gov,Assoc-acdm,5,Married-spouse-absent,Exec-managerial,Other-relative,Other,Female,57500,2940,96,Taiwan,0.488878,NEGATIVE
28,State-gov,Assoc-acdm,5,Married-spouse-absent,Exec-managerial,Other-relative,Other,Male,57500,2940,96,Taiwan,0.522259,POSITIVE
24,Self-emp-not-inc,11th,3,Married-spouse-absent,Other-service,Other-relative,Asian-Pac-Islander,Female,52500,2504,92,Dominican-Republic,0.491671,NEGATIVE
24,Self-emp-not-inc,11th,3,Married-spouse-absent,Other-service,Other-relative,Asian-Pac-Islander,Male,52500,2504,92,Dominican-Republic,0.520426,POSITIVE
23,Local-gov,Some-college,2,Widowed,Craft-repair,Wife,Asian-Pac-Islander,Female,62500,2504,91,France,0.473908,NEGATIVE
23,Local-gov,Some-college,2,Widowed,Craft-repair,Wife,Asian-Pac-Islander,Male,62500,2504,91,France,0.502006,POSITIVE
27,State-gov,Prof-school,4,Married-spouse-absent,Sales,Own-child,Amer-Indian-Eskimo,Female,57500,2722,94,Ecuador,0.485221,NEGATIVE
27,State-gov,Prof-school,4,Married-spouse-absent,Sales,Own-child,Amer-Indian-Eskimo,Male,57500,2722,94,Ecuador,0.516629,POSITIVE
27,State-gov,Prof-school,5,Married-spouse-absent,Exec-managerial,Other-relative,Amer-Indian-Eskimo,Female,57500,2722,83,Ecuador,0.478372,NEGATIVE
27,State-gov,Prof-school,5,Married-spouse-absent,Exec-managerial,Other-relative,Amer-Indian-Eskimo,Male,57500,2722,83,Ecuador,0.513217,POSITIVE
15,Self-emp-inc,Prof-school,4,Married-spouse-absent,Sales,Own-child,Amer-Indian-Eskimo,Female,57500,3811,94,El-Salvador,0.498400,NEGATIVE
15,Self-emp-inc,Prof-school,4,Married-spouse-absent,Sales,Own-child,Amer-Indian-Eskimo,Male,57500,3811,94,El-Salvador,0.503294,POSITIVE
15,Self-emp-inc,Prof-school,4,Married-spouse-absent,Sales,Own-child,Amer-Indian-Eskimo,Female,62500,2722,94,El-Salvador,0.503255,POSITIVE
15,Self-emp-inc,Prof-school,4,Married-spouse-absent,Sales,Own-child,Amer-Indian-Eskimo,Male,62500,2722,94,El-Salvador,0.491053,NEGATIVE
16,Local-gov,Prof-school,5,Married-spouse-absent,Exec-managerial,Own-child,Amer-Indian-Eskimo,Female,57500,3811,95,Ecuador,0.489088,NEGATIVE
16,Local-gov,Prof-school,5,Married-spouse-absent,Exec-managerial,Own-child,Amer-Indian-Eskimo,Male,57500,3811,95,Ecuador,0.535627,POSITIVE
17,Self-emp-inc,Assoc-acdm,5,Married-spouse-absent,Exec-managerial,Other-relative,Other,Female,57500,2940,96,Taiwan,0.492471,NEGATIVE
17,Self-emp-inc,Assoc-acdm,5,Married-spouse-absent,Exec-managerial,Other-relative,Other,Male,57500,2940,96,Taiwan,0.531214,POSITIVE
14,Self-emp-not-inc,HS-grad,3,Married-spouse-absent,Other-service,Own-child,Amer-Indian-Eskimo,Female,57500,2722,93,Laos,0.483682,NEGATIVE
14,Self-emp-not-inc,HS-grad,3,Married-spouse-absent,Other-service,Own-child,Amer-Indian-Eskimo,Male,57500,2722,93,Laos,0.503379,POSITIVE
16,Local-gov,Prof-school,5,Married-spouse-absent,Exec-managerial,Not-in-family,Amer-Indian-Eskimo,Female,57500,3375,83,Ecuador,0.484637,NEGATIVE
16,Local-gov,Prof-school,5,Married-spouse-absent,Exec-managerial,Not-in-family,Amer-Indian-Eskimo,Male,57500,3375,83,Ecuador,0.527742,POSITIVE
22,Local-gov,7th-8th,1,Married-civ-spouse,Tech-support,Wife,White,Female,52500,2286,76,Guatemala,0.500417,POSITIVE
22,Local-gov,7th-8th,1,Married-civ-spouse,Tech-support,Wife,White,Male,52500,2286,76,Guatemala,0.493194,NEGATIVE
13,Self-emp-inc,Masters,3,Divorced,Other-service,Other-relative,Asian-Pac-Islander,Female,57500,2504,79,Thailand,0.506921,POSITIVE
13,Self-emp-inc,Masters,3,Divorced,Other-service,Other-relative,Asian-Pac-Islander,Male,57500,2504,79,Thailand,0.498637,NEGATIVE
24,State-gov,Masters,3,Divorced,Other-service,Other-relative,Asian-Pac-Islander,Female,62500,3593,92,Dominican-Republic,0.501205,POSITIVE
24,State-gov,Masters,3,Divorced,Other-service,Other-relative,Asian-Pac-Islander,Male,62500,3593,92,Dominican-Republic,0.492996,NEGATIVE
22,Local-gov,12th,1,Married-civ-spouse,Craft-repair,Not-in-family,White,Female,62500,2286,77,Ireland,0.500025,POSITIVE
22,Local-gov,12th,1,Married-civ-spouse,Craft-repair,Not-in-family,White,Male,62500,2286,77,Ireland,0.499112,NEGATIVE
22,Local-gov,7th-8th,1,Married-civ-spouse,Tech-support,Wife,White,Female,52500,2286,76,Portugal,0.515643,POSITIVE
22,Local-gov,7th-8th,1,Married-civ-spouse,Tech-support,Wife,White,Male,52500,2286,76,Portugal,0.499544,NEGATIVE
12,Self-emp-not-inc,12th,2,Divorced,Craft-repair,Not-in-family,Asian-Pac-Islander,Female,52500,3593,91,France,0.511129,POSITIVE
12,Self-emp-not-inc,12th,2,Divorced,Craft-repair,Not-in-family,Asian-Pac-Islander,Male,52500,3593,91,France,0.495452,NEGATIVE
11,Local-gov,12th,1,Married-civ-spouse,Craft-repair,Wife,White,Female,62500,3375,90,Ireland,0.505125,POSITIVE
11,Local-gov,12th,1,Married-civ-spouse,Craft-repair,Wife,White,Male,62500,3375,90,Ireland,0.492133,NEGATIVE
19,State-gov,Assoc-voc,7,Separated,Prof-specialty,Other-relative,Black,Female,62500,3158,98,Hong,0.499765,NEGATIVE
19,State-gov,Assoc-voc,7,Separated,Prof-specialty,Other-relative,Black,Male,62500,3158,98,Hong,0.506000,POSITIVE
15,State-gov,Prof-school,4,Never-married,Sales,Other-relative,Amer-Indian-Eskimo,Female,62500,3811,82,El-Salvador,0.492556,NEGATIVE
15,State-gov,Prof-school,4,Never-married,Sales,Other-relative,Amer-Indian-Eskimo,Male,62500,3811,82,El-Salvador,0.502134,POSITIVE
17,Local-gov,Assoc-acdm,5,Never-married,Exec-managerial,Other-relative,Other,Female,57500,2940,84,Trinadad&Tobago,0.499361,NEGATIVE
17,Local-gov,Assoc-acdm,5,Never-married,Exec-managerial,Other-relative,Other,Male,57500,2940,84,Trinadad&Tobago,0.501668,POSITIVE
18,State-gov,Assoc-voc,6,Never-married,Prof-specialty,Unmarried,Other,Female,62500,4029,97,Haiti,0.475746,NEGATIVE
18,State-gov,Assoc-voc,6,Never-married,Prof-specialty,Unmarried,Other,Male,62500,4029,97,Haiti,0.503982,POSITIVE
13,Self-emp-inc,11th,3,Divorced,Other-service,Own-child,Asian-Pac-Islander,Female,57500,2504,92,Dominican-Republic,0.484915,NEGATIVE
13,Self-emp-inc,11th,3,Divorced,Other-service,Own-child,Asian-Pac-Islander,Male,57500,2504,92,Dominican-Republic,0.503971,POSITIVE
25,State-gov,HS-grad,3,Divorced,Other-service,Other-relative,Amer-Indian-Eskimo,Female,52500,3811,80,Laos,0.498093,NEGATIVE
25,State-gov,HS-grad,3,Divorced,Other-service,Other-relative,Amer-Indian-Eskimo,Male,52500,3811,80,Laos,0.504812,POSITIVE
18,Without-pay,Assoc-voc,6,Never-married,Prof-specialty,Unmarried,Other,Female,57500,4029,85,Haiti,0.497583,NEGATIVE
18,Without-pay,Assoc-voc,6,Never-married,Prof-specialty,Unmarried,Other,Male,57500,4029,85,Haiti,0.508738,POSITIVE
16,Local-gov,Prof-school,5,Never-married,Exec-managerial,Other-relative,Amer-Indian-Eskimo,Female,57500,2722,83,Ecuador,0.494642,NEGATIVE
16,Local-gov,Prof-school,5,Never-married,Exec-managerial,Other-relative,Amer-Indian-Eskimo,Male,57500,2722,83,Ecuador,0.513916,POSITIVE
15,State-gov,10th,10,Married-spouse-absent,Sales,Other-relative,Amer-Indian-Eskimo,Female,72500,544,94,El-Salvador,0.496802,NEGATIVE
15,State-gov,10th,10,Married-spouse-absent,Sales,Other-relative,Amer-Indian-Eskimo,Male,72500,544,94,El-Salvador,0.520102,POSITIVE
10,Local-gov,7th-8th,9,Widowed,Tech-support,Not-in-family,White,Female,67500,1197,76,Guatemala,0.508883,POSITIVE
10,Local-gov,7th-8th,9,Widowed,Tech-support,Not-in-family,White,Male,67500,1197,76,Guatemala,0.494876,NEGATIVE
10,Local-gov,7th-8th,9,Widowed,Tech-support,Not-in-family,White,Female,67500,1197,89,Portugal,0.489576,NEGATIVE
10,Local-gov,7th-8th,9,Widowed,Tech-support,Not-in-family,White,Male,67500,1197,89,Portugal,0.507206,POSITIVE
13,State-gov,11th,11,Married-spouse-absent,Other-service,Other-relative,Asian-Pac-Islander,Female,67500,326,92,Thailand,0.498272,NEGATIVE
13,State-gov,11th,11,Married-spouse-absent,Other-service,Other-relative,Asian-Pac-Islander,Male,67500,326,92,Thailand,0.523895,POSITIVE
13,State-gov,Masters,3,Married-spouse-absent,Farming-fishing,Other-relative,Asian-Pac-Islander,Female,67500,326,92,Thailand,0.484340,NEGATIVE
13,State-gov,Masters,3,Married-spouse-absent,Farming-fishing,Other-relative,Asian-Pac-Islander,Male,67500,326,92,Thailand,0.511858,POSITIVE
10,Local-gov,7th-8th,1,Widowed,Machine-op-inspct,Not-in-family,White,Female,67500,1197,89,Portugal,0.482791,NEGATIVE
10,Local-gov,7th-8th,1,Widowed,Machine-op-inspct,Not-in-family,White,Male,67500,1197,89,Portugal,0.504205,POSITIVE
14,State-gov,HS-grad,2,Married-spouse-absent,Farming-fishing,Other-relative,Amer-Indian-Eskimo,Female,67500,1633,93,Yugoslavia,0.486158,NEGATIVE
14,State-gov,HS-grad,2,Married-spouse-absent,Farming-fishing,Other-relative,Amer-Indian-Eskimo,Male,67500,1633,93,Yugoslavia,0.502651,POSITIVE
10,Local-gov,Bachelors,1,Widowed,Machine-op-inspct,Wife,White,Female,67500,1197,89,Guatemala,0.499817,NEGATIVE
10,Local-gov,Bachelors,1,Widowed,Machine-op-inspct,Wife,White,Male,67500,1197,89,Guatemala,0.517601,POSITIVE
10,Local-gov,Bachelors,1,Widowed,Machine-op-inspct,Not-in-family,White,Female,67500,1197,76,Guatemala,0.494132,NEGATIVE
10,Local-gov,Bachelors,1,Widowed,Machine-op-inspct,Not-in-family,White,Male,67500,1197,76,Guatemala,0.505171,POSITIVE
25,State-gov,1st-4th,6,Married-spouse-absent,Other-service,Other-relative,Amer-Indian-Eskimo,Female,67500,544,93,Yugoslavia,0.483412,NEGATIVE
25,State-gov,1st-4th,6,Married-spouse-absent,Other-service,Other-relative,Amer-Indian-Eskimo,Male,67500,544,93,Yugoslavia,0.505338,POSITIVE
22,Local-gov,12th,1,Widowed,Craft-repair,Wife,White,Female,67500,108,90,Nicaragua,0.501900,POSITIVE
22,Local-gov,12th,1,Widowed,Craft-repair,Wife,White,Male,67500,108,90,Nicaragua,0.492759,NEGATIVE
14,Self-emp-not-inc,1st-4th,6,Married-spouse-absent,Other-service,Other-relative,Amer-Indian-Eskimo,Female,67500,544,93,Yugoslavia,0.482424,NEGATIVE
14,Self-emp-not-inc,1st-4th,6,Married-spouse-absent,Other-service,Other-relative,Amer-Indian-Eskimo,Male,67500,544,93,Yugoslavia,0.505497,POSITIVE
27,State-gov,10th,4,Married-spouse-absent,Sales,Other-relative,Amer-Indian-Eskimo,Female,72500,1633,82,El-Salvador,0.503794,POSITIVE
27,State-gov,10th,4,Married-spouse-absent,Sales,Other-relative,Amer-Indian-Eskimo,Male,72500,1633,82,El-Salvador,0.496505,NEGATIVE
13,Self-emp-inc,Masters,3,Married-spouse-absent,Other-service,Own-child,Asian-Pac-Islander,Female,67500,1415,79,Thailand,0.506823,POSITIVE
13,Self-emp-inc,Masters,3,Married-spouse-absent,Other-service,Own-child,Asian-Pac-Islander,Male,67500,1415,79,Thailand,0.498955,NEGATIVE
17,Self-emp-inc,Doctorate,3,Married-spouse-absent,Exec-managerial,Other-relative,Other,Female,72500,762,84,Trinadad&Tobago,0.510653,POSITIVE
17,Self-emp-inc,Doctorate,3,Married-spouse-absent,Exec-managerial,Other-relative,Other,Male,72500,762,84,Trinadad&Tobago,0.499620,NEGATIVE
10,Local-gov,7th-8th,5,Widowed,Tech-support,Wife,White,Female,67500,108,76,Guatemala,0.505135,POSITIVE
10,Local-gov,7th-8th,5,Widowed,Tech-support,Wife,White,Male,67500,108,76,Guatemala,0.490219,NEGATIVE
25,State-gov,1st-4th,3,Married-spouse-absent,Other-service,Other-relative,Amer-Indian-Eskimo,Female,67500,1633,93,Laos,0.496233,NEGATIVE
25,State-gov,1st-4th,3,Married-spouse-absent,Other-service,Other-relative,Amer-Indian-Eskimo,Male,67500,1633,93,Laos,0.535098,POSITIVE
22,Local-gov,7th-8th,1,Widowed,Tech-support,Not-in-family,White,Female,67500,1197,76,Portugal,0.498468,NEGATIVE
22,Local-gov,7th-8th,1,Widowed,Tech-support,Not-in-family,White,Male,67500,1197,76,Portugal,0.528089,POSITIVE
15,Federal-gov,10th,4,Married-spouse-absent,Sales,Not-in-family,Amer-Indian-Eskimo,Female,72500,1633,94,Ecuador,0.495847,NEGATIVE
15,Federal-gov,10th,4,Married-spouse-absent,Sales,Not-in-family,Amer-Indian-Eskimo,Male,72500,1633,94,Ecuador,0.507928,POSITIVE
17,Local-gov,Doctorate,5,Married-spouse-absent,Exec-managerial,Other-relative,Other,Female,72500,762,96,Taiwan,0.471625,NEGATIVE
17,Local-gov,Doctorate,5,Married-spouse-absent,Exec-managerial,Other-relative,Other,Male,72500,762,96,Taiwan,0.505352,POSITIVE
15,State-gov,10th,4,Married-spouse-absent,Sales,Own-child,Amer-Indian-Eskimo,Female,72500,544,94,Ecuador,0.485776,NEGATIVE
15,State-gov,10th,4,Married-spouse-absent,Sales,Own-child,Amer-Indian-Eskimo,Male,72500,544,94,Ecuador,0.511510,POSITIVE
11,Self-emp-not-inc,12th,1,Widowed,Craft-repair,Not-in-family,White,Female,67500,1197,77,Ireland,0.496385,NEGATIVE
11,Self-emp-not-inc,12th,1,Widowed,Craft-repair,Not-in-family,White,Male,67500,1197,77,Ireland,0.515167,POSITIVE
13,State-gov,Masters,5,Married-spouse-absent,Other-service,Other-relative,Asian-Pac-Islander,Female,67500,326,79,Dominican-Republic,0.496714,NEGATIVE
13,State-gov,Masters,5,Married-spouse-absent,Other-service,Other-relative,Asian-Pac-Islander,Male,67500,326,79,Dominican-Republic,0.511597,POSITIVE
10,Private,Bachelors,1,Widowed,Tech-support,Wife,White,Female,67500,108,89,Guatemala,0.482567,NEGATIVE
10,Private,Bachelors,1,Widowed,Tech-support,Wife,White,Male,67500,108,89,Guatemala,0.503263,POSITIVE
23,Local-gov,Some-college,2,Widowed,Craft-repair,Not-in-family,Asian-Pac-Islander,Female,67500,326,78,Scotland,0.489613,NEGATIVE
23,Local-gov,Some-college,2,Widowed,Craft-repair,Not-in-family,Asian-Pac-Islander,Male,67500,326,78,Scotland,0.520860,POSITIVE
23,Local-gov,Some-college,2,Widowed,Craft-repair,Not-in-family,Asian-Pac-Islander,Female,67500,1415,91,France,0.476734,NEGATIVE
23,Local-gov,Some-college,2,Widowed,Craft-repair,Not-in-family,Asian-Pac-Islander,Male,67500,1415,91,France,0.518378,POSITIVE
17,State-gov,Assoc-acdm,7,Married-spouse-absent,Exec-managerial,Other-relative,Other,Female,72500,1851,96,Taiwan,0.493899,NEGATIVE
17,State-gov,Assoc-acdm,7,Married-spouse-absent,Exec-managerial,Other-relative,Other,Male,72500,1851,96,Taiwan,0.516073,POSITIVE
14,Self-emp-inc,HS-grad,3,Married-spouse-absent,Other-service,Other-relative,Amer-Indian-Eskimo,Female,67500,544,93,Laos,0.493526,NEGATIVE
14,Self-emp-inc,HS-grad,3,Married-spouse-absent,Other-service,Other-relative,Amer-Indian-Eskimo,Male,67500,544,93,Laos,0.510944,POSITIVE
14,State-gov,HS-grad,3,Married-spouse-absent,Other-service,Own-child,Amer-Indian-Eskimo,Female,67500,544,93,Laos,0.474970,NEGATIVE
14,State-gov,HS-grad,3,Married-spouse-absent,Other-service,Own-child,Amer-Indian-Eskimo,Male,67500,544,93,Laos,0.505340,POSITIVE
13,State-gov,11th,5,Married-spouse-absent,Other-service,Other-relative,Asian-Pac-Islander,Female,67500,1415,79,Dominican-Republic,0.491775,NEGATIVE
13,State-gov,11th,5,Married-spouse-absent,Other-service,Other-relative,Asian-Pac-Islander,Male,67500,1415,79,Dominican-Republic,0.509301,POSITIVE
16,State-gov,Prof-school,2,Married-spouse-absent,Exec-managerial,Own-child,Amer-Indian-Eskimo,Female,72500,1633,83,Ecuador,0.482334,NEGATIVE
16,State-gov,Prof-school,2,Married-spouse-absent,Exec-managerial,Own-child,Amer-Indian-Eskimo,Male,72500,1633,83,Ecuador,0.503532,POSITIVE
16,State-gov,Prof-school,5,Married-spouse-absent,Exec-managerial,Other-relative,Amer-Indian-Eskimo,Female,72500,544,83,Ecuador,0.497780,NEGATIVE
16,State-gov,Prof-school,5,Married-spouse-absent,Exec-managerial,Other-relative,Amer-Indian-Eskimo,Male,72500,544,83,Ecuador,0.521911,POSITIVE
23,Local-gov,12th,2,Never-married,Craft-repair,Wife,Asian-Pac-Islander,Female,67500,1415,91,Scotland,0.508244,POSITIVE
23,Local-gov,12th,2,Never-married,Craft-repair,Wife,Asian-Pac-Islander,Male,67500,1415,91,Scotland,0.499254,NEGATIVE
14,State-gov,1st-4th,3,Divorced,Other-service,Own-child,Amer-Indian-Eskimo,Female,67500,1633,93,Yugoslavia,0.504563,POSITIVE
14,State-gov,1st-4th,3,Divorced,Other-service,Own-child,Amer-Indian-Eskimo,Male,67500,1633,93,Yugoslavia,0.497754,NEGATIVE
14,Self-emp-inc,1st-4th,3,Divorced,Other-service,Husband,Amer-Indian-Eskimo,Female,67500,544,93,Yugoslavia,0.504281,POSITIVE
14,Self-emp-inc,1st-4th,3,Divorced,Other-service,Husband,Amer-Indian-Eskimo,Male,67500,544,93,Yugoslavia,0.496117,NEGATIVE
16,State-gov,10th,5,Never-married,Exec-managerial,Other-relative,Amer-Indian-Eskimo,Female,72500,1633,83,El-Salvador,0.506331,POSITIVE
16,State-gov,10th,5,Never-married,Exec-managerial,Other-relative,Amer-Indian-Eskimo,Male,72500,1633,83,El-Salvador,0.498481,NEGATIVE
12,Self-emp-not-inc,12th,2,Never-married,Craft-repair,Not-in-family,Asian-Pac-Islander,Female,67500,1415,78,Scotland,0.506726,POSITIVE
12,Self-emp-not-inc,12th,2,Never-married,Craft-repair,Not-in-family,Asian-Pac-Islander,Male,67500,1415,78,Scotland,0.493144,NEGATIVE
11,Local-gov,12th,1,Married-civ-spouse,Craft-repair,Wife,White,Female,67500,1197,77,Nicaragua,0.510766,POSITIVE
11,Local-gov,12th,1,Married-civ-spouse,Craft-repair,Wife,White,Male,67500,1197,77,Nicaragua,0.498192,NEGATIVE
27,State-gov,10th,4,Never-married,Sales,Other-relative,Amer-Indian-Eskimo,Female,72500,1633,94,Ecuador,0.479724,NEGATIVE
27,State-gov,10th,4,Never-married,Sales,Other-relative,Amer-Indian-Eskimo,Male,72500,1633,94,Ecuador,0.501123,POSITIVE
27,State-gov,10th,5,Never-married,Exec-managerial,Other-relative,Amer-Indian-Eskimo,Female,72500,544,95,Ecuador,0.479151,NEGATIVE
27,State-gov,10th,5,Never-married,Exec-managerial,Other-relative,Amer-Indian-Eskimo,Male,72500,544,95,Ecuador,0.510109,POSITIVE
11,Self-emp-not-inc,12th,1,Married-civ-spouse,Craft-repair,Not-in-family,White,Female,67500,1197,90,Ireland,0.497613,NEGATIVE
11,Self-emp-not-inc,12th,1,Married-civ-spouse,Craft-repair,Not-in-family,White,Male,67500,1197,90,Ireland,0.500088,POSITIVE
18,State-gov,5th-6th,6,Never-married,Prof-specialty,Other-relative,Other,Female,72500,762,97,Haiti,0.493831,NEGATIVE
18,State-gov,5th-6th,6,Never-married,Prof-specialty,Other-relative,Other,Male,72500,762,97,Haiti,0.515323,POSITIVE
28,State-gov,Doctorate,3,Never-married,Exec-managerial,Other-relative,Other,Female,72500,762,84,Taiwan,0.493220,NEGATIVE
28,State-gov,Doctorate,3,Never-married,Exec-managerial,Other-relative,Other,Male,72500,762,84,Taiwan,0.505633,POSITIVE
13,State-gov,Masters,5,Divorced,Other-service,Other-relative,Asian-Pac-Islander,Female,67500,326,79,Dominican-Republic,0.484842,NEGATIVE
13,State-gov,Masters,5,Divorced,Other-service,Other-relative,Asian-Pac-Islander,Male,67500,326,79,Dominican-Republic,0.507047,POSITIVE
29,Without-pay,Assoc-voc,6,Separated,Prof-specialty,Unmarried,Other,Female,72500,762,97,Peru,0.488651,NEGATIVE
29,Without-pay,Assoc-voc,6,Separated,Prof-specialty,Unmarried,Other,Male,72500,762,97,Peru,0.514075,POSITIVE
15,Self-emp-inc,Prof-school,4,Never-married,Sales,Other-relative,Amer-Indian-Eskimo,Female,72500,544,94,El-Salvador,0.498369,NEGATIVE
15,Self-emp-inc,Prof-school,4,Never-married,Sales,Other-relative,Amer-Indian-Eskimo,Male,72500,544,94,El-Salvador,0.515330,POSITIVE
25,State-gov,HS-grad,3,Never-married,Other-service,Other-relative,Amer-Indian-Eskimo,Female,67500,1633,80,Yugoslavia,0.502464,POSITIVE
25,State-gov,HS-grad,3,Never-married,Other-service,Other-relative,Amer-Indian-Eskimo,Male,67500,1633,80,Yugoslavia,0.498695,NEGATIVE
11,Private,Some-college,1,Never-married,Craft-repair,Not-in-family,White,Female,67500,1197,77,Nicaragua,0.504139,POSITIVE
11,Private,Some-college,1,Never-married,Craft-repair,Not-in-family,White,Male,67500,1197,77,Nicaragua,0.489718,NEGATIVE
11,Local-gov,Some-college,1,Married-civ-spouse,Craft-repair,Wife,White,Female,67500,1197,77,Nicaragua,0.509016,POSITIVE
11,Local-gov,Some-college,1,Married-civ-spouse,Craft-repair,Wife,White,Male,67500,1197,77,Nicaragua,0.499393,NEGATIVE
25,State-gov,HS-grad,3,Never-married,Other-service,Other-relative,Amer-Indian-Eskimo,Female,67500,544,80,Yugoslavia,0.487329,NEGATIVE
25,State-gov,HS-grad,3,Never-married,Other-service,Other-relative,Amer-Indian-Eskimo,Male,67500,544,80,Yugoslavia,0.505809,POSITIVE
27,State-gov,Prof-school,5,Divorced,Exec-managerial,Other-relative,Amer-Indian-Eskimo,Female,72500,544,83,El-Salvador,0.499317,NEGATIVE
27,State-gov,Prof-school,5,Divorced,Exec-managerial,Other-relative,Amer-Indian-Eskimo,Male,72500,544,83,El-Salvador,0.503425,POSITIVE
10,Local-gov,Bachelors,1,Married-civ-spouse,Tech-support,Wife,White,Female,67500,108,76,Guatemala,0.502245,POSITIVE
10,Local-gov,Bachelors,1,Married-civ-spouse,Tech-support,Wife,White,Male,67500,108,76,Guatemala,0.479820,NEGATIVE
22,Local-gov,Bachelors,1,Married-civ-spouse,Tech-support,Not-in-family,White,Female,67500,1197,89,Portugal,0.499559,NEGATIVE
22,Local-gov,Bachelors,1,Married-civ-spouse,Tech-support,Not-in-family,White,Male,67500,1197,89,Portugal,0.540960,POSITIVE
16,Self-emp-inc,Prof-school,2,Never-married,Exec-managerial,Other-relative,Amer-Indian-Eskimo,Female,72500,1633,95,Ecuador,0.498707,NEGATIVE
16,Self-emp-inc,Prof-school,2,Never-married,Exec-managerial,Other-relative,Amer-Indian-Eskimo,Male,72500,1633,95,Ecuador,0.519386,POSITIVE
19,Without-pay,Assoc-voc,7,Separated,Prof-specialty,Unmarried,Black,Female,72500,980,98,Columbia,0.497344,NEGATIVE
19,Without-pay,Assoc-voc,7,Separated,Prof-specialty,Unmarried,Black,Male,72500,980,98,Columbia,0.529442,POSITIVE
11,Local-gov,Some-college,1,Married-civ-spouse,Craft-repair,Wife,White,Female,67500,108,90,Ireland,0.473316,NEGATIVE
11,Local-gov,Some-college,1,Married-civ-spouse,Craft-repair,Wife,White,Male,67500,108,90,Ireland,0.503662,POSITIVE
16,State-gov,Prof-school,5,Never-married,Exec-managerial,Other-relative,Amer-Indian-Eskimo,Female,72500,1633,83,Ecuador,0.476983,NEGATIVE
16,State-gov,Prof-school,5,Never-married,Exec-managerial,Other-relative,Amer-Indian-Eskimo,Male,72500,1633,83,Ecuador,0.501322,POSITIVE
23,Local-gov,12th,10,Widowed,Craft-repair,Not-in-family,Asian-Pac-Islander,Female,52500,1415,91,Scotland,0.493692,NEGATIVE
23,Local-gov,12th,10,Widowed,Craft-repair,Not-in-family,Asian-Pac-Islander,Male,52500,1415,91,Scotland,0.522864,POSITIVE
12,Self-emp-not-inc,12th,10,Widowed,Craft-repair,Not-in-family,Asian-Pac-Islander,Female,52500,326,91,Scotland,0.493672,NEGATIVE
12,Self-emp-not-inc,12th,10,Widowed,Craft-repair,Not-in-family,Asian-Pac-Islander,Male,52500,326,91,Scotland,0.514215,POSITIVE
11,Local-gov,12th,9,Widowed,Craft-repair,Wife,White,Female,62500,108,90,Nicaragua,0.498510,NEGATIVE
11,Local-gov,12th,9,Widowed,Craft-repair,Wife,White,Male,62500,108,90,Nicaragua,0.503827,POSITIVE
11,Local-gov,12th,9,Widowed,Craft-repair,Not-in-family,White,Female,62500,108,90,Ireland,0.494259,NEGATIVE
11,Local-gov,12th,9,Widowed,Craft-repair,Not-in-family,White,Male,62500,108,90,Ireland,0.523644,POSITIVE
12,Local-gov,12th,10,Widowed,Craft-repair,Not-in-family,Asian-Pac-Islander,Female,52500,326,78,France,0.491935,NEGATIVE
12,Local-gov,12th,10,Widowed,Craft-repair,Not-in-family,Asian-Pac-Islander,Male,52500,326,78,France,0.534941,POSITIVE
22,Local-gov,Some-college,9,Widowed,Craft-repair,Not-in-family,White,Female,52500,108,90,Nicaragua,0.484096,NEGATIVE
22,Local-gov,Some-college,9,Widowed,Craft-repair,Not-in-family,White,Male,52500,108,90,Nicaragua,0.513058,POSITIVE
22,Local-gov,Bachelors,9,Widowed,Tech-support,Not-in-family,White,Female,52500,1197,76,Guatemala,0.489030,NEGATIVE
22,Local-gov,Bachelors,9,Widowed,Tech-support,Not-in-family,White,Male,52500,1197,76,Guatemala,0.511640,POSITIVE
11,Self-emp-not-inc,Some-college,9,Widowed,Craft-repair,Not-in-family,White,Female,52500,1197,90,Nicaragua,0.489050,NEGATIVE
11,Self-emp-not-inc,Some-college,9,Widowed,Craft-repair,Not-in-family,White,Male,52500,1197,90,Nicaragua,0.510934,POSITIVE
12,Self-emp-not-inc,Some-college,10,Widowed,Craft-repair,Not-in-family,Asian-Pac-Islander,Female,52500,326,91,Scotland,0.478404,NEGATIVE
12,Self-emp-not-inc,Some-college,10,Widowed,Craft-repair,Not-in-family,Asian-Pac-Islander,Male,52500,326,91,Scotland,0.501939,POSITIVE
13,State-gov,11th,11,Married-spouse-absent,Other-service,Own-child,Asian-Pac-Islander,Female,57500,326,92,Thailand,0.477423,NEGATIVE
13,State-gov,11th,11,Married-spouse-absent,Other-service,Own-child,Asian-Pac-Islander,Male,57500,326,92,Thailand,0.511313,POSITIVE
12,Local-gov,Some-college,10,Widowed,Craft-repair,Not-in-family,Asian-Pac-Islander,Female,62500,326,78,Scotland,0.490536,NEGATIVE
12,Local-gov,Some-college,10,Widowed,Craft-repair,Not-in-family,Asian-Pac-Islander,Male,62500,326,78,Scotland,0.508095,POSITIVE
13,State-gov,11th,11,Married-spouse-absent,Other-service,Other-relative,Asian-Pac-Islander,Female,57500,1415,92,Dominican-Republic,0.483370,NEGATIVE
13,State-gov,11th,11,Married-spouse-absent,Other-service,Other-relative,Asian-Pac-Islander,Male,57500,1415,92,Dominican-Republic,0.512163,POSITIVE
12,Self-emp-not-inc,12th,2,Widowed,Adm-clerical,Not-in-family,Asian-Pac-Islander,Female,52500,326,91,Scotland,0.485450,NEGATIVE
12,Self-emp-not-inc,12th,2,Widowed,Adm-clerical,Not-in-family,Asian-Pac-Islander,Male,52500,326,91,Scotland,0.517459,POSITIVE
13,State-gov,Masters,3,Married-spouse-absent,Farming-fishing,Other-relative,Asian-Pac-Islander,Female,52500,1415,92,Dominican-Republic,0.474098,NEGATIVE
13,State-gov,Masters,3,Married-spouse-absent,Farming-fishing,Other-relative,Asian-Pac-Islander,Male,52500,1415,92,Dominican-Republic,0.503384,POSITIVE
27,Local-gov,10th,5,Married-spouse-absent,Exec-managerial,Not-in-family,Amer-Indian-Eskimo,Female,57500,1197,90,El-Salvador,0.499873,NEGATIVE
27,Local-gov,10th,5,Married-spouse-absent,Exec-managerial,Not-in-family,Amer-Indian-Eskimo,Male,57500,1197,90,El-Salvador,0.503517,POSITIVE
27,Federal-gov,10th,4,Married-spouse-absent,Sales,Other-relative,Amer-Indian-Eskimo,Female,57500,1633,94,Ecuador,0.489434,NEGATIVE
27,Federal-gov,10th,4,Married-spouse-absent,Sales,Other-relative,Amer-Indian-Eskimo,Male,57500,1633,94,Ecuador,0.527227,POSITIVE
27,State-gov,10th,4,Married-spouse-absent,Sales,Own-child,Amer-Indian-Eskimo,Female,57500,1633,94,Ecuador,0.487861,NEGATIVE
27,State-gov,10th,4,Married-spouse-absent,Sales,Own-child,Amer-Indian-Eskimo,Male,57500,1633,94,Ecuador,0.519271,POSITIVE
23,Self-emp-not-inc,12th,2,Widowed,Craft-repair,Not-in-family,Asian-Pac-Islander,Female,52500,326,91,France,0.464693,NEGATIVE
23,Self-emp-not-inc,12th,2,Widowed,Craft-repair,Not-in-family,Asian-Pac-Islander,Male,52500,326,91,France,0.506613,POSITIVE
28,State-gov,Doctorate,5,Married-spouse-absent,Exec-managerial,Other-relative,Other,Female,57500,1851,84,Taiwan,0.491454,NEGATIVE
28,State-gov,Doctorate,5,Married-spouse-absent,Exec-managerial,Other-relative,Other,Male,57500,1851,84,Taiwan,0.533996,POSITIVE
22,Local-gov,7th-8th,1,Widowed,Tech-support,Not-in-family,White,Female,62500,108,76,Portugal,0.493501,NEGATIVE
22,Local-gov,7th-8th,1,Widowed,Tech-support,Not-in-family,White,Male,62500,108,76,Portugal,0.519144,POSITIVE
27,State-gov,10th,5,Married-spouse-absent,Exec-managerial,Other-relative,Amer-Indian-Eskimo,Female,57500,544,83,Ecuador,0.450433,NEGATIVE
27,State-gov,10th,5,Married-spouse-absent,Exec-managerial,Other-relative,Amer-Indian-Eskimo,Male,57500,544,83,Ecuador,0.500302,POSITIVE
22,Local-gov,12th,1,Widowed,Craft-repair,Wife,White,Female,52500,108,77,Ireland,0.497040,NEGATIVE
22,Local-gov,12th,1,Widowed,Craft-repair,Wife,White,Male,52500,108,77,Ireland,0.512341,POSITIVE
19,State-gov,5th-6th,7,Married-AF-spouse,Prof-specialty,Husband,Black,Female,62500,980,98,Hong,0.499752,NEGATIVE
19,State-gov,5th-6th,7,Married-AF-spouse,Prof-specialty,Husband,Black,Male,62500,980,98,Hong,0.509834,POSITIVE
19,Without-pay,5th-6th,7,Married-AF-spouse,Prof-specialty,Husband,Black,Female,57500,980,98,Hong,0.487925,NEGATIVE
19,Without-pay,5th-6th,7,Married-AF-spouse,Prof-specialty,Husband,Black,Male,57500,980,98,Hong,0.515890,POSITIVE
15,Federal-gov,10th,4,Married-spouse-absent,Sales,Own-child,Amer-Indian-Eskimo,Female,62500,1633,82,El-Salvador,0.501020,POSITIVE
15,Federal-gov,10th,4,Married-spouse-absent,Sales,Own-child,Amer-Indian-Eskimo,Male,62500,1633,82,El-Salvador,0.494548,NEGATIVE
18,Without-pay,5th-6th,6,Married-AF-spouse,Prof-specialty,Husband,Other,Female,57500,1851,85,Peru,0.499519,NEGATIVE
18,Without-pay,5th-6th,6,Married-AF-spouse,Prof-specialty,Husband,Other,Male,57500,1851,85,Peru,0.514481,POSITIVE
19,State-gov,5th-6th,7,Married-AF-spouse,Prof-specialty,Unmarried,Black,Female,57500,980,86,Hong,0.485740,NEGATIVE
19,State-gov,5th-6th,7,Married-AF-spouse,Prof-specialty,Unmarried,Black,Male,57500,980,86,Hong,0.523668,POSITIVE
16,Local-gov,10th,5,Married-spouse-absent,Exec-managerial,Own-child,Amer-Indian-Eskimo,Female,57500,544,83,El-Salvador,0.497939,NEGATIVE
16,Local-gov,10th,5,Married-spouse-absent,Exec-managerial,Own-child,Amer-Indian-Eskimo,Male,57500,544,83,El-Salvador,0.503378,POSITIVE
17,Self-emp-inc,Doctorate,5,Married-spouse-absent,Exec-managerial,Other-relative,Other,Female,62500,1851,96,Taiwan,0.497523,NEGATIVE
17,Self-emp-inc,Doctorate,5,Married-spouse-absent,Exec-managerial,Other-relative,Other,Male,62500,1851,96,Taiwan,0.531973,POSITIVE
18,Self-emp-inc,5th-6th,6,Married-AF-spouse,Prof-specialty,Unmarried,Other,Female,57500,1851,97,Haiti,0.489046,NEGATIVE
18,Self-emp-inc,5th-6th,6,Married-AF-spouse,Prof-specialty,Unmarried,Other,Male,57500,1851,97,Haiti,0.527849,POSITIVE
17,Local-gov,Doctorate,5,Married-spouse-absent,Exec-managerial,Own-child,Other,Female,57500,1851,96,Taiwan,0.494718,NEGATIVE
17,Local-gov,Doctorate,5,Married-spouse-absent,Exec-managerial,Own-child,Other,Male,57500,1851,96,Taiwan,0.500087,POSITIVE
18,Self-emp-inc,5th-6th,6,Married-AF-spouse,Prof-specialty,Unmarried,Other,Female,57500,762,97,Haiti,0.481017,NEGATIVE
18,Self-emp-inc,5th-6th,6,Married-AF-spouse,Prof-specialty,Unmarried,Other,Male,57500,762,97,Haiti,0.516716,POSITIVE
17,Local-gov,Doctorate,5,Married-spouse-absent,Exec-managerial,Own-child,Other,Female,57500,762,96,Taiwan,0.482118,NEGATIVE
17,Local-gov,Doctorate,5,Married-spouse-absent,Exec-managerial,Own-child,Other,Male,57500,762,96,Taiwan,0.520823,POSITIVE
18,State-gov,5th-6th,6,Married-AF-spouse,Prof-specialty,Unmarried,Other,Female,62500,1851,85,Haiti,0.471833,NEGATIVE
18,State-gov,5th-6th,6,Married-AF-spouse,Prof-specialty,Unmarried,Other,Male,62500,1851,85,Haiti,0.511684,POSITIVE
18,State-gov,5th-6th,6,Married-AF-spouse,Prof-specialty,Other-relative,Other,Female,62500,762,85,Haiti,0.477820,NEGATIVE
18,State-gov,5th-6th,6,Married-AF-spouse,Prof-specialty,Other-relative,Other,Male,62500,762,85,Haiti,0.534484,POSITIVE
22,Local-gov,Bachelors,1,Widowed,Machine-op-inspct,Not-in-family,White,Female,52500,108,89,Guatemala,0.452933,NEGATIVE
22,Local-gov,Bachelors,1,Widowed,Machine-op-inspct,Not-in-family,White,Male,52500,108,89,Guatemala,0.508635,POSITIVE
12,Self-emp-not-inc,Some-college,2,Widowed,Adm-clerical,Not-in-family,Asian-Pac-Islander,Female,52500,1415,91,Scotland,0.489374,NEGATIVE
12,Self-emp-not-inc,Some-college,2,Widowed,Adm-clerical,Not-in-family,Asian-Pac-Islander,Male,52500,1415,91,Scotland,0.510282,POSITIVE
13,State-gov,11th,3,Married-spouse-absent,Farming-fishing,Own-child,Asian-Pac-Islander,Female,52500,1415,92,Thailand,0.497207,NEGATIVE
13,State-gov,11th,3,Married-spouse-absent,Farming-fishing,Own-child,Asian-Pac-Islander,Male,52500,1415,92,Thailand,0.524428,POSITIVE
10,Private,Bachelors,1,Widowed,Machine-op-inspct,Not-in-family,White,Female,52500,108,89,Guatemala,0.498153,NEGATIVE
10,Private,Bachelors,1,Widowed,Machine-op-inspct,Not-in-family,White,Male,52500,108,89,Guatemala,0.525136,POSITIVE
13,State-gov,11th,3,Married-spouse-absent,Farming-fishing,Own-child,Asian-Pac-Islander,Female,52500,326,92,Thailand,0.486852,NEGATIVE
13,State-gov,11th,3,Married-spouse-absent,Farming-fishing,Own-child,Asian-Pac-Islander,Male,52500,326,92,Thailand,0.532895,POSITIVE
11,Local-gov,Some-college,1,Widowed,Adm-clerical,Wife,White,Female,52500,108,77,Nicaragua,0.491958,NEGATIVE
11,Local-gov,Some-college,1,Widowed,Adm-clerical,Wife,White,Male,52500,108,77,Nicaragua,0.522075,POSITIVE
13,State-gov,11th,3,Married-spouse-absent,Farming-fishing,Other-relative,Asian-Pac-Islander,Female,52500,1415,92,Dominican-Republic,0.499204,NEGATIVE
13,State-gov,11th,3,Married-spouse-absent,Farming-fishing,Other-relative,Asian-Pac-Islander,Male,52500,1415,92,Dominican-Republic,0.541324,POSITIVE
13,State-gov,11th,3,Married-spouse-absent,Farming-fishing,Other-relative,Asian-Pac-Islander,Female,52500,326,92,Dominican-Republic,0.461321,NEGATIVE
13,State-gov,11th,3,Married-spouse-absent,Farming-fishing,Other-relative,Asian-Pac-Islander,Male,52500,326,92,Dominican-Republic,0.522290,POSITIVE
11,Local-gov,Some-college,1,Widowed,Adm-clerical,Not-in-family,White,Female,52500,108,77,Ireland,0.473500,NEGATIVE
11,Local-gov,Some-college,1,Widowed,Adm-clerical,Not-in-family,White,Male,52500,108,77,Ireland,0.523405,POSITIVE
29,State-gov,Assoc-voc,6,Married-AF-spouse,Prof-specialty,Other-relative,Other,Female,62500,1633,95,Peru,0.488936,NEGATIVE
29,State-gov,Assoc-voc,6,Married-AF-spouse,Prof-specialty,Other-relative,Other,Male,62500,1633,95,Peru,0.515171,POSITIVE
16,Self-emp-inc,Prof-school,5,Married-spouse-absent,Exec-managerial,Own-child,Amer-Indian-Eskimo,Female,62500,544,95,El-Salvador,0.481164,NEGATIVE
16,Self-emp-inc,Prof-school,5,Married-spouse-absent,Exec-managerial,Own-child,Amer-Indian-Eskimo,Male,62500,544,95,El-Salvador,0.503848,POSITIVE
18,Self-emp-inc,Assoc-voc,6,Married-AF-spouse,Prof-specialty,Husband,Other,Female,57500,762,97,Peru,0.483905,NEGATIVE
18,Self-emp-inc,Assoc-voc,6,Married-AF-spouse,Prof-specialty,Husband,Other,Male,57500,762,97,Peru,0.505954,POSITIVE
18,State-gov,Assoc-voc,6,Married-AF-spouse,Prof-specialty,Husband,Other,Female,57500,1851,85,Peru,0.497344,NEGATIVE
18,State-gov,Assoc-voc,6,Married-AF-spouse,Prof-specialty,Husband,Other,Male,57500,1851,85,Peru,0.500994,POSITIVE
19,Federal-gov,Assoc-voc,7,Married-AF-spouse,Prof-specialty,Unmarried,Black,Female,57500,980,86,Hong,0.497957,NEGATIVE
19,Federal-gov,Assoc-voc,7,Married-AF-spouse,Prof-specialty,Unmarried,Black,Male,57500,980,86,Hong,0.554624,POSITIVE
22,Private,Bachelors,1,Widowed,Tech-support,Not-in-family,White,Female,52500,1197,89,Portugal,0.485650,NEGATIVE
22,Private,Bachelors,1,Widowed,Tech-support,Not-in-family,White,Male,52500,1197,89,Portugal,0.525880,POSITIVE
25,State-gov,HS-grad,3,Married-spouse-absent,Other-service,Own-child,Amer-Indian-Eskimo,Female,57500,1633,93,Laos,0.494609,NEGATIVE
25,State-gov,HS-grad,3,Married-spouse-absent,Other-service,Own-child,Amer-Indian-Eskimo,Male,57500,1633,93,Laos,0.536778,POSITIVE
27,State-gov,Prof-school,5,Married-spouse-absent,Exec-managerial,Other-relative,Amer-Indian-Eskimo,Female,57500,544,95,Ecuador,0.487204,NEGATIVE
27,State-gov,Prof-school,5,Married-spouse-absent,Exec-managerial,Other-relative,Amer-Indian-Eskimo,Male,57500,544,95,Ecuador,0.535061,POSITIVE
23,Local-gov,Some-college,2,Widowed,Craft-repair,Wife,Asian-Pac-Islander,Female,52500,326,91,France,0.464408,NEGATIVE
23,Local-gov,Some-college,2,Widowed,Craft-repair,Wife,Asian-Pac-Islander,Male,52500,326,91,France,0.502342,POSITIVE
27,State-gov,Prof-school,4,Married-spouse-absent,Sales,Other-relative,Amer-Indian-Eskimo,Female,57500,1633,82,Ecuador,0.478426,NEGATIVE
27,State-gov,Prof-school,4,Married-spouse-absent,Sales,Other-relative,Amer-Indian-Eskimo,Male,57500,1633,82,Ecuador,0.509830,POSITIVE
23,Local-gov,Some-college,2,Widowed,Craft-repair,Wife,Asian-Pac-Islander,Female,52500,1415,78,France,0.481571,NEGATIVE
23,Local-gov,Some-college,2,Widowed,Craft-repair,Wife,Asian-Pac-Islander,Male,52500,1415,78,France,0.528346,POSITIVE
27,State-gov,Prof-school,4,Married-spouse-absent,Sales,Other-relative,Amer-Indian-Eskimo,Female,57500,544,82,Ecuador,0.493091,NEGATIVE
27,State-gov,Prof-school,4,Married-spouse-absent,Sales,Other-relative,Amer-Indian-Eskimo,Male,57500,544,82,Ecuador,0.534858,POSITIVE
10,Private,Bachelors,1,Widowed,Tech-support,Wife,White,Female,52500,108,76,Portugal,0.480925,NEGATIVE
10,Private,Bachelors,1,Widowed,Tech-support,Wife,White,Male,52500,108,76,Portugal,0.505948,POSITIVE
23,Local-gov,12th,10,Divorced,Craft-repair,Not-in-family,Asian-Pac-Islander,Female,52500,326,78,Scotland,0.499688,NEGATIVE
23,Local-gov,12th,10,Divorced,Craft-repair,Not-in-family,Asian-Pac-Islander,Male,52500,326,78,Scotland,0.505032,POSITIVE
13,State-gov,Masters,11,Divorced,Other-service,Other-relative,Asian-Pac-Islander,Female,52500,326,92,Thailand,0.505434,POSITIVE
13,State-gov,Masters,11,Divorced,Other-service,Other-relative,Asian-Pac-Islander,Male,52500,326,92,Thailand,0.493087,NEGATIVE
11,Local-gov,12th,9,Married-civ-spouse,Craft-repair,Not-in-family,White,Female,52500,108,77,Nicaragua,0.509653,POSITIVE
11,Local-gov,12th,9,Married-civ-spouse,Craft-repair,Not-in-family,White,Male,52500,108,77,Nicaragua,0.493248,NEGATIVE
10,Local-gov,7th-8th,9,Married-civ-spouse,Tech-support,Not-in-family,White,Female,52500,1197,89,Portugal,0.490879,NEGATIVE
10,Local-gov,7th-8th,9,Married-civ-spouse,Tech-support,Not-in-family,White,Male,52500,1197,89,Portugal,0.508456,POSITIVE
11,Local-gov,12th,9,Married-civ-spouse,Craft-repair,Wife,White,Female,52500,108,90,Ireland,0.495110,NEGATIVE
11,Local-gov,12th,9,Married-civ-spouse,Craft-repair,Wife,White,Male,52500,108,90,Ireland,0.512122,POSITIVE
10,Local-gov,Bachelors,9,Married-civ-spouse,Tech-support,Not-in-family,White,Female,52500,108,89,Portugal,0.492208,NEGATIVE
10,Local-gov,Bachelors,9,Married-civ-spouse,Tech-support,Not-in-family,White,Male,52500,108,89,Portugal,0.508095,POSITIVE
22,Private,7th-8th,1,Married-civ-spouse,Machine-op-inspct,Not-in-family,White,Female,52500,108,89,Guatemala,0.489575,NEGATIVE
22,Private,7th-8th,1,Married-civ-spouse,Machine-op-inspct,Not-in-family,White,Male,52500,108,89,Guatemala,0.505942,POSITIVE
22,Local-gov,7th-8th,1,Married-civ-spouse,Machine-op-inspct,Not-in-family,White,Female,62500,108,76,Guatemala,0.501100,POSITIVE
22,Local-gov,7th-8th,1,Married-civ-spouse,Machine-op-inspct,Not-in-family,White,Male,62500,108,76,Guatemala,0.498266,NEGATIVE
13,Self-emp-inc,Masters,3,Divorced,Farming-fishing,Other-relative,Asian-Pac-Islander,Female,52500,326,92,Thailand,0.502178,POSITIVE
13,Self-emp-inc,Masters,3,Divorced,Farming-fishing,Other-relative,Asian-Pac-Islander,Male,52500,326,92,Thailand,0.495568,NEGATIVE
14,State-gov,1st-4th,3,Divorced,Farming-fishing,Other-relative,Amer-Indian-Eskimo,Female,52500,544,80,Yugoslavia,0.487148,NEGATIVE
14,State-gov,1st-4th,3,Divorced,Farming-fishing,Other-relative,Amer-Indian-Eskimo,Male,52500,544,80,Yugoslavia,0.504837,POSITIVE
11,Local-gov,12th,1,Married-civ-spouse,Adm-clerical,Wife,White,Female,52500,108,77,Nicaragua,0.507354,POSITIVE
11,Local-gov,12th,1,Married-civ-spouse,Adm-clerical,Wife,White,Male,52500,108,77,Nicaragua,0.494075,NEGATIVE
24,State-gov,Masters,3,Divorced,Farming-fishing,Other-relative,Asian-Pac-Islander,Female,57500,326,92,Dominican-Republic,0.496063,NEGATIVE
24,State-gov,Masters,3,Divorced,Farming-fishing,Other-relative,Asian-Pac-Islander,Male,57500,326,92,Dominican-Republic,0.528705,POSITIVE
22,Local-gov,7th-8th,1,Married-civ-spouse,Machine-op-inspct,Wife,White,Female,52500,108,89,Portugal,0.483267,NEGATIVE
22,Local-gov,7th-8th,1,Married-civ-spouse,Machine-op-inspct,Wife,White,Male,52500,108,89,Portugal,0.518173,POSITIVE
22,Local-gov,7th-8th,1,Married-civ-spouse,Machine-op-inspct,Not-in-family,White,Female,52500,1197,76,Portugal,0.495553,NEGATIVE
22,Local-gov,7th-8th,1,Married-civ-spouse,Machine-op-inspct,Not-in-family,White,Male,52500,1197,76,Portugal,0.505767,POSITIVE
22,Local-gov,12th,1,Married-civ-spouse,Adm-clerical,Not-in-family,White,Female,52500,108,77,Ireland,0.488405,NEGATIVE
22,Local-gov,12th,1,Married-civ-spouse,Adm-clerical,Not-in-family,White,Male,52500,108,77,Ireland,0.515913,POSITIVE
14,State-gov,1st-4th,3,Divorced,Farming-fishing,Own-child,Amer-Indian-Eskimo,Female,52500,544,93,Laos,0.482319,NEGATIVE
14,State-gov,1st-4th,3,Divorced,Farming-fishing,Own-child,Amer-Indian-Eskimo,Male,52500,544,93,Laos,0.506053,POSITIVE
10,Local-gov,7th-8th,1,Married-civ-spouse,Machine-op-inspct,Not-in-family,White,Female,62500,108,76,Portugal,0.490456,NEGATIVE
10,Local-gov,7th-8th,1,Married-civ-spouse,Machine-op-inspct,Not-in-family,White,Male,62500,108,76,Portugal,0.521626,POSITIVE
27,Local-gov,10th,5,Never-married,Exec-managerial,Other-relative,Amer-Indian-Eskimo,Female,62500,1633,95,El-Salvador,0.500849,POSITIVE
27,Local-gov,10th,5,Never-married,Exec-managerial,Other-relative,Amer-Indian-Eskimo,Male,62500,1633,95,El-Salvador,0.496464,NEGATIVE
27,Self-emp-inc,10th,4,Never-married,Sales,Other-relative,Amer-Indian-Eskimo,Female,57500,1633,94,El-Salvador,0.501263,POSITIVE
27,Self-emp-inc,10th,4,Never-married,Sales,Other-relative,Amer-Indian-Eskimo,Male,57500,1633,94,El-Salvador,0.498230,NEGATIVE
22,Self-emp-not-inc,12th,1,Married-civ-spouse,Craft-repair,Wife,White,Female,52500,1197,90,Nicaragua,0.505811,POSITIVE
22,Self-emp-not-inc,12th,1,Married-civ-spouse,Craft-repair,Wife,White,Male,52500,1197,90,Nicaragua,0.498255,NEGATIVE
23,Self-emp-not-inc,12th,2,Divorced,Craft-repair,Not-in-family,Asian-Pac-Islander,Female,52500,1415,78,Scotland,0.500218,POSITIVE
23,Self-emp-not-inc,12th,2,Divorced,Craft-repair,Not-in-family,Asian-Pac-Islander,Male,52500,1415,78,Scotland,0.495859,NEGATIVE
30,State-gov,5th-6th,7,Separated,Prof-specialty,Other-relative,Black,Female,62500,980,86,Hong,0.488612,NEGATIVE
30,State-gov,5th-6th,7,Separated,Prof-specialty,Other-relative,Black,Male,62500,980,86,Hong,0.513282,POSITIVE
18,Self-emp-inc,5th-6th,6,Never-married,Prof-specialty,Unmarried,Other,Female,57500,762,97,Peru,0.496893,NEGATIVE
18,Self-emp-inc,5th-6th,6,Never-married,Prof-specialty,Unmarried,Other,Male,57500,762,97,Peru,0.510035,POSITIVE
14,Self-emp-inc,1st-4th,3,Divorced,Other-service,Other-relative,Amer-Indian-Eskimo,Female,62500,1633,80,Yugoslavia,0.508911,POSITIVE
14,Self-emp-inc,1st-4th,3,Divorced,Other-service,Other-relative,Amer-Indian-Eskimo,Male,62500,1633,80,Yugoslavia,0.493159,NEGATIVE
13,State-gov,Masters,3,Divorced,Other-service,Own-child,Asian-Pac-Islander,Female,62500,1415,79,Thailand,0.502437,POSITIVE
13,State-gov,Masters,3,Divorced,Other-service,Own-child,Asian-Pac-Islander,Male,62500,1415,79,Thailand,0.495965,NEGATIVE
19,State-gov,5th-6th,7,Separated,Prof-specialty,Unmarried,Black,Female,62500,980,86,Hong,0.491321,NEGATIVE
19,State-gov,5th-6th,7,Separated,Prof-specialty,Unmarried,Black,Male,62500,980,86,Hong,0.513009,POSITIVE
18,Without-pay,5th-6th,6,Never-married,Prof-specialty,Husband,Other,Female,57500,762,85,Peru,0.488562,NEGATIVE
18,Without-pay,5th-6th,6,Never-married,Prof-specialty,Husband,Other,Male,57500,762,85,Peru,0.511386,POSITIVE
29,State-gov,5th-6th,6,Never-married,Prof-specialty,Other-relative,Other,Female,62500,1633,95,Haiti,0.498731,NEGATIVE
29,State-gov,5th-6th,6,Never-married,Prof-specialty,Other-relative,Other,Male,62500,1633,95,Haiti,0.519125,POSITIVE
13,Self-emp-inc,Masters,3,Divorced,Other-service,Own-child,Asian-Pac-Islander,Female,57500,1415,92,Dominican-Republic,0.501990,POSITIVE
13,Self-emp-inc,Masters,3,Divorced,Other-service,Own-child,Asian-Pac-Islander,Male,57500,1415,92,Dominican-Republic,0.491547,NEGATIVE
17,Self-emp-inc,Doctorate,5,Never-married,Exec-managerial,Other-relative,Other,Female,62500,762,96,Taiwan,0.493367,NEGATIVE
17,Self-emp-inc,Doctorate,5,Never-married,Exec-managerial,Other-relative,Other,Male,62500,762,96,Taiwan,0.511615,POSITIVE
19,Federal-gov,5th-6th,7,Separated,Prof-specialty,Unmarried,Black,Female,57500,980,98,Columbia,0.481087,NEGATIVE
19,Federal-gov,5th-6th,7,Separated,Prof-specialty,Unmarried,Black,Male,57500,980,98,Columbia,0.506041,POSITIVE
15,Federal-gov,10th,4,Never-married,Sales,Not-in-family,Amer-Indian-Eskimo,Female,57500,1197,82,Ecuador,0.500566,POSITIVE
15,Federal-gov,10th,4,Never-married,Sales,Not-in-family,Amer-Indian-Eskimo,Male,57500,1197,82,Ecuador,0.493647,NEGATIVE
27,State-gov,Prof-school,4,Never-married,Transport-moving,Other-relative,Amer-Indian-Eskimo,Female,57500,544,94,El-Salvador,0.490451,NEGATIVE
27,State-gov,Prof-school,4,Never-married,Transport-moving,Other-relative,Amer-Indian-Eskimo,Male,57500,544,94,El-Salvador,0.531416,POSITIVE
22,Local-gov,Some-college,1,Married-civ-spouse,Adm-clerical,Wife,White,Female,52500,108,90,Nicaragua,0.478106,NEGATIVE
22,Local-gov,Some-college,1,Married-civ-spouse,Adm-clerical,Wife,White,Male,52500,108,90,Nicaragua,0.507536,POSITIVE
12,Local-gov,Some-college,2,Divorced,Adm-clerical,Not-in-family,Asian-Pac-Islander,Female,62500,1415,91,Scotland,0.496587,NEGATIVE
12,Local-gov,Some-college,2,Divorced,Adm-clerical,Not-in-family,Asian-Pac-Islander,Male,62500,1415,91,Scotland,0.509408,POSITIVE
14,State-gov,HS-grad,3,Divorced,Farming-fishing,Other-relative,Amer-Indian-Eskimo,Female,62500,544,93,Yugoslavia,0.495114,NEGATIVE
14,State-gov,HS-grad,3,Divorced,Farming-fishing,Other-relative,Amer-Indian-Eskimo,Male,62500,544,93,Yugoslavia,0.515514,POSITIVE
14,State-gov,HS-grad,3,Divorced,Farming-fishing,Other-relative,Amer-Indian-Eskimo,Female,52500,544,80,Yugoslavia,0.497815,NEGATIVE
14,State-gov,HS-grad,3,Divorced,Farming-fishing,Other-relative,Amer-Indian-Eskimo,Male,52500,544,80,Yugoslavia,0.507584,POSITIVE
11,Local-gov,Some-college,1,Married-civ-spouse,Adm-clerical,Not-in-family,White,Female,52500,108,77,Ireland,0.482896,NEGATIVE
11,Local-gov,Some-college,1,Married-civ-spouse,Adm-clerical,Not-in-family,White,Male,52500,108,77,Ireland,0.507131,POSITIVE
28,Self-emp-inc,Assoc-acdm,5,Never-married,Exec-managerial,Other-relative,Other,Female,57500,762,96,Trinadad&Tobago,0.471673,NEGATIVE
28,Self-emp-inc,Assoc-acdm,5,Never-married,Exec-managerial,Other-relative,Other,Male,57500,762,96,Trinadad&Tobago,0.506779,POSITIVE
30,Without-pay,Assoc-voc,7,Separated,Prof-specialty,Husband,Black,Female,62500,980,98,Hong,0.502201,POSITIVE
30,Without-pay,Assoc-voc,7,Separated,Prof-specialty,Husband,Black,Male,62500,980,98,Hong,0.498778,NEGATIVE
23,Self-emp-not-inc,Some-college,2,Divorced,Craft-repair,Wife,Asian-Pac-Islander,Female,52500,326,91,Scotland,0.493341,NEGATIVE
23,Self-emp-not-inc,Some-college,2,Divorced,Craft-repair,Wife,Asian-Pac-Islander,Male,52500,326,91,Scotland,0.501033,POSITIVE
30,State-gov,Assoc-voc,7,Separated,Prof-specialty,Unmarried,Black,Female,57500,980,86,Hong,0.489064,NEGATIVE
30,State-gov,Assoc-voc,7,Separated,Prof-specialty,Unmarried,Black,Male,57500,980,86,Hong,0.510064,POSITIVE
14,State-gov,HS-grad,3,Divorced,Other-service,Own-child,Amer-Indian-Eskimo,Female,62500,1633,80,Yugoslavia,0.500432,POSITIVE
14,State-gov,HS-grad,3,Divorced,Other-service,Own-child,Amer-Indian-Eskimo,Male,62500,1633,80,Yugoslavia,0.497120,NEGATIVE
15,Self-emp-inc,Prof-school,4,Never-married,Sales,Other-relative,Amer-Indian-Eskimo,Female,62500,544,82,El-Salvador,0.501849,POSITIVE
15,Self-emp-inc,Prof-school,4,Never-married,Sales,Other-relative,Amer-Indian-Eskimo,Male,62500,544,82,El-Salvador,0.499213,NEGATIVE
11,Self-emp-not-inc,Some-college,1,Married-civ-spouse,Craft-repair,Wife,White,Female,52500,108,77,Nicaragua,0.514597,POSITIVE
11,Self-emp-not-inc,Some-college,1,Married-civ-spouse,Craft-repair,Wife,White,Male,52500,108,77,Nicaragua,0.490748,NEGATIVE
16,Self-emp-inc,11th,3,Divorced,Other-service,Own-child,Asian-Pac-Islander,Female,57500,762,92,Dominican-Republic,0.484722,NEGATIVE
16,Self-emp-inc,11th,3,Divorced,Other-service,Own-child,Asian-Pac-Islander,Male,57500,762,92,Dominican-Republic,0.518426,POSITIVE
24,State-gov,11th,3,Divorced,Other-service,Own-child,Asian-Pac-Islander,Female,52500,1415,79,Dominican-Republic,0.495751,NEGATIVE
24,State-gov,11th,3,Divorced,Other-service,Own-child,Asian-Pac-Islander,Male,52500,1415,79,Dominican-Republic,0.505397,POSITIVE
29,Without-pay,Assoc-voc,6,Never-married,Prof-specialty,Unmarried,Other,Female,57500,762,85,Haiti,0.488280,NEGATIVE
29,Without-pay,Assoc-voc,6,Never-married,Prof-specialty,Unmarried,Other,Male,57500,762,85,Haiti,0.519650,POSITIVE
22,Local-gov,Bachelors,1,Married-civ-spouse,Tech-support,Wife,White,Female,52500,108,76,Portugal,0.475177,NEGATIVE
22,Local-gov,Bachelors,1,Married-civ-spouse,Tech-support,Wife,White,Male,52500,108,76,Portugal,0.510351,POSITIVE
16,Local-gov,Prof-school,5,Never-married,Exec-managerial,Not-in-family,Amer-Indian-Eskimo,Female,57500,1197,83,Ecuador,0.484216,NEGATIVE
16,Local-gov,Prof-school,5,Never-married,Exec-managerial,Not-in-family,Amer-Indian-Eskimo,Male,57500,1197,83,Ecuador,0.500357,POSITIVE
11,Local-gov,12th,5,Widowed,Craft-repair,Not-in-family,White,Female,67500,2286,65,Nicaragua,0.501190,POSITIVE
11,Local-gov,12th,5,Widowed,Craft-repair,Not-in-family,White,Male,67500,2286,65,Nicaragua,0.478932,NEGATIVE
17,State-gov,Doctorate,3,Married-spouse-absent,Exec-managerial,Other-relative,Other,Female,72500,4029,71,Taiwan,0.504349,POSITIVE
17,State-gov,Doctorate,3,Married-spouse-absent,Exec-managerial,Other-relative,Other,Male,72500,4029,71,Taiwan,0.483055,NEGATIVE
13,State-gov,Masters,1,Married-spouse-absent,Other-service,Other-relative,Asian-Pac-Islander,Female,67500,3593,54,Thailand,0.514335,POSITIVE
13,State-gov,Masters,1,Married-spouse-absent,Other-service,Other-relative,Asian-Pac-Islander,Male,67500,3593,54,Thailand,0.478400,NEGATIVE
13,State-gov,Masters,3,Married-spouse-absent,Other-service,Other-relative,Asian-Pac-Islander,Female,67500,2504,54,Thailand,0.500631,POSITIVE
13,State-gov,Masters,3,Married-spouse-absent,Other-service,Other-relative,Asian-Pac-Islander,Male,67500,2504,54,Thailand,0.457670,NEGATIVE
10,Local-gov,7th-8th,1,Widowed,Tech-support,Not-in-family,White,Female,67500,2286,51,Portugal,0.515218,POSITIVE
10,Local-gov,7th-8th,1,Widowed,Tech-support,Not-in-family,White,Male,67500,2286,51,Portugal,0.496134,NEGATIVE
12,Local-gov,Some-college,2,Widowed,Craft-repair,Not-in-family,Asian-Pac-Islander,Female,67500,2504,66,France,0.485773,NEGATIVE
12,Local-gov,Some-college,2,Widowed,Craft-repair,Not-in-family,Asian-Pac-Islander,Male,67500,2504,66,France,0.512270,POSITIVE
13,State-gov,Masters,3,Never-married,Other-service,Other-relative,Asian-Pac-Islander,Female,67500,2504,67,Dominican-Republic,0.504983,POSITIVE
13,State-gov,Masters,3,Never-married,Other-service,Other-relative,Asian-Pac-Islander,Male,67500,2504,67,Dominican-Republic,0.496029,NEGATIVE
12,Local-gov,Some-college,2,Never-married,Craft-repair,Not-in-family,Asian-Pac-Islander,Female,67500,2504,66,Scotland,0.499667,NEGATIVE
12,Local-gov,Some-college,2,Never-married,Craft-repair,Not-in-family,Asian-Pac-Islander,Male,67500,2504,66,Scotland,0.502200,POSITIVE
24,State-gov,Masters,3,Married-spouse-absent,Other-service,Other-relative,Asian-Pac-Islander,Female,62500,3593,67,Thailand,0.506729,POSITIVE
24,State-gov,Masters,3,Married-spouse-absent,Other-service,Other-relative,Asian-Pac-Islander,Male,62500,3593,67,Thailand,0.498537,NEGATIVE
23,Local-gov,12th,2,Widowed,Craft-repair,Wife,Asian-Pac-Islander,Female,52500,2504,66,Scotland,0.495819,NEGATIVE
23,Local-gov,12th,2,Widowed,Craft-repair,Wife,Asian-Pac-Islander,Male,52500,2504,66,Scotland,0.504348,POSITIVE
17,Local-gov,Doctorate,5,Married-spouse-absent,Exec-managerial,Other-relative,Other,Female,57500,4029,71,Trinadad&Tobago,0.525382,POSITIVE
17,Local-gov,Doctorate,5,Married-spouse-absent,Exec-managerial,Other-relative,Other,Male,57500,4029,71,Trinadad&Tobago,0.498880,NEGATIVE
12,Local-gov,12th,2,Widowed,Craft-repair,Wife,Asian-Pac-Islander,Female,62500,3593,66,Scotland,0.509928,POSITIVE
12,Local-gov,12th,2,Widowed,Craft-repair,Wife,Asian-Pac-Islander,Male,62500,3593,66,Scotland,0.498133,NEGATIVE
13,Self-emp-inc,Masters,3,Married-spouse-absent,Other-service,Own-child,Asian-Pac-Islander,Female,57500,2504,67,Thailand,0.513403,POSITIVE
13,Self-emp-inc,Masters,3,Married-spouse-absent,Other-service,Own-child,Asian-Pac-Islander,Male,57500,2504,67,Thailand,0.491078,NEGATIVE
11,Self-emp-not-inc,12th,1,Widowed,Craft-repair,Wife,White,Female,52500,2504,65,Ireland,0.507048,POSITIVE
11,Self-emp-not-inc,12th,1,Widowed,Craft-repair,Wife,White,Male,52500,2504,65,Ireland,0.497858,NEGATIVE
17,State-gov,Doctorate,5,Married-spouse-absent,Exec-managerial,Other-relative,Other,Female,57500,4029,59,Trinadad&Tobago,0.514413,POSITIVE
17,State-gov,Doctorate,5,Married-spouse-absent,Exec-managerial,Other-relative,Other,Male,57500,4029,59,Trinadad&Tobago,0.489883,NEGATIVE
12,Local-gov,12th,2,Widowed,Craft-repair,Wife,Asian-Pac-Islander,Female,52500,3593,53,Scotland,0.506151,POSITIVE
12,Local-gov,12th,2,Widowed,Craft-repair,Wife,Asian-Pac-Islander,Male,52500,3593,53,Scotland,0.479041,NEGATIVE
13,Self-emp-not-inc,Masters,3,Married-spouse-absent,Other-service,Other-relative,Asian-Pac-Islander,Female,52500,2504,54,Thailand,0.516026,POSITIVE
13,Self-emp-not-inc,Masters,3,Married-spouse-absent,Other-service,Other-relative,Asian-Pac-Islander,Male,52500,2504,54,Thailand,0.492638,NEGATIVE
10,Local-gov,7th-8th,1,Widowed,Tech-support,Wife,White,Female,62500,2286,51,Guatemala,0.510840,POSITIVE
10,Local-gov,7th-8th,1,Widowed,Tech-support,Wife,White,Male,62500,2286,51,Guatemala,0.491487,NEGATIVE
12,Self-emp-not-inc,12th,2,Widowed,Craft-repair,Not-in-family,Asian-Pac-Islander,Female,52500,3593,53,France,0.514209,POSITIVE
12,Self-emp-not-inc,12th,2,Widowed,Craft-repair,Not-in-family,Asian-Pac-Islander,Male,52500,3593,53,France,0.477294,NEGATIVE
12,Self-emp-not-inc,12th,2,Widowed,Craft-repair,Not-in-family,Asian-Pac-Islander,Female,52500,2504,53,France,0.511771,POSITIVE
12,Self-emp-not-inc,12th,2,Widowed,Craft-repair,Not-in-family,Asian-Pac-Islander,Male,52500,2504,53,France,0.497379,NEGATIVE
24,State-gov,11th,3,Married-spouse-absent,Other-service,Other-relative,Asian-Pac-Islander,Female,52500,3593,67,Dominican-Republic,0.474136,NEGATIVE
24,State-gov,11th,3,Married-spouse-absent,Other-service,Other-relative,Asian-Pac-Islander,Male,52500,3593,67,Dominican-Republic,0.508182,POSITIVE
11,Self-emp-not-inc,Some-college,1,Widowed,Craft-repair,Wife,White,Female,52500,2504,65,Nicaragua,0.501700,POSITIVE
11,Self-emp-not-inc,Some-college,1,Widowed,Craft-repair,Wife,White,Male,52500,2504,65,Nicaragua,0.486530,NEGATIVE
14,Self-emp-inc,HS-grad,3,Married-spouse-absent,Other-service,Other-relative,Amer-Indian-Eskimo,Female,57500,3811,68,Laos,0.492940,NEGATIVE
14,Self-emp-inc,HS-grad,3,Married-spouse-absent,Other-service,Other-relative,Amer-Indian-Eskimo,Male,57500,3811,68,Laos,0.538469,POSITIVE
18,Without-pay,Assoc-voc,6,Married-AF-spouse,Prof-specialty,Unmarried,Other,Female,57500,2940,72,Haiti,0.475160,NEGATIVE
18,Without-pay,Assoc-voc,6,Married-AF-spouse,Prof-specialty,Unmarried,Other,Male,57500,2940,72,Haiti,0.526366,POSITIVE
25,State-gov,HS-grad,3,Married-spouse-absent,Other-service,Other-relative,Amer-Indian-Eskimo,Female,52500,2722,55,Yugoslavia,0.498284,NEGATIVE
25,State-gov,HS-grad,3,Married-spouse-absent,Other-service,Other-relative,Amer-Indian-Eskimo,Male,52500,2722,55,Yugoslavia,0.509449,POSITIVE
12,Self-emp-not-inc,Some-college,2,Widowed,Craft-repair,Not-in-family,Asian-Pac-Islander,Female,52500,3593,53,Scotland,0.516812,POSITIVE
12,Self-emp-not-inc,Some-college,2,Widowed,Craft-repair,Not-in-family,Asian-Pac-Islander,Male,52500,3593,53,Scotland,0.493461,NEGATIVE
15,State-gov,Prof-school,4,Married-spouse-absent,Sales,Other-relative,Amer-Indian-Eskimo,Female,62500,2722,57,El-Salvador,0.539395,POSITIVE
15,State-gov,Prof-school,4,Married-spouse-absent,Sales,Other-relative,Amer-Indian-Eskimo,Male,62500,2722,57,El-Salvador,0.496658,NEGATIVE
15,Federal-gov,Prof-school,4,Married-spouse-absent,Sales,Other-relative,Amer-Indian-Eskimo,Female,57500,2722,57,El-Salvador,0.514029,POSITIVE
15,Federal-gov,Prof-school,4,Married-spouse-absent,Sales,Other-relative,Amer-Indian-Eskimo,Male,57500,2722,57,El-Salvador,0.476183,NEGATIVE
13,State-gov,Masters,3,Divorced,Other-service,Other-relative,Asian-Pac-Islander,Female,62500,2504,67,Thailand,0.501383,POSITIVE
13,State-gov,Masters,3,Divorced,Other-service,Other-relative,Asian-Pac-Islander,Male,62500,2504,67,Thailand,0.497044,NEGATIVE
23,Local-gov,Some-college,2,Divorced,Craft-repair,Not-in-family,Asian-Pac-Islander,Female,52500,2504,66,France,0.498383,NEGATIVE
23,Local-gov,Some-college,2,Divorced,Craft-repair,Not-in-family,Asian-Pac-Islander,Male,52500,2504,66,France,0.505432,POSITIVE
15,Federal-gov,Prof-school,4,Separated,Sales,Other-relative,Amer-Indian-Eskimo,Female,57500,2722,69,Ecuador,0.499872,NEGATIVE
15,Federal-gov,Prof-school,4,Separated,Sales,Other-relative,Amer-Indian-Eskimo,Male,57500,2722,69,Ecuador,0.507876,POSITIVE
13,State-gov,Masters,5,Married-spouse-absent,Other-service,Other-relative,Asian-Pac-Islander,Female,67500,1415,67,Thailand,0.500973,POSITIVE
13,State-gov,Masters,5,Married-spouse-absent,Other-service,Other-relative,Asian-Pac-Islander,Male,67500,1415,67,Thailand,0.487515,NEGATIVE
11,Private,12th,1,Widowed,Craft-repair,Not-in-family,White,Female,67500,1197,65,Nicaragua,0.500879,POSITIVE
11,Private,12th,1,Widowed,Craft-repair,Not-in-family,White,Male,67500,1197,65,Nicaragua,0.499971,NEGATIVE
12,Local-gov,12th,5,Widowed,Craft-repair,Not-in-family,Asian-Pac-Islander,Female,67500,326,66,Scotland,0.501118,POSITIVE
12,Local-gov,12th,5,Widowed,Craft-repair,Not-in-family,Asian-Pac-Islander,Male,67500,326,66,Scotland,0.482345,NEGATIVE
19,Without-pay,5th-6th,3,Married-AF-spouse,Prof-specialty,Unmarried,Black,Female,72500,980,73,Hong,0.502965,POSITIVE
19,Without-pay,5th-6th,3,Married-AF-spouse,Prof-specialty,Unmarried,Black,Male,72500,980,73,Hong,0.492193,NEGATIVE
13,State-gov,Masters,1,Married-spouse-absent,Other-service,Own-child,Asian-Pac-Islander,Female,67500,326,67,Thailand,0.508232,POSITIVE
13,State-gov,Masters,1,Married-spouse-absent,Other-service,Own-child,Asian-Pac-Islander,Male,67500,326,67,Thailand,0.495940,NEGATIVE
17,State-gov,Doctorate,3,Married-spouse-absent,Exec-managerial,Other-relative,Other,Female,72500,762,71,Taiwan,0.509712,POSITIVE
17,State-gov,Doctorate,3,Married-spouse-absent,Exec-managerial,Other-relative,Other,Male,72500,762,71,Taiwan,0.492478,NEGATIVE
12,Local-gov,Some-college,1,Widowed,Craft-repair,Wife,Asian-Pac-Islander,Female,67500,1415,66,Scotland,0.499172,NEGATIVE
12,Local-gov,Some-college,1,Widowed,Craft-repair,Wife,Asian-Pac-Islander,Male,67500,1415,66,Scotland,0.500159,POSITIVE
11,Local-gov,Some-college,5,Widowed,Craft-repair,Not-in-family,White,Female,67500,108,65,Nicaragua,0.483470,NEGATIVE
11,Local-gov,Some-college,5,Widowed,Craft-repair,Not-in-family,White,Male,67500,108,65,Nicaragua,0.506147,POSITIVE
12,Local-gov,Some-college,1,Widowed,Craft-repair,Wife,Asian-Pac-Islander,Female,67500,326,66,Scotland,0.503672,POSITIVE
12,Local-gov,Some-college,1,Widowed,Craft-repair,Wife,Asian-Pac-Islander,Male,67500,326,66,Scotland,0.498777,NEGATIVE
17,State-gov,Assoc-acdm,3,Married-spouse-absent,Exec-managerial,Other-relative,Other,Female,72500,1851,71,Taiwan,0.481125,NEGATIVE
17,State-gov,Assoc-acdm,3,Married-spouse-absent,Exec-managerial,Other-relative,Other,Male,72500,1851,71,Taiwan,0.502655,POSITIVE
12,Local-gov,Some-college,2,Widowed,Craft-repair,Not-in-family,Asian-Pac-Islander,Female,67500,326,66,France,0.488570,NEGATIVE
12,Local-gov,Some-college,2,Widowed,Craft-repair,Not-in-family,Asian-Pac-Islander,Male,67500,326,66,France,0.515745,POSITIVE
12,Local-gov,12th,2,Never-married,Craft-repair,Not-in-family,Asian-Pac-Islander,Female,67500,1415,53,Scotland,0.501491,POSITIVE
12,Local-gov,12th,2,Never-married,Craft-repair,Not-in-family,Asian-Pac-Islander,Male,67500,1415,53,Scotland,0.492642,NEGATIVE
12,Local-gov,Some-college,2,Never-married,Craft-repair,Not-in-family,Asian-Pac-Islander,Female,67500,326,66,France,0.498413,NEGATIVE
12,Local-gov,Some-college,2,Never-married,Craft-repair,Not-in-family,Asian-Pac-Islander,Male,67500,326,66,France,0.530161,POSITIVE
10,Local-gov,7th-8th,9,Widowed,Tech-support,Not-in-family,White,Female,52500,1197,64,Portugal,0.487870,NEGATIVE
10,Local-gov,7th-8th,9,Widowed,Tech-support,Not-in-family,White,Male,52500,1197,64,Portugal,0.510382,POSITIVE
12,Local-gov,Some-college,10,Widowed,Craft-repair,Not-in-family,Asian-Pac-Islander,Female,52500,326,66,Scotland,0.495205,NEGATIVE
12,Local-gov,Some-college,10,Widowed,Craft-repair,Not-in-family,Asian-Pac-Islander,Male,52500,326,66,Scotland,0.508538,POSITIVE
24,Self-emp-inc,Masters,3,Married-spouse-absent,Other-service,Other-relative,Asian-Pac-Islander,Female,52500,1415,67,Thailand,0.495734,NEGATIVE
24,Self-emp-inc,Masters,3,Married-spouse-absent,Other-service,Other-relative,Asian-Pac-Islander,Male,52500,1415,67,Thailand,0.507050,POSITIVE
27,State-gov,10th,4,Married-spouse-absent,Sales,Other-relative,Amer-Indian-Eskimo,Female,57500,544,69,El-Salvador,0.497991,NEGATIVE
27,State-gov,10th,4,Married-spouse-absent,Sales,Other-relative,Amer-Indian-Eskimo,Male,57500,544,69,El-Salvador,0.535720,POSITIVE
22,Local-gov,12th,1,Widowed,Craft-repair,Not-in-family,White,Female,62500,1197,52,Nicaragua,0.497649,NEGATIVE
22,Local-gov,12th,1,Widowed,Craft-repair,Not-in-family,White,Male,62500,1197,52,Nicaragua,0.505623,POSITIVE
12,Self-emp-not-inc,12th,2,Widowed,Craft-repair,Not-in-family,Asian-Pac-Islander,Female,62500,326,66,Scotland,0.501683,POSITIVE
12,Self-emp-not-inc,12th,2,Widowed,Craft-repair,Not-in-family,Asian-Pac-Islander,Male,62500,326,66,Scotland,0.488450,NEGATIVE
15,Federal-gov,10th,4,Married-spouse-absent,Sales,Other-relative,Amer-Indian-Eskimo,Female,57500,544,69,Ecuador,0.496229,NEGATIVE
15,Federal-gov,10th,4,Married-spouse-absent,Sales,Other-relative,Amer-Indian-Eskimo,Male,57500,544,69,Ecuador,0.517529,POSITIVE
11,Local-gov,12th,1,Widowed,Craft-repair,Wife,White,Female,62500,108,65,Ireland,0.513725,POSITIVE
11,Local-gov,12th,1,Widowed,Craft-repair,Wife,White,Male,62500,108,65,Ireland,0.498378,NEGATIVE
14,Self-emp-inc,1st-4th,3,Married-spouse-absent,Other-service,Other-relative,Amer-Indian-Eskimo,Female,57500,1633,55,Yugoslavia,0.517509,POSITIVE
14,Self-emp-inc,1st-4th,3,Married-spouse-absent,Other-service,Other-relative,Amer-Indian-Eskimo,Male,57500,1633,55,Yugoslavia,0.490003,NEGATIVE
13,Self-emp-inc,Masters,3,Married-spouse-absent,Other-service,Other-relative,Asian-Pac-Islander,Female,57500,326,54,Thailand,0.501499,POSITIVE
13,Self-emp-inc,Masters,3,Married-spouse-absent,Other-service,Other-relative,Asian-Pac-Islander,Male,57500,326,54,Thailand,0.490667,NEGATIVE
10,Local-gov,7th-8th,1,Widowed,Tech-support,Wife,White,Female,62500,108,51,Guatemala,0.505859,POSITIVE
10,Local-gov,7th-8th,1,Widowed,Tech-support,Wife,White,Male,62500,108,51,Guatemala,0.495638,NEGATIVE
11,Private,12th,1,Widowed,Craft-repair,Not-in-family,White,Female,52500,1197,52,Ireland,0.509512,POSITIVE
11,Private,12th,1,Widowed,Craft-repair,Not-in-family,White,Male,52500,1197,52,Ireland,0.493230,NEGATIVE
13,State-gov,Masters,3,Married-spouse-absent,Other-service,Other-relative,Asian-Pac-Islander,Female,62500,326,54,Dominican-Republic,0.503641,POSITIVE
13,State-gov,Masters,3,Married-spouse-absent,Other-service,Other-relative,Asian-Pac-Islander,Male,62500,326,54,Dominican-Republic,0.478154,NEGATIVE
22,Private,Some-college,1,Widowed,Craft-repair,Not-in-family,White,Female,52500,1197,65,Nicaragua,0.474376,NEGATIVE
22,Private,Some-college,1,Widowed,Craft-repair,Not-in-family,White,Male,52500,1197,65,Nicaragua,0.500773,POSITIVE
27,State-gov,Prof-school,4,Married-spouse-absent,Sales,Other-relative,Amer-Indian-Eskimo,Female,62500,544,69,El-Salvador,0.495328,NEGATIVE
27,State-gov,Prof-school,4,Married-spouse-absent,Sales,Other-relative,Amer-Indian-Eskimo,Male,62500,544,69,El-Salvador,0.514674,POSITIVE
28,State-gov,Assoc-acdm,5,Married-spouse-absent,Exec-managerial,Other-relative,Other,Female,57500,762,71,Trinadad&Tobago,0.483890,NEGATIVE
28,State-gov,Assoc-acdm,5,Married-spouse-absent,Exec-managerial,Other-relative,Other,Male,57500,762,71,Trinadad&Tobago,0.525505,POSITIVE
22,Local-gov,Some-college,1,Widowed,Craft-repair,Not-in-family,White,Female,52500,108,65,Ireland,0.493484,NEGATIVE
22,Local-gov,Some-college,1,Widowed,Craft-repair,Not-in-family,White,Male,52500,108,65,Ireland,0.523379,POSITIVE
27,State-gov,Prof-school,4,Married-spouse-absent,Sales,Other-relative,Amer-Indian-Eskimo,Female,57500,1633,57,El-Salvador,0.497638,NEGATIVE
27,State-gov,Prof-school,4,Married-spouse-absent,Sales,Other-relative,Amer-Indian-Eskimo,Male,57500,1633,57,El-Salvador,0.506102,POSITIVE
27,State-gov,Prof-school,4,Married-spouse-absent,Sales,Other-relative,Amer-Indian-Eskimo,Female,57500,544,57,El-Salvador,0.473031,NEGATIVE
27,State-gov,Prof-school,4,Married-spouse-absent,Sales,Other-relative,Amer-Indian-Eskimo,Male,57500,544,57,El-Salvador,0.508033,POSITIVE
15,Federal-gov,Prof-school,4,Married-spouse-absent,Sales,Not-in-family,Amer-Indian-Eskimo,Female,57500,1197,63,El-Salvador,0.512002,POSITIVE
15,Federal-gov,Prof-school,4,Married-spouse-absent,Sales,Not-in-family,Amer-Indian-Eskimo,Male,57500,1197,63,El-Salvador,0.498505,NEGATIVE
15,Federal-gov,Prof-school,4,Married-spouse-absent,Sales,Other-relative,Amer-Indian-Eskimo,Female,57500,1633,69,Ecuador,0.491277,NEGATIVE
15,Federal-gov,Prof-school,4,Married-spouse-absent,Sales,Other-relative,Amer-Indian-Eskimo,Male,57500,1633,69,Ecuador,0.512982,POSITIVE
14,Self-emp-inc,HS-grad,3,Married-spouse-absent,Other-service,Other-relative,Amer-Indian-Eskimo,Female,57500,544,68,Laos,0.480165,NEGATIVE
14,Self-emp-inc,HS-grad,3,Married-spouse-absent,Other-service,Other-relative,Amer-Indian-Eskimo,Male,57500,544,68,Laos,0.505627,POSITIVE
15,State-gov,Prof-school,4,Married-spouse-absent,Sales,Own-child,Amer-Indian-Eskimo,Female,57500,544,69,Ecuador,0.479211,NEGATIVE
15,State-gov,Prof-school,4,Married-spouse-absent,Sales,Own-child,Amer-Indian-Eskimo,Male,57500,544,69,Ecuador,0.503836,POSITIVE
12,Local-gov,Some-college,2,Widowed,Craft-repair,Not-in-family,Asian-Pac-Islander,Female,62500,1415,53,France,0.488619,NEGATIVE
12,Local-gov,Some-college,2,Widowed,Craft-repair,Not-in-family,Asian-Pac-Islander,Male,62500,1415,53,France,0.516342,POSITIVE
11,Local-gov,Some-college,1,Widowed,Craft-repair,Not-in-family,White,Female,62500,108,52,Ireland,0.492060,NEGATIVE
11,Local-gov,Some-college,1,Widowed,Craft-repair,Not-in-family,White,Male,62500,108,52,Ireland,0.517795,POSITIVE
16,State-gov,Prof-school,5,Married-spouse-absent,Exec-managerial,Other-relative,Amer-Indian-Eskimo,Female,57500,544,58,Ecuador,0.490304,NEGATIVE
16,State-gov,Prof-school,5,Married-spouse-absent,Exec-managerial,Other-relative,Amer-Indian-Eskimo,Male,57500,544,58,Ecuador,0.503825,POSITIVE
22,Local-gov,Bachelors,1,Married-civ-spouse,Machine-op-inspct,Not-in-family,White,Female,52500,108,64,Guatemala,0.503593,POSITIVE
22,Local-gov,Bachelors,1,Married-civ-spouse,Machine-op-inspct,Not-in-family,White,Male,52500,108,64,Guatemala,0.495126,NEGATIVE
10,Local-gov,Bachelors,1,Married-civ-spouse,Machine-op-inspct,Not-in-family,White,Female,52500,108,64,Guatemala,0.508527,POSITIVE
10,Local-gov,Bachelors,1,Married-civ-spouse,Machine-op-inspct,Not-in-family,White,Male,52500,108,64,Guatemala,0.489914,NEGATIVE
24,State-gov,Masters,3,Divorced,Other-service,Other-relative,Asian-Pac-Islander,Female,62500,1415,67,Thailand,0.501540,POSITIVE
24,State-gov,Masters,3,Divorced,Other-service,Other-relative,Asian-Pac-Islander,Male,62500,1415,67,Thailand,0.493639,NEGATIVE
27,Local-gov,10th,5,Never-married,Exec-managerial,Other-relative,Amer-Indian-Eskimo,Female,57500,544,70,El-Salvador,0.500582,POSITIVE
27,Local-gov,10th,5,Never-married,Exec-managerial,Other-relative,Amer-Indian-Eskimo,Male,57500,544,70,El-Salvador,0.497124,NEGATIVE
27,State-gov,10th,5,Never-married,Exec-managerial,Own-child,Amer-Indian-Eskimo,Female,57500,544,70,El-Salvador,0.493806,NEGATIVE
27,State-gov,10th,5,Never-married,Exec-managerial,Own-child,Amer-Indian-Eskimo,Male,57500,544,70,El-Salvador,0.501656,POSITIVE
23,Local-gov,12th,2,Divorced,Craft-repair,Not-in-family,Asian-Pac-Islander,Female,62500,1415,66,France,0.505241,POSITIVE
23,Local-gov,12th,2,Divorced,Craft-repair,Not-in-family,Asian-Pac-Islander,Male,62500,1415,66,France,0.499083,NEGATIVE
22,Local-gov,7th-8th,1,Married-civ-spouse,Tech-support,Not-in-family,White,Female,62500,108,64,Portugal,0.505825,POSITIVE
22,Local-gov,7th-8th,1,Married-civ-spouse,Tech-support,Not-in-family,White,Male,62500,108,64,Portugal,0.495609,NEGATIVE
27,Local-gov,10th,5,Never-married,Exec-managerial,Other-relative,Amer-Indian-Eskimo,Female,57500,544,70,Ecuador,0.479222,NEGATIVE
27,Local-gov,10th,5,Never-married,Exec-managerial,Other-relative,Amer-Indian-Eskimo,Male,57500,544,70,Ecuador,0.501752,POSITIVE
10,Private,7th-8th,1,Married-civ-spouse,Tech-support,Not-in-family,White,Female,52500,1197,64,Portugal,0.506625,POSITIVE
10,Private,7th-8th,1,Married-civ-spouse,Tech-support,Not-in-family,White,Male,52500,1197,64,Portugal,0.492168,NEGATIVE
14,State-gov,1st-4th,3,Never-married,Other-service,Own-child,Amer-Indian-Eskimo,Female,57500,1633,68,Laos,0.500684,POSITIVE
14,State-gov,1st-4th,3,Never-married,Other-service,Own-child,Amer-Indian-Eskimo,Male,57500,1633,68,Laos,0.497814,NEGATIVE
12,Local-gov,12th,2,Married-civ-spouse,Craft-repair,Wife,Asian-Pac-Islander,Female,52500,1415,66,France,0.501578,POSITIVE
12,Local-gov,12th,2,Married-civ-spouse,Craft-repair,Wife,Asian-Pac-Islander,Male,52500,1415,66,France,0.489787,NEGATIVE
11,Private,12th,1,Married-civ-spouse,Craft-repair,Not-in-family,White,Female,52500,108,65,Ireland,0.508543,POSITIVE
11,Private,12th,1,Married-civ-spouse,Craft-repair,Not-in-family,White,Male,52500,108,65,Ireland,0.494907,NEGATIVE
12,Local-gov,12th,2,Never-married,Craft-repair,Wife,Asian-Pac-Islander,Female,52500,1415,53,France,0.515184,POSITIVE
12,Local-gov,12th,2,Never-married,Craft-repair,Wife,Asian-Pac-Islander,Male,52500,1415,53,France,0.497958,NEGATIVE
12,Local-gov,12th,2,Married-civ-spouse,Craft-repair,Wife,Asian-Pac-Islander,Female,52500,326,53,France,0.501543,POSITIVE
12,Local-gov,12th,2,Married-civ-spouse,Craft-repair,Wife,Asian-Pac-Islander,Male,52500,326,53,France,0.494047,NEGATIVE
28,Local-gov,Assoc-acdm,5,Never-married,Exec-managerial,Other-relative,Other,Female,57500,762,71,Trinadad&Tobago,0.492522,NEGATIVE
28,Local-gov,Assoc-acdm,5,Never-married,Exec-managerial,Other-relative,Other,Male,57500,762,71,Trinadad&Tobago,0.503847,POSITIVE
27,State-gov,Prof-school,5,Never-married,Exec-managerial,Other-relative,Amer-Indian-Eskimo,Female,57500,544,70,Ecuador,0.474633,NEGATIVE
27,State-gov,Prof-school,5,Never-married,Exec-managerial,Other-relative,Amer-Indian-Eskimo,Male,57500,544,70,Ecuador,0.506373,POSITIVE
13,Self-emp-inc,11th,3,Divorced,Other-service,Other-relative,Asian-Pac-Islander,Female,52500,1415,67,Dominican-Republic,0.489828,NEGATIVE
13,Self-emp-inc,11th,3,Divorced,Other-service,Other-relative,Asian-Pac-Islander,Male,52500,1415,67,Dominican-Republic,0.507629,POSITIVE
16,Local-gov,Prof-school,5,Never-married,Exec-managerial,Other-relative,Amer-Indian-Eskimo,Female,57500,544,70,Ecuador,0.482293,NEGATIVE
16,Local-gov,Prof-school,5,Never-married,Exec-managerial,Other-relative,Amer-Indian-Eskimo,Male,57500,544,70,Ecuador,0.502579,POSITIVE
10,Local-gov,Bachelors,1,Married-civ-spouse,Tech-support,Wife,White,Female,52500,108,51,Guatemala,0.502054,POSITIVE
10,Local-gov,Bachelors,1,Married-civ-spouse,Tech-support,Wife,White,Male,52500,108,51,Guatemala,0.490012,NEGATIVE
22,Local-gov,Bachelors,1,Married-civ-spouse,Tech-support,Not-in-family,White,Female,52500,108,51,Portugal,0.487168,NEGATIVE
22,Local-gov,Bachelors,1,Married-civ-spouse,Tech-support,Not-in-family,White,Male,52500,108,51,Portugal,0.516306,POSITIVE
10,Local-gov,Bachelors,1,Married-civ-spouse,Tech-support,Not-in-family,White,Female,62500,108,51,Portugal,0.499372,NEGATIVE
10,Local-gov,Bachelors,1,Married-civ-spouse,Tech-support,Not-in-family,White,Male,62500,108,51,Portugal,0.504099,POSITIVE
11,Local-gov,12th,5,Widowed,Craft-repair,Not-in-family,White,Female,67500,3375,90,Cuba,0.478481,NEGATIVE
11,Local-gov,12th,5,Widowed,Craft-repair,Not-in-family,White,Male,67500,3375,90,Cuba,0.500143,POSITIVE
19,Without-pay,5th-6th,3,Married-AF-spouse,Prof-specialty,Unmarried,Black,Female,72500,4247,98,Vietnam,0.476925,NEGATIVE
19,Without-pay,5th-6th,3,Married-AF-spouse,Prof-specialty,Unmarried,Black,Male,72500,4247,98,Vietnam,0.528734,POSITIVE
19,Without-pay,Assoc-voc,3,Married-AF-spouse,Prof-specialty,Unmarried,Black,Female,72500,3158,98,Vietnam,0.488984,NEGATIVE
19,Without-pay,Assoc-voc,3,Married-AF-spouse,Prof-specialty,Unmarried,Black,Male,72500,3158,98,Vietnam,0.520623,POSITIVE
11,Local-gov,Some-college,1,Widowed,Craft-repair,Not-in-family,White,Female,67500,3375,77,Cuba,0.499803,NEGATIVE
11,Local-gov,Some-college,1,Widowed,Craft-repair,Not-in-family,White,Male,67500,3375,77,Cuba,0.531136,POSITIVE
11,Local-gov,Some-college,1,Widowed,Craft-repair,Not-in-family,White,Female,67500,3375,90,Cambodia,0.490497,NEGATIVE
11,Local-gov,Some-college,1,Widowed,Craft-repair,Not-in-family,White,Male,67500,3375,90,Cambodia,0.508522,POSITIVE
14,State-gov,1st-4th,3,Divorced,Other-service,Other-relative,Amer-Indian-Eskimo,Female,67500,3811,93,Philippines,0.503605,POSITIVE
14,State-gov,1st-4th,3,Divorced,Other-service,Other-relative,Amer-Indian-Eskimo,Male,67500,3811,93,Philippines,0.496543,NEGATIVE
13,State-gov,Masters,3,Never-married,Other-service,Other-relative,Asian-Pac-Islander,Female,67500,2504,79,Honduras,0.489791,NEGATIVE
13,State-gov,Masters,3,Never-married,Other-service,Other-relative,Asian-Pac-Islander,Male,67500,2504,79,Honduras,0.510632,POSITIVE
19,Without-pay,Assoc-voc,3,Separated,Prof-specialty,Unmarried,Black,Female,72500,3158,98,Vietnam,0.495302,NEGATIVE
19,Without-pay,Assoc-voc,3,Separated,Prof-specialty,Unmarried,Black,Male,72500,3158,98,Vietnam,0.520204,POSITIVE
10,Local-gov,Bachelors,1,Married-civ-spouse,Tech-support,Not-in-family,White,Female,67500,2286,76,China,0.494454,NEGATIVE
10,Local-gov,Bachelors,1,Married-civ-spouse,Tech-support,Not-in-family,White,Male,67500,2286,76,China,0.502094,POSITIVE
10,Local-gov,7th-8th,9,Widowed,Tech-support,Not-in-family,White,Female,52500,3375,89,China,0.493770,NEGATIVE
10,Local-gov,7th-8th,9,Widowed,Tech-support,Not-in-family,White,Male,52500,3375,89,China,0.514576,POSITIVE
10,Local-gov,Bachelors,9,Widowed,Tech-support,Not-in-family,White,Female,52500,2286,89,China,0.472185,NEGATIVE
10,Local-gov,Bachelors,9,Widowed,Tech-support,Not-in-family,White,Male,52500,2286,89,China,0.510081,POSITIVE
10,Local-gov,7th-8th,1,Widowed,Machine-op-inspct,Not-in-family,White,Female,52500,2286,89,China,0.476022,NEGATIVE
10,Local-gov,7th-8th,1,Widowed,Machine-op-inspct,Not-in-family,White,Male,52500,2286,89,China,0.506984,POSITIVE
23,Local-gov,12th,2,Widowed,Craft-repair,Not-in-family,Asian-Pac-Islander,Female,62500,3593,91,Iran,0.477818,NEGATIVE
23,Local-gov,12th,2,Widowed,Craft-repair,Not-in-family,Asian-Pac-Islander,Male,62500,3593,91,Iran,0.506180,POSITIVE
27,State-gov,10th,4,Married-spouse-absent,Sales,Other-relative,Amer-Indian-Eskimo,Female,57500,3811,94,Italy,0.480958,NEGATIVE
27,State-gov,10th,4,Married-spouse-absent,Sales,Other-relative,Amer-Indian-Eskimo,Male,57500,3811,94,Italy,0.521524,POSITIVE
22,Local-gov,12th,1,Widowed,Craft-repair,Wife,White,Female,52500,3375,90,Cuba,0.487486,NEGATIVE
22,Local-gov,12th,1,Widowed,Craft-repair,Wife,White,Male,52500,3375,90,Cuba,0.517989,POSITIVE
27,State-gov,10th,4,Married-spouse-absent,Sales,Other-relative,Amer-Indian-Eskimo,Female,57500,2722,94,Italy,0.487198,NEGATIVE
27,State-gov,10th,4,Married-spouse-absent,Sales,Other-relative,Amer-Indian-Eskimo,Male,57500,2722,94,Italy,0.529438,POSITIVE
22,Local-gov,7th-8th,1,Widowed,Tech-support,Wife,White,Female,52500,2286,89,China,0.475135,NEGATIVE
22,Local-gov,7th-8th,1,Widowed,Tech-support,Wife,White,Male,52500,2286,89,China,0.515112,POSITIVE
24,State-gov,Masters,3,Married-spouse-absent,Other-service,Other-relative,Asian-Pac-Islander,Female,52500,2504,79,Honduras,0.474393,NEGATIVE
24,State-gov,Masters,3,Married-spouse-absent,Other-service,Other-relative,Asian-Pac-Islander,Male,52500,2504,79,Honduras,0.507216,POSITIVE
13,Self-emp-inc,Masters,3,Married-spouse-absent,Other-service,Own-child,Asian-Pac-Islander,Female,57500,2940,92,Honduras,0.481482,NEGATIVE
13,Self-emp-inc,Masters,3,Married-spouse-absent,Other-service,Own-child,Asian-Pac-Islander,Male,57500,2940,92,Honduras,0.501385,POSITIVE
14,Self-emp-inc,1st-4th,3,Married-spouse-absent,Other-service,Other-relative,Amer-Indian-Eskimo,Female,52500,3811,80,Philippines,0.471326,NEGATIVE
14,Self-emp-inc,1st-4th,3,Married-spouse-absent,Other-service,Other-relative,Amer-Indian-Eskimo,Male,52500,3811,80,Philippines,0.513583,POSITIVE
14,Self-emp-inc,1st-4th,3,Married-spouse-absent,Other-service,Other-relative,Amer-Indian-Eskimo,Female,57500,2722,80,Philippines,0.499805,NEGATIVE
14,Self-emp-inc,1st-4th,3,Married-spouse-absent,Other-service,Other-relative,Amer-Indian-Eskimo,Male,57500,2722,80,Philippines,0.527557,POSITIVE
11,Local-gov,12th,1,Widowed,Craft-repair,Not-in-family,White,Female,62500,3375,77,Cambodia,0.526778,POSITIVE
11,Local-gov,12th,1,Widowed,Craft-repair,Not-in-family,White,Male,62500,3375,77,Cambodia,0.499783,NEGATIVE
14,State-gov,1st-4th,3,Married-spouse-absent,Other-service,Other-relative,Amer-Indian-Eskimo,Female,52500,3811,80,Canada,0.521009,POSITIVE
14,State-gov,1st-4th,3,Married-spouse-absent,Other-service,Other-relative,Amer-Indian-Eskimo,Male,52500,3811,80,Canada,0.490607,NEGATIVE
14,State-gov,1st-4th,3,Married-spouse-absent,Other-service,Other-relative,Amer-Indian-Eskimo,Female,52500,2722,80,Canada,0.494891,NEGATIVE
14,State-gov,1st-4th,3,Married-spouse-absent,Other-service,Other-relative,Amer-Indian-Eskimo,Male,52500,2722,80,Canada,0.500697,POSITIVE
22,Local-gov,Bachelors,1,Widowed,Tech-support,Not-in-family,White,Female,62500,3375,89,China,0.479182,NEGATIVE
22,Local-gov,Bachelors,1,Widowed,Tech-support,Not-in-family,White,Male,62500,3375,89,China,0.517034,POSITIVE
25,State-gov,HS-grad,3,Married-spouse-absent,Other-service,Other-relative,Amer-Indian-Eskimo,Female,52500,2722,93,Philippines,0.484718,NEGATIVE
25,State-gov,HS-grad,3,Married-spouse-absent,Other-service,Other-relative,Amer-Indian-Eskimo,Male,52500,2722,93,Philippines,0.517605,POSITIVE
23,Local-gov,Some-college,2,Widowed,Craft-repair,Not-in-family,Asian-Pac-Islander,Female,52500,2504,78,Iran,0.488933,NEGATIVE
23,Local-gov,Some-college,2,Widowed,Craft-repair,Not-in-family,Asian-Pac-Islander,Male,52500,2504,78,Iran,0.519058,POSITIVE
16,Local-gov,Prof-school,5,Married-spouse-absent,Exec-managerial,Other-relative,Amer-Indian-Eskimo,Female,57500,3811,95,Italy,0.498068,NEGATIVE
16,Local-gov,Prof-school,5,Married-spouse-absent,Exec-managerial,Other-relative,Amer-Indian-Eskimo,Male,57500,3811,95,Italy,0.537034,POSITIVE
16,Local-gov,Prof-school,5,Married-spouse-absent,Exec-managerial,Other-relative,Amer-Indian-Eskimo,Female,57500,2722,95,Italy,0.470452,NEGATIVE
16,Local-gov,Prof-school,5,Married-spouse-absent,Exec-managerial,Other-relative,Amer-Indian-Eskimo,Male,57500,2722,95,Italy,0.503651,POSITIVE
14,State-gov,HS-grad,3,Married-spouse-absent,Other-service,Own-child,Amer-Indian-Eskimo,Female,62500,2722,93,Philippines,0.491945,NEGATIVE
14,State-gov,HS-grad,3,Married-spouse-absent,Other-service,Own-child,Amer-Indian-Eskimo,Male,62500,2722,93,Philippines,0.509061,POSITIVE
16,State-gov,Prof-school,5,Married-spouse-absent,Exec-managerial,Own-child,Amer-Indian-Eskimo,Female,57500,2722,95,Italy,0.481065,NEGATIVE
16,State-gov,Prof-school,5,Married-spouse-absent,Exec-managerial,Own-child,Amer-Indian-Eskimo,Male,57500,2722,95,Italy,0.501988,POSITIVE
12,Self-emp-not-inc,Some-college,2,Widowed,Craft-repair,Not-in-family,Asian-Pac-Islander,Female,52500,3593,78,Iran,0.471638,NEGATIVE
12,Self-emp-not-inc,Some-college,2,Widowed,Craft-repair,Not-in-family,Asian-Pac-Islander,Male,52500,3593,78,Iran,0.505226,POSITIVE
13,State-gov,11th,3,Married-spouse-absent,Other-service,Own-child,Asian-Pac-Islander,Female,52500,3593,79,Honduras,0.496563,NEGATIVE
13,State-gov,11th,3,Married-spouse-absent,Other-service,Own-child,Asian-Pac-Islander,Male,52500,3593,79,Honduras,0.524966,POSITIVE
15,State-gov,Prof-school,4,Married-spouse-absent,Sales,Other-relative,Amer-Indian-Eskimo,Female,62500,2722,82,Italy,0.471468,NEGATIVE
15,State-gov,Prof-school,4,Married-spouse-absent,Sales,Other-relative,Amer-Indian-Eskimo,Male,62500,2722,82,Italy,0.502416,POSITIVE
14,Self-emp-inc,HS-grad,3,Married-spouse-absent,Other-service,Other-relative,Amer-Indian-Eskimo,Female,52500,2722,80,Philippines,0.482320,NEGATIVE
14,Self-emp-inc,HS-grad,3,Married-spouse-absent,Other-service,Other-relative,Amer-Indian-Eskimo,Male,52500,2722,80,Philippines,0.510423,POSITIVE
10,Local-gov,Bachelors,1,Widowed,Tech-support,Wife,White,Female,62500,2286,76,China,0.498153,NEGATIVE
10,Local-gov,Bachelors,1,Widowed,Tech-support,Wife,White,Male,62500,2286,76,China,0.522645,POSITIVE
11,Local-gov,Some-college,1,Widowed,Craft-repair,Wife,White,Female,52500,3375,90,Cambodia,0.464073,NEGATIVE
11,Local-gov,Some-college,1,Widowed,Craft-repair,Wife,White,Male,52500,3375,90,Cambodia,0.514433,POSITIVE
13,State-gov,11th,3,Married-spouse-absent,Other-service,Other-relative,Asian-Pac-Islander,Female,62500,2504,92,Puerto-Rico,0.487481,NEGATIVE
13,State-gov,11th,3,Married-spouse-absent,Other-service,Other-relative,Asian-Pac-Islander,Male,62500,2504,92,Puerto-Rico,0.509025,POSITIVE
15,State-gov,Prof-school,4,Married-spouse-absent,Sales,Other-relative,Amer-Indian-Eskimo,Female,57500,2722,94,Germany,0.451981,NEGATIVE
15,State-gov,Prof-school,4,Married-spouse-absent,Sales,Other-relative,Amer-Indian-Eskimo,Male,57500,2722,94,Germany,0.500388,POSITIVE
12,Local-gov,Some-college,2,Widowed,Craft-repair,Wife,Asian-Pac-Islander,Female,52500,2504,91,England,0.496840,NEGATIVE
12,Local-gov,Some-college,2,Widowed,Craft-repair,Wife,Asian-Pac-Islander,Male,52500,2504,91,England,0.535087,POSITIVE
18,Without-pay,5th-6th,6,Never-married,Prof-specialty,Unmarried,Other,Female,57500,4029,97,Jamaica,0.494045,NEGATIVE
18,Without-pay,5th-6th,6,Never-married,Prof-specialty,Unmarried,Other,Male,57500,4029,97,Jamaica,0.514613,POSITIVE
11,Private,12th,1,Married-civ-spouse,Craft-repair,Not-in-family,White,Female,52500,3375,90,Cuba,0.500194,POSITIVE
11,Private,12th,1,Married-civ-spouse,Craft-repair,Not-in-family,White,Male,52500,3375,90,Cuba,0.484683,NEGATIVE
10,Local-gov,7th-8th,1,Married-civ-spouse,Tech-support,Wife,White,Female,62500,3375,89,China,0.523667,POSITIVE
10,Local-gov,7th-8th,1,Married-civ-spouse,Tech-support,Wife,White,Male,62500,3375,89,China,0.494941,NEGATIVE
17,Local-gov,Doctorate,5,Never-married,Exec-managerial,Other-relative,Other,Female,57500,2940,96,Poland,0.497849,NEGATIVE
17,Local-gov,Doctorate,5,Never-married,Exec-managerial,Other-relative,Other,Male,57500,2940,96,Poland,0.503271,POSITIVE
14,State-gov,1st-4th,3,Divorced,Other-service,Other-relative,Amer-Indian-Eskimo,Female,62500,3811,80,Philippines,0.521830,POSITIVE
14,State-gov,1st-4th,3,Divorced,Other-service,Other-relative,Amer-Indian-Eskimo,Male,62500,3811,80,Philippines,0.498879,NEGATIVE
12,Self-emp-not-inc,Some-college,2,Divorced,Craft-repair,Not-in-family,Asian-Pac-Islander,Female,52500,3593,91,Iran,0.494515,NEGATIVE
12,Self-emp-not-inc,Some-college,2,Divorced,Craft-repair,Not-in-family,Asian-Pac-Islander,Male,52500,3593,91,Iran,0.508339,POSITIVE
17,State-gov,Assoc-acdm,5,Never-married,Exec-managerial,Other-relative,Other,Female,62500,2940,96,Poland,0.481408,NEGATIVE
17,State-gov,Assoc-acdm,5,Never-married,Exec-managerial,Other-relative,Other,Male,62500,2940,96,Poland,0.505916,POSITIVE
17,Local-gov,Assoc-acdm,5,Never-married,Exec-managerial,Other-relative,Other,Female,57500,2940,96,Poland,0.477342,NEGATIVE
17,Local-gov,Assoc-acdm,5,Never-married,Exec-managerial,Other-relative,Other,Male,57500,2940,96,Poland,0.501856,POSITIVE
10,Local-gov,Bachelors,1,Married-civ-spouse,Tech-support,Wife,White,Female,62500,2286,89,China,0.477944,NEGATIVE
10,Local-gov,Bachelors,1,Married-civ-spouse,Tech-support,Wife,White,Male,62500,2286,89,China,0.503624,POSITIVE
17,State-gov,Assoc-acdm,5,Never-married,Exec-managerial,Other-relative,Other,Female,57500,4029,84,Poland,0.492956,NEGATIVE
17,State-gov,Assoc-acdm,5,Never-married,Exec-managerial,Other-relative,Other,Male,57500,4029,84,Poland,0.531670,POSITIVE
17,State-gov,Assoc-acdm,5,Never-married,Exec-managerial,Other-relative,Other,Female,57500,2940,84,Poland,0.474319,NEGATIVE
17,State-gov,Assoc-acdm,5,Never-married,Exec-managerial,Other-relative,Other,Male,57500,2940,84,Poland,0.502892,POSITIVE
11,Local-gov,12th,5,Widowed,Craft-repair,Not-in-family,White,Female,67500,1197,90,Cuba,0.480763,NEGATIVE
11,Local-gov,12th,5,Widowed,Craft-repair,Not-in-family,White,Male,67500,1197,90,Cuba,0.509396,POSITIVE
11,Local-gov,12th,1,Widowed,Craft-repair,Wife,White,Female,67500,1197,90,Cuba,0.483096,NEGATIVE
11,Local-gov,12th,1,Widowed,Craft-repair,Wife,White,Male,67500,1197,90,Cuba,0.511586,POSITIVE
17,State-gov,Doctorate,3,Married-spouse-absent,Exec-managerial,Other-relative,Other,Female,72500,1851,84,Poland,0.494542,NEGATIVE
17,State-gov,Doctorate,3,Married-spouse-absent,Exec-managerial,Other-relative,Other,Male,72500,1851,84,Poland,0.525051,POSITIVE
11,Local-gov,12th,1,Widowed,Craft-repair,Not-in-family,White,Female,67500,108,77,Cuba,0.494704,NEGATIVE
11,Local-gov,12th,1,Widowed,Craft-repair,Not-in-family,White,Male,67500,108,77,Cuba,0.513230,POSITIVE
12,Local-gov,Some-college,2,Widowed,Craft-repair,Not-in-family,Asian-Pac-Islander,Female,67500,326,91,Iran,0.471107,NEGATIVE
12,Local-gov,Some-college,2,Widowed,Craft-repair,Not-in-family,Asian-Pac-Islander,Male,67500,326,91,Iran,0.510667,POSITIVE
12,Local-gov,Some-college,2,Widowed,Craft-repair,Not-in-family,Asian-Pac-Islander,Female,67500,1415,78,Iran,0.474113,NEGATIVE
12,Local-gov,Some-college,2,Widowed,Craft-repair,Not-in-family,Asian-Pac-Islander,Male,67500,1415,78,Iran,0.508372,POSITIVE
16,State-gov,10th,2,Never-married,Exec-managerial,Other-relative,Amer-Indian-Eskimo,Female,72500,1633,83,Italy,0.497182,NEGATIVE
16,State-gov,10th,2,Never-married,Exec-managerial,Other-relative,Amer-Indian-Eskimo,Male,72500,1633,83,Italy,0.502148,POSITIVE
19,Without-pay,Assoc-voc,3,Separated,Prof-specialty,Unmarried,Black,Female,72500,2069,98,Vietnam,0.499642,NEGATIVE
19,Without-pay,Assoc-voc,3,Separated,Prof-specialty,Unmarried,Black,Male,72500,2069,98,Vietnam,0.525110,POSITIVE
16,State-gov,Prof-school,2,Never-married,Exec-managerial,Other-relative,Amer-Indian-Eskimo,Female,72500,544,95,Italy,0.496350,NEGATIVE
16,State-gov,Prof-school,2,Never-married,Exec-managerial,Other-relative,Amer-Indian-Eskimo,Male,72500,544,95,Italy,0.521386,POSITIVE
10,Local-gov,7th-8th,1,Widowed,Machine-op-inspct,Not-in-family,White,Female,52500,1197,89,China,0.452829,NEGATIVE
10,Local-gov,7th-8th,1,Widowed,Machine-op-inspct,Not-in-family,White,Male,52500,1197,89,China,0.502145,POSITIVE
25,State-gov,1st-4th,3,Married-spouse-absent,Other-service,Other-relative,Amer-Indian-Eskimo,Female,52500,1633,93,Philippines,0.483601,NEGATIVE
25,State-gov,1st-4th,3,Married-spouse-absent,Other-service,Other-relative,Amer-Indian-Eskimo,Male,52500,1633,93,Philippines,0.518456,POSITIVE
23,Local-gov,12th,2,Widowed,Craft-repair,Not-in-family,Asian-Pac-Islander,Female,52500,326,91,Iran,0.465642,NEGATIVE
23,Local-gov,12th,2,Widowed,Craft-repair,Not-in-family,Asian-Pac-Islander,Male,52500,326,91,Iran,0.508416,POSITIVE
13,Self-emp-inc,Masters,3,Married-spouse-absent,Other-service,Own-child,Asian-Pac-Islander,Female,57500,762,92,Honduras,0.496455,NEGATIVE
13,Self-emp-inc,Masters,3,Married-spouse-absent,Other-service,Own-child,Asian-Pac-Islander,Male,57500,762,92,Honduras,0.532760,POSITIVE
16,State-gov,10th,5,Married-spouse-absent,Exec-managerial,Other-relative,Amer-Indian-Eskimo,Female,62500,1633,83,Italy,0.483193,NEGATIVE
16,State-gov,10th,5,Married-spouse-absent,Exec-managerial,Other-relative,Amer-Indian-Eskimo,Male,62500,1633,83,Italy,0.521911,POSITIVE
13,Self-emp-not-inc,Masters,3,Married-spouse-absent,Other-service,Other-relative,Asian-Pac-Islander,Female,52500,1415,79,Honduras,0.494884,NEGATIVE
13,Self-emp-not-inc,Masters,3,Married-spouse-absent,Other-service,Other-relative,Asian-Pac-Islander,Male,52500,1415,79,Honduras,0.526340,POSITIVE
11,Local-gov,12th,1,Widowed,Craft-repair,Wife,White,Female,62500,1197,77,Cuba,0.484283,NEGATIVE
11,Local-gov,12th,1,Widowed,Craft-repair,Wife,White,Male,62500,1197,77,Cuba,0.511524,POSITIVE
15,State-gov,10th,4,Married-spouse-absent,Sales,Own-child,Amer-Indian-Eskimo,Female,57500,1633,82,Italy,0.487568,NEGATIVE
15,State-gov,10th,4,Married-spouse-absent,Sales,Own-child,Amer-Indian-Eskimo,Male,57500,1633,82,Italy,0.518850,POSITIVE
12,Self-emp-not-inc,12th,2,Widowed,Craft-repair,Not-in-family,Asian-Pac-Islander,Female,52500,326,78,Iran,0.487026,NEGATIVE
12,Self-emp-not-inc,12th,2,Widowed,Craft-repair,Not-in-family,Asian-Pac-Islander,Male,52500,326,78,Iran,0.515635,POSITIVE
24,State-gov,11th,3,Married-spouse-absent,Other-service,Other-relative,Asian-Pac-Islander,Female,52500,1415,92,Honduras,0.472479,NEGATIVE
24,State-gov,11th,3,Married-spouse-absent,Other-service,Other-relative,Asian-Pac-Islander,Male,52500,1415,92,Honduras,0.513739,POSITIVE
18,Without-pay,Assoc-voc,6,Married-AF-spouse,Prof-specialty,Unmarried,Other,Female,62500,1851,97,Jamaica,0.465073,NEGATIVE
18,Without-pay,Assoc-voc,6,Married-AF-spouse,Prof-specialty,Unmarried,Other,Male,62500,1851,97,Jamaica,0.505112,POSITIVE
13,State-gov,11th,3,Married-spouse-absent,Other-service,Own-child,Asian-Pac-Islander,Female,62500,1415,92,Honduras,0.483712,NEGATIVE
13,State-gov,11th,3,Married-spouse-absent,Other-service,Own-child,Asian-Pac-Islander,Male,62500,1415,92,Honduras,0.518900,POSITIVE
14,Self-emp-inc,HS-grad,3,Married-spouse-absent,Other-service,Other-relative,Amer-Indian-Eskimo,Female,57500,544,93,Philippines,0.476210,NEGATIVE
14,Self-emp-inc,HS-grad,3,Married-spouse-absent,Other-service,Other-relative,Amer-Indian-Eskimo,Male,57500,544,93,Philippines,0.516761,POSITIVE
13,Self-emp-inc,11th,3,Married-spouse-absent,Other-service,Other-relative,Asian-Pac-Islander,Female,57500,1415,79,Honduras,0.469953,NEGATIVE
13,Self-emp-inc,11th,3,Married-spouse-absent,Other-service,Other-relative,Asian-Pac-Islander,Male,57500,1415,79,Honduras,0.500265,POSITIVE
16,State-gov,Prof-school,5,Married-spouse-absent,Exec-managerial,Other-relative,Amer-Indian-Eskimo,Female,57500,544,83,Italy,0.476358,NEGATIVE
16,State-gov,Prof-school,5,Married-spouse-absent,Exec-managerial,Other-relative,Amer-Indian-Eskimo,Male,57500,544,83,Italy,0.530679,POSITIVE
12,Local-gov,Some-college,2,Widowed,Craft-repair,Wife,Asian-Pac-Islander,Female,52500,326,78,Iran,0.485790,NEGATIVE
12,Local-gov,Some-college,2,Widowed,Craft-repair,Wife,Asian-Pac-Islander,Male,52500,326,78,Iran,0.516492,POSITIVE
15,State-gov,Prof-school,4,Married-spouse-absent,Sales,Other-relative,Amer-Indian-Eskimo,Female,57500,1633,94,Germany,0.469591,NEGATIVE
15,State-gov,Prof-school,4,Married-spouse-absent,Sales,Other-relative,Amer-Indian-Eskimo,Male,57500,1633,94,Germany,0.509905,POSITIVE
13,State-gov,11th,3,Married-spouse-absent,Other-service,Other-relative,Asian-Pac-Islander,Female,52500,1415,79,Puerto-Rico,0.464065,NEGATIVE
13,State-gov,11th,3,Married-spouse-absent,Other-service,Other-relative,Asian-Pac-Islander,Male,52500,1415,79,Puerto-Rico,0.505042,POSITIVE
10,Local-gov,Bachelors,1,Widowed,Tech-support,Not-in-family,White,Female,52500,108,76,United-States,0.486105,NEGATIVE
10,Local-gov,Bachelors,1,Widowed,Tech-support,Not-in-family,White,Male,52500,108,76,United-States,0.519422,POSITIVE
22,Local-gov,12th,1,Married-civ-spouse,Craft-repair,Not-in-family,White,Female,52500,108,77,Cuba,0.484558,NEGATIVE
22,Local-gov,12th,1,Married-civ-spouse,Craft-repair,Not-in-family,White,Male,52500,108,77,Cuba,0.501804,POSITIVE
15,State-gov,10th,4,Never-married,Sales,Own-child,Amer-Indian-Eskimo,Female,57500,1633,94,Italy,0.488896,NEGATIVE
15,State-gov,10th,4,Never-married,Sales,Own-child,Amer-Indian-Eskimo,Male,57500,1633,94,Italy,0.502605,POSITIVE
15,Federal-gov,10th,4,Never-married,Sales,Other-relative,Amer-Indian-Eskimo,Female,57500,544,94,Italy,0.485476,NEGATIVE
15,Federal-gov,10th,4,Never-married,Sales,Other-relative,Amer-Indian-Eskimo,Male,57500,544,94,Italy,0.503352,POSITIVE
16,State-gov,10th,5,Never-married,Exec-managerial,Own-child,Amer-Indian-Eskimo,Female,57500,544,95,Italy,0.473442,NEGATIVE
16,State-gov,10th,5,Never-married,Exec-managerial,Own-child,Amer-Indian-Eskimo,Male,57500,544,95,Italy,0.506546,POSITIVE
10,Private,7th-8th,1,Married-civ-spouse,Tech-support,Not-in-family,White,Female,52500,1197,76,China,0.504860,POSITIVE
10,Private,7th-8th,1,Married-civ-spouse,Tech-support,Not-in-family,White,Male,52500,1197,76,China,0.493735,NEGATIVE
18,Without-pay,5th-6th,6,Never-married,Prof-specialty,Unmarried,Other,Female,57500,762,85,Jamaica,0.497182,NEGATIVE
18,Without-pay,5th-6th,6,Never-married,Prof-specialty,Unmarried,Other,Male,57500,762,85,Jamaica,0.505018,POSITIVE
14,State-gov,1st-4th,3,Divorced,Other-service,Own-child,Amer-Indian-Eskimo,Female,57500,544,80,Philippines,0.488276,NEGATIVE
14,State-gov,1st-4th,3,Divorced,Other-service,Own-child,Amer-Indian-Eskimo,Male,57500,544,80,Philippines,0.508560,POSITIVE
18,Without-pay,Assoc-voc,6,Never-married,Prof-specialty,Unmarried,Other,Female,62500,1851,97,Jamaica,0.495266,NEGATIVE
18,Without-pay,Assoc-voc,6,Never-married,Prof-specialty,Unmarried,Other,Male,62500,1851,97,Jamaica,0.523075,POSITIVE
15,State-gov,Prof-school,4,Never-married,Sales,Own-child,Amer-Indian-Eskimo,Female,57500,1633,94,Italy,0.483894,NEGATIVE
15,State-gov,Prof-school,4,Never-married,Sales,Own-child,Amer-Indian-Eskimo,Male,57500,1633,94,Italy,0.512247,POSITIVE
11,Self-emp-not-inc,Some-college,1,Married-civ-spouse,Craft-repair,Not-in-family,White,Female,52500,108,90,Cuba,0.498009,NEGATIVE
11,Self-emp-not-inc,Some-college,1,Married-civ-spouse,Craft-repair,Not-in-family,White,Male,52500,108,90,Cuba,0.510793,POSITIVE
13,State-gov,11th,3,Divorced,Other-service,Own-child,Asian-Pac-Islander,Female,57500,326,92,Honduras,0.473999,NEGATIVE
13,State-gov,11th,3,Divorced,Other-service,Own-child,Asian-Pac-Islander,Male,57500,326,92,Honduras,0.513164,POSITIVE
13,State-gov,11th,3,Divorced,Other-service,Own-child,Asian-Pac-Islander,Female,52500,1415,79,Honduras,0.489465,NEGATIVE
13,State-gov,11th,3,Divorced,Other-service,Own-child,Asian-Pac-Islander,Male,52500,1415,79,Honduras,0.514090,POSITIVE
10,Local-gov,Bachelors,1,Married-civ-spouse,Tech-support,Wife,White,Female,52500,108,76,China,0.476674,NEGATIVE
10,Local-gov,Bachelors,1,Married-civ-spouse,Tech-support,Wife,White,Male,52500,108,76,China,0.513172,POSITIVE
12,Local-gov,Some-college,2,Divorced,Craft-repair,Not-in-family,Asian-Pac-Islander,Female,52500,1415,91,England,0.497794,NEGATIVE
12,Local-gov,Some-college,2,Divorced,Craft-repair,Not-in-family,Asian-Pac-Islander,Male,52500,1415,91,England,0.500360,POSITIVE
22,Local-gov,12th,1,Widowed,Craft-repair,Not-in-family,White,Female,52500,2286,65,Cuba,0.491245,NEGATIVE
22,Local-gov,12th,1,Widowed,Craft-repair,Not-in-family,White,Male,52500,2286,65,Cuba,0.517146,POSITIVE
12,Self-emp-not-inc,12th,2,Widowed,Craft-repair,Not-in-family,Asian-Pac-Islander,Female,52500,3593,66,Iran,0.499338,NEGATIVE
12,Self-emp-not-inc,12th,2,Widowed,Craft-repair,Not-in-family,Asian-Pac-Islander,Male,52500,3593,66,Iran,0.502282,POSITIVE
14,State-gov,1st-4th,3,Married-spouse-absent,Other-service,Other-relative,Amer-Indian-Eskimo,Female,52500,3811,55,Philippines,0.502291,POSITIVE
14,State-gov,1st-4th,3,Married-spouse-absent,Other-service,Other-relative,Amer-Indian-Eskimo,Male,52500,3811,55,Philippines,0.476694,NEGATIVE
10,Local-gov,7th-8th,1,Widowed,Tech-support,Wife,White,Female,52500,2286,51,China,0.506576,POSITIVE
10,Local-gov,7th-8th,1,Widowed,Tech-support,Wife,White,Male,52500,2286,51,China,0.476431,NEGATIVE
12,Local-gov,12th,2,Widowed,Craft-repair,Not-in-family,Asian-Pac-Islander,Female,52500,3593,66,England,0.538276,POSITIVE
12,Local-gov,12th,2,Widowed,Craft-repair,Not-in-family,Asian-Pac-Islander,Male,52500,3593,66,England,0.465979,NEGATIVE
10,Local-gov,7th-8th,1,Widowed,Tech-support,Not-in-family,White,Female,52500,2286,51,United-States,0.565431,POSITIVE
10,Local-gov,7th-8th,1,Widowed,Tech-support,Not-in-family,White,Male,52500,2286,51,United-States,0.488852,NEGATIVE
13,State-gov,11th,3,Married-spouse-absent,Other-service,Other-relative,Asian-Pac-Islander,Female,57500,3593,67,Honduras,0.464315,NEGATIVE
13,State-gov,11th,3,Married-spouse-absent,Other-service,Other-relative,Asian-Pac-Islander,Male,57500,3593,67,Honduras,0.507111,POSITIVE
11,Local-gov,Some-college,1,Widowed,Craft-repair,Wife,White,Female,52500,2286,65,Cuba,0.471215,NEGATIVE
11,Local-gov,Some-college,1,Widowed,Craft-repair,Wife,White,Male,52500,2286,65,Cuba,0.502835,POSITIVE
11,Local-gov,12th,1,Married-civ-spouse,Craft-repair,Not-in-family,White,Female,52500,2286,52,Cuba,0.522659,POSITIVE
11,Local-gov,12th,1,Married-civ-spouse,Craft-repair,Not-in-family,White,Male,52500,2286,52,Cuba,0.497586,NEGATIVE
10,Local-gov,7th-8th,1,Widowed,Tech-support,Not-in-family,White,Female,67500,1197,64,China,0.492152,NEGATIVE
10,Local-gov,7th-8th,1,Widowed,Tech-support,Not-in-family,White,Male,67500,1197,64,China,0.507585,POSITIVE
16,State-gov,10th,5,Married-spouse-absent,Exec-managerial,Other-relative,Amer-Indian-Eskimo,Female,57500,1633,70,Italy,0.483639,NEGATIVE
16,State-gov,10th,5,Married-spouse-absent,Exec-managerial,Other-relative,Amer-Indian-Eskimo,Male,57500,1633,70,Italy,0.512234,POSITIVE
13,State-gov,Masters,3,Married-spouse-absent,Other-service,Own-child,Asian-Pac-Islander,Female,52500,1415,67,Honduras,0.487714,NEGATIVE
13,State-gov,Masters,3,Married-spouse-absent,Other-service,Own-child,Asian-Pac-Islander,Male,52500,1415,67,Honduras,0.519752,POSITIVE
16,State-gov,10th,5,Married-spouse-absent,Exec-managerial,Other-relative,Amer-Indian-Eskimo,Female,57500,544,70,Italy,0.489179,NEGATIVE
16,State-gov,10th,5,Married-spouse-absent,Exec-managerial,Other-relative,Amer-Indian-Eskimo,Male,57500,544,70,Italy,0.532093,POSITIVE
10,Local-gov,7th-8th,1,Widowed,Tech-support,Wife,White,Female,52500,1197,51,China,0.504844,POSITIVE
10,Local-gov,7th-8th,1,Widowed,Tech-support,Wife,White,Male,52500,1197,51,China,0.497198,NEGATIVE
13,State-gov,11th,3,Married-spouse-absent,Other-service,Other-relative,Asian-Pac-Islander,Female,62500,1415,67,Honduras,0.487323,NEGATIVE
13,State-gov,11th,3,Married-spouse-absent,Other-service,Other-relative,Asian-Pac-Islander,Male,62500,1415,67,Honduras,0.515837,POSITIVE
12,Local-gov,Some-college,2,Widowed,Craft-repair,Wife,Asian-Pac-Islander,Female,52500,1415,66,Iran,0.468042,NEGATIVE
12,Local-gov,Some-college,2,Widowed,Craft-repair,Wife,Asian-Pac-Islander,Male,52500,1415,66,Iran,0.512884,POSITIVE
11,Local-gov,Some-college,1,Widowed,Craft-repair,Not-in-family,White,Female,52500,108,52,Cuba,0.487881,NEGATIVE
11,Local-gov,Some-college,1,Widowed,Craft-repair,Not-in-family,White,Male,52500,108,52,Cuba,0.520149,POSITIVE
10,Local-gov,Bachelors,1,Widowed,Tech-support,Not-in-family,White,Female,52500,1197,64,United-States,0.483614,NEGATIVE
10,Local-gov,Bachelors,1,Widowed,Tech-support,Not-in-family,White,Male,52500,1197,64,United-States,0.525010,POSITIVE
12,Local-gov,12th,2,Divorced,Craft-repair,Wife,Asian-Pac-Islander,Female,52500,1415,66,Iran,0.506181,POSITIVE
12,Local-gov,12th,2,Divorced,Craft-repair,Wife,Asian-Pac-Islander,Male,52500,1415,66,Iran,0.492558,NEGATIVE
14,State-gov,1st-4th,3,Divorced,Other-service,Other-relative,Amer-Indian-Eskimo,Female,52500,1633,55,Philippines,0.508758,POSITIVE
14,State-gov,1st-4th,3,Divorced,Other-service,Other-relative,Amer-Indian-Eskimo,Male,52500,1633,55,Philippines,0.487164,NEGATIVE
10,Local-gov,Bachelors,1,Married-civ-spouse,Tech-support,Wife,White,Female,52500,1197,64,China,0.494989,NEGATIVE
10,Local-gov,Bachelors,1,Married-civ-spouse,Tech-support,Wife,White,Male,52500,1197,64,China,0.530769,POSITIVE
12,Local-gov,Some-college,2,Divorced,Craft-repair,Not-in-family,Asian-Pac-Islander,Female,52500,1415,53,Iran,0.499705,NEGATIVE
12,Local-gov,Some-college,2,Divorced,Craft-repair,Not-in-family,Asian-Pac-Islander,Male,52500,1415,53,Iran,0.515521,POSITIVE
10,Local-gov,Bachelors,1,Married-civ-spouse,Tech-support,Not-in-family,White,Female,52500,108,51,China,0.486216,NEGATIVE
10,Local-gov,Bachelors,1,Married-civ-spouse,Tech-support,Not-in-family,White,Male,52500,108,51,China,0.502860,POSITIVE
33,Local-gov,7th-8th,1,Married-civ-spouse,Tech-support,Not-in-family,White,Female,52500,108,39,Guatemala,0.502351,POSITIVE
33,Local-gov,7th-8th,1,Married-civ-spouse,Tech-support,Not-in-family,White,Male,52500,108,39,Guatemala,0.499051,NEGATIVE
14,State-gov,1st-4th,3,Married-spouse-absent,Other-service,Other-relative,Amer-Indian-Eskimo,Female,52500,3811,43,Yugoslavia,0.547138,POSITIVE
14,State-gov,1st-4th,3,Married-spouse-absent,Other-service,Other-relative,Amer-Indian-Eskimo,Male,52500,3811,43,Yugoslavia,0.474131,NEGATIVE
12,Self-emp-not-inc,12th,2,Widowed,Craft-repair,Not-in-family,Asian-Pac-Islander,Female,52500,2504,41,Scotland,0.509593,POSITIVE
12,Self-emp-not-inc,12th,2,Widowed,Craft-repair,Not-in-family,Asian-Pac-Islander,Male,52500,2504,41,Scotland,0.476231,NEGATIVE
11,Local-gov,12th,1,Widowed,Craft-repair,Wife,White,Female,52500,2286,40,Nicaragua,0.505963,POSITIVE
11,Local-gov,12th,1,Widowed,Craft-repair,Wife,White,Male,52500,2286,40,Nicaragua,0.472185,NEGATIVE
13,State-gov,Masters,3,Married-spouse-absent,Other-service,Other-relative,Asian-Pac-Islander,Female,52500,3593,42,Dominican-Republic,0.549789,POSITIVE
13,State-gov,Masters,3,Married-spouse-absent,Other-service,Other-relative,Asian-Pac-Islander,Male,52500,3593,42,Dominican-Republic,0.465976,NEGATIVE
14,State-gov,1st-4th,3,Married-spouse-absent,Other-service,Other-relative,Amer-Indian-Eskimo,Female,52500,2722,43,Laos,0.534506,POSITIVE
14,State-gov,1st-4th,3,Married-spouse-absent,Other-service,Other-relative,Amer-Indian-Eskimo,Male,52500,2722,43,Laos,0.463423,NEGATIVE
15,State-gov,Prof-school,4,Married-spouse-absent,Sales,Other-relative,Amer-Indian-Eskimo,Female,57500,2722,44,El-Salvador,0.513061,POSITIVE
15,State-gov,Prof-school,4,Married-spouse-absent,Sales,Other-relative,Amer-Indian-Eskimo,Male,57500,2722,44,El-Salvador,0.481810,NEGATIVE
12,Local-gov,Some-college,2,Widowed,Craft-repair,Not-in-family,Asian-Pac-Islander,Female,52500,2504,41,France,0.509327,POSITIVE
12,Local-gov,Some-college,2,Widowed,Craft-repair,Not-in-family,Asian-Pac-Islander,Male,52500,2504,41,France,0.474281,NEGATIVE
10,Local-gov,7th-8th,1,Widowed,Tech-support,Wife,White,Female,52500,2286,26,Guatemala,0.520354,POSITIVE
10,Local-gov,7th-8th,1,Widowed,Tech-support,Wife,White,Male,52500,2286,26,Guatemala,0.429590,NEGATIVE
10,Local-gov,7th-8th,1,Widowed,Tech-support,Not-in-family,White,Female,52500,3375,26,Portugal,0.613467,POSITIVE
10,Local-gov,7th-8th,1,Widowed,Tech-support,Not-in-family,White,Male,52500,3375,26,Portugal,0.483922,NEGATIVE
12,Local-gov,12th,2,Widowed,Craft-repair,Not-in-family,Asian-Pac-Islander,Female,52500,2504,28,France,0.550254,POSITIVE
12,Local-gov,12th,2,Widowed,Craft-repair,Not-in-family,Asian-Pac-Islander,Male,52500,2504,28,France,0.465245,NEGATIVE
10,Local-gov,Bachelors,1,Widowed,Tech-support,Not-in-family,White,Female,52500,2286,26,Guatemala,0.502199,POSITIVE
10,Local-gov,Bachelors,1,Widowed,Tech-support,Not-in-family,White,Male,52500,2286,26,Guatemala,0.476283,NEGATIVE
12,Local-gov,12th,1,Widowed,Craft-repair,Not-in-family,Asian-Pac-Islander,Female,67500,1415,41,Scotland,0.529980,POSITIVE
12,Local-gov,12th,1,Widowed,Craft-repair,Not-in-family,Asian-Pac-Islander,Male,67500,1415,41,Scotland,0.499269,NEGATIVE
10,Local-gov,7th-8th,1,Widowed,Tech-support,Not-in-family,White,Female,67500,108,39,Guatemala,0.504110,POSITIVE
10,Local-gov,7th-8th,1,Widowed,Tech-support,Not-in-family,White,Male,67500,108,39,Guatemala,0.495127,NEGATIVE
16,State-gov,10th,2,Married-spouse-absent,Priv-house-serv,Other-relative,Amer-Indian-Eskimo,Female,72500,544,33,El-Salvador,0.650860,POSITIVE
16,State-gov,10th,2,Married-spouse-absent,Priv-house-serv,Other-relative,Amer-Indian-Eskimo,Male,72500,544,33,El-Salvador,0.488283,NEGATIVE
13,State-gov,Masters,1,Married-spouse-absent,Other-service,Other-relative,Asian-Pac-Islander,Female,67500,326,29,Thailand,0.597017,POSITIVE
13,State-gov,Masters,1,Married-spouse-absent,Other-service,Other-relative,Asian-Pac-Islander,Male,67500,326,29,Thailand,0.486168,NEGATIVE
29,State-gov,5th-6th,6,Married-AF-spouse,Prof-specialty,Unmarried,Other,Female,57500,762,35,Peru,0.574205,POSITIVE
29,State-gov,5th-6th,6,Married-AF-spouse,Prof-specialty,Unmarried,Other,Male,57500,762,35,Peru,0.466062,NEGATIVE
12,Self-emp-not-inc,12th,2,Widowed,Craft-repair,Not-in-family,Asian-Pac-Islander,Female,52500,1415,41,Scotland,0.521536,POSITIVE
12,Self-emp-not-inc,12th,2,Widowed,Craft-repair,Not-in-family,Asian-Pac-Islander,Male,52500,1415,41,Scotland,0.478333,NEGATIVE
12,Local-gov,12th,2,Widowed,Craft-repair,Wife,Asian-Pac-Islander,Female,52500,1415,41,Scotland,0.523097,POSITIVE
12,Local-gov,12th,2,Widowed,Craft-repair,Wife,Asian-Pac-Islander,Male,52500,1415,41,Scotland,0.495179,NEGATIVE
13,State-gov,Masters,3,Married-spouse-absent,Other-service,Other-relative,Asian-Pac-Islander,Female,62500,326,42,Thailand,0.510738,POSITIVE
13,State-gov,Masters,3,Married-spouse-absent,Other-service,Other-relative,Asian-Pac-Islander,Male,62500,326,42,Thailand,0.469400,NEGATIVE
15,State-gov,10th,4,Married-spouse-absent,Sales,Other-relative,Amer-Indian-Eskimo,Female,57500,1633,44,Ecuador,0.533928,POSITIVE
15,State-gov,10th,4,Married-spouse-absent,Sales,Other-relative,Amer-Indian-Eskimo,Male,57500,1633,44,Ecuador,0.473678,NEGATIVE
16,State-gov,Prof-school,5,Married-spouse-absent,Exec-managerial,Other-relative,Amer-Indian-Eskimo,Female,57500,1633,45,El-Salvador,0.523738,POSITIVE
16,State-gov,Prof-school,5,Married-spouse-absent,Exec-managerial,Other-relative,Amer-Indian-Eskimo,Male,57500,1633,45,El-Salvador,0.495553,NEGATIVE
11,Local-gov,Some-college,1,Widowed,Craft-repair,Wife,White,Female,52500,108,40,Nicaragua,0.508527,POSITIVE
11,Local-gov,Some-college,1,Widowed,Craft-repair,Wife,White,Male,52500,108,40,Nicaragua,0.488378,NEGATIVE
19,State-gov,5th-6th,7,Married-AF-spouse,Protective-serv,Unmarried,Black,Female,57500,2069,36,Hong,0.659875,POSITIVE
19,State-gov,5th-6th,7,Married-AF-spouse,Protective-serv,Unmarried,Black,Male,57500,2069,36,Hong,0.485948,NEGATIVE
16,Local-gov,10th,5,Married-spouse-absent,Priv-house-serv,Not-in-family,Amer-Indian-Eskimo,Female,57500,544,33,El-Salvador,0.592508,POSITIVE
16,Local-gov,10th,5,Married-spouse-absent,Priv-house-serv,Not-in-family,Amer-Indian-Eskimo,Male,57500,544,33,El-Salvador,0.427684,NEGATIVE
18,State-gov,5th-6th,6,Married-AF-spouse,Protective-serv,Unmarried,Other,Female,57500,762,35,Haiti,0.595530,POSITIVE
18,State-gov,5th-6th,6,Married-AF-spouse,Protective-serv,Unmarried,Other,Male,57500,762,35,Haiti,0.421436,NEGATIVE
19,State-gov,5th-6th,7,Married-AF-spouse,Prof-specialty,Other-relative,Black,Female,62500,1851,36,Peru,0.623793,POSITIVE
19,State-gov,5th-6th,7,Married-AF-spouse,Prof-specialty,Other-relative,Black,Male,62500,1851,36,Peru,0.488785,NEGATIVE
22,Local-gov,7th-8th,1,Married-civ-spouse,Tech-support,Not-in-family,White,Female,52500,108,39,Portugal,0.496858,NEGATIVE
22,Local-gov,7th-8th,1,Married-civ-spouse,Tech-support,Not-in-family,White,Male,52500,108,39,Portugal,0.500952,POSITIVE
13,State-gov,11th,3,Divorced,Other-service,Other-relative,Asian-Pac-Islander,Female,57500,326,42,Dominican-Republic,0.496548,NEGATIVE
13,State-gov,11th,3,Divorced,Other-service,Other-relative,Asian-Pac-Islander,Male,57500,326,42,Dominican-Republic,0.505689,POSITIVE
10,Local-gov,7th-8th,1,Widowed,Tech-support,Not-in-family,White,Female,52500,3375,39,China,0.560122,POSITIVE
10,Local-gov,7th-8th,1,Widowed,Tech-support,Not-in-family,White,Male,52500,3375,39,China,0.490754,NEGATIVE
11,Local-gov,12th,1,Widowed,Craft-repair,Not-in-family,White,Female,52500,2286,40,Cuba,0.526759,POSITIVE
11,Local-gov,12th,1,Widowed,Craft-repair,Not-in-family,White,Male,52500,2286,40,Cuba,0.488594,NEGATIVE
12,Local-gov,12th,2,Widowed,Craft-repair,Not-in-family,Asian-Pac-Islander,Female,52500,2504,16,Scotland,0.599587,POSITIVE
12,Local-gov,12th,2,Widowed,Craft-repair,Not-in-family,Asian-Pac-Islander,Male,52500,2504,16,Scotland,0.469767,NEGATIVE
19,State-gov,5th-6th,7,Married-AF-spouse,Prof-specialty,Unmarried,Black,Female,57500,3158,12,Hong,0.811886,POSITIVE
19,State-gov,5th-6th,7,Married-AF-spouse,Prof-specialty,Unmarried,Black,Male,57500,3158,12,Hong,0.498799,NEGATIVE
19,State-gov,5th-6th,7,Married-AF-spouse,Prof-specialty,Other-relative,Black,Female,62500,3158,6,Hong,0.801452,POSITIVE
19,State-gov,5th-6th,7,Married-AF-spouse,Prof-specialty,Other-relative,Black,Male,62500,3158,6,Hong,0.460486,NEGATIVE
17,State-gov,Doctorate,13,Married-spouse-absent,Exec-managerial,Other-relative,Other,Female,57500,762,21,Trinadad&Tobago,0.657278,POSITIVE
17,State-gov,Doctorate,13,Married-spouse-absent,Exec-managerial,Other-relative,Other,Male,57500,762,21,Trinadad&Tobago,0.488304,NEGATIVE
19,State-gov,5th-6th,7,Married-AF-spouse,Protective-serv,Unmarried,Black,Female,72500,980,23,Hong,0.651609,POSITIVE
19,State-gov,5th-6th,7,Married-AF-spouse,Protective-serv,Unmarried,Black,Male,72500,980,23,Hong,0.473379,NEGATIVE
19,Without-pay,5th-6th,3,Married-AF-spouse,Protective-serv,Husband,Black,Female,72500,980,23,Hong,0.590541,POSITIVE
19,Without-pay,5th-6th,3,Married-AF-spouse,Protective-serv,Husband,Black,Male,72500,980,23,Hong,0.393836,NEGATIVE
19,Without-pay,5th-6th,3,Married-AF-spouse,Protective-serv,Unmarried,Black,Female,72500,980,23,Columbia,0.644914,POSITIVE
19,Without-pay,5th-6th,3,Married-AF-spouse,Protective-serv,Unmarried,Black,Male,72500,980,23,Columbia,0.476785,NEGATIVE
18,State-gov,5th-6th,6,Married-AF-spouse,Prof-specialty,Unmarried,Other,Female,72500,762,22,Peru,0.598279,POSITIVE
18,State-gov,5th-6th,6,Married-AF-spouse,Prof-specialty,Unmarried,Other,Male,72500,762,22,Peru,0.415548,NEGATIVE
18,Without-pay,5th-6th,3,Married-AF-spouse,Prof-specialty,Unmarried,Other,Female,72500,762,22,Haiti,0.679756,POSITIVE
18,Without-pay,5th-6th,3,Married-AF-spouse,Prof-specialty,Unmarried,Other,Male,72500,762,22,Haiti,0.498114,NEGATIVE
30,State-gov,5th-6th,7,Married-AF-spouse,Protective-serv,Unmarried,Black,Female,62500,980,23,Hong,0.648876,POSITIVE
30,State-gov,5th-6th,7,Married-AF-spouse,Protective-serv,Unmarried,Black,Male,62500,980,23,Hong,0.475619,NEGATIVE
29,State-gov,5th-6th,6,Married-AF-spouse,Prof-specialty,Other-relative,Other,Female,62500,762,22,Peru,0.612380,POSITIVE
29,State-gov,5th-6th,6,Married-AF-spouse,Prof-specialty,Other-relative,Other,Male,62500,762,22,Peru,0.456102,NEGATIVE
30,Without-pay,5th-6th,7,Married-AF-spouse,Prof-specialty,Unmarried,Black,Female,57500,980,23,Columbia,0.656731,POSITIVE
30,Without-pay,5th-6th,7,Married-AF-spouse,Prof-specialty,Unmarried,Black,Male,57500,980,23,Columbia,0.462620,NEGATIVE
19,State-gov,5th-6th,7,Married-AF-spouse,Protective-serv,Other-relative,Black,Female,62500,1851,23,Peru,0.665304,POSITIVE
19,State-gov,5th-6th,7,Married-AF-spouse,Protective-serv,Other-relative,Black,Male,62500,1851,23,Peru,0.487494,NEGATIVE
17,Local-gov,Doctorate,5,Married-spouse-absent,Exec-managerial,Not-in-family,Other,Female,57500,1415,21,Thailand,0.628411,POSITIVE
17,Local-gov,Doctorate,5,Married-spouse-absent,Exec-managerial,Not-in-family,Other,Male,57500,1415,21,Thailand,0.434340,NEGATIVE
17,State-gov,Assoc-acdm,5,Married-spouse-absent,Exec-managerial,Other-relative,Other,Female,57500,762,21,Trinadad&Tobago,0.656256,POSITIVE
17,State-gov,Assoc-acdm,5,Married-spouse-absent,Exec-managerial,Other-relative,Other,Male,57500,762,21,Trinadad&Tobago,0.498165,NEGATIVE
17,Local-gov,Doctorate,5,Never-married,Exec-managerial,Other-relative,Other,Female,57500,762,21,Trinadad&Tobago,0.606319,POSITIVE
17,Local-gov,Doctorate,5,Never-married,Exec-managerial,Other-relative,Other,Male,57500,762,21,Trinadad&Tobago,0.484064,NEGATIVE
17,Local-gov,Doctorate,13,Married-spouse-absent,Priv-house-serv,Other-relative,Other,Female,57500,762,5,Trinadad&Tobago,0.680852,POSITIVE
17,Local-gov,Doctorate,13,Married-spouse-absent,Priv-house-serv,Other-relative,Other,Male,57500,762,5,Trinadad&Tobago,0.436200,NEGATIVE
17,Local-gov,Doctorate,13,Married-spouse-absent,Exec-managerial,Other-relative,Other,Female,57500,762,11,Trinadad&Tobago,0.724692,POSITIVE
17,Local-gov,Doctorate,13,Married-spouse-absent,Exec-managerial,Other-relative,Other,Male,57500,762,11,Trinadad&Tobago,0.468599,NEGATIVE
18,State-gov,5th-6th,14,Married-AF-spouse,Prof-specialty,Unmarried,Other,Female,62500,762,5,Peru,0.734746,POSITIVE
18,State-gov,5th-6th,14,Married-AF-spouse,Prof-specialty,Unmarried,Other,Male,62500,762,5,Peru,0.483609,NEGATIVE
19,State-gov,5th-6th,15,Married-AF-spouse,Prof-specialty,Unmarried,Black,Female,57500,980,6,Columbia,0.730386,POSITIVE
19,State-gov,5th-6th,15,Married-AF-spouse,Prof-specialty,Unmarried,Black,Male,57500,980,6,Columbia,0.398861,NEGATIVE
17,Local-gov,Doctorate,5,Married-spouse-absent,Priv-house-serv,Not-in-family,Other,Female,72500,762,9,Trinadad&Tobago,0.698865,POSITIVE
17,Local-gov,Doctorate,5,Married-spouse-absent,Priv-house-serv,Not-in-family,Other,Male,72500,762,9,Trinadad&Tobago,0.496563,NEGATIVE
19,Without-pay,5th-6th,7,Married-AF-spouse,Prof-specialty,Unmarried,Black,Female,72500,2069,6,Hong,0.746314,POSITIVE
19,Without-pay,5th-6th,7,Married-AF-spouse,Prof-specialty,Unmarried,Black,Male,72500,2069,6,Hong,0.492173,NEGATIVE
18,State-gov,5th-6th,6,Married-AF-spouse,Prof-specialty,Other-relative,Other,Female,72500,762,10,Peru,0.538822,POSITIVE
18,State-gov,5th-6th,6,Married-AF-spouse,Prof-specialty,Other-relative,Other,Male,72500,762,10,Peru,0.309242,NEGATIVE
29,State-gov,5th-6th,6,Married-AF-spouse,Protective-serv,Other-relative,Other,Female,62500,762,10,Peru,0.553019,POSITIVE
29,State-gov,5th-6th,6,Married-AF-spouse,Protective-serv,Other-relative,Other,Male,62500,762,10,Peru,0.388501,NEGATIVE
30,State-gov,5th-6th,7,Married-AF-spouse,Protective-serv,Unmarried,Black,Female,57500,980,12,Columbia,0.671009,POSITIVE
30,State-gov,5th-6th,7,Married-AF-spouse,Protective-serv,Unmarried,Black,Male,57500,980,12,Columbia,0.492174,NEGATIVE
30,State-gov,5th-6th,7,Married-AF-spouse,Protective-serv,Unmarried,Black,Female,57500,980,6,Columbia,0.673497,POSITIVE
30,State-gov,5th-6th,7,Married-AF-spouse,Protective-serv,Unmarried,Black,Male,57500,980,6,Columbia,0.438178,NEGATIVE
15,Federal-gov,10th,4,Married-spouse-absent,Transport-moving,Not-in-family,Amer-Indian-Eskimo,Female,57500,1197,7,Guatemala,0.704035,POSITIVE
15,Federal-gov,10th,4,Married-spouse-absent,Transport-moving,Not-in-family,Amer-Indian-Eskimo,Male,57500,1197,7,Guatemala,0.487062,NEGATIVE
18,State-gov,Assoc-voc,6,Married-AF-spouse,Protective-serv,Unmarried,Other,Female,57500,762,5,Peru,0.685425,POSITIVE
18,State-gov,Assoc-voc,6,Married-AF-spouse,Protective-serv,Unmarried,Other,Male,57500,762,5,Peru,0.459766,NEGATIVE
18,State-gov,5th-6th,6,Never-married,Protective-serv,Unmarried,Other,Female,57500,762,11,Peru,0.660965,POSITIVE
18,State-gov,5th-6th,6,Never-married,Protective-serv,Unmarried,Other,Male,57500,762,11,Peru,0.481986,NEGATIVE
18,State-gov,5th-6th,6,Never-married,Protective-serv,Unmarried,Other,Female,57500,762,5,Peru,0.558196,POSITIVE
18,State-gov,5th-6th,6,Never-married,Protective-serv,Unmarried,Other,Male,57500,762,5,Peru,0.355081,NEGATIVE
28,Local-gov,Doctorate,5,Married-spouse-absent,Exec-managerial,Not-in-family,Other,Female,57500,762,9,Trinadad&Tobago,0.680130,POSITIVE
28,Local-gov,Doctorate,5,Married-spouse-absent,Exec-managerial,Not-in-family,Other,Male,57500,762,9,Trinadad&Tobago,0.496365,NEGATIVE
30,State-gov,5th-6th,7,Married-AF-spouse,Prof-specialty,Unmarried,Black,Female,57500,980,12,Columbia,0.591361,POSITIVE
30,State-gov,5th-6th,7,Married-AF-spouse,Prof-specialty,Unmarried,Black,Male,57500,980,12,Columbia,0.406370,NEGATIVE
29,State-gov,5th-6th,6,Married-AF-spouse,Prof-specialty,Unmarried,Other,Female,57500,762,5,Haiti,0.673481,POSITIVE
29,State-gov,5th-6th,6,Married-AF-spouse,Prof-specialty,Unmarried,Other,Male,57500,762,5,Haiti,0.454940,NEGATIVE
14,Self-emp-inc,1st-4th,3,Married-spouse-absent,Other-service,Husband,Amer-Indian-Eskimo,Female,57500,980,5,Columbia,0.717764,POSITIVE
14,Self-emp-inc,1st-4th,3,Married-spouse-absent,Other-service,Husband,Amer-Indian-Eskimo,Male,57500,980,5,Columbia,0.471242,NEGATIVE
18,State-gov,Assoc-voc,6,Married-AF-spouse,Prof-specialty,Unmarried,Other,Female,57500,762,11,Peru,0.606201,POSITIVE
18,State-gov,Assoc-voc,6,Married-AF-spouse,Prof-specialty,Unmarried,Other,Male,57500,762,11,Peru,0.402970,NEGATIVE
17,Local-gov,Assoc-acdm,5,Married-spouse-absent,Exec-managerial,Other-relative,Other,Female,57500,762,5,Trinadad&Tobago,0.674813,POSITIVE
17,Local-gov,Assoc-acdm,5,Married-spouse-absent,Exec-managerial,Other-relative,Other,Male,57500,762,5,Trinadad&Tobago,0.398740,NEGATIVE
19,State-gov,5th-6th,7,Separated,Prof-specialty,Unmarried,Black,Female,62500,980,12,Hong,0.650362,POSITIVE
19,State-gov,5th-6th,7,Separated,Prof-specialty,Unmarried,Black,Male,62500,980,12,Hong,0.468431,NEGATIVE
19,State-gov,5th-6th,7,Separated,Prof-specialty,Other-relative,Black,Female,62500,980,6,Hong,0.620107,POSITIVE
19,State-gov,5th-6th,7,Separated,Prof-specialty,Other-relative,Black,Male,62500,980,6,Hong,0.388254,NEGATIVE
