job,marital,education,default,housing,loan,contact,month,day_of_week,emp.var.rate,duration,campaign,pdays,previous,poutcome,age,output,decision
blue-collar,divorced,basic.6y,no,no,no,cellular,jan,tue,-3,4930,14,274,0,failure,0,-0.001185,NEGATIVE
blue-collar,divorced,basic.6y,no,no,no,cellular,jan,tue,-3,4930,14,274,0,failure,1,0.000688,POSITIVE
housemaid,married,illiterate,unknown,unknown,unknown,telephone,oct,fri,-1,4898,9,262,4,nonexistent,0,-0.000426,NEGATIVE
housemaid,married,illiterate,unknown,unknown,unknown,telephone,oct,fri,-1,4898,9,262,4,nonexistent,1,0.000119,POSITIVE
admin.,divorced,basic.4y,no,no,no,cellular,jul,mon,-3,4533,8,258,0,failure,0,-0.000183,NEGATIVE
admin.,divorced,basic.4y,no,no,no,cellular,jul,mon,-3,4533,8,258,0,failure,1,0.000361,POSITIVE
management,single,professional.course,unknown,unknown,unknown,telephone,mar,(null),0,4594,9,255,5,success,0,-0.000395,NEGATIVE
management,single,professional.course,unknown,unknown,unknown,telephone,mar,(null),0,4594,9,255,5,success,1,0.000148,POSITIVE
blue-collar,divorced,basic.6y,no,no,no,cellular,jan,tue,-3,4930,39,188,0,failure,0,-0.028026,NEGATIVE
blue-collar,divorced,basic.6y,no,no,no,cellular,jan,tue,-3,4930,39,188,0,failure,1,0.017737,POSITIVE
admin.,divorced,basic.4y,no,no,no,cellular,jan,mon,-3,4923,33,227,0,failure,0,-0.000659,NEGATIVE
admin.,divorced,basic.4y,no,no,no,cellular,jan,mon,-3,4923,33,227,0,failure,1,0.008626,POSITIVE
entrepreneur,divorced,basic.6y,no,no,no,cellular,feb,tue,-3,4938,33,220,1,failure,0,-0.010885,NEGATIVE
entrepreneur,divorced,basic.6y,no,no,no,cellular,feb,tue,-3,4938,33,220,1,failure,1,0.020878,POSITIVE
housemaid,married,basic.9y,no,no,no,cellular,feb,wed,-2,4868,30,223,2,nonexistent,0,-0.008839,NEGATIVE
housemaid,married,basic.9y,no,no,no,cellular,feb,wed,-2,4868,30,223,2,nonexistent,1,0.000447,POSITIVE
admin.,divorced,basic.6y,no,no,no,cellular,jul,tue,-3,4696,26,219,0,failure,0,-0.014400,NEGATIVE
admin.,divorced,basic.6y,no,no,no,cellular,jul,tue,-3,4696,26,219,0,failure,1,0.007539,POSITIVE
blue-collar,married,basic.9y,no,no,no,cellular,feb,wed,-2,4712,28,221,2,nonexistent,0,-0.004156,NEGATIVE
blue-collar,married,basic.9y,no,no,no,cellular,feb,wed,-2,4712,28,221,2,nonexistent,1,0.005130,POSITIVE
admin.,divorced,basic.6y,no,no,no,cellular,jul,tue,-3,4852,33,204,0,failure,0,-0.025340,NEGATIVE
admin.,divorced,basic.6y,no,no,no,cellular,jul,tue,-3,4852,33,204,0,failure,1,0.004376,POSITIVE
self-employed,divorced,basic.4y,no,no,no,cellular,jan,mon,-3,4923,36,204,0,failure,0,-0.002475,NEGATIVE
self-employed,divorced,basic.4y,no,no,no,cellular,jan,mon,-3,4923,36,204,0,failure,1,0.027243,POSITIVE
blue-collar,divorced,basic.6y,no,no,no,cellular,feb,tue,-3,4938,36,205,1,failure,0,-0.013718,NEGATIVE
blue-collar,divorced,basic.6y,no,no,no,cellular,feb,tue,-3,4938,36,205,1,failure,1,0.016001,POSITIVE
management,married,basic.9y,no,no,no,cellular,mar,wed,-2,4906,33,209,2,nonexistent,0,-0.015930,NEGATIVE
management,married,basic.9y,no,no,no,cellular,mar,wed,-2,4906,33,209,2,nonexistent,1,0.015833,POSITIVE
entrepreneur,divorced,basic.6y,no,no,no,cellular,aug,tue,-3,4938,36,189,1,failure,0,-0.009550,NEGATIVE
entrepreneur,divorced,basic.6y,no,no,no,cellular,aug,tue,-3,4938,36,189,1,failure,1,0.036210,POSITIVE
retired,married,high.school,unknown,unknown,unknown,telephone,oct,thu,-1,4961,34,195,3,nonexistent,0,-0.011214,NEGATIVE
retired,married,high.school,unknown,unknown,unknown,telephone,oct,thu,-1,4961,34,195,3,nonexistent,1,0.020551,POSITIVE
self-employed,divorced,basic.6y,no,no,no,cellular,jul,tue,-3,4852,33,196,0,failure,0,-0.005075,NEGATIVE
self-employed,divorced,basic.6y,no,no,no,cellular,jul,tue,-3,4852,33,196,0,failure,1,0.024642,POSITIVE
blue-collar,married,basic.9y,no,no,no,cellular,aug,wed,-2,4868,33,198,2,nonexistent,0,-0.023471,NEGATIVE
blue-collar,married,basic.9y,no,no,no,cellular,aug,wed,-2,4868,33,198,2,nonexistent,1,0.006246,POSITIVE
entrepreneur,married,basic.9y,no,no,no,cellular,nov,wed,-2,4875,33,190,2,nonexistent,0,-0.017755,NEGATIVE
entrepreneur,married,basic.9y,no,no,no,cellular,nov,wed,-2,4875,33,190,2,nonexistent,1,0.011962,POSITIVE
services,married,basic.9y,no,no,no,cellular,feb,wed,-2,4946,36,198,2,nonexistent,0,-0.026261,NEGATIVE
services,married,basic.9y,no,no,no,cellular,feb,wed,-2,4946,36,198,2,nonexistent,1,0.003455,POSITIVE
technician,married,illiterate,unknown,unknown,unknown,telephone,apr,fri,-1,4976,34,200,4,nonexistent,0,-0.018032,NEGATIVE
technician,married,illiterate,unknown,unknown,unknown,telephone,apr,fri,-1,4976,34,200,4,nonexistent,1,0.013730,POSITIVE
unemployed,single,professional.course,unknown,unknown,unknown,telephone,jun,(null),0,4992,34,194,6,success,0,-0.001715,NEGATIVE
unemployed,single,professional.course,unknown,unknown,unknown,telephone,jun,(null),0,4992,34,194,6,success,1,0.030047,POSITIVE
retired,married,high.school,unknown,unknown,unknown,telephone,apr,thu,-1,4883,35,195,3,nonexistent,0,-0.023291,NEGATIVE
retired,married,high.school,unknown,unknown,unknown,telephone,apr,thu,-1,4883,35,195,3,nonexistent,1,0.006428,POSITIVE
blue-collar,divorced,basic.6y,no,no,no,cellular,jan,tue,-3,4704,33,205,0,failure,0,-0.017243,NEGATIVE
blue-collar,divorced,basic.6y,no,no,no,cellular,jan,tue,-3,4704,33,205,0,failure,1,0.012476,POSITIVE
blue-collar,divorced,basic.6y,no,no,no,cellular,jul,tue,-3,4704,33,189,0,failure,0,-0.015404,NEGATIVE
blue-collar,divorced,basic.6y,no,no,no,cellular,jul,tue,-3,4704,33,189,0,failure,1,0.014314,POSITIVE
blue-collar,divorced,basic.6y,no,no,no,cellular,jan,tue,-3,4704,36,188,0,failure,0,-0.000799,NEGATIVE
blue-collar,divorced,basic.6y,no,no,no,cellular,jan,tue,-3,4704,36,188,0,failure,1,0.044965,POSITIVE
entrepreneur,married,basic.9y,no,no,no,cellular,may,wed,-2,4797,33,198,2,nonexistent,0,-0.025140,NEGATIVE
entrepreneur,married,basic.9y,no,no,no,cellular,may,wed,-2,4797,33,198,2,nonexistent,1,0.004576,POSITIVE
technician,married,illiterate,unknown,unknown,unknown,telephone,feb,fri,-1,4820,34,192,4,nonexistent,0,-0.011719,NEGATIVE
technician,married,illiterate,unknown,unknown,unknown,telephone,feb,fri,-1,4820,34,192,4,nonexistent,1,0.020041,POSITIVE
management,married,basic.9y,no,no,no,cellular,mar,wed,-2,4719,33,193,2,nonexistent,0,-0.004506,NEGATIVE
management,married,basic.9y,no,no,no,cellular,mar,wed,-2,4719,33,193,2,nonexistent,1,0.025209,POSITIVE
student,married,basic.9y,no,no,no,cellular,aug,wed,-2,4953,30,214,2,nonexistent,0,-0.019346,NEGATIVE
student,married,basic.9y,no,no,no,cellular,aug,wed,-2,4953,30,214,2,nonexistent,1,0.008013,POSITIVE
housemaid,married,high.school,unknown,unknown,unknown,telephone,oct,thu,-1,4961,31,215,3,nonexistent,0,-0.010341,NEGATIVE
housemaid,married,high.school,unknown,unknown,unknown,telephone,oct,thu,-1,4961,31,215,3,nonexistent,1,0.021424,POSITIVE
self-employed,divorced,basic.6y,no,no,no,cellular,jul,tue,-3,4852,30,212,0,failure,0,-0.001174,NEGATIVE
self-employed,divorced,basic.6y,no,no,no,cellular,jul,tue,-3,4852,30,212,0,failure,1,0.008112,POSITIVE
entrepreneur,married,basic.9y,no,no,no,cellular,aug,wed,-2,4875,30,214,2,nonexistent,0,-0.014346,NEGATIVE
entrepreneur,married,basic.9y,no,no,no,cellular,aug,wed,-2,4875,30,214,2,nonexistent,1,0.008914,POSITIVE
unemployed,single,professional.course,unknown,unknown,unknown,telephone,mar,(null),0,4992,31,217,6,success,0,-0.010159,NEGATIVE
unemployed,single,professional.course,unknown,unknown,unknown,telephone,mar,(null),0,4992,31,217,6,success,1,0.008768,POSITIVE
student,single,professional.course,unknown,unknown,unknown,telephone,may,(null),0,4906,31,209,5,success,0,-0.016436,NEGATIVE
student,single,professional.course,unknown,unknown,unknown,telephone,may,(null),0,4906,31,209,5,success,1,0.015327,POSITIVE
student,single,professional.course,unknown,unknown,unknown,telephone,nov,(null),0,4984,31,201,5,success,0,-0.012339,NEGATIVE
student,single,professional.course,unknown,unknown,unknown,telephone,nov,(null),0,4984,31,201,5,success,1,0.019422,POSITIVE
services,married,illiterate,unknown,unknown,unknown,telephone,oct,fri,-1,4898,31,198,4,nonexistent,0,-0.004249,NEGATIVE
services,married,illiterate,unknown,unknown,unknown,telephone,oct,fri,-1,4898,31,198,4,nonexistent,1,0.027513,POSITIVE
housemaid,married,basic.9y,no,no,no,cellular,aug,wed,-2,4790,30,206,2,nonexistent,0,-0.007354,NEGATIVE
housemaid,married,basic.9y,no,no,no,cellular,aug,wed,-2,4790,30,206,2,nonexistent,1,0.024407,POSITIVE
student,married,high.school,unknown,unknown,unknown,telephone,feb,thu,-1,4727,31,207,3,nonexistent,0,-0.030076,NEGATIVE
student,married,high.school,unknown,unknown,unknown,telephone,feb,thu,-1,4727,31,207,3,nonexistent,1,0.001689,POSITIVE
retired,married,high.school,unknown,unknown,unknown,telephone,oct,thu,-1,4805,31,199,3,nonexistent,0,-0.031253,NEGATIVE
retired,married,high.school,unknown,unknown,unknown,telephone,oct,thu,-1,4805,31,199,3,nonexistent,1,0.000509,POSITIVE
management,single,professional.course,unknown,unknown,unknown,telephone,nov,(null),0,4828,31,193,5,success,0,-0.027169,NEGATIVE
management,single,professional.course,unknown,unknown,unknown,telephone,nov,(null),0,4828,31,193,5,success,1,0.004595,POSITIVE
services,divorced,basic.6y,no,no,no,cellular,aug,tue,-3,4704,30,197,1,failure,0,-0.000141,NEGATIVE
services,divorced,basic.6y,no,no,no,cellular,aug,tue,-3,4704,30,197,1,failure,1,0.031624,POSITIVE
entrepreneur,married,basic.9y,no,no,no,cellular,sep,wed,-2,4719,30,198,2,nonexistent,0,-0.026717,NEGATIVE
entrepreneur,married,basic.9y,no,no,no,cellular,sep,wed,-2,4719,30,198,2,nonexistent,1,0.005045,POSITIVE
technician,single,professional.course,unknown,unknown,unknown,telephone,may,(null),0,4828,31,201,5,success,0,-0.008753,NEGATIVE
technician,single,professional.course,unknown,unknown,unknown,telephone,may,(null),0,4828,31,201,5,success,1,0.023010,POSITIVE
management,single,professional.course,unknown,unknown,unknown,telephone,may,(null),0,4750,31,201,5,success,0,-0.031265,NEGATIVE
management,single,professional.course,unknown,unknown,unknown,telephone,may,(null),0,4750,31,201,5,success,1,0.000496,POSITIVE
technician,single,professional.course,unknown,unknown,unknown,telephone,jun,(null),0,4750,31,193,5,success,0,-0.003181,NEGATIVE
technician,single,professional.course,unknown,unknown,unknown,telephone,jun,(null),0,4750,31,193,5,success,1,0.028583,POSITIVE
admin.,divorced,basic.4y,no,no,no,cellular,jan,mon,-3,4611,26,227,0,failure,0,-0.014696,NEGATIVE
admin.,divorced,basic.4y,no,no,no,cellular,jan,mon,-3,4611,26,227,0,failure,1,0.007241,POSITIVE
blue-collar,divorced,basic.6y,no,no,no,cellular,jan,tue,-3,4540,26,219,0,failure,0,-0.011871,NEGATIVE
blue-collar,divorced,basic.6y,no,no,no,cellular,jan,tue,-3,4540,26,219,0,failure,1,0.010067,POSITIVE
blue-collar,divorced,basic.6y,no,no,no,cellular,jan,tue,-3,4626,33,197,1,failure,0,-0.013097,NEGATIVE
blue-collar,divorced,basic.6y,no,no,no,cellular,jan,tue,-3,4626,33,197,1,failure,1,0.016618,POSITIVE
services,divorced,basic.6y,no,no,no,cellular,feb,tue,-3,4626,33,189,1,failure,0,-0.028947,NEGATIVE
services,divorced,basic.6y,no,no,no,cellular,feb,tue,-3,4626,33,189,1,failure,1,0.000769,POSITIVE
blue-collar,divorced,basic.6y,no,no,no,cellular,feb,tue,-3,4548,33,189,1,failure,0,-0.001364,NEGATIVE
blue-collar,divorced,basic.6y,no,no,no,cellular,feb,tue,-3,4548,33,189,1,failure,1,0.028355,POSITIVE
admin.,divorced,basic.4y,no,no,no,cellular,jul,mon,-3,4611,30,204,0,failure,0,-0.026268,NEGATIVE
admin.,divorced,basic.4y,no,no,no,cellular,jul,mon,-3,4611,30,204,0,failure,1,0.005496,POSITIVE
services,divorced,basic.6y,no,no,no,cellular,feb,tue,-3,4626,30,205,1,failure,0,-0.004235,NEGATIVE
services,divorced,basic.6y,no,no,no,cellular,feb,tue,-3,4626,30,205,1,failure,1,0.027526,POSITIVE
entrepreneur,married,basic.9y,no,no,no,cellular,mar,wed,-2,4641,30,206,2,nonexistent,0,-0.030812,NEGATIVE
entrepreneur,married,basic.9y,no,no,no,cellular,mar,wed,-2,4641,30,206,2,nonexistent,1,0.000950,POSITIVE
blue-collar,married,basic.9y,no,no,no,cellular,aug,wed,-2,4556,26,206,2,nonexistent,0,-0.005626,NEGATIVE
blue-collar,married,basic.9y,no,no,no,cellular,aug,wed,-2,4556,26,206,2,nonexistent,1,0.003983,POSITIVE
student,married,high.school,unknown,unknown,unknown,telephone,apr,thu,-1,4649,28,207,3,nonexistent,0,0.007132,POSITIVE
student,married,high.school,unknown,unknown,unknown,telephone,apr,thu,-1,4649,28,207,3,nonexistent,1,-0.001180,NEGATIVE
blue-collar,married,basic.9y,no,no,no,cellular,nov,wed,-2,4634,30,190,2,nonexistent,0,-0.020007,NEGATIVE
blue-collar,married,basic.9y,no,no,no,cellular,nov,wed,-2,4634,30,190,2,nonexistent,1,0.011755,POSITIVE
self-employed,married,illiterate,unknown,unknown,unknown,telephone,apr,fri,-1,4657,31,196,4,nonexistent,0,-0.004116,NEGATIVE
self-employed,married,illiterate,unknown,unknown,unknown,telephone,apr,fri,-1,4657,31,196,4,nonexistent,1,0.027648,POSITIVE
blue-collar,married,basic.9y,no,no,no,cellular,may,wed,-2,4556,30,198,2,nonexistent,0,-0.024103,NEGATIVE
blue-collar,married,basic.9y,no,no,no,cellular,may,wed,-2,4556,30,198,2,nonexistent,1,0.007662,POSITIVE
student,married,illiterate,unknown,unknown,unknown,telephone,feb,fri,-1,4579,31,192,4,nonexistent,0,-0.013186,NEGATIVE
student,married,illiterate,unknown,unknown,unknown,telephone,feb,fri,-1,4579,31,192,4,nonexistent,1,0.018576,POSITIVE
services,married,illiterate,unknown,unknown,unknown,telephone,sep,fri,-1,4641,28,198,4,nonexistent,0,0.005438,POSITIVE
services,married,illiterate,unknown,unknown,unknown,telephone,sep,fri,-1,4641,28,198,4,nonexistent,1,-0.002873,NEGATIVE
blue-collar,divorced,basic.6y,no,no,no,cellular,feb,tue,-3,4470,26,213,1,failure,0,-0.005125,NEGATIVE
blue-collar,divorced,basic.6y,no,no,no,cellular,feb,tue,-3,4470,26,213,1,failure,1,0.014760,POSITIVE
blue-collar,married,basic.9y,no,no,no,cellular,feb,wed,-2,4478,28,206,2,nonexistent,0,-0.006322,NEGATIVE
blue-collar,married,basic.9y,no,no,no,cellular,feb,wed,-2,4478,28,206,2,nonexistent,1,0.002966,POSITIVE
admin.,divorced,basic.6y,no,no,no,cellular,jul,tue,-3,4462,30,188,0,failure,0,-0.012987,NEGATIVE
admin.,divorced,basic.6y,no,no,no,cellular,jul,tue,-3,4462,30,188,0,failure,1,0.016730,POSITIVE
services,married,basic.9y,no,no,no,cellular,feb,wed,-2,4478,30,190,2,nonexistent,0,-0.029672,NEGATIVE
services,married,basic.9y,no,no,no,cellular,feb,wed,-2,4478,30,190,2,nonexistent,1,0.002093,POSITIVE
housemaid,married,illiterate,unknown,unknown,unknown,telephone,feb,fri,-1,4501,31,192,4,nonexistent,0,-0.021941,NEGATIVE
housemaid,married,illiterate,unknown,unknown,unknown,telephone,feb,fri,-1,4501,31,192,4,nonexistent,1,0.009823,POSITIVE
admin.,divorced,basic.6y,no,no,no,cellular,jan,tue,-3,4383,30,196,0,failure,0,-0.024739,NEGATIVE
admin.,divorced,basic.6y,no,no,no,cellular,jan,tue,-3,4383,30,196,0,failure,1,0.007025,POSITIVE
self-employed,divorced,basic.6y,no,no,no,cellular,jan,tue,-3,4383,30,188,0,failure,0,-0.002479,NEGATIVE
self-employed,divorced,basic.6y,no,no,no,cellular,jan,tue,-3,4383,30,188,0,failure,1,0.029284,POSITIVE
blue-collar,married,basic.9y,no,no,no,cellular,feb,wed,-2,4399,30,190,2,nonexistent,0,-0.021200,NEGATIVE
blue-collar,married,basic.9y,no,no,no,cellular,feb,wed,-2,4399,30,190,2,nonexistent,1,0.010562,POSITIVE
housemaid,married,basic.9y,no,no,no,cellular,aug,wed,-2,4478,26,198,2,nonexistent,0,-0.006768,NEGATIVE
housemaid,married,basic.9y,no,no,no,cellular,aug,wed,-2,4478,26,198,2,nonexistent,1,0.002520,POSITIVE
entrepreneur,divorced,basic.6y,no,no,no,cellular,aug,tue,-3,4391,28,189,1,failure,0,-0.008819,NEGATIVE
entrepreneur,divorced,basic.6y,no,no,no,cellular,aug,tue,-3,4391,28,189,1,failure,1,0.022943,POSITIVE
services,divorced,basic.6y,no,no,no,cellular,feb,tue,-3,4391,28,197,1,failure,0,-0.005607,NEGATIVE
services,divorced,basic.6y,no,no,no,cellular,feb,tue,-3,4391,28,197,1,failure,1,0.003679,POSITIVE
self-employed,married,illiterate,unknown,unknown,unknown,telephone,apr,fri,-1,4422,28,192,4,nonexistent,0,-0.018909,NEGATIVE
self-employed,married,illiterate,unknown,unknown,unknown,telephone,apr,fri,-1,4422,28,192,4,nonexistent,1,0.012853,POSITIVE
self-employed,divorced,basic.6y,no,no,no,cellular,jan,tue,-3,4930,39,181,0,failure,0,-0.033515,NEGATIVE
self-employed,divorced,basic.6y,no,no,no,cellular,jan,tue,-3,4930,39,181,0,failure,1,0.012247,POSITIVE
admin.,divorced,basic.6y,no,no,no,cellular,jan,tue,-3,4852,39,181,0,failure,0,-0.028192,NEGATIVE
admin.,divorced,basic.6y,no,no,no,cellular,jan,tue,-3,4852,39,181,0,failure,1,0.017572,POSITIVE
self-employed,divorced,basic.6y,no,no,no,cellular,jan,tue,-3,4852,39,173,0,failure,0,-0.026442,NEGATIVE
self-employed,divorced,basic.6y,no,no,no,cellular,jan,tue,-3,4852,39,173,0,failure,1,0.019319,POSITIVE
entrepreneur,divorced,basic.6y,no,no,no,cellular,aug,tue,-3,4875,39,159,1,failure,0,-0.001376,NEGATIVE
entrepreneur,divorced,basic.6y,no,no,no,cellular,aug,tue,-3,4875,39,159,1,failure,1,0.044386,POSITIVE
blue-collar,divorced,basic.6y,no,no,no,cellular,jan,tue,-3,4860,42,158,0,failure,0,-0.018599,NEGATIVE
blue-collar,divorced,basic.6y,no,no,no,cellular,jan,tue,-3,4860,42,158,0,failure,1,0.027164,POSITIVE
services,married,illiterate,unknown,unknown,unknown,telephone,apr,fri,-1,4976,40,161,4,nonexistent,0,-0.014820,NEGATIVE
services,married,illiterate,unknown,unknown,unknown,telephone,apr,fri,-1,4976,40,161,4,nonexistent,1,0.030942,POSITIVE
management,married,basic.9y,no,no,no,cellular,mar,wed,-2,4875,39,167,2,nonexistent,0,-0.036078,NEGATIVE
management,married,basic.9y,no,no,no,cellular,mar,wed,-2,4875,39,167,2,nonexistent,1,0.009686,POSITIVE
management,single,professional.course,unknown,unknown,unknown,telephone,mar,(null),0,4906,40,162,5,success,0,-0.043873,NEGATIVE
management,single,professional.course,unknown,unknown,unknown,telephone,mar,(null),0,4906,40,162,5,success,1,0.001889,POSITIVE
admin.,divorced,basic.6y,no,no,no,cellular,jan,tue,-3,4774,39,173,0,failure,0,-0.021117,NEGATIVE
admin.,divorced,basic.6y,no,no,no,cellular,jan,tue,-3,4774,39,173,0,failure,1,0.024646,POSITIVE
self-employed,divorced,basic.6y,no,no,no,cellular,jan,tue,-3,4774,39,165,0,failure,0,-0.013935,NEGATIVE
self-employed,divorced,basic.6y,no,no,no,cellular,jan,tue,-3,4774,39,165,0,failure,1,0.031827,POSITIVE
admin.,divorced,basic.6y,no,no,no,cellular,apr,tue,-3,4774,39,165,0,failure,0,-0.015972,NEGATIVE
admin.,divorced,basic.6y,no,no,no,cellular,apr,tue,-3,4774,39,165,0,failure,1,0.029790,POSITIVE
management,married,basic.9y,no,no,no,cellular,mar,wed,-2,4797,39,159,2,nonexistent,0,-0.023573,NEGATIVE
management,married,basic.9y,no,no,no,cellular,mar,wed,-2,4797,39,159,2,nonexistent,1,0.022189,POSITIVE
blue-collar,divorced,basic.6y,no,no,no,cellular,jan,tue,-3,4696,39,165,0,failure,0,-0.044828,NEGATIVE
blue-collar,divorced,basic.6y,no,no,no,cellular,jan,tue,-3,4696,39,165,0,failure,1,0.000935,POSITIVE
self-employed,divorced,basic.6y,no,no,no,cellular,jan,tue,-3,4696,39,157,0,failure,0,-0.001431,NEGATIVE
self-employed,divorced,basic.6y,no,no,no,cellular,jan,tue,-3,4696,39,157,0,failure,1,0.044332,POSITIVE
admin.,divorced,basic.6y,no,no,no,cellular,apr,tue,-3,4696,39,157,0,failure,0,-0.003467,NEGATIVE
admin.,divorced,basic.6y,no,no,no,cellular,apr,tue,-3,4696,39,157,0,failure,1,0.042295,POSITIVE
admin.,divorced,basic.6y,no,no,no,cellular,jan,tue,-3,4930,45,141,0,failure,0,-0.032568,NEGATIVE
admin.,divorced,basic.6y,no,no,no,cellular,jan,tue,-3,4930,45,141,0,failure,1,0.017321,POSITIVE
entrepreneur,divorced,basic.6y,no,no,no,cellular,feb,tue,-3,4875,45,127,1,failure,0,-0.032475,NEGATIVE
entrepreneur,divorced,basic.6y,no,no,no,cellular,feb,tue,-3,4875,45,127,1,failure,1,0.022974,POSITIVE
admin.,divorced,basic.6y,no,no,no,cellular,jul,tue,-3,4930,42,149,0,failure,0,-0.046871,NEGATIVE
admin.,divorced,basic.6y,no,no,no,cellular,jul,tue,-3,4930,42,149,0,failure,1,0.003017,POSITIVE
entrepreneur,divorced,basic.6y,no,no,no,cellular,aug,tue,-3,4938,42,142,1,failure,0,-0.008755,NEGATIVE
entrepreneur,divorced,basic.6y,no,no,no,cellular,aug,tue,-3,4938,42,142,1,failure,1,0.041133,POSITIVE
housemaid,married,illiterate,unknown,unknown,unknown,telephone,oct,fri,-1,4969,40,153,4,nonexistent,0,-0.038756,NEGATIVE
housemaid,married,illiterate,unknown,unknown,unknown,telephone,oct,fri,-1,4969,40,153,4,nonexistent,1,0.007004,POSITIVE
services,married,basic.9y,no,no,no,cellular,feb,wed,-2,4946,42,151,2,nonexistent,0,-0.021878,NEGATIVE
services,married,basic.9y,no,no,no,cellular,feb,wed,-2,4946,42,151,2,nonexistent,1,0.023885,POSITIVE
student,married,illiterate,unknown,unknown,unknown,telephone,feb,fri,-1,4969,43,145,4,nonexistent,0,-0.006010,NEGATIVE
student,married,illiterate,unknown,unknown,unknown,telephone,feb,fri,-1,4969,43,145,4,nonexistent,1,0.039752,POSITIVE
management,single,professional.course,unknown,unknown,unknown,telephone,mar,(null),0,4984,43,146,5,success,0,-0.012319,NEGATIVE
management,single,professional.course,unknown,unknown,unknown,telephone,mar,(null),0,4984,43,146,5,success,1,0.037570,POSITIVE
technician,single,professional.course,unknown,unknown,unknown,telephone,jun,(null),0,4984,40,154,5,success,0,-0.041065,NEGATIVE
technician,single,professional.course,unknown,unknown,unknown,telephone,jun,(null),0,4984,40,154,5,success,1,0.004698,POSITIVE
services,married,basic.9y,no,no,no,cellular,aug,wed,-2,4868,39,151,2,nonexistent,0,-0.021885,NEGATIVE
services,married,basic.9y,no,no,no,cellular,aug,wed,-2,4868,39,151,2,nonexistent,1,0.023877,POSITIVE
housemaid,married,illiterate,unknown,unknown,unknown,telephone,oct,fri,-1,4891,40,145,4,nonexistent,0,-0.026251,NEGATIVE
housemaid,married,illiterate,unknown,unknown,unknown,telephone,oct,fri,-1,4891,40,145,4,nonexistent,1,0.019511,POSITIVE
blue-collar,married,basic.9y,no,no,no,cellular,feb,wed,-2,4868,42,151,2,nonexistent,0,-0.031037,NEGATIVE
blue-collar,married,basic.9y,no,no,no,cellular,feb,wed,-2,4868,42,151,2,nonexistent,1,0.014725,POSITIVE
management,married,basic.9y,no,no,no,cellular,mar,wed,-2,4875,42,143,2,nonexistent,0,-0.005294,NEGATIVE
management,married,basic.9y,no,no,no,cellular,mar,wed,-2,4875,42,143,2,nonexistent,1,0.044592,POSITIVE
services,married,illiterate,unknown,unknown,unknown,telephone,apr,fri,-1,4898,40,153,4,nonexistent,0,-0.002315,NEGATIVE
services,married,illiterate,unknown,unknown,unknown,telephone,apr,fri,-1,4898,40,153,4,nonexistent,1,0.043447,POSITIVE
technician,single,professional.course,unknown,unknown,unknown,telephone,jun,(null),0,4906,40,146,5,success,0,-0.028559,NEGATIVE
technician,single,professional.course,unknown,unknown,unknown,telephone,jun,(null),0,4906,40,146,5,success,1,0.017204,POSITIVE
self-employed,married,illiterate,unknown,unknown,unknown,telephone,oct,fri,-1,4969,41,133,4,nonexistent,0,-0.024547,NEGATIVE
self-employed,married,illiterate,unknown,unknown,unknown,telephone,oct,fri,-1,4969,41,133,4,nonexistent,1,0.025342,POSITIVE
services,married,illiterate,unknown,unknown,unknown,telephone,apr,fri,-1,4976,43,137,4,nonexistent,0,-0.006498,NEGATIVE
services,married,illiterate,unknown,unknown,unknown,telephone,apr,fri,-1,4976,43,137,4,nonexistent,1,0.043390,POSITIVE
services,married,illiterate,unknown,unknown,unknown,telephone,may,fri,-1,4976,44,129,4,nonexistent,0,-0.016856,NEGATIVE
services,married,illiterate,unknown,unknown,unknown,telephone,may,fri,-1,4976,44,129,4,nonexistent,1,0.033030,POSITIVE
retired,married,high.school,unknown,unknown,unknown,telephone,oct,thu,-1,4883,41,132,3,nonexistent,0,-0.004567,NEGATIVE
retired,married,high.school,unknown,unknown,unknown,telephone,oct,thu,-1,4883,41,132,3,nonexistent,1,0.045322,POSITIVE
student,married,illiterate,unknown,unknown,unknown,telephone,feb,fri,-1,4891,43,137,4,nonexistent,0,-0.027453,NEGATIVE
student,married,illiterate,unknown,unknown,unknown,telephone,feb,fri,-1,4891,43,137,4,nonexistent,1,0.022435,POSITIVE
management,single,professional.course,unknown,unknown,unknown,telephone,mar,(null),0,4906,43,138,5,success,0,-0.037535,NEGATIVE
management,single,professional.course,unknown,unknown,unknown,telephone,mar,(null),0,4906,43,138,5,success,1,0.012352,POSITIVE
services,married,illiterate,unknown,unknown,unknown,telephone,apr,fri,-1,4898,43,129,4,nonexistent,0,-0.031714,NEGATIVE
services,married,illiterate,unknown,unknown,unknown,telephone,apr,fri,-1,4898,43,129,4,nonexistent,1,0.018174,POSITIVE
blue-collar,married,basic.9y,no,no,no,cellular,aug,wed,-2,4790,39,151,2,nonexistent,0,-0.013026,NEGATIVE
blue-collar,married,basic.9y,no,no,no,cellular,aug,wed,-2,4790,39,151,2,nonexistent,1,0.032738,POSITIVE
blue-collar,divorced,basic.6y,no,no,no,cellular,jul,tue,-3,4696,39,149,0,failure,0,-0.040548,NEGATIVE
blue-collar,divorced,basic.6y,no,no,no,cellular,jul,tue,-3,4696,39,149,0,failure,1,0.005213,POSITIVE
self-employed,divorced,basic.6y,no,no,no,cellular,jul,tue,-3,4696,39,141,0,failure,0,-0.044866,NEGATIVE
self-employed,divorced,basic.6y,no,no,no,cellular,jul,tue,-3,4696,39,141,0,failure,1,0.000899,POSITIVE
blue-collar,married,basic.9y,no,no,no,cellular,aug,wed,-2,4712,39,143,2,nonexistent,0,-0.000522,NEGATIVE
blue-collar,married,basic.9y,no,no,no,cellular,aug,wed,-2,4712,39,143,2,nonexistent,1,0.045240,POSITIVE
blue-collar,divorced,basic.6y,no,no,no,cellular,jan,tue,-3,4774,42,149,0,failure,0,-0.004842,NEGATIVE
blue-collar,divorced,basic.6y,no,no,no,cellular,jan,tue,-3,4774,42,149,0,failure,1,0.040922,POSITIVE
blue-collar,married,basic.9y,no,no,no,cellular,feb,wed,-2,4790,42,143,2,nonexistent,0,-0.049601,NEGATIVE
blue-collar,married,basic.9y,no,no,no,cellular,feb,wed,-2,4790,42,143,2,nonexistent,1,0.000286,POSITIVE
student,married,illiterate,unknown,unknown,unknown,telephone,feb,fri,-1,4813,40,153,4,nonexistent,0,-0.033490,NEGATIVE
student,married,illiterate,unknown,unknown,unknown,telephone,feb,fri,-1,4813,40,153,4,nonexistent,1,0.012273,POSITIVE
management,single,professional.course,unknown,unknown,unknown,telephone,mar,(null),0,4828,40,154,5,success,0,-0.031369,NEGATIVE
management,single,professional.course,unknown,unknown,unknown,telephone,mar,(null),0,4828,40,154,5,success,1,0.014395,POSITIVE
blue-collar,divorced,basic.6y,no,no,no,cellular,jan,tue,-3,4696,42,141,0,failure,0,-0.029308,NEGATIVE
blue-collar,divorced,basic.6y,no,no,no,cellular,jan,tue,-3,4696,42,141,0,failure,1,0.020581,POSITIVE
management,married,basic.9y,no,no,no,cellular,mar,wed,-2,4719,39,151,2,nonexistent,0,-0.011067,NEGATIVE
management,married,basic.9y,no,no,no,cellular,mar,wed,-2,4719,39,151,2,nonexistent,1,0.034694,POSITIVE
student,married,illiterate,unknown,unknown,unknown,telephone,feb,fri,-1,4735,40,145,4,nonexistent,0,-0.020984,NEGATIVE
student,married,illiterate,unknown,unknown,unknown,telephone,feb,fri,-1,4735,40,145,4,nonexistent,1,0.024777,POSITIVE
management,single,professional.course,unknown,unknown,unknown,telephone,mar,(null),0,4750,40,146,5,success,0,-0.018862,NEGATIVE
management,single,professional.course,unknown,unknown,unknown,telephone,mar,(null),0,4750,40,146,5,success,1,0.026901,POSITIVE
housemaid,married,illiterate,unknown,unknown,unknown,telephone,oct,fri,-1,4813,40,137,4,nonexistent,0,-0.038554,NEGATIVE
housemaid,married,illiterate,unknown,unknown,unknown,telephone,oct,fri,-1,4813,40,137,4,nonexistent,1,0.011335,POSITIVE
student,married,illiterate,unknown,unknown,unknown,telephone,oct,fri,-1,4813,40,129,4,nonexistent,0,-0.013806,NEGATIVE
student,married,illiterate,unknown,unknown,unknown,telephone,oct,fri,-1,4813,40,129,4,nonexistent,1,0.036080,POSITIVE
management,married,basic.9y,no,no,no,cellular,mar,wed,-2,4797,42,135,2,nonexistent,0,-0.030513,NEGATIVE
management,married,basic.9y,no,no,no,cellular,mar,wed,-2,4797,42,135,2,nonexistent,1,0.019375,POSITIVE
admin.,divorced,basic.6y,no,no,no,cellular,jan,tue,-3,4774,44,125,0,failure,0,-0.016586,NEGATIVE
admin.,divorced,basic.6y,no,no,no,cellular,jan,tue,-3,4774,44,125,0,failure,1,0.038864,POSITIVE
technician,single,professional.course,unknown,unknown,unknown,telephone,jun,(null),0,4828,40,138,5,success,0,-0.016054,NEGATIVE
technician,single,professional.course,unknown,unknown,unknown,telephone,jun,(null),0,4828,40,138,5,success,1,0.029709,POSITIVE
self-employed,divorced,basic.6y,no,no,no,cellular,jan,tue,-3,4696,42,133,0,failure,0,-0.004557,NEGATIVE
self-employed,divorced,basic.6y,no,no,no,cellular,jan,tue,-3,4696,42,133,0,failure,1,0.045331,POSITIVE
admin.,divorced,basic.6y,no,no,no,cellular,apr,tue,-3,4696,42,133,0,failure,0,-0.036315,NEGATIVE
admin.,divorced,basic.6y,no,no,no,cellular,apr,tue,-3,4696,42,133,0,failure,1,0.013574,POSITIVE
self-employed,divorced,basic.6y,no,no,no,cellular,apr,tue,-3,4696,42,125,0,failure,0,-0.044311,NEGATIVE
self-employed,divorced,basic.6y,no,no,no,cellular,apr,tue,-3,4696,42,125,0,failure,1,0.005577,POSITIVE
technician,single,professional.course,unknown,unknown,unknown,telephone,jun,(null),0,4750,40,130,5,success,0,-0.024679,NEGATIVE
technician,single,professional.course,unknown,unknown,unknown,telephone,jun,(null),0,4750,40,130,5,success,1,0.025209,POSITIVE
self-employed,married,illiterate,unknown,unknown,unknown,telephone,oct,fri,-1,4969,35,181,4,nonexistent,0,-0.036230,NEGATIVE
self-employed,married,illiterate,unknown,unknown,unknown,telephone,oct,fri,-1,4969,35,181,4,nonexistent,1,0.009533,POSITIVE
retired,married,high.school,unknown,unknown,unknown,telephone,oct,thu,-1,4883,35,180,3,nonexistent,0,-0.016685,NEGATIVE
retired,married,high.school,unknown,unknown,unknown,telephone,oct,thu,-1,4883,35,180,3,nonexistent,1,0.029075,POSITIVE
services,married,illiterate,unknown,unknown,unknown,telephone,apr,fri,-1,4976,37,185,4,nonexistent,0,-0.029288,NEGATIVE
services,married,illiterate,unknown,unknown,unknown,telephone,apr,fri,-1,4976,37,185,4,nonexistent,1,0.016474,POSITIVE
self-employed,married,illiterate,unknown,unknown,unknown,telephone,apr,fri,-1,4891,37,181,4,nonexistent,0,-0.004501,NEGATIVE
self-employed,married,illiterate,unknown,unknown,unknown,telephone,apr,fri,-1,4891,37,181,4,nonexistent,1,0.041261,POSITIVE
services,married,illiterate,unknown,unknown,unknown,telephone,oct,fri,-1,4976,37,167,4,nonexistent,0,-0.022084,NEGATIVE
services,married,illiterate,unknown,unknown,unknown,telephone,oct,fri,-1,4976,37,167,4,nonexistent,1,0.023679,POSITIVE
retired,married,high.school,unknown,unknown,unknown,telephone,oct,thu,-1,4883,37,168,3,nonexistent,0,-0.017601,NEGATIVE
retired,married,high.school,unknown,unknown,unknown,telephone,oct,thu,-1,4883,37,168,3,nonexistent,1,0.028160,POSITIVE
student,married,illiterate,unknown,unknown,unknown,telephone,oct,fri,-1,4891,37,161,4,nonexistent,0,-0.035347,NEGATIVE
student,married,illiterate,unknown,unknown,unknown,telephone,oct,fri,-1,4891,37,161,4,nonexistent,1,0.010416,POSITIVE
housemaid,married,illiterate,unknown,unknown,unknown,telephone,nov,fri,-1,4898,37,161,4,nonexistent,0,-0.029552,NEGATIVE
housemaid,married,illiterate,unknown,unknown,unknown,telephone,nov,fri,-1,4898,37,161,4,nonexistent,1,0.016209,POSITIVE
technician,single,professional.course,unknown,unknown,unknown,telephone,may,(null),0,4914,37,170,6,success,0,-0.008577,NEGATIVE
technician,single,professional.course,unknown,unknown,unknown,telephone,may,(null),0,4914,37,170,6,success,1,0.037188,POSITIVE
entrepreneur,divorced,basic.6y,no,no,no,cellular,aug,tue,-3,4782,36,174,1,failure,0,-0.038859,NEGATIVE
entrepreneur,divorced,basic.6y,no,no,no,cellular,aug,tue,-3,4782,36,174,1,failure,1,0.006905,POSITIVE
services,divorced,basic.6y,no,no,no,cellular,oct,tue,-3,4782,33,182,1,failure,0,-0.029019,NEGATIVE
services,divorced,basic.6y,no,no,no,cellular,oct,tue,-3,4782,33,182,1,failure,1,0.000698,POSITIVE
blue-collar,divorced,basic.6y,no,no,no,cellular,oct,tue,-3,4704,33,182,1,failure,0,-0.001434,NEGATIVE
blue-collar,divorced,basic.6y,no,no,no,cellular,oct,tue,-3,4704,33,182,1,failure,1,0.028284,POSITIVE
retired,married,high.school,unknown,unknown,unknown,telephone,oct,thu,-1,4727,34,176,3,nonexistent,0,-0.045081,NEGATIVE
retired,married,high.school,unknown,unknown,unknown,telephone,oct,thu,-1,4727,34,176,3,nonexistent,1,0.000679,POSITIVE
blue-collar,married,basic.9y,no,no,no,cellular,may,wed,-2,4790,36,182,2,nonexistent,0,-0.006654,NEGATIVE
blue-collar,married,basic.9y,no,no,no,cellular,may,wed,-2,4790,36,182,2,nonexistent,1,0.039111,POSITIVE
services,married,basic.9y,no,no,no,cellular,may,wed,-2,4790,36,175,2,nonexistent,0,-0.001281,NEGATIVE
services,married,basic.9y,no,no,no,cellular,may,wed,-2,4790,36,175,2,nonexistent,1,0.044480,POSITIVE
self-employed,divorced,basic.6y,no,no,no,cellular,jan,tue,-3,4696,36,181,0,failure,0,-0.000780,NEGATIVE
self-employed,divorced,basic.6y,no,no,no,cellular,jan,tue,-3,4696,36,181,0,failure,1,0.044981,POSITIVE
blue-collar,married,basic.9y,no,no,no,cellular,may,wed,-2,4712,36,175,2,nonexistent,0,-0.010442,NEGATIVE
blue-collar,married,basic.9y,no,no,no,cellular,may,wed,-2,4712,36,175,2,nonexistent,1,0.035319,POSITIVE
technician,single,professional.course,unknown,unknown,unknown,telephone,may,(null),0,4750,34,178,5,success,0,-0.013106,NEGATIVE
technician,single,professional.course,unknown,unknown,unknown,telephone,may,(null),0,4750,34,178,5,success,1,0.020131,POSITIVE
self-employed,married,illiterate,unknown,unknown,unknown,telephone,oct,fri,-1,4813,35,165,4,nonexistent,0,-0.043809,NEGATIVE
self-employed,married,illiterate,unknown,unknown,unknown,telephone,oct,fri,-1,4813,35,165,4,nonexistent,1,0.001952,POSITIVE
retired,married,high.school,unknown,unknown,unknown,telephone,oct,thu,-1,4727,35,164,3,nonexistent,0,-0.018837,NEGATIVE
retired,married,high.school,unknown,unknown,unknown,telephone,oct,thu,-1,4727,35,164,3,nonexistent,1,0.026926,POSITIVE
services,married,illiterate,unknown,unknown,unknown,telephone,apr,fri,-1,4820,37,169,4,nonexistent,0,-0.042299,NEGATIVE
services,married,illiterate,unknown,unknown,unknown,telephone,apr,fri,-1,4820,37,169,4,nonexistent,1,0.003464,POSITIVE
self-employed,married,illiterate,unknown,unknown,unknown,telephone,apr,fri,-1,4735,37,165,4,nonexistent,0,-0.012081,NEGATIVE
self-employed,married,illiterate,unknown,unknown,unknown,telephone,apr,fri,-1,4735,37,165,4,nonexistent,1,0.033682,POSITIVE
technician,single,professional.course,unknown,unknown,unknown,telephone,dec,(null),0,4828,31,185,5,success,0,-0.010844,NEGATIVE
technician,single,professional.course,unknown,unknown,unknown,telephone,dec,(null),0,4828,31,185,5,success,1,0.020919,POSITIVE
student,married,illiterate,unknown,unknown,unknown,telephone,oct,fri,-1,4813,37,153,4,nonexistent,0,-0.022839,NEGATIVE
student,married,illiterate,unknown,unknown,unknown,telephone,oct,fri,-1,4813,37,153,4,nonexistent,1,0.022920,POSITIVE
housemaid,married,illiterate,unknown,unknown,unknown,telephone,nov,fri,-1,4820,37,153,4,nonexistent,0,-0.017049,NEGATIVE
housemaid,married,illiterate,unknown,unknown,unknown,telephone,nov,fri,-1,4820,37,153,4,nonexistent,1,0.028713,POSITIVE
services,married,illiterate,unknown,unknown,unknown,telephone,oct,fri,-1,4742,36,151,4,nonexistent,0,-0.043770,NEGATIVE
services,married,illiterate,unknown,unknown,unknown,telephone,oct,fri,-1,4742,36,151,4,nonexistent,1,0.001994,POSITIVE
technician,single,professional.course,unknown,unknown,unknown,telephone,nov,(null),0,4750,37,138,5,success,0,-0.045752,NEGATIVE
technician,single,professional.course,unknown,unknown,unknown,telephone,nov,(null),0,4750,37,138,5,success,1,0.000008,POSITIVE
blue-collar,divorced,basic.6y,no,no,no,cellular,jan,tue,-3,4618,39,157,0,failure,0,-0.032323,NEGATIVE
blue-collar,divorced,basic.6y,no,no,no,cellular,jan,tue,-3,4618,39,157,0,failure,1,0.013440,POSITIVE
admin.,divorced,basic.6y,no,no,no,cellular,jul,tue,-3,4618,39,141,0,failure,0,-0.036083,NEGATIVE
admin.,divorced,basic.6y,no,no,no,cellular,jul,tue,-3,4618,39,141,0,failure,1,0.012231,POSITIVE
services,married,basic.9y,no,no,no,cellular,feb,wed,-2,4634,39,143,2,nonexistent,0,-0.024346,NEGATIVE
services,married,basic.9y,no,no,no,cellular,feb,wed,-2,4634,39,143,2,nonexistent,1,0.021416,POSITIVE
blue-collar,divorced,basic.6y,no,no,no,cellular,jan,tue,-3,4540,39,149,0,failure,0,-0.019817,NEGATIVE
blue-collar,divorced,basic.6y,no,no,no,cellular,jan,tue,-3,4540,39,149,0,failure,1,0.025946,POSITIVE
blue-collar,married,basic.9y,no,no,no,cellular,feb,wed,-2,4556,39,143,2,nonexistent,0,-0.033508,NEGATIVE
blue-collar,married,basic.9y,no,no,no,cellular,feb,wed,-2,4556,39,143,2,nonexistent,1,0.012255,POSITIVE
entrepreneur,divorced,basic.6y,no,no,no,cellular,aug,tue,-3,4563,39,127,1,failure,0,-0.018142,NEGATIVE
entrepreneur,divorced,basic.6y,no,no,no,cellular,aug,tue,-3,4563,39,127,1,failure,1,0.031743,POSITIVE
entrepreneur,divorced,basic.6y,no,no,no,cellular,feb,tue,-3,4626,42,127,1,failure,0,-0.012880,NEGATIVE
entrepreneur,divorced,basic.6y,no,no,no,cellular,feb,tue,-3,4626,42,127,1,failure,1,0.037005,POSITIVE
student,married,illiterate,unknown,unknown,unknown,telephone,feb,fri,-1,4657,40,137,4,nonexistent,0,-0.008478,NEGATIVE
student,married,illiterate,unknown,unknown,unknown,telephone,feb,fri,-1,4657,40,137,4,nonexistent,1,0.037286,POSITIVE
management,single,professional.course,unknown,unknown,unknown,telephone,mar,(null),0,4672,40,138,5,success,0,-0.006358,NEGATIVE
management,single,professional.course,unknown,unknown,unknown,telephone,mar,(null),0,4672,40,138,5,success,1,0.039404,POSITIVE
admin.,divorced,basic.6y,no,no,no,cellular,jan,tue,-3,4540,42,125,0,failure,0,-0.047000,NEGATIVE
admin.,divorced,basic.6y,no,no,no,cellular,jan,tue,-3,4540,42,125,0,failure,1,0.002888,POSITIVE
services,married,basic.9y,no,no,no,cellular,feb,wed,-2,4556,39,135,2,nonexistent,0,-0.011840,NEGATIVE
services,married,basic.9y,no,no,no,cellular,feb,wed,-2,4556,39,135,2,nonexistent,1,0.033923,POSITIVE
housemaid,married,illiterate,unknown,unknown,unknown,telephone,feb,fri,-1,4579,40,137,4,nonexistent,0,-0.041412,NEGATIVE
housemaid,married,illiterate,unknown,unknown,unknown,telephone,feb,fri,-1,4579,40,137,4,nonexistent,1,0.006392,POSITIVE
student,married,illiterate,unknown,unknown,unknown,telephone,feb,fri,-1,4579,40,129,4,nonexistent,0,-0.016665,NEGATIVE
student,married,illiterate,unknown,unknown,unknown,telephone,feb,fri,-1,4579,40,129,4,nonexistent,1,0.033222,POSITIVE
management,single,professional.course,unknown,unknown,unknown,telephone,mar,(null),0,4594,40,130,5,success,0,-0.026748,NEGATIVE
management,single,professional.course,unknown,unknown,unknown,telephone,mar,(null),0,4594,40,130,5,success,1,0.023141,POSITIVE
blue-collar,divorced,basic.6y,no,no,no,cellular,jan,tue,-3,4462,39,141,0,failure,0,-0.007311,NEGATIVE
blue-collar,divorced,basic.6y,no,no,no,cellular,jan,tue,-3,4462,39,141,0,failure,1,0.038450,POSITIVE
blue-collar,married,basic.9y,no,no,no,cellular,feb,wed,-2,4478,39,135,2,nonexistent,0,-0.038816,NEGATIVE
blue-collar,married,basic.9y,no,no,no,cellular,feb,wed,-2,4478,39,135,2,nonexistent,1,0.011073,POSITIVE
management,married,basic.9y,no,no,no,cellular,mar,wed,-2,4485,39,127,2,nonexistent,0,-0.019726,NEGATIVE
management,married,basic.9y,no,no,no,cellular,mar,wed,-2,4485,39,127,2,nonexistent,1,0.030163,POSITIVE
blue-collar,divorced,basic.6y,no,no,no,cellular,jan,tue,-3,4383,39,133,0,failure,0,-0.023177,NEGATIVE
blue-collar,divorced,basic.6y,no,no,no,cellular,jan,tue,-3,4383,39,133,0,failure,1,0.026713,POSITIVE
housemaid,married,basic.9y,no,no,no,cellular,aug,wed,-2,4634,33,177,2,nonexistent,0,-0.024305,NEGATIVE
housemaid,married,basic.9y,no,no,no,cellular,aug,wed,-2,4634,33,177,2,nonexistent,1,0.005647,POSITIVE
admin.,divorced,basic.4y,no,no,no,cellular,jul,mon,-3,4533,33,181,0,failure,0,-0.001531,NEGATIVE
admin.,divorced,basic.4y,no,no,no,cellular,jul,mon,-3,4533,33,181,0,failure,1,0.028187,POSITIVE
entrepreneur,divorced,basic.6y,no,no,no,cellular,feb,tue,-3,4626,36,175,1,failure,0,-0.004756,NEGATIVE
entrepreneur,divorced,basic.6y,no,no,no,cellular,feb,tue,-3,4626,36,175,1,failure,1,0.041006,POSITIVE
student,married,basic.9y,no,no,no,cellular,mar,wed,-2,4641,33,183,2,nonexistent,0,-0.005920,NEGATIVE
student,married,basic.9y,no,no,no,cellular,mar,wed,-2,4641,33,183,2,nonexistent,1,0.023798,POSITIVE
admin.,divorced,basic.6y,no,no,no,cellular,jan,tue,-3,4540,36,173,0,failure,0,-0.036092,NEGATIVE
admin.,divorced,basic.6y,no,no,no,cellular,jan,tue,-3,4540,36,173,0,failure,1,0.009670,POSITIVE
services,married,basic.9y,no,no,no,cellular,may,wed,-2,4556,33,175,2,nonexistent,0,-0.021765,NEGATIVE
services,married,basic.9y,no,no,no,cellular,may,wed,-2,4556,33,175,2,nonexistent,1,0.007950,POSITIVE
entrepreneur,divorced,basic.6y,no,no,no,cellular,aug,tue,-3,4626,36,158,1,failure,0,-0.013846,NEGATIVE
entrepreneur,divorced,basic.6y,no,no,no,cellular,aug,tue,-3,4626,36,158,1,failure,1,0.031916,POSITIVE
retired,married,high.school,unknown,unknown,unknown,telephone,oct,thu,-1,4649,34,168,3,nonexistent,0,-0.032577,NEGATIVE
retired,married,high.school,unknown,unknown,unknown,telephone,oct,thu,-1,4649,34,168,3,nonexistent,1,0.013186,POSITIVE
housemaid,married,illiterate,unknown,unknown,unknown,telephone,nov,fri,-1,4664,34,161,4,nonexistent,0,-0.044529,NEGATIVE
housemaid,married,illiterate,unknown,unknown,unknown,telephone,nov,fri,-1,4664,34,161,4,nonexistent,1,0.001234,POSITIVE
entrepreneur,married,basic.9y,no,no,no,cellular,sep,wed,-2,4563,33,167,2,nonexistent,0,-0.031304,NEGATIVE
entrepreneur,married,basic.9y,no,no,no,cellular,sep,wed,-2,4563,33,167,2,nonexistent,1,0.014459,POSITIVE
retired,married,high.school,unknown,unknown,unknown,telephone,oct,thu,-1,4571,34,160,3,nonexistent,0,-0.020071,NEGATIVE
retired,married,high.school,unknown,unknown,unknown,telephone,oct,thu,-1,4571,34,160,3,nonexistent,1,0.025691,POSITIVE
self-employed,divorced,basic.6y,no,no,no,cellular,apr,tue,-3,4618,36,165,0,failure,0,-0.036277,NEGATIVE
self-employed,divorced,basic.6y,no,no,no,cellular,apr,tue,-3,4618,36,165,0,failure,1,0.009488,POSITIVE
technician,single,professional.course,unknown,unknown,unknown,telephone,may,(null),0,4672,34,170,5,success,0,-0.000598,NEGATIVE
technician,single,professional.course,unknown,unknown,unknown,telephone,may,(null),0,4672,34,170,5,success,1,0.045163,POSITIVE
self-employed,divorced,basic.6y,no,no,no,cellular,jan,tue,-3,4540,36,165,0,failure,0,-0.028911,NEGATIVE
self-employed,divorced,basic.6y,no,no,no,cellular,jan,tue,-3,4540,36,165,0,failure,1,0.016847,POSITIVE
admin.,divorced,basic.6y,no,no,no,cellular,apr,tue,-3,4540,36,165,0,failure,0,-0.030947,NEGATIVE
admin.,divorced,basic.6y,no,no,no,cellular,apr,tue,-3,4540,36,165,0,failure,1,0.014816,POSITIVE
management,married,basic.9y,no,no,no,cellular,mar,wed,-2,4563,36,159,2,nonexistent,0,-0.038545,NEGATIVE
management,married,basic.9y,no,no,no,cellular,mar,wed,-2,4563,36,159,2,nonexistent,1,0.007218,POSITIVE
technician,single,professional.course,unknown,unknown,unknown,telephone,mar,(null),0,4594,34,170,5,success,0,-0.040950,NEGATIVE
technician,single,professional.course,unknown,unknown,unknown,telephone,mar,(null),0,4594,34,170,5,success,1,0.004814,POSITIVE
student,married,illiterate,unknown,unknown,unknown,telephone,nov,fri,-1,4657,31,177,4,nonexistent,0,-0.020731,NEGATIVE
student,married,illiterate,unknown,unknown,unknown,telephone,nov,fri,-1,4657,31,177,4,nonexistent,1,0.011032,POSITIVE
retired,married,high.school,unknown,unknown,unknown,telephone,oct,thu,-1,4571,31,180,3,nonexistent,0,-0.025186,NEGATIVE
retired,married,high.school,unknown,unknown,unknown,telephone,oct,thu,-1,4571,31,180,3,nonexistent,1,0.006577,POSITIVE
technician,married,illiterate,unknown,unknown,unknown,telephone,apr,fri,-1,4586,31,185,4,nonexistent,0,-0.020247,NEGATIVE
technician,married,illiterate,unknown,unknown,unknown,telephone,apr,fri,-1,4586,31,185,4,nonexistent,1,0.011515,POSITIVE
unemployed,single,professional.course,unknown,unknown,unknown,telephone,may,(null),0,4602,31,179,6,success,0,-0.002764,NEGATIVE
unemployed,single,professional.course,unknown,unknown,unknown,telephone,may,(null),0,4602,31,179,6,success,1,0.028998,POSITIVE
management,single,professional.course,unknown,unknown,unknown,telephone,nov,(null),0,4602,31,171,6,success,0,-0.028058,NEGATIVE
management,single,professional.course,unknown,unknown,unknown,telephone,nov,(null),0,4602,31,171,6,success,1,0.003705,POSITIVE
entrepreneur,divorced,basic.6y,no,no,no,cellular,feb,tue,-3,4470,33,182,1,failure,0,-0.023162,NEGATIVE
entrepreneur,divorced,basic.6y,no,no,no,cellular,feb,tue,-3,4470,33,182,1,failure,1,0.006554,POSITIVE
blue-collar,married,basic.9y,no,no,no,cellular,may,wed,-2,4478,33,175,2,nonexistent,0,-0.025418,NEGATIVE
blue-collar,married,basic.9y,no,no,no,cellular,may,wed,-2,4478,33,175,2,nonexistent,1,0.020345,POSITIVE
entrepreneur,divorced,basic.6y,no,no,no,cellular,feb,tue,-3,4391,33,175,1,failure,0,-0.025964,NEGATIVE
entrepreneur,divorced,basic.6y,no,no,no,cellular,feb,tue,-3,4391,33,175,1,failure,1,0.003756,POSITIVE
entrepreneur,divorced,basic.6y,no,no,no,cellular,aug,tue,-3,4407,33,159,1,failure,0,-0.035651,NEGATIVE
entrepreneur,divorced,basic.6y,no,no,no,cellular,aug,tue,-3,4407,33,159,1,failure,1,0.010109,POSITIVE
admin.,divorced,basic.6y,no,no,no,cellular,jan,tue,-3,4462,36,165,0,failure,0,-0.023585,NEGATIVE
admin.,divorced,basic.6y,no,no,no,cellular,jan,tue,-3,4462,36,165,0,failure,1,0.022176,POSITIVE
self-employed,divorced,basic.6y,no,no,no,cellular,jan,tue,-3,4462,36,157,0,failure,0,-0.016405,NEGATIVE
self-employed,divorced,basic.6y,no,no,no,cellular,jan,tue,-3,4462,36,157,0,failure,1,0.029357,POSITIVE
self-employed,married,illiterate,unknown,unknown,unknown,telephone,apr,fri,-1,4501,34,165,4,nonexistent,0,-0.027055,NEGATIVE
self-employed,married,illiterate,unknown,unknown,unknown,telephone,apr,fri,-1,4501,34,165,4,nonexistent,1,0.018709,POSITIVE
admin.,divorced,basic.6y,no,no,no,cellular,jan,tue,-3,4383,36,157,0,failure,0,-0.015947,NEGATIVE
admin.,divorced,basic.6y,no,no,no,cellular,jan,tue,-3,4383,36,157,0,failure,1,0.029814,POSITIVE
blue-collar,married,basic.9y,no,no,no,cellular,may,wed,-2,4399,33,167,2,nonexistent,0,-0.016699,NEGATIVE
blue-collar,married,basic.9y,no,no,no,cellular,may,wed,-2,4399,33,167,2,nonexistent,1,0.029063,POSITIVE
self-employed,divorced,basic.6y,no,no,no,cellular,jul,tue,-3,4462,30,181,0,failure,0,-0.004072,NEGATIVE
self-employed,divorced,basic.6y,no,no,no,cellular,jul,tue,-3,4462,30,181,0,failure,1,0.027172,POSITIVE
admin.,divorced,basic.6y,no,no,no,cellular,oct,tue,-3,4462,30,181,0,failure,0,-0.014777,NEGATIVE
admin.,divorced,basic.6y,no,no,no,cellular,oct,tue,-3,4462,30,181,0,failure,1,0.014941,POSITIVE
student,married,basic.9y,no,no,no,cellular,aug,wed,-2,4485,30,175,2,nonexistent,0,-0.030735,NEGATIVE
student,married,basic.9y,no,no,no,cellular,aug,wed,-2,4485,30,175,2,nonexistent,1,0.001028,POSITIVE
housemaid,married,high.school,unknown,unknown,unknown,telephone,oct,thu,-1,4493,31,176,3,nonexistent,0,-0.026665,NEGATIVE
housemaid,married,high.school,unknown,unknown,unknown,telephone,oct,thu,-1,4493,31,176,3,nonexistent,1,0.004155,POSITIVE
admin.,divorced,basic.6y,no,no,no,cellular,jul,tue,-3,4383,30,181,0,failure,0,-0.017070,NEGATIVE
admin.,divorced,basic.6y,no,no,no,cellular,jul,tue,-3,4383,30,181,0,failure,1,0.012647,POSITIVE
entrepreneur,married,basic.9y,no,no,no,cellular,aug,wed,-2,4407,30,175,2,nonexistent,0,-0.023624,NEGATIVE
entrepreneur,married,basic.9y,no,no,no,cellular,aug,wed,-2,4407,30,175,2,nonexistent,1,0.006094,POSITIVE
self-employed,married,illiterate,unknown,unknown,unknown,telephone,apr,fri,-1,4469,31,181,4,nonexistent,0,-0.001212,NEGATIVE
self-employed,married,illiterate,unknown,unknown,unknown,telephone,apr,fri,-1,4469,31,181,4,nonexistent,1,0.030552,POSITIVE
services,married,illiterate,unknown,unknown,unknown,telephone,oct,fri,-1,4485,28,182,4,nonexistent,0,-0.024429,NEGATIVE
services,married,illiterate,unknown,unknown,unknown,telephone,oct,fri,-1,4485,28,182,4,nonexistent,1,0.007336,POSITIVE
management,single,professional.course,unknown,unknown,unknown,telephone,sep,(null),0,4524,31,171,6,success,0,-0.027317,NEGATIVE
management,single,professional.course,unknown,unknown,unknown,telephone,sep,(null),0,4524,31,171,6,success,1,0.004446,POSITIVE
student,single,professional.course,unknown,unknown,unknown,telephone,nov,(null),0,4516,31,162,5,success,0,-0.024214,NEGATIVE
student,single,professional.course,unknown,unknown,unknown,telephone,nov,(null),0,4516,31,162,5,success,1,0.023595,POSITIVE
student,single,professional.course,unknown,unknown,unknown,telephone,may,(null),0,4438,31,170,5,success,0,-0.005277,NEGATIVE
student,single,professional.course,unknown,unknown,unknown,telephone,may,(null),0,4438,31,170,5,success,1,0.026486,POSITIVE
technician,single,professional.course,unknown,unknown,unknown,telephone,nov,(null),0,4438,28,170,5,success,0,-0.023819,NEGATIVE
technician,single,professional.course,unknown,unknown,unknown,telephone,nov,(null),0,4438,28,170,5,success,1,0.007945,POSITIVE
self-employed,married,illiterate,unknown,unknown,unknown,telephone,oct,fri,-1,4657,35,149,4,nonexistent,0,-0.018800,NEGATIVE
self-employed,married,illiterate,unknown,unknown,unknown,telephone,oct,fri,-1,4657,35,149,4,nonexistent,1,0.026963,POSITIVE
entrepreneur,divorced,basic.6y,no,no,no,cellular,aug,tue,-3,4548,36,150,1,failure,0,-0.001342,NEGATIVE
entrepreneur,divorced,basic.6y,no,no,no,cellular,aug,tue,-3,4548,36,150,1,failure,1,0.044423,POSITIVE
services,married,basic.9y,no,no,no,cellular,aug,wed,-2,4556,36,143,2,nonexistent,0,-0.024352,NEGATIVE
services,married,basic.9y,no,no,no,cellular,aug,wed,-2,4556,36,143,2,nonexistent,1,0.021408,POSITIVE
services,married,illiterate,unknown,unknown,unknown,telephone,oct,fri,-1,4586,34,151,4,nonexistent,0,-0.012047,NEGATIVE
services,married,illiterate,unknown,unknown,unknown,telephone,oct,fri,-1,4586,34,151,4,nonexistent,1,0.033716,POSITIVE
student,single,professional.course,unknown,unknown,unknown,telephone,may,(null),0,4656,36,152,5,success,0,-0.043002,NEGATIVE
student,single,professional.course,unknown,unknown,unknown,telephone,may,(null),0,4656,36,152,5,success,1,0.002759,POSITIVE
student,single,professional.course,unknown,unknown,unknown,telephone,nov,(null),0,4672,36,136,5,success,0,-0.043731,NEGATIVE
student,single,professional.course,unknown,unknown,unknown,telephone,nov,(null),0,4672,36,136,5,success,1,0.002031,POSITIVE
services,married,illiterate,unknown,unknown,unknown,telephone,oct,fri,-1,4586,36,135,4,nonexistent,0,-0.018758,NEGATIVE
services,married,illiterate,unknown,unknown,unknown,telephone,oct,fri,-1,4586,36,135,4,nonexistent,1,0.027006,POSITIVE
technician,single,professional.course,unknown,unknown,unknown,telephone,jun,(null),0,4594,37,138,5,success,0,-0.031027,NEGATIVE
technician,single,professional.course,unknown,unknown,unknown,telephone,jun,(null),0,4594,37,138,5,success,1,0.014735,POSITIVE
blue-collar,married,basic.9y,no,no,no,cellular,aug,wed,-2,4478,36,143,2,nonexistent,0,-0.015495,NEGATIVE
blue-collar,married,basic.9y,no,no,no,cellular,aug,wed,-2,4478,36,143,2,nonexistent,1,0.030267,POSITIVE
retired,married,high.school,unknown,unknown,unknown,telephone,oct,thu,-1,4493,34,152,3,nonexistent,0,-0.007565,NEGATIVE
retired,married,high.school,unknown,unknown,unknown,telephone,oct,thu,-1,4493,34,152,3,nonexistent,1,0.038198,POSITIVE
student,married,illiterate,unknown,unknown,unknown,telephone,oct,fri,-1,4501,34,145,4,nonexistent,0,-0.025311,NEGATIVE
student,married,illiterate,unknown,unknown,unknown,telephone,oct,fri,-1,4501,34,145,4,nonexistent,1,0.020455,POSITIVE
housemaid,married,illiterate,unknown,unknown,unknown,telephone,nov,fri,-1,4508,34,145,4,nonexistent,0,-0.019518,NEGATIVE
housemaid,married,illiterate,unknown,unknown,unknown,telephone,nov,fri,-1,4508,34,145,4,nonexistent,1,0.026245,POSITIVE
services,married,basic.9y,no,no,no,cellular,aug,wed,-2,4399,33,151,2,nonexistent,0,-0.037600,NEGATIVE
services,married,basic.9y,no,no,no,cellular,aug,wed,-2,4399,33,151,2,nonexistent,1,0.008161,POSITIVE
entrepreneur,married,basic.9y,no,no,no,cellular,sep,wed,-2,4407,33,151,2,nonexistent,0,-0.009541,NEGATIVE
entrepreneur,married,basic.9y,no,no,no,cellular,sep,wed,-2,4407,33,151,2,nonexistent,1,0.036222,POSITIVE
management,married,basic.9y,no,no,no,cellular,mar,wed,-2,4485,36,151,2,nonexistent,0,-0.026039,NEGATIVE
management,married,basic.9y,no,no,no,cellular,mar,wed,-2,4485,36,151,2,nonexistent,1,0.019721,POSITIVE
student,married,illiterate,unknown,unknown,unknown,telephone,feb,fri,-1,4501,37,145,4,nonexistent,0,-0.035960,NEGATIVE
student,married,illiterate,unknown,unknown,unknown,telephone,feb,fri,-1,4501,37,145,4,nonexistent,1,0.009805,POSITIVE
management,single,professional.course,unknown,unknown,unknown,telephone,mar,(null),0,4516,37,146,5,success,0,-0.033838,NEGATIVE
management,single,professional.course,unknown,unknown,unknown,telephone,mar,(null),0,4516,37,146,5,success,1,0.011925,POSITIVE
self-employed,divorced,basic.6y,no,no,no,cellular,jan,tue,-3,4383,36,149,0,failure,0,-0.008770,NEGATIVE
self-employed,divorced,basic.6y,no,no,no,cellular,jan,tue,-3,4383,36,149,0,failure,1,0.036993,POSITIVE
admin.,divorced,basic.6y,no,no,no,cellular,apr,tue,-3,4383,36,149,0,failure,0,-0.010806,NEGATIVE
admin.,divorced,basic.6y,no,no,no,cellular,apr,tue,-3,4383,36,149,0,failure,1,0.034955,POSITIVE
management,married,basic.9y,no,no,no,cellular,mar,wed,-2,4407,36,143,2,nonexistent,0,-0.016781,NEGATIVE
management,married,basic.9y,no,no,no,cellular,mar,wed,-2,4407,36,143,2,nonexistent,1,0.028980,POSITIVE
services,married,illiterate,unknown,unknown,unknown,telephone,apr,fri,-1,4430,34,153,4,nonexistent,0,-0.033890,NEGATIVE
services,married,illiterate,unknown,unknown,unknown,telephone,apr,fri,-1,4430,34,153,4,nonexistent,1,0.011874,POSITIVE
management,single,professional.course,unknown,unknown,unknown,telephone,may,(null),0,4411,34,147,6,success,0,-0.019105,NEGATIVE
management,single,professional.course,unknown,unknown,unknown,telephone,may,(null),0,4411,34,147,6,success,1,0.026655,POSITIVE
services,married,basic.9y,no,no,no,cellular,nov,wed,-2,4478,36,127,2,nonexistent,0,-0.041306,NEGATIVE
services,married,basic.9y,no,no,no,cellular,nov,wed,-2,4478,36,127,2,nonexistent,1,0.008581,POSITIVE
housemaid,married,illiterate,unknown,unknown,unknown,telephone,oct,fri,-1,4501,37,129,4,nonexistent,0,-0.027768,NEGATIVE
housemaid,married,illiterate,unknown,unknown,unknown,telephone,oct,fri,-1,4501,37,129,4,nonexistent,1,0.022122,POSITIVE
technician,single,professional.course,unknown,unknown,unknown,telephone,jun,(null),0,4516,37,130,5,success,0,-0.018524,NEGATIVE
technician,single,professional.course,unknown,unknown,unknown,telephone,jun,(null),0,4516,37,130,5,success,1,0.027240,POSITIVE
self-employed,married,illiterate,unknown,unknown,unknown,telephone,aug,fri,-1,4422,35,133,4,nonexistent,0,-0.036301,NEGATIVE
self-employed,married,illiterate,unknown,unknown,unknown,telephone,aug,fri,-1,4422,35,133,4,nonexistent,1,0.009462,POSITIVE
student,single,professional.course,unknown,unknown,unknown,telephone,nov,(null),0,4438,31,154,5,success,0,-0.014873,NEGATIVE
student,single,professional.course,unknown,unknown,unknown,telephone,nov,(null),0,4438,31,154,5,success,1,0.030891,POSITIVE
unemployed,single,professional.course,unknown,unknown,unknown,telephone,may,(null),0,4914,21,233,6,success,0,-0.000521,NEGATIVE
unemployed,single,professional.course,unknown,unknown,unknown,telephone,may,(null),0,4914,21,233,6,success,1,0.001355,POSITIVE
technician,single,professional.course,unknown,unknown,unknown,telephone,nov,(null),0,4906,18,232,5,success,0,-0.000385,NEGATIVE
technician,single,professional.course,unknown,unknown,unknown,telephone,nov,(null),0,4906,18,232,5,success,1,0.001492,POSITIVE
housemaid,married,illiterate,unknown,unknown,unknown,telephone,may,fri,-1,4508,18,223,4,nonexistent,0,-0.000352,NEGATIVE
housemaid,married,illiterate,unknown,unknown,unknown,telephone,may,fri,-1,4508,18,223,4,nonexistent,1,0.001523,POSITIVE
student,single,professional.course,unknown,unknown,unknown,telephone,nov,(null),0,4516,24,193,5,success,0,-0.000068,NEGATIVE
student,single,professional.course,unknown,unknown,unknown,telephone,nov,(null),0,4516,24,193,5,success,1,0.001012,POSITIVE
admin.,divorced,basic.6y,no,no,no,cellular,jan,tue,-3,4305,26,204,0,failure,0,-0.005323,NEGATIVE
admin.,divorced,basic.6y,no,no,no,cellular,jan,tue,-3,4305,26,204,0,failure,1,0.003964,POSITIVE
blue-collar,divorced,basic.6y,no,no,no,cellular,jan,tue,-3,4305,30,188,0,failure,0,-0.006095,NEGATIVE
blue-collar,divorced,basic.6y,no,no,no,cellular,jan,tue,-3,4305,30,188,0,failure,1,0.023624,POSITIVE
blue-collar,divorced,basic.6y,no,no,no,cellular,jul,tue,-3,4227,26,188,0,failure,0,-0.005190,NEGATIVE
blue-collar,divorced,basic.6y,no,no,no,cellular,jul,tue,-3,4227,26,188,0,failure,1,0.004097,POSITIVE
housemaid,married,high.school,unknown,unknown,unknown,telephone,apr,thu,-1,4336,28,191,3,nonexistent,0,-0.015424,NEGATIVE
housemaid,married,high.school,unknown,unknown,unknown,telephone,apr,thu,-1,4336,28,191,3,nonexistent,1,0.016339,POSITIVE
entrepreneur,divorced,basic.6y,no,no,no,cellular,feb,tue,-3,4157,26,190,1,failure,0,-0.000885,NEGATIVE
entrepreneur,divorced,basic.6y,no,no,no,cellular,feb,tue,-3,4157,26,190,1,failure,1,0.008402,POSITIVE
blue-collar,divorced,basic.6y,no,no,no,cellular,jan,tue,-3,4071,26,188,0,failure,0,-0.007626,NEGATIVE
blue-collar,divorced,basic.6y,no,no,no,cellular,jan,tue,-3,4071,26,188,0,failure,1,0.001660,POSITIVE
blue-collar,divorced,basic.6y,no,no,no,cellular,jan,tue,-3,4305,39,125,0,failure,0,-0.048914,NEGATIVE
blue-collar,divorced,basic.6y,no,no,no,cellular,jan,tue,-3,4305,39,125,0,failure,1,0.000976,POSITIVE
admin.,divorced,basic.6y,no,no,no,cellular,jan,tue,-3,4305,33,173,0,failure,0,-0.008764,NEGATIVE
admin.,divorced,basic.6y,no,no,no,cellular,jan,tue,-3,4305,33,173,0,failure,1,0.035465,POSITIVE
self-employed,divorced,basic.6y,no,no,no,cellular,jan,tue,-3,4305,33,165,0,failure,0,-0.001583,NEGATIVE
self-employed,divorced,basic.6y,no,no,no,cellular,jan,tue,-3,4305,33,165,0,failure,1,0.044177,POSITIVE
self-employed,divorced,basic.6y,no,no,no,cellular,apr,tue,-3,4305,33,157,0,failure,0,-0.044153,NEGATIVE
self-employed,divorced,basic.6y,no,no,no,cellular,apr,tue,-3,4305,33,157,0,failure,1,0.001609,POSITIVE
blue-collar,married,basic.9y,no,no,no,cellular,may,wed,-2,4321,33,159,2,nonexistent,0,-0.005818,NEGATIVE
blue-collar,married,basic.9y,no,no,no,cellular,may,wed,-2,4321,33,159,2,nonexistent,1,0.039947,POSITIVE
entrepreneur,divorced,basic.6y,no,no,no,cellular,feb,tue,-3,4235,33,159,1,failure,0,-0.010993,NEGATIVE
entrepreneur,divorced,basic.6y,no,no,no,cellular,feb,tue,-3,4235,33,159,1,failure,1,0.034769,POSITIVE
blue-collar,divorced,basic.6y,no,no,no,cellular,jul,tue,-3,4305,30,174,0,failure,0,-0.003605,NEGATIVE
blue-collar,divorced,basic.6y,no,no,no,cellular,jul,tue,-3,4305,30,174,0,failure,1,0.026113,POSITIVE
housemaid,married,basic.9y,no,no,no,cellular,feb,wed,-2,4266,30,177,2,nonexistent,0,-0.006169,NEGATIVE
housemaid,married,basic.9y,no,no,no,cellular,feb,wed,-2,4266,30,177,2,nonexistent,1,0.023549,POSITIVE
services,married,basic.9y,no,no,no,cellular,aug,wed,-2,4321,28,175,2,nonexistent,0,-0.011490,NEGATIVE
services,married,basic.9y,no,no,no,cellular,aug,wed,-2,4321,28,175,2,nonexistent,1,0.020275,POSITIVE
services,divorced,basic.6y,no,no,no,cellular,aug,tue,-3,4235,26,182,1,failure,0,-0.026598,NEGATIVE
services,divorced,basic.6y,no,no,no,cellular,aug,tue,-3,4235,26,182,1,failure,1,0.005165,POSITIVE
retired,married,high.school,unknown,unknown,unknown,telephone,jul,thu,-1,4297,31,164,3,nonexistent,0,-0.017582,NEGATIVE
retired,married,high.school,unknown,unknown,unknown,telephone,jul,thu,-1,4297,31,164,3,nonexistent,1,0.012134,POSITIVE
student,single,professional.course,unknown,unknown,unknown,telephone,oct,(null),0,4343,28,168,5,success,0,-0.007947,NEGATIVE
student,single,professional.course,unknown,unknown,unknown,telephone,oct,(null),0,4343,28,168,5,success,1,0.023815,POSITIVE
admin.,divorced,basic.6y,no,no,no,cellular,jan,tue,-3,4149,33,157,0,failure,0,-0.031465,NEGATIVE
admin.,divorced,basic.6y,no,no,no,cellular,jan,tue,-3,4149,33,157,0,failure,1,0.014299,POSITIVE
admin.,divorced,basic.4y,no,no,no,cellular,jan,mon,-3,4064,30,173,0,failure,0,-0.001527,NEGATIVE
admin.,divorced,basic.4y,no,no,no,cellular,jan,mon,-3,4064,30,173,0,failure,1,0.028191,POSITIVE
blue-collar,divorced,basic.6y,no,no,no,cellular,aug,tue,-3,4157,26,182,1,failure,0,-0.007838,NEGATIVE
blue-collar,divorced,basic.6y,no,no,no,cellular,aug,tue,-3,4157,26,182,1,failure,1,0.023127,POSITIVE
housemaid,married,basic.9y,no,no,no,cellular,aug,wed,-2,4165,26,175,2,nonexistent,0,-0.027717,NEGATIVE
housemaid,married,basic.9y,no,no,no,cellular,aug,wed,-2,4165,26,175,2,nonexistent,1,0.004045,POSITIVE
self-employed,married,illiterate,unknown,unknown,unknown,telephone,apr,fri,-1,4188,27,177,4,nonexistent,0,-0.020231,NEGATIVE
self-employed,married,illiterate,unknown,unknown,unknown,telephone,apr,fri,-1,4188,27,177,4,nonexistent,1,0.011533,POSITIVE
management,married,basic.9y,no,no,no,cellular,mar,wed,-2,4094,27,178,2,nonexistent,0,-0.005717,NEGATIVE
management,married,basic.9y,no,no,no,cellular,mar,wed,-2,4094,27,178,2,nonexistent,1,0.026046,POSITIVE
entrepreneur,married,basic.9y,no,no,no,cellular,mar,wed,-2,4172,30,167,2,nonexistent,0,-0.009522,NEGATIVE
entrepreneur,married,basic.9y,no,no,no,cellular,mar,wed,-2,4172,30,167,2,nonexistent,1,0.020194,POSITIVE
services,married,basic.9y,no,no,no,cellular,may,wed,-2,4165,30,159,2,nonexistent,0,-0.014376,NEGATIVE
services,married,basic.9y,no,no,no,cellular,may,wed,-2,4165,30,159,2,nonexistent,1,0.015343,POSITIVE
entrepreneur,divorced,basic.6y,no,no,no,cellular,feb,tue,-3,4079,30,166,1,failure,0,-0.027907,NEGATIVE
entrepreneur,divorced,basic.6y,no,no,no,cellular,feb,tue,-3,4079,30,166,1,failure,1,0.001809,POSITIVE
blue-collar,married,basic.9y,no,no,no,cellular,may,wed,-2,4087,30,159,2,nonexistent,0,-0.020786,NEGATIVE
blue-collar,married,basic.9y,no,no,no,cellular,may,wed,-2,4087,30,159,2,nonexistent,1,0.024975,POSITIVE
self-employed,married,illiterate,unknown,unknown,unknown,telephone,aug,fri,-1,4156,27,165,4,nonexistent,0,-0.021633,NEGATIVE
self-employed,married,illiterate,unknown,unknown,unknown,telephone,aug,fri,-1,4156,27,165,4,nonexistent,1,0.010132,POSITIVE
entrepreneur,divorced,basic.6y,no,no,no,cellular,aug,tue,-3,4250,33,143,1,failure,0,-0.011724,NEGATIVE
entrepreneur,divorced,basic.6y,no,no,no,cellular,aug,tue,-3,4250,33,143,1,failure,1,0.034037,POSITIVE
blue-collar,divorced,basic.6y,no,no,no,cellular,jan,tue,-3,4305,36,149,0,failure,0,-0.040202,NEGATIVE
blue-collar,divorced,basic.6y,no,no,no,cellular,jan,tue,-3,4305,36,149,0,failure,1,0.005560,POSITIVE
self-employed,married,illiterate,unknown,unknown,unknown,telephone,apr,fri,-1,4344,34,149,4,nonexistent,0,-0.007456,NEGATIVE
self-employed,married,illiterate,unknown,unknown,unknown,telephone,apr,fri,-1,4344,34,149,4,nonexistent,1,0.038308,POSITIVE
blue-collar,divorced,basic.6y,no,no,no,cellular,jan,tue,-3,4227,36,141,0,failure,0,-0.027698,NEGATIVE
blue-collar,divorced,basic.6y,no,no,no,cellular,jan,tue,-3,4227,36,141,0,failure,1,0.018064,POSITIVE
self-employed,divorced,basic.6y,no,no,no,cellular,apr,tue,-3,4227,33,149,0,failure,0,-0.031646,NEGATIVE
self-employed,divorced,basic.6y,no,no,no,cellular,apr,tue,-3,4227,33,149,0,failure,1,0.014114,POSITIVE
self-employed,divorced,basic.6y,no,no,no,cellular,jul,tue,-3,4305,36,125,0,failure,0,-0.043366,NEGATIVE
self-employed,divorced,basic.6y,no,no,no,cellular,jul,tue,-3,4305,36,125,0,failure,1,0.005523,POSITIVE
blue-collar,married,basic.9y,no,no,no,cellular,aug,wed,-2,4321,36,127,2,nonexistent,0,-0.015809,NEGATIVE
blue-collar,married,basic.9y,no,no,no,cellular,aug,wed,-2,4321,36,127,2,nonexistent,1,0.034078,POSITIVE
housemaid,married,high.school,unknown,unknown,unknown,telephone,nov,thu,-1,4336,34,136,3,nonexistent,0,-0.045437,NEGATIVE
housemaid,married,high.school,unknown,unknown,unknown,telephone,nov,thu,-1,4336,34,136,3,nonexistent,1,0.000327,POSITIVE
student,married,illiterate,unknown,unknown,unknown,telephone,oct,fri,-1,4344,34,129,4,nonexistent,0,-0.005710,NEGATIVE
student,married,illiterate,unknown,unknown,unknown,telephone,oct,fri,-1,4344,34,129,4,nonexistent,1,0.040053,POSITIVE
services,married,basic.9y,no,no,no,cellular,aug,wed,-2,4243,33,135,2,nonexistent,0,-0.014214,NEGATIVE
services,married,basic.9y,no,no,no,cellular,aug,wed,-2,4243,33,135,2,nonexistent,1,0.031548,POSITIVE
housemaid,married,illiterate,unknown,unknown,unknown,telephone,oct,fri,-1,4266,34,129,4,nonexistent,0,-0.036599,NEGATIVE
housemaid,married,illiterate,unknown,unknown,unknown,telephone,oct,fri,-1,4266,34,129,4,nonexistent,1,0.009163,POSITIVE
management,married,basic.9y,no,no,no,cellular,mar,wed,-2,4328,36,135,2,nonexistent,0,-0.006438,NEGATIVE
management,married,basic.9y,no,no,no,cellular,mar,wed,-2,4328,36,135,2,nonexistent,1,0.039322,POSITIVE
student,married,illiterate,unknown,unknown,unknown,telephone,feb,fri,-1,4344,37,129,4,nonexistent,0,-0.016358,NEGATIVE
student,married,illiterate,unknown,unknown,unknown,telephone,feb,fri,-1,4344,37,129,4,nonexistent,1,0.029404,POSITIVE
management,single,professional.course,unknown,unknown,unknown,telephone,mar,(null),0,4359,37,130,5,success,0,-0.014237,NEGATIVE
management,single,professional.course,unknown,unknown,unknown,telephone,mar,(null),0,4359,37,130,5,success,1,0.031526,POSITIVE
management,single,professional.course,unknown,unknown,unknown,telephone,may,(null),0,4332,34,139,6,success,0,-0.011471,NEGATIVE
management,single,professional.course,unknown,unknown,unknown,telephone,may,(null),0,4332,34,139,6,success,1,0.034291,POSITIVE
blue-collar,married,basic.9y,no,no,no,cellular,feb,wed,-2,4243,36,135,2,nonexistent,0,-0.041387,NEGATIVE
blue-collar,married,basic.9y,no,no,no,cellular,feb,wed,-2,4243,36,135,2,nonexistent,1,0.004376,POSITIVE
services,married,basic.9y,no,no,no,cellular,feb,wed,-2,4243,36,127,2,nonexistent,0,-0.019721,NEGATIVE
services,married,basic.9y,no,no,no,cellular,feb,wed,-2,4243,36,127,2,nonexistent,1,0.026043,POSITIVE
services,married,illiterate,unknown,unknown,unknown,telephone,apr,fri,-1,4273,34,137,4,nonexistent,0,-0.012662,NEGATIVE
services,married,illiterate,unknown,unknown,unknown,telephone,apr,fri,-1,4273,34,137,4,nonexistent,1,0.033099,POSITIVE
technician,single,professional.course,unknown,unknown,unknown,telephone,jun,(null),0,4281,34,130,5,success,0,-0.038906,NEGATIVE
technician,single,professional.course,unknown,unknown,unknown,telephone,jun,(null),0,4281,34,130,5,success,1,0.006855,POSITIVE
services,married,illiterate,unknown,unknown,unknown,telephone,oct,fri,-1,4351,31,151,4,nonexistent,0,-0.032431,NEGATIVE
services,married,illiterate,unknown,unknown,unknown,telephone,oct,fri,-1,4351,31,151,4,nonexistent,1,0.013329,POSITIVE
retired,married,high.school,unknown,unknown,unknown,telephone,oct,thu,-1,4258,31,152,3,nonexistent,0,-0.027950,NEGATIVE
retired,married,high.school,unknown,unknown,unknown,telephone,oct,thu,-1,4258,31,152,3,nonexistent,1,0.017811,POSITIVE
student,married,illiterate,unknown,unknown,unknown,telephone,oct,fri,-1,4266,31,145,4,nonexistent,0,-0.045695,NEGATIVE
student,married,illiterate,unknown,unknown,unknown,telephone,oct,fri,-1,4266,31,145,4,nonexistent,1,0.000068,POSITIVE
housemaid,married,illiterate,unknown,unknown,unknown,telephone,nov,fri,-1,4273,31,145,4,nonexistent,0,-0.039904,NEGATIVE
housemaid,married,illiterate,unknown,unknown,unknown,telephone,nov,fri,-1,4273,31,145,4,nonexistent,1,0.005859,POSITIVE
unemployed,single,professional.course,unknown,unknown,unknown,telephone,nov,(null),0,4289,28,155,6,success,0,-0.020634,NEGATIVE
unemployed,single,professional.course,unknown,unknown,unknown,telephone,nov,(null),0,4289,28,155,6,success,1,0.011128,POSITIVE
self-employed,divorced,basic.6y,no,no,no,cellular,jan,tue,-3,4149,33,149,0,failure,0,-0.024287,NEGATIVE
self-employed,divorced,basic.6y,no,no,no,cellular,jan,tue,-3,4149,33,149,0,failure,1,0.021477,POSITIVE
admin.,divorced,basic.6y,no,no,no,cellular,apr,tue,-3,4149,33,149,0,failure,0,-0.026322,NEGATIVE
admin.,divorced,basic.6y,no,no,no,cellular,apr,tue,-3,4149,33,149,0,failure,1,0.019442,POSITIVE
management,married,basic.9y,no,no,no,cellular,mar,wed,-2,4172,33,143,2,nonexistent,0,-0.033920,NEGATIVE
management,married,basic.9y,no,no,no,cellular,mar,wed,-2,4172,33,143,2,nonexistent,1,0.011842,POSITIVE
admin.,divorced,basic.6y,no,no,no,cellular,jan,tue,-3,4071,33,149,0,failure,0,-0.018957,NEGATIVE
admin.,divorced,basic.6y,no,no,no,cellular,jan,tue,-3,4071,33,149,0,failure,1,0.026805,POSITIVE
self-employed,divorced,basic.6y,no,no,no,cellular,jan,tue,-3,4071,33,141,0,failure,0,-0.011777,NEGATIVE
self-employed,divorced,basic.6y,no,no,no,cellular,jan,tue,-3,4071,33,141,0,failure,1,0.033983,POSITIVE
admin.,divorced,basic.6y,no,no,no,cellular,apr,tue,-3,4071,33,141,0,failure,0,-0.013816,NEGATIVE
admin.,divorced,basic.6y,no,no,no,cellular,apr,tue,-3,4071,33,141,0,failure,1,0.031947,POSITIVE
blue-collar,married,basic.9y,no,no,no,cellular,aug,wed,-2,4165,33,135,2,nonexistent,0,-0.023374,NEGATIVE
blue-collar,married,basic.9y,no,no,no,cellular,aug,wed,-2,4165,33,135,2,nonexistent,1,0.022387,POSITIVE
services,married,basic.9y,no,no,no,cellular,aug,wed,-2,4165,33,127,2,nonexistent,0,-0.001710,NEGATIVE
services,married,basic.9y,no,no,no,cellular,aug,wed,-2,4165,33,127,2,nonexistent,1,0.044052,POSITIVE
blue-collar,married,basic.9y,no,no,no,cellular,aug,wed,-2,4087,33,127,2,nonexistent,0,-0.010869,NEGATIVE
blue-collar,married,basic.9y,no,no,no,cellular,aug,wed,-2,4087,33,127,2,nonexistent,1,0.034893,POSITIVE
blue-collar,divorced,basic.6y,no,no,no,cellular,jan,tue,-3,4149,36,133,0,failure,0,-0.015192,NEGATIVE
blue-collar,divorced,basic.6y,no,no,no,cellular,jan,tue,-3,4149,36,133,0,failure,1,0.030571,POSITIVE
blue-collar,married,basic.9y,no,no,no,cellular,feb,wed,-2,4165,36,127,2,nonexistent,0,-0.033201,NEGATIVE
blue-collar,married,basic.9y,no,no,no,cellular,feb,wed,-2,4165,36,127,2,nonexistent,1,0.016687,POSITIVE
student,married,illiterate,unknown,unknown,unknown,telephone,feb,fri,-1,4188,34,137,4,nonexistent,0,-0.043838,NEGATIVE
student,married,illiterate,unknown,unknown,unknown,telephone,feb,fri,-1,4188,34,137,4,nonexistent,1,0.001924,POSITIVE
management,single,professional.course,unknown,unknown,unknown,telephone,mar,(null),0,4203,34,138,5,success,0,-0.041716,NEGATIVE
management,single,professional.course,unknown,unknown,unknown,telephone,mar,(null),0,4203,34,138,5,success,1,0.004046,POSITIVE
services,married,illiterate,unknown,unknown,unknown,telephone,apr,fri,-1,4195,34,129,4,nonexistent,0,-0.000156,NEGATIVE
services,married,illiterate,unknown,unknown,unknown,telephone,apr,fri,-1,4195,34,129,4,nonexistent,1,0.045605,POSITIVE
blue-collar,divorced,basic.6y,no,no,no,cellular,jan,tue,-3,4071,36,125,0,failure,0,-0.012907,NEGATIVE
blue-collar,divorced,basic.6y,no,no,no,cellular,jan,tue,-3,4071,36,125,0,failure,1,0.036980,POSITIVE
management,married,basic.9y,no,no,no,cellular,mar,wed,-2,4094,33,135,2,nonexistent,0,-0.021415,NEGATIVE
management,married,basic.9y,no,no,no,cellular,mar,wed,-2,4094,33,135,2,nonexistent,1,0.024349,POSITIVE
student,married,illiterate,unknown,unknown,unknown,telephone,feb,fri,-1,4110,34,129,4,nonexistent,0,-0.031333,NEGATIVE
student,married,illiterate,unknown,unknown,unknown,telephone,feb,fri,-1,4110,34,129,4,nonexistent,1,0.014428,POSITIVE
management,single,professional.course,unknown,unknown,unknown,telephone,mar,(null),0,4125,34,130,5,success,0,-0.029212,NEGATIVE
management,single,professional.course,unknown,unknown,unknown,telephone,mar,(null),0,4125,34,130,5,success,1,0.016549,POSITIVE
entrepreneur,married,basic.9y,no,no,no,cellular,sep,wed,-2,4172,30,151,2,nonexistent,0,-0.026679,NEGATIVE
entrepreneur,married,basic.9y,no,no,no,cellular,sep,wed,-2,4172,30,151,2,nonexistent,1,0.019084,POSITIVE
retired,married,high.school,unknown,unknown,unknown,telephone,oct,thu,-1,4180,31,144,3,nonexistent,0,-0.015446,NEGATIVE
retired,married,high.school,unknown,unknown,unknown,telephone,oct,thu,-1,4180,31,144,3,nonexistent,1,0.030316,POSITIVE
housemaid,married,basic.9y,no,no,no,cellular,aug,wed,-2,4087,30,145,2,nonexistent,0,-0.010962,NEGATIVE
housemaid,married,basic.9y,no,no,no,cellular,aug,wed,-2,4087,30,145,2,nonexistent,1,0.034799,POSITIVE
technician,single,professional.course,unknown,unknown,unknown,telephone,mar,(null),0,4203,31,154,5,success,0,-0.036326,NEGATIVE
technician,single,professional.course,unknown,unknown,unknown,telephone,mar,(null),0,4203,31,154,5,success,1,0.009439,POSITIVE
management,single,professional.course,unknown,unknown,unknown,telephone,may,(null),0,4203,31,154,5,success,0,-0.041352,NEGATIVE
management,single,professional.course,unknown,unknown,unknown,telephone,may,(null),0,4203,31,154,5,success,1,0.004408,POSITIVE
management,single,professional.course,unknown,unknown,unknown,telephone,may,(null),0,4176,31,147,6,success,0,-0.038951,NEGATIVE
management,single,professional.course,unknown,unknown,unknown,telephone,may,(null),0,4176,31,147,6,success,1,0.006810,POSITIVE
self-employed,married,illiterate,unknown,unknown,unknown,telephone,apr,fri,-1,4110,31,149,4,nonexistent,0,-0.022428,NEGATIVE
self-employed,married,illiterate,unknown,unknown,unknown,telephone,apr,fri,-1,4110,31,149,4,nonexistent,1,0.023332,POSITIVE
student,single,professional.course,unknown,unknown,unknown,telephone,nov,(null),0,4203,28,154,5,success,0,-0.014846,NEGATIVE
student,single,professional.course,unknown,unknown,unknown,telephone,nov,(null),0,4203,28,154,5,success,1,0.016919,POSITIVE
student,married,illiterate,unknown,unknown,unknown,telephone,oct,fri,-1,4110,27,153,4,nonexistent,0,-0.000770,NEGATIVE
student,married,illiterate,unknown,unknown,unknown,telephone,oct,fri,-1,4110,27,153,4,nonexistent,1,0.030994,POSITIVE
technician,single,professional.course,unknown,unknown,unknown,telephone,nov,(null),0,4125,28,146,5,success,0,-0.016786,NEGATIVE
technician,single,professional.course,unknown,unknown,unknown,telephone,nov,(null),0,4125,28,146,5,success,1,0.024602,POSITIVE
management,single,professional.course,unknown,unknown,unknown,telephone,nov,(null),0,4133,28,147,6,success,0,-0.014076,NEGATIVE
management,single,professional.course,unknown,unknown,unknown,telephone,nov,(null),0,4133,28,147,6,success,1,0.033732,POSITIVE
services,married,illiterate,unknown,unknown,unknown,telephone,oct,fri,-1,4195,31,135,4,nonexistent,0,-0.007422,NEGATIVE
services,married,illiterate,unknown,unknown,unknown,telephone,oct,fri,-1,4195,31,135,4,nonexistent,1,0.038340,POSITIVE
retired,married,high.school,unknown,unknown,unknown,telephone,oct,thu,-1,4102,31,136,3,nonexistent,0,-0.002943,NEGATIVE
retired,married,high.school,unknown,unknown,unknown,telephone,oct,thu,-1,4102,31,136,3,nonexistent,1,0.042820,POSITIVE
student,married,illiterate,unknown,unknown,unknown,telephone,oct,fri,-1,4110,31,129,4,nonexistent,0,-0.020683,NEGATIVE
student,married,illiterate,unknown,unknown,unknown,telephone,oct,fri,-1,4110,31,129,4,nonexistent,1,0.025077,POSITIVE
housemaid,married,illiterate,unknown,unknown,unknown,telephone,nov,fri,-1,4117,31,129,4,nonexistent,0,-0.014893,NEGATIVE
housemaid,married,illiterate,unknown,unknown,unknown,telephone,nov,fri,-1,4117,31,129,4,nonexistent,1,0.030870,POSITIVE
management,single,professional.course,unknown,unknown,unknown,telephone,may,(null),0,4098,31,139,6,success,0,-0.026447,NEGATIVE
management,single,professional.course,unknown,unknown,unknown,telephone,may,(null),0,4098,31,139,6,success,1,0.019316,POSITIVE
entrepreneur,divorced,basic.6y,no,no,no,cellular,feb,tue,-3,4001,26,182,1,failure,0,-0.007403,NEGATIVE
entrepreneur,divorced,basic.6y,no,no,no,cellular,feb,tue,-3,4001,26,182,1,failure,1,0.001883,POSITIVE
housemaid,married,high.school,unknown,unknown,unknown,telephone,apr,thu,-1,4024,26,176,3,nonexistent,0,-0.003792,NEGATIVE
housemaid,married,high.school,unknown,unknown,unknown,telephone,apr,thu,-1,4024,26,176,3,nonexistent,1,0.027971,POSITIVE
blue-collar,married,basic.9y,no,no,no,cellular,feb,wed,-2,3931,26,175,2,nonexistent,0,-0.023489,NEGATIVE
blue-collar,married,basic.9y,no,no,no,cellular,feb,wed,-2,3931,26,175,2,nonexistent,1,0.008272,POSITIVE
entrepreneur,divorced,basic.6y,no,no,no,cellular,feb,tue,-3,4001,30,159,1,failure,0,-0.026738,NEGATIVE
entrepreneur,divorced,basic.6y,no,no,no,cellular,feb,tue,-3,4001,30,159,1,failure,1,0.002979,POSITIVE
blue-collar,married,basic.9y,no,no,no,cellular,aug,wed,-2,4009,26,167,2,nonexistent,0,-0.019395,NEGATIVE
blue-collar,married,basic.9y,no,no,no,cellular,aug,wed,-2,4009,26,167,2,nonexistent,1,0.012369,POSITIVE
blue-collar,divorced,basic.6y,no,no,no,cellular,aug,tue,-3,4001,28,158,1,failure,0,-0.006626,NEGATIVE
blue-collar,divorced,basic.6y,no,no,no,cellular,aug,tue,-3,4001,28,158,1,failure,1,0.023090,POSITIVE
admin.,divorced,basic.4y,no,no,no,cellular,jul,mon,-3,3908,28,157,0,failure,0,-0.018659,NEGATIVE
admin.,divorced,basic.4y,no,no,no,cellular,jul,mon,-3,3908,28,157,0,failure,1,0.011058,POSITIVE
retired,married,high.school,unknown,unknown,unknown,telephone,apr,thu,-1,4024,27,168,3,nonexistent,0,-0.030521,NEGATIVE
retired,married,high.school,unknown,unknown,unknown,telephone,apr,thu,-1,4024,27,168,3,nonexistent,1,0.001242,POSITIVE
student,married,illiterate,unknown,unknown,unknown,telephone,apr,fri,-1,4032,27,161,4,nonexistent,0,-0.004862,NEGATIVE
student,married,illiterate,unknown,unknown,unknown,telephone,apr,fri,-1,4032,27,161,4,nonexistent,1,0.026900,POSITIVE
blue-collar,divorced,basic.6y,no,no,no,cellular,feb,tue,-3,3923,28,166,1,failure,0,-0.014014,NEGATIVE
blue-collar,divorced,basic.6y,no,no,no,cellular,feb,tue,-3,3923,28,166,1,failure,1,0.015703,POSITIVE
admin.,divorced,basic.4y,no,no,no,cellular,jan,mon,-3,3830,28,165,0,failure,0,-0.026046,NEGATIVE
admin.,divorced,basic.4y,no,no,no,cellular,jan,mon,-3,3830,28,165,0,failure,1,0.003673,POSITIVE
student,married,basic.9y,no,no,no,cellular,mar,wed,-2,3860,26,159,2,nonexistent,0,-0.028288,NEGATIVE
student,married,basic.9y,no,no,no,cellular,mar,wed,-2,3860,26,159,2,nonexistent,1,0.003474,POSITIVE
housemaid,married,illiterate,unknown,unknown,unknown,telephone,apr,fri,-1,3876,26,161,4,nonexistent,0,-0.003589,NEGATIVE
housemaid,married,illiterate,unknown,unknown,unknown,telephone,apr,fri,-1,3876,26,161,4,nonexistent,1,0.028176,POSITIVE
entrepreneur,married,basic.9y,no,no,no,cellular,mar,wed,-2,3782,26,159,2,nonexistent,0,-0.026210,NEGATIVE
entrepreneur,married,basic.9y,no,no,no,cellular,mar,wed,-2,3782,26,159,2,nonexistent,1,0.005552,POSITIVE
blue-collar,divorced,basic.6y,no,no,no,cellular,jan,tue,-3,3993,33,141,0,failure,0,-0.042670,NEGATIVE
blue-collar,divorced,basic.6y,no,no,no,cellular,jan,tue,-3,3993,33,141,0,failure,1,0.003093,POSITIVE
admin.,divorced,basic.6y,no,no,no,cellular,jul,tue,-3,3993,33,125,0,failure,0,-0.043878,NEGATIVE
admin.,divorced,basic.6y,no,no,no,cellular,jul,tue,-3,3993,33,125,0,failure,1,0.001885,POSITIVE
admin.,divorced,basic.6y,no,no,no,cellular,apr,tue,-3,3993,33,133,0,failure,0,-0.001309,NEGATIVE
admin.,divorced,basic.6y,no,no,no,cellular,apr,tue,-3,3993,33,133,0,failure,1,0.044452,POSITIVE
management,married,basic.9y,no,no,no,cellular,mar,wed,-2,4016,33,127,2,nonexistent,0,-0.008909,NEGATIVE
management,married,basic.9y,no,no,no,cellular,mar,wed,-2,4016,33,127,2,nonexistent,1,0.036854,POSITIVE
blue-collar,divorced,basic.6y,no,no,no,cellular,jan,tue,-3,3915,33,133,0,failure,0,-0.030163,NEGATIVE
blue-collar,divorced,basic.6y,no,no,no,cellular,jan,tue,-3,3915,33,133,0,failure,1,0.015599,POSITIVE
blue-collar,married,basic.9y,no,no,no,cellular,feb,wed,-2,3931,33,127,2,nonexistent,0,-0.043855,NEGATIVE
blue-collar,married,basic.9y,no,no,no,cellular,feb,wed,-2,3931,33,127,2,nonexistent,1,0.001907,POSITIVE
entrepreneur,divorced,basic.6y,no,no,no,cellular,aug,tue,-3,4001,30,142,1,failure,0,-0.024197,NEGATIVE
entrepreneur,divorced,basic.6y,no,no,no,cellular,aug,tue,-3,4001,30,142,1,failure,1,0.021566,POSITIVE
blue-collar,married,basic.9y,no,no,no,cellular,may,wed,-2,4009,30,151,2,nonexistent,0,-0.008284,NEGATIVE
blue-collar,married,basic.9y,no,no,no,cellular,may,wed,-2,4009,30,151,2,nonexistent,1,0.037479,POSITIVE
self-employed,divorced,basic.6y,no,no,no,cellular,jan,tue,-3,3915,30,149,0,failure,0,-0.039262,NEGATIVE
self-employed,divorced,basic.6y,no,no,no,cellular,jan,tue,-3,3915,30,149,0,failure,1,0.006503,POSITIVE
admin.,divorced,basic.6y,no,no,no,cellular,apr,tue,-3,3915,30,149,0,failure,0,-0.041297,NEGATIVE
admin.,divorced,basic.6y,no,no,no,cellular,apr,tue,-3,3915,30,149,0,failure,1,0.004465,POSITIVE
self-employed,divorced,basic.6y,no,no,no,cellular,apr,tue,-3,3915,30,141,0,failure,0,-0.034118,NEGATIVE
self-employed,divorced,basic.6y,no,no,no,cellular,apr,tue,-3,3915,30,141,0,failure,1,0.011646,POSITIVE
self-employed,married,illiterate,unknown,unknown,unknown,telephone,oct,fri,-1,4032,27,149,4,nonexistent,0,-0.027708,NEGATIVE
self-employed,married,illiterate,unknown,unknown,unknown,telephone,oct,fri,-1,4032,27,149,4,nonexistent,1,0.004055,POSITIVE
student,married,basic.9y,no,no,no,cellular,sep,wed,-2,3938,26,151,2,nonexistent,0,-0.024196,NEGATIVE
student,married,basic.9y,no,no,no,cellular,sep,wed,-2,3938,26,151,2,nonexistent,1,0.007569,POSITIVE
technician,single,professional.course,unknown,unknown,unknown,telephone,may,(null),0,4047,28,154,5,success,0,-0.011253,NEGATIVE
technician,single,professional.course,unknown,unknown,unknown,telephone,may,(null),0,4047,28,154,5,success,1,0.020507,POSITIVE
services,married,illiterate,unknown,unknown,unknown,telephone,apr,fri,-1,3961,28,153,4,nonexistent,0,-0.029228,NEGATIVE
services,married,illiterate,unknown,unknown,unknown,telephone,apr,fri,-1,3961,28,153,4,nonexistent,1,0.002534,POSITIVE
services,married,basic.9y,no,no,no,cellular,aug,wed,-2,4009,30,135,2,nonexistent,0,-0.029185,NEGATIVE
services,married,basic.9y,no,no,no,cellular,aug,wed,-2,4009,30,135,2,nonexistent,1,0.016576,POSITIVE
entrepreneur,married,basic.9y,no,no,no,cellular,sep,wed,-2,4016,30,135,2,nonexistent,0,-0.001667,NEGATIVE
entrepreneur,married,basic.9y,no,no,no,cellular,sep,wed,-2,4016,30,135,2,nonexistent,1,0.044095,POSITIVE
entrepreneur,divorced,basic.6y,no,no,no,cellular,aug,tue,-3,3923,30,134,1,failure,0,-0.011692,NEGATIVE
entrepreneur,divorced,basic.6y,no,no,no,cellular,aug,tue,-3,3923,30,134,1,failure,1,0.034069,POSITIVE
services,married,basic.9y,no,no,no,cellular,aug,wed,-2,3931,30,127,2,nonexistent,0,-0.016683,NEGATIVE
services,married,basic.9y,no,no,no,cellular,aug,wed,-2,3931,30,127,2,nonexistent,1,0.029080,POSITIVE
services,married,illiterate,unknown,unknown,unknown,telephone,apr,fri,-1,4016,31,135,4,nonexistent,0,-0.023886,NEGATIVE
services,married,illiterate,unknown,unknown,unknown,telephone,apr,fri,-1,4016,31,135,4,nonexistent,1,0.021876,POSITIVE
technician,single,professional.course,unknown,unknown,unknown,telephone,nov,(null),0,4047,28,138,5,success,0,-0.012326,NEGATIVE
technician,single,professional.course,unknown,unknown,unknown,telephone,nov,(null),0,4047,28,138,5,success,1,0.035482,POSITIVE
management,single,professional.course,unknown,unknown,unknown,telephone,nov,(null),0,4055,28,139,6,success,0,-0.003354,NEGATIVE
management,single,professional.course,unknown,unknown,unknown,telephone,nov,(null),0,4055,28,139,6,success,1,0.042406,POSITIVE
services,married,illiterate,unknown,unknown,unknown,telephone,oct,fri,-1,3961,28,137,4,nonexistent,0,-0.027645,NEGATIVE
services,married,illiterate,unknown,unknown,unknown,telephone,oct,fri,-1,3961,28,137,4,nonexistent,1,0.018117,POSITIVE
blue-collar,divorced,basic.6y,no,no,no,cellular,jan,tue,-3,3837,33,125,0,failure,0,-0.017660,NEGATIVE
blue-collar,divorced,basic.6y,no,no,no,cellular,jan,tue,-3,3837,33,125,0,failure,1,0.028105,POSITIVE
entrepreneur,divorced,basic.6y,no,no,no,cellular,feb,tue,-3,3845,30,143,1,failure,0,-0.000958,NEGATIVE
entrepreneur,divorced,basic.6y,no,no,no,cellular,feb,tue,-3,3845,30,143,1,failure,1,0.044804,POSITIVE
admin.,divorced,basic.6y,no,no,no,cellular,jan,tue,-3,3758,30,141,0,failure,0,-0.026298,NEGATIVE
admin.,divorced,basic.6y,no,no,no,cellular,jan,tue,-3,3758,30,141,0,failure,1,0.019464,POSITIVE
entrepreneur,married,basic.9y,no,no,no,cellular,sep,wed,-2,3860,26,151,2,nonexistent,0,-0.019115,NEGATIVE
entrepreneur,married,basic.9y,no,no,no,cellular,sep,wed,-2,3860,26,151,2,nonexistent,1,0.012574,POSITIVE
services,married,basic.9y,no,no,no,cellular,feb,wed,-2,3853,28,151,2,nonexistent,0,-0.025502,NEGATIVE
services,married,basic.9y,no,no,no,cellular,feb,wed,-2,3853,28,151,2,nonexistent,1,0.004214,POSITIVE
blue-collar,married,basic.9y,no,no,no,cellular,feb,wed,-2,3774,28,151,2,nonexistent,0,-0.008545,NEGATIVE
blue-collar,married,basic.9y,no,no,no,cellular,feb,wed,-2,3774,28,151,2,nonexistent,1,0.021172,POSITIVE
housemaid,married,basic.9y,no,no,no,cellular,apr,wed,-2,3797,30,129,2,nonexistent,0,-0.039249,NEGATIVE
housemaid,married,basic.9y,no,no,no,cellular,apr,wed,-2,3797,30,129,2,nonexistent,1,0.006514,POSITIVE
student,married,high.school,unknown,unknown,unknown,telephone,oct,thu,-1,3868,27,136,3,nonexistent,0,-0.026694,NEGATIVE
student,married,high.school,unknown,unknown,unknown,telephone,oct,thu,-1,3868,27,136,3,nonexistent,1,0.019067,POSITIVE
housemaid,married,high.school,unknown,unknown,unknown,telephone,oct,thu,-1,3868,28,136,3,nonexistent,0,-0.045351,NEGATIVE
housemaid,married,high.school,unknown,unknown,unknown,telephone,oct,thu,-1,3868,28,136,3,nonexistent,1,0.000412,POSITIVE
management,single,professional.course,unknown,unknown,unknown,telephone,nov,(null),0,3899,26,139,6,success,0,-0.006822,NEGATIVE
management,single,professional.course,unknown,unknown,unknown,telephone,nov,(null),0,3899,26,139,6,success,1,0.040987,POSITIVE
services,married,illiterate,unknown,unknown,unknown,telephone,oct,fri,-1,3883,28,129,4,nonexistent,0,-0.015140,NEGATIVE
services,married,illiterate,unknown,unknown,unknown,telephone,oct,fri,-1,3883,28,129,4,nonexistent,1,0.030621,POSITIVE
retired,married,high.school,unknown,unknown,unknown,telephone,oct,thu,-1,3790,27,132,3,nonexistent,0,-0.016865,NEGATIVE
retired,married,high.school,unknown,unknown,unknown,telephone,oct,thu,-1,3790,27,132,3,nonexistent,1,0.028899,POSITIVE
blue-collar,divorced,basic.6y,no,no,no,cellular,jan,tue,-3,4305,14,235,0,failure,0,-0.001789,NEGATIVE
blue-collar,divorced,basic.6y,no,no,no,cellular,jan,tue,-3,4305,14,235,0,failure,1,0.000088,POSITIVE
self-employed,divorced,basic.4y,no,no,no,cellular,jan,mon,-3,4220,20,212,0,failure,0,-0.001458,NEGATIVE
self-employed,divorced,basic.4y,no,no,no,cellular,jan,mon,-3,4220,20,212,0,failure,1,0.000419,POSITIVE
retired,married,high.school,unknown,unknown,unknown,telephone,oct,thu,-1,4336,24,191,3,nonexistent,0,-0.000616,NEGATIVE
retired,married,high.school,unknown,unknown,unknown,telephone,oct,thu,-1,4336,24,191,3,nonexistent,1,0.000463,POSITIVE
services,divorced,basic.6y,no,no,no,cellular,aug,tue,-3,4235,20,197,1,failure,0,-0.000280,NEGATIVE
services,divorced,basic.6y,no,no,no,cellular,aug,tue,-3,4235,20,197,1,failure,1,0.000801,POSITIVE
student,married,high.school,unknown,unknown,unknown,telephone,may,thu,-1,4258,24,191,3,nonexistent,0,-0.000979,NEGATIVE
student,married,high.school,unknown,unknown,unknown,telephone,may,thu,-1,4258,24,191,3,nonexistent,1,0.000100,POSITIVE
housemaid,married,high.school,unknown,unknown,unknown,telephone,aug,thu,-1,4258,12,222,3,nonexistent,0,-0.001511,NEGATIVE
housemaid,married,high.school,unknown,unknown,unknown,telephone,aug,thu,-1,4258,12,222,3,nonexistent,1,0.000363,POSITIVE
housemaid,married,illiterate,unknown,unknown,unknown,telephone,nov,fri,-1,4266,12,215,4,nonexistent,0,-0.000668,NEGATIVE
housemaid,married,illiterate,unknown,unknown,unknown,telephone,nov,fri,-1,4266,12,215,4,nonexistent,1,0.001209,POSITIVE
student,married,illiterate,unknown,unknown,unknown,telephone,nov,fri,-1,4110,9,208,4,nonexistent,0,-0.000410,NEGATIVE
student,married,illiterate,unknown,unknown,unknown,telephone,nov,fri,-1,4110,9,208,4,nonexistent,1,0.000136,POSITIVE
entrepreneur,divorced,basic.6y,no,no,no,cellular,feb,tue,-3,4001,14,213,1,failure,0,-0.001184,NEGATIVE
entrepreneur,divorced,basic.6y,no,no,no,cellular,feb,tue,-3,4001,14,213,1,failure,1,0.000691,POSITIVE
blue-collar,married,basic.9y,no,no,no,cellular,aug,wed,-2,3931,14,198,2,nonexistent,0,-0.001516,NEGATIVE
blue-collar,married,basic.9y,no,no,no,cellular,aug,wed,-2,3931,14,198,2,nonexistent,1,0.000361,POSITIVE
housemaid,married,basic.9y,no,no,no,cellular,aug,wed,-2,3853,14,190,2,nonexistent,0,-0.001010,NEGATIVE
housemaid,married,basic.9y,no,no,no,cellular,aug,wed,-2,3853,14,190,2,nonexistent,1,0.000864,POSITIVE
services,divorced,basic.6y,no,no,no,cellular,apr,tue,-3,3766,14,189,1,failure,0,-0.000873,NEGATIVE
services,divorced,basic.6y,no,no,no,cellular,apr,tue,-3,3766,14,189,1,failure,1,0.001002,POSITIVE
self-employed,married,illiterate,unknown,unknown,unknown,telephone,apr,fri,-1,3876,9,208,4,nonexistent,0,-0.000012,NEGATIVE
self-employed,married,illiterate,unknown,unknown,unknown,telephone,apr,fri,-1,3876,9,208,4,nonexistent,1,0.000530,POSITIVE
services,married,illiterate,unknown,unknown,unknown,telephone,apr,fri,-1,3805,12,192,4,nonexistent,0,-0.000438,NEGATIVE
services,married,illiterate,unknown,unknown,unknown,telephone,apr,fri,-1,3805,12,192,4,nonexistent,1,0.001437,POSITIVE
blue-collar,divorced,basic.6y,no,no,no,cellular,jul,tue,-3,3993,23,181,0,failure,0,-0.000509,NEGATIVE
blue-collar,divorced,basic.6y,no,no,no,cellular,jul,tue,-3,3993,23,181,0,failure,1,0.008778,POSITIVE
entrepreneur,divorced,basic.6y,no,no,no,cellular,aug,tue,-3,3923,23,174,1,failure,0,-0.007394,NEGATIVE
entrepreneur,divorced,basic.6y,no,no,no,cellular,aug,tue,-3,3923,23,174,1,failure,1,0.001891,POSITIVE
student,married,basic.9y,no,no,no,cellular,feb,wed,-2,4016,23,183,2,nonexistent,0,-0.000764,NEGATIVE
student,married,basic.9y,no,no,no,cellular,feb,wed,-2,4016,23,183,2,nonexistent,1,0.000317,POSITIVE
student,married,basic.9y,no,no,no,cellular,nov,wed,-2,4016,23,167,2,nonexistent,0,-0.007015,NEGATIVE
student,married,basic.9y,no,no,no,cellular,nov,wed,-2,4016,23,167,2,nonexistent,1,0.006846,POSITIVE
technician,married,illiterate,unknown,unknown,unknown,telephone,aug,fri,-1,3961,24,161,4,nonexistent,0,-0.003120,NEGATIVE
technician,married,illiterate,unknown,unknown,unknown,telephone,aug,fri,-1,3961,24,161,4,nonexistent,1,0.015809,POSITIVE
unemployed,single,professional.course,unknown,unknown,unknown,telephone,may,(null),0,4055,18,186,6,success,0,-0.000234,NEGATIVE
unemployed,single,professional.course,unknown,unknown,unknown,telephone,may,(null),0,4055,18,186,6,success,1,0.001641,POSITIVE
entrepreneur,divorced,basic.6y,no,no,no,cellular,feb,tue,-3,3782,23,175,1,failure,0,-0.004116,NEGATIVE
entrepreneur,divorced,basic.6y,no,no,no,cellular,feb,tue,-3,3782,23,175,1,failure,1,0.005172,POSITIVE
housemaid,married,basic.9y,no,no,no,cellular,aug,wed,-2,3853,23,167,2,nonexistent,0,-0.008821,NEGATIVE
housemaid,married,basic.9y,no,no,no,cellular,aug,wed,-2,3853,23,167,2,nonexistent,1,0.000465,POSITIVE
retired,married,high.school,unknown,unknown,unknown,telephone,oct,thu,-1,3868,24,160,3,nonexistent,0,-0.028855,NEGATIVE
retired,married,high.school,unknown,unknown,unknown,telephone,oct,thu,-1,3868,24,160,3,nonexistent,1,0.002907,POSITIVE
services,divorced,basic.6y,no,no,no,cellular,aug,tue,-3,3766,23,158,1,failure,0,-0.001644,NEGATIVE
services,divorced,basic.6y,no,no,no,cellular,aug,tue,-3,3766,23,158,1,failure,1,0.030120,POSITIVE
entrepreneur,married,basic.9y,no,no,no,cellular,sep,wed,-2,3782,23,159,2,nonexistent,0,-0.027244,NEGATIVE
entrepreneur,married,basic.9y,no,no,no,cellular,sep,wed,-2,3782,23,159,2,nonexistent,1,0.004519,POSITIVE
unemployed,single,professional.course,unknown,unknown,unknown,telephone,may,(null),0,3821,15,179,6,success,0,-0.001773,NEGATIVE
unemployed,single,professional.course,unknown,unknown,unknown,telephone,may,(null),0,3821,15,179,6,success,1,0.000105,POSITIVE
management,single,professional.course,unknown,unknown,unknown,telephone,nov,(null),0,3891,24,154,5,success,0,-0.024772,NEGATIVE
management,single,professional.course,unknown,unknown,unknown,telephone,nov,(null),0,3891,24,154,5,success,1,0.006991,POSITIVE
services,married,illiterate,unknown,unknown,unknown,telephone,oct,fri,-1,3805,23,151,4,nonexistent,0,-0.005517,NEGATIVE
services,married,illiterate,unknown,unknown,unknown,telephone,oct,fri,-1,3805,23,151,4,nonexistent,1,0.013410,POSITIVE
unemployed,single,professional.course,unknown,unknown,unknown,telephone,nov,(null),0,3821,24,139,6,success,0,-0.028183,NEGATIVE
unemployed,single,professional.course,unknown,unknown,unknown,telephone,nov,(null),0,3821,24,139,6,success,1,0.003581,POSITIVE
admin.,divorced,basic.4y,no,no,no,cellular,jan,mon,-3,4923,45,110,0,failure,0,-0.006055,NEGATIVE
admin.,divorced,basic.4y,no,no,no,cellular,jan,mon,-3,4923,45,110,0,failure,1,0.044813,POSITIVE
management,married,basic.9y,no,no,no,cellular,mar,wed,-2,4875,45,115,2,nonexistent,0,-0.029713,NEGATIVE
management,married,basic.9y,no,no,no,cellular,mar,wed,-2,4875,45,115,2,nonexistent,1,0.025736,POSITIVE
blue-collar,divorced,basic.6y,no,no,no,cellular,feb,tue,-3,4930,45,95,0,failure,0,-0.010629,NEGATIVE
blue-collar,divorced,basic.6y,no,no,no,cellular,feb,tue,-3,4930,45,95,0,failure,1,0.040239,POSITIVE
retired,married,high.school,unknown,unknown,unknown,telephone,oct,thu,-1,4883,45,97,3,nonexistent,0,-0.049393,NEGATIVE
retired,married,high.school,unknown,unknown,unknown,telephone,oct,thu,-1,4883,45,97,3,nonexistent,1,0.006056,POSITIVE
retired,married,high.school,unknown,unknown,unknown,telephone,apr,thu,-1,4883,46,101,3,nonexistent,0,-0.034874,NEGATIVE
retired,married,high.school,unknown,unknown,unknown,telephone,apr,thu,-1,4883,46,101,3,nonexistent,1,0.017515,POSITIVE
services,married,basic.9y,no,no,no,cellular,aug,wed,-2,4946,44,119,2,nonexistent,0,-0.024672,NEGATIVE
services,married,basic.9y,no,no,no,cellular,aug,wed,-2,4946,44,119,2,nonexistent,1,0.025216,POSITIVE
services,married,illiterate,unknown,unknown,unknown,telephone,nov,fri,-1,4976,42,122,4,nonexistent,0,-0.041566,NEGATIVE
services,married,illiterate,unknown,unknown,unknown,telephone,nov,fri,-1,4976,42,122,4,nonexistent,1,0.008323,POSITIVE
management,single,professional.course,unknown,unknown,unknown,telephone,nov,(null),0,4984,44,115,5,success,0,-0.013188,NEGATIVE
management,single,professional.course,unknown,unknown,unknown,telephone,nov,(null),0,4984,44,115,5,success,1,0.036697,POSITIVE
technician,single,professional.course,unknown,unknown,unknown,telephone,dec,(null),0,4992,42,116,6,success,0,-0.042379,NEGATIVE
technician,single,professional.course,unknown,unknown,unknown,telephone,dec,(null),0,4992,42,116,6,success,1,0.007511,POSITIVE
self-employed,divorced,basic.4y,no,no,no,cellular,jul,mon,-3,4845,44,118,0,failure,0,-0.026513,NEGATIVE
self-employed,divorced,basic.4y,no,no,no,cellular,jul,mon,-3,4845,44,118,0,failure,1,0.023376,POSITIVE
admin.,divorced,basic.6y,no,no,no,cellular,jul,tue,-3,4852,44,118,0,failure,0,-0.007721,NEGATIVE
admin.,divorced,basic.6y,no,no,no,cellular,jul,tue,-3,4852,44,118,0,failure,1,0.047728,POSITIVE
blue-collar,divorced,basic.6y,no,no,no,cellular,jul,tue,-3,4852,44,110,0,failure,0,-0.026524,NEGATIVE
blue-collar,divorced,basic.6y,no,no,no,cellular,jul,tue,-3,4852,44,110,0,failure,1,0.028926,POSITIVE
admin.,divorced,basic.4y,no,no,no,cellular,apr,mon,-3,4845,44,118,0,failure,0,-0.025824,NEGATIVE
admin.,divorced,basic.4y,no,no,no,cellular,apr,mon,-3,4845,44,118,0,failure,1,0.027607,POSITIVE
admin.,divorced,basic.4y,no,no,no,cellular,apr,mon,-3,4845,44,110,0,failure,0,-0.029336,NEGATIVE
admin.,divorced,basic.4y,no,no,no,cellular,apr,mon,-3,4845,44,110,0,failure,1,0.021532,POSITIVE
admin.,divorced,basic.4y,no,no,no,cellular,oct,mon,-3,4923,44,102,0,failure,0,-0.016717,NEGATIVE
admin.,divorced,basic.4y,no,no,no,cellular,oct,mon,-3,4923,44,102,0,failure,1,0.034151,POSITIVE
blue-collar,divorced,basic.6y,no,no,no,cellular,jul,tue,-3,4852,44,102,0,failure,0,-0.029211,NEGATIVE
blue-collar,divorced,basic.6y,no,no,no,cellular,jul,tue,-3,4852,44,102,0,failure,1,0.021658,POSITIVE
technician,single,professional.course,unknown,unknown,unknown,telephone,nov,(null),0,4914,42,108,6,success,0,-0.021134,NEGATIVE
technician,single,professional.course,unknown,unknown,unknown,telephone,nov,(null),0,4914,42,108,6,success,1,0.028752,POSITIVE
technician,single,professional.course,unknown,unknown,unknown,telephone,nov,(null),0,4914,43,100,6,success,0,-0.016795,NEGATIVE
technician,single,professional.course,unknown,unknown,unknown,telephone,nov,(null),0,4914,43,100,6,success,1,0.033093,POSITIVE
admin.,divorced,basic.4y,no,no,no,cellular,apr,mon,-3,4845,44,102,0,failure,0,-0.003324,NEGATIVE
admin.,divorced,basic.4y,no,no,no,cellular,apr,mon,-3,4845,44,102,0,failure,1,0.047544,POSITIVE
retired,married,high.school,unknown,unknown,unknown,telephone,apr,thu,-1,4805,45,105,3,nonexistent,0,-0.055206,NEGATIVE
retired,married,high.school,unknown,unknown,unknown,telephone,apr,thu,-1,4805,45,105,3,nonexistent,1,0.000244,POSITIVE
self-employed,married,illiterate,unknown,unknown,unknown,telephone,apr,fri,-1,4813,45,98,4,nonexistent,0,-0.026105,NEGATIVE
self-employed,married,illiterate,unknown,unknown,unknown,telephone,apr,fri,-1,4813,45,98,4,nonexistent,1,0.026285,POSITIVE
management,married,basic.9y,no,no,no,cellular,sep,wed,-2,4797,42,115,2,nonexistent,0,-0.004283,NEGATIVE
management,married,basic.9y,no,no,no,cellular,sep,wed,-2,4797,42,115,2,nonexistent,1,0.045603,POSITIVE
blue-collar,divorced,basic.6y,no,no,no,cellular,jan,tue,-3,4774,44,118,0,failure,0,-0.031729,NEGATIVE
blue-collar,divorced,basic.6y,no,no,no,cellular,jan,tue,-3,4774,44,118,0,failure,1,0.022777,POSITIVE
blue-collar,divorced,basic.6y,no,no,no,cellular,jan,tue,-3,4774,44,110,0,failure,0,-0.041288,NEGATIVE
blue-collar,divorced,basic.6y,no,no,no,cellular,jan,tue,-3,4774,44,110,0,failure,1,0.012142,POSITIVE
student,single,professional.course,unknown,unknown,unknown,telephone,nov,(null),0,4828,40,122,5,success,0,-0.009838,NEGATIVE
student,single,professional.course,unknown,unknown,unknown,telephone,nov,(null),0,4828,40,122,5,success,1,0.040051,POSITIVE
technician,single,professional.course,unknown,unknown,unknown,telephone,nov,(null),0,4836,41,116,6,success,0,-0.013475,NEGATIVE
technician,single,professional.course,unknown,unknown,unknown,telephone,nov,(null),0,4836,41,116,6,success,1,0.036412,POSITIVE
entrepreneur,divorced,basic.6y,no,no,no,cellular,aug,tue,-3,4704,42,119,1,failure,0,-0.039125,NEGATIVE
entrepreneur,divorced,basic.6y,no,no,no,cellular,aug,tue,-3,4704,42,119,1,failure,1,0.010761,POSITIVE
housemaid,married,basic.9y,no,no,no,cellular,aug,wed,-2,4712,42,112,2,nonexistent,0,-0.014388,NEGATIVE
housemaid,married,basic.9y,no,no,no,cellular,aug,wed,-2,4712,42,112,2,nonexistent,1,0.035499,POSITIVE
housemaid,married,basic.9y,no,no,no,cellular,feb,wed,-2,4712,44,119,2,nonexistent,0,-0.031238,NEGATIVE
housemaid,married,basic.9y,no,no,no,cellular,feb,wed,-2,4712,44,119,2,nonexistent,1,0.018650,POSITIVE
student,single,professional.course,unknown,unknown,unknown,telephone,mar,(null),0,4750,42,122,5,success,0,-0.026901,NEGATIVE
student,single,professional.course,unknown,unknown,unknown,telephone,mar,(null),0,4750,42,122,5,success,1,0.022986,POSITIVE
housemaid,married,basic.9y,no,no,no,cellular,feb,wed,-2,4712,44,112,2,nonexistent,0,-0.028894,NEGATIVE
housemaid,married,basic.9y,no,no,no,cellular,feb,wed,-2,4712,44,112,2,nonexistent,1,0.026555,POSITIVE
services,married,illiterate,unknown,unknown,unknown,telephone,oct,fri,-1,4742,40,119,4,nonexistent,0,-0.043590,NEGATIVE
services,married,illiterate,unknown,unknown,unknown,telephone,oct,fri,-1,4742,40,119,4,nonexistent,1,0.006299,POSITIVE
student,single,professional.course,unknown,unknown,unknown,telephone,oct,(null),0,4828,42,105,5,success,0,-0.026839,NEGATIVE
student,single,professional.course,unknown,unknown,unknown,telephone,oct,(null),0,4828,42,105,5,success,1,0.023048,POSITIVE
self-employed,married,illiterate,unknown,unknown,unknown,telephone,oct,fri,-1,4735,43,98,4,nonexistent,0,-0.040809,NEGATIVE
self-employed,married,illiterate,unknown,unknown,unknown,telephone,oct,fri,-1,4735,43,98,4,nonexistent,1,0.009078,POSITIVE
technician,single,professional.course,unknown,unknown,unknown,telephone,nov,(null),0,4758,41,108,6,success,0,-0.038691,NEGATIVE
technician,single,professional.course,unknown,unknown,unknown,telephone,nov,(null),0,4758,41,108,6,success,1,0.011194,POSITIVE
student,single,professional.course,unknown,unknown,unknown,telephone,may,(null),0,4750,43,107,5,success,0,-0.012132,NEGATIVE
student,single,professional.course,unknown,unknown,unknown,telephone,may,(null),0,4750,43,107,5,success,1,0.037756,POSITIVE
housemaid,married,basic.9y,no,no,no,cellular,feb,wed,-2,4712,44,96,2,nonexistent,0,-0.028186,NEGATIVE
housemaid,married,basic.9y,no,no,no,cellular,feb,wed,-2,4712,44,96,2,nonexistent,1,0.022682,POSITIVE
entrepreneur,divorced,basic.6y,no,no,no,cellular,mar,tue,-3,4938,45,81,1,failure,0,-0.017803,NEGATIVE
entrepreneur,divorced,basic.6y,no,no,no,cellular,mar,tue,-3,4938,45,81,1,failure,1,0.033064,POSITIVE
admin.,divorced,basic.4y,no,no,no,cellular,jan,mon,-3,4845,45,79,0,failure,0,-0.024574,NEGATIVE
admin.,divorced,basic.4y,no,no,no,cellular,jan,mon,-3,4845,45,79,0,failure,1,0.026294,POSITIVE
admin.,divorced,basic.4y,no,no,no,cellular,jan,mon,-3,4845,45,63,0,failure,0,-0.022686,NEGATIVE
admin.,divorced,basic.4y,no,no,no,cellular,jan,mon,-3,4845,45,63,0,failure,1,0.029250,POSITIVE
admin.,divorced,basic.4y,no,no,no,cellular,jul,mon,-3,4845,44,87,0,failure,0,-0.020906,NEGATIVE
admin.,divorced,basic.4y,no,no,no,cellular,jul,mon,-3,4845,44,87,0,failure,1,0.029961,POSITIVE
blue-collar,divorced,basic.6y,no,no,no,cellular,oct,tue,-3,4852,44,79,0,failure,0,-0.014145,NEGATIVE
blue-collar,divorced,basic.6y,no,no,no,cellular,oct,tue,-3,4852,44,79,0,failure,1,0.036724,POSITIVE
retired,married,high.school,unknown,unknown,unknown,telephone,apr,thu,-1,4805,45,90,3,nonexistent,0,-0.046087,NEGATIVE
retired,married,high.school,unknown,unknown,unknown,telephone,apr,thu,-1,4805,45,90,3,nonexistent,1,0.006303,POSITIVE
student,single,professional.course,unknown,unknown,unknown,telephone,may,(null),0,4828,46,84,5,success,0,-0.051328,NEGATIVE
student,single,professional.course,unknown,unknown,unknown,telephone,may,(null),0,4828,46,84,5,success,1,0.001062,POSITIVE
student,single,professional.course,unknown,unknown,unknown,telephone,may,(null),0,4750,45,84,5,success,0,-0.038577,NEGATIVE
student,single,professional.course,unknown,unknown,unknown,telephone,may,(null),0,4750,45,84,5,success,1,0.013813,POSITIVE
services,married,illiterate,unknown,unknown,unknown,telephone,oct,fri,-1,4820,45,73,4,nonexistent,0,-0.045249,NEGATIVE
services,married,illiterate,unknown,unknown,unknown,telephone,oct,fri,-1,4820,45,73,4,nonexistent,1,0.007141,POSITIVE
services,married,illiterate,unknown,unknown,unknown,telephone,apr,fri,-1,4820,46,73,4,nonexistent,0,-0.050277,NEGATIVE
services,married,illiterate,unknown,unknown,unknown,telephone,apr,fri,-1,4820,46,73,4,nonexistent,1,0.002113,POSITIVE
services,married,illiterate,unknown,unknown,unknown,telephone,apr,fri,-1,4754,45,73,4,nonexistent,0,-0.036357,NEGATIVE
services,married,illiterate,unknown,unknown,unknown,telephone,apr,fri,-1,4754,45,73,4,nonexistent,1,0.016033,POSITIVE
technician,single,professional.course,unknown,unknown,unknown,telephone,may,(null),0,4723,45,76,6,success,0,-0.036767,NEGATIVE
technician,single,professional.course,unknown,unknown,unknown,telephone,may,(null),0,4723,45,76,6,success,1,0.015622,POSITIVE
technician,single,professional.course,unknown,unknown,unknown,telephone,nov,(null),0,4836,43,91,6,success,0,-0.008906,NEGATIVE
technician,single,professional.course,unknown,unknown,unknown,telephone,nov,(null),0,4836,43,91,6,success,1,0.040983,POSITIVE
admin.,divorced,basic.4y,no,no,no,cellular,jan,mon,-3,4767,44,87,0,failure,0,-0.007514,NEGATIVE
admin.,divorced,basic.4y,no,no,no,cellular,jan,mon,-3,4767,44,87,0,failure,1,0.043355,POSITIVE
retired,married,high.school,unknown,unknown,unknown,telephone,oct,thu,-1,4727,44,90,3,nonexistent,0,-0.028309,NEGATIVE
retired,married,high.school,unknown,unknown,unknown,telephone,oct,thu,-1,4727,44,90,3,nonexistent,1,0.024081,POSITIVE
admin.,divorced,basic.4y,no,no,no,cellular,oct,mon,-3,4689,42,87,0,failure,0,-0.001115,NEGATIVE
admin.,divorced,basic.4y,no,no,no,cellular,oct,mon,-3,4689,42,87,0,failure,1,0.049753,POSITIVE
retired,married,high.school,unknown,unknown,unknown,telephone,oct,thu,-1,4727,44,82,3,nonexistent,0,-0.013778,NEGATIVE
retired,married,high.school,unknown,unknown,unknown,telephone,oct,thu,-1,4727,44,82,3,nonexistent,1,0.038612,POSITIVE
entrepreneur,divorced,basic.6y,no,no,no,cellular,feb,tue,-3,4704,44,88,1,failure,0,-0.045243,NEGATIVE
entrepreneur,divorced,basic.6y,no,no,no,cellular,feb,tue,-3,4704,44,88,1,failure,1,0.005625,POSITIVE
entrepreneur,divorced,basic.6y,no,no,no,cellular,feb,tue,-3,4704,44,80,1,failure,0,-0.019882,NEGATIVE
entrepreneur,divorced,basic.6y,no,no,no,cellular,feb,tue,-3,4704,44,80,1,failure,1,0.030986,POSITIVE
blue-collar,divorced,basic.6y,no,no,no,cellular,jul,tue,-3,4774,44,64,0,failure,0,-0.030022,NEGATIVE
blue-collar,divorced,basic.6y,no,no,no,cellular,jul,tue,-3,4774,44,64,0,failure,1,0.021914,POSITIVE
management,married,basic.9y,no,no,no,cellular,sep,wed,-2,4719,44,68,2,nonexistent,0,-0.030033,NEGATIVE
management,married,basic.9y,no,no,no,cellular,sep,wed,-2,4719,44,68,2,nonexistent,1,0.020835,POSITIVE
blue-collar,divorced,basic.6y,no,no,no,cellular,jan,tue,-3,4696,44,64,0,failure,0,-0.034277,NEGATIVE
blue-collar,divorced,basic.6y,no,no,no,cellular,jan,tue,-3,4696,44,64,0,failure,1,0.017659,POSITIVE
retired,married,high.school,unknown,unknown,unknown,telephone,jul,thu,-1,4649,41,117,3,nonexistent,0,-0.017659,NEGATIVE
retired,married,high.school,unknown,unknown,unknown,telephone,jul,thu,-1,4649,41,117,3,nonexistent,1,0.032229,POSITIVE
housemaid,married,basic.9y,no,no,no,cellular,aug,wed,-2,4556,40,114,2,nonexistent,0,-0.048145,NEGATIVE
housemaid,married,basic.9y,no,no,no,cellular,aug,wed,-2,4556,40,114,2,nonexistent,1,0.001739,POSITIVE
entrepreneur,divorced,basic.6y,no,no,no,cellular,feb,tue,-3,4548,42,112,1,failure,0,-0.044724,NEGATIVE
entrepreneur,divorced,basic.6y,no,no,no,cellular,feb,tue,-3,4548,42,112,1,failure,1,0.010727,POSITIVE
services,married,illiterate,unknown,unknown,unknown,telephone,apr,fri,-1,4586,40,122,4,nonexistent,0,-0.035117,NEGATIVE
services,married,illiterate,unknown,unknown,unknown,telephone,apr,fri,-1,4586,40,122,4,nonexistent,1,0.014770,POSITIVE
housemaid,married,basic.9y,no,no,no,cellular,aug,wed,-2,4634,42,98,2,nonexistent,0,-0.027773,NEGATIVE
housemaid,married,basic.9y,no,no,no,cellular,aug,wed,-2,4634,42,98,2,nonexistent,1,0.027677,POSITIVE
student,single,professional.course,unknown,unknown,unknown,telephone,nov,(null),0,4672,40,105,5,success,0,-0.022434,NEGATIVE
student,single,professional.course,unknown,unknown,unknown,telephone,nov,(null),0,4672,40,105,5,success,1,0.027455,POSITIVE
services,married,illiterate,unknown,unknown,unknown,telephone,apr,fri,-1,4664,43,104,4,nonexistent,0,-0.041153,NEGATIVE
services,married,illiterate,unknown,unknown,unknown,telephone,apr,fri,-1,4664,43,104,4,nonexistent,1,0.008735,POSITIVE
admin.,divorced,basic.6y,no,no,no,cellular,jul,tue,-3,4540,41,102,0,failure,0,-0.002148,NEGATIVE
admin.,divorced,basic.6y,no,no,no,cellular,jul,tue,-3,4540,41,102,0,failure,1,0.053302,POSITIVE
admin.,divorced,basic.4y,no,no,no,cellular,jul,mon,-3,4533,41,94,0,failure,0,-0.033765,NEGATIVE
admin.,divorced,basic.4y,no,no,no,cellular,jul,mon,-3,4533,41,94,0,failure,1,0.017103,POSITIVE
technician,single,professional.course,unknown,unknown,unknown,telephone,nov,(null),0,4602,39,100,6,success,0,-0.010347,NEGATIVE
technician,single,professional.course,unknown,unknown,unknown,telephone,nov,(null),0,4602,39,100,6,success,1,0.039539,POSITIVE
housemaid,married,basic.9y,no,no,no,cellular,feb,wed,-2,4556,42,98,2,nonexistent,0,-0.047277,NEGATIVE
housemaid,married,basic.9y,no,no,no,cellular,feb,wed,-2,4556,42,98,2,nonexistent,1,0.003591,POSITIVE
entrepreneur,divorced,basic.6y,no,no,no,cellular,aug,tue,-3,4470,39,112,1,failure,0,-0.032897,NEGATIVE
entrepreneur,divorced,basic.6y,no,no,no,cellular,aug,tue,-3,4470,39,112,1,failure,1,0.016992,POSITIVE
self-employed,married,illiterate,unknown,unknown,unknown,telephone,apr,fri,-1,4501,40,118,4,nonexistent,0,-0.031034,NEGATIVE
self-employed,married,illiterate,unknown,unknown,unknown,telephone,apr,fri,-1,4501,40,118,4,nonexistent,1,0.018854,POSITIVE
blue-collar,divorced,basic.6y,no,no,no,cellular,jul,tue,-3,4383,39,111,0,failure,0,-0.022303,NEGATIVE
blue-collar,divorced,basic.6y,no,no,no,cellular,jul,tue,-3,4383,39,111,0,failure,1,0.027587,POSITIVE
blue-collar,married,basic.9y,no,no,no,cellular,may,wed,-2,4399,39,119,2,nonexistent,0,-0.047595,NEGATIVE
blue-collar,married,basic.9y,no,no,no,cellular,may,wed,-2,4399,39,119,2,nonexistent,1,0.002292,POSITIVE
entrepreneur,divorced,basic.6y,no,no,no,cellular,feb,tue,-3,4391,41,111,1,failure,0,-0.036205,NEGATIVE
entrepreneur,divorced,basic.6y,no,no,no,cellular,feb,tue,-3,4391,41,111,1,failure,1,0.019245,POSITIVE
entrepreneur,divorced,basic.6y,no,no,no,cellular,aug,tue,-3,4470,41,103,1,failure,0,-0.029357,NEGATIVE
entrepreneur,divorced,basic.6y,no,no,no,cellular,aug,tue,-3,4470,41,103,1,failure,1,0.026092,POSITIVE
services,married,illiterate,unknown,unknown,unknown,telephone,aug,fri,-1,4508,39,106,4,nonexistent,0,-0.028111,NEGATIVE
services,married,illiterate,unknown,unknown,unknown,telephone,aug,fri,-1,4508,39,106,4,nonexistent,1,0.021777,POSITIVE
self-employed,married,illiterate,unknown,unknown,unknown,telephone,oct,fri,-1,4501,40,98,4,nonexistent,0,-0.004807,NEGATIVE
self-employed,married,illiterate,unknown,unknown,unknown,telephone,oct,fri,-1,4501,40,98,4,nonexistent,1,0.045082,POSITIVE
management,married,basic.9y,no,no,no,cellular,mar,wed,-2,4485,42,104,2,nonexistent,0,-0.046032,NEGATIVE
management,married,basic.9y,no,no,no,cellular,mar,wed,-2,4485,42,104,2,nonexistent,1,0.009419,POSITIVE
retired,married,high.school,unknown,unknown,unknown,telephone,apr,thu,-1,4493,42,97,3,nonexistent,0,-0.022837,NEGATIVE
retired,married,high.school,unknown,unknown,unknown,telephone,apr,thu,-1,4493,42,97,3,nonexistent,1,0.032612,POSITIVE
admin.,divorced,basic.4y,no,no,no,cellular,jan,mon,-3,4455,41,102,0,failure,0,-0.046385,NEGATIVE
admin.,divorced,basic.4y,no,no,no,cellular,jan,mon,-3,4455,41,102,0,failure,1,0.004483,POSITIVE
admin.,divorced,basic.4y,no,no,no,cellular,jan,mon,-3,4455,41,94,0,failure,0,-0.020373,NEGATIVE
admin.,divorced,basic.4y,no,no,no,cellular,jan,mon,-3,4455,41,94,0,failure,1,0.030495,POSITIVE
management,married,basic.9y,no,no,no,cellular,sep,wed,-2,4407,39,99,2,nonexistent,0,-0.040738,NEGATIVE
management,married,basic.9y,no,no,no,cellular,sep,wed,-2,4407,39,99,2,nonexistent,1,0.009148,POSITIVE
retired,married,high.school,unknown,unknown,unknown,telephone,apr,thu,-1,4415,41,101,3,nonexistent,0,-0.033338,NEGATIVE
retired,married,high.school,unknown,unknown,unknown,telephone,apr,thu,-1,4415,41,101,3,nonexistent,1,0.016550,POSITIVE
admin.,divorced,basic.4y,no,no,no,cellular,jul,mon,-3,4611,42,79,0,failure,0,-0.028066,NEGATIVE
admin.,divorced,basic.4y,no,no,no,cellular,jul,mon,-3,4611,42,79,0,failure,1,0.022804,POSITIVE
retired,married,high.school,unknown,unknown,unknown,telephone,apr,thu,-1,4649,44,90,3,nonexistent,0,-0.036001,NEGATIVE
retired,married,high.school,unknown,unknown,unknown,telephone,apr,thu,-1,4649,44,90,3,nonexistent,1,0.016388,POSITIVE
retired,married,high.school,unknown,unknown,unknown,telephone,apr,thu,-1,4649,44,82,3,nonexistent,0,-0.017792,NEGATIVE
retired,married,high.school,unknown,unknown,unknown,telephone,apr,thu,-1,4649,44,82,3,nonexistent,1,0.033077,POSITIVE
retired,married,high.school,unknown,unknown,unknown,telephone,oct,thu,-1,4571,42,90,3,nonexistent,0,-0.024414,NEGATIVE
retired,married,high.school,unknown,unknown,unknown,telephone,oct,thu,-1,4571,42,90,3,nonexistent,1,0.025474,POSITIVE
management,married,basic.9y,no,no,no,cellular,sep,wed,-2,4563,42,81,2,nonexistent,0,-0.038205,NEGATIVE
management,married,basic.9y,no,no,no,cellular,sep,wed,-2,4563,42,81,2,nonexistent,1,0.014184,POSITIVE
technician,single,professional.course,unknown,unknown,unknown,telephone,nov,(null),0,4602,40,92,6,success,0,-0.010738,NEGATIVE
technician,single,professional.course,unknown,unknown,unknown,telephone,nov,(null),0,4602,40,92,6,success,1,0.039149,POSITIVE
blue-collar,divorced,basic.6y,no,no,no,cellular,oct,tue,-3,4540,41,79,0,failure,0,-0.004243,NEGATIVE
blue-collar,divorced,basic.6y,no,no,no,cellular,oct,tue,-3,4540,41,79,0,failure,1,0.046625,POSITIVE
admin.,divorced,basic.4y,no,no,no,cellular,jan,mon,-3,4533,42,79,0,failure,0,-0.014673,NEGATIVE
admin.,divorced,basic.4y,no,no,no,cellular,jan,mon,-3,4533,42,79,0,failure,1,0.036195,POSITIVE
admin.,divorced,basic.4y,no,no,no,cellular,jul,mon,-3,4611,42,71,0,failure,0,-0.002053,NEGATIVE
admin.,divorced,basic.4y,no,no,no,cellular,jul,mon,-3,4611,42,71,0,failure,1,0.048815,POSITIVE
self-employed,married,illiterate,unknown,unknown,unknown,telephone,oct,fri,-1,4657,44,67,4,nonexistent,0,-0.043415,NEGATIVE
self-employed,married,illiterate,unknown,unknown,unknown,telephone,oct,fri,-1,4657,44,67,4,nonexistent,1,0.008976,POSITIVE
management,married,basic.9y,no,no,no,cellular,mar,wed,-2,4641,44,68,2,nonexistent,0,-0.016642,NEGATIVE
management,married,basic.9y,no,no,no,cellular,mar,wed,-2,4641,44,68,2,nonexistent,1,0.034226,POSITIVE
student,single,professional.course,unknown,unknown,unknown,telephone,nov,(null),0,4594,42,74,5,success,0,-0.053258,NEGATIVE
student,single,professional.course,unknown,unknown,unknown,telephone,nov,(null),0,4594,42,74,5,success,1,0.003822,POSITIVE
services,married,illiterate,unknown,unknown,unknown,telephone,apr,fri,-1,4586,44,73,4,nonexistent,0,-0.012028,NEGATIVE
services,married,illiterate,unknown,unknown,unknown,telephone,apr,fri,-1,4586,44,73,4,nonexistent,1,0.040361,POSITIVE
entrepreneur,divorced,basic.6y,no,no,no,cellular,aug,tue,-3,4470,41,88,1,failure,0,-0.047939,NEGATIVE
entrepreneur,divorced,basic.6y,no,no,no,cellular,aug,tue,-3,4470,41,88,1,failure,1,0.004450,POSITIVE
technician,single,professional.course,unknown,unknown,unknown,telephone,nov,(null),0,4524,39,92,6,success,0,-0.040296,NEGATIVE
technician,single,professional.course,unknown,unknown,unknown,telephone,nov,(null),0,4524,39,92,6,success,1,0.009591,POSITIVE
entrepreneur,divorced,basic.6y,no,no,no,cellular,aug,tue,-3,4470,41,80,1,failure,0,-0.023372,NEGATIVE
entrepreneur,divorced,basic.6y,no,no,no,cellular,aug,tue,-3,4470,41,80,1,failure,1,0.027496,POSITIVE
retired,married,high.school,unknown,unknown,unknown,telephone,apr,thu,-1,4493,42,90,3,nonexistent,0,-0.025916,NEGATIVE
retired,married,high.school,unknown,unknown,unknown,telephone,apr,thu,-1,4493,42,90,3,nonexistent,1,0.026473,POSITIVE
services,married,illiterate,unknown,unknown,unknown,telephone,apr,fri,-1,4508,43,83,4,nonexistent,0,-0.050257,NEGATIVE
services,married,illiterate,unknown,unknown,unknown,telephone,apr,fri,-1,4508,43,83,4,nonexistent,1,0.002132,POSITIVE
blue-collar,divorced,basic.6y,no,no,no,cellular,apr,tue,-3,4462,41,87,0,failure,0,-0.016538,NEGATIVE
blue-collar,divorced,basic.6y,no,no,no,cellular,apr,tue,-3,4462,41,87,0,failure,1,0.034330,POSITIVE
admin.,divorced,basic.4y,no,no,no,cellular,apr,mon,-3,4455,41,79,0,failure,0,-0.037954,NEGATIVE
admin.,divorced,basic.4y,no,no,no,cellular,apr,mon,-3,4455,41,79,0,failure,1,0.012914,POSITIVE
retired,married,high.school,unknown,unknown,unknown,telephone,jul,thu,-1,4415,41,86,3,nonexistent,0,-0.026733,NEGATIVE
retired,married,high.school,unknown,unknown,unknown,telephone,jul,thu,-1,4415,41,86,3,nonexistent,1,0.025657,POSITIVE
self-employed,married,illiterate,unknown,unknown,unknown,telephone,oct,fri,-1,4501,42,67,4,nonexistent,0,-0.048743,NEGATIVE
self-employed,married,illiterate,unknown,unknown,unknown,telephone,oct,fri,-1,4501,42,67,4,nonexistent,1,0.003647,POSITIVE
blue-collar,divorced,basic.6y,no,no,no,cellular,jul,tue,-3,4462,41,71,0,failure,0,-0.037828,NEGATIVE
blue-collar,divorced,basic.6y,no,no,no,cellular,jul,tue,-3,4462,41,71,0,failure,1,0.013040,POSITIVE
blue-collar,divorced,basic.6y,no,no,no,cellular,jul,tue,-3,4462,41,63,0,failure,0,-0.011816,NEGATIVE
blue-collar,divorced,basic.6y,no,no,no,cellular,jul,tue,-3,4462,41,63,0,failure,1,0.039052,POSITIVE
self-employed,married,illiterate,unknown,unknown,unknown,telephone,apr,fri,-1,4501,43,71,4,nonexistent,0,-0.047658,NEGATIVE
self-employed,married,illiterate,unknown,unknown,unknown,telephone,apr,fri,-1,4501,43,71,4,nonexistent,1,0.004732,POSITIVE
self-employed,married,illiterate,unknown,unknown,unknown,telephone,aug,fri,-1,4422,41,71,4,nonexistent,0,-0.035540,NEGATIVE
self-employed,married,illiterate,unknown,unknown,unknown,telephone,aug,fri,-1,4422,41,71,4,nonexistent,1,0.016850,POSITIVE
management,single,professional.course,unknown,unknown,unknown,telephone,nov,(null),0,4602,38,123,6,success,0,-0.018591,NEGATIVE
management,single,professional.course,unknown,unknown,unknown,telephone,nov,(null),0,4602,38,123,6,success,1,0.031297,POSITIVE
technician,single,professional.course,unknown,unknown,unknown,telephone,dec,(null),0,4602,38,116,6,success,0,-0.023928,NEGATIVE
technician,single,professional.course,unknown,unknown,unknown,telephone,dec,(null),0,4602,38,116,6,success,1,0.025957,POSITIVE
services,married,illiterate,unknown,unknown,unknown,telephone,oct,fri,-1,4508,37,119,4,nonexistent,0,-0.007580,NEGATIVE
services,married,illiterate,unknown,unknown,unknown,telephone,oct,fri,-1,4508,37,119,4,nonexistent,1,0.042305,POSITIVE
services,married,illiterate,unknown,unknown,unknown,telephone,oct,fri,-1,4430,36,119,4,nonexistent,0,-0.038695,NEGATIVE
services,married,illiterate,unknown,unknown,unknown,telephone,oct,fri,-1,4430,36,119,4,nonexistent,1,0.011193,POSITIVE
technician,single,professional.course,unknown,unknown,unknown,telephone,jun,(null),0,4438,37,122,5,success,0,-0.024383,NEGATIVE
technician,single,professional.course,unknown,unknown,unknown,telephone,jun,(null),0,4438,37,122,5,success,1,0.025503,POSITIVE
technician,single,professional.course,unknown,unknown,unknown,telephone,nov,(null),0,4524,38,108,6,success,0,-0.002688,NEGATIVE
technician,single,professional.course,unknown,unknown,unknown,telephone,nov,(null),0,4524,38,108,6,success,1,0.047199,POSITIVE
technician,single,professional.course,unknown,unknown,unknown,telephone,nov,(null),0,4446,38,100,6,success,0,-0.028424,NEGATIVE
technician,single,professional.course,unknown,unknown,unknown,telephone,nov,(null),0,4446,38,100,6,success,1,0.021465,POSITIVE
unemployed,single,professional.course,unknown,unknown,unknown,telephone,may,(null),0,4996,48,45,6,success,0,-0.034116,NEGATIVE
unemployed,single,professional.course,unknown,unknown,unknown,telephone,may,(null),0,4996,48,45,6,success,1,0.016752,POSITIVE
admin.,divorced,basic.4y,no,no,no,cellular,jul,mon,-3,4923,45,32,0,failure,0,-0.016942,NEGATIVE
admin.,divorced,basic.4y,no,no,no,cellular,jul,mon,-3,4923,45,32,0,failure,1,0.040490,POSITIVE
housemaid,married,basic.9y,no,no,no,cellular,feb,wed,-2,4973,47,52,2,nonexistent,0,-0.026718,NEGATIVE
housemaid,married,basic.9y,no,no,no,cellular,feb,wed,-2,4973,47,52,2,nonexistent,1,0.025218,POSITIVE
services,married,basic.9y,no,no,no,cellular,feb,wed,-2,4934,47,52,2,nonexistent,0,-0.029214,NEGATIVE
services,married,basic.9y,no,no,no,cellular,feb,wed,-2,4934,47,52,2,nonexistent,1,0.022722,POSITIVE
housemaid,married,high.school,unknown,unknown,unknown,telephone,apr,thu,-1,4942,47,55,3,nonexistent,0,-0.017953,NEGATIVE
housemaid,married,high.school,unknown,unknown,unknown,telephone,apr,thu,-1,4942,47,55,3,nonexistent,1,0.033984,POSITIVE
housemaid,married,basic.9y,no,no,no,cellular,feb,wed,-2,4973,47,36,2,nonexistent,0,-0.027716,NEGATIVE
housemaid,married,basic.9y,no,no,no,cellular,feb,wed,-2,4973,47,36,2,nonexistent,1,0.024682,POSITIVE
management,married,basic.9y,no,no,no,cellular,mar,wed,-2,4938,47,37,2,nonexistent,0,-0.035155,NEGATIVE
management,married,basic.9y,no,no,no,cellular,mar,wed,-2,4938,47,37,2,nonexistent,1,0.016782,POSITIVE
entrepreneur,divorced,basic.6y,no,no,no,cellular,mar,tue,-3,4860,45,37,1,failure,0,-0.001741,NEGATIVE
entrepreneur,divorced,basic.6y,no,no,no,cellular,mar,tue,-3,4860,45,37,1,failure,1,0.055691,POSITIVE
technician,single,professional.course,unknown,unknown,unknown,telephone,may,(null),0,4996,48,29,6,success,0,-0.038637,NEGATIVE
technician,single,professional.course,unknown,unknown,unknown,telephone,may,(null),0,4996,48,29,6,success,1,0.013298,POSITIVE
technician,single,professional.course,unknown,unknown,unknown,telephone,may,(null),0,4996,48,13,6,success,0,-0.039655,NEGATIVE
technician,single,professional.course,unknown,unknown,unknown,telephone,may,(null),0,4996,48,13,6,success,1,0.012282,POSITIVE
self-employed,married,illiterate,unknown,unknown,unknown,telephone,oct,fri,-1,4969,47,24,4,nonexistent,0,-0.013934,NEGATIVE
self-employed,married,illiterate,unknown,unknown,unknown,telephone,oct,fri,-1,4969,47,24,4,nonexistent,1,0.038002,POSITIVE
retired,married,high.school,unknown,unknown,unknown,telephone,oct,thu,-1,4981,47,7,3,nonexistent,0,-0.040374,NEGATIVE
retired,married,high.school,unknown,unknown,unknown,telephone,oct,thu,-1,4981,47,7,3,nonexistent,1,0.011563,POSITIVE
self-employed,married,illiterate,unknown,unknown,unknown,telephone,oct,fri,-1,4945,47,8,4,nonexistent,0,-0.047812,NEGATIVE
self-employed,married,illiterate,unknown,unknown,unknown,telephone,oct,fri,-1,4945,47,8,4,nonexistent,1,0.004124,POSITIVE
housemaid,married,basic.9y,no,no,no,cellular,feb,wed,-2,4973,47,20,2,nonexistent,0,-0.014905,NEGATIVE
housemaid,married,basic.9y,no,no,no,cellular,feb,wed,-2,4973,47,20,2,nonexistent,1,0.042527,POSITIVE
management,married,basic.9y,no,no,no,cellular,mar,wed,-2,4938,47,21,2,nonexistent,0,-0.036172,NEGATIVE
management,married,basic.9y,no,no,no,cellular,mar,wed,-2,4938,47,21,2,nonexistent,1,0.020751,POSITIVE
blue-collar,divorced,basic.6y,no,no,no,cellular,jan,tue,-3,4965,47,1,0,failure,0,-0.014408,NEGATIVE
blue-collar,divorced,basic.6y,no,no,no,cellular,jan,tue,-3,4965,47,1,0,failure,1,0.011360,POSITIVE
management,married,basic.9y,no,no,no,cellular,mar,wed,-2,4938,47,5,2,nonexistent,0,-0.018836,NEGATIVE
management,married,basic.9y,no,no,no,cellular,mar,wed,-2,4938,47,5,2,nonexistent,1,0.038596,POSITIVE
management,married,basic.9y,no,no,no,cellular,sep,wed,-2,4875,45,12,2,nonexistent,0,-0.044083,NEGATIVE
management,married,basic.9y,no,no,no,cellular,sep,wed,-2,4875,45,12,2,nonexistent,1,0.007854,POSITIVE
retired,married,high.school,unknown,unknown,unknown,telephone,apr,thu,-1,4903,47,23,3,nonexistent,0,-0.043610,NEGATIVE
retired,married,high.school,unknown,unknown,unknown,telephone,apr,thu,-1,4903,47,23,3,nonexistent,1,0.008327,POSITIVE
self-employed,married,illiterate,unknown,unknown,unknown,telephone,apr,fri,-1,4867,47,24,4,nonexistent,0,-0.051049,NEGATIVE
self-employed,married,illiterate,unknown,unknown,unknown,telephone,apr,fri,-1,4867,47,24,4,nonexistent,1,0.000888,POSITIVE
retired,married,high.school,unknown,unknown,unknown,telephone,apr,thu,-1,4903,47,7,3,nonexistent,0,-0.040612,NEGATIVE
retired,married,high.school,unknown,unknown,unknown,telephone,apr,thu,-1,4903,47,7,3,nonexistent,1,0.016820,POSITIVE
services,married,illiterate,unknown,unknown,unknown,telephone,apr,fri,-1,4871,47,10,4,nonexistent,0,-0.004737,NEGATIVE
services,married,illiterate,unknown,unknown,unknown,telephone,apr,fri,-1,4871,47,10,4,nonexistent,1,0.047199,POSITIVE
self-employed,married,illiterate,unknown,unknown,unknown,telephone,oct,fri,-1,4813,45,56,4,nonexistent,0,-0.044082,NEGATIVE
self-employed,married,illiterate,unknown,unknown,unknown,telephone,oct,fri,-1,4813,45,56,4,nonexistent,1,0.006785,POSITIVE
self-employed,married,illiterate,unknown,unknown,unknown,telephone,oct,fri,-1,4813,45,40,4,nonexistent,0,-0.015443,NEGATIVE
self-employed,married,illiterate,unknown,unknown,unknown,telephone,oct,fri,-1,4813,45,40,4,nonexistent,1,0.036494,POSITIVE
management,married,basic.9y,no,no,no,cellular,mar,wed,-2,4797,45,43,2,nonexistent,0,-0.046327,NEGATIVE
management,married,basic.9y,no,no,no,cellular,mar,wed,-2,4797,45,43,2,nonexistent,1,0.005609,POSITIVE
student,single,professional.course,unknown,unknown,unknown,telephone,sep,(null),0,4758,45,59,5,success,0,-0.040031,NEGATIVE
student,single,professional.course,unknown,unknown,unknown,telephone,sep,(null),0,4758,45,59,5,success,1,0.012358,POSITIVE
services,married,basic.9y,no,no,no,cellular,feb,wed,-2,4739,45,52,2,nonexistent,0,-0.040105,NEGATIVE
services,married,basic.9y,no,no,no,cellular,feb,wed,-2,4739,45,52,2,nonexistent,1,0.011830,POSITIVE
housemaid,married,illiterate,unknown,unknown,unknown,telephone,apr,fri,-1,4750,45,56,4,nonexistent,0,-0.034147,NEGATIVE
housemaid,married,illiterate,unknown,unknown,unknown,telephone,apr,fri,-1,4750,45,56,4,nonexistent,1,0.017790,POSITIVE
student,married,illiterate,unknown,unknown,unknown,telephone,apr,fri,-1,4711,45,56,4,nonexistent,0,-0.047014,NEGATIVE
student,married,illiterate,unknown,unknown,unknown,telephone,apr,fri,-1,4711,45,56,4,nonexistent,1,0.003854,POSITIVE
technician,single,professional.course,unknown,unknown,unknown,telephone,nov,(null),0,4758,45,45,6,success,0,-0.029822,NEGATIVE
technician,single,professional.course,unknown,unknown,unknown,telephone,nov,(null),0,4758,45,45,6,success,1,0.022567,POSITIVE
technician,married,illiterate,unknown,unknown,unknown,telephone,apr,fri,-1,4754,46,42,4,nonexistent,0,-0.051798,NEGATIVE
technician,married,illiterate,unknown,unknown,unknown,telephone,apr,fri,-1,4754,46,42,4,nonexistent,1,0.000139,POSITIVE
student,married,high.school,unknown,unknown,unknown,telephone,apr,thu,-1,4708,45,39,3,nonexistent,0,-0.047081,NEGATIVE
student,married,high.school,unknown,unknown,unknown,telephone,apr,thu,-1,4708,45,39,3,nonexistent,1,0.004855,POSITIVE
technician,single,professional.course,unknown,unknown,unknown,telephone,nov,(null),0,4828,46,29,6,success,0,-0.044076,NEGATIVE
technician,single,professional.course,unknown,unknown,unknown,telephone,nov,(null),0,4828,46,29,6,success,1,0.007861,POSITIVE
technician,single,professional.course,unknown,unknown,unknown,telephone,nov,(null),0,4828,46,13,6,success,0,-0.045093,NEGATIVE
technician,single,professional.course,unknown,unknown,unknown,telephone,nov,(null),0,4828,46,13,6,success,1,0.006843,POSITIVE
blue-collar,divorced,basic.6y,no,no,no,cellular,jul,tue,-3,4774,44,49,0,failure,0,-0.030983,NEGATIVE
blue-collar,divorced,basic.6y,no,no,no,cellular,jul,tue,-3,4774,44,49,0,failure,1,0.020953,POSITIVE
blue-collar,divorced,basic.6y,no,no,no,cellular,jul,tue,-3,4774,44,33,0,failure,0,-0.031994,NEGATIVE
blue-collar,divorced,basic.6y,no,no,no,cellular,jul,tue,-3,4774,44,33,0,failure,1,0.019942,POSITIVE
housemaid,married,basic.9y,no,no,no,cellular,aug,wed,-2,4712,44,52,2,nonexistent,0,-0.034920,NEGATIVE
housemaid,married,basic.9y,no,no,no,cellular,aug,wed,-2,4712,44,52,2,nonexistent,1,0.017018,POSITIVE
housemaid,married,basic.9y,no,no,no,cellular,aug,wed,-2,4712,44,36,2,nonexistent,0,-0.035917,NEGATIVE
housemaid,married,basic.9y,no,no,no,cellular,aug,wed,-2,4712,44,36,2,nonexistent,1,0.016019,POSITIVE
admin.,divorced,basic.4y,no,no,no,cellular,jan,mon,-3,4728,44,48,0,failure,0,-0.026491,NEGATIVE
admin.,divorced,basic.4y,no,no,no,cellular,jan,mon,-3,4728,44,48,0,failure,1,0.030942,POSITIVE
blue-collar,divorced,basic.6y,no,no,no,cellular,jan,tue,-3,4692,44,49,0,failure,0,-0.040714,NEGATIVE
blue-collar,divorced,basic.6y,no,no,no,cellular,jan,tue,-3,4692,44,49,0,failure,1,0.011223,POSITIVE
admin.,divorced,basic.4y,no,no,no,cellular,jan,mon,-3,4728,44,32,0,failure,0,-0.008647,NEGATIVE
admin.,divorced,basic.4y,no,no,no,cellular,jan,mon,-3,4728,44,32,0,failure,1,0.048786,POSITIVE
blue-collar,divorced,basic.6y,no,no,no,cellular,jan,tue,-3,4692,44,33,0,failure,0,-0.030422,NEGATIVE
blue-collar,divorced,basic.6y,no,no,no,cellular,jan,tue,-3,4692,44,33,0,failure,1,0.027009,POSITIVE
blue-collar,divorced,basic.6y,no,no,no,cellular,jul,tue,-3,4774,44,17,0,failure,0,-0.028120,NEGATIVE
blue-collar,divorced,basic.6y,no,no,no,cellular,jul,tue,-3,4774,44,17,0,failure,1,0.029313,POSITIVE
blue-collar,divorced,basic.6y,no,no,no,cellular,jul,tue,-3,4774,44,1,0,failure,0,-0.010276,NEGATIVE
blue-collar,divorced,basic.6y,no,no,no,cellular,jul,tue,-3,4774,44,1,0,failure,1,0.047157,POSITIVE
housemaid,married,basic.9y,no,no,no,cellular,aug,wed,-2,4712,44,20,2,nonexistent,0,-0.036935,NEGATIVE
housemaid,married,basic.9y,no,no,no,cellular,aug,wed,-2,4712,44,20,2,nonexistent,1,0.015002,POSITIVE
entrepreneur,divorced,basic.6y,no,no,no,cellular,aug,tue,-3,4735,44,2,1,failure,0,-0.038544,NEGATIVE
entrepreneur,divorced,basic.6y,no,no,no,cellular,aug,tue,-3,4735,44,2,1,failure,1,0.018886,POSITIVE
management,married,basic.9y,no,no,no,cellular,sep,wed,-2,4704,44,5,2,nonexistent,0,-0.007054,NEGATIVE
management,married,basic.9y,no,no,no,cellular,sep,wed,-2,4704,44,5,2,nonexistent,1,0.044883,POSITIVE
blue-collar,divorced,basic.6y,no,no,no,cellular,jan,tue,-3,4692,44,17,0,failure,0,-0.012579,NEGATIVE
blue-collar,divorced,basic.6y,no,no,no,cellular,jan,tue,-3,4692,44,17,0,failure,1,0.044853,POSITIVE
technician,single,professional.course,unknown,unknown,unknown,telephone,may,(null),0,4680,45,43,5,success,0,-0.035009,NEGATIVE
technician,single,professional.course,unknown,unknown,unknown,telephone,may,(null),0,4680,45,43,5,success,1,0.015859,POSITIVE
technician,single,professional.course,unknown,unknown,unknown,telephone,may,(null),0,4680,45,27,5,success,0,-0.029683,NEGATIVE
technician,single,professional.course,unknown,unknown,unknown,telephone,may,(null),0,4680,45,27,5,success,1,0.022253,POSITIVE
student,single,professional.course,unknown,unknown,unknown,telephone,may,(null),0,4680,45,11,5,success,0,-0.045636,NEGATIVE
student,single,professional.course,unknown,unknown,unknown,telephone,may,(null),0,4680,45,11,5,success,1,0.006301,POSITIVE
self-employed,married,illiterate,unknown,unknown,unknown,telephone,oct,fri,-1,4657,44,56,4,nonexistent,0,-0.022490,NEGATIVE
self-employed,married,illiterate,unknown,unknown,unknown,telephone,oct,fri,-1,4657,44,56,4,nonexistent,1,0.029900,POSITIVE
admin.,divorced,basic.4y,no,no,no,cellular,oct,mon,-3,4611,42,48,0,failure,0,-0.046145,NEGATIVE
admin.,divorced,basic.4y,no,no,no,cellular,oct,mon,-3,4611,42,48,0,failure,1,0.005790,POSITIVE
retired,married,high.school,unknown,unknown,unknown,telephone,oct,thu,-1,4649,44,39,3,nonexistent,0,-0.039841,NEGATIVE
retired,married,high.school,unknown,unknown,unknown,telephone,oct,thu,-1,4649,44,39,3,nonexistent,1,0.012096,POSITIVE
entrepreneur,divorced,basic.6y,no,no,no,cellular,feb,tue,-3,4657,44,50,1,failure,0,-0.048158,NEGATIVE
entrepreneur,divorced,basic.6y,no,no,no,cellular,feb,tue,-3,4657,44,50,1,failure,1,0.003777,POSITIVE
services,divorced,basic.6y,no,no,no,cellular,feb,tue,-3,4618,44,50,1,failure,0,-0.043188,NEGATIVE
services,divorced,basic.6y,no,no,no,cellular,feb,tue,-3,4618,44,50,1,failure,1,0.008750,POSITIVE
entrepreneur,married,basic.9y,no,no,no,cellular,mar,wed,-2,4626,44,53,2,nonexistent,0,-0.033172,NEGATIVE
entrepreneur,married,basic.9y,no,no,no,cellular,mar,wed,-2,4626,44,53,2,nonexistent,1,0.018765,POSITIVE
entrepreneur,divorced,basic.6y,no,no,no,cellular,feb,tue,-3,4657,44,34,1,failure,0,-0.049164,NEGATIVE
entrepreneur,divorced,basic.6y,no,no,no,cellular,feb,tue,-3,4657,44,34,1,failure,1,0.005234,POSITIVE
services,divorced,basic.6y,no,no,no,cellular,feb,tue,-3,4618,44,34,1,failure,0,-0.044192,NEGATIVE
services,divorced,basic.6y,no,no,no,cellular,feb,tue,-3,4618,44,34,1,failure,1,0.007744,POSITIVE
entrepreneur,married,basic.9y,no,no,no,cellular,mar,wed,-2,4626,44,37,2,nonexistent,0,-0.034164,NEGATIVE
entrepreneur,married,basic.9y,no,no,no,cellular,mar,wed,-2,4626,44,37,2,nonexistent,1,0.017773,POSITIVE
housemaid,married,basic.9y,no,no,no,cellular,aug,wed,-2,4556,42,40,2,nonexistent,0,-0.038158,NEGATIVE
housemaid,married,basic.9y,no,no,no,cellular,aug,wed,-2,4556,42,40,2,nonexistent,1,0.013780,POSITIVE
student,married,basic.9y,no,no,no,cellular,mar,wed,-2,4587,44,53,2,nonexistent,0,-0.020882,NEGATIVE
student,married,basic.9y,no,no,no,cellular,mar,wed,-2,4587,44,53,2,nonexistent,1,0.029986,POSITIVE
housemaid,married,high.school,unknown,unknown,unknown,telephone,apr,thu,-1,4591,44,55,3,nonexistent,0,-0.046839,NEGATIVE
housemaid,married,high.school,unknown,unknown,unknown,telephone,apr,thu,-1,4591,44,55,3,nonexistent,1,0.005098,POSITIVE
student,married,illiterate,unknown,unknown,unknown,telephone,apr,fri,-1,4555,44,56,4,nonexistent,0,-0.025823,NEGATIVE
student,married,illiterate,unknown,unknown,unknown,telephone,apr,fri,-1,4555,44,56,4,nonexistent,1,0.025045,POSITIVE
housemaid,married,illiterate,unknown,unknown,unknown,telephone,apr,fri,-1,4559,44,57,4,nonexistent,0,-0.041464,NEGATIVE
housemaid,married,illiterate,unknown,unknown,unknown,telephone,apr,fri,-1,4559,44,57,4,nonexistent,1,0.009404,POSITIVE
student,married,basic.9y,no,no,no,cellular,mar,wed,-2,4587,44,37,2,nonexistent,0,-0.019236,NEGATIVE
student,married,basic.9y,no,no,no,cellular,mar,wed,-2,4587,44,37,2,nonexistent,1,0.032701,POSITIVE
housemaid,married,high.school,unknown,unknown,unknown,telephone,apr,thu,-1,4591,44,39,3,nonexistent,0,-0.047825,NEGATIVE
housemaid,married,high.school,unknown,unknown,unknown,telephone,apr,thu,-1,4591,44,39,3,nonexistent,1,0.004112,POSITIVE
student,married,high.school,unknown,unknown,unknown,telephone,apr,thu,-1,4552,44,39,3,nonexistent,0,-0.034141,NEGATIVE
student,married,high.school,unknown,unknown,unknown,telephone,apr,thu,-1,4552,44,39,3,nonexistent,1,0.017797,POSITIVE
housemaid,married,illiterate,unknown,unknown,unknown,telephone,apr,fri,-1,4559,44,42,4,nonexistent,0,-0.020379,NEGATIVE
housemaid,married,illiterate,unknown,unknown,unknown,telephone,apr,fri,-1,4559,44,42,4,nonexistent,1,0.031557,POSITIVE
retired,married,high.school,unknown,unknown,unknown,telephone,oct,thu,-1,4649,44,23,3,nonexistent,0,-0.040858,NEGATIVE
retired,married,high.school,unknown,unknown,unknown,telephone,oct,thu,-1,4649,44,23,3,nonexistent,1,0.011078,POSITIVE
entrepreneur,divorced,basic.6y,no,no,no,cellular,feb,tue,-3,4657,44,18,1,failure,0,-0.034354,NEGATIVE
entrepreneur,divorced,basic.6y,no,no,no,cellular,feb,tue,-3,4657,44,18,1,failure,1,0.023078,POSITIVE
housemaid,married,basic.9y,no,no,no,cellular,feb,wed,-2,4622,44,20,2,nonexistent,0,-0.056129,NEGATIVE
housemaid,married,basic.9y,no,no,no,cellular,feb,wed,-2,4622,44,20,2,nonexistent,1,0.001303,POSITIVE
retired,married,high.school,unknown,unknown,unknown,telephone,oct,thu,-1,4669,44,7,3,nonexistent,0,-0.014492,NEGATIVE
retired,married,high.school,unknown,unknown,unknown,telephone,oct,thu,-1,4669,44,7,3,nonexistent,1,0.037445,POSITIVE
self-employed,married,illiterate,unknown,unknown,unknown,telephone,oct,fri,-1,4633,44,8,4,nonexistent,0,-0.021930,NEGATIVE
self-employed,married,illiterate,unknown,unknown,unknown,telephone,oct,fri,-1,4633,44,8,4,nonexistent,1,0.030007,POSITIVE
entrepreneur,divorced,basic.6y,no,no,no,cellular,feb,tue,-3,4657,44,2,1,failure,0,-0.016510,NEGATIVE
entrepreneur,divorced,basic.6y,no,no,no,cellular,feb,tue,-3,4657,44,2,1,failure,1,0.040921,POSITIVE
admin.,divorced,basic.4y,no,no,no,cellular,jan,mon,-3,4611,44,0,0,failure,0,-0.014496,NEGATIVE
admin.,divorced,basic.4y,no,no,no,cellular,jan,mon,-3,4611,44,0,0,failure,1,0.011269,POSITIVE
housemaid,married,basic.9y,no,no,no,cellular,aug,wed,-2,4556,42,9,2,nonexistent,0,-0.040173,NEGATIVE
housemaid,married,basic.9y,no,no,no,cellular,aug,wed,-2,4556,42,9,2,nonexistent,1,0.011764,POSITIVE
retired,married,high.school,unknown,unknown,unknown,telephone,apr,thu,-1,4591,44,23,3,nonexistent,0,-0.017729,NEGATIVE
retired,married,high.school,unknown,unknown,unknown,telephone,apr,thu,-1,4591,44,23,3,nonexistent,1,0.034209,POSITIVE
self-employed,married,illiterate,unknown,unknown,unknown,telephone,apr,fri,-1,4555,44,24,4,nonexistent,0,-0.025167,NEGATIVE
self-employed,married,illiterate,unknown,unknown,unknown,telephone,apr,fri,-1,4555,44,24,4,nonexistent,1,0.026770,POSITIVE
retired,married,high.school,unknown,unknown,unknown,telephone,apr,thu,-1,4591,44,7,3,nonexistent,0,-0.016885,NEGATIVE
retired,married,high.school,unknown,unknown,unknown,telephone,apr,thu,-1,4591,44,7,3,nonexistent,1,0.040548,POSITIVE
self-employed,married,illiterate,unknown,unknown,unknown,telephone,apr,fri,-1,4555,44,8,4,nonexistent,0,-0.026184,NEGATIVE
self-employed,married,illiterate,unknown,unknown,unknown,telephone,apr,fri,-1,4555,44,8,4,nonexistent,1,0.025753,POSITIVE
retired,married,high.school,unknown,unknown,unknown,telephone,jul,thu,-1,4493,43,47,3,nonexistent,0,-0.051119,NEGATIVE
retired,married,high.school,unknown,unknown,unknown,telephone,jul,thu,-1,4493,43,47,3,nonexistent,1,0.000818,POSITIVE
blue-collar,divorced,basic.6y,no,no,no,cellular,jul,tue,-3,4462,41,49,0,failure,0,-0.005100,NEGATIVE
blue-collar,divorced,basic.6y,no,no,no,cellular,jul,tue,-3,4462,41,49,0,failure,1,0.046835,POSITIVE
blue-collar,divorced,basic.6y,no,no,no,cellular,jul,tue,-3,4462,41,33,0,failure,0,-0.006112,NEGATIVE
blue-collar,divorced,basic.6y,no,no,no,cellular,jul,tue,-3,4462,41,33,0,failure,1,0.045824,POSITIVE
self-employed,married,illiterate,unknown,unknown,unknown,telephone,aug,fri,-1,4422,41,56,4,nonexistent,0,-0.003591,NEGATIVE
self-employed,married,illiterate,unknown,unknown,unknown,telephone,aug,fri,-1,4422,41,56,4,nonexistent,1,0.047276,POSITIVE
services,married,illiterate,unknown,unknown,unknown,telephone,sep,fri,-1,4430,42,42,4,nonexistent,0,-0.009964,NEGATIVE
services,married,illiterate,unknown,unknown,unknown,telephone,sep,fri,-1,4430,42,42,4,nonexistent,1,0.040904,POSITIVE
self-employed,married,illiterate,unknown,unknown,unknown,telephone,aug,fri,-1,4501,43,18,4,nonexistent,0,-0.041678,NEGATIVE
self-employed,married,illiterate,unknown,unknown,unknown,telephone,aug,fri,-1,4501,43,18,4,nonexistent,1,0.010258,POSITIVE
services,married,illiterate,unknown,unknown,unknown,telephone,oct,fri,-1,4442,42,28,4,nonexistent,0,-0.046191,NEGATIVE
services,married,illiterate,unknown,unknown,unknown,telephone,oct,fri,-1,4442,42,28,4,nonexistent,1,0.005746,POSITIVE
services,married,illiterate,unknown,unknown,unknown,telephone,oct,fri,-1,4442,42,20,4,nonexistent,0,-0.046701,NEGATIVE
services,married,illiterate,unknown,unknown,unknown,telephone,oct,fri,-1,4442,42,20,4,nonexistent,1,0.005237,POSITIVE
technician,single,professional.course,unknown,unknown,unknown,telephone,nov,(null),0,4411,42,30,6,success,0,-0.030099,NEGATIVE
technician,single,professional.course,unknown,unknown,unknown,telephone,nov,(null),0,4411,42,30,6,success,1,0.022290,POSITIVE
technician,single,professional.course,unknown,unknown,unknown,telephone,nov,(null),0,4411,42,22,6,success,0,-0.035635,NEGATIVE
technician,single,professional.course,unknown,unknown,unknown,telephone,nov,(null),0,4411,42,22,6,success,1,0.017823,POSITIVE
student,married,illiterate,unknown,unknown,unknown,telephone,oct,fri,-1,4438,42,8,4,nonexistent,0,-0.049355,NEGATIVE
student,married,illiterate,unknown,unknown,unknown,telephone,oct,fri,-1,4438,42,8,4,nonexistent,1,0.002582,POSITIVE
management,single,professional.course,unknown,unknown,unknown,telephone,nov,(null),0,4450,42,13,6,success,0,-0.039643,NEGATIVE
management,single,professional.course,unknown,unknown,unknown,telephone,nov,(null),0,4450,42,13,6,success,1,0.012294,POSITIVE
unemployed,single,professional.course,unknown,unknown,unknown,telephone,nov,(null),0,4411,42,13,6,success,0,-0.031078,NEGATIVE
unemployed,single,professional.course,unknown,unknown,unknown,telephone,nov,(null),0,4411,42,13,6,success,1,0.020859,POSITIVE
student,single,professional.course,unknown,unknown,unknown,telephone,may,(null),0,4438,43,24,5,success,0,-0.044378,NEGATIVE
student,single,professional.course,unknown,unknown,unknown,telephone,may,(null),0,4438,43,24,5,success,1,0.007559,POSITIVE
admin.,divorced,basic.4y,no,no,no,cellular,jul,mon,-3,4455,41,16,0,failure,0,-0.054064,NEGATIVE
admin.,divorced,basic.4y,no,no,no,cellular,jul,mon,-3,4455,41,16,0,failure,1,0.003369,POSITIVE
admin.,divorced,basic.4y,no,no,no,cellular,jul,mon,-3,4455,41,0,0,failure,0,-0.036219,NEGATIVE
admin.,divorced,basic.4y,no,no,no,cellular,jul,mon,-3,4455,41,0,0,failure,1,0.021213,POSITIVE
housemaid,married,basic.9y,no,no,no,cellular,aug,wed,-2,4399,41,20,2,nonexistent,0,-0.012037,NEGATIVE
housemaid,married,basic.9y,no,no,no,cellular,aug,wed,-2,4399,41,20,2,nonexistent,1,0.039901,POSITIVE
admin.,divorced,basic.4y,no,no,no,cellular,jan,mon,-3,4376,41,24,0,failure,0,-0.008776,NEGATIVE
admin.,divorced,basic.4y,no,no,no,cellular,jan,mon,-3,4376,41,24,0,failure,1,0.014816,POSITIVE
entrepreneur,divorced,basic.6y,no,no,no,cellular,aug,tue,-3,4423,41,2,1,failure,0,-0.014817,NEGATIVE
entrepreneur,divorced,basic.6y,no,no,no,cellular,aug,tue,-3,4423,41,2,1,failure,1,0.042614,POSITIVE
housemaid,married,basic.9y,no,no,no,cellular,aug,wed,-2,4387,41,4,2,nonexistent,0,-0.029485,NEGATIVE
housemaid,married,basic.9y,no,no,no,cellular,aug,wed,-2,4387,41,4,2,nonexistent,1,0.022452,POSITIVE
admin.,divorced,basic.4y,no,no,no,cellular,jul,mon,-3,4298,39,110,0,failure,0,-0.028083,NEGATIVE
admin.,divorced,basic.4y,no,no,no,cellular,jul,mon,-3,4298,39,110,0,failure,1,0.027366,POSITIVE
blue-collar,divorced,basic.6y,no,no,no,cellular,jan,tue,-3,4235,39,111,0,failure,0,-0.013675,NEGATIVE
blue-collar,divorced,basic.6y,no,no,no,cellular,jan,tue,-3,4235,39,111,0,failure,1,0.041774,POSITIVE
entrepreneur,divorced,basic.6y,no,no,no,cellular,mar,tue,-3,4313,39,96,1,failure,0,-0.044200,NEGATIVE
entrepreneur,divorced,basic.6y,no,no,no,cellular,mar,tue,-3,4313,39,96,1,failure,1,0.010032,POSITIVE
blue-collar,divorced,basic.6y,no,no,no,cellular,jan,tue,-3,4227,39,95,0,failure,0,-0.049685,NEGATIVE
blue-collar,divorced,basic.6y,no,no,no,cellular,jan,tue,-3,4227,39,95,0,failure,1,0.001184,POSITIVE
management,married,basic.9y,no,no,no,cellular,mar,wed,-2,4172,39,96,2,nonexistent,0,-0.014960,NEGATIVE
management,married,basic.9y,no,no,no,cellular,mar,wed,-2,4172,39,96,2,nonexistent,1,0.040491,POSITIVE
admin.,divorced,basic.4y,no,no,no,cellular,jul,mon,-3,4298,39,79,0,failure,0,-0.019694,NEGATIVE
admin.,divorced,basic.4y,no,no,no,cellular,jul,mon,-3,4298,39,79,0,failure,1,0.031175,POSITIVE
housemaid,married,basic.9y,no,no,no,cellular,feb,wed,-2,4321,40,83,2,nonexistent,0,-0.015991,NEGATIVE
housemaid,married,basic.9y,no,no,no,cellular,feb,wed,-2,4321,40,83,2,nonexistent,1,0.034877,POSITIVE
admin.,divorced,basic.4y,no,no,no,cellular,jan,mon,-3,4220,39,79,0,failure,0,-0.006302,NEGATIVE
admin.,divorced,basic.4y,no,no,no,cellular,jan,mon,-3,4220,39,79,0,failure,1,0.044567,POSITIVE
housemaid,married,basic.9y,no,no,no,cellular,apr,wed,-2,4321,40,67,2,nonexistent,0,-0.004755,NEGATIVE
housemaid,married,basic.9y,no,no,no,cellular,apr,wed,-2,4321,40,67,2,nonexistent,1,0.046113,POSITIVE
blue-collar,divorced,basic.6y,no,no,no,cellular,feb,tue,-3,4227,39,64,0,failure,0,-0.010874,NEGATIVE
blue-collar,divorced,basic.6y,no,no,no,cellular,feb,tue,-3,4227,39,64,0,failure,1,0.039994,POSITIVE
management,married,basic.9y,no,no,no,cellular,mar,wed,-2,4172,39,89,2,nonexistent,0,-0.040059,NEGATIVE
management,married,basic.9y,no,no,no,cellular,mar,wed,-2,4172,39,89,2,nonexistent,1,0.015390,POSITIVE
self-employed,married,illiterate,unknown,unknown,unknown,telephone,apr,fri,-1,4188,40,83,4,nonexistent,0,-0.050605,NEGATIVE
self-employed,married,illiterate,unknown,unknown,unknown,telephone,apr,fri,-1,4188,40,83,4,nonexistent,1,0.001785,POSITIVE
self-employed,married,illiterate,unknown,unknown,unknown,telephone,oct,fri,-1,4188,39,67,4,nonexistent,0,-0.043885,NEGATIVE
self-employed,married,illiterate,unknown,unknown,unknown,telephone,oct,fri,-1,4188,39,67,4,nonexistent,1,0.013192,POSITIVE
retired,married,high.school,unknown,unknown,unknown,telephone,apr,thu,-1,4180,40,70,3,nonexistent,0,-0.046454,NEGATIVE
retired,married,high.school,unknown,unknown,unknown,telephone,apr,thu,-1,4180,40,70,3,nonexistent,1,0.005936,POSITIVE
student,married,illiterate,unknown,unknown,unknown,telephone,apr,fri,-1,4110,39,75,4,nonexistent,0,-0.027302,NEGATIVE
student,married,illiterate,unknown,unknown,unknown,telephone,apr,fri,-1,4110,39,75,4,nonexistent,1,0.025087,POSITIVE
management,single,professional.course,unknown,unknown,unknown,telephone,may,(null),0,4125,39,76,5,success,0,-0.027289,NEGATIVE
management,single,professional.course,unknown,unknown,unknown,telephone,may,(null),0,4125,39,76,5,success,1,0.025100,POSITIVE
self-employed,married,illiterate,unknown,unknown,unknown,telephone,apr,fri,-1,4110,39,67,4,nonexistent,0,-0.037684,NEGATIVE
self-employed,married,illiterate,unknown,unknown,unknown,telephone,apr,fri,-1,4110,39,67,4,nonexistent,1,0.014706,POSITIVE
self-employed,married,illiterate,unknown,unknown,unknown,telephone,oct,fri,-1,4344,35,118,4,nonexistent,0,-0.027066,NEGATIVE
self-employed,married,illiterate,unknown,unknown,unknown,telephone,oct,fri,-1,4344,35,118,4,nonexistent,1,0.022821,POSITIVE
services,married,illiterate,unknown,unknown,unknown,telephone,apr,fri,-1,4351,37,122,4,nonexistent,0,-0.004287,NEGATIVE
services,married,illiterate,unknown,unknown,unknown,telephone,apr,fri,-1,4351,37,122,4,nonexistent,1,0.045601,POSITIVE
retired,married,high.school,unknown,unknown,unknown,telephone,oct,thu,-1,4258,35,117,3,nonexistent,0,-0.011814,NEGATIVE
retired,married,high.school,unknown,unknown,unknown,telephone,oct,thu,-1,4258,35,117,3,nonexistent,1,0.038072,POSITIVE
self-employed,married,illiterate,unknown,unknown,unknown,telephone,apr,fri,-1,4266,37,118,4,nonexistent,0,-0.000202,NEGATIVE
self-employed,married,illiterate,unknown,unknown,unknown,telephone,apr,fri,-1,4266,37,118,4,nonexistent,1,0.049687,POSITIVE
services,married,basic.9y,no,no,no,cellular,aug,wed,-2,4321,38,104,2,nonexistent,0,-0.022463,NEGATIVE
services,married,basic.9y,no,no,no,cellular,aug,wed,-2,4321,38,104,2,nonexistent,1,0.027424,POSITIVE
technician,single,professional.course,unknown,unknown,unknown,telephone,sep,(null),0,4367,38,100,6,success,0,-0.018547,NEGATIVE
technician,single,professional.course,unknown,unknown,unknown,telephone,sep,(null),0,4367,38,100,6,success,1,0.031342,POSITIVE
technician,single,professional.course,unknown,unknown,unknown,telephone,dec,(null),0,4367,36,100,6,success,0,-0.025976,NEGATIVE
technician,single,professional.course,unknown,unknown,unknown,telephone,dec,(null),0,4367,36,100,6,success,1,0.023911,POSITIVE
admin.,divorced,basic.4y,no,no,no,cellular,jul,mon,-3,4220,38,102,0,failure,0,-0.001723,NEGATIVE
admin.,divorced,basic.4y,no,no,no,cellular,jul,mon,-3,4220,38,102,0,failure,1,0.053726,POSITIVE
admin.,divorced,basic.4y,no,no,no,cellular,jul,mon,-3,4220,38,94,0,failure,0,-0.022405,NEGATIVE
admin.,divorced,basic.4y,no,no,no,cellular,jul,mon,-3,4220,38,94,0,failure,1,0.031025,POSITIVE
technician,single,professional.course,unknown,unknown,unknown,telephone,dec,(null),0,4289,35,108,6,success,0,-0.018316,NEGATIVE
technician,single,professional.course,unknown,unknown,unknown,telephone,dec,(null),0,4289,35,108,6,success,1,0.031571,POSITIVE
blue-collar,divorced,basic.6y,no,no,no,cellular,aug,tue,-3,4157,36,111,1,failure,0,-0.024600,NEGATIVE
blue-collar,divorced,basic.6y,no,no,no,cellular,aug,tue,-3,4157,36,111,1,failure,1,0.025287,POSITIVE
student,married,illiterate,unknown,unknown,unknown,telephone,oct,fri,-1,4188,34,114,4,nonexistent,0,-0.044702,NEGATIVE
student,married,illiterate,unknown,unknown,unknown,telephone,oct,fri,-1,4188,34,114,4,nonexistent,1,0.005185,POSITIVE
services,married,basic.9y,no,no,no,cellular,aug,wed,-2,4087,33,119,2,nonexistent,0,-0.027225,NEGATIVE
services,married,basic.9y,no,no,no,cellular,aug,wed,-2,4087,33,119,2,nonexistent,1,0.018540,POSITIVE
retired,married,high.school,unknown,unknown,unknown,telephone,oct,thu,-1,4102,34,113,3,nonexistent,0,-0.030069,NEGATIVE
retired,married,high.school,unknown,unknown,unknown,telephone,oct,thu,-1,4102,34,113,3,nonexistent,1,0.019817,POSITIVE
management,married,basic.9y,no,no,no,cellular,mar,wed,-2,4172,36,120,2,nonexistent,0,-0.042489,NEGATIVE
management,married,basic.9y,no,no,no,cellular,mar,wed,-2,4172,36,120,2,nonexistent,1,0.007396,POSITIVE
services,married,basic.9y,no,no,no,cellular,may,wed,-2,4165,36,112,2,nonexistent,0,-0.022230,NEGATIVE
services,married,basic.9y,no,no,no,cellular,may,wed,-2,4165,36,112,2,nonexistent,1,0.027658,POSITIVE
housemaid,married,illiterate,unknown,unknown,unknown,telephone,apr,fri,-1,4188,37,114,4,nonexistent,0,-0.008691,NEGATIVE
housemaid,married,illiterate,unknown,unknown,unknown,telephone,apr,fri,-1,4188,37,114,4,nonexistent,1,0.041198,POSITIVE
self-employed,divorced,basic.6y,no,no,no,cellular,jan,tue,-3,4071,36,118,0,failure,0,-0.030727,NEGATIVE
self-employed,divorced,basic.6y,no,no,no,cellular,jan,tue,-3,4071,36,118,0,failure,1,0.019164,POSITIVE
services,married,illiterate,unknown,unknown,unknown,telephone,apr,fri,-1,4117,34,122,4,nonexistent,0,-0.003946,NEGATIVE
services,married,illiterate,unknown,unknown,unknown,telephone,apr,fri,-1,4117,34,122,4,nonexistent,1,0.041816,POSITIVE
management,married,basic.9y,no,no,no,cellular,sep,wed,-2,4172,36,99,2,nonexistent,0,-0.006803,NEGATIVE
management,married,basic.9y,no,no,no,cellular,sep,wed,-2,4172,36,99,2,nonexistent,1,0.043083,POSITIVE
student,single,professional.course,unknown,unknown,unknown,telephone,nov,(null),0,4203,34,107,5,success,0,-0.031275,NEGATIVE
student,single,professional.course,unknown,unknown,unknown,telephone,nov,(null),0,4203,34,107,5,success,1,0.018612,POSITIVE
technician,single,professional.course,unknown,unknown,unknown,telephone,dec,(null),0,4211,35,100,6,success,0,-0.043535,NEGATIVE
technician,single,professional.course,unknown,unknown,unknown,telephone,dec,(null),0,4211,35,100,6,success,1,0.006356,POSITIVE
student,single,professional.course,unknown,unknown,unknown,telephone,may,(null),0,4203,36,105,5,success,0,-0.023856,NEGATIVE
student,single,professional.course,unknown,unknown,unknown,telephone,may,(null),0,4203,36,105,5,success,1,0.026030,POSITIVE
blue-collar,divorced,basic.6y,no,no,no,cellular,aug,tue,-3,4079,36,103,1,failure,0,-0.049820,NEGATIVE
blue-collar,divorced,basic.6y,no,no,no,cellular,aug,tue,-3,4079,36,103,1,failure,1,0.000068,POSITIVE
housemaid,married,illiterate,unknown,unknown,unknown,telephone,oct,fri,-1,4110,35,106,4,nonexistent,0,-0.048772,NEGATIVE
housemaid,married,illiterate,unknown,unknown,unknown,telephone,oct,fri,-1,4110,35,106,4,nonexistent,1,0.001117,POSITIVE
management,single,professional.course,unknown,unknown,unknown,telephone,nov,(null),0,4133,33,108,6,success,0,-0.027200,NEGATIVE
management,single,professional.course,unknown,unknown,unknown,telephone,nov,(null),0,4133,33,108,6,success,1,0.022688,POSITIVE
services,married,illiterate,unknown,unknown,unknown,telephone,oct,fri,-1,4117,35,98,4,nonexistent,0,-0.044791,NEGATIVE
services,married,illiterate,unknown,unknown,unknown,telephone,oct,fri,-1,4117,35,98,4,nonexistent,1,0.005097,POSITIVE
services,married,illiterate,unknown,unknown,unknown,telephone,apr,fri,-1,4117,36,104,4,nonexistent,0,-0.003876,NEGATIVE
services,married,illiterate,unknown,unknown,unknown,telephone,apr,fri,-1,4117,36,104,4,nonexistent,1,0.046012,POSITIVE
admin.,divorced,basic.4y,no,no,no,cellular,jul,mon,-3,4220,38,87,0,failure,0,-0.002633,NEGATIVE
admin.,divorced,basic.4y,no,no,no,cellular,jul,mon,-3,4220,38,87,0,failure,1,0.048236,POSITIVE
technician,single,professional.course,unknown,unknown,unknown,telephone,nov,(null),0,4289,36,92,6,success,0,-0.009466,NEGATIVE
technician,single,professional.course,unknown,unknown,unknown,telephone,nov,(null),0,4289,36,92,6,success,1,0.040422,POSITIVE
technician,single,professional.course,unknown,unknown,unknown,telephone,nov,(null),0,4289,37,85,6,success,0,-0.047693,NEGATIVE
technician,single,professional.course,unknown,unknown,unknown,telephone,nov,(null),0,4289,37,85,6,success,1,0.002194,POSITIVE
admin.,divorced,basic.4y,no,no,no,cellular,oct,mon,-3,4220,38,71,0,failure,0,-0.016963,NEGATIVE
admin.,divorced,basic.4y,no,no,no,cellular,oct,mon,-3,4220,38,71,0,failure,1,0.033905,POSITIVE
student,single,professional.course,unknown,unknown,unknown,telephone,oct,(null),0,4203,36,90,5,success,0,-0.019903,NEGATIVE
student,single,professional.course,unknown,unknown,unknown,telephone,oct,(null),0,4203,36,90,5,success,1,0.029986,POSITIVE
management,married,basic.9y,no,no,no,cellular,nov,wed,-2,4094,36,89,2,nonexistent,0,-0.021561,NEGATIVE
management,married,basic.9y,no,no,no,cellular,nov,wed,-2,4094,36,89,2,nonexistent,1,0.028325,POSITIVE
management,married,basic.9y,no,no,no,cellular,sep,wed,-2,4094,38,81,2,nonexistent,0,-0.048304,NEGATIVE
management,married,basic.9y,no,no,no,cellular,sep,wed,-2,4094,38,81,2,nonexistent,1,0.001581,POSITIVE
services,married,illiterate,unknown,unknown,unknown,telephone,oct,fri,-1,4117,36,83,4,nonexistent,0,-0.041846,NEGATIVE
services,married,illiterate,unknown,unknown,unknown,telephone,oct,fri,-1,4117,36,83,4,nonexistent,1,0.008041,POSITIVE
technician,single,professional.course,unknown,unknown,unknown,telephone,nov,(null),0,4133,35,92,6,success,0,-0.027022,NEGATIVE
technician,single,professional.course,unknown,unknown,unknown,telephone,nov,(null),0,4133,35,92,6,success,1,0.022866,POSITIVE
student,single,professional.course,unknown,unknown,unknown,telephone,may,(null),0,4125,37,91,5,success,0,-0.005190,NEGATIVE
student,single,professional.course,unknown,unknown,unknown,telephone,may,(null),0,4125,37,91,5,success,1,0.044696,POSITIVE
blue-collar,divorced,basic.6y,no,no,no,cellular,jan,tue,-3,4071,38,79,0,failure,0,-0.042077,NEGATIVE
blue-collar,divorced,basic.6y,no,no,no,cellular,jan,tue,-3,4071,38,79,0,failure,1,0.008791,POSITIVE
technician,single,professional.course,unknown,unknown,unknown,telephone,nov,(null),0,4211,37,76,6,success,0,-0.035073,NEGATIVE
technician,single,professional.course,unknown,unknown,unknown,telephone,nov,(null),0,4211,37,76,6,success,1,0.014815,POSITIVE
management,married,basic.9y,no,no,no,cellular,sep,wed,-2,4094,38,73,2,nonexistent,0,-0.009282,NEGATIVE
management,married,basic.9y,no,no,no,cellular,sep,wed,-2,4094,38,73,2,nonexistent,1,0.043108,POSITIVE
housemaid,married,basic.9y,no,no,no,cellular,aug,wed,-2,4087,38,65,2,nonexistent,0,-0.041824,NEGATIVE
housemaid,married,basic.9y,no,no,no,cellular,aug,wed,-2,4087,38,65,2,nonexistent,1,0.009044,POSITIVE
blue-collar,divorced,basic.6y,no,no,no,cellular,jan,tue,-3,4071,38,71,0,failure,0,-0.016066,NEGATIVE
blue-collar,divorced,basic.6y,no,no,no,cellular,jan,tue,-3,4071,38,71,0,failure,1,0.034802,POSITIVE
admin.,divorced,basic.4y,no,no,no,cellular,jan,mon,-3,4064,38,63,0,failure,0,-0.036723,NEGATIVE
admin.,divorced,basic.4y,no,no,no,cellular,jan,mon,-3,4064,38,63,0,failure,1,0.015213,POSITIVE
housemaid,married,basic.9y,no,no,no,cellular,aug,wed,-2,4009,33,114,2,nonexistent,0,-0.010871,NEGATIVE
housemaid,married,basic.9y,no,no,no,cellular,aug,wed,-2,4009,33,114,2,nonexistent,1,0.039016,POSITIVE
entrepreneur,divorced,basic.6y,no,no,no,cellular,feb,tue,-3,4001,36,112,1,failure,0,-0.034319,NEGATIVE
entrepreneur,divorced,basic.6y,no,no,no,cellular,feb,tue,-3,4001,36,112,1,failure,1,0.015567,POSITIVE
student,married,illiterate,unknown,unknown,unknown,telephone,feb,fri,-1,4032,34,121,4,nonexistent,0,-0.040553,NEGATIVE
student,married,illiterate,unknown,unknown,unknown,telephone,feb,fri,-1,4032,34,121,4,nonexistent,1,0.005210,POSITIVE
management,single,professional.course,unknown,unknown,unknown,telephone,mar,(null),0,4047,34,122,5,success,0,-0.027568,NEGATIVE
management,single,professional.course,unknown,unknown,unknown,telephone,mar,(null),0,4047,34,122,5,success,1,0.018195,POSITIVE
services,married,illiterate,unknown,unknown,unknown,telephone,apr,fri,-1,4039,34,114,4,nonexistent,0,-0.029463,NEGATIVE
services,married,illiterate,unknown,unknown,unknown,telephone,apr,fri,-1,4039,34,114,4,nonexistent,1,0.016297,POSITIVE
admin.,divorced,basic.4y,no,no,no,cellular,jan,mon,-3,3908,36,110,0,failure,0,-0.001529,NEGATIVE
admin.,divorced,basic.4y,no,no,no,cellular,jan,mon,-3,3908,36,110,0,failure,1,0.053923,POSITIVE
management,married,basic.9y,no,no,no,cellular,mar,wed,-2,3938,33,120,2,nonexistent,0,-0.028994,NEGATIVE
management,married,basic.9y,no,no,no,cellular,mar,wed,-2,3938,33,120,2,nonexistent,1,0.016768,POSITIVE
retired,married,high.school,unknown,unknown,unknown,telephone,jul,thu,-1,4024,35,101,3,nonexistent,0,-0.024909,NEGATIVE
retired,married,high.school,unknown,unknown,unknown,telephone,jul,thu,-1,4024,35,101,3,nonexistent,1,0.024981,POSITIVE
housemaid,married,basic.9y,no,no,no,cellular,aug,wed,-2,3931,34,98,2,nonexistent,0,-0.045936,NEGATIVE
housemaid,married,basic.9y,no,no,no,cellular,aug,wed,-2,3931,34,98,2,nonexistent,1,0.003948,POSITIVE
admin.,divorced,basic.4y,no,no,no,cellular,jan,mon,-3,3908,36,94,0,failure,0,-0.038698,NEGATIVE
admin.,divorced,basic.4y,no,no,no,cellular,jan,mon,-3,3908,36,94,0,failure,1,0.014731,POSITIVE
technician,single,professional.course,unknown,unknown,unknown,telephone,mar,(null),0,3969,34,107,5,success,0,-0.019798,NEGATIVE
technician,single,professional.course,unknown,unknown,unknown,telephone,mar,(null),0,3969,34,107,5,success,1,0.030087,POSITIVE
student,married,illiterate,unknown,unknown,unknown,telephone,oct,fri,-1,4032,31,121,4,nonexistent,0,-0.029904,NEGATIVE
student,married,illiterate,unknown,unknown,unknown,telephone,oct,fri,-1,4032,31,121,4,nonexistent,1,0.015857,POSITIVE
housemaid,married,illiterate,unknown,unknown,unknown,telephone,oct,fri,-1,4012,31,122,4,nonexistent,0,-0.023263,NEGATIVE
housemaid,married,illiterate,unknown,unknown,unknown,telephone,oct,fri,-1,4012,31,122,4,nonexistent,1,0.022498,POSITIVE
student,single,professional.course,unknown,unknown,unknown,telephone,nov,(null),0,4047,31,115,5,success,0,-0.010992,NEGATIVE
student,single,professional.course,unknown,unknown,unknown,telephone,nov,(null),0,4047,31,115,5,success,1,0.034770,POSITIVE
retired,married,high.school,unknown,unknown,unknown,telephone,oct,thu,-1,3946,31,121,3,nonexistent,0,-0.005088,NEGATIVE
retired,married,high.school,unknown,unknown,unknown,telephone,oct,thu,-1,3946,31,121,3,nonexistent,1,0.040672,POSITIVE
management,single,professional.course,unknown,unknown,unknown,telephone,may,(null),0,3942,31,123,6,success,0,-0.006866,NEGATIVE
management,single,professional.course,unknown,unknown,unknown,telephone,may,(null),0,3942,31,123,6,success,1,0.038898,POSITIVE
technician,single,professional.course,unknown,unknown,unknown,telephone,nov,(null),0,3977,31,107,5,success,0,-0.043204,NEGATIVE
technician,single,professional.course,unknown,unknown,unknown,telephone,nov,(null),0,3977,31,107,5,success,1,0.002558,POSITIVE
self-employed,divorced,basic.6y,no,no,no,cellular,jan,tue,-3,3837,33,118,0,failure,0,-0.023148,NEGATIVE
self-employed,divorced,basic.6y,no,no,no,cellular,jan,tue,-3,3837,33,118,0,failure,1,0.022614,POSITIVE
admin.,divorced,basic.6y,no,no,no,cellular,apr,tue,-3,3837,33,118,0,failure,0,-0.026477,NEGATIVE
admin.,divorced,basic.6y,no,no,no,cellular,apr,tue,-3,3837,33,118,0,failure,1,0.020578,POSITIVE
self-employed,divorced,basic.6y,no,no,no,cellular,apr,tue,-3,3837,33,110,0,failure,0,-0.039202,NEGATIVE
self-employed,divorced,basic.6y,no,no,no,cellular,apr,tue,-3,3837,33,110,0,failure,1,0.010687,POSITIVE
blue-collar,married,basic.9y,no,no,no,cellular,may,wed,-2,3853,33,112,2,nonexistent,0,-0.016545,NEGATIVE
blue-collar,married,basic.9y,no,no,no,cellular,may,wed,-2,3853,33,112,2,nonexistent,1,0.033343,POSITIVE
entrepreneur,divorced,basic.6y,no,no,no,cellular,feb,tue,-3,3766,33,112,1,failure,0,-0.002454,NEGATIVE
entrepreneur,divorced,basic.6y,no,no,no,cellular,feb,tue,-3,3766,33,112,1,failure,1,0.047430,POSITIVE
entrepreneur,divorced,basic.6y,no,no,no,cellular,aug,tue,-3,3845,33,96,1,failure,0,-0.025955,NEGATIVE
entrepreneur,divorced,basic.6y,no,no,no,cellular,aug,tue,-3,3845,33,96,1,failure,1,0.023931,POSITIVE
blue-collar,divorced,basic.6y,no,no,no,cellular,jul,tue,-3,3758,33,95,0,failure,0,-0.010635,NEGATIVE
blue-collar,divorced,basic.6y,no,no,no,cellular,jul,tue,-3,3758,33,95,0,failure,1,0.039255,POSITIVE
self-employed,married,illiterate,unknown,unknown,unknown,telephone,apr,fri,-1,3876,34,102,4,nonexistent,0,-0.043012,NEGATIVE
self-employed,married,illiterate,unknown,unknown,unknown,telephone,apr,fri,-1,3876,34,102,4,nonexistent,1,0.006876,POSITIVE
blue-collar,married,basic.9y,no,no,no,cellular,may,wed,-2,3774,33,104,2,nonexistent,0,-0.045386,NEGATIVE
blue-collar,married,basic.9y,no,no,no,cellular,may,wed,-2,3774,33,104,2,nonexistent,1,0.004502,POSITIVE
services,married,basic.9y,no,no,no,cellular,may,wed,-2,3774,33,96,2,nonexistent,0,-0.040282,NEGATIVE
services,married,basic.9y,no,no,no,cellular,may,wed,-2,3774,33,96,2,nonexistent,1,0.009605,POSITIVE
housemaid,married,illiterate,unknown,unknown,unknown,telephone,apr,fri,-1,3797,34,98,4,nonexistent,0,-0.025190,NEGATIVE
housemaid,married,illiterate,unknown,unknown,unknown,telephone,apr,fri,-1,3797,34,98,4,nonexistent,1,0.024699,POSITIVE
services,married,basic.9y,no,no,no,cellular,aug,wed,-2,3853,30,119,2,nonexistent,0,-0.042200,NEGATIVE
services,married,basic.9y,no,no,no,cellular,aug,wed,-2,3853,30,119,2,nonexistent,1,0.003562,POSITIVE
entrepreneur,married,basic.9y,no,no,no,cellular,sep,wed,-2,3860,30,120,2,nonexistent,0,-0.009248,NEGATIVE
entrepreneur,married,basic.9y,no,no,no,cellular,sep,wed,-2,3860,30,120,2,nonexistent,1,0.036514,POSITIVE
retired,married,high.school,unknown,unknown,unknown,telephone,oct,thu,-1,3868,31,113,3,nonexistent,0,-0.019742,NEGATIVE
retired,married,high.school,unknown,unknown,unknown,telephone,oct,thu,-1,3868,31,113,3,nonexistent,1,0.026021,POSITIVE
housemaid,married,basic.9y,no,no,no,cellular,aug,wed,-2,3774,30,114,2,nonexistent,0,-0.002752,NEGATIVE
housemaid,married,basic.9y,no,no,no,cellular,aug,wed,-2,3774,30,114,2,nonexistent,1,0.043008,POSITIVE
services,married,illiterate,unknown,unknown,unknown,telephone,apr,fri,-1,3860,31,119,4,nonexistent,0,-0.016794,NEGATIVE
services,married,illiterate,unknown,unknown,unknown,telephone,apr,fri,-1,3860,31,119,4,nonexistent,1,0.028967,POSITIVE
services,married,illiterate,unknown,unknown,unknown,telephone,oct,fri,-1,3805,28,122,4,nonexistent,0,-0.020555,NEGATIVE
services,married,illiterate,unknown,unknown,unknown,telephone,oct,fri,-1,3805,28,122,4,nonexistent,1,0.025207,POSITIVE
technician,married,illiterate,unknown,unknown,unknown,telephone,oct,fri,-1,3805,28,114,4,nonexistent,0,-0.004645,NEGATIVE
technician,married,illiterate,unknown,unknown,unknown,telephone,oct,fri,-1,3805,28,114,4,nonexistent,1,0.041118,POSITIVE
management,single,professional.course,unknown,unknown,unknown,telephone,nov,(null),0,3821,28,116,6,success,0,-0.020699,NEGATIVE
management,single,professional.course,unknown,unknown,unknown,telephone,nov,(null),0,3821,28,116,6,success,1,0.025064,POSITIVE
services,married,illiterate,unknown,unknown,unknown,telephone,oct,fri,-1,3883,31,104,4,nonexistent,0,-0.024294,NEGATIVE
services,married,illiterate,unknown,unknown,unknown,telephone,oct,fri,-1,3883,31,104,4,nonexistent,1,0.025593,POSITIVE
retired,married,high.school,unknown,unknown,unknown,telephone,oct,thu,-1,3790,31,105,3,nonexistent,0,-0.021870,NEGATIVE
retired,married,high.school,unknown,unknown,unknown,telephone,oct,thu,-1,3790,31,105,3,nonexistent,1,0.028015,POSITIVE
management,single,professional.course,unknown,unknown,unknown,telephone,may,(null),0,3786,31,108,6,success,0,-0.031280,NEGATIVE
management,single,professional.course,unknown,unknown,unknown,telephone,may,(null),0,3786,31,108,6,success,1,0.014478,POSITIVE
admin.,divorced,basic.4y,no,no,no,cellular,jul,mon,-3,3986,36,79,0,failure,0,-0.009793,NEGATIVE
admin.,divorced,basic.4y,no,no,no,cellular,jul,mon,-3,3986,36,79,0,failure,1,0.041076,POSITIVE
student,single,professional.course,unknown,unknown,unknown,telephone,nov,(null),0,4047,34,90,5,success,0,-0.015495,NEGATIVE
student,single,professional.course,unknown,unknown,unknown,telephone,nov,(null),0,4047,34,90,5,success,1,0.034395,POSITIVE
services,married,illiterate,unknown,unknown,unknown,telephone,apr,fri,-1,4039,37,88,4,nonexistent,0,-0.038942,NEGATIVE
services,married,illiterate,unknown,unknown,unknown,telephone,apr,fri,-1,4039,37,88,4,nonexistent,1,0.010947,POSITIVE
housemaid,married,basic.9y,no,no,no,cellular,aug,wed,-2,3931,36,81,2,nonexistent,0,-0.023717,NEGATIVE
housemaid,married,basic.9y,no,no,no,cellular,aug,wed,-2,3931,36,81,2,nonexistent,1,0.031733,POSITIVE
technician,married,illiterate,unknown,unknown,unknown,telephone,oct,fri,-1,3961,34,83,4,nonexistent,0,-0.011040,NEGATIVE
technician,married,illiterate,unknown,unknown,unknown,telephone,oct,fri,-1,3961,34,83,4,nonexistent,1,0.038846,POSITIVE
admin.,divorced,basic.4y,no,no,no,cellular,jan,mon,-3,3908,36,87,0,failure,0,-0.022412,NEGATIVE
admin.,divorced,basic.4y,no,no,no,cellular,jan,mon,-3,3908,36,87,0,failure,1,0.028455,POSITIVE
technician,married,illiterate,unknown,unknown,unknown,telephone,apr,fri,-1,3961,36,83,4,nonexistent,0,-0.037740,NEGATIVE
technician,married,illiterate,unknown,unknown,unknown,telephone,apr,fri,-1,3961,36,83,4,nonexistent,1,0.012149,POSITIVE
admin.,divorced,basic.4y,no,no,no,cellular,oct,mon,-3,3986,36,71,0,failure,0,-0.050135,NEGATIVE
admin.,divorced,basic.4y,no,no,no,cellular,oct,mon,-3,3986,36,71,0,failure,1,0.000734,POSITIVE
services,married,illiterate,unknown,unknown,unknown,telephone,oct,fri,-1,4039,37,67,4,nonexistent,0,-0.030698,NEGATIVE
services,married,illiterate,unknown,unknown,unknown,telephone,oct,fri,-1,4039,37,67,4,nonexistent,1,0.026383,POSITIVE
services,married,basic.9y,no,no,no,cellular,feb,wed,-2,4009,38,73,2,nonexistent,0,-0.020369,NEGATIVE
services,married,basic.9y,no,no,no,cellular,feb,wed,-2,4009,38,73,2,nonexistent,1,0.030778,POSITIVE
entrepreneur,married,basic.9y,no,no,no,cellular,mar,wed,-2,4016,38,73,2,nonexistent,0,-0.030202,NEGATIVE
entrepreneur,married,basic.9y,no,no,no,cellular,mar,wed,-2,4016,38,73,2,nonexistent,1,0.020666,POSITIVE
housemaid,married,basic.9y,no,no,no,cellular,feb,wed,-2,4009,38,65,2,nonexistent,0,-0.028432,NEGATIVE
housemaid,married,basic.9y,no,no,no,cellular,feb,wed,-2,4009,38,65,2,nonexistent,1,0.022436,POSITIVE
management,married,basic.9y,no,no,no,cellular,sep,wed,-2,3938,36,68,2,nonexistent,0,-0.036141,NEGATIVE
management,married,basic.9y,no,no,no,cellular,sep,wed,-2,3938,36,68,2,nonexistent,1,0.016249,POSITIVE
technician,single,professional.course,unknown,unknown,unknown,telephone,nov,(null),0,3977,34,77,6,success,0,-0.036906,NEGATIVE
technician,single,professional.course,unknown,unknown,unknown,telephone,nov,(null),0,3977,34,77,6,success,1,0.012981,POSITIVE
student,single,professional.course,unknown,unknown,unknown,telephone,may,(null),0,3969,37,74,5,success,0,-0.017788,NEGATIVE
student,single,professional.course,unknown,unknown,unknown,telephone,may,(null),0,3969,37,74,5,success,1,0.032100,POSITIVE
blue-collar,divorced,basic.6y,no,no,no,cellular,jul,tue,-3,3837,35,87,0,failure,0,-0.028639,NEGATIVE
blue-collar,divorced,basic.6y,no,no,no,cellular,jul,tue,-3,3837,35,87,0,failure,1,0.026811,POSITIVE
services,married,illiterate,unknown,unknown,unknown,telephone,aug,fri,-1,3883,33,91,4,nonexistent,0,-0.025900,NEGATIVE
services,married,illiterate,unknown,unknown,unknown,telephone,aug,fri,-1,3883,33,91,4,nonexistent,1,0.023986,POSITIVE
self-employed,married,illiterate,unknown,unknown,unknown,telephone,oct,fri,-1,3876,34,83,4,nonexistent,0,-0.035704,NEGATIVE
self-employed,married,illiterate,unknown,unknown,unknown,telephone,oct,fri,-1,3876,34,83,4,nonexistent,1,0.014186,POSITIVE
housemaid,married,basic.9y,no,no,no,cellular,feb,wed,-2,3853,36,88,2,nonexistent,0,-0.030547,NEGATIVE
housemaid,married,basic.9y,no,no,no,cellular,feb,wed,-2,3853,36,88,2,nonexistent,1,0.024903,POSITIVE
services,married,basic.9y,no,no,no,cellular,feb,wed,-2,3853,36,81,2,nonexistent,0,-0.035861,NEGATIVE
services,married,basic.9y,no,no,no,cellular,feb,wed,-2,3853,36,81,2,nonexistent,1,0.019589,POSITIVE
entrepreneur,married,basic.9y,no,no,no,cellular,mar,wed,-2,3860,36,81,2,nonexistent,0,-0.028544,NEGATIVE
entrepreneur,married,basic.9y,no,no,no,cellular,mar,wed,-2,3860,36,81,2,nonexistent,1,0.023845,POSITIVE
technician,single,professional.course,unknown,unknown,unknown,telephone,may,(null),0,3891,34,91,5,success,0,-0.047769,NEGATIVE
technician,single,professional.course,unknown,unknown,unknown,telephone,may,(null),0,3891,34,91,5,success,1,0.002117,POSITIVE
management,single,professional.course,unknown,unknown,unknown,telephone,may,(null),0,3899,35,92,6,success,0,-0.013943,NEGATIVE
management,single,professional.course,unknown,unknown,unknown,telephone,may,(null),0,3899,35,92,6,success,1,0.035944,POSITIVE
admin.,divorced,basic.4y,no,no,no,cellular,apr,mon,-3,3830,35,79,0,failure,0,-0.019683,NEGATIVE
admin.,divorced,basic.4y,no,no,no,cellular,apr,mon,-3,3830,35,79,0,failure,1,0.031186,POSITIVE
housemaid,married,basic.9y,no,no,no,cellular,aug,wed,-2,3774,33,88,2,nonexistent,0,-0.023932,NEGATIVE
housemaid,married,basic.9y,no,no,no,cellular,aug,wed,-2,3774,33,88,2,nonexistent,1,0.025956,POSITIVE
entrepreneur,divorced,basic.6y,no,no,no,cellular,aug,tue,-3,3798,35,80,1,failure,0,-0.050245,NEGATIVE
entrepreneur,divorced,basic.6y,no,no,no,cellular,aug,tue,-3,3798,35,80,1,failure,1,0.005204,POSITIVE
retired,married,high.school,unknown,unknown,unknown,telephone,apr,thu,-1,3790,35,86,3,nonexistent,0,-0.040587,NEGATIVE
retired,married,high.school,unknown,unknown,unknown,telephone,apr,thu,-1,3790,35,86,3,nonexistent,1,0.009302,POSITIVE
technician,married,illiterate,unknown,unknown,unknown,telephone,oct,fri,-1,3883,34,75,4,nonexistent,0,-0.036260,NEGATIVE
technician,married,illiterate,unknown,unknown,unknown,telephone,oct,fri,-1,3883,34,75,4,nonexistent,1,0.013630,POSITIVE
admin.,divorced,basic.6y,no,no,no,cellular,jul,tue,-3,3837,35,71,0,failure,0,-0.023611,NEGATIVE
admin.,divorced,basic.6y,no,no,no,cellular,jul,tue,-3,3837,35,71,0,failure,1,0.027257,POSITIVE
admin.,divorced,basic.4y,no,no,no,cellular,jul,mon,-3,3830,35,63,0,failure,0,-0.034012,NEGATIVE
admin.,divorced,basic.4y,no,no,no,cellular,jul,mon,-3,3830,35,63,0,failure,1,0.016857,POSITIVE
housemaid,married,basic.9y,no,no,no,cellular,feb,wed,-2,3853,36,67,2,nonexistent,0,-0.047525,NEGATIVE
housemaid,married,basic.9y,no,no,no,cellular,feb,wed,-2,3853,36,67,2,nonexistent,1,0.003343,POSITIVE
housemaid,married,basic.9y,no,no,no,cellular,aug,wed,-2,3774,35,73,2,nonexistent,0,-0.040032,NEGATIVE
housemaid,married,basic.9y,no,no,no,cellular,aug,wed,-2,3774,35,73,2,nonexistent,1,0.012357,POSITIVE
services,married,illiterate,unknown,unknown,unknown,telephone,oct,fri,-1,3805,33,75,4,nonexistent,0,-0.032613,NEGATIVE
services,married,illiterate,unknown,unknown,unknown,telephone,oct,fri,-1,3805,33,75,4,nonexistent,1,0.017275,POSITIVE
housemaid,married,basic.9y,no,no,no,cellular,aug,wed,-2,3774,35,65,2,nonexistent,0,-0.024533,NEGATIVE
housemaid,married,basic.9y,no,no,no,cellular,aug,wed,-2,3774,35,65,2,nonexistent,1,0.027857,POSITIVE
student,single,professional.course,unknown,unknown,unknown,telephone,nov,(null),0,3782,33,68,5,success,0,-0.034657,NEGATIVE
student,single,professional.course,unknown,unknown,unknown,telephone,nov,(null),0,3782,33,68,5,success,1,0.015231,POSITIVE
student,married,basic.9y,no,no,no,cellular,mar,wed,-2,3782,36,65,2,nonexistent,0,-0.048569,NEGATIVE
student,married,basic.9y,no,no,no,cellular,mar,wed,-2,3782,36,65,2,nonexistent,1,0.003820,POSITIVE
housemaid,married,illiterate,unknown,unknown,unknown,telephone,apr,fri,-1,3797,36,67,4,nonexistent,0,-0.050431,NEGATIVE
housemaid,married,illiterate,unknown,unknown,unknown,telephone,apr,fri,-1,3797,36,67,4,nonexistent,1,0.001958,POSITIVE
unemployed,single,professional.course,unknown,unknown,unknown,telephone,may,(null),0,3821,35,77,6,success,0,-0.037851,NEGATIVE
unemployed,single,professional.course,unknown,unknown,unknown,telephone,may,(null),0,3821,35,77,6,success,1,0.012038,POSITIVE
admin.,divorced,basic.4y,no,no,no,cellular,jan,mon,-3,3751,35,71,0,failure,0,-0.048163,NEGATIVE
admin.,divorced,basic.4y,no,no,no,cellular,jan,mon,-3,3751,35,71,0,failure,1,0.002705,POSITIVE
unemployed,single,professional.course,unknown,unknown,unknown,telephone,nov,(null),0,3899,32,92,6,success,0,-0.030311,NEGATIVE
unemployed,single,professional.course,unknown,unknown,unknown,telephone,nov,(null),0,3899,32,92,6,success,1,0.019576,POSITIVE
student,married,illiterate,unknown,unknown,unknown,telephone,oct,fri,-1,3797,32,90,4,nonexistent,0,-0.034226,NEGATIVE
student,married,illiterate,unknown,unknown,unknown,telephone,oct,fri,-1,3797,32,90,4,nonexistent,1,0.015661,POSITIVE
management,single,professional.course,unknown,unknown,unknown,telephone,nov,(null),0,3821,31,92,6,success,0,-0.017321,NEGATIVE
management,single,professional.course,unknown,unknown,unknown,telephone,nov,(null),0,3821,31,92,6,success,1,0.032566,POSITIVE
unemployed,single,professional.course,unknown,unknown,unknown,telephone,nov,(null),0,3821,31,85,6,success,0,-0.015493,NEGATIVE
unemployed,single,professional.course,unknown,unknown,unknown,telephone,nov,(null),0,3821,31,85,6,success,1,0.034394,POSITIVE
unemployed,single,professional.course,unknown,unknown,unknown,telephone,may,(null),0,4371,42,60,6,success,0,-0.036021,NEGATIVE
unemployed,single,professional.course,unknown,unknown,unknown,telephone,may,(null),0,4371,42,60,6,success,1,0.016369,POSITIVE
retired,married,high.school,unknown,unknown,unknown,telephone,oct,thu,-1,4336,41,55,3,nonexistent,0,-0.052308,NEGATIVE
retired,married,high.school,unknown,unknown,unknown,telephone,oct,thu,-1,4336,41,55,3,nonexistent,1,0.000081,POSITIVE
admin.,divorced,basic.4y,no,no,no,cellular,oct,mon,-3,4298,39,48,0,failure,0,-0.021668,NEGATIVE
admin.,divorced,basic.4y,no,no,no,cellular,oct,mon,-3,4298,39,48,0,failure,1,0.030269,POSITIVE
retired,married,high.school,unknown,unknown,unknown,telephone,oct,thu,-1,4336,41,39,3,nonexistent,0,-0.015362,NEGATIVE
retired,married,high.school,unknown,unknown,unknown,telephone,oct,thu,-1,4336,41,39,3,nonexistent,1,0.036574,POSITIVE
entrepreneur,divorced,basic.6y,no,no,no,cellular,feb,tue,-3,4344,41,50,1,failure,0,-0.023681,NEGATIVE
entrepreneur,divorced,basic.6y,no,no,no,cellular,feb,tue,-3,4344,41,50,1,failure,1,0.028256,POSITIVE
housemaid,married,basic.9y,no,no,no,cellular,feb,wed,-2,4309,41,52,2,nonexistent,0,-0.031125,NEGATIVE
housemaid,married,basic.9y,no,no,no,cellular,feb,wed,-2,4309,41,52,2,nonexistent,1,0.020811,POSITIVE
self-employed,divorced,basic.4y,no,no,no,cellular,jan,mon,-3,4337,41,32,0,failure,0,-0.044671,NEGATIVE
self-employed,divorced,basic.4y,no,no,no,cellular,jan,mon,-3,4337,41,32,0,failure,1,0.010750,POSITIVE
blue-collar,divorced,basic.6y,no,no,no,cellular,feb,tue,-3,4344,41,34,1,failure,0,-0.037132,NEGATIVE
blue-collar,divorced,basic.6y,no,no,no,cellular,feb,tue,-3,4344,41,34,1,failure,1,0.015662,POSITIVE
services,divorced,basic.6y,no,no,no,cellular,feb,tue,-3,4305,41,34,1,failure,0,-0.019714,NEGATIVE
services,divorced,basic.6y,no,no,no,cellular,feb,tue,-3,4305,41,34,1,failure,1,0.032223,POSITIVE
blue-collar,married,basic.9y,no,no,no,cellular,feb,wed,-2,4309,41,36,2,nonexistent,0,-0.050793,NEGATIVE
blue-collar,married,basic.9y,no,no,no,cellular,feb,wed,-2,4309,41,36,2,nonexistent,1,0.001143,POSITIVE
blue-collar,divorced,basic.6y,no,no,no,cellular,feb,tue,-3,4227,39,49,0,failure,0,-0.008346,NEGATIVE
blue-collar,divorced,basic.6y,no,no,no,cellular,feb,tue,-3,4227,39,49,0,failure,1,0.043591,POSITIVE
blue-collar,divorced,basic.6y,no,no,no,cellular,feb,tue,-3,4227,39,33,0,failure,0,-0.005194,NEGATIVE
blue-collar,divorced,basic.6y,no,no,no,cellular,feb,tue,-3,4227,39,33,0,failure,1,0.052238,POSITIVE
management,single,professional.course,unknown,unknown,unknown,telephone,may,(null),0,4371,42,29,6,success,0,-0.044284,NEGATIVE
management,single,professional.course,unknown,unknown,unknown,telephone,may,(null),0,4371,42,29,6,success,1,0.007652,POSITIVE
technician,single,professional.course,unknown,unknown,unknown,telephone,may,(null),0,4332,42,29,6,success,0,-0.043045,NEGATIVE
technician,single,professional.course,unknown,unknown,unknown,telephone,may,(null),0,4332,42,29,6,success,1,0.008892,POSITIVE
student,single,professional.course,unknown,unknown,unknown,telephone,may,(null),0,4367,42,11,5,success,0,-0.021158,NEGATIVE
student,single,professional.course,unknown,unknown,unknown,telephone,may,(null),0,4367,42,11,5,success,1,0.030779,POSITIVE
technician,single,professional.course,unknown,unknown,unknown,telephone,may,(null),0,4332,42,13,6,success,0,-0.044063,NEGATIVE
technician,single,professional.course,unknown,unknown,unknown,telephone,may,(null),0,4332,42,13,6,success,1,0.007873,POSITIVE
retired,married,high.school,unknown,unknown,unknown,telephone,oct,thu,-1,4336,41,23,3,nonexistent,0,-0.016381,NEGATIVE
retired,married,high.school,unknown,unknown,unknown,telephone,oct,thu,-1,4336,41,23,3,nonexistent,1,0.035556,POSITIVE
admin.,divorced,basic.4y,no,no,no,cellular,jan,mon,-3,4337,41,16,0,failure,0,-0.016451,NEGATIVE
admin.,divorced,basic.4y,no,no,no,cellular,jan,mon,-3,4337,41,16,0,failure,1,0.006281,POSITIVE
housemaid,married,basic.9y,no,no,no,cellular,feb,wed,-2,4309,41,20,2,nonexistent,0,-0.033142,NEGATIVE
housemaid,married,basic.9y,no,no,no,cellular,feb,wed,-2,4309,41,20,2,nonexistent,1,0.023366,POSITIVE
management,married,basic.9y,no,no,no,cellular,sep,wed,-2,4352,41,5,2,nonexistent,0,-0.037344,NEGATIVE
management,married,basic.9y,no,no,no,cellular,sep,wed,-2,4352,41,5,2,nonexistent,1,0.014593,POSITIVE
retired,married,high.school,unknown,unknown,unknown,telephone,oct,thu,-1,4317,41,7,3,nonexistent,0,-0.044781,NEGATIVE
retired,married,high.school,unknown,unknown,unknown,telephone,oct,thu,-1,4317,41,7,3,nonexistent,1,0.007154,POSITIVE
blue-collar,divorced,basic.6y,no,no,no,cellular,jan,tue,-3,4340,41,8,0,failure,0,-0.016250,NEGATIVE
blue-collar,divorced,basic.6y,no,no,no,cellular,jan,tue,-3,4340,41,8,0,failure,1,0.011778,POSITIVE
admin.,divorced,basic.4y,no,no,no,cellular,jan,mon,-3,4298,41,0,0,failure,0,-0.001267,NEGATIVE
admin.,divorced,basic.4y,no,no,no,cellular,jan,mon,-3,4298,41,0,0,failure,1,0.024498,POSITIVE
entrepreneur,divorced,basic.6y,no,no,no,cellular,mar,tue,-3,4235,39,18,1,failure,0,-0.043429,NEGATIVE
entrepreneur,divorced,basic.6y,no,no,no,cellular,mar,tue,-3,4235,39,18,1,failure,1,0.014003,POSITIVE
entrepreneur,divorced,basic.6y,no,no,no,cellular,mar,tue,-3,4235,39,2,1,failure,0,-0.025586,NEGATIVE
entrepreneur,divorced,basic.6y,no,no,no,cellular,mar,tue,-3,4235,39,2,1,failure,1,0.031845,POSITIVE
housemaid,married,basic.9y,no,no,no,cellular,apr,wed,-2,4165,39,52,2,nonexistent,0,-0.048806,NEGATIVE
housemaid,married,basic.9y,no,no,no,cellular,apr,wed,-2,4165,39,52,2,nonexistent,1,0.003130,POSITIVE
housemaid,married,basic.9y,no,no,no,cellular,apr,wed,-2,4165,39,36,2,nonexistent,0,-0.049805,NEGATIVE
housemaid,married,basic.9y,no,no,no,cellular,apr,wed,-2,4165,39,36,2,nonexistent,1,0.002132,POSITIVE
services,married,illiterate,unknown,unknown,unknown,telephone,aug,fri,-1,4129,39,57,4,nonexistent,0,-0.033883,NEGATIVE
services,married,illiterate,unknown,unknown,unknown,telephone,aug,fri,-1,4129,39,57,4,nonexistent,1,0.018507,POSITIVE
services,divorced,basic.6y,no,no,no,cellular,feb,tue,-3,4110,39,50,1,failure,0,-0.046039,NEGATIVE
services,divorced,basic.6y,no,no,no,cellular,feb,tue,-3,4110,39,50,1,failure,1,0.004828,POSITIVE
student,married,high.school,unknown,unknown,unknown,telephone,apr,thu,-1,4083,39,55,3,nonexistent,0,-0.039860,NEGATIVE
student,married,high.school,unknown,unknown,unknown,telephone,apr,thu,-1,4083,39,55,3,nonexistent,1,0.011008,POSITIVE
student,single,professional.course,unknown,unknown,unknown,telephone,nov,(null),0,4125,39,43,5,success,0,-0.023864,NEGATIVE
student,single,professional.course,unknown,unknown,unknown,telephone,nov,(null),0,4125,39,43,5,success,1,0.028525,POSITIVE
student,single,professional.course,unknown,unknown,unknown,telephone,may,(null),0,4125,40,43,5,success,0,-0.044307,NEGATIVE
student,single,professional.course,unknown,unknown,unknown,telephone,may,(null),0,4125,40,43,5,success,1,0.008082,POSITIVE
housemaid,married,basic.9y,no,no,no,cellular,apr,wed,-2,4165,39,20,2,nonexistent,0,-0.050822,NEGATIVE
housemaid,married,basic.9y,no,no,no,cellular,apr,wed,-2,4165,39,20,2,nonexistent,1,0.001114,POSITIVE
blue-collar,divorced,basic.6y,no,no,no,cellular,feb,tue,-3,4149,39,1,0,failure,0,-0.010640,NEGATIVE
blue-collar,divorced,basic.6y,no,no,no,cellular,feb,tue,-3,4149,39,1,0,failure,1,0.017021,POSITIVE
services,married,illiterate,unknown,unknown,unknown,telephone,oct,fri,-1,4129,39,28,4,nonexistent,0,-0.021715,NEGATIVE
services,married,illiterate,unknown,unknown,unknown,telephone,oct,fri,-1,4129,39,28,4,nonexistent,1,0.030223,POSITIVE
services,married,illiterate,unknown,unknown,unknown,telephone,oct,fri,-1,4129,39,20,4,nonexistent,0,-0.022222,NEGATIVE
services,married,illiterate,unknown,unknown,unknown,telephone,oct,fri,-1,4129,39,20,4,nonexistent,1,0.029714,POSITIVE
student,single,professional.course,unknown,unknown,unknown,telephone,nov,(null),0,4094,39,29,5,success,0,-0.040189,NEGATIVE
student,single,professional.course,unknown,unknown,unknown,telephone,nov,(null),0,4094,39,29,5,success,1,0.012201,POSITIVE
services,married,illiterate,unknown,unknown,unknown,telephone,apr,fri,-1,4117,40,26,4,nonexistent,0,-0.041288,NEGATIVE
services,married,illiterate,unknown,unknown,unknown,telephone,apr,fri,-1,4117,40,26,4,nonexistent,1,0.010648,POSITIVE
admin.,divorced,basic.4y,no,no,no,cellular,jan,mon,-3,4064,39,0,0,failure,0,-0.041290,NEGATIVE
admin.,divorced,basic.4y,no,no,no,cellular,jan,mon,-3,4064,39,0,0,failure,1,0.001835,POSITIVE
technician,single,professional.course,unknown,unknown,unknown,telephone,may,(null),0,4055,39,59,5,success,0,-0.037010,NEGATIVE
technician,single,professional.course,unknown,unknown,unknown,telephone,may,(null),0,4055,39,59,5,success,1,0.015380,POSITIVE
services,married,illiterate,unknown,unknown,unknown,telephone,apr,fri,-1,4051,39,26,4,nonexistent,0,-0.026121,NEGATIVE
services,married,illiterate,unknown,unknown,unknown,telephone,apr,fri,-1,4051,39,26,4,nonexistent,1,0.025816,POSITIVE
student,single,professional.course,unknown,unknown,unknown,telephone,may,(null),0,4016,39,21,5,success,0,-0.049433,NEGATIVE
student,single,professional.course,unknown,unknown,unknown,telephone,may,(null),0,4016,39,21,5,success,1,0.002504,POSITIVE
student,married,illiterate,unknown,unknown,unknown,telephone,apr,fri,-1,4047,39,8,4,nonexistent,0,-0.029130,NEGATIVE
student,married,illiterate,unknown,unknown,unknown,telephone,apr,fri,-1,4047,39,8,4,nonexistent,1,0.022806,POSITIVE
management,single,professional.course,unknown,unknown,unknown,telephone,may,(null),0,4055,39,11,5,success,0,-0.045058,NEGATIVE
management,single,professional.course,unknown,unknown,unknown,telephone,may,(null),0,4055,39,11,5,success,1,0.006878,POSITIVE
technician,single,professional.course,unknown,unknown,unknown,telephone,may,(null),0,4016,39,11,5,success,0,-0.035109,NEGATIVE
technician,single,professional.course,unknown,unknown,unknown,telephone,may,(null),0,4016,39,11,5,success,1,0.016828,POSITIVE
admin.,divorced,basic.4y,no,no,no,cellular,jul,mon,-3,4142,38,48,0,failure,0,-0.033423,NEGATIVE
admin.,divorced,basic.4y,no,no,no,cellular,jul,mon,-3,4142,38,48,0,failure,1,0.018512,POSITIVE
admin.,divorced,basic.4y,no,no,no,cellular,jul,mon,-3,4142,38,32,0,failure,0,-0.034442,NEGATIVE
admin.,divorced,basic.4y,no,no,no,cellular,jul,mon,-3,4142,38,32,0,failure,1,0.017496,POSITIVE
entrepreneur,divorced,basic.6y,no,no,no,cellular,aug,tue,-3,4079,38,50,1,failure,0,-0.038073,NEGATIVE
entrepreneur,divorced,basic.6y,no,no,no,cellular,aug,tue,-3,4079,38,50,1,failure,1,0.012795,POSITIVE
admin.,divorced,basic.4y,no,no,no,cellular,jan,mon,-3,4064,38,48,0,failure,0,-0.037677,NEGATIVE
admin.,divorced,basic.4y,no,no,no,cellular,jan,mon,-3,4064,38,48,0,failure,1,0.014259,POSITIVE
entrepreneur,divorced,basic.6y,no,no,no,cellular,aug,tue,-3,4079,38,34,1,failure,0,-0.038364,NEGATIVE
entrepreneur,divorced,basic.6y,no,no,no,cellular,aug,tue,-3,4079,38,34,1,failure,1,0.013572,POSITIVE
admin.,divorced,basic.4y,no,no,no,cellular,jul,mon,-3,4142,38,16,0,failure,0,-0.032001,NEGATIVE
admin.,divorced,basic.4y,no,no,no,cellular,jul,mon,-3,4142,38,16,0,failure,1,0.025431,POSITIVE
admin.,divorced,basic.4y,no,no,no,cellular,jul,mon,-3,4142,38,0,0,failure,0,-0.014157,NEGATIVE
admin.,divorced,basic.4y,no,no,no,cellular,jul,mon,-3,4142,38,0,0,failure,1,0.043275,POSITIVE
entrepreneur,divorced,basic.6y,no,no,no,cellular,aug,tue,-3,4079,38,18,1,failure,0,-0.039382,NEGATIVE
entrepreneur,divorced,basic.6y,no,no,no,cellular,aug,tue,-3,4079,38,18,1,failure,1,0.012555,POSITIVE
entrepreneur,divorced,basic.6y,no,no,no,cellular,aug,tue,-3,4079,38,2,1,failure,0,-0.040399,NEGATIVE
entrepreneur,divorced,basic.6y,no,no,no,cellular,aug,tue,-3,4079,38,2,1,failure,1,0.012715,POSITIVE
retired,married,high.school,unknown,unknown,unknown,telephone,oct,thu,-1,4024,38,55,3,nonexistent,0,-0.032138,NEGATIVE
retired,married,high.school,unknown,unknown,unknown,telephone,oct,thu,-1,4024,38,55,3,nonexistent,1,0.020252,POSITIVE
technician,single,professional.course,unknown,unknown,unknown,telephone,dec,(null),0,4020,36,60,6,success,0,-0.015219,NEGATIVE
technician,single,professional.course,unknown,unknown,unknown,telephone,dec,(null),0,4020,36,60,6,success,1,0.041861,POSITIVE
blue-collar,divorced,basic.6y,no,no,no,cellular,jan,tue,-3,4028,38,49,0,failure,0,-0.045122,NEGATIVE
blue-collar,divorced,basic.6y,no,no,no,cellular,jan,tue,-3,4028,38,49,0,failure,1,0.006815,POSITIVE
housemaid,married,basic.9y,no,no,no,cellular,feb,wed,-2,3997,38,52,2,nonexistent,0,-0.005244,NEGATIVE
housemaid,married,basic.9y,no,no,no,cellular,feb,wed,-2,3997,38,52,2,nonexistent,1,0.046482,POSITIVE
blue-collar,divorced,basic.6y,no,no,no,cellular,jul,tue,-3,3915,36,49,0,failure,0,-0.030815,NEGATIVE
blue-collar,divorced,basic.6y,no,no,no,cellular,jul,tue,-3,3915,36,49,0,failure,1,0.021122,POSITIVE
management,married,basic.9y,no,no,no,cellular,mar,wed,-2,3962,38,53,2,nonexistent,0,-0.031817,NEGATIVE
management,married,basic.9y,no,no,no,cellular,mar,wed,-2,3962,38,53,2,nonexistent,1,0.019051,POSITIVE
student,married,high.school,unknown,unknown,unknown,telephone,apr,thu,-1,3927,38,55,3,nonexistent,0,-0.034909,NEGATIVE
student,married,high.school,unknown,unknown,unknown,telephone,apr,thu,-1,3927,38,55,3,nonexistent,1,0.017269,POSITIVE
admin.,divorced,basic.4y,no,no,no,cellular,apr,mon,-3,3908,36,48,0,failure,0,-0.000041,NEGATIVE
admin.,divorced,basic.4y,no,no,no,cellular,apr,mon,-3,3908,36,48,0,failure,1,0.051896,POSITIVE
management,married,basic.9y,no,no,no,cellular,sep,wed,-2,4016,38,37,2,nonexistent,0,-0.042287,NEGATIVE
management,married,basic.9y,no,no,no,cellular,sep,wed,-2,4016,38,37,2,nonexistent,1,0.009650,POSITIVE
self-employed,divorced,basic.4y,no,no,no,cellular,jan,mon,-3,4025,38,32,0,failure,0,-0.018789,NEGATIVE
self-employed,divorced,basic.4y,no,no,no,cellular,jan,mon,-3,4025,38,32,0,failure,1,0.034478,POSITIVE
self-employed,divorced,basic.6y,no,no,no,cellular,jan,tue,-3,3989,38,33,0,failure,0,-0.033695,NEGATIVE
self-employed,divorced,basic.6y,no,no,no,cellular,jan,tue,-3,3989,38,33,0,failure,1,0.018242,POSITIVE
blue-collar,divorced,basic.6y,no,no,no,cellular,jul,tue,-3,3915,36,33,0,failure,0,-0.031826,NEGATIVE
blue-collar,divorced,basic.6y,no,no,no,cellular,jul,tue,-3,3915,36,33,0,failure,1,0.020111,POSITIVE
services,divorced,basic.6y,no,no,no,cellular,feb,tue,-3,3954,38,34,1,failure,0,-0.048601,NEGATIVE
services,divorced,basic.6y,no,no,no,cellular,feb,tue,-3,3954,38,34,1,failure,1,0.003336,POSITIVE
retired,married,high.school,unknown,unknown,unknown,telephone,oct,thu,-1,3868,36,59,3,nonexistent,0,-0.029803,NEGATIVE
retired,married,high.school,unknown,unknown,unknown,telephone,oct,thu,-1,3868,36,59,3,nonexistent,1,0.022587,POSITIVE
management,married,basic.9y,no,no,no,cellular,sep,wed,-2,3860,36,50,2,nonexistent,0,-0.049785,NEGATIVE
management,married,basic.9y,no,no,no,cellular,sep,wed,-2,3860,36,50,2,nonexistent,1,0.002604,POSITIVE
admin.,divorced,basic.4y,no,no,no,cellular,jul,mon,-3,3830,35,56,0,failure,0,-0.011251,NEGATIVE
admin.,divorced,basic.4y,no,no,no,cellular,jul,mon,-3,3830,35,56,0,failure,1,0.039617,POSITIVE
admin.,divorced,basic.4y,no,no,no,cellular,jul,mon,-3,3830,35,48,0,failure,0,-0.007542,NEGATIVE
admin.,divorced,basic.4y,no,no,no,cellular,jul,mon,-3,3830,35,48,0,failure,1,0.044395,POSITIVE
blue-collar,divorced,basic.6y,no,no,no,cellular,jan,tue,-3,3837,36,49,0,failure,0,-0.035069,NEGATIVE
blue-collar,divorced,basic.6y,no,no,no,cellular,jan,tue,-3,3837,36,49,0,failure,1,0.016868,POSITIVE
blue-collar,divorced,basic.6y,no,no,no,cellular,jul,tue,-3,3794,35,56,0,failure,0,-0.036082,NEGATIVE
blue-collar,divorced,basic.6y,no,no,no,cellular,jul,tue,-3,3794,35,56,0,failure,1,0.014786,POSITIVE
student,single,professional.course,unknown,unknown,unknown,telephone,nov,(null),0,3782,34,60,5,success,0,-0.030931,NEGATIVE
student,single,professional.course,unknown,unknown,unknown,telephone,nov,(null),0,3782,34,60,5,success,1,0.026148,POSITIVE
entrepreneur,divorced,basic.6y,no,no,no,cellular,aug,tue,-3,3766,35,49,1,failure,0,-0.024843,NEGATIVE
entrepreneur,divorced,basic.6y,no,no,no,cellular,aug,tue,-3,3766,35,49,1,failure,1,0.026025,POSITIVE
self-employed,divorced,basic.4y,no,no,no,cellular,jan,mon,-3,3791,36,48,0,failure,0,-0.037029,NEGATIVE
self-employed,divorced,basic.4y,no,no,no,cellular,jan,mon,-3,3791,36,48,0,failure,1,0.014908,POSITIVE
management,single,professional.course,unknown,unknown,unknown,telephone,mar,(null),0,3821,37,59,5,success,0,-0.044517,NEGATIVE
management,single,professional.course,unknown,unknown,unknown,telephone,mar,(null),0,3821,37,59,5,success,1,0.007874,POSITIVE
student,married,basic.9y,no,no,no,cellular,mar,wed,-2,3766,36,53,2,nonexistent,0,-0.041996,NEGATIVE
student,married,basic.9y,no,no,no,cellular,mar,wed,-2,3766,36,53,2,nonexistent,1,0.008872,POSITIVE
admin.,divorced,basic.4y,no,no,no,cellular,jan,mon,-3,3751,35,48,0,failure,0,-0.013202,NEGATIVE
admin.,divorced,basic.4y,no,no,no,cellular,jan,mon,-3,3751,35,48,0,failure,1,0.038736,POSITIVE
admin.,divorced,basic.4y,no,no,no,cellular,jan,mon,-3,3830,36,32,0,failure,0,-0.055293,NEGATIVE
admin.,divorced,basic.4y,no,no,no,cellular,jan,mon,-3,3830,36,32,0,failure,1,0.002139,POSITIVE
admin.,divorced,basic.4y,no,no,no,cellular,jul,mon,-3,3830,35,32,0,failure,0,-0.008560,NEGATIVE
admin.,divorced,basic.4y,no,no,no,cellular,jul,mon,-3,3830,35,32,0,failure,1,0.043377,POSITIVE
services,married,illiterate,unknown,unknown,unknown,telephone,oct,fri,-1,3805,36,42,4,nonexistent,0,-0.037083,NEGATIVE
services,married,illiterate,unknown,unknown,unknown,telephone,oct,fri,-1,3805,36,42,4,nonexistent,1,0.015306,POSITIVE
self-employed,married,illiterate,unknown,unknown,unknown,telephone,apr,fri,-1,3797,37,40,4,nonexistent,0,-0.050488,NEGATIVE
self-employed,married,illiterate,unknown,unknown,unknown,telephone,apr,fri,-1,3797,37,40,4,nonexistent,1,0.000380,POSITIVE
entrepreneur,divorced,basic.6y,no,no,no,cellular,aug,tue,-3,3766,35,34,1,failure,0,-0.013606,NEGATIVE
entrepreneur,divorced,basic.6y,no,no,no,cellular,aug,tue,-3,3766,35,34,1,failure,1,0.038330,POSITIVE
admin.,divorced,basic.4y,no,no,no,cellular,jul,mon,-3,3908,36,0,0,failure,0,-0.041639,NEGATIVE
admin.,divorced,basic.4y,no,no,no,cellular,jul,mon,-3,3908,36,0,0,failure,1,0.015792,POSITIVE
admin.,divorced,basic.4y,no,no,no,cellular,jan,mon,-3,4025,38,16,0,failure,0,-0.003129,NEGATIVE
admin.,divorced,basic.4y,no,no,no,cellular,jan,mon,-3,4025,38,16,0,failure,1,0.019604,POSITIVE
self-employed,divorced,basic.6y,no,no,no,cellular,jan,tue,-3,3989,38,17,0,failure,0,-0.033866,NEGATIVE
self-employed,divorced,basic.6y,no,no,no,cellular,jan,tue,-3,3989,38,17,0,failure,1,0.023566,POSITIVE
blue-collar,married,basic.9y,no,no,no,cellular,feb,wed,-2,3997,38,20,2,nonexistent,0,-0.025928,NEGATIVE
blue-collar,married,basic.9y,no,no,no,cellular,feb,wed,-2,3997,38,20,2,nonexistent,1,0.029641,POSITIVE
blue-collar,divorced,basic.6y,no,no,no,cellular,jan,tue,-3,4028,38,8,0,failure,0,-0.002928,NEGATIVE
blue-collar,divorced,basic.6y,no,no,no,cellular,jan,tue,-3,4028,38,8,0,failure,1,0.035506,POSITIVE
blue-collar,divorced,basic.6y,no,no,no,cellular,jan,tue,-3,3989,38,1,0,failure,0,-0.020699,NEGATIVE
blue-collar,divorced,basic.6y,no,no,no,cellular,jan,tue,-3,3989,38,1,0,failure,1,0.005064,POSITIVE
services,divorced,basic.6y,no,no,no,cellular,feb,tue,-3,3954,38,18,1,failure,0,-0.049617,NEGATIVE
services,divorced,basic.6y,no,no,no,cellular,feb,tue,-3,3954,38,18,1,failure,1,0.002319,POSITIVE
entrepreneur,married,basic.9y,no,no,no,cellular,mar,wed,-2,3962,38,21,2,nonexistent,0,-0.039590,NEGATIVE
entrepreneur,married,basic.9y,no,no,no,cellular,mar,wed,-2,3962,38,21,2,nonexistent,1,0.012348,POSITIVE
student,married,basic.9y,no,no,no,cellular,mar,wed,-2,3923,38,21,2,nonexistent,0,-0.024661,NEGATIVE
student,married,basic.9y,no,no,no,cellular,mar,wed,-2,3923,38,21,2,nonexistent,1,0.027275,POSITIVE
housemaid,married,illiterate,unknown,unknown,unknown,telephone,apr,fri,-1,3930,38,24,4,nonexistent,0,-0.012145,NEGATIVE
housemaid,married,illiterate,unknown,unknown,unknown,telephone,apr,fri,-1,3930,38,24,4,nonexistent,1,0.039792,POSITIVE
management,married,basic.9y,no,no,no,cellular,mar,wed,-2,3962,38,5,2,nonexistent,0,-0.014270,NEGATIVE
management,married,basic.9y,no,no,no,cellular,mar,wed,-2,3962,38,5,2,nonexistent,1,0.043162,POSITIVE
retired,married,high.school,unknown,unknown,unknown,telephone,apr,thu,-1,3927,38,7,3,nonexistent,0,-0.023155,NEGATIVE
retired,married,high.school,unknown,unknown,unknown,telephone,apr,thu,-1,3927,38,7,3,nonexistent,1,0.028783,POSITIVE
blue-collar,divorced,basic.6y,no,no,no,cellular,feb,tue,-3,3837,36,17,0,failure,0,-0.039193,NEGATIVE
blue-collar,divorced,basic.6y,no,no,no,cellular,feb,tue,-3,3837,36,17,0,failure,1,0.018240,POSITIVE
admin.,divorced,basic.4y,no,no,no,cellular,jul,mon,-3,3830,35,16,0,failure,0,-0.008274,NEGATIVE
admin.,divorced,basic.4y,no,no,no,cellular,jul,mon,-3,3830,35,16,0,failure,1,0.049158,POSITIVE
entrepreneur,divorced,basic.6y,no,no,no,cellular,mar,tue,-3,3845,36,2,1,failure,0,-0.023093,NEGATIVE
entrepreneur,divorced,basic.6y,no,no,no,cellular,mar,tue,-3,3845,36,2,1,failure,1,0.034339,POSITIVE
technician,single,professional.course,unknown,unknown,unknown,telephone,nov,(null),0,3821,37,29,6,success,0,-0.028706,NEGATIVE
technician,single,professional.course,unknown,unknown,unknown,telephone,nov,(null),0,3821,37,29,6,success,1,0.028373,POSITIVE
technician,single,professional.course,unknown,unknown,unknown,telephone,nov,(null),0,3821,37,13,6,success,0,-0.011710,NEGATIVE
technician,single,professional.course,unknown,unknown,unknown,telephone,nov,(null),0,3821,37,13,6,success,1,0.041749,POSITIVE
blue-collar,divorced,basic.6y,no,no,no,cellular,jan,tue,-3,3680,26,158,0,failure,0,-0.005377,NEGATIVE
blue-collar,divorced,basic.6y,no,no,no,cellular,jan,tue,-3,3680,26,158,0,failure,1,0.024341,POSITIVE
entrepreneur,divorced,basic.6y,no,no,no,cellular,aug,tue,-3,3688,26,142,1,failure,0,-0.009359,NEGATIVE
entrepreneur,divorced,basic.6y,no,no,no,cellular,aug,tue,-3,3688,26,142,1,failure,1,0.020357,POSITIVE
admin.,divorced,basic.6y,no,no,no,cellular,jan,tue,-3,3680,28,149,0,failure,0,-0.022066,NEGATIVE
admin.,divorced,basic.6y,no,no,no,cellular,jan,tue,-3,3680,28,149,0,failure,1,0.007650,POSITIVE
self-employed,divorced,basic.6y,no,no,no,cellular,jan,tue,-3,3680,28,141,0,failure,0,-0.000442,NEGATIVE
self-employed,divorced,basic.6y,no,no,no,cellular,jan,tue,-3,3680,28,141,0,failure,1,0.045319,POSITIVE
student,married,high.school,unknown,unknown,unknown,telephone,apr,thu,-1,3711,26,144,3,nonexistent,0,-0.026081,NEGATIVE
student,married,high.school,unknown,unknown,unknown,telephone,apr,thu,-1,3711,26,144,3,nonexistent,1,0.005684,POSITIVE
housemaid,married,illiterate,unknown,unknown,unknown,telephone,apr,fri,-1,3726,26,145,4,nonexistent,0,-0.008258,NEGATIVE
housemaid,married,illiterate,unknown,unknown,unknown,telephone,apr,fri,-1,3726,26,145,4,nonexistent,1,0.023506,POSITIVE
entrepreneur,divorced,basic.6y,no,no,no,cellular,feb,tue,-3,3610,26,150,1,failure,0,-0.016746,NEGATIVE
entrepreneur,divorced,basic.6y,no,no,no,cellular,feb,tue,-3,3610,26,150,1,failure,1,0.012971,POSITIVE
blue-collar,divorced,basic.6y,no,no,no,cellular,jan,tue,-3,3602,28,141,0,failure,0,-0.031334,NEGATIVE
blue-collar,divorced,basic.6y,no,no,no,cellular,jan,tue,-3,3602,28,141,0,failure,1,0.014430,POSITIVE
housemaid,married,high.school,unknown,unknown,unknown,telephone,apr,thu,-1,3633,26,144,3,nonexistent,0,-0.022522,NEGATIVE
housemaid,married,high.school,unknown,unknown,unknown,telephone,apr,thu,-1,3633,26,144,3,nonexistent,1,0.007197,POSITIVE
blue-collar,divorced,basic.6y,no,no,no,cellular,jan,tue,-3,3610,30,126,0,failure,0,-0.039297,NEGATIVE
blue-collar,divorced,basic.6y,no,no,no,cellular,jan,tue,-3,3610,30,126,0,failure,1,0.006465,POSITIVE
housemaid,married,basic.9y,no,no,no,cellular,aug,wed,-2,3641,26,129,2,nonexistent,0,-0.009831,NEGATIVE
housemaid,married,basic.9y,no,no,no,cellular,aug,wed,-2,3641,26,129,2,nonexistent,1,0.035931,POSITIVE
self-employed,married,illiterate,unknown,unknown,unknown,telephone,apr,fri,-1,3687,27,133,4,nonexistent,0,-0.019801,NEGATIVE
self-employed,married,illiterate,unknown,unknown,unknown,telephone,apr,fri,-1,3687,27,133,4,nonexistent,1,0.025962,POSITIVE
blue-collar,divorced,basic.6y,no,no,no,cellular,jan,tue,-3,3524,28,133,0,failure,0,-0.018829,NEGATIVE
blue-collar,divorced,basic.6y,no,no,no,cellular,jan,tue,-3,3524,28,133,0,failure,1,0.026933,POSITIVE
housemaid,married,basic.9y,no,no,no,cellular,feb,wed,-2,3462,26,129,2,nonexistent,0,-0.026296,NEGATIVE
housemaid,married,basic.9y,no,no,no,cellular,feb,wed,-2,3462,26,129,2,nonexistent,1,0.019465,POSITIVE
blue-collar,divorced,basic.6y,no,no,no,cellular,jan,tue,-3,3368,26,133,0,failure,0,-0.028812,NEGATIVE
blue-collar,divorced,basic.6y,no,no,no,cellular,jan,tue,-3,3368,26,133,0,failure,1,0.016951,POSITIVE
blue-collar,divorced,basic.6y,no,no,no,cellular,jan,tue,-3,3290,26,125,0,failure,0,-0.016306,NEGATIVE
blue-collar,divorced,basic.6y,no,no,no,cellular,jan,tue,-3,3290,26,125,0,failure,1,0.029456,POSITIVE
admin.,divorced,basic.4y,no,no,no,cellular,jul,mon,-3,3673,14,188,0,failure,0,-0.000795,NEGATIVE
admin.,divorced,basic.4y,no,no,no,cellular,jul,mon,-3,3673,14,188,0,failure,1,0.001080,POSITIVE
admin.,divorced,basic.6y,no,no,no,cellular,jan,tue,-3,3680,11,204,0,failure,0,-0.001042,NEGATIVE
admin.,divorced,basic.6y,no,no,no,cellular,jan,tue,-3,3680,11,204,0,failure,1,0.000833,POSITIVE
admin.,divorced,basic.6y,no,no,no,cellular,oct,tue,-3,3680,20,165,0,failure,0,-0.011793,NEGATIVE
admin.,divorced,basic.6y,no,no,no,cellular,oct,tue,-3,3680,20,165,0,failure,1,0.004974,POSITIVE
blue-collar,divorced,basic.6y,no,no,no,cellular,apr,tue,-3,3688,23,166,1,failure,0,-0.001096,NEGATIVE
blue-collar,divorced,basic.6y,no,no,no,cellular,apr,tue,-3,3688,23,166,1,failure,1,0.008189,POSITIVE
blue-collar,married,basic.9y,no,no,no,cellular,may,wed,-2,3618,23,159,2,nonexistent,0,-0.026580,NEGATIVE
blue-collar,married,basic.9y,no,no,no,cellular,may,wed,-2,3618,23,159,2,nonexistent,1,0.005184,POSITIVE
admin.,divorced,basic.4y,no,no,no,cellular,jan,mon,-3,3517,20,173,0,failure,0,-0.014697,NEGATIVE
admin.,divorced,basic.4y,no,no,no,cellular,jan,mon,-3,3517,20,173,0,failure,1,0.007244,POSITIVE
blue-collar,divorced,basic.6y,no,no,no,cellular,aug,tue,-3,3532,20,158,1,failure,0,-0.003577,NEGATIVE
blue-collar,divorced,basic.6y,no,no,no,cellular,aug,tue,-3,3532,20,158,1,failure,1,0.005711,POSITIVE
admin.,divorced,basic.6y,no,no,no,cellular,jan,tue,-3,3446,23,157,0,failure,0,-0.022829,NEGATIVE
admin.,divorced,basic.6y,no,no,no,cellular,jan,tue,-3,3446,23,157,0,failure,1,0.008933,POSITIVE
self-employed,divorced,basic.4y,no,no,no,cellular,apr,mon,-3,3439,20,157,0,failure,0,-0.003952,NEGATIVE
self-employed,divorced,basic.4y,no,no,no,cellular,apr,mon,-3,3439,20,157,0,failure,1,0.013304,POSITIVE
admin.,divorced,basic.6y,no,no,no,cellular,jan,tue,-3,3446,17,173,0,failure,0,-0.000258,NEGATIVE
admin.,divorced,basic.6y,no,no,no,cellular,jan,tue,-3,3446,17,173,0,failure,1,0.001619,POSITIVE
technician,single,professional.course,unknown,unknown,unknown,telephone,mar,(null),0,3578,15,170,5,success,0,-0.000561,NEGATIVE
technician,single,professional.course,unknown,unknown,unknown,telephone,mar,(null),0,3578,15,170,5,success,1,0.001316,POSITIVE
technician,married,illiterate,unknown,unknown,unknown,telephone,may,fri,-1,3492,15,161,4,nonexistent,0,-0.001165,NEGATIVE
technician,married,illiterate,unknown,unknown,unknown,telephone,may,fri,-1,3492,15,161,4,nonexistent,1,0.000712,POSITIVE
blue-collar,married,basic.9y,no,no,no,cellular,nov,wed,-2,3696,23,151,2,nonexistent,0,-0.022486,NEGATIVE
blue-collar,married,basic.9y,no,no,no,cellular,nov,wed,-2,3696,23,151,2,nonexistent,1,0.009277,POSITIVE
student,married,illiterate,unknown,unknown,unknown,telephone,aug,fri,-1,3719,24,145,4,nonexistent,0,-0.011568,NEGATIVE
student,married,illiterate,unknown,unknown,unknown,telephone,aug,fri,-1,3719,24,145,4,nonexistent,1,0.020195,POSITIVE
services,married,basic.9y,no,no,no,cellular,aug,wed,-2,3618,23,143,2,nonexistent,0,-0.028054,NEGATIVE
services,married,basic.9y,no,no,no,cellular,aug,wed,-2,3618,23,143,2,nonexistent,1,0.003710,POSITIVE
housemaid,married,illiterate,unknown,unknown,unknown,telephone,aug,fri,-1,3641,24,145,4,nonexistent,0,-0.020321,NEGATIVE
housemaid,married,illiterate,unknown,unknown,unknown,telephone,aug,fri,-1,3641,24,145,4,nonexistent,1,0.011443,POSITIVE
management,single,professional.course,unknown,unknown,unknown,telephone,nov,(null),0,3664,21,147,6,success,0,-0.014653,NEGATIVE
management,single,professional.course,unknown,unknown,unknown,telephone,nov,(null),0,3664,21,147,6,success,1,0.004276,POSITIVE
management,single,professional.course,unknown,unknown,unknown,telephone,jun,(null),0,3734,24,154,5,success,0,-0.028165,NEGATIVE
management,single,professional.course,unknown,unknown,unknown,telephone,jun,(null),0,3734,24,154,5,success,1,0.003597,POSITIVE
unemployed,single,professional.course,unknown,unknown,unknown,telephone,may,(null),0,3746,24,147,6,success,0,-0.017656,NEGATIVE
unemployed,single,professional.course,unknown,unknown,unknown,telephone,may,(null),0,3746,24,147,6,success,1,0.003549,POSITIVE
student,married,illiterate,unknown,unknown,unknown,telephone,feb,fri,-1,3641,24,153,4,nonexistent,0,-0.015662,NEGATIVE
student,married,illiterate,unknown,unknown,unknown,telephone,feb,fri,-1,3641,24,153,4,nonexistent,1,0.016101,POSITIVE
technician,married,illiterate,unknown,unknown,unknown,telephone,apr,fri,-1,3648,24,145,4,nonexistent,0,-0.005083,NEGATIVE
technician,married,illiterate,unknown,unknown,unknown,telephone,apr,fri,-1,3648,24,145,4,nonexistent,1,0.026677,POSITIVE
management,single,professional.course,unknown,unknown,unknown,telephone,may,(null),0,3625,24,146,5,success,0,-0.005369,NEGATIVE
management,single,professional.course,unknown,unknown,unknown,telephone,may,(null),0,3625,24,146,5,success,1,0.026396,POSITIVE
student,single,professional.course,unknown,unknown,unknown,telephone,nov,(null),0,3734,24,136,5,success,0,-0.030250,NEGATIVE
student,single,professional.course,unknown,unknown,unknown,telephone,nov,(null),0,3734,24,136,5,success,1,0.001513,POSITIVE
self-employed,married,illiterate,unknown,unknown,unknown,telephone,oct,fri,-1,3641,24,137,4,nonexistent,0,-0.010213,NEGATIVE
self-employed,married,illiterate,unknown,unknown,unknown,telephone,oct,fri,-1,3641,24,137,4,nonexistent,1,0.021551,POSITIVE
admin.,divorced,basic.6y,no,no,no,cellular,jul,tue,-3,3524,23,149,0,failure,0,-0.018733,NEGATIVE
admin.,divorced,basic.6y,no,no,no,cellular,jul,tue,-3,3524,23,149,0,failure,1,0.013031,POSITIVE
blue-collar,married,basic.9y,no,no,no,cellular,aug,wed,-2,3540,23,143,2,nonexistent,0,-0.016173,NEGATIVE
blue-collar,married,basic.9y,no,no,no,cellular,aug,wed,-2,3540,23,143,2,nonexistent,1,0.015590,POSITIVE
housemaid,married,illiterate,unknown,unknown,unknown,telephone,aug,fri,-1,3563,21,153,4,nonexistent,0,0.002010,POSITIVE
housemaid,married,illiterate,unknown,unknown,unknown,telephone,aug,fri,-1,3563,21,153,4,nonexistent,1,-0.006301,NEGATIVE
management,single,professional.course,unknown,unknown,unknown,telephone,sep,(null),0,3586,21,147,6,success,0,-0.013513,NEGATIVE
management,single,professional.course,unknown,unknown,unknown,telephone,sep,(null),0,3586,21,147,6,success,1,0.005415,POSITIVE
blue-collar,divorced,basic.6y,no,no,no,cellular,jul,tue,-3,3446,23,141,0,failure,0,-0.002773,NEGATIVE
blue-collar,divorced,basic.6y,no,no,no,cellular,jul,tue,-3,3446,23,141,0,failure,1,0.026945,POSITIVE
housemaid,married,illiterate,unknown,unknown,unknown,telephone,aug,fri,-1,3492,21,145,4,nonexistent,0,-0.011546,NEGATIVE
housemaid,married,illiterate,unknown,unknown,unknown,telephone,aug,fri,-1,3492,21,145,4,nonexistent,1,0.007380,POSITIVE
retired,married,high.school,unknown,unknown,unknown,telephone,apr,thu,-1,3555,24,148,3,nonexistent,0,-0.002360,NEGATIVE
retired,married,high.school,unknown,unknown,unknown,telephone,apr,thu,-1,3555,24,148,3,nonexistent,1,0.029404,POSITIVE
self-employed,divorced,basic.6y,no,no,no,cellular,jan,tue,-3,3446,23,149,0,failure,0,-0.000568,NEGATIVE
self-employed,divorced,basic.6y,no,no,no,cellular,jan,tue,-3,3446,23,149,0,failure,1,0.031194,POSITIVE
blue-collar,married,basic.9y,no,no,no,cellular,feb,wed,-2,3462,23,151,2,nonexistent,0,-0.020267,NEGATIVE
blue-collar,married,basic.9y,no,no,no,cellular,feb,wed,-2,3462,23,151,2,nonexistent,1,0.011496,POSITIVE
entrepreneur,married,basic.9y,no,no,no,cellular,may,wed,-2,3469,23,143,2,nonexistent,0,-0.016570,NEGATIVE
entrepreneur,married,basic.9y,no,no,no,cellular,may,wed,-2,3469,23,143,2,nonexistent,1,0.015194,POSITIVE
entrepreneur,married,basic.9y,no,no,no,cellular,nov,wed,-2,3547,23,135,2,nonexistent,0,-0.012473,NEGATIVE
entrepreneur,married,basic.9y,no,no,no,cellular,nov,wed,-2,3547,23,135,2,nonexistent,1,0.019290,POSITIVE
housemaid,married,basic.9y,no,no,no,cellular,aug,wed,-2,3462,23,135,2,nonexistent,0,-0.029123,NEGATIVE
housemaid,married,basic.9y,no,no,no,cellular,aug,wed,-2,3462,23,135,2,nonexistent,1,0.002640,POSITIVE
housemaid,married,illiterate,unknown,unknown,unknown,telephone,aug,fri,-1,3492,24,129,4,nonexistent,0,-0.010309,NEGATIVE
housemaid,married,illiterate,unknown,unknown,unknown,telephone,aug,fri,-1,3492,24,129,4,nonexistent,1,0.021454,POSITIVE
unemployed,single,professional.course,unknown,unknown,unknown,telephone,may,(null),0,3551,24,131,6,success,0,-0.027301,NEGATIVE
unemployed,single,professional.course,unknown,unknown,unknown,telephone,may,(null),0,3551,24,131,6,success,1,0.004462,POSITIVE
services,married,illiterate,unknown,unknown,unknown,telephone,apr,fri,-1,3492,24,135,4,nonexistent,0,-0.030112,NEGATIVE
services,married,illiterate,unknown,unknown,unknown,telephone,apr,fri,-1,3492,24,135,4,nonexistent,1,0.001653,POSITIVE
management,single,professional.course,unknown,unknown,unknown,telephone,nov,(null),0,3734,12,178,5,success,0,-0.001677,NEGATIVE
management,single,professional.course,unknown,unknown,unknown,telephone,nov,(null),0,3734,12,178,5,success,1,0.000200,POSITIVE
unemployed,single,professional.course,unknown,unknown,unknown,telephone,nov,(null),0,3742,9,179,6,success,0,-0.000851,NEGATIVE
unemployed,single,professional.course,unknown,unknown,unknown,telephone,nov,(null),0,3742,9,179,6,success,1,0.001025,POSITIVE
unemployed,single,professional.course,unknown,unknown,unknown,telephone,sep,(null),0,3664,12,171,6,success,0,-0.001592,NEGATIVE
unemployed,single,professional.course,unknown,unknown,unknown,telephone,sep,(null),0,3664,12,171,6,success,1,0.000283,POSITIVE
entrepreneur,married,basic.9y,no,no,no,cellular,sep,wed,-2,3391,20,143,2,nonexistent,0,-0.013767,NEGATIVE
entrepreneur,married,basic.9y,no,no,no,cellular,sep,wed,-2,3391,20,143,2,nonexistent,1,0.017996,POSITIVE
blue-collar,divorced,basic.6y,no,no,no,cellular,jan,tue,-3,3368,23,149,0,failure,0,-0.009322,NEGATIVE
blue-collar,divorced,basic.6y,no,no,no,cellular,jan,tue,-3,3368,23,149,0,failure,1,0.022440,POSITIVE
services,divorced,basic.6y,no,no,no,cellular,jan,tue,-3,3376,23,142,1,failure,0,-0.031577,NEGATIVE
services,divorced,basic.6y,no,no,no,cellular,jan,tue,-3,3376,23,142,1,failure,1,0.000185,POSITIVE
student,married,high.school,unknown,unknown,unknown,telephone,may,thu,-1,3399,21,144,3,nonexistent,0,-0.010494,NEGATIVE
student,married,high.school,unknown,unknown,unknown,telephone,may,thu,-1,3399,21,144,3,nonexistent,1,0.008433,POSITIVE
blue-collar,divorced,basic.6y,no,no,no,cellular,jan,tue,-3,3298,23,142,1,failure,0,-0.009775,NEGATIVE
blue-collar,divorced,basic.6y,no,no,no,cellular,jan,tue,-3,3298,23,142,1,failure,1,0.019942,POSITIVE
management,married,basic.9y,no,no,no,cellular,sep,wed,-2,3344,21,130,2,nonexistent,0,-0.017006,NEGATIVE
management,married,basic.9y,no,no,no,cellular,sep,wed,-2,3344,21,130,2,nonexistent,1,0.014758,POSITIVE
housemaid,married,illiterate,unknown,unknown,unknown,telephone,feb,fri,-1,3414,24,137,4,nonexistent,0,-0.014404,NEGATIVE
housemaid,married,illiterate,unknown,unknown,unknown,telephone,feb,fri,-1,3414,24,137,4,nonexistent,1,0.017359,POSITIVE
student,married,high.school,unknown,unknown,unknown,telephone,may,thu,-1,3399,24,128,3,nonexistent,0,-0.004682,NEGATIVE
student,married,high.school,unknown,unknown,unknown,telephone,may,thu,-1,3399,24,128,3,nonexistent,1,0.027081,POSITIVE
management,single,professional.course,unknown,unknown,unknown,telephone,may,(null),0,3430,24,130,5,success,0,-0.015013,NEGATIVE
management,single,professional.course,unknown,unknown,unknown,telephone,may,(null),0,3430,24,130,5,success,1,0.016751,POSITIVE
services,divorced,basic.6y,no,no,no,cellular,feb,tue,-3,3298,23,134,1,failure,0,-0.025624,NEGATIVE
services,divorced,basic.6y,no,no,no,cellular,feb,tue,-3,3298,23,134,1,failure,1,0.005760,POSITIVE
housemaid,married,illiterate,unknown,unknown,unknown,telephone,apr,fri,-1,3329,24,129,4,nonexistent,0,-0.006035,NEGATIVE
housemaid,married,illiterate,unknown,unknown,unknown,telephone,apr,fri,-1,3329,24,129,4,nonexistent,1,0.024069,POSITIVE
technician,single,professional.course,unknown,unknown,unknown,telephone,mar,(null),0,3344,21,138,5,success,0,-0.006597,NEGATIVE
technician,single,professional.course,unknown,unknown,unknown,telephone,mar,(null),0,3344,21,138,5,success,1,0.012331,POSITIVE
technician,single,professional.course,unknown,unknown,unknown,telephone,may,(null),0,3352,21,131,6,success,0,-0.018741,NEGATIVE
technician,single,professional.course,unknown,unknown,unknown,telephone,may,(null),0,3352,21,131,6,success,1,0.000188,POSITIVE
student,married,illiterate,unknown,unknown,unknown,telephone,aug,fri,-1,3407,15,153,4,nonexistent,0,-0.001248,NEGATIVE
student,married,illiterate,unknown,unknown,unknown,telephone,aug,fri,-1,3407,15,153,4,nonexistent,1,0.000105,POSITIVE
blue-collar,married,basic.9y,no,no,no,cellular,may,wed,-2,3228,20,143,2,nonexistent,0,-0.011153,NEGATIVE
blue-collar,married,basic.9y,no,no,no,cellular,may,wed,-2,3228,20,143,2,nonexistent,1,0.018327,POSITIVE
self-employed,divorced,basic.6y,no,no,no,cellular,jul,tue,-3,3212,20,133,0,failure,0,-0.028944,NEGATIVE
self-employed,divorced,basic.6y,no,no,no,cellular,jul,tue,-3,3212,20,133,0,failure,1,0.002819,POSITIVE
services,married,basic.9y,no,no,no,cellular,aug,wed,-2,3228,20,127,2,nonexistent,0,-0.012626,NEGATIVE
services,married,basic.9y,no,no,no,cellular,aug,wed,-2,3228,20,127,2,nonexistent,1,0.019138,POSITIVE
housemaid,married,illiterate,unknown,unknown,unknown,telephone,aug,fri,-1,3251,21,129,4,nonexistent,0,-0.004894,NEGATIVE
housemaid,married,illiterate,unknown,unknown,unknown,telephone,aug,fri,-1,3251,21,129,4,nonexistent,1,0.026870,POSITIVE
admin.,divorced,basic.6y,no,no,no,cellular,jul,tue,-3,3133,20,133,0,failure,0,-0.007694,NEGATIVE
admin.,divorced,basic.6y,no,no,no,cellular,jul,tue,-3,3133,20,133,0,failure,1,0.024070,POSITIVE
blue-collar,married,basic.9y,no,no,no,cellular,aug,wed,-2,3149,20,127,2,nonexistent,0,-0.004156,NEGATIVE
blue-collar,married,basic.9y,no,no,no,cellular,aug,wed,-2,3149,20,127,2,nonexistent,1,0.027606,POSITIVE
services,married,basic.9y,no,no,no,cellular,feb,wed,-2,3228,23,127,2,nonexistent,0,-0.010582,NEGATIVE
services,married,basic.9y,no,no,no,cellular,feb,wed,-2,3228,23,127,2,nonexistent,1,0.019136,POSITIVE
services,married,basic.9y,no,no,no,cellular,feb,wed,-2,3149,20,135,2,nonexistent,0,-0.020132,NEGATIVE
services,married,basic.9y,no,no,no,cellular,feb,wed,-2,3149,20,135,2,nonexistent,1,0.011630,POSITIVE
housemaid,married,illiterate,unknown,unknown,unknown,telephone,feb,fri,-1,3172,21,137,4,nonexistent,0,-0.010939,NEGATIVE
housemaid,married,illiterate,unknown,unknown,unknown,telephone,feb,fri,-1,3172,21,137,4,nonexistent,1,0.020825,POSITIVE
self-employed,married,illiterate,unknown,unknown,unknown,telephone,apr,fri,-1,3172,21,129,4,nonexistent,0,-0.000831,NEGATIVE
self-employed,married,illiterate,unknown,unknown,unknown,telephone,apr,fri,-1,3172,21,129,4,nonexistent,1,0.030933,POSITIVE
management,single,professional.course,unknown,unknown,unknown,telephone,may,(null),0,3188,15,146,5,success,0,-0.000639,NEGATIVE
management,single,professional.course,unknown,unknown,unknown,telephone,may,(null),0,3188,15,146,5,success,1,0.000441,POSITIVE
management,single,professional.course,unknown,unknown,unknown,telephone,nov,(null),0,3278,18,131,6,success,0,-0.029278,NEGATIVE
management,single,professional.course,unknown,unknown,unknown,telephone,nov,(null),0,3278,18,131,6,success,1,0.003217,POSITIVE
self-employed,divorced,basic.6y,no,no,no,cellular,apr,tue,-3,3368,8,181,0,failure,0,-0.000332,NEGATIVE
self-employed,divorced,basic.6y,no,no,no,cellular,apr,tue,-3,3368,8,181,0,failure,1,0.000211,POSITIVE
blue-collar,married,basic.9y,no,no,no,cellular,feb,wed,-2,3306,8,182,2,nonexistent,0,-0.000543,NEGATIVE
blue-collar,married,basic.9y,no,no,no,cellular,feb,wed,-2,3306,8,182,2,nonexistent,1,0.000001,POSITIVE
management,married,basic.9y,no,no,no,cellular,sep,wed,-2,3313,5,175,2,nonexistent,0,-0.000245,NEGATIVE
management,married,basic.9y,no,no,no,cellular,sep,wed,-2,3313,5,175,2,nonexistent,1,0.000297,POSITIVE
technician,single,professional.course,unknown,unknown,unknown,telephone,nov,(null),0,3352,3,170,6,success,0,-0.000268,NEGATIVE
technician,single,professional.course,unknown,unknown,unknown,telephone,nov,(null),0,3352,3,170,6,success,1,0.000276,POSITIVE
services,divorced,basic.6y,no,no,no,cellular,apr,tue,-3,3141,1,182,1,failure,0,-0.000379,NEGATIVE
services,divorced,basic.6y,no,no,no,cellular,apr,tue,-3,3141,1,182,1,failure,1,0.000166,POSITIVE
entrepreneur,married,basic.9y,no,no,no,cellular,sep,wed,-2,3157,5,167,2,nonexistent,0,-0.000007,NEGATIVE
entrepreneur,married,basic.9y,no,no,no,cellular,sep,wed,-2,3157,5,167,2,nonexistent,1,0.000536,POSITIVE
self-employed,married,illiterate,unknown,unknown,unknown,telephone,oct,fri,-1,3172,12,145,4,nonexistent,0,-0.000001,NEGATIVE
self-employed,married,illiterate,unknown,unknown,unknown,telephone,oct,fri,-1,3172,12,145,4,nonexistent,1,0.001876,POSITIVE
unemployed,single,professional.course,unknown,unknown,unknown,telephone,may,(null),0,3196,12,147,6,success,0,-0.001865,NEGATIVE
unemployed,single,professional.course,unknown,unknown,unknown,telephone,may,(null),0,3196,12,147,6,success,1,0.000011,POSITIVE
admin.,divorced,basic.6y,no,no,no,cellular,jan,tue,-3,3055,23,125,0,failure,0,-0.028511,NEGATIVE
admin.,divorced,basic.6y,no,no,no,cellular,jan,tue,-3,3055,23,125,0,failure,1,0.001206,POSITIVE
blue-collar,married,basic.9y,no,no,no,cellular,feb,wed,-2,3071,20,135,2,nonexistent,0,-0.009714,NEGATIVE
blue-collar,married,basic.9y,no,no,no,cellular,feb,wed,-2,3071,20,135,2,nonexistent,1,0.022049,POSITIVE
entrepreneur,married,basic.9y,no,no,no,cellular,may,wed,-2,3078,20,127,2,nonexistent,0,-0.006017,NEGATIVE
entrepreneur,married,basic.9y,no,no,no,cellular,may,wed,-2,3078,20,127,2,nonexistent,1,0.025747,POSITIVE
housemaid,married,basic.9y,no,no,no,cellular,feb,wed,-2,2993,20,127,2,nonexistent,0,-0.022666,NEGATIVE
housemaid,married,basic.9y,no,no,no,cellular,feb,wed,-2,2993,20,127,2,nonexistent,1,0.009097,POSITIVE
admin.,divorced,basic.6y,no,no,no,cellular,oct,tue,-3,3055,17,133,0,failure,0,-0.004583,NEGATIVE
admin.,divorced,basic.6y,no,no,no,cellular,oct,tue,-3,3055,17,133,0,failure,1,0.004703,POSITIVE
technician,single,professional.course,unknown,unknown,unknown,telephone,jun,(null),0,3031,15,130,5,success,0,-0.000857,NEGATIVE
technician,single,professional.course,unknown,unknown,unknown,telephone,jun,(null),0,3031,15,130,5,success,1,0.000223,POSITIVE
blue-collar,divorced,basic.6y,no,no,no,cellular,jan,tue,-3,2907,20,126,1,failure,0,-0.002266,NEGATIVE
blue-collar,divorced,basic.6y,no,no,no,cellular,jan,tue,-3,2907,20,126,1,failure,1,0.029498,POSITIVE
admin.,divorced,basic.6y,no,no,no,cellular,jan,tue,-3,2821,14,141,0,failure,0,-0.000351,NEGATIVE
admin.,divorced,basic.6y,no,no,no,cellular,jan,tue,-3,2821,14,141,0,failure,1,0.001526,POSITIVE
admin.,divorced,basic.4y,no,no,no,cellular,oct,mon,-3,2892,17,125,0,failure,0,-0.004002,NEGATIVE
admin.,divorced,basic.4y,no,no,no,cellular,oct,mon,-3,2892,17,125,0,failure,1,0.005285,POSITIVE
self-employed,divorced,basic.6y,no,no,no,cellular,jan,tue,-3,3055,8,165,0,failure,0,-0.001418,NEGATIVE
self-employed,divorced,basic.6y,no,no,no,cellular,jan,tue,-3,3055,8,165,0,failure,1,0.000172,POSITIVE
management,single,professional.course,unknown,unknown,unknown,telephone,nov,(null),0,3109,9,146,5,success,0,-0.001771,NEGATIVE
management,single,professional.course,unknown,unknown,unknown,telephone,nov,(null),0,3109,9,146,5,success,1,0.000105,POSITIVE
unemployed,single,professional.course,unknown,unknown,unknown,telephone,sep,(null),0,3039,9,139,6,success,0,-0.001685,NEGATIVE
unemployed,single,professional.course,unknown,unknown,unknown,telephone,sep,(null),0,3039,9,139,6,success,1,0.000192,POSITIVE
technician,single,professional.course,unknown,unknown,unknown,telephone,mar,(null),0,2953,12,138,5,success,0,-0.000653,NEGATIVE
technician,single,professional.course,unknown,unknown,unknown,telephone,mar,(null),0,2953,12,138,5,success,1,0.001222,POSITIVE
technician,married,illiterate,unknown,unknown,unknown,telephone,may,fri,-1,2867,12,129,4,nonexistent,0,-0.001256,NEGATIVE
technician,married,illiterate,unknown,unknown,unknown,telephone,may,fri,-1,2867,12,129,4,nonexistent,1,0.000618,POSITIVE
self-employed,married,illiterate,unknown,unknown,unknown,telephone,apr,fri,-1,2782,10,133,4,nonexistent,0,-0.001310,NEGATIVE
self-employed,married,illiterate,unknown,unknown,unknown,telephone,apr,fri,-1,2782,10,133,4,nonexistent,1,0.000566,POSITIVE
admin.,divorced,basic.6y,no,no,no,cellular,jan,tue,-3,3680,33,110,0,failure,0,-0.047067,NEGATIVE
admin.,divorced,basic.6y,no,no,no,cellular,jan,tue,-3,3680,33,110,0,failure,1,0.002822,POSITIVE
self-employed,divorced,basic.6y,no,no,no,cellular,jan,tue,-3,3680,33,102,0,failure,0,-0.008604,NEGATIVE
self-employed,divorced,basic.6y,no,no,no,cellular,jan,tue,-3,3680,33,102,0,failure,1,0.041285,POSITIVE
blue-collar,divorced,basic.6y,no,no,no,cellular,jan,tue,-3,3602,33,95,0,failure,0,-0.006334,NEGATIVE
blue-collar,divorced,basic.6y,no,no,no,cellular,jan,tue,-3,3602,33,95,0,failure,1,0.049116,POSITIVE
entrepreneur,divorced,basic.6y,no,no,no,cellular,aug,tue,-3,3688,30,111,1,failure,0,-0.033905,NEGATIVE
entrepreneur,divorced,basic.6y,no,no,no,cellular,aug,tue,-3,3688,30,111,1,failure,1,0.011857,POSITIVE
management,married,basic.9y,no,no,no,cellular,mar,wed,-2,3656,30,115,2,nonexistent,0,-0.041880,NEGATIVE
management,married,basic.9y,no,no,no,cellular,mar,wed,-2,3656,30,115,2,nonexistent,1,0.003883,POSITIVE
student,married,high.school,unknown,unknown,unknown,telephone,oct,thu,-1,3711,27,121,3,nonexistent,0,-0.034255,NEGATIVE
student,married,high.school,unknown,unknown,unknown,telephone,oct,thu,-1,3711,27,121,3,nonexistent,1,0.011509,POSITIVE
student,married,high.school,unknown,unknown,unknown,telephone,oct,thu,-1,3711,28,113,3,nonexistent,0,-0.043918,NEGATIVE
student,married,high.school,unknown,unknown,unknown,telephone,oct,thu,-1,3711,28,113,3,nonexistent,1,0.001844,POSITIVE
retired,married,high.school,unknown,unknown,unknown,telephone,oct,thu,-1,3633,27,117,3,nonexistent,0,-0.021717,NEGATIVE
retired,married,high.school,unknown,unknown,unknown,telephone,oct,thu,-1,3633,27,117,3,nonexistent,1,0.024045,POSITIVE
student,single,professional.course,unknown,unknown,unknown,telephone,may,(null),0,3656,28,115,5,success,0,-0.004640,NEGATIVE
student,single,professional.course,unknown,unknown,unknown,telephone,may,(null),0,3656,28,115,5,success,1,0.041124,POSITIVE
services,married,basic.9y,no,no,no,cellular,aug,wed,-2,3696,30,104,2,nonexistent,0,-0.041607,NEGATIVE
services,married,basic.9y,no,no,no,cellular,aug,wed,-2,3696,30,104,2,nonexistent,1,0.006866,POSITIVE
entrepreneur,married,basic.9y,no,no,no,cellular,sep,wed,-2,3703,30,104,2,nonexistent,0,-0.036022,NEGATIVE
entrepreneur,married,basic.9y,no,no,no,cellular,sep,wed,-2,3703,30,104,2,nonexistent,1,0.013866,POSITIVE
retired,married,high.school,unknown,unknown,unknown,telephone,oct,thu,-1,3711,31,97,3,nonexistent,0,-0.049678,NEGATIVE
retired,married,high.school,unknown,unknown,unknown,telephone,oct,thu,-1,3711,31,97,3,nonexistent,1,0.000210,POSITIVE
housemaid,married,basic.9y,no,no,no,cellular,aug,wed,-2,3618,30,98,2,nonexistent,0,-0.044667,NEGATIVE
housemaid,married,basic.9y,no,no,no,cellular,aug,wed,-2,3618,30,98,2,nonexistent,1,0.005221,POSITIVE
services,married,illiterate,unknown,unknown,unknown,telephone,apr,fri,-1,3703,31,104,4,nonexistent,0,-0.033595,NEGATIVE
services,married,illiterate,unknown,unknown,unknown,telephone,apr,fri,-1,3703,31,104,4,nonexistent,1,0.012166,POSITIVE
management,single,professional.course,unknown,unknown,unknown,telephone,nov,(null),0,3742,28,108,6,success,0,-0.013063,NEGATIVE
management,single,professional.course,unknown,unknown,unknown,telephone,nov,(null),0,3742,28,108,6,success,1,0.032699,POSITIVE
services,married,illiterate,unknown,unknown,unknown,telephone,oct,fri,-1,3648,28,106,4,nonexistent,0,-0.037354,NEGATIVE
services,married,illiterate,unknown,unknown,unknown,telephone,oct,fri,-1,3648,28,106,4,nonexistent,1,0.008408,POSITIVE
management,single,professional.course,unknown,unknown,unknown,telephone,nov,(null),0,3664,28,100,6,success,0,-0.000559,NEGATIVE
management,single,professional.course,unknown,unknown,unknown,telephone,nov,(null),0,3664,28,100,6,success,1,0.045205,POSITIVE
admin.,divorced,basic.6y,no,no,no,cellular,jan,tue,-3,3524,30,118,0,failure,0,-0.038209,NEGATIVE
admin.,divorced,basic.6y,no,no,no,cellular,jan,tue,-3,3524,30,118,0,failure,1,0.007553,POSITIVE
self-employed,divorced,basic.6y,no,no,no,cellular,jan,tue,-3,3524,30,110,0,failure,0,-0.036461,NEGATIVE
self-employed,divorced,basic.6y,no,no,no,cellular,jan,tue,-3,3524,30,110,0,failure,1,0.009301,POSITIVE
admin.,divorced,basic.6y,no,no,no,cellular,apr,tue,-3,3524,30,110,0,failure,0,-0.038499,NEGATIVE
admin.,divorced,basic.6y,no,no,no,cellular,apr,tue,-3,3524,30,110,0,failure,1,0.007264,POSITIVE
admin.,divorced,basic.6y,no,no,no,cellular,jan,tue,-3,3446,30,110,0,failure,0,-0.031136,NEGATIVE
admin.,divorced,basic.6y,no,no,no,cellular,jan,tue,-3,3446,30,110,0,failure,1,0.014626,POSITIVE
housemaid,married,basic.9y,no,no,no,cellular,aug,wed,-2,3485,26,114,2,nonexistent,0,-0.022845,NEGATIVE
housemaid,married,basic.9y,no,no,no,cellular,aug,wed,-2,3485,26,114,2,nonexistent,1,0.022915,POSITIVE
self-employed,married,illiterate,unknown,unknown,unknown,telephone,apr,fri,-1,3531,27,118,4,nonexistent,0,-0.016518,NEGATIVE
self-employed,married,illiterate,unknown,unknown,unknown,telephone,apr,fri,-1,3531,27,118,4,nonexistent,1,0.029245,POSITIVE
blue-collar,divorced,basic.6y,no,no,no,cellular,aug,tue,-3,3532,30,95,1,failure,0,-0.008204,NEGATIVE
blue-collar,divorced,basic.6y,no,no,no,cellular,aug,tue,-3,3532,30,95,1,failure,1,0.041686,POSITIVE
self-employed,divorced,basic.6y,no,no,no,cellular,apr,tue,-3,3524,30,102,0,failure,0,-0.033592,NEGATIVE
self-employed,divorced,basic.6y,no,no,no,cellular,apr,tue,-3,3524,30,102,0,failure,1,0.014444,POSITIVE
blue-collar,married,basic.9y,no,no,no,cellular,may,wed,-2,3540,30,104,2,nonexistent,0,-0.010932,NEGATIVE
blue-collar,married,basic.9y,no,no,no,cellular,may,wed,-2,3540,30,104,2,nonexistent,1,0.038954,POSITIVE
services,married,basic.9y,no,no,no,cellular,may,wed,-2,3540,30,96,2,nonexistent,0,-0.005833,NEGATIVE
services,married,basic.9y,no,no,no,cellular,may,wed,-2,3540,30,96,2,nonexistent,1,0.044057,POSITIVE
self-employed,divorced,basic.6y,no,no,no,cellular,jan,tue,-3,3446,30,102,0,failure,0,-0.023955,NEGATIVE
self-employed,divorced,basic.6y,no,no,no,cellular,jan,tue,-3,3446,30,102,0,failure,1,0.021807,POSITIVE
blue-collar,married,basic.9y,no,no,no,cellular,may,wed,-2,3462,30,96,2,nonexistent,0,-0.036151,NEGATIVE
blue-collar,married,basic.9y,no,no,no,cellular,may,wed,-2,3462,30,96,2,nonexistent,1,0.013737,POSITIVE
student,married,high.school,unknown,unknown,unknown,telephone,oct,thu,-1,3555,27,105,3,nonexistent,0,-0.036404,NEGATIVE
student,married,high.school,unknown,unknown,unknown,telephone,oct,thu,-1,3555,27,105,3,nonexistent,1,0.009359,POSITIVE
management,single,professional.course,unknown,unknown,unknown,telephone,nov,(null),0,3586,26,108,6,success,0,-0.023046,NEGATIVE
management,single,professional.course,unknown,unknown,unknown,telephone,nov,(null),0,3586,26,108,6,success,1,0.022716,POSITIVE
services,married,illiterate,unknown,unknown,unknown,telephone,oct,fri,-1,3570,28,98,4,nonexistent,0,-0.024846,NEGATIVE
services,married,illiterate,unknown,unknown,unknown,telephone,oct,fri,-1,3570,28,98,4,nonexistent,1,0.020916,POSITIVE
retired,married,high.school,unknown,unknown,unknown,telephone,oct,thu,-1,3477,27,101,3,nonexistent,0,-0.023865,NEGATIVE
retired,married,high.school,unknown,unknown,unknown,telephone,oct,thu,-1,3477,27,101,3,nonexistent,1,0.021898,POSITIVE
admin.,divorced,basic.4y,no,no,no,cellular,jul,mon,-3,3673,33,79,0,failure,0,-0.001422,NEGATIVE
admin.,divorced,basic.4y,no,no,no,cellular,jul,mon,-3,3673,33,79,0,failure,1,0.049447,POSITIVE
management,married,basic.9y,no,no,no,cellular,mar,wed,-2,3703,34,84,2,nonexistent,0,-0.027923,NEGATIVE
management,married,basic.9y,no,no,no,cellular,mar,wed,-2,3703,34,84,2,nonexistent,1,0.021965,POSITIVE
blue-collar,divorced,basic.6y,no,no,no,cellular,feb,tue,-3,3602,33,80,0,failure,0,-0.044301,NEGATIVE
blue-collar,divorced,basic.6y,no,no,no,cellular,feb,tue,-3,3602,33,80,0,failure,1,0.006567,POSITIVE
management,married,basic.9y,no,no,no,cellular,may,wed,-2,3703,34,68,2,nonexistent,0,-0.030071,NEGATIVE
management,married,basic.9y,no,no,no,cellular,may,wed,-2,3703,34,68,2,nonexistent,1,0.022318,POSITIVE
entrepreneur,divorced,basic.6y,no,no,no,cellular,mar,tue,-3,3610,33,65,1,failure,0,-0.049201,NEGATIVE
entrepreneur,divorced,basic.6y,no,no,no,cellular,mar,tue,-3,3610,33,65,1,failure,1,0.001667,POSITIVE
housemaid,married,basic.9y,no,no,no,cellular,feb,wed,-2,3540,33,83,2,nonexistent,0,-0.042234,NEGATIVE
housemaid,married,basic.9y,no,no,no,cellular,feb,wed,-2,3540,33,83,2,nonexistent,1,0.007655,POSITIVE
blue-collar,divorced,basic.6y,no,no,no,cellular,jan,tue,-3,3524,33,64,0,failure,0,-0.049931,NEGATIVE
blue-collar,divorced,basic.6y,no,no,no,cellular,jan,tue,-3,3524,33,64,0,failure,1,0.000936,POSITIVE
student,married,basic.9y,no,no,no,cellular,mar,wed,-2,3469,33,65,2,nonexistent,0,-0.028968,NEGATIVE
student,married,basic.9y,no,no,no,cellular,mar,wed,-2,3469,33,65,2,nonexistent,1,0.023422,POSITIVE
technician,married,illiterate,unknown,unknown,unknown,telephone,aug,fri,-1,3726,31,91,4,nonexistent,0,-0.000272,NEGATIVE
technician,married,illiterate,unknown,unknown,unknown,telephone,aug,fri,-1,3726,31,91,4,nonexistent,1,0.049615,POSITIVE
unemployed,single,professional.course,unknown,unknown,unknown,telephone,nov,(null),0,3742,30,85,6,success,0,-0.049710,NEGATIVE
unemployed,single,professional.course,unknown,unknown,unknown,telephone,nov,(null),0,3742,30,85,6,success,1,0.000177,POSITIVE
management,single,professional.course,unknown,unknown,unknown,telephone,nov,(null),0,3734,32,84,5,success,0,-0.027689,NEGATIVE
management,single,professional.course,unknown,unknown,unknown,telephone,nov,(null),0,3734,32,84,5,success,1,0.022199,POSITIVE
services,divorced,basic.6y,no,no,no,cellular,oct,tue,-3,3610,30,88,1,failure,0,-0.015565,NEGATIVE
services,divorced,basic.6y,no,no,no,cellular,oct,tue,-3,3610,30,88,1,failure,1,0.034324,POSITIVE
self-employed,married,illiterate,unknown,unknown,unknown,telephone,oct,fri,-1,3641,31,83,4,nonexistent,0,-0.004874,NEGATIVE
self-employed,married,illiterate,unknown,unknown,unknown,telephone,oct,fri,-1,3641,31,83,4,nonexistent,1,0.045013,POSITIVE
technician,single,professional.course,unknown,unknown,unknown,telephone,may,(null),0,3656,31,91,5,success,0,-0.016941,NEGATIVE
technician,single,professional.course,unknown,unknown,unknown,telephone,may,(null),0,3656,31,91,5,success,1,0.032946,POSITIVE
technician,single,professional.course,unknown,unknown,unknown,telephone,nov,(null),0,3742,31,77,6,success,0,-0.006078,NEGATIVE
technician,single,professional.course,unknown,unknown,unknown,telephone,nov,(null),0,3742,31,77,6,success,1,0.043809,POSITIVE
technician,married,illiterate,unknown,unknown,unknown,telephone,oct,fri,-1,3648,31,75,4,nonexistent,0,-0.005433,NEGATIVE
technician,married,illiterate,unknown,unknown,unknown,telephone,oct,fri,-1,3648,31,75,4,nonexistent,1,0.044456,POSITIVE
technician,single,professional.course,unknown,unknown,unknown,telephone,nov,(null),0,3664,31,69,6,success,0,-0.031296,NEGATIVE
technician,single,professional.course,unknown,unknown,unknown,telephone,nov,(null),0,3664,31,69,6,success,1,0.018592,POSITIVE
management,married,basic.9y,no,no,no,cellular,sep,wed,-2,3547,30,84,2,nonexistent,0,-0.018785,NEGATIVE
management,married,basic.9y,no,no,no,cellular,sep,wed,-2,3547,30,84,2,nonexistent,1,0.031103,POSITIVE
student,married,high.school,unknown,unknown,unknown,telephone,may,thu,-1,3555,31,90,3,nonexistent,0,-0.001719,NEGATIVE
student,married,high.school,unknown,unknown,unknown,telephone,may,thu,-1,3555,31,90,3,nonexistent,1,0.048169,POSITIVE
technician,single,professional.course,unknown,unknown,unknown,telephone,mar,(null),0,3578,31,91,5,success,0,-0.048866,NEGATIVE
technician,single,professional.course,unknown,unknown,unknown,telephone,mar,(null),0,3578,31,91,5,success,1,0.001021,POSITIVE
student,single,professional.course,unknown,unknown,unknown,telephone,may,(null),0,3578,31,84,5,success,0,-0.001412,NEGATIVE
student,single,professional.course,unknown,unknown,unknown,telephone,may,(null),0,3578,31,84,5,success,1,0.048473,POSITIVE
self-employed,divorced,basic.4y,no,no,no,cellular,jul,mon,-3,3439,30,87,0,failure,0,-0.017009,NEGATIVE
self-employed,divorced,basic.4y,no,no,no,cellular,jul,mon,-3,3439,30,87,0,failure,1,0.032879,POSITIVE
housemaid,married,basic.9y,no,no,no,cellular,aug,wed,-2,3462,30,81,2,nonexistent,0,-0.028886,NEGATIVE
housemaid,married,basic.9y,no,no,no,cellular,aug,wed,-2,3462,30,81,2,nonexistent,1,0.021001,POSITIVE
housemaid,married,illiterate,unknown,unknown,unknown,telephone,apr,fri,-1,3485,31,90,4,nonexistent,0,-0.036427,NEGATIVE
housemaid,married,illiterate,unknown,unknown,unknown,telephone,apr,fri,-1,3485,31,90,4,nonexistent,1,0.013459,POSITIVE
student,married,illiterate,unknown,unknown,unknown,telephone,apr,fri,-1,3485,31,83,4,nonexistent,0,-0.040058,NEGATIVE
student,married,illiterate,unknown,unknown,unknown,telephone,apr,fri,-1,3485,31,83,4,nonexistent,1,0.009830,POSITIVE
admin.,divorced,basic.6y,no,no,no,cellular,jan,tue,-3,3446,32,79,0,failure,0,-0.027862,NEGATIVE
admin.,divorced,basic.6y,no,no,no,cellular,jan,tue,-3,3446,32,79,0,failure,1,0.025566,POSITIVE
technician,single,professional.course,unknown,unknown,unknown,telephone,nov,(null),0,3578,28,91,5,success,0,-0.019802,NEGATIVE
technician,single,professional.course,unknown,unknown,unknown,telephone,nov,(null),0,3578,28,91,5,success,1,0.030088,POSITIVE
management,single,professional.course,unknown,unknown,unknown,telephone,nov,(null),0,3586,28,92,6,success,0,-0.027534,NEGATIVE
management,single,professional.course,unknown,unknown,unknown,telephone,nov,(null),0,3586,28,92,6,success,1,0.022354,POSITIVE
unemployed,single,professional.course,unknown,unknown,unknown,telephone,nov,(null),0,3586,28,85,6,success,0,-0.025707,NEGATIVE
unemployed,single,professional.course,unknown,unknown,unknown,telephone,nov,(null),0,3586,28,85,6,success,1,0.024181,POSITIVE
services,married,illiterate,unknown,unknown,unknown,telephone,oct,fri,-1,3492,28,91,4,nonexistent,0,-0.046922,NEGATIVE
services,married,illiterate,unknown,unknown,unknown,telephone,oct,fri,-1,3492,28,91,4,nonexistent,1,0.002967,POSITIVE
student,single,professional.course,unknown,unknown,unknown,telephone,nov,(null),0,3500,28,84,5,success,0,-0.004273,NEGATIVE
student,single,professional.course,unknown,unknown,unknown,telephone,nov,(null),0,3500,28,84,5,success,1,0.045616,POSITIVE
services,married,illiterate,unknown,unknown,unknown,telephone,sep,fri,-1,3547,31,73,4,nonexistent,0,-0.019963,NEGATIVE
services,married,illiterate,unknown,unknown,unknown,telephone,sep,fri,-1,3547,31,73,4,nonexistent,1,0.029924,POSITIVE
technician,single,professional.course,unknown,unknown,unknown,telephone,nov,(null),0,3508,28,77,6,success,0,-0.011633,NEGATIVE
technician,single,professional.course,unknown,unknown,unknown,telephone,nov,(null),0,3508,28,77,6,success,1,0.038254,POSITIVE
blue-collar,divorced,basic.6y,no,no,no,cellular,jan,tue,-3,3368,28,118,0,failure,0,-0.042705,NEGATIVE
blue-collar,divorced,basic.6y,no,no,no,cellular,jan,tue,-3,3368,28,118,0,failure,1,0.003057,POSITIVE
self-employed,divorced,basic.6y,no,no,no,cellular,jan,tue,-3,3368,28,110,0,failure,0,-0.004741,NEGATIVE
self-employed,divorced,basic.6y,no,no,no,cellular,jan,tue,-3,3368,28,110,0,failure,1,0.041023,POSITIVE
housemaid,married,basic.9y,no,no,no,cellular,feb,wed,-2,3306,26,114,2,nonexistent,0,-0.039309,NEGATIVE
housemaid,married,basic.9y,no,no,no,cellular,feb,wed,-2,3306,26,114,2,nonexistent,1,0.006453,POSITIVE
entrepreneur,divorced,basic.6y,no,no,no,cellular,feb,tue,-3,3376,30,96,1,failure,0,-0.027383,NEGATIVE
entrepreneur,divorced,basic.6y,no,no,no,cellular,feb,tue,-3,3376,30,96,1,failure,1,0.022505,POSITIVE
admin.,divorced,basic.6y,no,no,no,cellular,jan,tue,-3,3290,30,94,0,failure,0,-0.015039,NEGATIVE
admin.,divorced,basic.6y,no,no,no,cellular,jan,tue,-3,3290,30,94,0,failure,1,0.034850,POSITIVE
housemaid,married,basic.9y,no,no,no,cellular,aug,wed,-2,3329,26,98,2,nonexistent,0,-0.014129,NEGATIVE
housemaid,married,basic.9y,no,no,no,cellular,aug,wed,-2,3329,26,98,2,nonexistent,1,0.031633,POSITIVE
self-employed,married,illiterate,unknown,unknown,unknown,telephone,apr,fri,-1,3375,27,102,4,nonexistent,0,-0.024098,NEGATIVE
self-employed,married,illiterate,unknown,unknown,unknown,telephone,apr,fri,-1,3375,27,102,4,nonexistent,1,0.021665,POSITIVE
admin.,divorced,basic.6y,no,no,no,cellular,jan,tue,-3,3212,26,118,0,failure,0,-0.016469,NEGATIVE
admin.,divorced,basic.6y,no,no,no,cellular,jan,tue,-3,3212,26,118,0,failure,1,0.029293,POSITIVE
entrepreneur,divorced,basic.6y,no,no,no,cellular,feb,tue,-3,3220,26,111,1,failure,0,-0.027133,NEGATIVE
entrepreneur,divorced,basic.6y,no,no,no,cellular,feb,tue,-3,3220,26,111,1,failure,1,0.018631,POSITIVE
admin.,divorced,basic.6y,no,no,no,cellular,jan,tue,-3,3133,26,110,0,failure,0,-0.014266,NEGATIVE
admin.,divorced,basic.6y,no,no,no,cellular,jan,tue,-3,3133,26,110,0,failure,1,0.031497,POSITIVE
housemaid,married,basic.9y,no,no,no,cellular,feb,wed,-2,3149,26,98,2,nonexistent,0,-0.034380,NEGATIVE
housemaid,married,basic.9y,no,no,no,cellular,feb,wed,-2,3149,26,98,2,nonexistent,1,0.011382,POSITIVE
admin.,divorced,basic.4y,no,no,no,cellular,jul,mon,-3,3361,30,87,0,failure,0,-0.027684,NEGATIVE
admin.,divorced,basic.4y,no,no,no,cellular,jul,mon,-3,3361,30,87,0,failure,1,0.022206,POSITIVE
self-employed,divorced,basic.4y,no,no,no,cellular,jul,mon,-3,3361,30,79,0,failure,0,-0.042226,NEGATIVE
self-employed,divorced,basic.4y,no,no,no,cellular,jul,mon,-3,3361,30,79,0,failure,1,0.007660,POSITIVE
blue-collar,divorced,basic.6y,no,no,no,cellular,aug,tue,-3,3376,30,80,1,failure,0,-0.022816,NEGATIVE
blue-collar,divorced,basic.6y,no,no,no,cellular,aug,tue,-3,3376,30,80,1,failure,1,0.027071,POSITIVE
services,married,basic.9y,no,no,no,cellular,feb,wed,-2,3384,30,88,2,nonexistent,0,-0.003165,NEGATIVE
services,married,basic.9y,no,no,no,cellular,feb,wed,-2,3384,30,88,2,nonexistent,1,0.046723,POSITIVE
retired,married,high.school,unknown,unknown,unknown,telephone,apr,thu,-1,3399,31,82,3,nonexistent,0,-0.025425,NEGATIVE
retired,married,high.school,unknown,unknown,unknown,telephone,apr,thu,-1,3399,31,82,3,nonexistent,1,0.024462,POSITIVE
housemaid,married,basic.9y,no,no,no,cellular,feb,wed,-2,3306,30,83,2,nonexistent,0,-0.006227,NEGATIVE
housemaid,married,basic.9y,no,no,no,cellular,feb,wed,-2,3306,30,83,2,nonexistent,1,0.043661,POSITIVE
self-employed,married,illiterate,unknown,unknown,unknown,telephone,oct,fri,-1,3407,27,87,4,nonexistent,0,-0.001278,NEGATIVE
self-employed,married,illiterate,unknown,unknown,unknown,telephone,oct,fri,-1,3407,27,87,4,nonexistent,1,0.048610,POSITIVE
self-employed,married,illiterate,unknown,unknown,unknown,telephone,aug,fri,-1,3329,27,87,4,nonexistent,0,-0.033204,NEGATIVE
self-employed,married,illiterate,unknown,unknown,unknown,telephone,aug,fri,-1,3329,27,87,4,nonexistent,1,0.016684,POSITIVE
admin.,divorced,basic.4y,no,no,no,cellular,oct,mon,-3,3361,30,71,0,failure,0,-0.017169,NEGATIVE
admin.,divorced,basic.4y,no,no,no,cellular,oct,mon,-3,3361,30,71,0,failure,1,0.038282,POSITIVE
student,married,basic.9y,no,no,no,cellular,sep,wed,-2,3391,30,65,2,nonexistent,0,-0.006301,NEGATIVE
student,married,basic.9y,no,no,no,cellular,sep,wed,-2,3391,30,65,2,nonexistent,1,0.043587,POSITIVE
housemaid,married,high.school,unknown,unknown,unknown,telephone,oct,thu,-1,3399,31,66,3,nonexistent,0,-0.034128,NEGATIVE
housemaid,married,high.school,unknown,unknown,unknown,telephone,oct,thu,-1,3399,31,66,3,nonexistent,1,0.015759,POSITIVE
services,divorced,basic.6y,no,no,no,cellular,feb,tue,-3,3376,32,72,1,failure,0,-0.015776,NEGATIVE
services,divorced,basic.6y,no,no,no,cellular,feb,tue,-3,3376,32,72,1,failure,1,0.039675,POSITIVE
self-employed,divorced,basic.6y,no,no,no,cellular,jan,tue,-3,3368,32,63,0,failure,0,-0.047287,NEGATIVE
self-employed,divorced,basic.6y,no,no,no,cellular,jan,tue,-3,3368,32,63,0,failure,1,0.003581,POSITIVE
management,single,professional.course,unknown,unknown,unknown,telephone,may,(null),0,3430,31,69,6,success,0,-0.018217,NEGATIVE
management,single,professional.course,unknown,unknown,unknown,telephone,may,(null),0,3430,31,69,6,success,1,0.031672,POSITIVE
blue-collar,divorced,basic.6y,no,no,no,cellular,jul,tue,-3,3290,30,64,0,failure,0,-0.049868,NEGATIVE
blue-collar,divorced,basic.6y,no,no,no,cellular,jul,tue,-3,3290,30,64,0,failure,1,0.002522,POSITIVE
student,married,basic.9y,no,no,no,cellular,mar,wed,-2,3313,30,73,2,nonexistent,0,-0.025338,NEGATIVE
student,married,basic.9y,no,no,no,cellular,mar,wed,-2,3313,30,73,2,nonexistent,1,0.024549,POSITIVE
technician,married,illiterate,unknown,unknown,unknown,telephone,apr,fri,-1,3336,30,67,4,nonexistent,0,-0.021343,NEGATIVE
technician,married,illiterate,unknown,unknown,unknown,telephone,apr,fri,-1,3336,30,67,4,nonexistent,1,0.028548,POSITIVE
management,single,professional.course,unknown,unknown,unknown,telephone,mar,(null),0,3352,31,69,6,success,0,-0.003682,NEGATIVE
management,single,professional.course,unknown,unknown,unknown,telephone,mar,(null),0,3352,31,69,6,success,1,0.046207,POSITIVE
technician,single,professional.course,unknown,unknown,unknown,telephone,nov,(null),0,3430,28,69,6,success,0,-0.036851,NEGATIVE
technician,single,professional.course,unknown,unknown,unknown,telephone,nov,(null),0,3430,28,69,6,success,1,0.013037,POSITIVE
services,married,illiterate,unknown,unknown,unknown,telephone,oct,fri,-1,3336,28,73,4,nonexistent,0,-0.016951,NEGATIVE
services,married,illiterate,unknown,unknown,unknown,telephone,oct,fri,-1,3336,28,73,4,nonexistent,1,0.032937,POSITIVE
blue-collar,divorced,basic.6y,no,no,no,cellular,jan,tue,-3,3212,30,80,0,failure,0,-0.052687,NEGATIVE
blue-collar,divorced,basic.6y,no,no,no,cellular,jan,tue,-3,3212,30,80,0,failure,1,0.002763,POSITIVE
admin.,divorced,basic.4y,no,no,no,cellular,jul,mon,-3,3205,28,87,0,failure,0,-0.003680,NEGATIVE
admin.,divorced,basic.4y,no,no,no,cellular,jul,mon,-3,3205,28,87,0,failure,1,0.046208,POSITIVE
management,married,basic.9y,no,no,no,cellular,sep,wed,-2,3235,27,81,2,nonexistent,0,-0.004584,NEGATIVE
management,married,basic.9y,no,no,no,cellular,sep,wed,-2,3235,27,81,2,nonexistent,1,0.045304,POSITIVE
entrepreneur,divorced,basic.6y,no,no,no,cellular,aug,tue,-3,3141,26,88,1,failure,0,-0.009762,NEGATIVE
entrepreneur,divorced,basic.6y,no,no,no,cellular,aug,tue,-3,3141,26,88,1,failure,1,0.040127,POSITIVE
blue-collar,married,basic.9y,no,no,no,cellular,aug,wed,-2,3149,26,81,2,nonexistent,0,-0.010953,NEGATIVE
blue-collar,married,basic.9y,no,no,no,cellular,aug,wed,-2,3149,26,81,2,nonexistent,1,0.038935,POSITIVE
self-employed,married,illiterate,unknown,unknown,unknown,telephone,apr,fri,-1,3219,27,87,4,nonexistent,0,-0.042803,NEGATIVE
self-employed,married,illiterate,unknown,unknown,unknown,telephone,apr,fri,-1,3219,27,87,4,nonexistent,1,0.007085,POSITIVE
admin.,divorced,basic.4y,no,no,no,cellular,jan,mon,-3,3205,30,63,0,failure,0,-0.045421,NEGATIVE
admin.,divorced,basic.4y,no,no,no,cellular,jan,mon,-3,3205,30,63,0,failure,1,0.005447,POSITIVE
self-employed,divorced,basic.6y,no,no,no,cellular,jan,tue,-3,3169,30,71,0,failure,0,-0.051406,NEGATIVE
self-employed,divorced,basic.6y,no,no,no,cellular,jan,tue,-3,3169,30,71,0,failure,1,0.004044,POSITIVE
services,divorced,basic.6y,no,no,no,cellular,aug,tue,-3,3220,28,72,1,failure,0,-0.000261,NEGATIVE
services,divorced,basic.6y,no,no,no,cellular,aug,tue,-3,3220,28,72,1,failure,1,0.049626,POSITIVE
housemaid,married,illiterate,unknown,unknown,unknown,telephone,oct,fri,-1,3251,27,75,4,nonexistent,0,-0.034982,NEGATIVE
housemaid,married,illiterate,unknown,unknown,unknown,telephone,oct,fri,-1,3251,27,75,4,nonexistent,1,0.014906,POSITIVE
technician,single,professional.course,unknown,unknown,unknown,telephone,nov,(null),0,3274,26,69,6,success,0,-0.012848,NEGATIVE
technician,single,professional.course,unknown,unknown,unknown,telephone,nov,(null),0,3274,26,69,6,success,1,0.037039,POSITIVE
management,married,basic.9y,no,no,no,cellular,sep,wed,-2,3157,27,73,2,nonexistent,0,-0.032908,NEGATIVE
management,married,basic.9y,no,no,no,cellular,sep,wed,-2,3157,27,73,2,nonexistent,1,0.016982,POSITIVE
management,married,basic.9y,no,no,no,cellular,sep,wed,-2,3181,28,65,2,nonexistent,0,-0.029062,NEGATIVE
management,married,basic.9y,no,no,no,cellular,sep,wed,-2,3181,28,65,2,nonexistent,1,0.020827,POSITIVE
services,married,illiterate,unknown,unknown,unknown,telephone,apr,fri,-1,3180,28,75,4,nonexistent,0,-0.010034,NEGATIVE
services,married,illiterate,unknown,unknown,unknown,telephone,apr,fri,-1,3180,28,75,4,nonexistent,1,0.039854,POSITIVE
management,single,professional.course,unknown,unknown,unknown,telephone,may,(null),0,3196,28,69,6,success,0,-0.024287,NEGATIVE
management,single,professional.course,unknown,unknown,unknown,telephone,may,(null),0,3196,28,69,6,success,1,0.025600,POSITIVE
retired,married,high.school,unknown,unknown,unknown,telephone,jul,thu,-1,3711,35,55,3,nonexistent,0,-0.039021,NEGATIVE
retired,married,high.school,unknown,unknown,unknown,telephone,jul,thu,-1,3711,35,55,3,nonexistent,1,0.013369,POSITIVE
admin.,divorced,basic.4y,no,no,no,cellular,jul,mon,-3,3595,33,48,0,failure,0,-0.028204,NEGATIVE
admin.,divorced,basic.4y,no,no,no,cellular,jul,mon,-3,3595,33,48,0,failure,1,0.023732,POSITIVE
housemaid,married,basic.9y,no,no,no,cellular,feb,wed,-2,3618,34,52,2,nonexistent,0,-0.016239,NEGATIVE
housemaid,married,basic.9y,no,no,no,cellular,feb,wed,-2,3618,34,52,2,nonexistent,1,0.034630,POSITIVE
self-employed,married,illiterate,unknown,unknown,unknown,telephone,aug,fri,-1,3719,35,40,4,nonexistent,0,-0.047970,NEGATIVE
self-employed,married,illiterate,unknown,unknown,unknown,telephone,aug,fri,-1,3719,35,40,4,nonexistent,1,0.004419,POSITIVE
housemaid,married,basic.9y,no,no,no,cellular,apr,wed,-2,3618,34,36,2,nonexistent,0,-0.029118,NEGATIVE
housemaid,married,basic.9y,no,no,no,cellular,apr,wed,-2,3618,34,36,2,nonexistent,1,0.022819,POSITIVE
admin.,divorced,basic.4y,no,no,no,cellular,jan,mon,-3,3517,33,48,0,failure,0,-0.032459,NEGATIVE
admin.,divorced,basic.4y,no,no,no,cellular,jan,mon,-3,3517,33,48,0,failure,1,0.019478,POSITIVE
services,married,basic.9y,no,no,no,cellular,feb,wed,-2,3462,33,57,2,nonexistent,0,-0.042868,NEGATIVE
services,married,basic.9y,no,no,no,cellular,feb,wed,-2,3462,33,57,2,nonexistent,1,0.009522,POSITIVE
self-employed,married,illiterate,unknown,unknown,unknown,telephone,apr,fri,-1,3500,34,52,4,nonexistent,0,-0.040072,NEGATIVE
self-employed,married,illiterate,unknown,unknown,unknown,telephone,apr,fri,-1,3500,34,52,4,nonexistent,1,0.012318,POSITIVE
admin.,divorced,basic.4y,no,no,no,cellular,jan,mon,-3,3517,33,32,0,failure,0,-0.033230,NEGATIVE
admin.,divorced,basic.4y,no,no,no,cellular,jan,mon,-3,3517,33,32,0,failure,1,0.024201,POSITIVE
self-employed,married,illiterate,unknown,unknown,unknown,telephone,oct,fri,-1,3500,33,40,4,nonexistent,0,-0.028758,NEGATIVE
self-employed,married,illiterate,unknown,unknown,unknown,telephone,oct,fri,-1,3500,33,40,4,nonexistent,1,0.023632,POSITIVE
retired,married,high.school,unknown,unknown,unknown,telephone,apr,thu,-1,3477,34,39,3,nonexistent,0,-0.046895,NEGATIVE
retired,married,high.school,unknown,unknown,unknown,telephone,apr,thu,-1,3477,34,39,3,nonexistent,1,0.003974,POSITIVE
technician,single,professional.course,unknown,unknown,unknown,telephone,nov,(null),0,3586,31,60,6,success,0,-0.023406,NEGATIVE
technician,single,professional.course,unknown,unknown,unknown,telephone,nov,(null),0,3586,31,60,6,success,1,0.026482,POSITIVE
self-employed,divorced,basic.6y,no,no,no,cellular,jul,tue,-3,3446,32,56,0,failure,0,-0.032658,NEGATIVE
self-employed,divorced,basic.6y,no,no,no,cellular,jul,tue,-3,3446,32,56,0,failure,1,0.019732,POSITIVE
blue-collar,divorced,basic.6y,no,no,no,cellular,aug,tue,-3,3454,32,57,1,failure,0,-0.048724,NEGATIVE
blue-collar,divorced,basic.6y,no,no,no,cellular,aug,tue,-3,3454,32,57,1,failure,1,0.002145,POSITIVE
entrepreneur,divorced,basic.6y,no,no,no,cellular,aug,tue,-3,3454,32,49,1,failure,0,-0.015249,NEGATIVE
entrepreneur,divorced,basic.6y,no,no,no,cellular,aug,tue,-3,3454,32,49,1,failure,1,0.035620,POSITIVE
blue-collar,divorced,basic.6y,no,no,no,cellular,jul,tue,-3,3446,32,33,0,failure,0,-0.040812,NEGATIVE
blue-collar,divorced,basic.6y,no,no,no,cellular,jul,tue,-3,3446,32,33,0,failure,1,0.011125,POSITIVE
self-employed,married,illiterate,unknown,unknown,unknown,telephone,aug,fri,-1,3719,35,24,4,nonexistent,0,-0.025777,NEGATIVE
self-employed,married,illiterate,unknown,unknown,unknown,telephone,aug,fri,-1,3719,35,24,4,nonexistent,1,0.026160,POSITIVE
self-employed,married,illiterate,unknown,unknown,unknown,telephone,aug,fri,-1,3719,35,8,4,nonexistent,0,-0.026794,NEGATIVE
self-employed,married,illiterate,unknown,unknown,unknown,telephone,aug,fri,-1,3719,35,8,4,nonexistent,1,0.025142,POSITIVE
housemaid,married,basic.9y,no,no,no,cellular,apr,wed,-2,3618,34,20,2,nonexistent,0,-0.030135,NEGATIVE
housemaid,married,basic.9y,no,no,no,cellular,apr,wed,-2,3618,34,20,2,nonexistent,1,0.021802,POSITIVE
housemaid,married,basic.9y,no,no,no,cellular,apr,wed,-2,3618,34,4,2,nonexistent,0,-0.031153,NEGATIVE
housemaid,married,basic.9y,no,no,no,cellular,apr,wed,-2,3618,34,4,2,nonexistent,1,0.021555,POSITIVE
blue-collar,divorced,basic.6y,no,no,no,cellular,feb,tue,-3,3524,33,17,0,failure,0,-0.017131,NEGATIVE
blue-collar,divorced,basic.6y,no,no,no,cellular,feb,tue,-3,3524,33,17,0,failure,1,0.040301,POSITIVE
blue-collar,divorced,basic.6y,no,no,no,cellular,feb,tue,-3,3524,33,1,0,failure,0,-0.023160,NEGATIVE
blue-collar,divorced,basic.6y,no,no,no,cellular,feb,tue,-3,3524,33,1,0,failure,1,0.003811,POSITIVE
retired,married,high.school,unknown,unknown,unknown,telephone,oct,thu,-1,3497,33,23,3,nonexistent,0,-0.035233,NEGATIVE
retired,married,high.school,unknown,unknown,unknown,telephone,oct,thu,-1,3497,33,23,3,nonexistent,1,0.016704,POSITIVE
services,married,illiterate,unknown,unknown,unknown,telephone,oct,fri,-1,3465,33,26,4,nonexistent,0,-0.025604,NEGATIVE
services,married,illiterate,unknown,unknown,unknown,telephone,oct,fri,-1,3465,33,26,4,nonexistent,1,0.026786,POSITIVE
retired,married,high.school,unknown,unknown,unknown,telephone,apr,thu,-1,3477,34,23,3,nonexistent,0,-0.034672,NEGATIVE
retired,married,high.school,unknown,unknown,unknown,telephone,apr,thu,-1,3477,34,23,3,nonexistent,1,0.017264,POSITIVE
admin.,divorced,basic.4y,no,no,no,cellular,jan,mon,-3,3439,33,0,0,failure,0,-0.016525,NEGATIVE
admin.,divorced,basic.4y,no,no,no,cellular,jan,mon,-3,3439,33,0,0,failure,1,0.029533,POSITIVE
blue-collar,divorced,basic.6y,no,no,no,cellular,jul,tue,-3,3446,32,17,0,failure,0,-0.041830,NEGATIVE
blue-collar,divorced,basic.6y,no,no,no,cellular,jul,tue,-3,3446,32,17,0,failure,1,0.010107,POSITIVE
admin.,divorced,basic.4y,no,no,no,cellular,jul,mon,-3,3478,32,0,0,failure,0,-0.033320,NEGATIVE
admin.,divorced,basic.4y,no,no,no,cellular,jul,mon,-3,3478,32,0,0,failure,1,0.024112,POSITIVE
blue-collar,divorced,basic.6y,no,no,no,cellular,jul,tue,-3,3442,32,1,0,failure,0,-0.048324,NEGATIVE
blue-collar,divorced,basic.6y,no,no,no,cellular,jul,tue,-3,3442,32,1,0,failure,1,0.003612,POSITIVE
student,married,high.school,unknown,unknown,unknown,telephone,oct,thu,-1,3399,31,59,3,nonexistent,0,-0.039577,NEGATIVE
student,married,high.school,unknown,unknown,unknown,telephone,oct,thu,-1,3399,31,59,3,nonexistent,1,0.010310,POSITIVE
management,single,professional.course,unknown,unknown,unknown,telephone,nov,(null),0,3422,30,60,5,success,0,-0.017680,NEGATIVE
management,single,professional.course,unknown,unknown,unknown,telephone,nov,(null),0,3422,30,60,5,success,1,0.032207,POSITIVE
services,married,basic.9y,no,no,no,cellular,aug,wed,-2,3384,32,50,2,nonexistent,0,-0.041000,NEGATIVE
services,married,basic.9y,no,no,no,cellular,aug,wed,-2,3384,32,50,2,nonexistent,1,0.011389,POSITIVE
technician,single,professional.course,unknown,unknown,unknown,telephone,nov,(null),0,3422,30,53,5,success,0,-0.019089,NEGATIVE
technician,single,professional.course,unknown,unknown,unknown,telephone,nov,(null),0,3422,30,53,5,success,1,0.032216,POSITIVE
housemaid,married,high.school,unknown,unknown,unknown,telephone,oct,thu,-1,3399,32,51,3,nonexistent,0,-0.013395,NEGATIVE
housemaid,married,high.school,unknown,unknown,unknown,telephone,oct,thu,-1,3399,32,51,3,nonexistent,1,0.038994,POSITIVE
self-employed,divorced,basic.6y,no,no,no,cellular,jan,tue,-3,3368,32,56,0,failure,0,-0.024201,NEGATIVE
self-employed,divorced,basic.6y,no,no,no,cellular,jan,tue,-3,3368,32,56,0,failure,1,0.026667,POSITIVE
blue-collar,divorced,basic.6y,no,no,no,cellular,feb,tue,-3,3376,32,57,1,failure,0,-0.035332,NEGATIVE
blue-collar,divorced,basic.6y,no,no,no,cellular,feb,tue,-3,3376,32,57,1,failure,1,0.015537,POSITIVE
self-employed,divorced,basic.4y,no,no,no,cellular,jan,mon,-3,3361,32,48,0,failure,0,-0.034115,NEGATIVE
self-employed,divorced,basic.4y,no,no,no,cellular,jan,mon,-3,3361,32,48,0,failure,1,0.016754,POSITIVE
admin.,divorced,basic.6y,no,no,no,cellular,jan,tue,-3,3368,32,48,0,failure,0,-0.050322,NEGATIVE
admin.,divorced,basic.6y,no,no,no,cellular,jan,tue,-3,3368,32,48,0,failure,1,0.001614,POSITIVE
self-employed,married,illiterate,unknown,unknown,unknown,telephone,aug,fri,-1,3329,31,56,4,nonexistent,0,-0.028533,NEGATIVE
self-employed,married,illiterate,unknown,unknown,unknown,telephone,aug,fri,-1,3329,31,56,4,nonexistent,1,0.028546,POSITIVE
technician,single,professional.course,unknown,unknown,unknown,telephone,nov,(null),0,3352,28,60,6,success,0,-0.028961,NEGATIVE
technician,single,professional.course,unknown,unknown,unknown,telephone,nov,(null),0,3352,28,60,6,success,1,0.020928,POSITIVE
housemaid,married,basic.9y,no,no,no,cellular,aug,wed,-2,3384,32,36,2,nonexistent,0,-0.049876,NEGATIVE
housemaid,married,basic.9y,no,no,no,cellular,aug,wed,-2,3384,32,36,2,nonexistent,1,0.000992,POSITIVE
technician,single,professional.course,unknown,unknown,unknown,telephone,nov,(null),0,3395,30,45,6,success,0,-0.002983,NEGATIVE
technician,single,professional.course,unknown,unknown,unknown,telephone,nov,(null),0,3395,30,45,6,success,1,0.054096,POSITIVE
admin.,divorced,basic.4y,no,no,no,cellular,jan,mon,-3,3400,32,40,0,failure,0,-0.042596,NEGATIVE
admin.,divorced,basic.4y,no,no,no,cellular,jan,mon,-3,3400,32,40,0,failure,1,0.009340,POSITIVE
admin.,divorced,basic.4y,no,no,no,cellular,jul,mon,-3,3283,30,32,0,failure,0,-0.003340,NEGATIVE
admin.,divorced,basic.4y,no,no,no,cellular,jul,mon,-3,3283,30,32,0,failure,1,0.048596,POSITIVE
admin.,divorced,basic.4y,no,no,no,cellular,jan,mon,-3,3205,30,48,0,failure,0,-0.006577,NEGATIVE
admin.,divorced,basic.4y,no,no,no,cellular,jan,mon,-3,3205,30,48,0,failure,1,0.045360,POSITIVE
services,divorced,basic.6y,no,no,no,cellular,feb,tue,-3,3141,30,57,1,failure,0,-0.052070,NEGATIVE
services,divorced,basic.6y,no,no,no,cellular,feb,tue,-3,3141,30,57,1,failure,1,0.000320,POSITIVE
student,married,basic.9y,no,no,no,cellular,mar,wed,-2,3157,30,50,2,nonexistent,0,-0.042243,NEGATIVE
student,married,basic.9y,no,no,no,cellular,mar,wed,-2,3157,30,50,2,nonexistent,1,0.010146,POSITIVE
housemaid,married,illiterate,unknown,unknown,unknown,telephone,apr,fri,-1,3188,31,52,4,nonexistent,0,-0.052254,NEGATIVE
housemaid,married,illiterate,unknown,unknown,unknown,telephone,apr,fri,-1,3188,31,52,4,nonexistent,1,0.000136,POSITIVE
student,single,professional.course,unknown,unknown,unknown,telephone,nov,(null),0,3266,28,59,5,success,0,-0.013710,NEGATIVE
student,single,professional.course,unknown,unknown,unknown,telephone,nov,(null),0,3266,28,59,5,success,1,0.036179,POSITIVE
retired,married,high.school,unknown,unknown,unknown,telephone,oct,thu,-1,3165,28,59,3,nonexistent,0,-0.017498,NEGATIVE
retired,married,high.school,unknown,unknown,unknown,telephone,oct,thu,-1,3165,28,59,3,nonexistent,1,0.032390,POSITIVE
services,married,illiterate,unknown,unknown,unknown,telephone,oct,fri,-1,3192,28,52,4,nonexistent,0,-0.038639,NEGATIVE
services,married,illiterate,unknown,unknown,unknown,telephone,oct,fri,-1,3192,28,52,4,nonexistent,1,0.011248,POSITIVE
self-employed,married,illiterate,unknown,unknown,unknown,telephone,oct,fri,-1,3149,28,52,4,nonexistent,0,-0.017251,NEGATIVE
self-employed,married,illiterate,unknown,unknown,unknown,telephone,oct,fri,-1,3149,28,52,4,nonexistent,1,0.039828,POSITIVE
technician,single,professional.course,unknown,unknown,unknown,telephone,nov,(null),0,3196,26,60,6,success,0,-0.005474,NEGATIVE
technician,single,professional.course,unknown,unknown,unknown,telephone,nov,(null),0,3196,26,60,6,success,1,0.044415,POSITIVE
management,married,basic.9y,no,no,no,cellular,may,wed,-2,3188,30,37,2,nonexistent,0,-0.048657,NEGATIVE
management,married,basic.9y,no,no,no,cellular,may,wed,-2,3188,30,37,2,nonexistent,1,0.002211,POSITIVE
student,single,professional.course,unknown,unknown,unknown,telephone,nov,(null),0,3430,33,21,5,success,0,-0.053434,NEGATIVE
student,single,professional.course,unknown,unknown,unknown,telephone,nov,(null),0,3430,33,21,5,success,1,0.003645,POSITIVE
services,married,illiterate,unknown,unknown,unknown,telephone,feb,fri,-1,3426,34,28,4,nonexistent,0,-0.047033,NEGATIVE
services,married,illiterate,unknown,unknown,unknown,telephone,feb,fri,-1,3426,34,28,4,nonexistent,1,0.004003,POSITIVE
technician,single,professional.course,unknown,unknown,unknown,telephone,may,(null),0,3434,34,22,6,success,0,-0.047922,NEGATIVE
technician,single,professional.course,unknown,unknown,unknown,telephone,may,(null),0,3434,34,22,6,success,1,0.004468,POSITIVE
technician,single,professional.course,unknown,unknown,unknown,telephone,may,(null),0,3434,34,13,6,success,0,-0.048496,NEGATIVE
technician,single,professional.course,unknown,unknown,unknown,telephone,may,(null),0,3434,34,13,6,success,1,0.004962,POSITIVE
housemaid,married,basic.9y,no,no,no,cellular,aug,wed,-2,3384,32,20,2,nonexistent,0,-0.045753,NEGATIVE
housemaid,married,basic.9y,no,no,no,cellular,aug,wed,-2,3384,32,20,2,nonexistent,1,0.006184,POSITIVE
self-employed,divorced,basic.4y,no,no,no,cellular,jan,mon,-3,3361,32,16,0,failure,0,-0.024217,NEGATIVE
self-employed,divorced,basic.4y,no,no,no,cellular,jan,mon,-3,3361,32,16,0,failure,1,0.033158,POSITIVE
housemaid,married,basic.9y,no,no,no,cellular,aug,wed,-2,3411,32,4,2,nonexistent,0,-0.008433,NEGATIVE
housemaid,married,basic.9y,no,no,no,cellular,aug,wed,-2,3411,32,4,2,nonexistent,1,0.043503,POSITIVE
management,married,basic.9y,no,no,no,cellular,sep,wed,-2,3376,32,10,2,nonexistent,0,-0.015566,NEGATIVE
management,married,basic.9y,no,no,no,cellular,sep,wed,-2,3376,32,10,2,nonexistent,1,0.036371,POSITIVE
self-employed,divorced,basic.4y,no,no,no,cellular,jan,mon,-3,3361,32,0,0,failure,0,-0.006430,NEGATIVE
self-employed,divorced,basic.4y,no,no,no,cellular,jan,mon,-3,3361,32,0,0,failure,1,0.051002,POSITIVE
blue-collar,divorced,basic.6y,no,no,no,cellular,feb,tue,-3,3368,32,2,1,failure,0,-0.001517,NEGATIVE
blue-collar,divorced,basic.6y,no,no,no,cellular,feb,tue,-3,3368,32,2,1,failure,1,0.055915,POSITIVE
admin.,divorced,basic.4y,no,no,no,cellular,jul,mon,-3,3283,30,16,0,failure,0,-0.004358,NEGATIVE
admin.,divorced,basic.4y,no,no,no,cellular,jul,mon,-3,3283,30,16,0,failure,1,0.047578,POSITIVE
self-employed,divorced,basic.6y,no,no,no,cellular,jan,tue,-3,3325,32,17,0,failure,0,-0.039122,NEGATIVE
self-employed,divorced,basic.6y,no,no,no,cellular,jan,tue,-3,3325,32,17,0,failure,1,0.012815,POSITIVE
retired,married,high.school,unknown,unknown,unknown,telephone,oct,thu,-1,3341,32,11,3,nonexistent,0,-0.023055,NEGATIVE
retired,married,high.school,unknown,unknown,unknown,telephone,oct,thu,-1,3341,32,11,3,nonexistent,1,0.028882,POSITIVE
admin.,divorced,basic.4y,no,no,no,cellular,jul,mon,-3,3283,30,8,0,failure,0,-0.004774,NEGATIVE
admin.,divorced,basic.4y,no,no,no,cellular,jul,mon,-3,3283,30,8,0,failure,1,0.052659,POSITIVE
blue-collar,divorced,basic.6y,no,no,no,cellular,oct,tue,-3,3286,30,0,0,failure,0,-0.036409,NEGATIVE
blue-collar,divorced,basic.6y,no,no,no,cellular,oct,tue,-3,3286,30,0,0,failure,1,0.015528,POSITIVE
self-employed,divorced,basic.6y,no,no,no,cellular,jan,tue,-3,3325,32,1,0,failure,0,-0.035186,NEGATIVE
self-employed,divorced,basic.6y,no,no,no,cellular,jan,tue,-3,3325,32,1,0,failure,1,0.022245,POSITIVE
admin.,divorced,basic.4y,no,no,no,cellular,jan,mon,-3,3322,32,0,0,failure,0,-0.039579,NEGATIVE
admin.,divorced,basic.4y,no,no,no,cellular,jan,mon,-3,3322,32,0,0,failure,1,0.013611,POSITIVE
services,married,basic.9y,no,no,no,cellular,feb,wed,-2,3294,32,4,2,nonexistent,0,-0.015183,NEGATIVE
services,married,basic.9y,no,no,no,cellular,feb,wed,-2,3294,32,4,2,nonexistent,1,0.036754,POSITIVE
entrepreneur,married,basic.9y,no,no,no,cellular,mar,wed,-2,3298,32,5,2,nonexistent,0,-0.045017,NEGATIVE
entrepreneur,married,basic.9y,no,no,no,cellular,mar,wed,-2,3298,32,5,2,nonexistent,1,0.006920,POSITIVE
housemaid,married,basic.9y,no,no,no,cellular,aug,wed,-2,3228,30,20,2,nonexistent,0,-0.048279,NEGATIVE
housemaid,married,basic.9y,no,no,no,cellular,aug,wed,-2,3228,30,20,2,nonexistent,1,0.003658,POSITIVE
housemaid,married,basic.9y,no,no,no,cellular,aug,wed,-2,3228,30,4,2,nonexistent,0,-0.049297,NEGATIVE
housemaid,married,basic.9y,no,no,no,cellular,aug,wed,-2,3228,30,4,2,nonexistent,1,0.002639,POSITIVE
retired,married,high.school,unknown,unknown,unknown,telephone,apr,thu,-1,3263,32,7,3,nonexistent,0,-0.027564,NEGATIVE
retired,married,high.school,unknown,unknown,unknown,telephone,apr,thu,-1,3263,32,7,3,nonexistent,1,0.024373,POSITIVE
self-employed,married,illiterate,unknown,unknown,unknown,telephone,apr,fri,-1,3227,32,8,4,nonexistent,0,-0.035003,NEGATIVE
self-employed,married,illiterate,unknown,unknown,unknown,telephone,apr,fri,-1,3227,32,8,4,nonexistent,1,0.016934,POSITIVE
admin.,divorced,basic.4y,no,no,no,cellular,jan,mon,-3,3126,30,0,0,failure,0,-0.005202,NEGATIVE
admin.,divorced,basic.4y,no,no,no,cellular,jan,mon,-3,3126,30,0,0,failure,1,0.042759,POSITIVE
blue-collar,divorced,basic.6y,no,no,no,cellular,jan,tue,-3,3055,26,102,0,failure,0,-0.038519,NEGATIVE
blue-collar,divorced,basic.6y,no,no,no,cellular,jan,tue,-3,3055,26,102,0,failure,1,0.007243,POSITIVE
entrepreneur,divorced,basic.6y,no,no,no,cellular,feb,tue,-3,3063,26,95,1,failure,0,-0.007534,NEGATIVE
entrepreneur,divorced,basic.6y,no,no,no,cellular,feb,tue,-3,3063,26,95,1,failure,1,0.038229,POSITIVE
blue-collar,divorced,basic.6y,no,no,no,cellular,jan,tue,-3,2977,26,94,0,failure,0,-0.026016,NEGATIVE
blue-collar,divorced,basic.6y,no,no,no,cellular,jan,tue,-3,2977,26,94,0,failure,1,0.019748,POSITIVE
admin.,divorced,basic.4y,no,no,no,cellular,jul,mon,-3,2970,26,79,0,failure,0,-0.010071,NEGATIVE
admin.,divorced,basic.4y,no,no,no,cellular,jul,mon,-3,2970,26,79,0,failure,1,0.039817,POSITIVE
management,married,basic.9y,no,no,no,cellular,mar,wed,-2,3078,27,84,2,nonexistent,0,-0.020207,NEGATIVE
management,married,basic.9y,no,no,no,cellular,mar,wed,-2,3078,27,84,2,nonexistent,1,0.029681,POSITIVE
self-employed,divorced,basic.6y,no,no,no,cellular,jan,tue,-3,2977,26,87,0,failure,0,-0.031505,NEGATIVE
self-employed,divorced,basic.6y,no,no,no,cellular,jan,tue,-3,2977,26,87,0,failure,1,0.014259,POSITIVE
blue-collar,married,basic.9y,no,no,no,cellular,feb,wed,-2,2993,26,88,2,nonexistent,0,-0.005352,NEGATIVE
blue-collar,married,basic.9y,no,no,no,cellular,feb,wed,-2,2993,26,88,2,nonexistent,1,0.044538,POSITIVE
services,divorced,basic.6y,no,no,no,cellular,feb,tue,-3,2985,26,80,1,failure,0,-0.000470,NEGATIVE
services,divorced,basic.6y,no,no,no,cellular,feb,tue,-3,2985,26,80,1,failure,1,0.049418,POSITIVE
housemaid,married,high.school,unknown,unknown,unknown,telephone,apr,thu,-1,3008,26,82,3,nonexistent,0,-0.014673,NEGATIVE
housemaid,married,high.school,unknown,unknown,unknown,telephone,apr,thu,-1,3008,26,82,3,nonexistent,1,0.035214,POSITIVE
self-employed,divorced,basic.4y,no,no,no,cellular,jul,mon,-3,2970,26,71,0,failure,0,-0.024615,NEGATIVE
self-employed,divorced,basic.4y,no,no,no,cellular,jul,mon,-3,2970,26,71,0,failure,1,0.025274,POSITIVE
blue-collar,divorced,basic.6y,no,no,no,cellular,aug,tue,-3,2985,26,72,1,failure,0,-0.005204,NEGATIVE
blue-collar,divorced,basic.6y,no,no,no,cellular,aug,tue,-3,2985,26,72,1,failure,1,0.044683,POSITIVE
services,divorced,basic.6y,no,no,no,cellular,aug,tue,-3,2985,26,64,1,failure,0,-0.006650,NEGATIVE
services,divorced,basic.6y,no,no,no,cellular,aug,tue,-3,2985,26,64,1,failure,1,0.043238,POSITIVE
entrepreneur,married,basic.9y,no,no,no,cellular,sep,wed,-2,3000,26,65,2,nonexistent,0,-0.000340,NEGATIVE
entrepreneur,married,basic.9y,no,no,no,cellular,sep,wed,-2,3000,26,65,2,nonexistent,1,0.049549,POSITIVE
student,married,high.school,unknown,unknown,unknown,telephone,apr,thu,-1,3086,27,74,3,nonexistent,0,-0.008476,NEGATIVE
student,married,high.school,unknown,unknown,unknown,telephone,apr,thu,-1,3086,27,74,3,nonexistent,1,0.041412,POSITIVE
services,married,illiterate,unknown,unknown,unknown,telephone,apr,fri,-1,3101,28,67,4,nonexistent,0,-0.038875,NEGATIVE
services,married,illiterate,unknown,unknown,unknown,telephone,apr,fri,-1,3101,28,67,4,nonexistent,1,0.011013,POSITIVE
retired,married,high.school,unknown,unknown,unknown,telephone,apr,thu,-1,3008,27,70,3,nonexistent,0,-0.026422,NEGATIVE
retired,married,high.school,unknown,unknown,unknown,telephone,apr,thu,-1,3008,27,70,3,nonexistent,1,0.023466,POSITIVE
admin.,divorced,basic.6y,no,no,no,cellular,jan,tue,-3,2899,26,87,0,failure,0,-0.044893,NEGATIVE
admin.,divorced,basic.6y,no,no,no,cellular,jan,tue,-3,2899,26,87,0,failure,1,0.004996,POSITIVE
blue-collar,divorced,basic.6y,no,no,no,cellular,feb,tue,-3,2907,26,80,1,failure,0,-0.024240,NEGATIVE
blue-collar,divorced,basic.6y,no,no,no,cellular,feb,tue,-3,2907,26,80,1,failure,1,0.025648,POSITIVE
blue-collar,divorced,basic.6y,no,no,no,cellular,feb,tue,-3,2829,26,64,0,failure,0,-0.003816,NEGATIVE
blue-collar,divorced,basic.6y,no,no,no,cellular,feb,tue,-3,2829,26,64,0,failure,1,0.049615,POSITIVE
self-employed,divorced,basic.4y,no,no,no,cellular,jan,mon,-3,2736,26,63,0,failure,0,-0.037570,NEGATIVE
self-employed,divorced,basic.4y,no,no,no,cellular,jan,mon,-3,2736,26,63,0,failure,1,0.017880,POSITIVE
blue-collar,divorced,basic.6y,no,no,no,cellular,feb,tue,-3,2751,26,64,1,failure,0,-0.048819,NEGATIVE
blue-collar,divorced,basic.6y,no,no,no,cellular,feb,tue,-3,2751,26,64,1,failure,1,0.006632,POSITIVE
retired,married,high.school,unknown,unknown,unknown,telephone,oct,thu,-1,3086,27,59,3,nonexistent,0,-0.008083,NEGATIVE
retired,married,high.school,unknown,unknown,unknown,telephone,oct,thu,-1,3086,27,59,3,nonexistent,1,0.041804,POSITIVE
admin.,divorced,basic.4y,no,no,no,cellular,jul,mon,-3,3048,28,48,0,failure,0,-0.044742,NEGATIVE
admin.,divorced,basic.4y,no,no,no,cellular,jul,mon,-3,3048,28,48,0,failure,1,0.006126,POSITIVE
technician,married,illiterate,unknown,unknown,unknown,telephone,apr,fri,-1,3101,28,60,4,nonexistent,0,-0.041920,NEGATIVE
technician,married,illiterate,unknown,unknown,unknown,telephone,apr,fri,-1,3101,28,60,4,nonexistent,1,0.007968,POSITIVE
technician,single,professional.course,unknown,unknown,unknown,telephone,may,(null),0,3117,28,54,6,success,0,-0.017774,NEGATIVE
technician,single,professional.course,unknown,unknown,unknown,telephone,may,(null),0,3117,28,54,6,success,1,0.032114,POSITIVE
student,married,basic.9y,no,no,no,cellular,sep,wed,-2,3000,26,58,2,nonexistent,0,-0.017067,NEGATIVE
student,married,basic.9y,no,no,no,cellular,sep,wed,-2,3000,26,58,2,nonexistent,1,0.032821,POSITIVE
housemaid,married,illiterate,unknown,unknown,unknown,telephone,oct,fri,-1,3016,26,59,4,nonexistent,0,-0.014392,NEGATIVE
housemaid,married,illiterate,unknown,unknown,unknown,telephone,oct,fri,-1,3016,26,59,4,nonexistent,1,0.035497,POSITIVE
student,married,illiterate,unknown,unknown,unknown,telephone,oct,fri,-1,3016,26,52,4,nonexistent,0,-0.018022,NEGATIVE
student,married,illiterate,unknown,unknown,unknown,telephone,oct,fri,-1,3016,26,52,4,nonexistent,1,0.031866,POSITIVE
management,single,professional.course,unknown,unknown,unknown,telephone,nov,(null),0,3031,26,53,5,success,0,-0.037904,NEGATIVE
management,single,professional.course,unknown,unknown,unknown,telephone,nov,(null),0,3031,26,53,5,success,1,0.011985,POSITIVE
blue-collar,divorced,basic.6y,no,no,no,cellular,jan,tue,-3,2977,28,56,0,failure,0,-0.032808,NEGATIVE
blue-collar,divorced,basic.6y,no,no,no,cellular,jan,tue,-3,2977,28,56,0,failure,1,0.018061,POSITIVE
student,single,professional.course,unknown,unknown,unknown,telephone,may,(null),0,3031,28,53,5,success,0,-0.035630,NEGATIVE
student,single,professional.course,unknown,unknown,unknown,telephone,may,(null),0,3031,28,53,5,success,1,0.014257,POSITIVE
student,married,high.school,unknown,unknown,unknown,telephone,apr,thu,-1,3086,30,43,3,nonexistent,0,-0.048174,NEGATIVE
student,married,high.school,unknown,unknown,unknown,telephone,apr,thu,-1,3086,30,43,3,nonexistent,1,0.004216,POSITIVE
admin.,divorced,basic.4y,no,no,no,cellular,jul,mon,-3,3048,28,40,0,failure,0,-0.023493,NEGATIVE
admin.,divorced,basic.4y,no,no,no,cellular,jul,mon,-3,3048,28,40,0,failure,1,0.028443,POSITIVE
admin.,divorced,basic.4y,no,no,no,cellular,jul,mon,-3,3048,28,32,0,failure,0,-0.024002,NEGATIVE
admin.,divorced,basic.4y,no,no,no,cellular,jul,mon,-3,3048,28,32,0,failure,1,0.027935,POSITIVE
self-employed,married,illiterate,unknown,unknown,unknown,telephone,oct,fri,-1,3016,27,44,4,nonexistent,0,-0.056715,NEGATIVE
self-employed,married,illiterate,unknown,unknown,unknown,telephone,oct,fri,-1,3016,27,44,4,nonexistent,1,0.000366,POSITIVE
services,married,illiterate,unknown,unknown,unknown,telephone,oct,fri,-1,3023,28,36,4,nonexistent,0,-0.044133,NEGATIVE
services,married,illiterate,unknown,unknown,unknown,telephone,oct,fri,-1,3023,28,36,4,nonexistent,1,0.012948,POSITIVE
technician,single,professional.course,unknown,unknown,unknown,telephone,may,(null),0,3039,28,46,6,success,0,-0.006234,NEGATIVE
technician,single,professional.course,unknown,unknown,unknown,telephone,may,(null),0,3039,28,46,6,success,1,0.050847,POSITIVE
admin.,divorced,basic.4y,no,no,no,cellular,jan,mon,-3,2970,28,32,0,failure,0,-0.028256,NEGATIVE
admin.,divorced,basic.4y,no,no,no,cellular,jan,mon,-3,2970,28,32,0,failure,1,0.023680,POSITIVE
management,married,basic.9y,no,no,no,cellular,may,wed,-2,2875,27,53,2,nonexistent,0,-0.002387,NEGATIVE
management,married,basic.9y,no,no,no,cellular,may,wed,-2,2875,27,53,2,nonexistent,1,0.054694,POSITIVE
retired,married,high.school,unknown,unknown,unknown,telephone,oct,thu,-1,2930,27,39,3,nonexistent,0,-0.033084,NEGATIVE
retired,married,high.school,unknown,unknown,unknown,telephone,oct,thu,-1,2930,27,39,3,nonexistent,1,0.023996,POSITIVE
management,married,basic.9y,no,no,no,cellular,mar,wed,-2,2922,28,42,2,nonexistent,0,-0.027736,NEGATIVE
management,married,basic.9y,no,no,no,cellular,mar,wed,-2,2922,28,42,2,nonexistent,1,0.024506,POSITIVE
housemaid,married,basic.9y,no,no,no,cellular,feb,wed,-2,2915,28,34,2,nonexistent,0,-0.025953,NEGATIVE
housemaid,married,basic.9y,no,no,no,cellular,feb,wed,-2,2915,28,34,2,nonexistent,1,0.024915,POSITIVE
admin.,divorced,basic.4y,no,no,no,cellular,jul,mon,-3,2814,26,32,0,failure,0,-0.043260,NEGATIVE
admin.,divorced,basic.4y,no,no,no,cellular,jul,mon,-3,2814,26,32,0,failure,1,0.008677,POSITIVE
housemaid,married,illiterate,unknown,unknown,unknown,telephone,apr,fri,-1,2867,28,44,4,nonexistent,0,-0.050750,NEGATIVE
housemaid,married,illiterate,unknown,unknown,unknown,telephone,apr,fri,-1,2867,28,44,4,nonexistent,1,0.006332,POSITIVE
self-employed,married,illiterate,unknown,unknown,unknown,telephone,apr,fri,-1,2875,28,36,4,nonexistent,0,-0.031808,NEGATIVE
self-employed,married,illiterate,unknown,unknown,unknown,telephone,apr,fri,-1,2875,28,36,4,nonexistent,1,0.020582,POSITIVE
self-employed,married,illiterate,unknown,unknown,unknown,telephone,feb,fri,-1,3109,31,28,4,nonexistent,0,-0.047156,NEGATIVE
self-employed,married,illiterate,unknown,unknown,unknown,telephone,feb,fri,-1,3109,31,28,4,nonexistent,1,0.003712,POSITIVE
student,single,professional.course,unknown,unknown,unknown,telephone,may,(null),0,3117,31,21,5,success,0,-0.042741,NEGATIVE
student,single,professional.course,unknown,unknown,unknown,telephone,may,(null),0,3117,31,21,5,success,1,0.009649,POSITIVE
technician,single,professional.course,unknown,unknown,unknown,telephone,mar,(null),0,3082,31,22,6,success,0,-0.038160,NEGATIVE
technician,single,professional.course,unknown,unknown,unknown,telephone,mar,(null),0,3082,31,22,6,success,1,0.014230,POSITIVE
student,single,professional.course,unknown,unknown,unknown,telephone,may,(null),0,3109,31,11,5,success,0,-0.052708,NEGATIVE
student,single,professional.course,unknown,unknown,unknown,telephone,may,(null),0,3109,31,11,5,success,1,0.000749,POSITIVE
admin.,divorced,basic.4y,no,no,no,cellular,jul,mon,-3,3048,28,16,0,failure,0,-0.025020,NEGATIVE
admin.,divorced,basic.4y,no,no,no,cellular,jul,mon,-3,3048,28,16,0,failure,1,0.026917,POSITIVE
admin.,divorced,basic.4y,no,no,no,cellular,jul,mon,-3,3048,28,0,0,failure,0,-0.024999,NEGATIVE
admin.,divorced,basic.4y,no,no,no,cellular,jul,mon,-3,3048,28,0,0,failure,1,0.032432,POSITIVE
housemaid,married,basic.9y,no,no,no,cellular,aug,wed,-2,2993,28,20,2,nonexistent,0,-0.022539,NEGATIVE
housemaid,married,basic.9y,no,no,no,cellular,aug,wed,-2,2993,28,20,2,nonexistent,1,0.029398,POSITIVE
admin.,divorced,basic.4y,no,no,no,cellular,jan,mon,-3,2970,28,24,0,failure,0,-0.017646,NEGATIVE
admin.,divorced,basic.4y,no,no,no,cellular,jan,mon,-3,2970,28,24,0,failure,1,0.027702,POSITIVE
housemaid,married,basic.9y,no,no,no,cellular,aug,wed,-2,2993,28,4,2,nonexistent,0,-0.023556,NEGATIVE
housemaid,married,basic.9y,no,no,no,cellular,aug,wed,-2,2993,28,4,2,nonexistent,1,0.028380,POSITIVE
retired,married,high.school,unknown,unknown,unknown,telephone,oct,thu,-1,2950,28,23,3,nonexistent,0,-0.029850,NEGATIVE
retired,married,high.school,unknown,unknown,unknown,telephone,oct,thu,-1,2950,28,23,3,nonexistent,1,0.022540,POSITIVE
self-employed,married,illiterate,unknown,unknown,unknown,telephone,oct,fri,-1,2914,28,20,4,nonexistent,0,-0.050640,NEGATIVE
self-employed,married,illiterate,unknown,unknown,unknown,telephone,oct,fri,-1,2914,28,20,4,nonexistent,1,0.003993,POSITIVE
housemaid,married,basic.9y,no,no,no,cellular,feb,wed,-2,2915,28,20,2,nonexistent,0,-0.026793,NEGATIVE
housemaid,married,basic.9y,no,no,no,cellular,feb,wed,-2,2915,28,20,2,nonexistent,1,0.025144,POSITIVE
technician,single,professional.course,unknown,unknown,unknown,telephone,nov,(null),0,2961,28,13,6,success,0,-0.009304,NEGATIVE
technician,single,professional.course,unknown,unknown,unknown,telephone,nov,(null),0,2961,28,13,6,success,1,0.047776,POSITIVE
services,married,illiterate,unknown,unknown,unknown,telephone,sep,fri,-1,2867,28,21,4,nonexistent,0,-0.023523,NEGATIVE
services,married,illiterate,unknown,unknown,unknown,telephone,sep,fri,-1,2867,28,21,4,nonexistent,1,0.033555,POSITIVE
self-employed,divorced,basic.4y,no,no,no,cellular,jan,mon,-3,2736,26,56,0,failure,0,-0.041855,NEGATIVE
self-employed,divorced,basic.4y,no,no,no,cellular,jan,mon,-3,2736,26,56,0,failure,1,0.009013,POSITIVE
blue-collar,divorced,basic.6y,no,no,no,cellular,feb,tue,-3,2751,26,57,1,failure,0,-0.049537,NEGATIVE
blue-collar,divorced,basic.6y,no,no,no,cellular,feb,tue,-3,2751,26,57,1,failure,1,0.001332,POSITIVE
self-employed,divorced,basic.4y,no,no,no,cellular,jan,mon,-3,2736,26,48,0,failure,0,-0.015843,NEGATIVE
self-employed,divorced,basic.4y,no,no,no,cellular,jan,mon,-3,2736,26,48,0,failure,1,0.035025,POSITIVE
admin.,divorced,basic.6y,no,no,no,cellular,jan,tue,-3,2743,26,48,0,failure,0,-0.044348,NEGATIVE
admin.,divorced,basic.6y,no,no,no,cellular,jan,tue,-3,2743,26,48,0,failure,1,0.006520,POSITIVE
admin.,divorced,basic.4y,no,no,no,cellular,jan,mon,-3,2736,26,32,0,failure,0,-0.057198,NEGATIVE
admin.,divorced,basic.4y,no,no,no,cellular,jan,mon,-3,2736,26,32,0,failure,1,0.004423,POSITIVE
management,married,basic.9y,no,no,no,cellular,mar,wed,-2,2688,26,42,2,nonexistent,0,-0.051292,NEGATIVE
management,married,basic.9y,no,no,no,cellular,mar,wed,-2,2688,26,42,2,nonexistent,1,0.001098,POSITIVE
management,married,basic.9y,no,no,no,cellular,mar,wed,-2,2688,26,34,2,nonexistent,0,-0.034896,NEGATIVE
management,married,basic.9y,no,no,no,cellular,mar,wed,-2,2688,26,34,2,nonexistent,1,0.016597,POSITIVE
blue-collar,divorced,basic.6y,no,no,no,cellular,feb,tue,-3,2743,26,3,0,failure,0,-0.053720,NEGATIVE
blue-collar,divorced,basic.6y,no,no,no,cellular,feb,tue,-3,2743,26,3,0,failure,1,0.005345,POSITIVE
retired,married,high.school,unknown,unknown,unknown,telephone,oct,thu,-1,2716,26,19,3,nonexistent,0,-0.045508,NEGATIVE
retired,married,high.school,unknown,unknown,unknown,telephone,oct,thu,-1,2716,26,19,3,nonexistent,1,0.006882,POSITIVE
housemaid,married,basic.9y,no,no,no,cellular,feb,wed,-2,2681,26,20,2,nonexistent,0,-0.046051,NEGATIVE
housemaid,married,basic.9y,no,no,no,cellular,feb,wed,-2,2681,26,20,2,nonexistent,1,0.005886,POSITIVE
self-employed,married,illiterate,unknown,unknown,unknown,telephone,oct,fri,-1,2704,26,8,4,nonexistent,0,-0.026565,NEGATIVE
self-employed,married,illiterate,unknown,unknown,unknown,telephone,oct,fri,-1,2704,26,8,4,nonexistent,1,0.026893,POSITIVE
housemaid,married,basic.9y,no,no,no,cellular,feb,wed,-2,2681,26,4,2,nonexistent,0,-0.052053,NEGATIVE
housemaid,married,basic.9y,no,no,no,cellular,feb,wed,-2,2681,26,4,2,nonexistent,1,0.004869,POSITIVE
self-employed,married,illiterate,unknown,unknown,unknown,telephone,apr,fri,-1,2641,26,24,4,nonexistent,0,-0.033516,NEGATIVE
self-employed,married,illiterate,unknown,unknown,unknown,telephone,apr,fri,-1,2641,26,24,4,nonexistent,1,0.018873,POSITIVE
self-employed,married,illiterate,unknown,unknown,unknown,telephone,apr,fri,-1,2626,26,8,4,nonexistent,0,-0.044587,NEGATIVE
self-employed,married,illiterate,unknown,unknown,unknown,telephone,apr,fri,-1,2626,26,8,4,nonexistent,1,0.007350,POSITIVE
student,single,professional.course,unknown,unknown,unknown,telephone,nov,(null),0,3578,24,122,5,success,0,-0.013268,NEGATIVE
student,single,professional.course,unknown,unknown,unknown,telephone,nov,(null),0,3578,24,122,5,success,1,0.034542,POSITIVE
services,married,illiterate,unknown,unknown,unknown,telephone,oct,fri,-1,3492,24,119,4,nonexistent,0,-0.038017,NEGATIVE
services,married,illiterate,unknown,unknown,unknown,telephone,oct,fri,-1,3492,24,119,4,nonexistent,1,0.009792,POSITIVE
retired,married,high.school,unknown,unknown,unknown,telephone,oct,thu,-1,3399,24,121,3,nonexistent,0,-0.045441,NEGATIVE
retired,married,high.school,unknown,unknown,unknown,telephone,oct,thu,-1,3399,24,121,3,nonexistent,1,0.000323,POSITIVE
unemployed,single,professional.course,unknown,unknown,unknown,telephone,nov,(null),0,3434,21,123,6,success,0,-0.006631,NEGATIVE
unemployed,single,professional.course,unknown,unknown,unknown,telephone,nov,(null),0,3434,21,123,6,success,1,0.012296,POSITIVE
self-employed,divorced,basic.4y,no,no,no,cellular,oct,mon,-3,3283,23,118,0,failure,0,-0.014148,NEGATIVE
self-employed,divorced,basic.4y,no,no,no,cellular,oct,mon,-3,3283,23,118,0,failure,1,0.031615,POSITIVE
student,married,basic.9y,no,no,no,cellular,sep,wed,-2,3313,23,112,2,nonexistent,0,-0.042416,NEGATIVE
student,married,basic.9y,no,no,no,cellular,sep,wed,-2,3313,23,112,2,nonexistent,1,0.003346,POSITIVE
housemaid,married,illiterate,unknown,unknown,unknown,telephone,oct,fri,-1,3344,24,114,4,nonexistent,0,-0.036826,NEGATIVE
housemaid,married,illiterate,unknown,unknown,unknown,telephone,oct,fri,-1,3344,24,114,4,nonexistent,1,0.008937,POSITIVE
student,single,professional.course,unknown,unknown,unknown,telephone,nov,(null),0,3344,21,121,5,success,0,-0.026584,NEGATIVE
student,single,professional.course,unknown,unknown,unknown,telephone,nov,(null),0,3344,21,121,5,success,1,0.005180,POSITIVE
technician,single,professional.course,unknown,unknown,unknown,telephone,may,(null),0,3422,24,122,6,success,0,-0.046926,NEGATIVE
technician,single,professional.course,unknown,unknown,unknown,telephone,may,(null),0,3422,24,122,6,success,1,0.000884,POSITIVE
student,single,professional.course,unknown,unknown,unknown,telephone,nov,(null),0,3422,24,107,5,success,0,-0.038838,NEGATIVE
student,single,professional.course,unknown,unknown,unknown,telephone,nov,(null),0,3422,24,107,5,success,1,0.006925,POSITIVE
student,single,professional.course,unknown,unknown,unknown,telephone,nov,(null),0,3344,24,99,5,success,0,-0.026332,NEGATIVE
student,single,professional.course,unknown,unknown,unknown,telephone,nov,(null),0,3344,24,99,5,success,1,0.019430,POSITIVE
unemployed,single,professional.course,unknown,unknown,unknown,telephone,may,(null),0,3317,24,108,6,success,0,-0.018469,NEGATIVE
unemployed,single,professional.course,unknown,unknown,unknown,telephone,may,(null),0,3317,24,108,6,success,1,0.027293,POSITIVE
retired,married,high.school,unknown,unknown,unknown,telephone,oct,thu,-1,3243,22,117,3,nonexistent,0,-0.045702,NEGATIVE
retired,married,high.school,unknown,unknown,unknown,telephone,oct,thu,-1,3243,22,117,3,nonexistent,1,0.002107,POSITIVE
management,married,basic.9y,no,no,no,cellular,sep,wed,-2,3157,21,115,2,nonexistent,0,-0.030380,NEGATIVE
management,married,basic.9y,no,no,no,cellular,sep,wed,-2,3157,21,115,2,nonexistent,1,0.005115,POSITIVE
self-employed,married,illiterate,unknown,unknown,unknown,telephone,apr,fri,-1,3251,24,118,4,nonexistent,0,-0.034485,NEGATIVE
self-employed,married,illiterate,unknown,unknown,unknown,telephone,apr,fri,-1,3251,24,118,4,nonexistent,1,0.011277,POSITIVE
blue-collar,married,basic.9y,no,no,no,cellular,may,wed,-2,3149,23,119,2,nonexistent,0,-0.040426,NEGATIVE
blue-collar,married,basic.9y,no,no,no,cellular,may,wed,-2,3149,23,119,2,nonexistent,1,0.005337,POSITIVE
services,married,basic.9y,no,no,no,cellular,may,wed,-2,3149,23,112,2,nonexistent,0,-0.035055,NEGATIVE
services,married,basic.9y,no,no,no,cellular,may,wed,-2,3149,23,112,2,nonexistent,1,0.010709,POSITIVE
housemaid,married,illiterate,unknown,unknown,unknown,telephone,apr,fri,-1,3172,24,114,4,nonexistent,0,-0.013250,NEGATIVE
housemaid,married,illiterate,unknown,unknown,unknown,telephone,apr,fri,-1,3172,24,114,4,nonexistent,1,0.032513,POSITIVE
student,married,basic.9y,no,no,no,cellular,sep,wed,-2,3235,23,104,2,nonexistent,0,-0.029913,NEGATIVE
student,married,basic.9y,no,no,no,cellular,sep,wed,-2,3235,23,104,2,nonexistent,1,0.015850,POSITIVE
housemaid,married,illiterate,unknown,unknown,unknown,telephone,oct,fri,-1,3266,24,106,4,nonexistent,0,-0.024321,NEGATIVE
housemaid,married,illiterate,unknown,unknown,unknown,telephone,oct,fri,-1,3266,24,106,4,nonexistent,1,0.021441,POSITIVE
retired,married,high.school,unknown,unknown,unknown,telephone,oct,thu,-1,3165,24,97,3,nonexistent,0,-0.037790,NEGATIVE
retired,married,high.school,unknown,unknown,unknown,telephone,oct,thu,-1,3165,24,97,3,nonexistent,1,0.007974,POSITIVE
student,single,professional.course,unknown,unknown,unknown,telephone,nov,(null),0,3188,21,107,5,success,0,-0.043170,NEGATIVE
student,single,professional.course,unknown,unknown,unknown,telephone,nov,(null),0,3188,21,107,5,success,1,0.004639,POSITIVE
technician,single,professional.course,unknown,unknown,unknown,telephone,may,(null),0,3274,24,107,6,success,0,-0.038562,NEGATIVE
technician,single,professional.course,unknown,unknown,unknown,telephone,may,(null),0,3274,24,107,6,success,1,0.007198,POSITIVE
student,single,professional.course,unknown,unknown,unknown,telephone,may,(null),0,3188,23,105,5,success,0,-0.014673,NEGATIVE
student,single,professional.course,unknown,unknown,unknown,telephone,may,(null),0,3188,23,105,5,success,1,0.031088,POSITIVE
student,single,professional.course,unknown,unknown,unknown,telephone,nov,(null),0,3188,18,122,5,success,0,-0.000749,NEGATIVE
student,single,professional.course,unknown,unknown,unknown,telephone,nov,(null),0,3188,18,122,5,success,1,0.018179,POSITIVE
technician,single,professional.course,unknown,unknown,unknown,telephone,nov,(null),0,3274,24,91,6,success,0,-0.033709,NEGATIVE
technician,single,professional.course,unknown,unknown,unknown,telephone,nov,(null),0,3274,24,91,6,success,1,0.012054,POSITIVE
services,married,illiterate,unknown,unknown,unknown,telephone,oct,fri,-1,3180,24,88,4,nonexistent,0,-0.044979,NEGATIVE
services,married,illiterate,unknown,unknown,unknown,telephone,oct,fri,-1,3180,24,88,4,nonexistent,1,0.000784,POSITIVE
housemaid,married,basic.9y,no,no,no,cellular,aug,wed,-2,3071,21,114,2,nonexistent,0,-0.017645,NEGATIVE
housemaid,married,basic.9y,no,no,no,cellular,aug,wed,-2,3071,21,114,2,nonexistent,1,0.012071,POSITIVE
entrepreneur,divorced,basic.6y,no,no,no,cellular,aug,tue,-3,2985,20,112,1,failure,0,-0.008701,NEGATIVE
entrepreneur,divorced,basic.6y,no,no,no,cellular,aug,tue,-3,2985,20,112,1,failure,1,0.021015,POSITIVE
self-employed,divorced,basic.6y,no,no,no,cellular,jan,tue,-3,3055,23,118,0,failure,0,-0.036175,NEGATIVE
self-employed,divorced,basic.6y,no,no,no,cellular,jan,tue,-3,3055,23,118,0,failure,1,0.009588,POSITIVE
technician,married,illiterate,unknown,unknown,unknown,telephone,feb,fri,-1,3101,21,122,4,nonexistent,0,-0.005860,NEGATIVE
technician,married,illiterate,unknown,unknown,unknown,telephone,feb,fri,-1,3101,21,122,4,nonexistent,1,0.025903,POSITIVE
technician,married,illiterate,unknown,unknown,unknown,telephone,apr,fri,-1,3074,21,114,4,nonexistent,0,-0.005950,NEGATIVE
technician,married,illiterate,unknown,unknown,unknown,telephone,apr,fri,-1,3074,21,114,4,nonexistent,1,0.025813,POSITIVE
entrepreneur,divorced,basic.6y,no,no,no,cellular,feb,tue,-3,2985,23,112,1,failure,0,-0.040153,NEGATIVE
entrepreneur,divorced,basic.6y,no,no,no,cellular,feb,tue,-3,2985,23,112,1,failure,1,0.005610,POSITIVE
services,divorced,basic.6y,no,no,no,cellular,apr,tue,-3,2985,20,119,1,failure,0,-0.020906,NEGATIVE
services,divorced,basic.6y,no,no,no,cellular,apr,tue,-3,2985,20,119,1,failure,1,0.010857,POSITIVE
housemaid,married,illiterate,unknown,unknown,unknown,telephone,apr,fri,-1,2996,21,114,4,nonexistent,0,-0.021583,NEGATIVE
housemaid,married,illiterate,unknown,unknown,unknown,telephone,apr,fri,-1,2996,21,114,4,nonexistent,1,0.010180,POSITIVE
housemaid,married,basic.9y,no,no,no,cellular,aug,wed,-2,3071,23,98,2,nonexistent,0,-0.036012,NEGATIVE
housemaid,married,basic.9y,no,no,no,cellular,aug,wed,-2,3071,23,98,2,nonexistent,1,0.009751,POSITIVE
student,married,illiterate,unknown,unknown,unknown,telephone,oct,fri,-1,3109,21,106,4,nonexistent,0,-0.007392,NEGATIVE
student,married,illiterate,unknown,unknown,unknown,telephone,oct,fri,-1,3109,21,106,4,nonexistent,1,0.040418,POSITIVE
student,single,professional.course,unknown,unknown,unknown,telephone,nov,(null),0,3109,21,99,5,success,0,-0.042968,NEGATIVE
student,single,professional.course,unknown,unknown,unknown,telephone,nov,(null),0,3109,21,99,5,success,1,0.004842,POSITIVE
management,married,basic.9y,no,no,no,cellular,sep,wed,-2,3000,21,99,2,nonexistent,0,-0.029261,NEGATIVE
management,married,basic.9y,no,no,no,cellular,sep,wed,-2,3000,21,99,2,nonexistent,1,0.016502,POSITIVE
services,married,basic.9y,no,no,no,cellular,may,wed,-2,3071,23,104,2,nonexistent,0,-0.024172,NEGATIVE
services,married,basic.9y,no,no,no,cellular,may,wed,-2,3071,23,104,2,nonexistent,1,0.021591,POSITIVE
housemaid,married,illiterate,unknown,unknown,unknown,telephone,apr,fri,-1,3094,24,106,4,nonexistent,0,-0.003991,NEGATIVE
housemaid,married,illiterate,unknown,unknown,unknown,telephone,apr,fri,-1,3094,24,106,4,nonexistent,1,0.041773,POSITIVE
management,single,professional.course,unknown,unknown,unknown,telephone,may,(null),0,3117,24,99,5,success,0,-0.011692,NEGATIVE
management,single,professional.course,unknown,unknown,unknown,telephone,may,(null),0,3117,24,99,5,success,1,0.034070,POSITIVE
unemployed,single,professional.course,unknown,unknown,unknown,telephone,may,(null),0,3082,21,108,6,success,0,-0.025260,NEGATIVE
unemployed,single,professional.course,unknown,unknown,unknown,telephone,may,(null),0,3082,21,108,6,success,1,0.022549,POSITIVE
entrepreneur,married,basic.9y,no,no,no,cellular,mar,wed,-2,2985,23,104,2,nonexistent,0,-0.025986,NEGATIVE
entrepreneur,married,basic.9y,no,no,no,cellular,mar,wed,-2,2985,23,104,2,nonexistent,1,0.019776,POSITIVE
services,married,basic.9y,no,no,no,cellular,may,wed,-2,2993,23,96,2,nonexistent,0,-0.011667,NEGATIVE
services,married,basic.9y,no,no,no,cellular,may,wed,-2,2993,23,96,2,nonexistent,1,0.034097,POSITIVE
technician,single,professional.course,unknown,unknown,unknown,telephone,may,(null),0,3031,21,107,5,success,0,-0.025673,NEGATIVE
technician,single,professional.course,unknown,unknown,unknown,telephone,may,(null),0,3031,21,107,5,success,1,0.022136,POSITIVE
unemployed,single,professional.course,unknown,unknown,unknown,telephone,may,(null),0,3004,21,100,6,success,0,-0.020800,NEGATIVE
unemployed,single,professional.course,unknown,unknown,unknown,telephone,may,(null),0,3004,21,100,6,success,1,0.027009,POSITIVE
housemaid,married,illiterate,unknown,unknown,unknown,telephone,oct,fri,-1,3016,18,121,4,nonexistent,0,-0.003926,NEGATIVE
housemaid,married,illiterate,unknown,unknown,unknown,telephone,oct,fri,-1,3016,18,121,4,nonexistent,1,0.015001,POSITIVE
technician,single,professional.course,unknown,unknown,unknown,telephone,may,(null),0,3031,18,122,5,success,0,-0.014531,NEGATIVE
technician,single,professional.course,unknown,unknown,unknown,telephone,may,(null),0,3031,18,122,5,success,1,0.008717,POSITIVE
management,single,professional.course,unknown,unknown,unknown,telephone,may,(null),0,3004,18,123,6,success,0,-0.010392,NEGATIVE
management,single,professional.course,unknown,unknown,unknown,telephone,may,(null),0,3004,18,123,6,success,1,0.008536,POSITIVE
admin.,divorced,basic.6y,no,no,no,cellular,jan,tue,-3,2899,23,110,0,failure,0,-0.023776,NEGATIVE
admin.,divorced,basic.6y,no,no,no,cellular,jan,tue,-3,2899,23,110,0,failure,1,0.021988,POSITIVE
retired,married,high.school,unknown,unknown,unknown,telephone,apr,thu,-1,2930,21,113,3,nonexistent,0,-0.015141,NEGATIVE
retired,married,high.school,unknown,unknown,unknown,telephone,apr,thu,-1,2930,21,113,3,nonexistent,1,0.016623,POSITIVE
housemaid,married,basic.9y,no,no,no,cellular,feb,wed,-2,2837,20,114,2,nonexistent,0,-0.020741,NEGATIVE
housemaid,married,basic.9y,no,no,no,cellular,feb,wed,-2,2837,20,114,2,nonexistent,1,0.008977,POSITIVE
housemaid,married,basic.9y,no,no,no,cellular,aug,wed,-2,2915,21,98,2,nonexistent,0,-0.004290,NEGATIVE
housemaid,married,basic.9y,no,no,no,cellular,aug,wed,-2,2915,21,98,2,nonexistent,1,0.041472,POSITIVE
blue-collar,divorced,basic.6y,no,no,no,cellular,aug,tue,-3,2829,20,103,1,failure,0,-0.004290,NEGATIVE
blue-collar,divorced,basic.6y,no,no,no,cellular,aug,tue,-3,2829,20,103,1,failure,1,0.041472,POSITIVE
self-employed,divorced,basic.6y,no,no,no,cellular,jan,tue,-3,2899,23,102,0,failure,0,-0.016595,NEGATIVE
self-employed,divorced,basic.6y,no,no,no,cellular,jan,tue,-3,2899,23,102,0,failure,1,0.029166,POSITIVE
entrepreneur,married,basic.9y,no,no,no,cellular,mar,wed,-2,2907,23,96,2,nonexistent,0,-0.013481,NEGATIVE
entrepreneur,married,basic.9y,no,no,no,cellular,mar,wed,-2,2907,23,96,2,nonexistent,1,0.032282,POSITIVE
management,single,professional.course,unknown,unknown,unknown,telephone,may,(null),0,2961,21,107,5,success,0,-0.036737,NEGATIVE
management,single,professional.course,unknown,unknown,unknown,telephone,may,(null),0,2961,21,107,5,success,1,0.011071,POSITIVE
technician,single,professional.course,unknown,unknown,unknown,telephone,may,(null),0,2953,21,99,5,success,0,-0.021215,NEGATIVE
technician,single,professional.course,unknown,unknown,unknown,telephone,may,(null),0,2953,21,99,5,success,1,0.026594,POSITIVE
entrepreneur,divorced,basic.6y,no,no,no,cellular,feb,tue,-3,2829,23,96,1,failure,0,-0.026006,NEGATIVE
entrepreneur,divorced,basic.6y,no,no,no,cellular,feb,tue,-3,2829,23,96,1,failure,1,0.019757,POSITIVE
student,married,basic.9y,no,no,no,cellular,mar,wed,-2,2829,20,104,2,nonexistent,0,-0.024556,NEGATIVE
student,married,basic.9y,no,no,no,cellular,mar,wed,-2,2829,20,104,2,nonexistent,1,0.021206,POSITIVE
housemaid,married,illiterate,unknown,unknown,unknown,telephone,apr,fri,-1,2860,21,106,4,nonexistent,0,-0.018964,NEGATIVE
housemaid,married,illiterate,unknown,unknown,unknown,telephone,apr,fri,-1,2860,21,106,4,nonexistent,1,0.026797,POSITIVE
management,single,professional.course,unknown,unknown,unknown,telephone,may,(null),0,2883,21,99,5,success,0,-0.026666,NEGATIVE
management,single,professional.course,unknown,unknown,unknown,telephone,may,(null),0,2883,21,99,5,success,1,0.019096,POSITIVE
management,married,basic.9y,no,no,no,cellular,sep,wed,-2,2844,17,112,2,nonexistent,0,-0.019136,NEGATIVE
management,married,basic.9y,no,no,no,cellular,sep,wed,-2,2844,17,112,2,nonexistent,1,0.012627,POSITIVE
services,married,illiterate,unknown,unknown,unknown,telephone,apr,fri,-1,2867,17,119,4,nonexistent,0,-0.006124,NEGATIVE
services,married,illiterate,unknown,unknown,unknown,telephone,apr,fri,-1,2867,17,119,4,nonexistent,1,0.022424,POSITIVE
student,married,high.school,unknown,unknown,unknown,telephone,oct,thu,-1,2852,18,105,3,nonexistent,0,-0.002232,NEGATIVE
student,married,high.school,unknown,unknown,unknown,telephone,oct,thu,-1,2852,18,105,3,nonexistent,1,0.029532,POSITIVE
management,single,professional.course,unknown,unknown,unknown,telephone,nov,(null),0,2883,18,100,6,success,0,-0.004557,NEGATIVE
management,single,professional.course,unknown,unknown,unknown,telephone,nov,(null),0,2883,18,100,6,success,1,0.027207,POSITIVE
unemployed,single,professional.course,unknown,unknown,unknown,telephone,nov,(null),0,2883,15,108,6,success,0,-0.001164,NEGATIVE
unemployed,single,professional.course,unknown,unknown,unknown,telephone,nov,(null),0,2883,15,108,6,success,1,0.032411,POSITIVE
unemployed,single,professional.course,unknown,unknown,unknown,telephone,may,(null),0,2887,18,108,6,success,0,-0.014157,NEGATIVE
unemployed,single,professional.course,unknown,unknown,unknown,telephone,may,(null),0,2887,18,108,6,success,1,0.004773,POSITIVE
student,married,basic.9y,no,no,no,cellular,sep,wed,-2,3078,23,89,2,nonexistent,0,-0.042902,NEGATIVE
student,married,basic.9y,no,no,no,cellular,sep,wed,-2,3078,23,89,2,nonexistent,1,0.002861,POSITIVE
housemaid,married,illiterate,unknown,unknown,unknown,telephone,oct,fri,-1,3109,24,90,4,nonexistent,0,-0.026448,NEGATIVE
housemaid,married,illiterate,unknown,unknown,unknown,telephone,oct,fri,-1,3109,24,90,4,nonexistent,1,0.019313,POSITIVE
student,married,illiterate,unknown,unknown,unknown,telephone,oct,fri,-1,3109,24,83,4,nonexistent,0,-0.015642,NEGATIVE
student,married,illiterate,unknown,unknown,unknown,telephone,oct,fri,-1,3109,24,83,4,nonexistent,1,0.030121,POSITIVE
services,divorced,basic.6y,no,no,no,cellular,aug,tue,-3,2985,23,88,1,failure,0,-0.005842,NEGATIVE
services,divorced,basic.6y,no,no,no,cellular,aug,tue,-3,2985,23,88,1,failure,1,0.039920,POSITIVE
housemaid,married,high.school,unknown,unknown,unknown,telephone,oct,thu,-1,2989,24,82,3,nonexistent,0,-0.005755,NEGATIVE
housemaid,married,high.school,unknown,unknown,unknown,telephone,oct,thu,-1,2989,24,82,3,nonexistent,1,0.044132,POSITIVE
student,single,professional.course,unknown,unknown,unknown,telephone,nov,(null),0,3031,21,91,5,success,0,-0.045075,NEGATIVE
student,single,professional.course,unknown,unknown,unknown,telephone,nov,(null),0,3031,21,91,5,success,1,0.000688,POSITIVE
technician,single,professional.course,unknown,unknown,unknown,telephone,may,(null),0,3117,24,91,6,success,0,-0.024396,NEGATIVE
technician,single,professional.course,unknown,unknown,unknown,telephone,may,(null),0,3117,24,91,6,success,1,0.021366,POSITIVE
student,single,professional.course,unknown,unknown,unknown,telephone,may,(null),0,3031,23,90,5,success,0,-0.004855,NEGATIVE
student,single,professional.course,unknown,unknown,unknown,telephone,may,(null),0,3031,23,90,5,success,1,0.040906,POSITIVE
management,single,professional.course,unknown,unknown,unknown,telephone,nov,(null),0,3117,24,77,6,success,0,-0.036146,NEGATIVE
management,single,professional.course,unknown,unknown,unknown,telephone,nov,(null),0,3117,24,77,6,success,1,0.013742,POSITIVE
student,married,illiterate,unknown,unknown,unknown,telephone,oct,fri,-1,3031,24,75,4,nonexistent,0,-0.027706,NEGATIVE
student,married,illiterate,unknown,unknown,unknown,telephone,oct,fri,-1,3031,24,75,4,nonexistent,1,0.022182,POSITIVE
management,single,professional.course,unknown,unknown,unknown,telephone,nov,(null),0,3043,24,69,6,success,0,-0.041183,NEGATIVE
management,single,professional.course,unknown,unknown,unknown,telephone,nov,(null),0,3043,24,69,6,success,1,0.008705,POSITIVE
unemployed,single,professional.course,unknown,unknown,unknown,telephone,may,(null),0,3004,24,77,6,success,0,-0.028178,NEGATIVE
unemployed,single,professional.course,unknown,unknown,unknown,telephone,may,(null),0,3004,24,77,6,success,1,0.017582,POSITIVE
blue-collar,divorced,basic.6y,no,no,no,cellular,aug,tue,-3,2907,23,88,1,failure,0,-0.007759,NEGATIVE
blue-collar,divorced,basic.6y,no,no,no,cellular,aug,tue,-3,2907,23,88,1,failure,1,0.038002,POSITIVE
services,divorced,basic.6y,no,no,no,cellular,aug,tue,-3,2907,23,80,1,failure,0,-0.004201,NEGATIVE
services,divorced,basic.6y,no,no,no,cellular,aug,tue,-3,2907,23,80,1,failure,1,0.041562,POSITIVE
student,married,illiterate,unknown,unknown,unknown,telephone,oct,fri,-1,2953,21,90,4,nonexistent,0,-0.010531,NEGATIVE
student,married,illiterate,unknown,unknown,unknown,telephone,oct,fri,-1,2953,21,90,4,nonexistent,1,0.035232,POSITIVE
management,single,professional.course,unknown,unknown,unknown,telephone,nov,(null),0,2961,21,85,6,success,0,-0.028510,NEGATIVE
management,single,professional.course,unknown,unknown,unknown,telephone,nov,(null),0,2961,21,85,6,success,1,0.017253,POSITIVE
management,married,basic.9y,no,no,no,cellular,sep,wed,-2,2844,21,84,2,nonexistent,0,-0.036843,NEGATIVE
management,married,basic.9y,no,no,no,cellular,sep,wed,-2,2844,21,84,2,nonexistent,1,0.008920,POSITIVE
self-employed,married,illiterate,unknown,unknown,unknown,telephone,apr,fri,-1,2938,24,87,4,nonexistent,0,-0.044192,NEGATIVE
self-employed,married,illiterate,unknown,unknown,unknown,telephone,apr,fri,-1,2938,24,87,4,nonexistent,1,0.001570,POSITIVE
unemployed,single,professional.course,unknown,unknown,unknown,telephone,may,(null),0,2926,21,92,6,success,0,-0.019277,NEGATIVE
unemployed,single,professional.course,unknown,unknown,unknown,telephone,may,(null),0,2926,21,92,6,success,1,0.026485,POSITIVE
entrepreneur,married,basic.9y,no,no,no,cellular,mar,wed,-2,2829,23,89,2,nonexistent,0,-0.033567,NEGATIVE
entrepreneur,married,basic.9y,no,no,no,cellular,mar,wed,-2,2829,23,89,2,nonexistent,1,0.012197,POSITIVE
student,married,basic.9y,no,no,no,cellular,mar,wed,-2,2829,23,81,2,nonexistent,0,-0.026385,NEGATIVE
student,married,basic.9y,no,no,no,cellular,mar,wed,-2,2829,23,81,2,nonexistent,1,0.019378,POSITIVE
housemaid,married,illiterate,unknown,unknown,unknown,telephone,apr,fri,-1,2860,24,83,4,nonexistent,0,-0.020792,NEGATIVE
housemaid,married,illiterate,unknown,unknown,unknown,telephone,apr,fri,-1,2860,24,83,4,nonexistent,1,0.024970,POSITIVE
technician,single,professional.course,unknown,unknown,unknown,telephone,may,(null),0,2875,21,91,5,success,0,-0.021850,NEGATIVE
technician,single,professional.course,unknown,unknown,unknown,telephone,may,(null),0,2875,21,91,5,success,1,0.023912,POSITIVE
housemaid,married,high.school,unknown,unknown,unknown,telephone,oct,thu,-1,2911,24,74,3,nonexistent,0,-0.030974,NEGATIVE
housemaid,married,high.school,unknown,unknown,unknown,telephone,oct,thu,-1,2911,24,74,3,nonexistent,1,0.018914,POSITIVE
student,married,high.school,unknown,unknown,unknown,telephone,oct,thu,-1,2911,24,66,3,nonexistent,0,-0.012774,NEGATIVE
student,married,high.school,unknown,unknown,unknown,telephone,oct,thu,-1,2911,24,66,3,nonexistent,1,0.037114,POSITIVE
housemaid,married,illiterate,unknown,unknown,unknown,telephone,oct,fri,-1,2945,24,67,4,nonexistent,0,-0.008329,NEGATIVE
housemaid,married,illiterate,unknown,unknown,unknown,telephone,oct,fri,-1,2945,24,67,4,nonexistent,1,0.041560,POSITIVE
management,married,basic.9y,no,no,no,cellular,sep,wed,-2,2844,23,68,2,nonexistent,0,-0.009303,NEGATIVE
management,married,basic.9y,no,no,no,cellular,sep,wed,-2,2844,23,68,2,nonexistent,1,0.040585,POSITIVE
management,single,professional.course,unknown,unknown,unknown,telephone,nov,(null),0,2883,21,77,6,success,0,-0.016005,NEGATIVE
management,single,professional.course,unknown,unknown,unknown,telephone,nov,(null),0,2883,21,77,6,success,1,0.029757,POSITIVE
technician,single,professional.course,unknown,unknown,unknown,telephone,may,(null),0,2953,24,76,5,success,0,-0.026379,NEGATIVE
technician,single,professional.course,unknown,unknown,unknown,telephone,may,(null),0,2953,24,76,5,success,1,0.020442,POSITIVE
student,single,professional.course,unknown,unknown,unknown,telephone,may,(null),0,2875,23,74,5,success,0,-0.026354,NEGATIVE
student,single,professional.course,unknown,unknown,unknown,telephone,may,(null),0,2875,23,74,5,success,1,0.022465,POSITIVE
entrepreneur,divorced,basic.6y,no,no,no,cellular,feb,tue,-3,2751,20,111,1,failure,0,-0.024584,NEGATIVE
entrepreneur,divorced,basic.6y,no,no,no,cellular,feb,tue,-3,2751,20,111,1,failure,1,0.005133,POSITIVE
entrepreneur,married,basic.9y,no,no,no,cellular,mar,wed,-2,2751,20,104,2,nonexistent,0,-0.040960,NEGATIVE
entrepreneur,married,basic.9y,no,no,no,cellular,mar,wed,-2,2751,20,104,2,nonexistent,1,0.004802,POSITIVE
student,married,basic.9y,no,no,no,cellular,mar,wed,-2,2751,20,96,2,nonexistent,0,-0.012051,NEGATIVE
student,married,basic.9y,no,no,no,cellular,mar,wed,-2,2751,20,96,2,nonexistent,1,0.033711,POSITIVE
housemaid,married,illiterate,unknown,unknown,unknown,telephone,apr,fri,-1,2782,21,98,4,nonexistent,0,-0.006459,NEGATIVE
housemaid,married,illiterate,unknown,unknown,unknown,telephone,apr,fri,-1,2782,21,98,4,nonexistent,1,0.039304,POSITIVE
self-employed,divorced,basic.6y,no,no,no,cellular,jan,tue,-3,2665,20,102,0,failure,0,-0.031571,NEGATIVE
self-employed,divorced,basic.6y,no,no,no,cellular,jan,tue,-3,2665,20,102,0,failure,1,0.014192,POSITIVE
entrepreneur,married,basic.9y,no,no,no,cellular,mar,wed,-2,2673,20,96,2,nonexistent,0,-0.028456,NEGATIVE
entrepreneur,married,basic.9y,no,no,no,cellular,mar,wed,-2,2673,20,96,2,nonexistent,1,0.017307,POSITIVE
self-employed,divorced,basic.6y,no,no,no,cellular,jul,tue,-3,2743,17,110,0,failure,0,-0.029294,NEGATIVE
self-employed,divorced,basic.6y,no,no,no,cellular,jul,tue,-3,2743,17,110,0,failure,1,0.002469,POSITIVE
admin.,divorced,basic.6y,no,no,no,cellular,oct,tue,-3,2743,17,110,0,failure,0,-0.004396,NEGATIVE
admin.,divorced,basic.6y,no,no,no,cellular,oct,tue,-3,2743,17,110,0,failure,1,0.027369,POSITIVE
admin.,divorced,basic.6y,no,no,no,cellular,jul,tue,-3,2665,17,110,0,failure,0,-0.003656,NEGATIVE
admin.,divorced,basic.6y,no,no,no,cellular,jul,tue,-3,2665,17,110,0,failure,1,0.028108,POSITIVE
retired,married,high.school,unknown,unknown,unknown,telephone,apr,thu,-1,2774,18,117,3,nonexistent,0,-0.011186,NEGATIVE
retired,married,high.school,unknown,unknown,unknown,telephone,apr,thu,-1,2774,18,117,3,nonexistent,1,0.007742,POSITIVE
self-employed,divorced,basic.6y,no,no,no,cellular,jan,tue,-3,2665,17,118,0,failure,0,-0.027509,NEGATIVE
self-employed,divorced,basic.6y,no,no,no,cellular,jan,tue,-3,2665,17,118,0,failure,1,0.004254,POSITIVE
admin.,divorced,basic.6y,no,no,no,cellular,apr,tue,-3,2665,17,118,0,failure,0,-0.002611,NEGATIVE
admin.,divorced,basic.6y,no,no,no,cellular,apr,tue,-3,2665,17,118,0,failure,1,0.029154,POSITIVE
student,married,basic.9y,no,no,no,cellular,feb,wed,-2,2688,17,112,2,nonexistent,0,-0.011330,NEGATIVE
student,married,basic.9y,no,no,no,cellular,feb,wed,-2,2688,17,112,2,nonexistent,1,0.015935,POSITIVE
housemaid,married,high.school,unknown,unknown,unknown,telephone,apr,thu,-1,2696,18,113,3,nonexistent,0,-0.008202,NEGATIVE
housemaid,married,high.school,unknown,unknown,unknown,telephone,apr,thu,-1,2696,18,113,3,nonexistent,1,0.023562,POSITIVE
self-employed,married,illiterate,unknown,unknown,unknown,telephone,oct,fri,-1,2750,16,102,4,nonexistent,0,-0.002864,NEGATIVE
self-employed,married,illiterate,unknown,unknown,unknown,telephone,oct,fri,-1,2750,16,102,4,nonexistent,1,0.016064,POSITIVE
student,married,high.school,unknown,unknown,unknown,telephone,apr,thu,-1,2677,18,105,3,nonexistent,0,-0.011149,NEGATIVE
student,married,high.school,unknown,unknown,unknown,telephone,apr,thu,-1,2677,18,105,3,nonexistent,1,0.020613,POSITIVE
entrepreneur,divorced,basic.6y,no,no,no,cellular,feb,tue,-3,2595,20,96,1,failure,0,-0.040981,NEGATIVE
entrepreneur,divorced,basic.6y,no,no,no,cellular,feb,tue,-3,2595,20,96,1,failure,1,0.004781,POSITIVE
admin.,divorced,basic.6y,no,no,no,cellular,jan,tue,-3,2508,20,94,0,failure,0,-0.018610,NEGATIVE
admin.,divorced,basic.6y,no,no,no,cellular,jan,tue,-3,2508,20,94,0,failure,1,0.027152,POSITIVE
management,married,basic.9y,no,no,no,cellular,mar,wed,-2,2610,15,115,2,nonexistent,0,0.004626,POSITIVE
management,married,basic.9y,no,no,no,cellular,mar,wed,-2,2610,15,115,2,nonexistent,1,-0.003686,NEGATIVE
services,divorced,basic.6y,no,no,no,cellular,apr,tue,-3,2595,17,103,1,failure,0,-0.017238,NEGATIVE
services,divorced,basic.6y,no,no,no,cellular,apr,tue,-3,2595,17,103,1,failure,1,0.014525,POSITIVE
housemaid,married,high.school,unknown,unknown,unknown,telephone,apr,thu,-1,2599,18,105,3,nonexistent,0,-0.013025,NEGATIVE
housemaid,married,high.school,unknown,unknown,unknown,telephone,apr,thu,-1,2599,18,105,3,nonexistent,1,0.018737,POSITIVE
student,married,illiterate,unknown,unknown,unknown,telephone,apr,fri,-1,2626,18,98,4,nonexistent,0,-0.031762,NEGATIVE
student,married,illiterate,unknown,unknown,unknown,telephone,apr,fri,-1,2626,18,98,4,nonexistent,1,0.000001,POSITIVE
housemaid,married,illiterate,unknown,unknown,unknown,telephone,apr,fri,-1,2606,18,98,4,nonexistent,0,-0.006156,NEGATIVE
housemaid,married,illiterate,unknown,unknown,unknown,telephone,apr,fri,-1,2606,18,98,4,nonexistent,1,0.025608,POSITIVE
self-employed,divorced,basic.4y,no,no,no,cellular,jul,mon,-3,2501,17,94,0,failure,0,-0.025316,NEGATIVE
self-employed,divorced,basic.4y,no,no,no,cellular,jul,mon,-3,2501,17,94,0,failure,1,0.004402,POSITIVE
admin.,divorced,basic.4y,no,no,no,cellular,oct,mon,-3,2501,17,94,0,failure,0,-0.028867,NEGATIVE
admin.,divorced,basic.4y,no,no,no,cellular,oct,mon,-3,2501,17,94,0,failure,1,0.000851,POSITIVE
housemaid,married,high.school,unknown,unknown,unknown,telephone,aug,thu,-1,2540,15,105,3,nonexistent,0,-0.011690,NEGATIVE
housemaid,married,high.school,unknown,unknown,unknown,telephone,aug,thu,-1,2540,15,105,3,nonexistent,1,0.007238,POSITIVE
retired,married,high.school,unknown,unknown,unknown,telephone,apr,thu,-1,2540,18,97,3,nonexistent,0,-0.002151,NEGATIVE
retired,married,high.school,unknown,unknown,unknown,telephone,apr,thu,-1,2540,18,97,3,nonexistent,1,0.029613,POSITIVE
housemaid,married,basic.9y,no,no,no,cellular,aug,wed,-2,2759,21,83,2,nonexistent,0,-0.017302,NEGATIVE
housemaid,married,basic.9y,no,no,no,cellular,aug,wed,-2,2759,21,83,2,nonexistent,1,0.028462,POSITIVE
self-employed,divorced,basic.6y,no,no,no,cellular,jan,tue,-3,2743,23,87,0,failure,0,-0.040471,NEGATIVE
self-employed,divorced,basic.6y,no,no,no,cellular,jan,tue,-3,2743,23,87,0,failure,1,0.005291,POSITIVE
entrepreneur,married,basic.9y,no,no,no,cellular,mar,wed,-2,2751,23,81,2,nonexistent,0,-0.042788,NEGATIVE
entrepreneur,married,basic.9y,no,no,no,cellular,mar,wed,-2,2751,23,81,2,nonexistent,1,0.002974,POSITIVE
management,single,professional.course,unknown,unknown,unknown,telephone,may,(null),0,2805,21,91,5,success,0,-0.025024,NEGATIVE
management,single,professional.course,unknown,unknown,unknown,telephone,may,(null),0,2805,21,91,5,success,1,0.020739,POSITIVE
technician,single,professional.course,unknown,unknown,unknown,telephone,may,(null),0,2805,21,84,5,success,0,-0.010595,NEGATIVE
technician,single,professional.course,unknown,unknown,unknown,telephone,may,(null),0,2805,21,84,5,success,1,0.035167,POSITIVE
blue-collar,divorced,basic.6y,no,no,no,cellular,aug,tue,-3,2673,20,88,1,failure,0,-0.022734,NEGATIVE
blue-collar,divorced,basic.6y,no,no,no,cellular,aug,tue,-3,2673,20,88,1,failure,1,0.023029,POSITIVE
services,divorced,basic.6y,no,no,no,cellular,aug,tue,-3,2673,20,80,1,failure,0,-0.019175,NEGATIVE
services,divorced,basic.6y,no,no,no,cellular,aug,tue,-3,2673,20,80,1,failure,1,0.026588,POSITIVE
entrepreneur,divorced,basic.6y,no,no,no,cellular,feb,tue,-3,2673,23,81,1,failure,0,-0.044451,NEGATIVE
entrepreneur,divorced,basic.6y,no,no,no,cellular,feb,tue,-3,2673,23,81,1,failure,1,0.001311,POSITIVE
student,married,basic.9y,no,no,no,cellular,mar,wed,-2,2673,20,89,2,nonexistent,0,-0.032135,NEGATIVE
student,married,basic.9y,no,no,no,cellular,mar,wed,-2,2673,20,89,2,nonexistent,1,0.013626,POSITIVE
housemaid,married,illiterate,unknown,unknown,unknown,telephone,apr,fri,-1,2704,21,90,4,nonexistent,0,-0.015680,NEGATIVE
housemaid,married,illiterate,unknown,unknown,unknown,telephone,apr,fri,-1,2704,21,90,4,nonexistent,1,0.030082,POSITIVE
student,married,illiterate,unknown,unknown,unknown,telephone,apr,fri,-1,2704,21,83,4,nonexistent,0,-0.004875,NEGATIVE
student,married,illiterate,unknown,unknown,unknown,telephone,apr,fri,-1,2704,21,83,4,nonexistent,1,0.040888,POSITIVE
housemaid,married,illiterate,unknown,unknown,unknown,telephone,apr,fri,-1,2684,21,83,4,nonexistent,0,-0.003667,NEGATIVE
housemaid,married,illiterate,unknown,unknown,unknown,telephone,apr,fri,-1,2684,21,83,4,nonexistent,1,0.042097,POSITIVE
housemaid,married,basic.9y,no,no,no,cellular,aug,wed,-2,2759,23,65,2,nonexistent,0,-0.000489,NEGATIVE
housemaid,married,basic.9y,no,no,no,cellular,aug,wed,-2,2759,23,65,2,nonexistent,1,0.049399,POSITIVE
student,married,illiterate,unknown,unknown,unknown,telephone,oct,fri,-1,2797,21,75,4,nonexistent,0,-0.018111,NEGATIVE
student,married,illiterate,unknown,unknown,unknown,telephone,oct,fri,-1,2797,21,75,4,nonexistent,1,0.027652,POSITIVE
management,single,professional.course,unknown,unknown,unknown,telephone,nov,(null),0,2805,21,69,6,success,0,-0.025359,NEGATIVE
management,single,professional.course,unknown,unknown,unknown,telephone,nov,(null),0,2805,21,69,6,success,1,0.024529,POSITIVE
services,married,illiterate,unknown,unknown,unknown,telephone,apr,fri,-1,2789,23,73,4,nonexistent,0,-0.006375,NEGATIVE
services,married,illiterate,unknown,unknown,unknown,telephone,apr,fri,-1,2789,23,73,4,nonexistent,1,0.043513,POSITIVE
retired,married,high.school,unknown,unknown,unknown,telephone,jul,thu,-1,2696,22,70,3,nonexistent,0,-0.027405,NEGATIVE
retired,married,high.school,unknown,unknown,unknown,telephone,jul,thu,-1,2696,22,70,3,nonexistent,1,0.022482,POSITIVE
student,single,professional.course,unknown,unknown,unknown,telephone,nov,(null),0,2797,18,91,5,success,0,-0.044805,NEGATIVE
student,single,professional.course,unknown,unknown,unknown,telephone,nov,(null),0,2797,18,91,5,success,1,0.003005,POSITIVE
student,married,illiterate,unknown,unknown,unknown,telephone,oct,fri,-1,2719,18,90,4,nonexistent,0,-0.015257,NEGATIVE
student,married,illiterate,unknown,unknown,unknown,telephone,oct,fri,-1,2719,18,90,4,nonexistent,1,0.032551,POSITIVE
management,single,professional.course,unknown,unknown,unknown,telephone,nov,(null),0,2727,18,85,6,success,0,-0.038302,NEGATIVE
management,single,professional.course,unknown,unknown,unknown,telephone,nov,(null),0,2727,18,85,6,success,1,0.009507,POSITIVE
unemployed,single,professional.course,unknown,unknown,unknown,telephone,may,(null),0,2692,18,92,6,success,0,-0.017395,NEGATIVE
unemployed,single,professional.course,unknown,unknown,unknown,telephone,may,(null),0,2692,18,92,6,success,1,0.030413,POSITIVE
blue-collar,divorced,basic.6y,no,no,no,cellular,aug,tue,-3,2595,20,80,1,failure,0,-0.021093,NEGATIVE
blue-collar,divorced,basic.6y,no,no,no,cellular,aug,tue,-3,2595,20,80,1,failure,1,0.024671,POSITIVE
admin.,divorced,basic.6y,no,no,no,cellular,jan,tue,-3,2587,23,79,0,failure,0,-0.033936,NEGATIVE
admin.,divorced,basic.6y,no,no,no,cellular,jan,tue,-3,2587,23,79,0,failure,1,0.015951,POSITIVE
student,married,basic.9y,no,no,no,cellular,mar,wed,-2,2595,20,81,2,nonexistent,0,-0.041358,NEGATIVE
student,married,basic.9y,no,no,no,cellular,mar,wed,-2,2595,20,81,2,nonexistent,1,0.004404,POSITIVE
housemaid,married,illiterate,unknown,unknown,unknown,telephone,apr,fri,-1,2626,21,83,4,nonexistent,0,-0.035766,NEGATIVE
housemaid,married,illiterate,unknown,unknown,unknown,telephone,apr,fri,-1,2626,21,83,4,nonexistent,1,0.009998,POSITIVE
blue-collar,married,basic.9y,no,no,no,cellular,feb,wed,-2,2552,20,88,2,nonexistent,0,-0.001665,NEGATIVE
blue-collar,married,basic.9y,no,no,no,cellular,feb,wed,-2,2552,20,88,2,nonexistent,1,0.044097,POSITIVE
housemaid,married,basic.9y,no,no,no,cellular,aug,wed,-2,2603,21,67,2,nonexistent,0,-0.048438,NEGATIVE
housemaid,married,basic.9y,no,no,no,cellular,aug,wed,-2,2603,21,67,2,nonexistent,1,0.001451,POSITIVE
self-employed,divorced,basic.6y,no,no,no,cellular,jan,tue,-3,2587,23,71,0,failure,0,-0.041932,NEGATIVE
self-employed,divorced,basic.6y,no,no,no,cellular,jan,tue,-3,2587,23,71,0,failure,1,0.007956,POSITIVE
blue-collar,married,basic.9y,no,no,no,cellular,feb,wed,-2,2630,23,73,2,nonexistent,0,-0.017392,NEGATIVE
blue-collar,married,basic.9y,no,no,no,cellular,feb,wed,-2,2630,23,73,2,nonexistent,1,0.032495,POSITIVE
services,married,basic.9y,no,no,no,cellular,feb,wed,-2,2603,23,65,2,nonexistent,0,-0.014173,NEGATIVE
services,married,basic.9y,no,no,no,cellular,feb,wed,-2,2603,23,65,2,nonexistent,1,0.035713,POSITIVE
entrepreneur,married,basic.9y,no,no,no,cellular,mar,wed,-2,2610,23,65,2,nonexistent,0,-0.008589,NEGATIVE
entrepreneur,married,basic.9y,no,no,no,cellular,mar,wed,-2,2610,23,65,2,nonexistent,1,0.041298,POSITIVE
management,single,professional.course,unknown,unknown,unknown,telephone,may,(null),0,2649,21,76,5,success,0,-0.043469,NEGATIVE
management,single,professional.course,unknown,unknown,unknown,telephone,may,(null),0,2649,21,76,5,success,1,0.002295,POSITIVE
technician,single,professional.course,unknown,unknown,unknown,telephone,may,(null),0,2641,21,68,5,success,0,-0.027788,NEGATIVE
technician,single,professional.course,unknown,unknown,unknown,telephone,may,(null),0,2641,21,68,5,success,1,0.017975,POSITIVE
entrepreneur,divorced,basic.6y,no,no,no,cellular,aug,tue,-3,2516,20,65,1,failure,0,-0.032596,NEGATIVE
entrepreneur,divorced,basic.6y,no,no,no,cellular,aug,tue,-3,2516,20,65,1,failure,1,0.017292,POSITIVE
entrepreneur,divorced,basic.6y,no,no,no,cellular,feb,tue,-3,2516,23,64,1,failure,0,-0.025178,NEGATIVE
entrepreneur,divorced,basic.6y,no,no,no,cellular,feb,tue,-3,2516,23,64,1,failure,1,0.024710,POSITIVE
student,married,basic.9y,no,no,no,cellular,mar,wed,-2,2516,20,73,2,nonexistent,0,-0.032100,NEGATIVE
student,married,basic.9y,no,no,no,cellular,mar,wed,-2,2516,20,73,2,nonexistent,1,0.013662,POSITIVE
housemaid,married,illiterate,unknown,unknown,unknown,telephone,apr,fri,-1,2547,21,75,4,nonexistent,0,-0.025426,NEGATIVE
housemaid,married,illiterate,unknown,unknown,unknown,telephone,apr,fri,-1,2547,21,75,4,nonexistent,1,0.020337,POSITIVE
management,single,professional.course,unknown,unknown,unknown,telephone,may,(null),0,2571,21,68,5,success,0,-0.038294,NEGATIVE
management,single,professional.course,unknown,unknown,unknown,telephone,may,(null),0,2571,21,68,5,success,1,0.011593,POSITIVE
housemaid,married,high.school,unknown,unknown,unknown,telephone,oct,thu,-1,2599,18,90,3,nonexistent,0,-0.009520,NEGATIVE
housemaid,married,high.school,unknown,unknown,unknown,telephone,oct,thu,-1,2599,18,90,3,nonexistent,1,0.036744,POSITIVE
student,married,illiterate,unknown,unknown,unknown,telephone,oct,fri,-1,2641,18,83,4,nonexistent,0,-0.042257,NEGATIVE
student,married,illiterate,unknown,unknown,unknown,telephone,oct,fri,-1,2641,18,83,4,nonexistent,1,0.005551,POSITIVE
student,married,high.school,unknown,unknown,unknown,telephone,oct,thu,-1,2599,18,82,3,nonexistent,0,-0.000527,NEGATIVE
student,married,high.school,unknown,unknown,unknown,telephone,oct,thu,-1,2599,18,82,3,nonexistent,1,0.046640,POSITIVE
technician,single,professional.course,unknown,unknown,unknown,telephone,may,(null),0,2649,18,91,6,success,0,-0.036961,NEGATIVE
technician,single,professional.course,unknown,unknown,unknown,telephone,may,(null),0,2649,18,91,6,success,1,0.010848,POSITIVE
services,divorced,basic.6y,no,no,no,cellular,aug,tue,-3,2516,17,88,1,failure,0,-0.040120,NEGATIVE
services,divorced,basic.6y,no,no,no,cellular,aug,tue,-3,2516,17,88,1,failure,1,0.005673,POSITIVE
housemaid,married,high.school,unknown,unknown,unknown,telephone,oct,thu,-1,2520,18,82,3,nonexistent,0,-0.026879,NEGATIVE
housemaid,married,high.school,unknown,unknown,unknown,telephone,oct,thu,-1,2520,18,82,3,nonexistent,1,0.018885,POSITIVE
technician,single,professional.course,unknown,unknown,unknown,telephone,nov,(null),0,2532,15,84,5,success,0,-0.010717,NEGATIVE
technician,single,professional.course,unknown,unknown,unknown,telephone,nov,(null),0,2532,15,84,5,success,1,0.008210,POSITIVE
student,single,professional.course,unknown,unknown,unknown,telephone,may,(null),0,2563,17,90,5,success,0,-0.021745,NEGATIVE
student,single,professional.course,unknown,unknown,unknown,telephone,may,(null),0,2563,17,90,5,success,1,0.026063,POSITIVE
management,single,professional.course,unknown,unknown,unknown,telephone,nov,(null),0,2649,18,77,6,success,0,-0.030980,NEGATIVE
management,single,professional.course,unknown,unknown,unknown,telephone,nov,(null),0,2649,18,77,6,success,1,0.014782,POSITIVE
student,married,illiterate,unknown,unknown,unknown,telephone,oct,fri,-1,2563,18,75,4,nonexistent,0,-0.033085,NEGATIVE
student,married,illiterate,unknown,unknown,unknown,telephone,oct,fri,-1,2563,18,75,4,nonexistent,1,0.012678,POSITIVE
management,single,professional.course,unknown,unknown,unknown,telephone,nov,(null),0,2571,18,69,6,success,0,-0.019015,NEGATIVE
management,single,professional.course,unknown,unknown,unknown,telephone,nov,(null),0,2571,18,69,6,success,1,0.026748,POSITIVE
self-employed,divorced,basic.6y,no,no,no,cellular,oct,tue,-3,2665,11,118,0,failure,0,-0.000248,NEGATIVE
self-employed,divorced,basic.6y,no,no,no,cellular,oct,tue,-3,2665,11,118,0,failure,1,0.000830,POSITIVE
entrepreneur,married,basic.9y,no,no,no,cellular,sep,wed,-2,2532,8,120,2,nonexistent,0,-0.001549,NEGATIVE
entrepreneur,married,basic.9y,no,no,no,cellular,sep,wed,-2,2532,8,120,2,nonexistent,1,0.000327,POSITIVE
housemaid,married,high.school,unknown,unknown,unknown,telephone,apr,thu,-1,2540,12,121,3,nonexistent,0,-0.000838,NEGATIVE
housemaid,married,high.school,unknown,unknown,unknown,telephone,apr,thu,-1,2540,12,121,3,nonexistent,1,0.001039,POSITIVE
unemployed,single,professional.course,unknown,unknown,unknown,telephone,nov,(null),0,3039,24,61,6,success,0,-0.021701,NEGATIVE
unemployed,single,professional.course,unknown,unknown,unknown,telephone,nov,(null),0,3039,24,61,6,success,1,0.028190,POSITIVE
management,single,professional.course,unknown,unknown,unknown,telephone,nov,(null),0,2922,24,60,5,success,0,-0.029162,NEGATIVE
management,single,professional.course,unknown,unknown,unknown,telephone,nov,(null),0,2922,24,60,5,success,1,0.020725,POSITIVE
technician,single,professional.course,unknown,unknown,unknown,telephone,nov,(null),0,2922,24,53,5,success,0,-0.029156,NEGATIVE
technician,single,professional.course,unknown,unknown,unknown,telephone,nov,(null),0,2922,24,53,5,success,1,0.020733,POSITIVE
student,single,professional.course,unknown,unknown,unknown,telephone,oct,(null),0,2875,23,59,5,success,0,-0.022399,NEGATIVE
student,single,professional.course,unknown,unknown,unknown,telephone,oct,(null),0,2875,23,59,5,success,1,0.027489,POSITIVE
technician,single,professional.course,unknown,unknown,unknown,telephone,nov,(null),0,2883,24,45,6,success,0,-0.037572,NEGATIVE
technician,single,professional.course,unknown,unknown,unknown,telephone,nov,(null),0,2883,24,45,6,success,1,0.012315,POSITIVE
housemaid,married,high.school,unknown,unknown,unknown,telephone,oct,thu,-1,2774,24,59,3,nonexistent,0,-0.004160,NEGATIVE
housemaid,married,high.school,unknown,unknown,unknown,telephone,oct,thu,-1,2774,24,59,3,nonexistent,1,0.045728,POSITIVE
student,married,high.school,unknown,unknown,unknown,telephone,oct,thu,-1,2774,24,51,3,nonexistent,0,-0.009610,NEGATIVE
student,married,high.school,unknown,unknown,unknown,telephone,oct,thu,-1,2774,24,51,3,nonexistent,1,0.040279,POSITIVE
housemaid,married,illiterate,unknown,unknown,unknown,telephone,oct,fri,-1,2801,24,52,4,nonexistent,0,-0.045522,NEGATIVE
housemaid,married,illiterate,unknown,unknown,unknown,telephone,oct,fri,-1,2801,24,52,4,nonexistent,1,0.004367,POSITIVE
student,single,professional.course,unknown,unknown,unknown,telephone,may,(null),0,2797,24,60,5,success,0,-0.007690,NEGATIVE
student,single,professional.course,unknown,unknown,unknown,telephone,may,(null),0,2797,24,60,5,success,1,0.042198,POSITIVE
services,divorced,basic.6y,no,no,no,cellular,jul,tue,-3,2673,23,57,1,failure,0,-0.023903,NEGATIVE
services,divorced,basic.6y,no,no,no,cellular,jul,tue,-3,2673,23,57,1,failure,1,0.025985,POSITIVE
entrepreneur,married,basic.9y,no,no,no,cellular,sep,wed,-2,2688,23,58,2,nonexistent,0,-0.017930,NEGATIVE
entrepreneur,married,basic.9y,no,no,no,cellular,sep,wed,-2,2688,23,58,2,nonexistent,1,0.031957,POSITIVE
student,married,basic.9y,no,no,no,cellular,sep,wed,-2,2688,23,50,2,nonexistent,0,-0.025199,NEGATIVE
student,married,basic.9y,no,no,no,cellular,sep,wed,-2,2688,23,50,2,nonexistent,1,0.024689,POSITIVE
student,single,professional.course,unknown,unknown,unknown,telephone,nov,(null),0,2719,21,59,5,success,0,-0.017993,NEGATIVE
student,single,professional.course,unknown,unknown,unknown,telephone,nov,(null),0,2719,21,59,5,success,1,0.031895,POSITIVE
services,married,illiterate,unknown,unknown,unknown,telephone,apr,fri,-1,2711,24,57,4,nonexistent,0,-0.041444,NEGATIVE
services,married,illiterate,unknown,unknown,unknown,telephone,apr,fri,-1,2711,24,57,4,nonexistent,1,0.008446,POSITIVE
technician,married,illiterate,unknown,unknown,unknown,telephone,oct,fri,-1,2801,24,44,4,nonexistent,0,-0.014226,NEGATIVE
technician,married,illiterate,unknown,unknown,unknown,telephone,oct,fri,-1,2801,24,44,4,nonexistent,1,0.035662,POSITIVE
management,single,professional.course,unknown,unknown,unknown,telephone,nov,(null),0,2770,24,38,6,success,0,-0.026515,NEGATIVE
management,single,professional.course,unknown,unknown,unknown,telephone,nov,(null),0,2770,24,38,6,success,1,0.030563,POSITIVE
student,married,high.school,unknown,unknown,unknown,telephone,oct,thu,-1,2696,24,43,3,nonexistent,0,-0.034826,NEGATIVE
student,married,high.school,unknown,unknown,unknown,telephone,oct,thu,-1,2696,24,43,3,nonexistent,1,0.015062,POSITIVE
housemaid,married,illiterate,unknown,unknown,unknown,telephone,oct,fri,-1,2680,24,44,4,nonexistent,0,-0.036596,NEGATIVE
housemaid,married,illiterate,unknown,unknown,unknown,telephone,oct,fri,-1,2680,24,44,4,nonexistent,1,0.020484,POSITIVE
services,married,illiterate,unknown,unknown,unknown,telephone,oct,fri,-1,2711,24,36,4,nonexistent,0,-0.027832,NEGATIVE
services,married,illiterate,unknown,unknown,unknown,telephone,oct,fri,-1,2711,24,36,4,nonexistent,1,0.029246,POSITIVE
student,married,high.school,unknown,unknown,unknown,telephone,oct,thu,-1,2599,21,59,3,nonexistent,0,-0.025635,NEGATIVE
student,married,high.school,unknown,unknown,unknown,telephone,oct,thu,-1,2599,21,59,3,nonexistent,1,0.024252,POSITIVE
housemaid,married,illiterate,unknown,unknown,unknown,telephone,oct,fri,-1,2633,21,60,4,nonexistent,0,-0.011731,NEGATIVE
housemaid,married,illiterate,unknown,unknown,unknown,telephone,oct,fri,-1,2633,21,60,4,nonexistent,1,0.038157,POSITIVE
technician,married,illiterate,unknown,unknown,unknown,telephone,oct,fri,-1,2633,21,52,4,nonexistent,0,-0.013542,NEGATIVE
technician,married,illiterate,unknown,unknown,unknown,telephone,oct,fri,-1,2633,21,52,4,nonexistent,1,0.036345,POSITIVE
blue-collar,divorced,basic.6y,no,no,no,cellular,jul,tue,-3,2508,23,49,0,failure,0,-0.050991,NEGATIVE
blue-collar,divorced,basic.6y,no,no,no,cellular,jul,tue,-3,2508,23,49,0,failure,1,0.002437,POSITIVE
self-employed,married,illiterate,unknown,unknown,unknown,telephone,oct,fri,-1,2547,21,52,4,nonexistent,0,-0.040272,NEGATIVE
self-employed,married,illiterate,unknown,unknown,unknown,telephone,oct,fri,-1,2547,21,52,4,nonexistent,1,0.009616,POSITIVE
retired,married,high.school,unknown,unknown,unknown,telephone,apr,thu,-1,2618,24,59,3,nonexistent,0,-0.045893,NEGATIVE
retired,married,high.school,unknown,unknown,unknown,telephone,apr,thu,-1,2618,24,59,3,nonexistent,1,0.003996,POSITIVE
student,married,illiterate,unknown,unknown,unknown,telephone,apr,fri,-1,2641,24,52,4,nonexistent,0,-0.028673,NEGATIVE
student,married,illiterate,unknown,unknown,unknown,telephone,apr,fri,-1,2641,24,52,4,nonexistent,1,0.021214,POSITIVE
unemployed,single,professional.course,unknown,unknown,unknown,telephone,may,(null),0,2614,21,61,6,success,0,-0.045327,NEGATIVE
unemployed,single,professional.course,unknown,unknown,unknown,telephone,may,(null),0,2614,21,61,6,success,1,0.004561,POSITIVE
self-employed,divorced,basic.4y,no,no,no,cellular,apr,mon,-3,2501,23,56,0,failure,0,-0.030525,NEGATIVE
self-employed,divorced,basic.4y,no,no,no,cellular,apr,mon,-3,2501,23,56,0,failure,1,0.019364,POSITIVE
housemaid,married,high.school,unknown,unknown,unknown,telephone,apr,thu,-1,2520,24,51,3,nonexistent,0,-0.034527,NEGATIVE
housemaid,married,high.school,unknown,unknown,unknown,telephone,apr,thu,-1,2520,24,51,3,nonexistent,1,0.015362,POSITIVE
technician,single,professional.course,unknown,unknown,unknown,telephone,may,(null),0,2571,21,60,5,success,0,-0.009910,NEGATIVE
technician,single,professional.course,unknown,unknown,unknown,telephone,may,(null),0,2571,21,60,5,success,1,0.039979,POSITIVE
management,married,basic.9y,no,no,no,cellular,sep,wed,-2,2610,23,42,2,nonexistent,0,-0.015184,NEGATIVE
management,married,basic.9y,no,no,no,cellular,sep,wed,-2,2610,23,42,2,nonexistent,1,0.041896,POSITIVE
student,married,high.school,unknown,unknown,unknown,telephone,oct,thu,-1,2638,24,35,3,nonexistent,0,-0.025477,NEGATIVE
student,married,high.school,unknown,unknown,unknown,telephone,oct,thu,-1,2638,24,35,3,nonexistent,1,0.031603,POSITIVE
student,married,basic.9y,no,no,no,cellular,sep,wed,-2,2595,23,34,2,nonexistent,0,-0.004945,NEGATIVE
student,married,basic.9y,no,no,no,cellular,sep,wed,-2,2595,23,34,2,nonexistent,1,0.052135,POSITIVE
housemaid,married,illiterate,unknown,unknown,unknown,telephone,oct,fri,-1,2626,24,36,4,nonexistent,0,-0.025156,NEGATIVE
housemaid,married,illiterate,unknown,unknown,unknown,telephone,oct,fri,-1,2626,24,36,4,nonexistent,1,0.031924,POSITIVE
technician,single,professional.course,unknown,unknown,unknown,telephone,nov,(null),0,2649,21,45,6,success,0,-0.001569,NEGATIVE
technician,single,professional.course,unknown,unknown,unknown,telephone,nov,(null),0,2649,21,45,6,success,1,0.048319,POSITIVE
student,single,professional.course,unknown,unknown,unknown,telephone,may,(null),0,2641,24,43,5,success,0,-0.020286,NEGATIVE
student,single,professional.course,unknown,unknown,unknown,telephone,may,(null),0,2641,24,43,5,success,1,0.029600,POSITIVE
admin.,divorced,basic.4y,no,no,no,cellular,jul,mon,-3,2501,23,32,0,failure,0,-0.018782,NEGATIVE
admin.,divorced,basic.4y,no,no,no,cellular,jul,mon,-3,2501,23,32,0,failure,1,0.033155,POSITIVE
technician,single,professional.course,unknown,unknown,unknown,telephone,nov,(null),0,2575,21,38,6,success,0,-0.044444,NEGATIVE
technician,single,professional.course,unknown,unknown,unknown,telephone,nov,(null),0,2575,21,38,6,success,1,0.005445,POSITIVE
technician,single,professional.course,unknown,unknown,unknown,telephone,nov,(null),0,2532,21,37,5,success,0,-0.044621,NEGATIVE
technician,single,professional.course,unknown,unknown,unknown,telephone,nov,(null),0,2532,21,37,5,success,1,0.005267,POSITIVE
student,married,high.school,unknown,unknown,unknown,telephone,apr,thu,-1,2520,24,43,3,nonexistent,0,-0.030409,NEGATIVE
student,married,high.school,unknown,unknown,unknown,telephone,apr,thu,-1,2520,24,43,3,nonexistent,1,0.026670,POSITIVE
housemaid,married,illiterate,unknown,unknown,unknown,telephone,apr,fri,-1,2555,24,44,4,nonexistent,0,-0.035917,NEGATIVE
housemaid,married,illiterate,unknown,unknown,unknown,telephone,apr,fri,-1,2555,24,44,4,nonexistent,1,0.021164,POSITIVE
technician,married,illiterate,unknown,unknown,unknown,telephone,apr,fri,-1,2555,24,36,4,nonexistent,0,-0.040005,NEGATIVE
technician,married,illiterate,unknown,unknown,unknown,telephone,apr,fri,-1,2555,24,36,4,nonexistent,1,0.017077,POSITIVE
unemployed,single,professional.course,unknown,unknown,unknown,telephone,nov,(null),0,2770,24,30,6,success,0,-0.019953,NEGATIVE
unemployed,single,professional.course,unknown,unknown,unknown,telephone,nov,(null),0,2770,24,30,6,success,1,0.037127,POSITIVE
technician,single,professional.course,unknown,unknown,unknown,telephone,nov,(null),0,2727,24,29,6,success,0,-0.044854,NEGATIVE
technician,single,professional.course,unknown,unknown,unknown,telephone,nov,(null),0,2727,24,29,6,success,1,0.012226,POSITIVE
admin.,divorced,basic.4y,no,no,no,cellular,jul,mon,-3,2736,25,0,0,failure,0,-0.000156,NEGATIVE
admin.,divorced,basic.4y,no,no,no,cellular,jul,mon,-3,2736,25,0,0,failure,1,0.056160,POSITIVE
blue-collar,divorced,basic.6y,no,no,no,cellular,jul,tue,-3,2700,25,1,0,failure,0,-0.007595,NEGATIVE
blue-collar,divorced,basic.6y,no,no,no,cellular,jul,tue,-3,2700,25,1,0,failure,1,0.044342,POSITIVE
entrepreneur,divorced,basic.6y,no,no,no,cellular,aug,tue,-3,2665,25,2,1,failure,0,-0.015032,NEGATIVE
entrepreneur,divorced,basic.6y,no,no,no,cellular,aug,tue,-3,2665,25,2,1,failure,1,0.036905,POSITIVE
student,single,professional.course,unknown,unknown,unknown,telephone,nov,(null),0,2641,23,27,5,success,0,-0.049223,NEGATIVE
student,single,professional.course,unknown,unknown,unknown,telephone,nov,(null),0,2641,23,27,5,success,1,0.007855,POSITIVE
services,married,illiterate,unknown,unknown,unknown,telephone,oct,fri,-1,2555,23,26,4,nonexistent,0,-0.055058,NEGATIVE
services,married,illiterate,unknown,unknown,unknown,telephone,oct,fri,-1,2555,23,26,4,nonexistent,1,0.002021,POSITIVE
student,single,professional.course,unknown,unknown,unknown,telephone,may,(null),0,2532,24,29,5,success,0,-0.041856,NEGATIVE
student,single,professional.course,unknown,unknown,unknown,telephone,may,(null),0,2532,24,29,5,success,1,0.015223,POSITIVE
technician,single,professional.course,unknown,unknown,unknown,telephone,may,(null),0,2536,24,22,6,success,0,-0.006205,NEGATIVE
technician,single,professional.course,unknown,unknown,unknown,telephone,may,(null),0,2536,24,22,6,success,1,0.050876,POSITIVE
technician,single,professional.course,unknown,unknown,unknown,telephone,nov,(null),0,2653,24,14,6,success,0,-0.003226,NEGATIVE
technician,single,professional.course,unknown,unknown,unknown,telephone,nov,(null),0,2653,24,14,6,success,1,0.053854,POSITIVE
technician,single,professional.course,unknown,unknown,unknown,telephone,nov,(null),0,2610,24,13,5,success,0,-0.014649,NEGATIVE
technician,single,professional.course,unknown,unknown,unknown,telephone,nov,(null),0,2610,24,13,5,success,1,0.042431,POSITIVE
admin.,divorced,basic.4y,no,no,no,cellular,jan,mon,-3,2580,25,0,0,failure,0,-0.037866,NEGATIVE
admin.,divorced,basic.4y,no,no,no,cellular,jan,mon,-3,2580,25,0,0,failure,1,0.015324,POSITIVE
admin.,divorced,basic.4y,no,no,no,cellular,jul,mon,-3,2501,23,0,0,failure,0,-0.029177,NEGATIVE
admin.,divorced,basic.4y,no,no,no,cellular,jul,mon,-3,2501,23,0,0,failure,1,0.031119,POSITIVE
services,divorced,basic.6y,no,no,no,cellular,aug,tue,-3,2360,1,126,1,failure,0,-0.000021,NEGATIVE
services,divorced,basic.6y,no,no,no,cellular,aug,tue,-3,2360,1,126,1,failure,1,0.000522,POSITIVE
entrepreneur,divorced,basic.6y,no,no,no,cellular,mar,tue,-3,2204,2,127,1,failure,0,-0.000456,NEGATIVE
entrepreneur,divorced,basic.6y,no,no,no,cellular,mar,tue,-3,2204,2,127,1,failure,1,0.000086,POSITIVE
blue-collar,divorced,basic.6y,no,no,no,cellular,jan,tue,-3,2360,14,111,0,failure,0,-0.009106,NEGATIVE
blue-collar,divorced,basic.6y,no,no,no,cellular,jan,tue,-3,2360,14,111,0,failure,1,0.000181,POSITIVE
self-employed,divorced,basic.6y,no,no,no,cellular,oct,tue,-3,2430,14,94,0,failure,0,-0.019481,NEGATIVE
self-employed,divorced,basic.6y,no,no,no,cellular,oct,tue,-3,2430,14,94,0,failure,1,0.012283,POSITIVE
self-employed,divorced,basic.6y,no,no,no,cellular,jul,tue,-3,2352,14,94,0,failure,0,-0.018741,NEGATIVE
self-employed,divorced,basic.6y,no,no,no,cellular,jul,tue,-3,2352,14,94,0,failure,1,0.013022,POSITIVE
housemaid,married,basic.9y,no,no,no,cellular,feb,wed,-2,2446,17,98,2,nonexistent,0,-0.031557,NEGATIVE
housemaid,married,basic.9y,no,no,no,cellular,feb,wed,-2,2446,17,98,2,nonexistent,1,0.000174,POSITIVE
student,married,illiterate,unknown,unknown,unknown,telephone,apr,fri,-1,2445,15,98,4,nonexistent,0,-0.014590,NEGATIVE
student,married,illiterate,unknown,unknown,unknown,telephone,apr,fri,-1,2445,15,98,4,nonexistent,1,0.004338,POSITIVE
entrepreneur,divorced,basic.6y,no,no,no,cellular,feb,tue,-3,2360,17,95,1,failure,0,-0.017194,NEGATIVE
entrepreneur,divorced,basic.6y,no,no,no,cellular,feb,tue,-3,2360,17,95,1,failure,1,0.012523,POSITIVE
blue-collar,divorced,basic.6y,no,no,no,cellular,jul,tue,-3,2274,14,94,0,failure,0,-0.027495,NEGATIVE
blue-collar,divorced,basic.6y,no,no,no,cellular,jul,tue,-3,2274,14,94,0,failure,1,0.004268,POSITIVE
entrepreneur,divorced,basic.6y,no,no,no,cellular,feb,tue,-3,2219,14,96,1,failure,0,-0.021486,NEGATIVE
entrepreneur,divorced,basic.6y,no,no,no,cellular,feb,tue,-3,2219,14,96,1,failure,1,0.010277,POSITIVE
blue-collar,married,basic.9y,no,no,no,cellular,feb,wed,-2,2473,20,81,2,nonexistent,0,-0.010866,NEGATIVE
blue-collar,married,basic.9y,no,no,no,cellular,feb,wed,-2,2473,20,81,2,nonexistent,1,0.034897,POSITIVE
blue-collar,divorced,basic.6y,no,no,no,cellular,jul,tue,-3,2430,20,64,0,failure,0,-0.013650,NEGATIVE
blue-collar,divorced,basic.6y,no,no,no,cellular,jul,tue,-3,2430,20,64,0,failure,1,0.036238,POSITIVE
student,married,basic.9y,no,no,no,cellular,mar,wed,-2,2438,20,65,2,nonexistent,0,-0.021759,NEGATIVE
student,married,basic.9y,no,no,no,cellular,mar,wed,-2,2438,20,65,2,nonexistent,1,0.024004,POSITIVE
housemaid,married,illiterate,unknown,unknown,unknown,telephone,apr,fri,-1,2469,21,67,4,nonexistent,0,-0.030793,NEGATIVE
housemaid,married,illiterate,unknown,unknown,unknown,telephone,apr,fri,-1,2469,21,67,4,nonexistent,1,0.019095,POSITIVE
admin.,divorced,basic.6y,no,no,no,cellular,jul,tue,-3,2387,20,63,0,failure,0,-0.040368,NEGATIVE
admin.,divorced,basic.6y,no,no,no,cellular,jul,tue,-3,2387,20,63,0,failure,1,0.009520,POSITIVE
self-employed,divorced,basic.6y,no,no,no,cellular,jan,tue,-3,2352,20,71,0,failure,0,-0.041279,NEGATIVE
self-employed,divorced,basic.6y,no,no,no,cellular,jan,tue,-3,2352,20,71,0,failure,1,0.004483,POSITIVE
self-employed,divorced,basic.4y,no,no,no,cellular,jul,mon,-3,2423,17,87,0,failure,0,-0.004140,NEGATIVE
self-employed,divorced,basic.4y,no,no,no,cellular,jul,mon,-3,2423,17,87,0,failure,1,0.041622,POSITIVE
blue-collar,divorced,basic.6y,no,no,no,cellular,aug,tue,-3,2438,17,88,1,failure,0,-0.043121,NEGATIVE
blue-collar,divorced,basic.6y,no,no,no,cellular,aug,tue,-3,2438,17,88,1,failure,1,0.002643,POSITIVE
services,divorced,basic.6y,no,no,no,cellular,aug,tue,-3,2438,17,80,1,failure,0,-0.039560,NEGATIVE
services,divorced,basic.6y,no,no,no,cellular,aug,tue,-3,2438,17,80,1,failure,1,0.006202,POSITIVE
housemaid,married,illiterate,unknown,unknown,unknown,telephone,oct,fri,-1,2488,15,91,4,nonexistent,0,-0.018095,NEGATIVE
housemaid,married,illiterate,unknown,unknown,unknown,telephone,oct,fri,-1,2488,15,91,4,nonexistent,1,0.000834,POSITIVE
services,married,illiterate,unknown,unknown,unknown,telephone,apr,fri,-1,2476,17,88,4,nonexistent,0,-0.009723,NEGATIVE
services,married,illiterate,unknown,unknown,unknown,telephone,apr,fri,-1,2476,17,88,4,nonexistent,1,0.038086,POSITIVE
retired,married,high.school,unknown,unknown,unknown,telephone,jul,thu,-1,2383,16,86,3,nonexistent,0,-0.029861,NEGATIVE
retired,married,high.school,unknown,unknown,unknown,telephone,jul,thu,-1,2383,16,86,3,nonexistent,1,0.007537,POSITIVE
housemaid,married,high.school,unknown,unknown,unknown,telephone,oct,thu,-1,2442,18,74,3,nonexistent,0,-0.017079,NEGATIVE
housemaid,married,high.school,unknown,unknown,unknown,telephone,oct,thu,-1,2442,18,74,3,nonexistent,1,0.028683,POSITIVE
student,married,illiterate,unknown,unknown,unknown,telephone,oct,fri,-1,2484,18,67,4,nonexistent,0,-0.025990,NEGATIVE
student,married,illiterate,unknown,unknown,unknown,telephone,oct,fri,-1,2484,18,67,4,nonexistent,1,0.019772,POSITIVE
technician,single,professional.course,unknown,unknown,unknown,telephone,may,(null),0,2492,18,76,5,success,0,-0.018474,NEGATIVE
technician,single,professional.course,unknown,unknown,unknown,telephone,may,(null),0,2492,18,76,5,success,1,0.027910,POSITIVE
services,divorced,basic.6y,no,no,no,cellular,aug,tue,-3,2360,17,72,1,failure,0,-0.027055,NEGATIVE
services,divorced,basic.6y,no,no,no,cellular,aug,tue,-3,2360,17,72,1,failure,1,0.018708,POSITIVE
housemaid,married,high.school,unknown,unknown,unknown,telephone,oct,thu,-1,2364,18,66,3,nonexistent,0,-0.004573,NEGATIVE
housemaid,married,high.school,unknown,unknown,unknown,telephone,oct,thu,-1,2364,18,66,3,nonexistent,1,0.041189,POSITIVE
management,single,professional.course,unknown,unknown,unknown,telephone,nov,(null),0,2414,15,77,6,success,0,-0.034972,NEGATIVE
management,single,professional.course,unknown,unknown,unknown,telephone,nov,(null),0,2414,15,77,6,success,1,0.012837,POSITIVE
student,married,illiterate,unknown,unknown,unknown,telephone,apr,fri,-1,2391,18,75,4,nonexistent,0,-0.012754,NEGATIVE
student,married,illiterate,unknown,unknown,unknown,telephone,apr,fri,-1,2391,18,75,4,nonexistent,1,0.033008,POSITIVE
housemaid,married,illiterate,unknown,unknown,unknown,telephone,apr,fri,-1,2371,18,75,4,nonexistent,0,-0.011546,NEGATIVE
housemaid,married,illiterate,unknown,unknown,unknown,telephone,apr,fri,-1,2371,18,75,4,nonexistent,1,0.034217,POSITIVE
technician,single,professional.course,unknown,unknown,unknown,telephone,may,(null),0,2414,18,68,5,success,0,-0.005969,NEGATIVE
technician,single,professional.course,unknown,unknown,unknown,telephone,may,(null),0,2414,18,68,5,success,1,0.039794,POSITIVE
blue-collar,married,basic.9y,no,no,no,cellular,feb,wed,-2,2317,20,65,2,nonexistent,0,-0.011778,NEGATIVE
blue-collar,married,basic.9y,no,no,no,cellular,feb,wed,-2,2317,20,65,2,nonexistent,1,0.038109,POSITIVE
student,married,basic.9y,no,no,no,cellular,sep,wed,-2,2321,14,81,2,nonexistent,0,-0.020502,NEGATIVE
student,married,basic.9y,no,no,no,cellular,sep,wed,-2,2321,14,81,2,nonexistent,1,0.011261,POSITIVE
entrepreneur,divorced,basic.6y,no,no,no,cellular,feb,tue,-3,2282,17,88,1,failure,0,-0.005406,NEGATIVE
entrepreneur,divorced,basic.6y,no,no,no,cellular,feb,tue,-3,2282,17,88,1,failure,1,0.040356,POSITIVE
services,married,basic.9y,no,no,no,cellular,feb,wed,-2,2317,17,81,2,nonexistent,0,-0.016680,NEGATIVE
services,married,basic.9y,no,no,no,cellular,feb,wed,-2,2317,17,81,2,nonexistent,1,0.029082,POSITIVE
housemaid,married,basic.9y,no,no,no,cellular,aug,wed,-2,2212,14,81,2,nonexistent,0,-0.019970,NEGATIVE
housemaid,married,basic.9y,no,no,no,cellular,aug,wed,-2,2212,14,81,2,nonexistent,1,0.011794,POSITIVE
entrepreneur,divorced,basic.6y,no,no,no,cellular,feb,tue,-3,2204,17,80,1,failure,0,-0.003764,NEGATIVE
entrepreneur,divorced,basic.6y,no,no,no,cellular,feb,tue,-3,2204,17,80,1,failure,1,0.041999,POSITIVE
student,married,basic.9y,no,no,no,cellular,mar,wed,-2,2243,14,89,2,nonexistent,0,-0.001951,NEGATIVE
student,married,basic.9y,no,no,no,cellular,mar,wed,-2,2243,14,89,2,nonexistent,1,0.016978,POSITIVE
student,married,illiterate,unknown,unknown,unknown,telephone,apr,fri,-1,2250,15,83,4,nonexistent,0,-0.009279,NEGATIVE
student,married,illiterate,unknown,unknown,unknown,telephone,apr,fri,-1,2250,15,83,4,nonexistent,1,0.009649,POSITIVE
blue-collar,divorced,basic.6y,no,no,no,cellular,aug,tue,-3,2282,17,72,1,failure,0,-0.028972,NEGATIVE
blue-collar,divorced,basic.6y,no,no,no,cellular,aug,tue,-3,2282,17,72,1,failure,1,0.016790,POSITIVE
services,divorced,basic.6y,no,no,no,cellular,aug,tue,-3,2282,17,64,1,failure,0,-0.014549,NEGATIVE
services,divorced,basic.6y,no,no,no,cellular,aug,tue,-3,2282,17,64,1,failure,1,0.031214,POSITIVE
student,married,illiterate,unknown,unknown,unknown,telephone,oct,fri,-1,2328,15,75,4,nonexistent,0,-0.038928,NEGATIVE
student,married,illiterate,unknown,unknown,unknown,telephone,oct,fri,-1,2328,15,75,4,nonexistent,1,0.008880,POSITIVE
management,single,professional.course,unknown,unknown,unknown,telephone,nov,(null),0,2336,15,69,6,success,0,-0.030514,NEGATIVE
management,single,professional.course,unknown,unknown,unknown,telephone,nov,(null),0,2336,15,69,6,success,1,0.017296,POSITIVE
services,married,illiterate,unknown,unknown,unknown,telephone,apr,fri,-1,2320,17,73,4,nonexistent,0,-0.033686,NEGATIVE
services,married,illiterate,unknown,unknown,unknown,telephone,apr,fri,-1,2320,17,73,4,nonexistent,1,0.012077,POSITIVE
retired,married,high.school,unknown,unknown,unknown,telephone,jul,thu,-1,2227,16,70,3,nonexistent,0,-0.038817,NEGATIVE
retired,married,high.school,unknown,unknown,unknown,telephone,jul,thu,-1,2227,16,70,3,nonexistent,1,0.006946,POSITIVE
management,single,professional.course,unknown,unknown,unknown,telephone,may,(null),0,2379,12,100,6,success,0,-0.000061,NEGATIVE
management,single,professional.course,unknown,unknown,unknown,telephone,may,(null),0,2379,12,100,6,success,1,0.001017,POSITIVE
blue-collar,divorced,basic.6y,no,no,no,cellular,apr,tue,-3,2204,11,103,1,failure,0,-0.000883,NEGATIVE
blue-collar,divorced,basic.6y,no,no,no,cellular,apr,tue,-3,2204,11,103,1,failure,1,0.000197,POSITIVE
management,single,professional.course,unknown,unknown,unknown,telephone,may,(null),0,2258,9,100,6,success,0,-0.001326,NEGATIVE
management,single,professional.course,unknown,unknown,unknown,telephone,may,(null),0,2258,9,100,6,success,1,0.000550,POSITIVE
student,single,professional.course,unknown,unknown,unknown,telephone,nov,(null),0,2406,12,90,5,success,0,-0.000304,NEGATIVE
student,single,professional.course,unknown,unknown,unknown,telephone,nov,(null),0,2406,12,90,5,success,1,0.014443,POSITIVE
housemaid,married,basic.9y,no,no,no,cellular,feb,wed,-2,2134,14,88,2,nonexistent,0,-0.006425,NEGATIVE
housemaid,married,basic.9y,no,no,no,cellular,feb,wed,-2,2134,14,88,2,nonexistent,1,0.025338,POSITIVE
housemaid,married,illiterate,unknown,unknown,unknown,telephone,apr,fri,-1,2172,15,83,4,nonexistent,0,-0.012728,NEGATIVE
housemaid,married,illiterate,unknown,unknown,unknown,telephone,apr,fri,-1,2172,15,83,4,nonexistent,1,0.019036,POSITIVE
services,divorced,basic.6y,no,no,no,cellular,feb,tue,-3,2048,14,80,1,failure,0,-0.016850,NEGATIVE
services,divorced,basic.6y,no,no,no,cellular,feb,tue,-3,2048,14,80,1,failure,1,0.014914,POSITIVE
housemaid,married,basic.9y,no,no,no,cellular,aug,wed,-2,2134,15,67,2,nonexistent,0,-0.043947,NEGATIVE
housemaid,married,basic.9y,no,no,no,cellular,aug,wed,-2,2134,15,67,2,nonexistent,1,0.001815,POSITIVE
blue-collar,married,basic.9y,no,no,no,cellular,feb,wed,-2,2161,17,73,2,nonexistent,0,-0.013335,NEGATIVE
blue-collar,married,basic.9y,no,no,no,cellular,feb,wed,-2,2161,17,73,2,nonexistent,1,0.032428,POSITIVE
student,married,illiterate,unknown,unknown,unknown,telephone,apr,fri,-1,2157,15,75,4,nonexistent,0,-0.016534,NEGATIVE
student,married,illiterate,unknown,unknown,unknown,telephone,apr,fri,-1,2157,15,75,4,nonexistent,1,0.031274,POSITIVE
housemaid,married,illiterate,unknown,unknown,unknown,telephone,apr,fri,-1,2137,15,75,4,nonexistent,0,-0.020215,NEGATIVE
housemaid,married,illiterate,unknown,unknown,unknown,telephone,apr,fri,-1,2137,15,75,4,nonexistent,1,0.027594,POSITIVE
technician,single,professional.course,unknown,unknown,unknown,telephone,may,(null),0,2180,15,68,5,success,0,-0.011249,NEGATIVE
technician,single,professional.course,unknown,unknown,unknown,telephone,may,(null),0,2180,15,68,5,success,1,0.036558,POSITIVE
entrepreneur,divorced,basic.6y,no,no,no,cellular,aug,tue,-3,2048,14,65,1,failure,0,-0.018974,NEGATIVE
entrepreneur,divorced,basic.6y,no,no,no,cellular,aug,tue,-3,2048,14,65,1,failure,1,0.026789,POSITIVE
blue-collar,married,basic.9y,no,no,no,cellular,feb,wed,-2,2083,17,65,2,nonexistent,0,-0.000830,NEGATIVE
blue-collar,married,basic.9y,no,no,no,cellular,feb,wed,-2,2083,17,65,2,nonexistent,1,0.044933,POSITIVE
student,married,illiterate,unknown,unknown,unknown,telephone,apr,fri,-1,2079,15,67,4,nonexistent,0,-0.012075,NEGATIVE
student,married,illiterate,unknown,unknown,unknown,telephone,apr,fri,-1,2079,15,67,4,nonexistent,1,0.035734,POSITIVE
housemaid,married,illiterate,unknown,unknown,unknown,telephone,apr,fri,-1,2059,15,67,4,nonexistent,0,-0.014014,NEGATIVE
housemaid,married,illiterate,unknown,unknown,unknown,telephone,apr,fri,-1,2059,15,67,4,nonexistent,1,0.032053,POSITIVE
blue-collar,divorced,basic.6y,no,no,no,cellular,aug,tue,-3,1970,14,64,1,failure,0,-0.031441,NEGATIVE
blue-collar,divorced,basic.6y,no,no,no,cellular,aug,tue,-3,1970,14,64,1,failure,1,0.014322,POSITIVE
services,married,basic.9y,no,no,no,cellular,feb,wed,-2,2005,14,73,2,nonexistent,0,-0.017773,NEGATIVE
services,married,basic.9y,no,no,no,cellular,feb,wed,-2,2005,14,73,2,nonexistent,1,0.030036,POSITIVE
admin.,divorced,basic.6y,no,no,no,cellular,jul,tue,-3,1919,14,63,0,failure,0,-0.021338,NEGATIVE
admin.,divorced,basic.6y,no,no,no,cellular,jul,tue,-3,1919,14,63,0,failure,1,0.024425,POSITIVE
entrepreneur,divorced,basic.6y,no,no,no,cellular,feb,tue,-3,1891,14,72,1,failure,0,-0.010561,NEGATIVE
entrepreneur,divorced,basic.6y,no,no,no,cellular,feb,tue,-3,1891,14,72,1,failure,1,0.035202,POSITIVE
services,married,basic.9y,no,no,no,cellular,feb,wed,-2,1927,14,65,2,nonexistent,0,-0.006644,NEGATIVE
services,married,basic.9y,no,no,no,cellular,feb,wed,-2,1927,14,65,2,nonexistent,1,0.039119,POSITIVE
blue-collar,divorced,basic.6y,no,no,no,cellular,oct,tue,-3,2126,5,103,1,failure,0,-0.000058,NEGATIVE
blue-collar,divorced,basic.6y,no,no,no,cellular,oct,tue,-3,2126,5,103,1,failure,1,0.001819,POSITIVE
unemployed,single,professional.course,unknown,unknown,unknown,telephone,sep,(null),0,2180,3,100,6,success,0,-0.000081,NEGATIVE
unemployed,single,professional.course,unknown,unknown,unknown,telephone,sep,(null),0,2180,3,100,6,success,1,0.000463,POSITIVE
admin.,divorced,basic.4y,no,no,no,cellular,jul,mon,-3,1955,5,102,0,failure,0,-0.001589,NEGATIVE
admin.,divorced,basic.4y,no,no,no,cellular,jul,mon,-3,1955,5,102,0,failure,1,0.000288,POSITIVE
entrepreneur,married,basic.9y,no,no,no,cellular,sep,wed,-2,2165,11,89,2,nonexistent,0,-0.000614,NEGATIVE
entrepreneur,married,basic.9y,no,no,no,cellular,sep,wed,-2,2165,11,89,2,nonexistent,1,0.000466,POSITIVE
student,married,basic.9y,no,no,no,cellular,sep,wed,-2,2141,11,81,2,nonexistent,0,-0.004202,NEGATIVE
student,married,basic.9y,no,no,no,cellular,sep,wed,-2,2141,11,81,2,nonexistent,1,0.029373,POSITIVE
services,married,basic.9y,no,no,no,cellular,aug,wed,-2,2056,8,88,2,nonexistent,0,-0.000180,NEGATIVE
services,married,basic.9y,no,no,no,cellular,aug,wed,-2,2056,8,88,2,nonexistent,1,0.001018,POSITIVE
technician,single,professional.course,unknown,unknown,unknown,telephone,may,(null),0,2180,12,84,5,success,0,-0.006584,NEGATIVE
technician,single,professional.course,unknown,unknown,unknown,telephone,may,(null),0,2180,12,84,5,success,1,0.026991,POSITIVE
management,single,professional.course,unknown,unknown,unknown,telephone,may,(null),0,2102,12,84,5,success,0,-0.002600,NEGATIVE
management,single,professional.course,unknown,unknown,unknown,telephone,may,(null),0,2102,12,84,5,success,1,0.027741,POSITIVE
services,married,illiterate,unknown,unknown,unknown,telephone,oct,fri,-1,2086,11,73,4,nonexistent,0,-0.007735,NEGATIVE
services,married,illiterate,unknown,unknown,unknown,telephone,oct,fri,-1,2086,11,73,4,nonexistent,1,0.020973,POSITIVE
unemployed,single,professional.course,unknown,unknown,unknown,telephone,sep,(null),0,2180,6,92,6,success,0,-0.001400,NEGATIVE
unemployed,single,professional.course,unknown,unknown,unknown,telephone,sep,(null),0,2180,6,92,6,success,1,0.000474,POSITIVE
housemaid,married,high.school,unknown,unknown,unknown,telephone,apr,thu,-1,1935,12,82,3,nonexistent,0,-0.007939,NEGATIVE
housemaid,married,high.school,unknown,unknown,unknown,telephone,apr,thu,-1,1935,12,82,3,nonexistent,1,0.010990,POSITIVE
self-employed,married,illiterate,unknown,unknown,unknown,telephone,oct,fri,-1,2001,12,67,4,nonexistent,0,-0.018921,NEGATIVE
self-employed,married,illiterate,unknown,unknown,unknown,telephone,oct,fri,-1,2001,12,67,4,nonexistent,1,0.000007,POSITIVE
unemployed,single,professional.course,unknown,unknown,unknown,telephone,may,(null),0,2028,12,69,6,success,0,-0.012932,NEGATIVE
unemployed,single,professional.course,unknown,unknown,unknown,telephone,may,(null),0,2028,12,69,6,success,1,0.005996,POSITIVE
housemaid,married,illiterate,unknown,unknown,unknown,telephone,apr,fri,-1,1942,12,75,4,nonexistent,0,-0.001546,NEGATIVE
housemaid,married,illiterate,unknown,unknown,unknown,telephone,apr,fri,-1,1942,12,75,4,nonexistent,1,0.017382,POSITIVE
housemaid,married,basic.9y,no,no,no,cellular,aug,wed,-2,2446,20,57,2,nonexistent,0,-0.027983,NEGATIVE
housemaid,married,basic.9y,no,no,no,cellular,aug,wed,-2,2446,20,57,2,nonexistent,1,0.021905,POSITIVE
housemaid,married,high.school,unknown,unknown,unknown,telephone,oct,thu,-1,2461,21,51,3,nonexistent,0,-0.022196,NEGATIVE
housemaid,married,high.school,unknown,unknown,unknown,telephone,oct,thu,-1,2461,21,51,3,nonexistent,1,0.027694,POSITIVE
retired,married,high.school,unknown,unknown,unknown,telephone,apr,thu,-1,2461,22,55,3,nonexistent,0,-0.045672,NEGATIVE
retired,married,high.school,unknown,unknown,unknown,telephone,apr,thu,-1,2461,22,55,3,nonexistent,1,0.004216,POSITIVE
services,divorced,basic.6y,no,no,no,cellular,jul,tue,-3,2360,20,49,1,failure,0,-0.027750,NEGATIVE
services,divorced,basic.6y,no,no,no,cellular,jul,tue,-3,2360,20,49,1,failure,1,0.022137,POSITIVE
blue-collar,married,basic.9y,no,no,no,cellular,aug,wed,-2,2356,20,50,2,nonexistent,0,-0.029698,NEGATIVE
blue-collar,married,basic.9y,no,no,no,cellular,aug,wed,-2,2356,20,50,2,nonexistent,1,0.020189,POSITIVE
management,married,basic.9y,no,no,no,cellular,mar,wed,-2,2375,21,53,2,nonexistent,0,-0.030422,NEGATIVE
management,married,basic.9y,no,no,no,cellular,mar,wed,-2,2375,21,53,2,nonexistent,1,0.019466,POSITIVE
student,married,high.school,unknown,unknown,unknown,telephone,oct,thu,-1,2461,21,43,3,nonexistent,0,-0.003995,NEGATIVE
student,married,high.school,unknown,unknown,unknown,telephone,oct,thu,-1,2461,21,43,3,nonexistent,1,0.045892,POSITIVE
housemaid,married,illiterate,unknown,unknown,unknown,telephone,oct,fri,-1,2488,21,44,4,nonexistent,0,-0.039910,NEGATIVE
housemaid,married,illiterate,unknown,unknown,unknown,telephone,oct,fri,-1,2488,21,44,4,nonexistent,1,0.009979,POSITIVE
technician,married,illiterate,unknown,unknown,unknown,telephone,oct,fri,-1,2488,21,36,4,nonexistent,0,-0.008614,NEGATIVE
technician,married,illiterate,unknown,unknown,unknown,telephone,oct,fri,-1,2488,21,36,4,nonexistent,1,0.041273,POSITIVE
retired,married,high.school,unknown,unknown,unknown,telephone,oct,thu,-1,2383,21,39,3,nonexistent,0,-0.021940,NEGATIVE
retired,married,high.school,unknown,unknown,unknown,telephone,oct,thu,-1,2383,21,39,3,nonexistent,1,0.027947,POSITIVE
admin.,divorced,basic.4y,no,no,no,cellular,jan,mon,-3,2423,23,32,0,failure,0,-0.032320,NEGATIVE
admin.,divorced,basic.4y,no,no,no,cellular,jan,mon,-3,2423,23,32,0,failure,1,0.028901,POSITIVE
self-employed,divorced,basic.4y,no,no,no,cellular,jan,mon,-3,2384,23,40,0,failure,0,-0.049963,NEGATIVE
self-employed,divorced,basic.4y,no,no,no,cellular,jan,mon,-3,2384,23,40,0,failure,1,0.009751,POSITIVE
self-employed,divorced,basic.4y,no,no,no,cellular,jan,mon,-3,2384,23,32,0,failure,0,-0.015105,NEGATIVE
self-employed,divorced,basic.4y,no,no,no,cellular,jan,mon,-3,2384,23,32,0,failure,1,0.035763,POSITIVE
management,single,professional.course,unknown,unknown,unknown,telephone,may,(null),0,2414,21,46,6,success,0,-0.031501,NEGATIVE
management,single,professional.course,unknown,unknown,unknown,telephone,may,(null),0,2414,21,46,6,success,1,0.018387,POSITIVE
management,single,professional.course,unknown,unknown,unknown,telephone,nov,(null),0,2492,18,61,6,success,0,-0.024477,NEGATIVE
management,single,professional.course,unknown,unknown,unknown,telephone,nov,(null),0,2492,18,61,6,success,1,0.025411,POSITIVE
unemployed,single,professional.course,unknown,unknown,unknown,telephone,nov,(null),0,2492,18,54,6,success,0,-0.022651,NEGATIVE
unemployed,single,professional.course,unknown,unknown,unknown,telephone,nov,(null),0,2492,18,54,6,success,1,0.027238,POSITIVE
student,married,illiterate,unknown,unknown,unknown,telephone,oct,fri,-1,2406,18,59,4,nonexistent,0,-0.035212,NEGATIVE
student,married,illiterate,unknown,unknown,unknown,telephone,oct,fri,-1,2406,18,59,4,nonexistent,1,0.010550,POSITIVE
management,single,professional.course,unknown,unknown,unknown,telephone,nov,(null),0,2375,18,53,5,success,0,-0.025384,NEGATIVE
management,single,professional.course,unknown,unknown,unknown,telephone,nov,(null),0,2375,18,53,5,success,1,0.024503,POSITIVE
unemployed,single,professional.course,unknown,unknown,unknown,telephone,may,(null),0,2379,18,61,6,success,0,-0.043959,NEGATIVE
unemployed,single,professional.course,unknown,unknown,unknown,telephone,may,(null),0,2379,18,61,6,success,1,0.001804,POSITIVE
technician,single,professional.course,unknown,unknown,unknown,telephone,nov,(null),0,2414,18,46,6,success,0,-0.008576,NEGATIVE
technician,single,professional.course,unknown,unknown,unknown,telephone,nov,(null),0,2414,18,46,6,success,1,0.041312,POSITIVE
housemaid,married,basic.9y,no,no,no,cellular,feb,wed,-2,2290,21,52,2,nonexistent,0,-0.015172,NEGATIVE
housemaid,married,basic.9y,no,no,no,cellular,feb,wed,-2,2290,21,52,2,nonexistent,1,0.034717,POSITIVE
housemaid,married,basic.9y,no,no,no,cellular,feb,wed,-2,2212,20,52,2,nonexistent,0,-0.044730,NEGATIVE
housemaid,married,basic.9y,no,no,no,cellular,feb,wed,-2,2212,20,52,2,nonexistent,1,0.005159,POSITIVE
management,married,basic.9y,no,no,no,cellular,sep,wed,-2,2297,20,34,2,nonexistent,0,-0.017042,NEGATIVE
management,married,basic.9y,no,no,no,cellular,sep,wed,-2,2297,20,34,2,nonexistent,1,0.040038,POSITIVE
student,married,illiterate,unknown,unknown,unknown,telephone,apr,fri,-1,2328,21,44,4,nonexistent,0,-0.023059,NEGATIVE
student,married,illiterate,unknown,unknown,unknown,telephone,apr,fri,-1,2328,21,44,4,nonexistent,1,0.026829,POSITIVE
management,single,professional.course,unknown,unknown,unknown,telephone,may,(null),0,2340,21,38,6,success,0,-0.036538,NEGATIVE
management,single,professional.course,unknown,unknown,unknown,telephone,may,(null),0,2340,21,38,6,success,1,0.013351,POSITIVE
management,single,professional.course,unknown,unknown,unknown,telephone,may,(null),0,2297,21,37,5,success,0,-0.005007,NEGATIVE
management,single,professional.course,unknown,unknown,unknown,telephone,may,(null),0,2297,21,37,5,success,1,0.052074,POSITIVE
housemaid,married,basic.9y,no,no,no,cellular,apr,wed,-2,2212,21,36,2,nonexistent,0,-0.039220,NEGATIVE
housemaid,married,basic.9y,no,no,no,cellular,apr,wed,-2,2212,21,36,2,nonexistent,1,0.017860,POSITIVE
housemaid,married,high.school,unknown,unknown,unknown,telephone,oct,thu,-1,2286,18,59,3,nonexistent,0,-0.038223,NEGATIVE
housemaid,married,high.school,unknown,unknown,unknown,telephone,oct,thu,-1,2286,18,59,3,nonexistent,1,0.011665,POSITIVE
self-employed,married,illiterate,unknown,unknown,unknown,telephone,oct,fri,-1,2313,18,52,4,nonexistent,0,-0.007372,NEGATIVE
self-employed,married,illiterate,unknown,unknown,unknown,telephone,oct,fri,-1,2313,18,52,4,nonexistent,1,0.042517,POSITIVE
technician,single,professional.course,unknown,unknown,unknown,telephone,may,(null),0,2336,18,60,5,success,0,-0.004327,NEGATIVE
technician,single,professional.course,unknown,unknown,unknown,telephone,may,(null),0,2336,18,60,5,success,1,0.041435,POSITIVE
management,married,basic.9y,no,no,no,cellular,sep,wed,-2,2219,17,53,2,nonexistent,0,-0.021282,NEGATIVE
management,married,basic.9y,no,no,no,cellular,sep,wed,-2,2219,17,53,2,nonexistent,1,0.028606,POSITIVE
management,single,professional.course,unknown,unknown,unknown,telephone,nov,(null),0,2258,15,61,6,success,0,-0.031297,NEGATIVE
management,single,professional.course,unknown,unknown,unknown,telephone,nov,(null),0,2258,15,61,6,success,1,0.016512,POSITIVE
unemployed,single,professional.course,unknown,unknown,unknown,telephone,nov,(null),0,2258,15,54,6,success,0,-0.014494,NEGATIVE
unemployed,single,professional.course,unknown,unknown,unknown,telephone,nov,(null),0,2258,15,54,6,success,1,0.033315,POSITIVE
student,single,professional.course,unknown,unknown,unknown,telephone,may,(null),0,2250,17,59,5,success,0,-0.044512,NEGATIVE
student,single,professional.course,unknown,unknown,unknown,telephone,may,(null),0,2250,17,59,5,success,1,0.001252,POSITIVE
technician,married,illiterate,unknown,unknown,unknown,telephone,oct,fri,-1,2320,18,44,4,nonexistent,0,-0.007930,NEGATIVE
technician,married,illiterate,unknown,unknown,unknown,telephone,oct,fri,-1,2320,18,44,4,nonexistent,1,0.041957,POSITIVE
technician,single,professional.course,unknown,unknown,unknown,telephone,nov,(null),0,2336,18,38,6,success,0,-0.033794,NEGATIVE
technician,single,professional.course,unknown,unknown,unknown,telephone,nov,(null),0,2336,18,38,6,success,1,0.016095,POSITIVE
student,single,professional.course,unknown,unknown,unknown,telephone,oct,(null),0,2250,17,43,5,success,0,-0.043838,NEGATIVE
student,single,professional.course,unknown,unknown,unknown,telephone,oct,(null),0,2250,17,43,5,success,1,0.006050,POSITIVE
services,divorced,basic.6y,no,no,no,cellular,aug,tue,-3,2438,23,25,1,failure,0,-0.041941,NEGATIVE
services,divorced,basic.6y,no,no,no,cellular,aug,tue,-3,2438,23,25,1,failure,1,0.010449,POSITIVE
blue-collar,married,basic.9y,no,no,no,cellular,aug,wed,-2,2473,23,26,2,nonexistent,0,-0.054925,NEGATIVE
blue-collar,married,basic.9y,no,no,no,cellular,aug,wed,-2,2473,23,26,2,nonexistent,1,0.000308,POSITIVE
management,married,basic.9y,no,no,no,cellular,sep,wed,-2,2453,23,18,2,nonexistent,0,-0.040003,NEGATIVE
management,married,basic.9y,no,no,no,cellular,sep,wed,-2,2453,23,18,2,nonexistent,1,0.012387,POSITIVE
management,single,professional.course,unknown,unknown,unknown,telephone,nov,(null),0,2457,21,30,6,success,0,-0.028374,NEGATIVE
management,single,professional.course,unknown,unknown,unknown,telephone,nov,(null),0,2457,21,30,6,success,1,0.028705,POSITIVE
unemployed,single,professional.course,unknown,unknown,unknown,telephone,nov,(null),0,2457,21,22,6,success,0,-0.021810,NEGATIVE
unemployed,single,professional.course,unknown,unknown,unknown,telephone,nov,(null),0,2457,21,22,6,success,1,0.035269,POSITIVE
admin.,divorced,basic.4y,no,no,no,cellular,jan,mon,-3,2423,23,16,0,failure,0,-0.009077,NEGATIVE
admin.,divorced,basic.4y,no,no,no,cellular,jan,mon,-3,2423,23,16,0,failure,1,0.034497,POSITIVE
services,married,illiterate,unknown,unknown,unknown,telephone,oct,fri,-1,2398,21,28,4,nonexistent,0,-0.029694,NEGATIVE
services,married,illiterate,unknown,unknown,unknown,telephone,oct,fri,-1,2398,21,28,4,nonexistent,1,0.027388,POSITIVE
technician,single,professional.course,unknown,unknown,unknown,telephone,nov,(null),0,2414,21,21,5,success,0,-0.001278,NEGATIVE
technician,single,professional.course,unknown,unknown,unknown,telephone,nov,(null),0,2414,21,21,5,success,1,0.055802,POSITIVE
management,married,basic.9y,no,no,no,cellular,mar,wed,-2,2375,23,21,2,nonexistent,0,-0.056830,NEGATIVE
management,married,basic.9y,no,no,no,cellular,mar,wed,-2,2375,23,21,2,nonexistent,1,0.001008,POSITIVE
blue-collar,divorced,basic.6y,no,no,no,cellular,feb,tue,-3,2430,23,1,0,failure,0,-0.010650,NEGATIVE
blue-collar,divorced,basic.6y,no,no,no,cellular,feb,tue,-3,2430,23,1,0,failure,1,0.047303,POSITIVE
services,married,illiterate,unknown,unknown,unknown,telephone,sep,fri,-1,2398,23,10,4,nonexistent,0,-0.010051,NEGATIVE
services,married,illiterate,unknown,unknown,unknown,telephone,sep,fri,-1,2398,23,10,4,nonexistent,1,0.047029,POSITIVE
blue-collar,divorced,basic.6y,no,no,no,cellular,jul,tue,-3,2204,20,17,0,failure,0,-0.009713,NEGATIVE
blue-collar,divorced,basic.6y,no,no,no,cellular,jul,tue,-3,2204,20,17,0,failure,1,0.044441,POSITIVE
technician,single,professional.course,unknown,unknown,unknown,telephone,may,(null),0,2336,21,30,6,success,0,-0.011400,NEGATIVE
technician,single,professional.course,unknown,unknown,unknown,telephone,may,(null),0,2336,21,30,6,success,1,0.045681,POSITIVE
retired,married,high.school,unknown,unknown,unknown,telephone,apr,thu,-1,2227,22,23,3,nonexistent,0,-0.026262,NEGATIVE
retired,married,high.school,unknown,unknown,unknown,telephone,apr,thu,-1,2227,22,23,3,nonexistent,1,0.026128,POSITIVE
technician,married,illiterate,unknown,unknown,unknown,telephone,apr,fri,-1,2332,24,4,4,nonexistent,0,-0.038383,NEGATIVE
technician,married,illiterate,unknown,unknown,unknown,telephone,apr,fri,-1,2332,24,4,4,nonexistent,1,0.015727,POSITIVE
student,single,professional.course,unknown,unknown,unknown,telephone,nov,(null),0,2328,21,11,5,success,0,-0.022718,NEGATIVE
student,single,professional.course,unknown,unknown,unknown,telephone,nov,(null),0,2328,21,11,5,success,1,0.034362,POSITIVE
management,married,basic.9y,no,no,no,cellular,may,wed,-2,2219,21,5,2,nonexistent,0,-0.035025,NEGATIVE
management,married,basic.9y,no,no,no,cellular,may,wed,-2,2219,21,5,2,nonexistent,1,0.022046,POSITIVE
technician,single,professional.course,unknown,unknown,unknown,telephone,nov,(null),0,2258,18,29,6,success,0,-0.021174,NEGATIVE
technician,single,professional.course,unknown,unknown,unknown,telephone,nov,(null),0,2258,18,29,6,success,1,0.028715,POSITIVE
admin.,divorced,basic.4y,no,no,no,cellular,jan,mon,-3,2111,20,48,0,failure,0,-0.074244,NEGATIVE
admin.,divorced,basic.4y,no,no,no,cellular,jan,mon,-3,2111,20,48,0,failure,1,0.002678,POSITIVE
admin.,divorced,basic.4y,no,no,no,cellular,jan,mon,-3,2111,20,32,0,failure,0,-0.005329,NEGATIVE
admin.,divorced,basic.4y,no,no,no,cellular,jan,mon,-3,2111,20,32,0,failure,1,0.054783,POSITIVE
self-employed,divorced,basic.4y,no,no,no,cellular,jan,mon,-3,2072,20,40,0,failure,0,-0.045743,NEGATIVE
self-employed,divorced,basic.4y,no,no,no,cellular,jan,mon,-3,2072,20,40,0,failure,1,0.021949,POSITIVE
self-employed,divorced,basic.4y,no,no,no,cellular,jan,mon,-3,2072,20,32,0,failure,0,-0.010360,NEGATIVE
self-employed,divorced,basic.4y,no,no,no,cellular,jan,mon,-3,2072,20,32,0,failure,1,0.045665,POSITIVE
self-employed,divorced,basic.4y,no,no,no,cellular,jul,mon,-3,2111,17,56,0,failure,0,-0.019507,NEGATIVE
self-employed,divorced,basic.4y,no,no,no,cellular,jul,mon,-3,2111,17,56,0,failure,1,0.030380,POSITIVE
housemaid,married,basic.9y,no,no,no,cellular,aug,wed,-2,2134,17,50,2,nonexistent,0,-0.031385,NEGATIVE
housemaid,married,basic.9y,no,no,no,cellular,aug,wed,-2,2134,17,50,2,nonexistent,1,0.018502,POSITIVE
student,married,high.school,unknown,unknown,unknown,telephone,oct,thu,-1,2130,15,59,3,nonexistent,0,-0.010553,NEGATIVE
student,married,high.school,unknown,unknown,unknown,telephone,oct,thu,-1,2130,15,59,3,nonexistent,1,0.035209,POSITIVE
services,married,illiterate,unknown,unknown,unknown,telephone,apr,fri,-1,2164,17,57,4,nonexistent,0,-0.024970,NEGATIVE
services,married,illiterate,unknown,unknown,unknown,telephone,apr,fri,-1,2164,17,57,4,nonexistent,1,0.020791,POSITIVE
retired,married,high.school,unknown,unknown,unknown,telephone,jul,thu,-1,2071,16,55,3,nonexistent,0,-0.040964,NEGATIVE
retired,married,high.school,unknown,unknown,unknown,telephone,jul,thu,-1,2071,16,55,3,nonexistent,1,0.004798,POSITIVE
student,married,basic.9y,no,no,no,cellular,sep,wed,-2,2165,17,42,2,nonexistent,0,-0.028740,NEGATIVE
student,married,basic.9y,no,no,no,cellular,sep,wed,-2,2165,17,42,2,nonexistent,1,0.021148,POSITIVE
housemaid,married,high.school,unknown,unknown,unknown,telephone,oct,thu,-1,2149,18,43,3,nonexistent,0,-0.011409,NEGATIVE
housemaid,married,high.school,unknown,unknown,unknown,telephone,oct,thu,-1,2149,18,43,3,nonexistent,1,0.038479,POSITIVE
housemaid,married,illiterate,unknown,unknown,unknown,telephone,oct,fri,-1,2176,18,36,4,nonexistent,0,-0.029123,NEGATIVE
housemaid,married,illiterate,unknown,unknown,unknown,telephone,oct,fri,-1,2176,18,36,4,nonexistent,1,0.020765,POSITIVE
unemployed,single,professional.course,unknown,unknown,unknown,telephone,nov,(null),0,2180,15,46,6,success,0,-0.011863,NEGATIVE
unemployed,single,professional.course,unknown,unknown,unknown,telephone,nov,(null),0,2180,15,46,6,success,1,0.038024,POSITIVE
student,single,professional.course,unknown,unknown,unknown,telephone,may,(null),0,2172,18,45,5,success,0,-0.029128,NEGATIVE
student,single,professional.course,unknown,unknown,unknown,telephone,may,(null),0,2172,18,45,5,success,1,0.020760,POSITIVE
blue-collar,married,basic.9y,no,no,no,cellular,aug,wed,-2,2044,17,42,2,nonexistent,0,-0.018912,NEGATIVE
blue-collar,married,basic.9y,no,no,no,cellular,aug,wed,-2,2044,17,42,2,nonexistent,1,0.030976,POSITIVE
services,married,basic.9y,no,no,no,cellular,aug,wed,-2,2044,17,34,2,nonexistent,0,-0.013810,NEGATIVE
services,married,basic.9y,no,no,no,cellular,aug,wed,-2,2044,17,34,2,nonexistent,1,0.036077,POSITIVE
housemaid,married,high.school,unknown,unknown,unknown,telephone,oct,thu,-1,2071,18,35,3,nonexistent,0,-0.036627,NEGATIVE
housemaid,married,high.school,unknown,unknown,unknown,telephone,oct,thu,-1,2071,18,35,3,nonexistent,1,0.013261,POSITIVE
student,single,professional.course,unknown,unknown,unknown,telephone,nov,(null),0,2094,15,43,5,success,0,-0.039432,NEGATIVE
student,single,professional.course,unknown,unknown,unknown,telephone,nov,(null),0,2094,15,43,5,success,1,0.010456,POSITIVE
management,single,professional.course,unknown,unknown,unknown,telephone,may,(null),0,2102,18,38,6,success,0,-0.020714,NEGATIVE
management,single,professional.course,unknown,unknown,unknown,telephone,may,(null),0,2102,18,38,6,success,1,0.029175,POSITIVE
housemaid,married,basic.9y,no,no,no,cellular,feb,wed,-2,1978,17,52,2,nonexistent,0,-0.008724,NEGATIVE
housemaid,married,basic.9y,no,no,no,cellular,feb,wed,-2,1978,17,52,2,nonexistent,1,0.041163,POSITIVE
student,married,illiterate,unknown,unknown,unknown,telephone,apr,fri,-1,2001,15,59,4,nonexistent,0,-0.024447,NEGATIVE
student,married,illiterate,unknown,unknown,unknown,telephone,apr,fri,-1,2001,15,59,4,nonexistent,1,0.021316,POSITIVE
housemaid,married,illiterate,unknown,unknown,unknown,telephone,apr,fri,-1,1981,15,60,4,nonexistent,0,-0.017804,NEGATIVE
housemaid,married,illiterate,unknown,unknown,unknown,telephone,apr,fri,-1,1981,15,60,4,nonexistent,1,0.027959,POSITIVE
student,single,professional.course,unknown,unknown,unknown,telephone,may,(null),0,2016,15,53,5,success,0,-0.005532,NEGATIVE
student,single,professional.course,unknown,unknown,unknown,telephone,may,(null),0,2016,15,53,5,success,1,0.040230,POSITIVE
self-employed,divorced,basic.4y,no,no,no,cellular,jul,mon,-3,1876,14,56,0,failure,0,-0.028824,NEGATIVE
self-employed,divorced,basic.4y,no,no,no,cellular,jul,mon,-3,1876,14,56,0,failure,1,0.016938,POSITIVE
entrepreneur,married,basic.9y,no,no,no,cellular,sep,wed,-2,1931,14,50,2,nonexistent,0,-0.004388,NEGATIVE
entrepreneur,married,basic.9y,no,no,no,cellular,sep,wed,-2,1931,14,50,2,nonexistent,1,0.045500,POSITIVE
blue-collar,divorced,basic.6y,no,no,no,cellular,feb,tue,-3,1883,17,49,1,failure,0,-0.030949,NEGATIVE
blue-collar,divorced,basic.6y,no,no,no,cellular,feb,tue,-3,1883,17,49,1,failure,1,0.018939,POSITIVE
retired,married,high.school,unknown,unknown,unknown,telephone,apr,thu,-1,1915,15,59,3,nonexistent,0,-0.002335,NEGATIVE
retired,married,high.school,unknown,unknown,unknown,telephone,apr,thu,-1,1915,15,59,3,nonexistent,1,0.043427,POSITIVE
housemaid,married,illiterate,unknown,unknown,unknown,telephone,apr,fri,-1,1903,15,52,4,nonexistent,0,-0.044946,NEGATIVE
housemaid,married,illiterate,unknown,unknown,unknown,telephone,apr,fri,-1,1903,15,52,4,nonexistent,1,0.000817,POSITIVE
blue-collar,married,basic.9y,no,no,no,cellular,aug,wed,-2,1966,17,34,2,nonexistent,0,-0.045502,NEGATIVE
blue-collar,married,basic.9y,no,no,no,cellular,aug,wed,-2,1966,17,34,2,nonexistent,1,0.005759,POSITIVE
student,married,high.school,unknown,unknown,unknown,telephone,oct,thu,-1,1974,15,43,3,nonexistent,0,-0.032885,NEGATIVE
student,married,high.school,unknown,unknown,unknown,telephone,oct,thu,-1,1974,15,43,3,nonexistent,1,0.017002,POSITIVE
housemaid,married,illiterate,unknown,unknown,unknown,telephone,oct,fri,-1,2008,15,44,4,nonexistent,0,-0.028440,NEGATIVE
housemaid,married,illiterate,unknown,unknown,unknown,telephone,oct,fri,-1,2008,15,44,4,nonexistent,1,0.021448,POSITIVE
management,single,professional.course,unknown,unknown,unknown,telephone,nov,(null),0,1985,15,37,5,success,0,-0.039816,NEGATIVE
management,single,professional.course,unknown,unknown,unknown,telephone,nov,(null),0,1985,15,37,5,success,1,0.010072,POSITIVE
student,married,basic.9y,no,no,no,cellular,mar,wed,-2,1985,17,42,2,nonexistent,0,-0.027835,NEGATIVE
student,married,basic.9y,no,no,no,cellular,mar,wed,-2,1985,17,42,2,nonexistent,1,0.022052,POSITIVE
housemaid,married,illiterate,unknown,unknown,unknown,telephone,apr,fri,-1,2016,18,44,4,nonexistent,0,-0.037021,NEGATIVE
housemaid,married,illiterate,unknown,unknown,unknown,telephone,apr,fri,-1,2016,18,44,4,nonexistent,1,0.012867,POSITIVE
student,married,illiterate,unknown,unknown,unknown,telephone,apr,fri,-1,2016,18,36,4,nonexistent,0,-0.012272,NEGATIVE
student,married,illiterate,unknown,unknown,unknown,telephone,apr,fri,-1,2016,18,36,4,nonexistent,1,0.037615,POSITIVE
admin.,divorced,basic.4y,no,no,no,cellular,jul,mon,-3,1876,17,32,0,failure,0,-0.008501,NEGATIVE
admin.,divorced,basic.4y,no,no,no,cellular,jul,mon,-3,1876,17,32,0,failure,1,0.054474,POSITIVE
self-employed,married,illiterate,unknown,unknown,unknown,telephone,oct,fri,-1,1922,15,36,4,nonexistent,0,-0.023873,NEGATIVE
self-employed,married,illiterate,unknown,unknown,unknown,telephone,oct,fri,-1,1922,15,36,4,nonexistent,1,0.026015,POSITIVE
services,divorced,basic.6y,no,no,no,cellular,feb,tue,-3,1883,17,41,1,failure,0,-0.032396,NEGATIVE
services,divorced,basic.6y,no,no,no,cellular,feb,tue,-3,1883,17,41,1,failure,1,0.017492,POSITIVE
housemaid,married,high.school,unknown,unknown,unknown,telephone,apr,thu,-1,1895,18,35,3,nonexistent,0,-0.018128,NEGATIVE
housemaid,married,high.school,unknown,unknown,unknown,telephone,apr,thu,-1,1895,18,35,3,nonexistent,1,0.031760,POSITIVE
technician,single,professional.course,unknown,unknown,unknown,telephone,may,(null),0,1946,15,45,5,success,0,-0.037746,NEGATIVE
technician,single,professional.course,unknown,unknown,unknown,telephone,may,(null),0,1946,15,45,5,success,1,0.008016,POSITIVE
self-employed,divorced,basic.4y,no,no,no,cellular,jul,mon,-3,2111,20,24,0,failure,0,-0.065261,NEGATIVE
self-employed,divorced,basic.4y,no,no,no,cellular,jul,mon,-3,2111,20,24,0,failure,1,0.005360,POSITIVE
admin.,divorced,basic.4y,no,no,no,cellular,jul,mon,-3,2150,20,24,0,failure,0,-0.074820,NEGATIVE
admin.,divorced,basic.4y,no,no,no,cellular,jul,mon,-3,2150,20,24,0,failure,1,0.003710,POSITIVE
housemaid,married,basic.9y,no,no,no,cellular,aug,wed,-2,2134,20,18,2,nonexistent,0,-0.046815,NEGATIVE
housemaid,married,basic.9y,no,no,no,cellular,aug,wed,-2,2134,20,18,2,nonexistent,1,0.013457,POSITIVE
blue-collar,divorced,basic.6y,no,no,no,cellular,jan,tue,-3,2118,20,17,0,failure,0,-0.042332,NEGATIVE
blue-collar,divorced,basic.6y,no,no,no,cellular,jan,tue,-3,2118,20,17,0,failure,1,0.029234,POSITIVE
housemaid,married,basic.9y,no,no,no,cellular,feb,wed,-2,2056,20,20,2,nonexistent,0,-0.067187,NEGATIVE
housemaid,married,basic.9y,no,no,no,cellular,feb,wed,-2,2056,20,20,2,nonexistent,1,0.005520,POSITIVE
blue-collar,divorced,basic.6y,no,no,no,cellular,feb,tue,-3,2118,20,1,0,failure,0,-0.060092,NEGATIVE
blue-collar,divorced,basic.6y,no,no,no,cellular,feb,tue,-3,2118,20,1,0,failure,1,0.014835,POSITIVE
retired,married,high.school,unknown,unknown,unknown,telephone,jul,thu,-1,2071,21,7,3,nonexistent,0,-0.046641,NEGATIVE
retired,married,high.school,unknown,unknown,unknown,telephone,jul,thu,-1,2071,21,7,3,nonexistent,1,0.013737,POSITIVE
management,single,professional.course,unknown,unknown,unknown,telephone,nov,(null),0,2145,18,22,6,success,0,-0.025347,NEGATIVE
management,single,professional.course,unknown,unknown,unknown,telephone,nov,(null),0,2145,18,22,6,success,1,0.031732,POSITIVE
student,married,high.school,unknown,unknown,unknown,telephone,oct,thu,-1,2071,18,27,3,nonexistent,0,-0.018428,NEGATIVE
student,married,high.school,unknown,unknown,unknown,telephone,oct,thu,-1,2071,18,27,3,nonexistent,1,0.031461,POSITIVE
housemaid,married,illiterate,unknown,unknown,unknown,telephone,oct,fri,-1,2055,18,28,4,nonexistent,0,-0.035427,NEGATIVE
housemaid,married,illiterate,unknown,unknown,unknown,telephone,oct,fri,-1,2055,18,28,4,nonexistent,1,0.021653,POSITIVE
services,married,illiterate,unknown,unknown,unknown,telephone,oct,fri,-1,2086,18,20,4,nonexistent,0,-0.026666,NEGATIVE
services,married,illiterate,unknown,unknown,unknown,telephone,oct,fri,-1,2086,18,20,4,nonexistent,1,0.030414,POSITIVE
unemployed,single,professional.course,unknown,unknown,unknown,telephone,nov,(null),0,2145,18,14,6,success,0,-0.018783,NEGATIVE
unemployed,single,professional.course,unknown,unknown,unknown,telephone,nov,(null),0,2145,18,14,6,success,1,0.038297,POSITIVE
student,married,basic.9y,no,no,no,cellular,mar,wed,-2,2009,20,10,2,nonexistent,0,-0.068058,NEGATIVE
student,married,basic.9y,no,no,no,cellular,mar,wed,-2,2009,20,10,2,nonexistent,1,0.001790,POSITIVE
student,married,high.school,unknown,unknown,unknown,telephone,apr,thu,-1,2013,21,3,3,nonexistent,0,-0.048344,NEGATIVE
student,married,high.school,unknown,unknown,unknown,telephone,apr,thu,-1,2013,21,3,3,nonexistent,1,0.015477,POSITIVE
management,married,basic.9y,no,no,no,cellular,sep,wed,-2,1985,17,26,2,nonexistent,0,-0.014014,NEGATIVE
management,married,basic.9y,no,no,no,cellular,sep,wed,-2,1985,17,26,2,nonexistent,1,0.043066,POSITIVE
student,married,high.school,unknown,unknown,unknown,telephone,oct,thu,-1,2013,18,19,3,nonexistent,0,-0.024307,NEGATIVE
student,married,high.school,unknown,unknown,unknown,telephone,oct,thu,-1,2013,18,19,3,nonexistent,1,0.032773,POSITIVE
student,married,basic.9y,no,no,no,cellular,sep,wed,-2,1970,17,18,2,nonexistent,0,-0.003774,NEGATIVE
student,married,basic.9y,no,no,no,cellular,sep,wed,-2,1970,17,18,2,nonexistent,1,0.053306,POSITIVE
housemaid,married,illiterate,unknown,unknown,unknown,telephone,oct,fri,-1,2001,18,20,4,nonexistent,0,-0.023986,NEGATIVE
housemaid,married,illiterate,unknown,unknown,unknown,telephone,oct,fri,-1,2001,18,20,4,nonexistent,1,0.033093,POSITIVE
technician,single,professional.course,unknown,unknown,unknown,telephone,nov,(null),0,2024,15,30,6,success,0,-0.023007,NEGATIVE
technician,single,professional.course,unknown,unknown,unknown,telephone,nov,(null),0,2024,15,30,6,success,1,0.026882,POSITIVE
student,single,professional.course,unknown,unknown,unknown,telephone,may,(null),0,2016,18,27,5,success,0,-0.006953,NEGATIVE
student,single,professional.course,unknown,unknown,unknown,telephone,may,(null),0,2016,18,27,5,success,1,0.046000,POSITIVE
self-employed,divorced,basic.6y,no,no,no,cellular,jul,tue,-3,1883,17,24,0,failure,0,-0.015173,NEGATIVE
self-employed,divorced,basic.6y,no,no,no,cellular,jul,tue,-3,1883,17,24,0,failure,1,0.041906,POSITIVE
entrepreneur,married,basic.9y,no,no,no,cellular,sep,wed,-2,1907,17,18,2,nonexistent,0,-0.013307,NEGATIVE
entrepreneur,married,basic.9y,no,no,no,cellular,sep,wed,-2,1907,17,18,2,nonexistent,1,0.043773,POSITIVE
technician,married,illiterate,unknown,unknown,unknown,telephone,oct,fri,-1,1930,15,28,4,nonexistent,0,-0.023913,NEGATIVE
technician,married,illiterate,unknown,unknown,unknown,telephone,oct,fri,-1,1930,15,28,4,nonexistent,1,0.025976,POSITIVE
technician,single,professional.course,unknown,unknown,unknown,telephone,nov,(null),0,1946,15,22,6,success,0,-0.048742,NEGATIVE
technician,single,professional.course,unknown,unknown,unknown,telephone,nov,(null),0,1946,15,22,6,success,1,0.001147,POSITIVE
student,married,illiterate,unknown,unknown,unknown,telephone,apr,fri,-1,1938,18,28,4,nonexistent,0,-0.047330,NEGATIVE
student,married,illiterate,unknown,unknown,unknown,telephone,apr,fri,-1,1938,18,28,4,nonexistent,1,0.009751,POSITIVE
student,married,high.school,unknown,unknown,unknown,telephone,apr,thu,-1,1895,18,27,3,nonexistent,0,-0.029240,NEGATIVE
student,married,high.school,unknown,unknown,unknown,telephone,apr,thu,-1,1895,18,27,3,nonexistent,1,0.027840,POSITIVE
housemaid,married,illiterate,unknown,unknown,unknown,telephone,apr,fri,-1,1930,18,28,4,nonexistent,0,-0.034747,NEGATIVE
housemaid,married,illiterate,unknown,unknown,unknown,telephone,apr,fri,-1,1930,18,28,4,nonexistent,1,0.022332,POSITIVE
technician,married,illiterate,unknown,unknown,unknown,telephone,apr,fri,-1,1930,18,20,4,nonexistent,0,-0.038835,NEGATIVE
technician,married,illiterate,unknown,unknown,unknown,telephone,apr,fri,-1,1930,18,20,4,nonexistent,1,0.018246,POSITIVE
student,single,professional.course,unknown,unknown,unknown,telephone,nov,(null),0,2016,17,11,5,success,0,-0.048052,NEGATIVE
student,single,professional.course,unknown,unknown,unknown,telephone,nov,(null),0,2016,17,11,5,success,1,0.009026,POSITIVE
services,married,illiterate,unknown,unknown,unknown,telephone,oct,fri,-1,1930,17,10,4,nonexistent,0,-0.053888,NEGATIVE
services,married,illiterate,unknown,unknown,unknown,telephone,oct,fri,-1,1930,17,10,4,nonexistent,1,0.003191,POSITIVE
student,single,professional.course,unknown,unknown,unknown,telephone,may,(null),0,1907,18,13,5,success,0,-0.040687,NEGATIVE
student,single,professional.course,unknown,unknown,unknown,telephone,may,(null),0,1907,18,13,5,success,1,0.016392,POSITIVE
technician,single,professional.course,unknown,unknown,unknown,telephone,may,(null),0,1911,18,6,6,success,0,-0.005034,NEGATIVE
technician,single,professional.course,unknown,unknown,unknown,telephone,may,(null),0,1911,18,6,6,success,1,0.052046,POSITIVE
unemployed,single,professional.course,unknown,unknown,unknown,telephone,nov,(null),0,2102,12,61,6,success,0,-0.033483,NEGATIVE
unemployed,single,professional.course,unknown,unknown,unknown,telephone,nov,(null),0,2102,12,61,6,success,1,0.001491,POSITIVE
student,single,professional.course,unknown,unknown,unknown,telephone,nov,(null),0,2016,12,59,5,success,0,-0.009383,NEGATIVE
student,single,professional.course,unknown,unknown,unknown,telephone,nov,(null),0,2016,12,59,5,success,1,0.025590,POSITIVE
student,single,professional.course,unknown,unknown,unknown,telephone,oct,(null),0,1938,11,59,5,success,0,-0.028090,NEGATIVE
student,single,professional.course,unknown,unknown,unknown,telephone,oct,(null),0,1938,11,59,5,success,1,0.006883,POSITIVE
unemployed,single,professional.course,unknown,unknown,unknown,telephone,nov,(null),0,1946,12,46,6,success,0,-0.006377,NEGATIVE
unemployed,single,professional.course,unknown,unknown,unknown,telephone,nov,(null),0,1946,12,46,6,success,1,0.041431,POSITIVE
blue-collar,married,basic.9y,no,no,no,cellular,feb,wed,-2,1848,14,65,2,nonexistent,0,-0.021216,NEGATIVE
blue-collar,married,basic.9y,no,no,no,cellular,feb,wed,-2,1848,14,65,2,nonexistent,1,0.024547,POSITIVE
blue-collar,divorced,basic.6y,no,no,no,cellular,jan,tue,-3,1727,11,79,0,failure,0,-0.000319,NEGATIVE
blue-collar,divorced,basic.6y,no,no,no,cellular,jan,tue,-3,1727,11,79,0,failure,1,0.008967,POSITIVE
blue-collar,divorced,basic.6y,no,no,no,cellular,aug,tue,-3,1844,11,72,1,failure,0,-0.011814,NEGATIVE
blue-collar,divorced,basic.6y,no,no,no,cellular,aug,tue,-3,1844,11,72,1,failure,1,0.019949,POSITIVE
housemaid,married,basic.9y,no,no,no,cellular,aug,wed,-2,1821,11,65,2,nonexistent,0,-0.009416,NEGATIVE
housemaid,married,basic.9y,no,no,no,cellular,aug,wed,-2,1821,11,65,2,nonexistent,1,0.022347,POSITIVE
student,married,illiterate,unknown,unknown,unknown,telephone,oct,fri,-1,1859,9,67,4,nonexistent,0,-0.004779,NEGATIVE
student,married,illiterate,unknown,unknown,unknown,telephone,oct,fri,-1,1859,9,67,4,nonexistent,1,0.001927,POSITIVE
services,married,basic.9y,no,no,no,cellular,feb,wed,-2,1809,11,73,2,nonexistent,0,-0.009711,NEGATIVE
services,married,basic.9y,no,no,no,cellular,feb,wed,-2,1809,11,73,2,nonexistent,1,0.009218,POSITIVE
housemaid,married,basic.9y,no,no,no,cellular,feb,wed,-2,1743,11,73,2,nonexistent,0,-0.013512,NEGATIVE
housemaid,married,basic.9y,no,no,no,cellular,feb,wed,-2,1743,11,73,2,nonexistent,1,0.010093,POSITIVE
housemaid,married,illiterate,unknown,unknown,unknown,telephone,apr,fri,-1,1781,12,67,4,nonexistent,0,-0.007160,NEGATIVE
housemaid,married,illiterate,unknown,unknown,unknown,telephone,apr,fri,-1,1781,12,67,4,nonexistent,1,0.011769,POSITIVE
blue-collar,divorced,basic.6y,no,no,no,cellular,oct,tue,-3,1735,1,88,1,failure,0,-0.000073,NEGATIVE
blue-collar,divorced,basic.6y,no,no,no,cellular,oct,tue,-3,1735,1,88,1,failure,1,0.000470,POSITIVE
admin.,divorced,basic.4y,no,no,no,cellular,jul,mon,-3,1642,11,63,0,failure,0,-0.024366,NEGATIVE
admin.,divorced,basic.4y,no,no,no,cellular,jul,mon,-3,1642,11,63,0,failure,1,0.005351,POSITIVE
services,divorced,basic.6y,no,no,no,cellular,feb,tue,-3,1657,11,64,1,failure,0,-0.006296,NEGATIVE
services,divorced,basic.6y,no,no,no,cellular,feb,tue,-3,1657,11,64,1,failure,1,0.025467,POSITIVE
self-employed,divorced,basic.6y,no,no,no,cellular,jan,tue,-3,1606,11,63,0,failure,0,-0.009515,NEGATIVE
self-employed,divorced,basic.6y,no,no,no,cellular,jan,tue,-3,1606,11,63,0,failure,1,0.022248,POSITIVE
blue-collar,divorced,basic.6y,no,no,no,cellular,feb,tue,-3,1571,11,64,1,failure,0,-0.025337,NEGATIVE
blue-collar,divorced,basic.6y,no,no,no,cellular,feb,tue,-3,1571,11,64,1,failure,1,0.006209,POSITIVE
blue-collar,divorced,basic.6y,no,no,no,cellular,jul,tue,-3,1805,14,49,0,failure,0,-0.039819,NEGATIVE
blue-collar,divorced,basic.6y,no,no,no,cellular,jul,tue,-3,1805,14,49,0,failure,1,0.010070,POSITIVE
admin.,divorced,basic.4y,no,no,no,cellular,jan,mon,-3,1798,17,48,0,failure,0,-0.028415,NEGATIVE
admin.,divorced,basic.4y,no,no,no,cellular,jan,mon,-3,1798,17,48,0,failure,1,0.046999,POSITIVE
services,married,basic.9y,no,no,no,cellular,feb,wed,-2,1848,14,57,2,nonexistent,0,-0.037573,NEGATIVE
services,married,basic.9y,no,no,no,cellular,feb,wed,-2,1848,14,57,2,nonexistent,1,0.008190,POSITIVE
entrepreneur,married,basic.9y,no,no,no,cellular,mar,wed,-2,1828,14,58,2,nonexistent,0,-0.009200,NEGATIVE
entrepreneur,married,basic.9y,no,no,no,cellular,mar,wed,-2,1828,14,58,2,nonexistent,1,0.036561,POSITIVE
retired,married,high.school,unknown,unknown,unknown,telephone,apr,thu,-1,1836,15,51,3,nonexistent,0,-0.019696,NEGATIVE
retired,married,high.school,unknown,unknown,unknown,telephone,apr,thu,-1,1836,15,51,3,nonexistent,1,0.026068,POSITIVE
admin.,divorced,basic.4y,no,no,no,cellular,jul,mon,-3,1720,14,48,0,failure,0,-0.024569,NEGATIVE
admin.,divorced,basic.4y,no,no,no,cellular,jul,mon,-3,1720,14,48,0,failure,1,0.025320,POSITIVE
entrepreneur,divorced,basic.6y,no,no,no,cellular,feb,tue,-3,1735,14,57,1,failure,0,-0.030088,NEGATIVE
entrepreneur,divorced,basic.6y,no,no,no,cellular,feb,tue,-3,1735,14,57,1,failure,1,0.015674,POSITIVE
services,married,basic.9y,no,no,no,cellular,feb,wed,-2,1770,14,50,2,nonexistent,0,-0.041361,NEGATIVE
services,married,basic.9y,no,no,no,cellular,feb,wed,-2,1770,14,50,2,nonexistent,1,0.004400,POSITIVE
entrepreneur,married,basic.9y,no,no,no,cellular,mar,wed,-2,1750,14,50,2,nonexistent,0,-0.018422,NEGATIVE
entrepreneur,married,basic.9y,no,no,no,cellular,mar,wed,-2,1750,14,50,2,nonexistent,1,0.027341,POSITIVE
management,married,basic.9y,no,no,no,cellular,may,wed,-2,1828,15,37,2,nonexistent,0,-0.001017,NEGATIVE
management,married,basic.9y,no,no,no,cellular,may,wed,-2,1828,15,37,2,nonexistent,1,0.048871,POSITIVE
self-employed,divorced,basic.4y,no,no,no,cellular,jul,mon,-3,1720,14,40,0,failure,0,-0.039113,NEGATIVE
self-employed,divorced,basic.4y,no,no,no,cellular,jul,mon,-3,1720,14,40,0,failure,1,0.010775,POSITIVE
blue-collar,married,basic.9y,no,no,no,cellular,aug,wed,-2,1731,14,34,2,nonexistent,0,-0.013300,NEGATIVE
blue-collar,married,basic.9y,no,no,no,cellular,aug,wed,-2,1731,14,34,2,nonexistent,1,0.036588,POSITIVE
management,married,basic.9y,no,no,no,cellular,mar,wed,-2,1750,15,37,2,nonexistent,0,-0.032942,NEGATIVE
management,married,basic.9y,no,no,no,cellular,mar,wed,-2,1750,15,37,2,nonexistent,1,0.016946,POSITIVE
blue-collar,divorced,basic.6y,no,no,no,cellular,feb,tue,-3,1649,14,49,0,failure,0,-0.010752,NEGATIVE
blue-collar,divorced,basic.6y,no,no,no,cellular,feb,tue,-3,1649,14,49,0,failure,1,0.037201,POSITIVE
admin.,divorced,basic.4y,no,no,no,cellular,jul,mon,-3,1642,14,40,0,failure,0,-0.049786,NEGATIVE
admin.,divorced,basic.4y,no,no,no,cellular,jul,mon,-3,1642,14,40,0,failure,1,0.000102,POSITIVE
housemaid,married,basic.9y,no,no,no,cellular,feb,wed,-2,1665,15,36,2,nonexistent,0,-0.012961,NEGATIVE
housemaid,married,basic.9y,no,no,no,cellular,feb,wed,-2,1665,15,36,2,nonexistent,1,0.036927,POSITIVE
housemaid,married,basic.9y,no,no,no,cellular,feb,wed,-2,1587,14,36,2,nonexistent,0,-0.042519,NEGATIVE
housemaid,married,basic.9y,no,no,no,cellular,feb,wed,-2,1587,14,36,2,nonexistent,1,0.007368,POSITIVE
self-employed,divorced,basic.4y,no,no,no,cellular,jul,mon,-3,1837,17,24,0,failure,0,-0.014183,NEGATIVE
self-employed,divorced,basic.4y,no,no,no,cellular,jul,mon,-3,1837,17,24,0,failure,1,0.042896,POSITIVE
admin.,divorced,basic.4y,no,no,no,cellular,jul,mon,-3,1837,17,24,0,failure,0,-0.063775,NEGATIVE
admin.,divorced,basic.4y,no,no,no,cellular,jul,mon,-3,1837,17,24,0,failure,1,0.013147,POSITIVE
entrepreneur,divorced,basic.6y,no,no,no,cellular,aug,tue,-3,1813,17,17,1,failure,0,-0.074558,NEGATIVE
entrepreneur,divorced,basic.6y,no,no,no,cellular,aug,tue,-3,1813,17,17,1,failure,1,0.002168,POSITIVE
housemaid,married,illiterate,unknown,unknown,unknown,telephone,oct,fri,-1,1863,15,28,4,nonexistent,0,-0.023510,NEGATIVE
housemaid,married,illiterate,unknown,unknown,unknown,telephone,oct,fri,-1,1863,15,28,4,nonexistent,1,0.026378,POSITIVE
retired,married,high.school,unknown,unknown,unknown,telephone,apr,thu,-1,1836,18,23,3,nonexistent,0,-0.018611,NEGATIVE
retired,married,high.school,unknown,unknown,unknown,telephone,apr,thu,-1,1836,18,23,3,nonexistent,1,0.038467,POSITIVE
retired,married,high.school,unknown,unknown,unknown,telephone,oct,thu,-1,1758,15,23,3,nonexistent,0,-0.005543,NEGATIVE
retired,married,high.school,unknown,unknown,unknown,telephone,oct,thu,-1,1758,15,23,3,nonexistent,1,0.044345,POSITIVE
housemaid,married,basic.9y,no,no,no,cellular,feb,wed,-2,1743,17,20,2,nonexistent,0,-0.059206,NEGATIVE
housemaid,married,basic.9y,no,no,no,cellular,feb,wed,-2,1743,17,20,2,nonexistent,1,0.019866,POSITIVE
student,single,professional.course,unknown,unknown,unknown,telephone,may,(null),0,1781,15,29,5,success,0,-0.048733,NEGATIVE
student,single,professional.course,unknown,unknown,unknown,telephone,may,(null),0,1781,15,29,5,success,1,0.001156,POSITIVE
entrepreneur,divorced,basic.6y,no,no,no,cellular,aug,tue,-3,1813,17,2,1,failure,0,-0.065871,NEGATIVE
entrepreneur,divorced,basic.6y,no,no,no,cellular,aug,tue,-3,1813,17,2,1,failure,1,0.012659,POSITIVE
management,single,professional.course,unknown,unknown,unknown,telephone,nov,(null),0,1832,15,14,6,success,0,-0.027206,NEGATIVE
management,single,professional.course,unknown,unknown,unknown,telephone,nov,(null),0,1832,15,14,6,success,1,0.029874,POSITIVE
unemployed,single,professional.course,unknown,unknown,unknown,telephone,nov,(null),0,1832,15,6,6,success,0,-0.020642,NEGATIVE
unemployed,single,professional.course,unknown,unknown,unknown,telephone,nov,(null),0,1832,15,6,6,success,1,0.036438,POSITIVE
management,single,professional.course,unknown,unknown,unknown,telephone,may,(null),0,1867,18,13,5,success,0,-0.022092,NEGATIVE
management,single,professional.course,unknown,unknown,unknown,telephone,may,(null),0,1867,18,13,5,success,1,0.034987,POSITIVE
technician,single,professional.course,unknown,unknown,unknown,telephone,may,(null),0,1867,18,5,5,success,0,-0.020855,NEGATIVE
technician,single,professional.course,unknown,unknown,unknown,telephone,may,(null),0,1867,18,5,5,success,1,0.036225,POSITIVE
technician,married,illiterate,unknown,unknown,unknown,telephone,apr,fri,-1,1824,18,4,4,nonexistent,0,-0.000322,NEGATIVE
technician,married,illiterate,unknown,unknown,unknown,telephone,apr,fri,-1,1824,18,4,4,nonexistent,1,0.056757,POSITIVE
self-employed,divorced,basic.6y,no,no,no,cellular,jul,tue,-3,1762,17,8,0,failure,0,-0.077952,NEGATIVE
self-employed,divorced,basic.6y,no,no,no,cellular,jul,tue,-3,1762,17,8,0,failure,1,0.004410,POSITIVE
services,divorced,basic.6y,no,no,no,cellular,aug,tue,-3,1766,17,1,1,failure,0,-0.056123,NEGATIVE
services,divorced,basic.6y,no,no,no,cellular,aug,tue,-3,1766,17,1,1,failure,1,0.019445,POSITIVE
services,married,illiterate,unknown,unknown,unknown,telephone,oct,fri,-1,1773,15,12,4,nonexistent,0,-0.028524,NEGATIVE
services,married,illiterate,unknown,unknown,unknown,telephone,oct,fri,-1,1773,15,12,4,nonexistent,1,0.028556,POSITIVE
technician,single,professional.course,unknown,unknown,unknown,telephone,nov,(null),0,1789,15,5,5,success,0,-0.000110,NEGATIVE
technician,single,professional.course,unknown,unknown,unknown,telephone,nov,(null),0,1789,15,5,5,success,1,0.056970,POSITIVE
housemaid,married,basic.9y,no,no,no,cellular,feb,wed,-2,1743,17,4,2,nonexistent,0,-0.043910,NEGATIVE
housemaid,married,basic.9y,no,no,no,cellular,feb,wed,-2,1743,17,4,2,nonexistent,1,0.033303,POSITIVE
blue-collar,married,basic.9y,no,no,no,cellular,aug,wed,-2,1653,14,26,2,nonexistent,0,-0.047363,NEGATIVE
blue-collar,married,basic.9y,no,no,no,cellular,aug,wed,-2,1653,14,26,2,nonexistent,1,0.009717,POSITIVE
management,married,basic.9y,no,no,no,cellular,sep,wed,-2,1672,14,18,2,nonexistent,0,-0.015873,NEGATIVE
management,married,basic.9y,no,no,no,cellular,sep,wed,-2,1672,14,18,2,nonexistent,1,0.041207,POSITIVE
student,married,illiterate,unknown,unknown,unknown,telephone,apr,fri,-1,1703,15,28,4,nonexistent,0,-0.006662,NEGATIVE
student,married,illiterate,unknown,unknown,unknown,telephone,apr,fri,-1,1703,15,28,4,nonexistent,1,0.043227,POSITIVE
management,single,professional.course,unknown,unknown,unknown,telephone,may,(null),0,1711,15,22,6,success,0,-0.048750,NEGATIVE
management,single,professional.course,unknown,unknown,unknown,telephone,may,(null),0,1711,15,22,6,success,1,0.008330,POSITIVE
housemaid,married,basic.9y,no,no,no,cellular,apr,wed,-2,1587,15,20,2,nonexistent,0,-0.038052,NEGATIVE
housemaid,married,basic.9y,no,no,no,cellular,apr,wed,-2,1587,15,20,2,nonexistent,1,0.019027,POSITIVE
retired,married,high.school,unknown,unknown,unknown,telephone,jul,thu,-1,1680,16,7,3,nonexistent,0,-0.023467,NEGATIVE
retired,married,high.school,unknown,unknown,unknown,telephone,jul,thu,-1,1680,16,7,3,nonexistent,1,0.033612,POSITIVE
entrepreneur,divorced,basic.6y,no,no,no,cellular,aug,tue,-3,1579,14,2,1,failure,0,-0.011324,NEGATIVE
entrepreneur,divorced,basic.6y,no,no,no,cellular,aug,tue,-3,1579,14,2,1,failure,1,0.058638,POSITIVE
technician,married,illiterate,unknown,unknown,unknown,telephone,apr,fri,-1,1617,15,12,4,nonexistent,0,-0.039228,NEGATIVE
technician,married,illiterate,unknown,unknown,unknown,telephone,apr,fri,-1,1617,15,12,4,nonexistent,1,0.017851,POSITIVE
student,single,professional.course,unknown,unknown,unknown,telephone,may,(null),0,1594,15,5,5,success,0,-0.041569,NEGATIVE
student,single,professional.course,unknown,unknown,unknown,telephone,may,(null),0,1594,15,5,5,success,1,0.015510,POSITIVE
blue-collar,divorced,basic.6y,no,no,no,cellular,jan,tue,-3,1493,14,33,0,failure,0,-0.044327,NEGATIVE
blue-collar,divorced,basic.6y,no,no,no,cellular,jan,tue,-3,1493,14,33,0,failure,1,0.039787,POSITIVE
admin.,divorced,basic.6y,no,no,no,cellular,jan,tue,-3,1450,14,32,0,failure,0,-0.076346,NEGATIVE
admin.,divorced,basic.6y,no,no,no,cellular,jan,tue,-3,1450,14,32,0,failure,1,0.007768,POSITIVE
blue-collar,divorced,basic.6y,no,no,no,cellular,feb,tue,-3,1493,14,17,0,failure,0,-0.005326,NEGATIVE
blue-collar,divorced,basic.6y,no,no,no,cellular,feb,tue,-3,1493,14,17,0,failure,1,0.069065,POSITIVE
entrepreneur,divorced,basic.6y,no,no,no,cellular,feb,tue,-3,1423,14,18,1,failure,0,-0.072682,NEGATIVE
entrepreneur,divorced,basic.6y,no,no,no,cellular,feb,tue,-3,1423,14,18,1,failure,1,0.006747,POSITIVE
blue-collar,divorced,basic.6y,no,no,no,cellular,feb,tue,-3,1493,14,1,0,failure,0,-0.011827,NEGATIVE
blue-collar,divorced,basic.6y,no,no,no,cellular,feb,tue,-3,1493,14,1,0,failure,1,0.066703,POSITIVE
admin.,divorced,basic.4y,no,no,no,cellular,jan,mon,-3,1408,14,0,0,failure,0,-0.040998,NEGATIVE
admin.,divorced,basic.4y,no,no,no,cellular,jan,mon,-3,1408,14,0,0,failure,1,0.007988,POSITIVE
self-employed,divorced,basic.6y,no,no,no,cellular,jan,tue,-3,1372,14,8,0,failure,0,-0.076320,NEGATIVE
self-employed,divorced,basic.6y,no,no,no,cellular,jan,tue,-3,1372,14,8,0,failure,1,0.000601,POSITIVE
self-employed,divorced,basic.6y,no,no,no,cellular,jan,tue,-3,1372,14,0,0,failure,0,-0.076591,NEGATIVE
self-employed,divorced,basic.6y,no,no,no,cellular,jan,tue,-3,1372,14,0,0,failure,1,0.001939,POSITIVE
student,married,high.school,unknown,unknown,unknown,telephone,oct,thu,-1,1817,12,51,3,nonexistent,0,-0.038025,NEGATIVE
student,married,high.school,unknown,unknown,unknown,telephone,oct,thu,-1,1817,12,51,3,nonexistent,1,0.009783,POSITIVE
housemaid,married,illiterate,unknown,unknown,unknown,telephone,oct,fri,-1,1851,12,52,4,nonexistent,0,-0.020543,NEGATIVE
housemaid,married,illiterate,unknown,unknown,unknown,telephone,oct,fri,-1,1851,12,52,4,nonexistent,1,0.027266,POSITIVE
technician,single,professional.course,unknown,unknown,unknown,telephone,nov,(null),0,1867,9,60,5,success,0,-0.016664,NEGATIVE
technician,single,professional.course,unknown,unknown,unknown,telephone,nov,(null),0,1867,9,60,5,success,1,0.016911,POSITIVE
unemployed,single,professional.course,unknown,unknown,unknown,telephone,nov,(null),0,1832,9,54,6,success,0,-0.005334,NEGATIVE
unemployed,single,professional.course,unknown,unknown,unknown,telephone,nov,(null),0,1832,9,54,6,success,1,0.026709,POSITIVE
student,single,professional.course,unknown,unknown,unknown,telephone,may,(null),0,1859,12,60,5,success,0,-0.008191,NEGATIVE
student,single,professional.course,unknown,unknown,unknown,telephone,may,(null),0,1859,12,60,5,success,1,0.026784,POSITIVE
management,married,basic.9y,no,no,no,cellular,sep,wed,-2,1750,11,53,2,nonexistent,0,-0.017330,NEGATIVE
management,married,basic.9y,no,no,no,cellular,sep,wed,-2,1750,11,53,2,nonexistent,1,0.030479,POSITIVE
management,single,professional.course,unknown,unknown,unknown,telephone,nov,(null),0,1789,9,60,5,success,0,-0.009220,NEGATIVE
management,single,professional.course,unknown,unknown,unknown,telephone,nov,(null),0,1789,9,60,5,success,1,0.017662,POSITIVE
services,married,illiterate,unknown,unknown,unknown,telephone,apr,fri,-1,1773,12,57,4,nonexistent,0,-0.001018,NEGATIVE
services,married,illiterate,unknown,unknown,unknown,telephone,apr,fri,-1,1773,12,57,4,nonexistent,1,0.046791,POSITIVE
student,single,professional.course,unknown,unknown,unknown,telephone,nov,(null),0,1859,12,43,5,success,0,-0.030797,NEGATIVE
student,single,professional.course,unknown,unknown,unknown,telephone,nov,(null),0,1859,12,43,5,success,1,0.017012,POSITIVE
student,single,professional.course,unknown,unknown,unknown,telephone,oct,(null),0,1781,11,43,5,success,0,-0.008880,NEGATIVE
student,single,professional.course,unknown,unknown,unknown,telephone,oct,(null),0,1781,11,43,5,success,1,0.038929,POSITIVE
self-employed,divorced,basic.4y,no,no,no,cellular,jul,mon,-3,1642,11,56,0,failure,0,-0.043798,NEGATIVE
self-employed,divorced,basic.4y,no,no,no,cellular,jul,mon,-3,1642,11,56,0,failure,1,0.002341,POSITIVE
housemaid,married,basic.9y,no,no,no,cellular,aug,wed,-2,1665,11,50,2,nonexistent,0,-0.009972,NEGATIVE
housemaid,married,basic.9y,no,no,no,cellular,aug,wed,-2,1665,11,50,2,nonexistent,1,0.035791,POSITIVE
services,married,illiterate,unknown,unknown,unknown,telephone,oct,fri,-1,1695,9,52,4,nonexistent,0,-0.004847,NEGATIVE
services,married,illiterate,unknown,unknown,unknown,telephone,oct,fri,-1,1695,9,52,4,nonexistent,1,0.014083,POSITIVE
retired,married,high.school,unknown,unknown,unknown,telephone,apr,thu,-1,1680,12,59,3,nonexistent,0,-0.013027,NEGATIVE
retired,married,high.school,unknown,unknown,unknown,telephone,apr,thu,-1,1680,12,59,3,nonexistent,1,0.034782,POSITIVE
admin.,divorced,basic.4y,no,no,no,cellular,jul,mon,-3,1564,11,56,0,failure,0,-0.031228,NEGATIVE
admin.,divorced,basic.4y,no,no,no,cellular,jul,mon,-3,1564,11,56,0,failure,1,0.014535,POSITIVE
self-employed,divorced,basic.4y,no,no,no,cellular,jul,mon,-3,1564,11,48,0,failure,0,-0.031292,NEGATIVE
self-employed,divorced,basic.4y,no,no,no,cellular,jul,mon,-3,1564,11,48,0,failure,1,0.014470,POSITIVE
services,married,basic.9y,no,no,no,cellular,feb,wed,-2,1614,11,57,2,nonexistent,0,-0.046688,NEGATIVE
services,married,basic.9y,no,no,no,cellular,feb,wed,-2,1614,11,57,2,nonexistent,1,0.001121,POSITIVE
services,divorced,basic.6y,no,no,no,cellular,feb,tue,-3,1571,11,57,1,failure,0,-0.010841,NEGATIVE
services,divorced,basic.6y,no,no,no,cellular,feb,tue,-3,1571,11,57,1,failure,1,0.030632,POSITIVE
entrepreneur,married,basic.9y,no,no,no,cellular,mar,wed,-2,1594,11,58,2,nonexistent,0,-0.024174,NEGATIVE
entrepreneur,married,basic.9y,no,no,no,cellular,mar,wed,-2,1594,11,58,2,nonexistent,1,0.023595,POSITIVE
retired,married,high.school,unknown,unknown,unknown,telephone,apr,thu,-1,1602,12,51,3,nonexistent,0,-0.034670,NEGATIVE
retired,married,high.school,unknown,unknown,unknown,telephone,apr,thu,-1,1602,12,51,3,nonexistent,1,0.013025,POSITIVE
student,married,high.school,unknown,unknown,unknown,telephone,oct,thu,-1,1661,12,35,3,nonexistent,0,-0.027274,NEGATIVE
student,married,high.school,unknown,unknown,unknown,telephone,oct,thu,-1,1661,12,35,3,nonexistent,1,0.022615,POSITIVE
housemaid,married,illiterate,unknown,unknown,unknown,telephone,oct,fri,-1,1695,12,36,4,nonexistent,0,-0.022828,NEGATIVE
housemaid,married,illiterate,unknown,unknown,unknown,telephone,oct,fri,-1,1695,12,36,4,nonexistent,1,0.027060,POSITIVE
technician,single,professional.course,unknown,unknown,unknown,telephone,nov,(null),0,1711,9,45,6,success,0,-0.027787,NEGATIVE
technician,single,professional.course,unknown,unknown,unknown,telephone,nov,(null),0,1711,9,45,6,success,1,0.007187,POSITIVE
student,single,professional.course,unknown,unknown,unknown,telephone,may,(null),0,1703,12,45,5,success,0,-0.009295,NEGATIVE
student,single,professional.course,unknown,unknown,unknown,telephone,may,(null),0,1703,12,45,5,success,1,0.038513,POSITIVE
management,married,basic.9y,no,no,no,cellular,sep,wed,-2,1594,11,37,2,nonexistent,0,-0.023800,NEGATIVE
management,married,basic.9y,no,no,no,cellular,sep,wed,-2,1594,11,37,2,nonexistent,1,0.026087,POSITIVE
technician,single,professional.course,unknown,unknown,unknown,telephone,nov,(null),0,1633,9,38,6,success,0,-0.001900,NEGATIVE
technician,single,professional.course,unknown,unknown,unknown,telephone,nov,(null),0,1633,9,38,6,success,1,0.033074,POSITIVE
services,married,illiterate,unknown,unknown,unknown,telephone,apr,fri,-1,1617,12,42,4,nonexistent,0,-0.026647,NEGATIVE
services,married,illiterate,unknown,unknown,unknown,telephone,apr,fri,-1,1617,12,42,4,nonexistent,1,0.019116,POSITIVE
technician,married,illiterate,unknown,unknown,unknown,telephone,oct,fri,-1,1668,6,60,4,nonexistent,0,-0.000497,NEGATIVE
technician,married,illiterate,unknown,unknown,unknown,telephone,oct,fri,-1,1668,6,60,4,nonexistent,1,0.000583,POSITIVE
unemployed,single,professional.course,unknown,unknown,unknown,telephone,nov,(null),0,1789,12,30,6,success,0,-0.031468,NEGATIVE
unemployed,single,professional.course,unknown,unknown,unknown,telephone,nov,(null),0,1789,12,30,6,success,1,0.019426,POSITIVE
management,single,professional.course,unknown,unknown,unknown,telephone,nov,(null),0,1672,12,29,5,success,0,-0.034203,NEGATIVE
management,single,professional.course,unknown,unknown,unknown,telephone,nov,(null),0,1672,12,29,5,success,1,0.015685,POSITIVE
technician,single,professional.course,unknown,unknown,unknown,telephone,nov,(null),0,1711,12,22,6,success,0,-0.017394,NEGATIVE
technician,single,professional.course,unknown,unknown,unknown,telephone,nov,(null),0,1711,12,22,6,success,1,0.032494,POSITIVE
student,single,professional.course,unknown,unknown,unknown,telephone,oct,(null),0,1625,11,27,5,success,0,-0.027440,NEGATIVE
student,single,professional.course,unknown,unknown,unknown,telephone,oct,(null),0,1625,11,27,5,success,1,0.022449,POSITIVE
technician,single,professional.course,unknown,unknown,unknown,telephone,nov,(null),0,1633,12,13,6,success,0,-0.004774,NEGATIVE
technician,single,professional.course,unknown,unknown,unknown,telephone,nov,(null),0,1633,12,13,6,success,1,0.045114,POSITIVE
admin.,divorced,basic.4y,no,no,no,cellular,jul,mon,-3,1486,11,48,0,failure,0,-0.018722,NEGATIVE
admin.,divorced,basic.4y,no,no,no,cellular,jul,mon,-3,1486,11,48,0,failure,1,0.027041,POSITIVE
services,married,basic.9y,no,no,no,cellular,aug,wed,-2,1509,8,50,2,nonexistent,0,-0.001280,NEGATIVE
services,married,basic.9y,no,no,no,cellular,aug,wed,-2,1509,8,50,2,nonexistent,1,0.017649,POSITIVE
housemaid,married,basic.9y,no,no,no,cellular,feb,wed,-2,1509,11,52,2,nonexistent,0,-0.013891,NEGATIVE
housemaid,married,basic.9y,no,no,no,cellular,feb,wed,-2,1509,11,52,2,nonexistent,1,0.031871,POSITIVE
admin.,divorced,basic.6y,no,no,no,cellular,jul,tue,-3,1411,8,56,0,failure,0,-0.007631,NEGATIVE
admin.,divorced,basic.6y,no,no,no,cellular,jul,tue,-3,1411,8,56,0,failure,1,0.023005,POSITIVE
services,divorced,basic.6y,no,no,no,cellular,aug,tue,-3,1454,8,49,1,failure,0,-0.004938,NEGATIVE
services,divorced,basic.6y,no,no,no,cellular,aug,tue,-3,1454,8,49,1,failure,1,0.013991,POSITIVE
blue-collar,married,basic.9y,no,no,no,cellular,aug,wed,-2,1419,8,50,2,nonexistent,0,-0.006643,NEGATIVE
blue-collar,married,basic.9y,no,no,no,cellular,aug,wed,-2,1419,8,50,2,nonexistent,1,0.020695,POSITIVE
management,married,basic.9y,no,no,no,cellular,mar,wed,-2,1438,9,53,2,nonexistent,0,-0.008301,NEGATIVE
management,married,basic.9y,no,no,no,cellular,mar,wed,-2,1438,9,53,2,nonexistent,1,0.016528,POSITIVE
self-employed,divorced,basic.4y,no,no,no,cellular,jul,mon,-3,1486,11,40,0,failure,0,-0.018787,NEGATIVE
self-employed,divorced,basic.4y,no,no,no,cellular,jul,mon,-3,1486,11,40,0,failure,1,0.026975,POSITIVE
housemaid,married,basic.9y,no,no,no,cellular,aug,wed,-2,1509,11,34,2,nonexistent,0,-0.014987,NEGATIVE
housemaid,married,basic.9y,no,no,no,cellular,aug,wed,-2,1509,11,34,2,nonexistent,1,0.034901,POSITIVE
self-employed,married,illiterate,unknown,unknown,unknown,telephone,oct,fri,-1,1532,9,44,4,nonexistent,0,-0.019596,NEGATIVE
self-employed,married,illiterate,unknown,unknown,unknown,telephone,oct,fri,-1,1532,9,44,4,nonexistent,1,0.015378,POSITIVE
retired,married,high.school,unknown,unknown,unknown,telephone,apr,thu,-1,1524,12,43,3,nonexistent,0,-0.022165,NEGATIVE
retired,married,high.school,unknown,unknown,unknown,telephone,apr,thu,-1,1524,12,43,3,nonexistent,1,0.023599,POSITIVE
student,married,illiterate,unknown,unknown,unknown,telephone,apr,fri,-1,1532,12,36,4,nonexistent,0,-0.039906,NEGATIVE
student,married,illiterate,unknown,unknown,unknown,telephone,apr,fri,-1,1532,12,36,4,nonexistent,1,0.005857,POSITIVE
housemaid,married,illiterate,unknown,unknown,unknown,telephone,apr,fri,-1,1512,12,36,4,nonexistent,0,-0.042101,NEGATIVE
housemaid,married,illiterate,unknown,unknown,unknown,telephone,apr,fri,-1,1512,12,36,4,nonexistent,1,0.007066,POSITIVE
unemployed,single,professional.course,unknown,unknown,unknown,telephone,may,(null),0,1555,9,46,6,success,0,-0.018776,NEGATIVE
unemployed,single,professional.course,unknown,unknown,unknown,telephone,may,(null),0,1555,9,46,6,success,1,0.016199,POSITIVE
admin.,divorced,basic.4y,no,no,no,cellular,jul,mon,-3,1408,11,40,0,failure,0,-0.013783,NEGATIVE
admin.,divorced,basic.4y,no,no,no,cellular,jul,mon,-3,1408,11,40,0,failure,1,0.036105,POSITIVE
self-employed,divorced,basic.4y,no,no,no,cellular,jul,mon,-3,1408,11,32,0,failure,0,-0.028326,NEGATIVE
self-employed,divorced,basic.4y,no,no,no,cellular,jul,mon,-3,1408,11,32,0,failure,1,0.021562,POSITIVE
student,married,basic.9y,no,no,no,cellular,sep,wed,-2,1462,8,42,2,nonexistent,0,-0.002642,NEGATIVE
student,married,basic.9y,no,no,no,cellular,sep,wed,-2,1462,8,42,2,nonexistent,1,0.032332,POSITIVE
student,married,high.school,unknown,unknown,unknown,telephone,oct,thu,-1,1427,9,35,3,nonexistent,0,-0.024917,NEGATIVE
student,married,high.school,unknown,unknown,unknown,telephone,oct,thu,-1,1427,9,35,3,nonexistent,1,0.022892,POSITIVE
housemaid,married,illiterate,unknown,unknown,unknown,telephone,oct,fri,-1,1461,9,36,4,nonexistent,0,-0.007435,NEGATIVE
housemaid,married,illiterate,unknown,unknown,unknown,telephone,oct,fri,-1,1461,9,36,4,nonexistent,1,0.040375,POSITIVE
self-employed,married,illiterate,unknown,unknown,unknown,telephone,apr,fri,-1,1454,10,40,4,nonexistent,0,-0.047522,NEGATIVE
self-employed,married,illiterate,unknown,unknown,unknown,telephone,apr,fri,-1,1454,10,40,4,nonexistent,1,0.000287,POSITIVE
student,married,illiterate,unknown,unknown,unknown,telephone,apr,fri,-1,1454,6,59,4,nonexistent,0,-0.001217,NEGATIVE
student,married,illiterate,unknown,unknown,unknown,telephone,apr,fri,-1,1454,6,59,4,nonexistent,1,0.000660,POSITIVE
student,single,professional.course,unknown,unknown,unknown,telephone,nov,(null),0,1469,6,45,5,success,0,-0.028147,NEGATIVE
student,single,professional.course,unknown,unknown,unknown,telephone,nov,(null),0,1469,6,45,5,success,1,0.005428,POSITIVE
unemployed,single,professional.course,unknown,unknown,unknown,telephone,nov,(null),0,1442,6,38,6,success,0,-0.020329,NEGATIVE
unemployed,single,professional.course,unknown,unknown,unknown,telephone,nov,(null),0,1442,6,38,6,success,1,0.013246,POSITIVE
housemaid,married,basic.9y,no,no,no,cellular,feb,wed,-2,1353,9,52,2,nonexistent,0,-0.002620,NEGATIVE
housemaid,married,basic.9y,no,no,no,cellular,feb,wed,-2,1353,9,52,2,nonexistent,1,0.029144,POSITIVE
entrepreneur,divorced,basic.6y,no,no,no,cellular,feb,tue,-3,1266,8,50,1,failure,0,-0.000836,NEGATIVE
entrepreneur,divorced,basic.6y,no,no,no,cellular,feb,tue,-3,1266,8,50,1,failure,1,0.030926,POSITIVE
admin.,divorced,basic.4y,no,no,no,cellular,jul,mon,-3,1330,11,32,0,failure,0,-0.039000,NEGATIVE
admin.,divorced,basic.4y,no,no,no,cellular,jul,mon,-3,1330,11,32,0,failure,1,0.010889,POSITIVE
management,married,basic.9y,no,no,no,cellular,sep,wed,-2,1360,8,37,2,nonexistent,0,-0.025195,NEGATIVE
management,married,basic.9y,no,no,no,cellular,sep,wed,-2,1360,8,37,2,nonexistent,1,0.022615,POSITIVE
retired,married,high.school,unknown,unknown,unknown,telephone,apr,thu,-1,1368,10,39,3,nonexistent,0,-0.023398,NEGATIVE
retired,married,high.school,unknown,unknown,unknown,telephone,apr,thu,-1,1368,10,39,3,nonexistent,1,0.022364,POSITIVE
self-employed,divorced,basic.4y,no,no,no,cellular,jul,mon,-3,1251,8,40,0,failure,0,-0.036759,NEGATIVE
self-employed,divorced,basic.4y,no,no,no,cellular,jul,mon,-3,1251,8,40,0,failure,1,0.011049,POSITIVE
housemaid,married,basic.9y,no,no,no,cellular,aug,wed,-2,1274,8,34,2,nonexistent,0,-0.003723,NEGATIVE
housemaid,married,basic.9y,no,no,no,cellular,aug,wed,-2,1274,8,34,2,nonexistent,1,0.042040,POSITIVE
management,married,basic.9y,no,no,no,cellular,mar,wed,-2,1282,9,37,2,nonexistent,0,-0.001672,NEGATIVE
management,married,basic.9y,no,no,no,cellular,mar,wed,-2,1282,9,37,2,nonexistent,1,0.044091,POSITIVE
self-employed,divorced,basic.6y,no,no,no,cellular,jul,tue,-3,1372,5,56,0,failure,0,-0.000721,NEGATIVE
self-employed,divorced,basic.6y,no,no,no,cellular,jul,tue,-3,1372,5,56,0,failure,1,0.000430,POSITIVE
management,single,professional.course,unknown,unknown,unknown,telephone,may,(null),0,1360,6,53,5,success,0,-0.000651,NEGATIVE
management,single,professional.course,unknown,unknown,unknown,telephone,may,(null),0,1360,6,53,5,success,1,0.000429,POSITIVE
housemaid,married,illiterate,unknown,unknown,unknown,telephone,oct,fri,-1,1356,6,44,4,nonexistent,0,-0.015146,NEGATIVE
housemaid,married,illiterate,unknown,unknown,unknown,telephone,oct,fri,-1,1356,6,44,4,nonexistent,1,0.018428,POSITIVE
technician,single,professional.course,unknown,unknown,unknown,telephone,nov,(null),0,1391,6,37,5,success,0,-0.001133,NEGATIVE
technician,single,professional.course,unknown,unknown,unknown,telephone,nov,(null),0,1391,6,37,5,success,1,0.032442,POSITIVE
management,single,professional.course,unknown,unknown,unknown,telephone,nov,(null),0,1364,6,38,6,success,0,-0.028185,NEGATIVE
management,single,professional.course,unknown,unknown,unknown,telephone,nov,(null),0,1364,6,38,6,success,1,0.002671,POSITIVE
technician,single,professional.course,unknown,unknown,unknown,telephone,may,(null),0,1313,6,45,5,success,0,-0.032346,NEGATIVE
technician,single,professional.course,unknown,unknown,unknown,telephone,may,(null),0,1313,6,45,5,success,1,0.000747,POSITIVE
student,married,basic.9y,no,no,no,cellular,sep,wed,-2,1540,11,26,2,nonexistent,0,-0.012342,NEGATIVE
student,married,basic.9y,no,no,no,cellular,sep,wed,-2,1540,11,26,2,nonexistent,1,0.037545,POSITIVE
self-employed,married,illiterate,unknown,unknown,unknown,telephone,oct,fri,-1,1532,12,20,4,nonexistent,0,-0.041408,NEGATIVE
self-employed,married,illiterate,unknown,unknown,unknown,telephone,oct,fri,-1,1532,12,20,4,nonexistent,1,0.008480,POSITIVE
student,single,professional.course,unknown,unknown,unknown,telephone,may,(null),0,1547,12,29,5,success,0,-0.012729,NEGATIVE
student,single,professional.course,unknown,unknown,unknown,telephone,may,(null),0,1547,12,29,5,success,1,0.037159,POSITIVE
housemaid,married,basic.9y,no,no,no,cellular,aug,wed,-2,1431,11,26,2,nonexistent,0,-0.040204,NEGATIVE
housemaid,married,basic.9y,no,no,no,cellular,aug,wed,-2,1431,11,26,2,nonexistent,1,0.009684,POSITIVE
student,married,basic.9y,no,no,no,cellular,sep,wed,-2,1462,11,18,2,nonexistent,0,-0.037560,NEGATIVE
student,married,basic.9y,no,no,no,cellular,sep,wed,-2,1462,11,18,2,nonexistent,1,0.012329,POSITIVE
housemaid,married,high.school,unknown,unknown,unknown,telephone,oct,thu,-1,1446,12,19,3,nonexistent,0,-0.020227,NEGATIVE
housemaid,married,high.school,unknown,unknown,unknown,telephone,oct,thu,-1,1446,12,19,3,nonexistent,1,0.029661,POSITIVE
student,single,professional.course,unknown,unknown,unknown,telephone,nov,(null),0,1469,9,27,5,success,0,-0.017688,NEGATIVE
student,single,professional.course,unknown,unknown,unknown,telephone,nov,(null),0,1469,9,27,5,success,1,0.030121,POSITIVE
services,married,illiterate,unknown,unknown,unknown,telephone,apr,fri,-1,1461,12,26,4,nonexistent,0,-0.041752,NEGATIVE
services,married,illiterate,unknown,unknown,unknown,telephone,apr,fri,-1,1461,12,26,4,nonexistent,1,0.008136,POSITIVE
technician,married,illiterate,unknown,unknown,unknown,telephone,oct,fri,-1,1539,12,12,4,nonexistent,0,-0.041966,NEGATIVE
technician,married,illiterate,unknown,unknown,unknown,telephone,oct,fri,-1,1539,12,12,4,nonexistent,1,0.007922,POSITIVE
management,single,professional.course,unknown,unknown,unknown,telephone,nov,(null),0,1520,12,6,6,success,0,-0.024178,NEGATIVE
management,single,professional.course,unknown,unknown,unknown,telephone,nov,(null),0,1520,12,6,6,success,1,0.032901,POSITIVE
student,married,high.school,unknown,unknown,unknown,telephone,oct,thu,-1,1446,12,11,3,nonexistent,0,-0.015525,NEGATIVE
student,married,high.school,unknown,unknown,unknown,telephone,oct,thu,-1,1446,12,11,3,nonexistent,1,0.041555,POSITIVE
housemaid,married,illiterate,unknown,unknown,unknown,telephone,oct,fri,-1,1430,12,12,4,nonexistent,0,-0.034258,NEGATIVE
housemaid,married,illiterate,unknown,unknown,unknown,telephone,oct,fri,-1,1430,12,12,4,nonexistent,1,0.022823,POSITIVE
services,married,illiterate,unknown,unknown,unknown,telephone,oct,fri,-1,1461,12,4,4,nonexistent,0,-0.025497,NEGATIVE
services,married,illiterate,unknown,unknown,unknown,telephone,oct,fri,-1,1461,12,4,4,nonexistent,1,0.031582,POSITIVE
blue-collar,married,basic.9y,no,no,no,cellular,aug,wed,-2,1341,11,18,2,nonexistent,0,-0.044336,NEGATIVE
blue-collar,married,basic.9y,no,no,no,cellular,aug,wed,-2,1341,11,18,2,nonexistent,1,0.012745,POSITIVE
student,married,high.school,unknown,unknown,unknown,telephone,oct,thu,-1,1349,9,27,3,nonexistent,0,-0.020457,NEGATIVE
student,married,high.school,unknown,unknown,unknown,telephone,oct,thu,-1,1349,9,27,3,nonexistent,1,0.027352,POSITIVE
housemaid,married,illiterate,unknown,unknown,unknown,telephone,oct,fri,-1,1383,9,28,4,nonexistent,0,-0.010601,NEGATIVE
housemaid,married,illiterate,unknown,unknown,unknown,telephone,oct,fri,-1,1383,9,28,4,nonexistent,1,0.040935,POSITIVE
management,single,professional.course,unknown,unknown,unknown,telephone,nov,(null),0,1360,9,21,5,success,0,-0.023417,NEGATIVE
management,single,professional.course,unknown,unknown,unknown,telephone,nov,(null),0,1360,9,21,5,success,1,0.028073,POSITIVE
retired,married,high.school,unknown,unknown,unknown,telephone,apr,thu,-1,1368,12,27,3,nonexistent,0,-0.036743,NEGATIVE
retired,married,high.school,unknown,unknown,unknown,telephone,apr,thu,-1,1368,12,27,3,nonexistent,1,0.013146,POSITIVE
blue-collar,divorced,basic.6y,no,no,no,cellular,jul,tue,-3,1258,11,17,0,failure,0,-0.032410,NEGATIVE
blue-collar,divorced,basic.6y,no,no,no,cellular,jul,tue,-3,1258,11,17,0,failure,1,0.024669,POSITIVE
self-employed,married,illiterate,unknown,unknown,unknown,telephone,oct,fri,-1,1297,9,20,4,nonexistent,0,-0.007474,NEGATIVE
self-employed,married,illiterate,unknown,unknown,unknown,telephone,oct,fri,-1,1297,9,20,4,nonexistent,1,0.042414,POSITIVE
services,divorced,basic.6y,no,no,no,cellular,feb,tue,-3,1258,11,25,1,failure,0,-0.015998,NEGATIVE
services,divorced,basic.6y,no,no,no,cellular,feb,tue,-3,1258,11,25,1,failure,1,0.033890,POSITIVE
student,married,basic.9y,no,no,no,cellular,mar,wed,-2,1282,11,18,2,nonexistent,0,-0.039759,NEGATIVE
student,married,basic.9y,no,no,no,cellular,mar,wed,-2,1282,11,18,2,nonexistent,1,0.010130,POSITIVE
housemaid,married,illiterate,unknown,unknown,unknown,telephone,apr,fri,-1,1313,12,20,4,nonexistent,0,-0.045840,NEGATIVE
housemaid,married,illiterate,unknown,unknown,unknown,telephone,apr,fri,-1,1313,12,20,4,nonexistent,1,0.004048,POSITIVE
housemaid,married,high.school,unknown,unknown,unknown,telephone,apr,thu,-1,1270,12,19,3,nonexistent,0,-0.013331,NEGATIVE
housemaid,married,high.school,unknown,unknown,unknown,telephone,apr,thu,-1,1270,12,19,3,nonexistent,1,0.043748,POSITIVE
technician,single,professional.course,unknown,unknown,unknown,telephone,may,(null),0,1321,9,29,5,success,0,-0.038327,NEGATIVE
technician,single,professional.course,unknown,unknown,unknown,telephone,may,(null),0,1321,9,29,5,success,1,0.009482,POSITIVE
management,married,basic.9y,no,no,no,cellular,sep,wed,-2,1360,11,10,2,nonexistent,0,-0.012846,NEGATIVE
management,married,basic.9y,no,no,no,cellular,sep,wed,-2,1360,11,10,2,nonexistent,1,0.044233,POSITIVE
student,married,high.school,unknown,unknown,unknown,telephone,oct,thu,-1,1388,12,3,3,nonexistent,0,-0.023139,NEGATIVE
student,married,high.school,unknown,unknown,unknown,telephone,oct,thu,-1,1388,12,3,3,nonexistent,1,0.033941,POSITIVE
student,married,basic.9y,no,no,no,cellular,sep,wed,-2,1345,11,2,2,nonexistent,0,-0.002606,NEGATIVE
student,married,basic.9y,no,no,no,cellular,sep,wed,-2,1345,11,2,2,nonexistent,1,0.054474,POSITIVE
housemaid,married,illiterate,unknown,unknown,unknown,telephone,oct,fri,-1,1376,12,4,4,nonexistent,0,-0.022818,NEGATIVE
housemaid,married,illiterate,unknown,unknown,unknown,telephone,oct,fri,-1,1376,12,4,4,nonexistent,1,0.034262,POSITIVE
technician,single,professional.course,unknown,unknown,unknown,telephone,nov,(null),0,1399,9,14,6,success,0,-0.003056,NEGATIVE
technician,single,professional.course,unknown,unknown,unknown,telephone,nov,(null),0,1399,9,14,6,success,1,0.048480,POSITIVE
student,single,professional.course,unknown,unknown,unknown,telephone,may,(null),0,1391,12,11,5,success,0,-0.005784,NEGATIVE
student,single,professional.course,unknown,unknown,unknown,telephone,may,(null),0,1391,12,11,5,success,1,0.051296,POSITIVE
self-employed,divorced,basic.6y,no,no,no,cellular,jul,tue,-3,1258,11,8,0,failure,0,-0.014006,NEGATIVE
self-employed,divorced,basic.6y,no,no,no,cellular,jul,tue,-3,1258,11,8,0,failure,1,0.043075,POSITIVE
entrepreneur,married,basic.9y,no,no,no,cellular,sep,wed,-2,1282,11,2,2,nonexistent,0,-0.012139,NEGATIVE
entrepreneur,married,basic.9y,no,no,no,cellular,sep,wed,-2,1282,11,2,2,nonexistent,1,0.044941,POSITIVE
technician,married,illiterate,unknown,unknown,unknown,telephone,oct,fri,-1,1305,9,12,4,nonexistent,0,-0.007514,NEGATIVE
technician,married,illiterate,unknown,unknown,unknown,telephone,oct,fri,-1,1305,9,12,4,nonexistent,1,0.042374,POSITIVE
management,single,professional.course,unknown,unknown,unknown,telephone,nov,(null),0,1282,9,13,5,success,0,-0.049669,NEGATIVE
management,single,professional.course,unknown,unknown,unknown,telephone,nov,(null),0,1282,9,13,5,success,1,0.000220,POSITIVE
technician,single,professional.course,unknown,unknown,unknown,telephone,nov,(null),0,1321,9,6,6,success,0,-0.032342,NEGATIVE
technician,single,professional.course,unknown,unknown,unknown,telephone,nov,(null),0,1321,9,6,6,success,1,0.018348,POSITIVE
student,married,illiterate,unknown,unknown,unknown,telephone,apr,fri,-1,1313,12,12,4,nonexistent,0,-0.046160,NEGATIVE
student,married,illiterate,unknown,unknown,unknown,telephone,apr,fri,-1,1313,12,12,4,nonexistent,1,0.010919,POSITIVE
student,married,high.school,unknown,unknown,unknown,telephone,apr,thu,-1,1270,12,11,3,nonexistent,0,-0.028072,NEGATIVE
student,married,high.school,unknown,unknown,unknown,telephone,apr,thu,-1,1270,12,11,3,nonexistent,1,0.029009,POSITIVE
housemaid,married,illiterate,unknown,unknown,unknown,telephone,apr,fri,-1,1305,12,12,4,nonexistent,0,-0.033578,NEGATIVE
housemaid,married,illiterate,unknown,unknown,unknown,telephone,apr,fri,-1,1305,12,12,4,nonexistent,1,0.023501,POSITIVE
technician,married,illiterate,unknown,unknown,unknown,telephone,apr,fri,-1,1305,12,4,4,nonexistent,0,-0.037666,NEGATIVE
technician,married,illiterate,unknown,unknown,unknown,telephone,apr,fri,-1,1305,12,4,4,nonexistent,1,0.019414,POSITIVE
self-employed,divorced,basic.4y,no,no,no,cellular,jan,mon,-3,1173,8,48,0,failure,0,-0.022964,NEGATIVE
self-employed,divorced,basic.4y,no,no,no,cellular,jan,mon,-3,1173,8,48,0,failure,1,0.008799,POSITIVE
blue-collar,divorced,basic.6y,no,no,no,cellular,jul,tue,-3,1180,8,33,0,failure,0,-0.039069,NEGATIVE
blue-collar,divorced,basic.6y,no,no,no,cellular,jul,tue,-3,1180,8,33,0,failure,1,0.006694,POSITIVE
services,divorced,basic.6y,no,no,no,cellular,feb,tue,-3,1180,8,41,1,failure,0,-0.013540,NEGATIVE
services,divorced,basic.6y,no,no,no,cellular,feb,tue,-3,1180,8,41,1,failure,1,0.029425,POSITIVE
entrepreneur,married,basic.9y,no,no,no,cellular,mar,wed,-2,1203,8,42,2,nonexistent,0,-0.037399,NEGATIVE
entrepreneur,married,basic.9y,no,no,no,cellular,mar,wed,-2,1203,8,42,2,nonexistent,1,0.010410,POSITIVE
retired,married,high.school,unknown,unknown,unknown,telephone,apr,thu,-1,1211,9,35,3,nonexistent,0,-0.026996,NEGATIVE
retired,married,high.school,unknown,unknown,unknown,telephone,apr,thu,-1,1211,9,35,3,nonexistent,1,0.020813,POSITIVE
admin.,divorced,basic.4y,no,no,no,cellular,jul,mon,-3,1095,8,32,0,failure,0,-0.014096,NEGATIVE
admin.,divorced,basic.4y,no,no,no,cellular,jul,mon,-3,1095,8,32,0,failure,1,0.031666,POSITIVE
housemaid,married,basic.9y,no,no,no,cellular,feb,wed,-2,1118,8,36,2,nonexistent,0,-0.025561,NEGATIVE
housemaid,married,basic.9y,no,no,no,cellular,feb,wed,-2,1118,8,36,2,nonexistent,1,0.020201,POSITIVE
blue-collar,divorced,basic.6y,no,no,no,cellular,aug,tue,-3,1180,1,57,1,failure,0,-0.000472,NEGATIVE
blue-collar,divorced,basic.6y,no,no,no,cellular,aug,tue,-3,1180,1,57,1,failure,1,0.000072,POSITIVE
student,married,high.school,unknown,unknown,unknown,telephone,oct,thu,-1,1231,6,35,3,nonexistent,0,-0.009906,NEGATIVE
student,married,high.school,unknown,unknown,unknown,telephone,oct,thu,-1,1231,6,35,3,nonexistent,1,0.023670,POSITIVE
technician,married,illiterate,unknown,unknown,unknown,telephone,apr,fri,-1,1160,6,36,4,nonexistent,0,-0.032716,NEGATIVE
technician,married,illiterate,unknown,unknown,unknown,telephone,apr,fri,-1,1160,6,36,4,nonexistent,1,0.000860,POSITIVE
blue-collar,divorced,basic.6y,no,no,no,cellular,feb,tue,-3,1024,8,33,0,failure,0,-0.024343,NEGATIVE
blue-collar,divorced,basic.6y,no,no,no,cellular,feb,tue,-3,1024,8,33,0,failure,1,0.021419,POSITIVE
management,married,basic.9y,no,no,no,cellular,sep,wed,-2,1047,3,37,2,nonexistent,0,-0.000917,NEGATIVE
management,married,basic.9y,no,no,no,cellular,sep,wed,-2,1047,3,37,2,nonexistent,1,0.000162,POSITIVE
student,married,high.school,unknown,unknown,unknown,telephone,apr,thu,-1,1055,6,35,3,nonexistent,0,-0.023733,NEGATIVE
student,married,high.school,unknown,unknown,unknown,telephone,apr,thu,-1,1055,6,35,3,nonexistent,1,0.009843,POSITIVE
housemaid,married,illiterate,unknown,unknown,unknown,telephone,apr,fri,-1,1082,6,36,4,nonexistent,0,-0.006987,NEGATIVE
housemaid,married,illiterate,unknown,unknown,unknown,telephone,apr,fri,-1,1082,6,36,4,nonexistent,1,0.012938,POSITIVE
services,married,basic.9y,no,no,no,cellular,feb,wed,-2,950,5,34,2,nonexistent,0,-0.008486,NEGATIVE
services,married,basic.9y,no,no,no,cellular,feb,wed,-2,950,5,34,2,nonexistent,1,0.018826,POSITIVE
admin.,divorced,basic.4y,no,no,no,cellular,jul,mon,-3,1212,11,16,0,failure,0,-0.014744,NEGATIVE
admin.,divorced,basic.4y,no,no,no,cellular,jul,mon,-3,1212,11,16,0,failure,1,0.064686,POSITIVE
management,married,basic.9y,no,no,no,cellular,sep,wed,-2,1203,8,21,2,nonexistent,0,-0.043406,NEGATIVE
management,married,basic.9y,no,no,no,cellular,sep,wed,-2,1203,8,21,2,nonexistent,1,0.006483,POSITIVE
retired,married,high.school,unknown,unknown,unknown,telephone,apr,thu,-1,1211,10,23,3,nonexistent,0,-0.036523,NEGATIVE
retired,married,high.school,unknown,unknown,unknown,telephone,apr,thu,-1,1211,10,23,3,nonexistent,1,0.013365,POSITIVE
self-employed,divorced,basic.4y,no,no,no,cellular,jul,mon,-3,1095,8,24,0,failure,0,-0.022714,NEGATIVE
self-employed,divorced,basic.4y,no,no,no,cellular,jul,mon,-3,1095,8,24,0,failure,1,0.027174,POSITIVE
housemaid,married,basic.9y,no,no,no,cellular,aug,wed,-2,1118,8,18,2,nonexistent,0,-0.034591,NEGATIVE
housemaid,married,basic.9y,no,no,no,cellular,aug,wed,-2,1118,8,18,2,nonexistent,1,0.015297,POSITIVE
management,married,basic.9y,no,no,no,cellular,mar,wed,-2,1125,9,21,2,nonexistent,0,-0.016543,NEGATIVE
management,married,basic.9y,no,no,no,cellular,mar,wed,-2,1125,9,21,2,nonexistent,1,0.033345,POSITIVE
blue-collar,divorced,basic.6y,no,no,no,cellular,jul,tue,-3,1180,11,1,0,failure,0,-0.050849,NEGATIVE
blue-collar,divorced,basic.6y,no,no,no,cellular,jul,tue,-3,1180,11,1,0,failure,1,0.030323,POSITIVE
self-employed,married,illiterate,unknown,unknown,unknown,telephone,oct,fri,-1,1219,9,12,4,nonexistent,0,-0.035796,NEGATIVE
self-employed,married,illiterate,unknown,unknown,unknown,telephone,oct,fri,-1,1219,9,12,4,nonexistent,1,0.014092,POSITIVE
technician,married,illiterate,unknown,unknown,unknown,telephone,oct,fri,-1,1226,9,4,4,nonexistent,0,-0.036354,NEGATIVE
technician,married,illiterate,unknown,unknown,unknown,telephone,oct,fri,-1,1226,9,4,4,nonexistent,1,0.013534,POSITIVE
retired,married,high.school,unknown,unknown,unknown,telephone,apr,thu,-1,1211,12,7,3,nonexistent,0,-0.017444,NEGATIVE
retired,married,high.school,unknown,unknown,unknown,telephone,apr,thu,-1,1211,12,7,3,nonexistent,1,0.039636,POSITIVE
student,married,basic.9y,no,no,no,cellular,sep,wed,-2,1149,8,10,2,nonexistent,0,-0.031947,NEGATIVE
student,married,basic.9y,no,no,no,cellular,sep,wed,-2,1149,8,10,2,nonexistent,1,0.017941,POSITIVE
housemaid,married,high.school,unknown,unknown,unknown,telephone,oct,thu,-1,1133,9,11,3,nonexistent,0,-0.014615,NEGATIVE
housemaid,married,high.school,unknown,unknown,unknown,telephone,oct,thu,-1,1133,9,11,3,nonexistent,1,0.035273,POSITIVE
student,married,high.school,unknown,unknown,unknown,telephone,oct,thu,-1,1133,9,3,3,nonexistent,0,-0.017383,NEGATIVE
student,married,high.school,unknown,unknown,unknown,telephone,oct,thu,-1,1133,9,3,3,nonexistent,1,0.039697,POSITIVE
housemaid,married,illiterate,unknown,unknown,unknown,telephone,oct,fri,-1,1117,9,4,4,nonexistent,0,-0.036115,NEGATIVE
housemaid,married,illiterate,unknown,unknown,unknown,telephone,oct,fri,-1,1117,9,4,4,nonexistent,1,0.020965,POSITIVE
admin.,divorced,basic.4y,no,no,no,cellular,jan,mon,-3,1095,11,0,0,failure,0,-0.028097,NEGATIVE
admin.,divorced,basic.4y,no,no,no,cellular,jan,mon,-3,1095,11,0,0,failure,1,0.020632,POSITIVE
student,single,professional.course,unknown,unknown,unknown,telephone,may,(null),0,1156,9,13,5,success,0,-0.032334,NEGATIVE
student,single,professional.course,unknown,unknown,unknown,telephone,may,(null),0,1156,9,13,5,success,1,0.017554,POSITIVE
admin.,divorced,basic.4y,no,no,no,cellular,jul,mon,-3,1017,8,24,0,failure,0,-0.033388,NEGATIVE
admin.,divorced,basic.4y,no,no,no,cellular,jul,mon,-3,1017,8,24,0,failure,1,0.016500,POSITIVE
self-employed,divorced,basic.4y,no,no,no,cellular,jul,mon,-3,1017,8,16,0,failure,0,-0.047931,NEGATIVE
self-employed,divorced,basic.4y,no,no,no,cellular,jul,mon,-3,1017,8,16,0,failure,1,0.001956,POSITIVE
services,married,basic.9y,no,no,no,cellular,feb,wed,-2,1067,8,26,2,nonexistent,0,-0.039206,NEGATIVE
services,married,basic.9y,no,no,no,cellular,feb,wed,-2,1067,8,26,2,nonexistent,1,0.006557,POSITIVE
entrepreneur,married,basic.9y,no,no,no,cellular,mar,wed,-2,1047,8,26,2,nonexistent,0,-0.017474,NEGATIVE
entrepreneur,married,basic.9y,no,no,no,cellular,mar,wed,-2,1047,8,26,2,nonexistent,1,0.029498,POSITIVE
retired,married,high.school,unknown,unknown,unknown,telephone,apr,thu,-1,1055,9,19,3,nonexistent,0,-0.031130,NEGATIVE
retired,married,high.school,unknown,unknown,unknown,telephone,apr,thu,-1,1055,9,19,3,nonexistent,1,0.018758,POSITIVE
housemaid,married,basic.9y,no,no,no,cellular,feb,wed,-2,962,8,20,2,nonexistent,0,-0.026121,NEGATIVE
housemaid,married,basic.9y,no,no,no,cellular,feb,wed,-2,962,8,20,2,nonexistent,1,0.023767,POSITIVE
blue-collar,married,basic.9y,no,no,no,cellular,aug,wed,-2,1028,8,10,2,nonexistent,0,-0.046194,NEGATIVE
blue-collar,married,basic.9y,no,no,no,cellular,aug,wed,-2,1028,8,10,2,nonexistent,1,0.010886,POSITIVE
management,married,basic.9y,no,no,no,cellular,sep,wed,-2,1047,8,2,2,nonexistent,0,-0.014704,NEGATIVE
management,married,basic.9y,no,no,no,cellular,sep,wed,-2,1047,8,2,2,nonexistent,1,0.042376,POSITIVE
self-employed,divorced,basic.4y,no,no,no,cellular,jan,mon,-3,1056,11,8,0,failure,0,-0.075640,NEGATIVE
self-employed,divorced,basic.4y,no,no,no,cellular,jan,mon,-3,1056,11,8,0,failure,1,0.001333,POSITIVE
self-employed,divorced,basic.4y,no,no,no,cellular,jan,mon,-3,1056,11,0,0,failure,0,-0.069309,NEGATIVE
self-employed,divorced,basic.4y,no,no,no,cellular,jan,mon,-3,1056,11,0,0,failure,1,0.009221,POSITIVE
management,single,professional.course,unknown,unknown,unknown,telephone,may,(null),0,1086,9,6,6,success,0,-0.047581,NEGATIVE
management,single,professional.course,unknown,unknown,unknown,telephone,may,(null),0,1086,9,6,6,success,1,0.009499,POSITIVE
housemaid,married,basic.9y,no,no,no,cellular,apr,wed,-2,962,9,4,2,nonexistent,0,-0.036883,NEGATIVE
housemaid,married,basic.9y,no,no,no,cellular,apr,wed,-2,962,9,4,2,nonexistent,1,0.020196,POSITIVE
technician,married,illiterate,unknown,unknown,unknown,telephone,oct,fri,-1,1238,6,28,4,nonexistent,0,-0.017184,NEGATIVE
technician,married,illiterate,unknown,unknown,unknown,telephone,oct,fri,-1,1238,6,28,4,nonexistent,1,0.017790,POSITIVE
technician,single,professional.course,unknown,unknown,unknown,telephone,nov,(null),0,1203,6,21,5,success,0,-0.007406,NEGATIVE
technician,single,professional.course,unknown,unknown,unknown,telephone,nov,(null),0,1203,6,21,5,success,1,0.027568,POSITIVE
housemaid,married,illiterate,unknown,unknown,unknown,telephone,oct,fri,-1,1160,6,28,4,nonexistent,0,-0.008275,NEGATIVE
housemaid,married,illiterate,unknown,unknown,unknown,telephone,oct,fri,-1,1160,6,28,4,nonexistent,1,0.026698,POSITIVE
technician,married,illiterate,unknown,unknown,unknown,telephone,oct,fri,-1,1148,6,20,4,nonexistent,0,-0.009999,NEGATIVE
technician,married,illiterate,unknown,unknown,unknown,telephone,oct,fri,-1,1148,6,20,4,nonexistent,1,0.024976,POSITIVE
management,single,professional.course,unknown,unknown,unknown,telephone,nov,(null),0,1125,6,21,5,success,0,-0.009134,NEGATIVE
management,single,professional.course,unknown,unknown,unknown,telephone,nov,(null),0,1125,6,21,5,success,1,0.025840,POSITIVE
technician,single,professional.course,unknown,unknown,unknown,telephone,may,(null),0,1164,6,30,6,success,0,-0.005015,NEGATIVE
technician,single,professional.course,unknown,unknown,unknown,telephone,may,(null),0,1164,6,30,6,success,1,0.036897,POSITIVE
unemployed,single,professional.course,unknown,unknown,unknown,telephone,nov,(null),0,1164,6,14,6,success,0,-0.034625,NEGATIVE
unemployed,single,professional.course,unknown,unknown,unknown,telephone,nov,(null),0,1164,6,14,6,success,1,0.018538,POSITIVE
housemaid,married,illiterate,unknown,unknown,unknown,telephone,oct,fri,-1,1070,6,20,4,nonexistent,0,-0.001089,NEGATIVE
housemaid,married,illiterate,unknown,unknown,unknown,telephone,oct,fri,-1,1070,6,20,4,nonexistent,1,0.033885,POSITIVE
management,married,basic.9y,no,no,no,cellular,sep,wed,-2,969,5,21,2,nonexistent,0,-0.017406,NEGATIVE
management,married,basic.9y,no,no,no,cellular,sep,wed,-2,969,5,21,2,nonexistent,1,0.030403,POSITIVE
student,single,professional.course,unknown,unknown,unknown,telephone,nov,(null),0,1078,6,11,5,success,0,-0.028555,NEGATIVE
student,single,professional.course,unknown,unknown,unknown,telephone,nov,(null),0,1078,6,11,5,success,1,0.013512,POSITIVE
student,married,high.school,unknown,unknown,unknown,telephone,oct,thu,-1,958,6,11,3,nonexistent,0,-0.028631,NEGATIVE
student,married,high.school,unknown,unknown,unknown,telephone,oct,thu,-1,958,6,11,3,nonexistent,1,0.022905,POSITIVE
housemaid,married,illiterate,unknown,unknown,unknown,telephone,oct,fri,-1,992,6,12,4,nonexistent,0,-0.024705,NEGATIVE
housemaid,married,illiterate,unknown,unknown,unknown,telephone,oct,fri,-1,992,6,12,4,nonexistent,1,0.026831,POSITIVE
management,single,professional.course,unknown,unknown,unknown,telephone,nov,(null),0,969,6,5,5,success,0,-0.037567,NEGATIVE
management,single,professional.course,unknown,unknown,unknown,telephone,nov,(null),0,969,6,5,5,success,1,0.013968,POSITIVE
admin.,divorced,basic.6y,no,no,no,cellular,jan,tue,-3,864,5,40,0,failure,0,0.004214,POSITIVE
admin.,divorced,basic.6y,no,no,no,cellular,jan,tue,-3,864,5,40,0,failure,1,-0.004098,NEGATIVE
housemaid,married,basic.9y,no,no,no,cellular,feb,wed,-2,884,5,34,2,nonexistent,0,-0.007609,NEGATIVE
housemaid,married,basic.9y,no,no,no,cellular,feb,wed,-2,884,5,34,2,nonexistent,1,0.011320,POSITIVE
admin.,divorced,basic.6y,no,no,no,cellular,jan,tue,-3,747,5,32,0,failure,0,-0.017666,NEGATIVE
admin.,divorced,basic.6y,no,no,no,cellular,jan,tue,-3,747,5,32,0,failure,1,0.001263,POSITIVE
blue-collar,divorced,basic.6y,no,no,no,cellular,feb,tue,-3,868,8,17,0,failure,0,-0.051469,NEGATIVE
blue-collar,divorced,basic.6y,no,no,no,cellular,feb,tue,-3,868,8,17,0,failure,1,0.000369,POSITIVE
admin.,divorced,basic.4y,no,no,no,cellular,jan,mon,-3,822,8,16,0,failure,0,-0.010178,NEGATIVE
admin.,divorced,basic.4y,no,no,no,cellular,jan,mon,-3,822,8,16,0,failure,1,0.066744,POSITIVE
admin.,divorced,basic.4y,no,no,no,cellular,jul,mon,-3,861,8,0,0,failure,0,-0.064753,NEGATIVE
admin.,divorced,basic.4y,no,no,no,cellular,jul,mon,-3,861,8,0,0,failure,1,0.015660,POSITIVE
management,married,basic.9y,no,no,no,cellular,mar,wed,-2,891,8,5,2,nonexistent,0,-0.040816,NEGATIVE
management,married,basic.9y,no,no,no,cellular,mar,wed,-2,891,8,5,2,nonexistent,1,0.016264,POSITIVE
admin.,divorced,basic.4y,no,no,no,cellular,jan,mon,-3,783,8,0,0,failure,0,-0.013248,NEGATIVE
admin.,divorced,basic.4y,no,no,no,cellular,jan,mon,-3,783,8,0,0,failure,1,0.035250,POSITIVE
self-employed,divorced,basic.4y,no,no,no,cellular,jan,mon,-3,744,8,0,0,failure,0,-0.042686,NEGATIVE
self-employed,divorced,basic.4y,no,no,no,cellular,jan,mon,-3,744,8,0,0,failure,1,0.036211,POSITIVE
self-employed,divorced,basic.4y,no,no,no,cellular,jul,mon,-3,861,5,24,0,failure,0,-0.023650,NEGATIVE
self-employed,divorced,basic.4y,no,no,no,cellular,jul,mon,-3,861,5,24,0,failure,1,0.024159,POSITIVE
entrepreneur,married,basic.9y,no,no,no,cellular,sep,wed,-2,915,5,18,2,nonexistent,0,-0.005534,NEGATIVE
entrepreneur,married,basic.9y,no,no,no,cellular,sep,wed,-2,915,5,18,2,nonexistent,1,0.046002,POSITIVE
retired,married,high.school,unknown,unknown,unknown,telephone,jul,thu,-1,821,4,23,3,nonexistent,0,-0.026485,NEGATIVE
retired,married,high.school,unknown,unknown,unknown,telephone,jul,thu,-1,821,4,23,3,nonexistent,1,0.007089,POSITIVE
self-employed,married,illiterate,unknown,unknown,unknown,telephone,aug,fri,-1,875,6,8,4,nonexistent,0,-0.037813,NEGATIVE
self-employed,married,illiterate,unknown,unknown,unknown,telephone,aug,fri,-1,875,6,8,4,nonexistent,1,0.013723,POSITIVE
technician,single,professional.course,unknown,unknown,unknown,telephone,nov,(null),0,922,3,13,6,success,0,-0.035386,NEGATIVE
technician,single,professional.course,unknown,unknown,unknown,telephone,nov,(null),0,922,3,13,6,success,1,0.020889,POSITIVE
admin.,divorced,basic.4y,no,no,no,cellular,jul,mon,-3,705,5,16,0,failure,0,-0.022601,NEGATIVE
admin.,divorced,basic.4y,no,no,no,cellular,jul,mon,-3,705,5,16,0,failure,1,0.027287,POSITIVE
housemaid,married,basic.9y,no,no,no,cellular,feb,wed,-2,728,5,20,2,nonexistent,0,-0.015411,NEGATIVE
housemaid,married,basic.9y,no,no,no,cellular,feb,wed,-2,728,5,20,2,nonexistent,1,0.032398,POSITIVE
entrepreneur,divorced,basic.6y,no,no,no,cellular,feb,tue,-3,641,5,17,1,failure,0,-0.033087,NEGATIVE
entrepreneur,divorced,basic.6y,no,no,no,cellular,feb,tue,-3,641,5,17,1,failure,1,0.012676,POSITIVE
self-employed,married,illiterate,unknown,unknown,unknown,telephone,aug,fri,-1,751,4,8,4,nonexistent,0,-0.036955,NEGATIVE
self-employed,married,illiterate,unknown,unknown,unknown,telephone,aug,fri,-1,751,4,8,4,nonexistent,1,0.005073,POSITIVE
blue-collar,divorced,basic.6y,no,no,no,cellular,jul,tue,-3,633,5,1,0,failure,0,-0.031242,NEGATIVE
blue-collar,divorced,basic.6y,no,no,no,cellular,jul,tue,-3,633,5,1,0,failure,1,0.025838,POSITIVE
student,married,basic.9y,no,no,no,cellular,sep,wed,-2,657,2,10,2,nonexistent,0,-0.018270,NEGATIVE
student,married,basic.9y,no,no,no,cellular,sep,wed,-2,657,2,10,2,nonexistent,1,0.010902,POSITIVE
services,married,basic.9y,no,no,no,cellular,feb,wed,-2,677,5,10,2,nonexistent,0,-0.035607,NEGATIVE
services,married,basic.9y,no,no,no,cellular,feb,wed,-2,677,5,10,2,nonexistent,1,0.014281,POSITIVE
entrepreneur,married,basic.9y,no,no,no,cellular,mar,wed,-2,657,5,10,2,nonexistent,0,-0.035010,NEGATIVE
entrepreneur,married,basic.9y,no,no,no,cellular,mar,wed,-2,657,5,10,2,nonexistent,1,0.014877,POSITIVE
retired,married,high.school,unknown,unknown,unknown,telephone,apr,thu,-1,665,6,3,3,nonexistent,0,-0.050044,NEGATIVE
retired,married,high.school,unknown,unknown,unknown,telephone,apr,thu,-1,665,6,3,3,nonexistent,1,0.001740,POSITIVE
student,single,professional.course,unknown,unknown,unknown,telephone,may,(null),0,688,3,11,5,success,0,-0.014829,NEGATIVE
student,single,professional.course,unknown,unknown,unknown,telephone,may,(null),0,688,3,11,5,success,1,0.041446,POSITIVE
admin.,divorced,basic.4y,no,no,no,cellular,jan,mon,-3,470,5,0,0,failure,0,-0.001491,NEGATIVE
admin.,divorced,basic.4y,no,no,no,cellular,jan,mon,-3,470,5,0,0,failure,1,0.047417,POSITIVE
services,married,basic.9y,no,no,no,cellular,aug,wed,-2,598,1,10,2,nonexistent,0,-0.003851,NEGATIVE
services,married,basic.9y,no,no,no,cellular,aug,wed,-2,598,1,10,2,nonexistent,1,0.023836,POSITIVE
retired,married,high.school,unknown,unknown,unknown,telephone,oct,thu,-1,586,2,3,3,nonexistent,0,-0.009560,NEGATIVE
retired,married,high.school,unknown,unknown,unknown,telephone,oct,thu,-1,586,2,3,3,nonexistent,1,0.043404,POSITIVE
management,single,professional.course,unknown,unknown,unknown,telephone,may,(null),0,617,3,6,6,success,0,-0.014278,NEGATIVE
management,single,professional.course,unknown,unknown,unknown,telephone,may,(null),0,617,3,6,6,success,1,0.023452,POSITIVE
self-employed,divorced,basic.6y,no,no,no,cellular,jul,tue,-3,477,1,8,0,failure,0,-0.004627,NEGATIVE
self-employed,divorced,basic.6y,no,no,no,cellular,jul,tue,-3,477,1,8,0,failure,1,0.023059,POSITIVE
entrepreneur,married,basic.9y,no,no,no,cellular,sep,wed,-2,485,2,2,2,nonexistent,0,-0.035098,NEGATIVE
entrepreneur,married,basic.9y,no,no,no,cellular,sep,wed,-2,485,2,2,2,nonexistent,1,0.006732,POSITIVE
student,married,high.school,unknown,unknown,unknown,telephone,apr,thu,-1,450,2,3,3,nonexistent,0,-0.028548,NEGATIVE
student,married,high.school,unknown,unknown,unknown,telephone,apr,thu,-1,450,2,3,3,nonexistent,1,0.009181,POSITIVE
blue-collar,divorced,basic.6y,no,no,no,cellular,aug,tue,-3,360,1,1,1,failure,0,-0.030725,NEGATIVE
blue-collar,divorced,basic.6y,no,no,no,cellular,aug,tue,-3,360,1,1,1,failure,1,0.011227,POSITIVE
admin.,divorced,basic.4y,no,no,no,cellular,jan,mon,-3,235,3,0,0,failure,0,-0.016707,NEGATIVE
admin.,divorced,basic.4y,no,no,no,cellular,jan,mon,-3,235,3,0,0,failure,1,0.011395,POSITIVE
